Time,Displacement,Force
(s),(mm),(kN)
"0.0000","0.0000","-0.0005"
"0.0200","0.0000","-0.0005"
"0.0400","0.0000","-0.0005"
"0.0600","0.0000","-0.0004"
"0.0800","0.0000","-0.0005"
"0.1000","0.0000","-0.0005"
"0.1200","0.0000","-0.0004"
"0.1400","0.0001","-0.0004"
"0.1600","0.0001","-0.0004"
"0.1800","0.0001","-0.0004"
"0.2000","0.0001","-0.0004"
"0.2200","0.0001","-0.0005"
"0.2400","0.0001","-0.0004"
"0.2600","0.0001","-0.0004"
"0.2800","0.0001","-0.0004"
"0.3000","0.0002","-0.0004"
"0.3200","0.0002","-0.0004"
"0.3400","0.0002","-0.0003"
"0.3600","0.0003","-0.0002"
"0.3800","0.0003","-0.0002"
"0.4000","0.0004","-0.0001"
"0.4200","0.0005","0.0000"
"0.4400","0.0006","0.0001"
"0.4600","0.0007","0.0003"
"0.4800","0.0008","0.0005"
"0.5000","0.0010","0.0007"
"0.5200","0.0012","0.0009"
"0.5400","0.0014","0.0012"
"0.5600","0.0017","0.0015"
"0.5800","0.0020","0.0019"
"0.6000","0.0024","0.0025"
"0.6200","0.0028","0.0030"
"0.6400","0.0033","0.0034"
"0.6600","0.0038","0.0038"
"0.6800","0.0043","0.0044"
"0.7000","0.0049","0.0050"
"0.7200","0.0055","0.0055"
"0.7400","0.0061","0.0061"
"0.7600","0.0068","0.0066"
"0.7800","0.0074","0.0071"
"0.8000","0.0080","0.0076"
"0.8200","0.0086","0.0081"
"0.8400","0.0092","0.0086"
"0.8600","0.0100","0.0092"
"0.8800","0.0108","0.0098"
"0.9000","0.0116","0.0104"
"0.9200","0.0125","0.0110"
"0.9400","0.0136","0.0118"
"0.9600","0.0148","0.0126"
"0.9800","0.0160","0.0134"
"1.0000","0.0172","0.0142"
"1.0200","0.0185","0.0150"
"1.0400","0.0198","0.0160"
"1.0600","0.0212","0.0171"
"1.0800","0.0228","0.0182"
"1.1000","0.0245","0.0194"
"1.1200","0.0262","0.0205"
"1.1400","0.0278","0.0216"
"1.1600","0.0295","0.0227"
"1.1800","0.0313","0.0242"
"1.2000","0.0332","0.0257"
"1.2200","0.0351","0.0271"
"1.2400","0.0370","0.0285"
"1.2600","0.0389","0.0300"
"1.2800","0.0408","0.0316"
"1.3000","0.0427","0.0332"
"1.3200","0.0446","0.0347"
"1.3400","0.0465","0.0365"
"1.3600","0.0486","0.0384"
"1.3800","0.0506","0.0402"
"1.4000","0.0526","0.0419"
"1.4200","0.0546","0.0437"
"1.4400","0.0566","0.0457"
"1.4600","0.0585","0.0475"
"1.4800","0.0603","0.0492"
"1.5000","0.0622","0.0510"
"1.5200","0.0641","0.0530"
"1.5400","0.0660","0.0552"
"1.5600","0.0678","0.0572"
"1.5800","0.0695","0.0591"
"1.6000","0.0711","0.0611"
"1.6200","0.0726","0.0631"
"1.6400","0.0742","0.0653"
"1.6600","0.0758","0.0675"
"1.6800","0.0774","0.0697"
"1.7000","0.0788","0.0718"
"1.7200","0.0802","0.0739"
"1.7400","0.0815","0.0760"
"1.7600","0.0828","0.0781"
"1.7800","0.0841","0.0804"
"1.8000","0.0853","0.0826"
"1.8200","0.0865","0.0847"
"1.8400","0.0875","0.0864"
"1.8600","0.0884","0.0878"
"1.8800","0.0893","0.0891"
"1.9000","0.0901","0.0907"
"1.9200","0.0909","0.0921"
"1.9400","0.0917","0.0935"
"1.9600","0.0925","0.0950"
"1.9800","0.0933","0.0966"
"2.0000","0.0941","0.0983"
"2.0200","0.0948","0.0997"
"2.0400","0.0955","0.1010"
"2.0600","0.0961","0.1021"
"2.0800","0.0967","0.1030"
"2.1000","0.0972","0.1037"
"2.1200","0.0976","0.1042"
"2.1400","0.0980","0.1047"
"2.1600","0.0984","0.1052"
"2.1800","0.0988","0.1059"
"2.2000","0.0992","0.1067"
"2.2200","0.0996","0.1077"
"2.2400","0.1001","0.1088"
"2.2600","0.1006","0.1099"
"2.2800","0.1011","0.1110"
"2.3000","0.1015","0.1121"
"2.3200","0.1020","0.1133"
"2.3400","0.1025","0.1145"
"2.3600","0.1030","0.1158"
"2.3800","0.1035","0.1171"
"2.4000","0.1040","0.1182"
"2.4200","0.1045","0.1192"
"2.4400","0.1049","0.1201"
"2.4600","0.1054","0.1212"
"2.4800","0.1058","0.1221"
"2.5000","0.1062","0.1230"
"2.5200","0.1066","0.1238"
"2.5400","0.1070","0.1245"
"2.5600","0.1073","0.1253"
"2.5800","0.1076","0.1259"
"2.6000","0.1080","0.1266"
"2.6200","0.1083","0.1274"
"2.6400","0.1087","0.1283"
"2.6600","0.1091","0.1294"
"2.6800","0.1095","0.1307"
"2.7000","0.1100","0.1323"
"2.7200","0.1105","0.1339"
"2.7400","0.1110","0.1353"
"2.7600","0.1114","0.1365"
"2.7800","0.1118","0.1374"
"2.8000","0.1122","0.1384"
"2.8200","0.1126","0.1394"
"2.8400","0.1130","0.1403"
"2.8600","0.1133","0.1412"
"2.8800","0.1137","0.1419"
"2.9000","0.1140","0.1428"
"2.9200","0.1144","0.1434"
"2.9400","0.1147","0.1441"
"2.9600","0.1150","0.1448"
"2.9800","0.1153","0.1456"
"3.0000","0.1156","0.1465"
"3.0200","0.1159","0.1474"
"3.0400","0.1162","0.1482"
"3.0600","0.1165","0.1491"
"3.0800","0.1168","0.1500"
"3.1000","0.1171","0.1509"
"3.1200","0.1175","0.1517"
"3.1400","0.1178","0.1526"
"3.1600","0.1181","0.1535"
"3.1800","0.1184","0.1546"
"3.2000","0.1187","0.1556"
"3.2200","0.1191","0.1568"
"3.2400","0.1195","0.1580"
"3.2600","0.1198","0.1593"
"3.2800","0.1202","0.1606"
"3.3000","0.1206","0.1617"
"3.3200","0.1209","0.1626"
"3.3400","0.1212","0.1634"
"3.3600","0.1215","0.1641"
"3.3800","0.1218","0.1649"
"3.4000","0.1221","0.1658"
"3.4200","0.1224","0.1667"
"3.4400","0.1227","0.1677"
"3.4600","0.1230","0.1688"
"3.4800","0.1233","0.1700"
"3.5000","0.1236","0.1710"
"3.5200","0.1239","0.1719"
"3.5400","0.1242","0.1728"
"3.5600","0.1245","0.1737"
"3.5800","0.1248","0.1747"
"3.6000","0.1251","0.1757"
"3.6200","0.1254","0.1769"
"3.6400","0.1257","0.1782"
"3.6600","0.1261","0.1794"
"3.6800","0.1264","0.1807"
"3.7000","0.1267","0.1819"
"3.7200","0.1270","0.1829"
"3.7400","0.1273","0.1839"
"3.7600","0.1276","0.1848"
"3.7800","0.1279","0.1857"
"3.8000","0.1281","0.1864"
"3.8200","0.1284","0.1873"
"3.8400","0.1287","0.1882"
"3.8600","0.1290","0.1893"
"3.8800","0.1292","0.1903"
"3.9000","0.1295","0.1913"
"3.9200","0.1298","0.1924"
"3.9400","0.1301","0.1935"
"3.9600","0.1304","0.1946"
"3.9800","0.1306","0.1956"
"4.0000","0.1309","0.1965"
"4.0200","0.1311","0.1973"
"4.0400","0.1314","0.1981"
"4.0600","0.1316","0.1988"
"4.0800","0.1319","0.1996"
"4.1000","0.1321","0.2005"
"4.1200","0.1324","0.2015"
"4.1400","0.1326","0.2027"
"4.1600","0.1329","0.2039"
"4.1800","0.1332","0.2052"
"4.2000","0.1335","0.2066"
"4.2200","0.1338","0.2079"
"4.2400","0.1341","0.2092"
"4.2600","0.1344","0.2105"
"4.2800","0.1347","0.2117"
"4.3000","0.1350","0.2131"
"4.3200","0.1353","0.2145"
"4.3400","0.1356","0.2159"
"4.3600","0.1360","0.2172"
"4.3800","0.1363","0.2186"
"4.4000","0.1366","0.2199"
"4.4200","0.1368","0.2210"
"4.4400","0.1371","0.2220"
"4.4600","0.1374","0.2230"
"4.4800","0.1376","0.2238"
"4.5000","0.1378","0.2246"
"4.5200","0.1380","0.2253"
"4.5400","0.1382","0.2260"
"4.5600","0.1385","0.2267"
"4.5800","0.1387","0.2276"
"4.6000","0.1389","0.2285"
"4.6200","0.1391","0.2295"
"4.6400","0.1393","0.2305"
"4.6600","0.1396","0.2315"
"4.6800","0.1398","0.2326"
"4.7000","0.1401","0.2338"
"4.7200","0.1403","0.2349"
"4.7400","0.1405","0.2360"
"4.7600","0.1408","0.2370"
"4.7800","0.1410","0.2379"
"4.8000","0.1412","0.2388"
"4.8200","0.1414","0.2396"
"4.8400","0.1416","0.2404"
"4.8600","0.1418","0.2413"
"4.8800","0.1420","0.2423"
"4.9000","0.1423","0.2433"
"4.9200","0.1425","0.2445"
"4.9400","0.1427","0.2458"
"4.9600","0.1430","0.2470"
"4.9800","0.1432","0.2484"
"5.0000","0.1435","0.2497"
"5.0200","0.1437","0.2507"
"5.0400","0.1439","0.2517"
"5.0600","0.1442","0.2528"
"5.0800","0.1444","0.2539"
"5.1000","0.1446","0.2550"
"5.1200","0.1449","0.2560"
"5.1400","0.1451","0.2571"
"5.1600","0.1453","0.2581"
"5.1800","0.1455","0.2591"
"5.2000","0.1457","0.2601"
"5.2200","0.1459","0.2611"
"5.2400","0.1461","0.2621"
"5.2600","0.1463","0.2630"
"5.2800","0.1465","0.2639"
"5.3000","0.1467","0.2647"
"5.3200","0.1469","0.2655"
"5.3400","0.1471","0.2663"
"5.3600","0.1473","0.2670"
"5.3800","0.1474","0.2678"
"5.4000","0.1476","0.2684"
"5.4200","0.1477","0.2692"
"5.4400","0.1479","0.2699"
"5.4600","0.1481","0.2705"
"5.4800","0.1482","0.2714"
"5.5000","0.1484","0.2721"
"5.5200","0.1486","0.2730"
"5.5400","0.1488","0.2740"
"5.5600","0.1489","0.2750"
"5.5800","0.1491","0.2762"
"5.6000","0.1493","0.2774"
"5.6200","0.1495","0.2786"
"5.6400","0.1497","0.2797"
"5.6600","0.1499","0.2809"
"5.6800","0.1502","0.2820"
"5.7000","0.1504","0.2832"
"5.7200","0.1506","0.2844"
"5.7400","0.1508","0.2853"
"5.7600","0.1509","0.2862"
"5.7800","0.1511","0.2871"
"5.8000","0.1513","0.2880"
"5.8200","0.1515","0.2888"
"5.8400","0.1516","0.2896"
"5.8600","0.1518","0.2905"
"5.8800","0.1520","0.2914"
"5.9000","0.1522","0.2925"
"5.9200","0.1523","0.2935"
"5.9400","0.1525","0.2945"
"5.9600","0.1527","0.2957"
"5.9800","0.1529","0.2968"
"6.0000","0.1531","0.2979"
"6.0200","0.1533","0.2991"
"6.0400","0.1535","0.3001"
"6.0600","0.1537","0.3013"
"6.0800","0.1539","0.3023"
"6.1000","0.1541","0.3033"
"6.1200","0.1542","0.3043"
"6.1400","0.1544","0.3053"
"6.1600","0.1546","0.3062"
"6.1800","0.1547","0.3072"
"6.2000","0.1549","0.3081"
"6.2200","0.1551","0.3090"
"6.2400","0.1553","0.3099"
"6.2600","0.1554","0.3110"
"6.2800","0.1556","0.3120"
"6.3000","0.1558","0.3129"
"6.3200","0.1559","0.3139"
"6.3400","0.1561","0.3148"
"6.3600","0.1563","0.3157"
"6.3800","0.1564","0.3166"
"6.4000","0.1566","0.3177"
"6.4200","0.1568","0.3186"
"6.4400","0.1569","0.3194"
"6.4600","0.1571","0.3201"
"6.4800","0.1572","0.3210"
"6.5000","0.1574","0.3218"
"6.5200","0.1575","0.3226"
"6.5400","0.1577","0.3234"
"6.5600","0.1578","0.3242"
"6.5800","0.1579","0.3250"
"6.6000","0.1581","0.3259"
"6.6200","0.1582","0.3267"
"6.6400","0.1584","0.3275"
"6.6600","0.1585","0.3284"
"6.6800","0.1587","0.3292"
"6.7000","0.1588","0.3301"
"6.7200","0.1590","0.3310"
"6.7400","0.1591","0.3319"
"6.7600","0.1593","0.3329"
"6.7800","0.1594","0.3339"
"6.8000","0.1596","0.3349"
"6.8200","0.1597","0.3359"
"6.8400","0.1599","0.3371"
"6.8600","0.1601","0.3381"
"6.8800","0.1602","0.3391"
"6.9000","0.1604","0.3402"
"6.9200","0.1605","0.3411"
"6.9400","0.1607","0.3420"
"6.9600","0.1608","0.3430"
"6.9800","0.1610","0.3439"
"7.0000","0.1611","0.3448"
"7.0200","0.1613","0.3457"
"7.0400","0.1614","0.3466"
"7.0600","0.1616","0.3475"
"7.0800","0.1617","0.3484"
"7.1000","0.1619","0.3494"
"7.1200","0.1620","0.3505"
"7.1400","0.1622","0.3516"
"7.1600","0.1623","0.3526"
"7.1800","0.1625","0.3537"
"7.2000","0.1626","0.3549"
"7.2200","0.1628","0.3563"
"7.2400","0.1630","0.3575"
"7.2600","0.1632","0.3589"
"7.2800","0.1634","0.3601"
"7.3000","0.1635","0.3614"
"7.3200","0.1637","0.3626"
"7.3400","0.1639","0.3638"
"7.3600","0.1640","0.3649"
"7.3800","0.1642","0.3661"
"7.4000","0.1644","0.3671"
"7.4200","0.1645","0.3682"
"7.4400","0.1647","0.3693"
"7.4600","0.1649","0.3704"
"7.4800","0.1650","0.3716"
"7.5000","0.1652","0.3726"
"7.5200","0.1653","0.3739"
"7.5400","0.1655","0.3751"
"7.5600","0.1657","0.3762"
"7.5800","0.1658","0.3772"
"7.6000","0.1660","0.3784"
"7.6200","0.1661","0.3796"
"7.6400","0.1663","0.3807"
"7.6600","0.1664","0.3816"
"7.6800","0.1666","0.3826"
"7.7000","0.1668","0.3837"
"7.7200","0.1669","0.3848"
"7.7400","0.1671","0.3858"
"7.7600","0.1672","0.3868"
"7.7800","0.1673","0.3876"
"7.8000","0.1675","0.3884"
"7.8200","0.1676","0.3892"
"7.8400","0.1677","0.3899"
"7.8600","0.1678","0.3907"
"7.8800","0.1680","0.3914"
"7.9000","0.1681","0.3921"
"7.9200","0.1682","0.3930"
"7.9400","0.1683","0.3937"
"7.9600","0.1685","0.3945"
"7.9800","0.1686","0.3954"
"8.0000","0.1687","0.3964"
"8.0200","0.1688","0.3973"
"8.0400","0.1690","0.3983"
"8.0600","0.1691","0.3993"
"8.0800","0.1693","0.4004"
"8.1000","0.1694","0.4015"
"8.1200","0.1695","0.4026"
"8.1400","0.1697","0.4037"
"8.1600","0.1698","0.4050"
"8.1800","0.1700","0.4062"
"8.2000","0.1701","0.4073"
"8.2200","0.1703","0.4086"
"8.2400","0.1704","0.4098"
"8.2600","0.1706","0.4109"
"8.2800","0.1707","0.4121"
"8.3000","0.1709","0.4131"
"8.3200","0.1710","0.4140"
"8.3400","0.1711","0.4149"
"8.3600","0.1713","0.4158"
"8.3800","0.1714","0.4167"
"8.4000","0.1715","0.4176"
"8.4200","0.1717","0.4185"
"8.4400","0.1718","0.4194"
"8.4600","0.1719","0.4203"
"8.4800","0.1720","0.4213"
"8.5000","0.1722","0.4223"
"8.5200","0.1723","0.4234"
"8.5400","0.1724","0.4246"
"8.5600","0.1726","0.4257"
"8.5800","0.1727","0.4268"
"8.6000","0.1729","0.4281"
"8.6200","0.1730","0.4293"
"8.6400","0.1732","0.4305"
"8.6600","0.1733","0.4317"
"8.6800","0.1735","0.4329"
"8.7000","0.1736","0.4342"
"8.7200","0.1738","0.4354"
"8.7400","0.1739","0.4364"
"8.7600","0.1740","0.4374"
"8.7800","0.1742","0.4384"
"8.8000","0.1743","0.4393"
"8.8200","0.1744","0.4404"
"8.8400","0.1746","0.4414"
"8.8600","0.1747","0.4423"
"8.8800","0.1748","0.4433"
"8.9000","0.1750","0.4443"
"8.9200","0.1751","0.4453"
"8.9400","0.1752","0.4462"
"8.9600","0.1753","0.4472"
"8.9800","0.1755","0.4482"
"9.0000","0.1756","0.4493"
"9.0200","0.1757","0.4503"
"9.0400","0.1758","0.4512"
"9.0600","0.1760","0.4521"
"9.0800","0.1761","0.4529"
"9.1000","0.1762","0.4538"
"9.1200","0.1763","0.4548"
"9.1400","0.1764","0.4556"
"9.1600","0.1765","0.4564"
"9.1800","0.1767","0.4573"
"9.2000","0.1768","0.4583"
"9.2200","0.1769","0.4591"
"9.2400","0.1770","0.4598"
"9.2600","0.1771","0.4606"
"9.2800","0.1772","0.4614"
"9.3000","0.1773","0.4622"
"9.3200","0.1774","0.4629"
"9.3400","0.1775","0.4636"
"9.3600","0.1776","0.4644"
"9.3800","0.1777","0.4651"
"9.4000","0.1778","0.4660"
"9.4200","0.1779","0.4667"
"9.4400","0.1780","0.4675"
"9.4600","0.1781","0.4683"
"9.4800","0.1782","0.4691"
"9.5000","0.1783","0.4700"
"9.5200","0.1785","0.4710"
"9.5400","0.1786","0.4719"
"9.5600","0.1787","0.4729"
"9.5800","0.1788","0.4740"
"9.6000","0.1789","0.4751"
"9.6200","0.1790","0.4761"
"9.6400","0.1792","0.4772"
"9.6600","0.1793","0.4783"
"9.6800","0.1794","0.4796"
"9.7000","0.1796","0.4809"
"9.7200","0.1797","0.4821"
"9.7400","0.1798","0.4833"
"9.7600","0.1800","0.4845"
"9.7800","0.1801","0.4858"
"9.8000","0.1802","0.4870"
"9.8200","0.1804","0.4882"
"9.8400","0.1805","0.4894"
"9.8600","0.1806","0.4906"
"9.8800","0.1808","0.4918"
"9.9000","0.1809","0.4930"
"9.9200","0.1810","0.4941"
"9.9400","0.1812","0.4952"
"9.9600","0.1813","0.4963"
"9.9800","0.1814","0.4972"
"10.0000","0.1815","0.4982"
"10.0200","0.1816","0.4993"
"10.0400","0.1818","0.5004"
"10.0600","0.1819","0.5014"
"10.0800","0.1820","0.5025"
"10.1000","0.1821","0.5036"
"10.1200","0.1823","0.5048"
"10.1400","0.1824","0.5061"
"10.1600","0.1825","0.5073"
"10.1800","0.1827","0.5085"
"10.2000","0.1828","0.5099"
"10.2200","0.1829","0.5112"
"10.2400","0.1831","0.5123"
"10.2600","0.1832","0.5135"
"10.2800","0.1833","0.5147"
"10.3000","0.1835","0.5158"
"10.3200","0.1836","0.5168"
"10.3400","0.1837","0.5178"
"10.3600","0.1838","0.5188"
"10.3800","0.1840","0.5198"
"10.4000","0.1841","0.5207"
"10.4200","0.1842","0.5216"
"10.4400","0.1843","0.5226"
"10.4600","0.1844","0.5235"
"10.4800","0.1845","0.5244"
"10.5000","0.1846","0.5253"
"10.5200","0.1847","0.5262"
"10.5400","0.1849","0.5271"
"10.5600","0.1850","0.5279"
"10.5800","0.1851","0.5288"
"10.6000","0.1852","0.5297"
"10.6200","0.1853","0.5306"
"10.6400","0.1854","0.5315"
"10.6600","0.1855","0.5323"
"10.6800","0.1856","0.5333"
"10.7000","0.1857","0.5342"
"10.7200","0.1858","0.5350"
"10.7400","0.1859","0.5358"
"10.7600","0.1860","0.5366"
"10.7800","0.1861","0.5375"
"10.8000","0.1862","0.5383"
"10.8200","0.1863","0.5391"
"10.8400","0.1864","0.5399"
"10.8600","0.1865","0.5408"
"10.8800","0.1866","0.5417"
"10.9000","0.1867","0.5426"
"10.9200","0.1868","0.5434"
"10.9400","0.1869","0.5443"
"10.9600","0.1870","0.5453"
"10.9800","0.1871","0.5460"
"11.0000","0.1872","0.5468"
"11.0200","0.1873","0.5477"
"11.0400","0.1874","0.5485"
"11.0600","0.1875","0.5494"
"11.0800","0.1876","0.5502"
"11.1000","0.1877","0.5511"
"11.1200","0.1878","0.5520"
"11.1400","0.1879","0.5528"
"11.1600","0.1880","0.5537"
"11.1800","0.1881","0.5547"
"11.2000","0.1882","0.5556"
"11.2200","0.1883","0.5566"
"11.2400","0.1884","0.5575"
"11.2600","0.1885","0.5585"
"11.2800","0.1887","0.5595"
"11.3000","0.1888","0.5607"
"11.3200","0.1889","0.5618"
"11.3400","0.1890","0.5629"
"11.3600","0.1891","0.5641"
"11.3800","0.1892","0.5654"
"11.4000","0.1894","0.5666"
"11.4200","0.1895","0.5680"
"11.4400","0.1896","0.5692"
"11.4600","0.1898","0.5704"
"11.4800","0.1899","0.5719"
"11.5000","0.1900","0.5732"
"11.5200","0.1901","0.5745"
"11.5400","0.1903","0.5757"
"11.5600","0.1904","0.5770"
"11.5800","0.1905","0.5783"
"11.6000","0.1907","0.5794"
"11.6200","0.1908","0.5805"
"11.6400","0.1909","0.5816"
"11.6600","0.1910","0.5827"
"11.6800","0.1911","0.5837"
"11.7000","0.1913","0.5846"
"11.7200","0.1914","0.5855"
"11.7400","0.1915","0.5864"
"11.7600","0.1916","0.5873"
"11.7800","0.1917","0.5882"
"11.8000","0.1918","0.5891"
"11.8200","0.1919","0.5899"
"11.8400","0.1920","0.5908"
"11.8600","0.1921","0.5918"
"11.8800","0.1922","0.5927"
"11.9000","0.1923","0.5937"
"11.9200","0.1924","0.5947"
"11.9400","0.1926","0.5958"
"11.9600","0.1927","0.5968"
"11.9800","0.1928","0.5978"
"12.0000","0.1929","0.5988"
"12.0200","0.1930","0.5998"
"12.0400","0.1931","0.6010"
"12.0600","0.1933","0.6022"
"12.0800","0.1934","0.6033"
"12.1000","0.1935","0.6043"
"12.1200","0.1936","0.6053"
"12.1400","0.1937","0.6062"
"12.1600","0.1938","0.6072"
"12.1800","0.1939","0.6080"
"12.2000","0.1940","0.6090"
"12.2200","0.1941","0.6099"
"12.2400","0.1942","0.6108"
"12.2600","0.1943","0.6116"
"12.2800","0.1944","0.6125"
"12.3000","0.1946","0.6134"
"12.3200","0.1947","0.6142"
"12.3400","0.1948","0.6151"
"12.3600","0.1949","0.6161"
"12.3800","0.1950","0.6171"
"12.4000","0.1951","0.6180"
"12.4200","0.1952","0.6189"
"12.4400","0.1953","0.6198"
"12.4600","0.1954","0.6208"
"12.4800","0.1955","0.6217"
"12.5000","0.1956","0.6226"
"12.5200","0.1957","0.6236"
"12.5400","0.1958","0.6246"
"12.5600","0.1960","0.6256"
"12.5800","0.1961","0.6266"
"12.6000","0.1962","0.6277"
"12.6200","0.1963","0.6288"
"12.6400","0.1964","0.6299"
"12.6600","0.1965","0.6310"
"12.6800","0.1966","0.6320"
"12.7000","0.1968","0.6330"
"12.7200","0.1969","0.6342"
"12.7400","0.1970","0.6351"
"12.7600","0.1971","0.6361"
"12.7800","0.1972","0.6372"
"12.8000","0.1973","0.6382"
"12.8200","0.1975","0.6392"
"12.8400","0.1976","0.6401"
"12.8600","0.1977","0.6411"
"12.8800","0.1978","0.6421"
"12.9000","0.1979","0.6431"
"12.9200","0.1980","0.6440"
"12.9400","0.1981","0.6450"
"12.9600","0.1982","0.6459"
"12.9800","0.1983","0.6469"
"13.0000","0.1985","0.6479"
"13.0200","0.1986","0.6489"
"13.0400","0.1987","0.6500"
"13.0600","0.1988","0.6512"
"13.0800","0.1989","0.6522"
"13.1000","0.1991","0.6533"
"13.1200","0.1992","0.6545"
"13.1400","0.1993","0.6556"
"13.1600","0.1994","0.6568"
"13.1800","0.1996","0.6580"
"13.2000","0.1997","0.6592"
"13.2200","0.1998","0.6604"
"13.2400","0.2000","0.6616"
"13.2600","0.2001","0.6627"
"13.2800","0.2002","0.6639"
"13.3000","0.2003","0.6650"
"13.3200","0.2005","0.6661"
"13.3400","0.2006","0.6671"
"13.3600","0.2007","0.6682"
"13.3800","0.2008","0.6692"
"13.4000","0.2009","0.6700"
"13.4200","0.2011","0.6709"
"13.4400","0.2012","0.6717"
"13.4600","0.2013","0.6725"
"13.4800","0.2014","0.6733"
"13.5000","0.2015","0.6741"
"13.5200","0.2016","0.6749"
"13.5400","0.2017","0.6757"
"13.5600","0.2018","0.6765"
"13.5800","0.2019","0.6773"
"13.6000","0.2020","0.6781"
"13.6200","0.2021","0.6790"
"13.6400","0.2023","0.6799"
"13.6600","0.2024","0.6808"
"13.6800","0.2025","0.6817"
"13.7000","0.2026","0.6826"
"13.7200","0.2027","0.6836"
"13.7400","0.2028","0.6846"
"13.7600","0.2029","0.6856"
"13.7800","0.2031","0.6867"
"13.8000","0.2032","0.6876"
"13.8200","0.2033","0.6887"
"13.8400","0.2034","0.6897"
"13.8600","0.2035","0.6906"
"13.8800","0.2037","0.6916"
"13.9000","0.2038","0.6926"
"13.9200","0.2039","0.6935"
"13.9400","0.2040","0.6943"
"13.9600","0.2041","0.6952"
"13.9800","0.2042","0.6961"
"14.0000","0.2043","0.6969"
"14.0200","0.2045","0.6978"
"14.0400","0.2046","0.6988"
"14.0600","0.2047","0.6998"
"14.0800","0.2048","0.7007"
"14.1000","0.2049","0.7016"
"14.1200","0.2050","0.7027"
"14.1400","0.2052","0.7037"
"14.1600","0.2053","0.7048"
"14.1800","0.2054","0.7060"
"14.2000","0.2055","0.7071"
"14.2200","0.2057","0.7082"
"14.2400","0.2058","0.7092"
"14.2600","0.2059","0.7103"
"14.2800","0.2061","0.7115"
"14.3000","0.2062","0.7127"
"14.3200","0.2063","0.7138"
"14.3400","0.2065","0.7148"
"14.3600","0.2066","0.7159"
"14.3800","0.2067","0.7170"
"14.4000","0.2069","0.7181"
"14.4200","0.2070","0.7191"
"14.4400","0.2071","0.7201"
"14.4600","0.2072","0.7211"
"14.4800","0.2074","0.7220"
"14.5000","0.2075","0.7230"
"14.5200","0.2076","0.7238"
"14.5400","0.2077","0.7247"
"14.5600","0.2079","0.7255"
"14.5800","0.2080","0.7264"
"14.6000","0.2081","0.7273"
"14.6200","0.2082","0.7281"
"14.6400","0.2083","0.7290"
"14.6600","0.2085","0.7299"
"14.6800","0.2086","0.7309"
"14.7000","0.2087","0.7319"
"14.7200","0.2088","0.7329"
"14.7400","0.2090","0.7339"
"14.7600","0.2091","0.7349"
"14.7800","0.2092","0.7360"
"14.8000","0.2094","0.7372"
"14.8200","0.2095","0.7383"
"14.8400","0.2096","0.7394"
"14.8600","0.2098","0.7405"
"14.8800","0.2099","0.7417"
"14.9000","0.2101","0.7428"
"14.9200","0.2102","0.7438"
"14.9400","0.2103","0.7449"
"14.9600","0.2105","0.7461"
"14.9800","0.2106","0.7471"
"15.0000","0.2108","0.7481"
"15.0200","0.2109","0.7491"
"15.0400","0.2110","0.7500"
"15.0600","0.2111","0.7508"
"15.0800","0.2113","0.7516"
"15.1000","0.2114","0.7523"
"15.1200","0.2115","0.7531"
"15.1400","0.2116","0.7538"
"15.1600","0.2118","0.7546"
"15.1800","0.2119","0.7553"
"15.2000","0.2120","0.7561"
"15.2200","0.2121","0.7569"
"15.2400","0.2122","0.7577"
"15.2600","0.2124","0.7587"
"15.2800","0.2125","0.7596"
"15.3000","0.2126","0.7606"
"15.3200","0.2128","0.7617"
"15.3400","0.2129","0.7627"
"15.3600","0.2130","0.7638"
"15.3800","0.2132","0.7650"
"15.4000","0.2133","0.7662"
"15.4200","0.2135","0.7673"
"15.4400","0.2136","0.7685"
"15.4600","0.2138","0.7696"
"15.4800","0.2139","0.7707"
"15.5000","0.2141","0.7718"
"15.5200","0.2142","0.7729"
"15.5400","0.2144","0.7740"
"15.5600","0.2145","0.7750"
"15.5800","0.2147","0.7761"
"15.6000","0.2148","0.7770"
"15.6200","0.2149","0.7781"
"15.6400","0.2151","0.7792"
"15.6600","0.2152","0.7802"
"15.6800","0.2154","0.7814"
"15.7000","0.2155","0.7825"
"15.7200","0.2157","0.7835"
"15.7400","0.2158","0.7846"
"15.7600","0.2160","0.7858"
"15.7800","0.2161","0.7868"
"15.8000","0.2163","0.7877"
"15.8200","0.2164","0.7887"
"15.8400","0.2166","0.7896"
"15.8600","0.2167","0.7906"
"15.8800","0.2169","0.7915"
"15.9000","0.2170","0.7926"
"15.9200","0.2172","0.7935"
"15.9400","0.2173","0.7943"
"15.9600","0.2174","0.7951"
"15.9800","0.2176","0.7959"
"16.0000","0.2177","0.7966"
"16.0200","0.2179","0.7975"
"16.0400","0.2180","0.7981"
"16.0600","0.2181","0.7984"
"16.0800","0.2182","0.7984"
"16.1000","0.2183","0.7985"
"16.1200","0.2184","0.7985"
"16.1400","0.2185","0.7985"
"16.1600","0.2185","0.7984"
"16.1800","0.2186","0.7983"
"16.2000","0.2187","0.7982"
"16.2200","0.2188","0.7982"
"16.2400","0.2188","0.7983"
"16.2600","0.2189","0.7984"
"16.2800","0.2190","0.7983"
"16.3000","0.2191","0.7983"
"16.3200","0.2191","0.7984"
"16.3400","0.2192","0.7983"
"16.3600","0.2193","0.7983"
"16.3800","0.2193","0.7985"
"16.4000","0.2194","0.7986"
"16.4200","0.2195","0.7986"
"16.4400","0.2195","0.7986"
"16.4600","0.2196","0.7987"
"16.4800","0.2197","0.7987"
"16.5000","0.2197","0.7987"
"16.5200","0.2198","0.7988"
"16.5400","0.2198","0.7988"
"16.5600","0.2199","0.7989"
"16.5800","0.2200","0.7989"
"16.6000","0.2200","0.7991"
"16.6200","0.2201","0.7990"
"16.6400","0.2201","0.7991"
"16.6600","0.2202","0.7992"
"16.6800","0.2202","0.7992"
"16.7000","0.2203","0.7992"
"16.7200","0.2204","0.7993"
"16.7400","0.2204","0.7993"
"16.7600","0.2205","0.7993"
"16.7800","0.2205","0.7993"
"16.8000","0.2206","0.7994"
"16.8200","0.2206","0.7994"
"16.8400","0.2207","0.7994"
"16.8600","0.2207","0.7994"
"16.8800","0.2208","0.7994"
"16.9000","0.2208","0.7994"
"16.9200","0.2209","0.7995"
"16.9400","0.2209","0.7995"
"16.9600","0.2209","0.7995"
"16.9800","0.2210","0.7995"
"17.0000","0.2210","0.7994"
"17.0200","0.2211","0.7994"
"17.0400","0.2211","0.7994"
"17.0600","0.2212","0.7994"
"17.0800","0.2212","0.7993"
"17.1000","0.2212","0.7992"
"17.1200","0.2213","0.7992"
"17.1400","0.2213","0.7992"
"17.1600","0.2214","0.7991"
"17.1800","0.2214","0.7991"
"17.2000","0.2214","0.7990"
"17.2200","0.2215","0.7990"
"17.2400","0.2215","0.7990"
"17.2600","0.2215","0.7989"
"17.2800","0.2216","0.7989"
"17.3000","0.2216","0.7988"
"17.3200","0.2217","0.7988"
"17.3400","0.2217","0.7988"
"17.3600","0.2217","0.7987"
"17.3800","0.2218","0.7987"
"17.4000","0.2218","0.7987"
"17.4200","0.2218","0.7987"
"17.4400","0.2219","0.7986"
"17.4600","0.2219","0.7987"
"17.4800","0.2219","0.7987"
"17.5000","0.2220","0.7986"
"17.5200","0.2220","0.7986"
"17.5400","0.2220","0.7986"
"17.5600","0.2221","0.7987"
"17.5800","0.2221","0.7986"
"17.6000","0.2221","0.7986"
"17.6200","0.2222","0.7986"
"17.6400","0.2222","0.7986"
"17.6600","0.2223","0.7987"
"17.6800","0.2223","0.7986"
"17.7000","0.2223","0.7987"
"17.7200","0.2224","0.7988"
"17.7400","0.2224","0.7989"
"17.7600","0.2224","0.7989"
"17.7800","0.2225","0.7988"
"17.8000","0.2225","0.7989"
"17.8200","0.2225","0.7990"
"17.8400","0.2226","0.7991"
"17.8600","0.2226","0.7992"
"17.8800","0.2226","0.7992"
"17.9000","0.2227","0.7991"
"17.9200","0.2227","0.7993"
"17.9400","0.2227","0.7994"
"17.9600","0.2228","0.7995"
"17.9800","0.2228","0.7995"
"18.0000","0.2228","0.7996"
"18.0200","0.2229","0.7996"
"18.0400","0.2229","0.7997"
"18.0600","0.2229","0.7998"
"18.0800","0.2230","0.7999"
"18.1000","0.2230","0.8000"
"18.1030","0.2230","0.8000"
"18.1040","0.2230","0.8000"
"18.1050","0.2230","0.8000"
"18.1250","0.2231","0.8000"
"18.1450","0.2231","0.8001"
"18.1650","0.2231","0.7999"
"18.1850","0.2231","0.7997"
"18.2050","0.2231","0.7993"
"18.2250","0.2231","0.7989"
"18.2450","0.2231","0.7984"
"18.2650","0.2232","0.7979"
"18.2850","0.2232","0.7975"
"18.3050","0.2232","0.7970"
"18.3250","0.2232","0.7966"
"18.3450","0.2232","0.7961"
"18.3650","0.2232","0.7957"
"18.3850","0.2232","0.7952"
"18.4050","0.2232","0.7948"
"18.4250","0.2232","0.7943"
"18.4450","0.2232","0.7939"
"18.4650","0.2232","0.7933"
"18.4850","0.2232","0.7928"
"18.5050","0.2232","0.7924"
"18.5250","0.2232","0.7920"
"18.5450","0.2232","0.7916"
"18.5650","0.2232","0.7912"
"18.5850","0.2232","0.7907"
"18.6050","0.2232","0.7903"
"18.6250","0.2232","0.7899"
"18.6450","0.2232","0.7895"
"18.6650","0.2231","0.7891"
"18.6850","0.2231","0.7887"
"18.7050","0.2231","0.7883"
"18.7250","0.2231","0.7879"
"18.7450","0.2231","0.7875"
"18.7650","0.2231","0.7871"
"18.7850","0.2231","0.7868"
"18.8050","0.2231","0.7863"
"18.8250","0.2231","0.7860"
"18.8450","0.2231","0.7857"
"18.8650","0.2231","0.7853"
"18.8850","0.2231","0.7850"
"18.9050","0.2231","0.7847"
"18.9250","0.2231","0.7845"
"18.9450","0.2231","0.7841"
"18.9650","0.2231","0.7838"
"18.9850","0.2231","0.7834"
"19.0050","0.2231","0.7830"
"19.0250","0.2231","0.7826"
"19.0450","0.2231","0.7823"
"19.0650","0.2231","0.7821"
"19.0850","0.2231","0.7818"
"19.1050","0.2231","0.7815"
"19.1250","0.2231","0.7813"
"19.1450","0.2231","0.7810"
"19.1650","0.2231","0.7807"
"19.1850","0.2231","0.7803"
"19.2050","0.2231","0.7800"
"19.2250","0.2231","0.7797"
"19.2450","0.2231","0.7795"
"19.2650","0.2231","0.7793"
"19.2850","0.2231","0.7790"
"19.3050","0.2231","0.7787"
"19.3250","0.2231","0.7784"
"19.3450","0.2231","0.7781"
"19.3650","0.2231","0.7779"
"19.3850","0.2231","0.7776"
"19.4050","0.2231","0.7773"
"19.4250","0.2231","0.7771"
"19.4450","0.2231","0.7768"
"19.4650","0.2231","0.7765"
"19.4850","0.2231","0.7763"
"19.5050","0.2231","0.7760"
"19.5250","0.2231","0.7757"
"19.5450","0.2231","0.7755"
"19.5650","0.2231","0.7752"
"19.5850","0.2231","0.7750"
"19.6050","0.2231","0.7748"
"19.6250","0.2231","0.7746"
"19.6450","0.2231","0.7744"
"19.6650","0.2231","0.7741"
"19.6850","0.2231","0.7738"
"19.7050","0.2231","0.7735"
"19.7250","0.2231","0.7733"
"19.7450","0.2231","0.7731"
"19.7650","0.2231","0.7728"
"19.7850","0.2231","0.7726"
"19.8050","0.2231","0.7724"
"19.8250","0.2231","0.7722"
"19.8450","0.2231","0.7720"
"19.8650","0.2231","0.7718"
"19.8850","0.2231","0.7715"
"19.9050","0.2231","0.7712"
"19.9250","0.2231","0.7710"
"19.9450","0.2231","0.7708"
"19.9650","0.2231","0.7706"
"19.9850","0.2231","0.7705"
"20.0050","0.2231","0.7703"
"20.0250","0.2231","0.7700"
"20.0450","0.2231","0.7698"
"20.0650","0.2231","0.7697"
"20.0850","0.2231","0.7695"
"20.1050","0.2231","0.7693"
"20.1250","0.2231","0.7690"
"20.1450","0.2231","0.7689"
"20.1650","0.2231","0.7686"
"20.1850","0.2231","0.7684"
"20.2050","0.2231","0.7682"
"20.2250","0.2231","0.7681"
"20.2450","0.2231","0.7679"
"20.2650","0.2231","0.7677"
"20.2850","0.2231","0.7674"
"20.3050","0.2231","0.7672"
"20.3250","0.2231","0.7671"
"20.3450","0.2231","0.7669"
"20.3650","0.2231","0.7667"
"20.3850","0.2231","0.7665"
"20.4050","0.2231","0.7663"
"20.4250","0.2231","0.7661"
"20.4450","0.2231","0.7660"
"20.4650","0.2231","0.7659"
"20.4850","0.2231","0.7657"
"20.5050","0.2231","0.7655"
"20.5250","0.2231","0.7653"
"20.5450","0.2231","0.7651"
"20.5650","0.2231","0.7649"
"20.5850","0.2231","0.7646"
"20.6050","0.2231","0.7645"
"20.6250","0.2231","0.7644"
"20.6450","0.2231","0.7642"
"20.6650","0.2231","0.7639"
"20.6850","0.2231","0.7638"
"20.7050","0.2231","0.7637"
"20.7250","0.2231","0.7635"
"20.7450","0.2231","0.7633"
"20.7650","0.2231","0.7631"
"20.7850","0.2231","0.7631"
"20.8050","0.2231","0.7629"
"20.8250","0.2231","0.7627"
"20.8450","0.2231","0.7625"
"20.8650","0.2231","0.7623"
"20.8850","0.2231","0.7621"
"20.9050","0.2231","0.7620"
"20.9250","0.2231","0.7618"
"20.9450","0.2231","0.7617"
"20.9650","0.2231","0.7615"
"20.9850","0.2231","0.7614"
"21.0050","0.2231","0.7612"
"21.0250","0.2231","0.7611"
"21.0450","0.2231","0.7609"
"21.0650","0.2231","0.7607"
"21.0850","0.2231","0.7606"
"21.1050","0.2231","0.7604"
"21.1250","0.2231","0.7603"
"21.1450","0.2231","0.7601"
"21.1650","0.2231","0.7600"
"21.1850","0.2231","0.7598"
"21.2050","0.2231","0.7597"
"21.2250","0.2231","0.7595"
"21.2450","0.2231","0.7594"
"21.2650","0.2231","0.7593"
"21.2850","0.2231","0.7591"
"21.3050","0.2231","0.7589"
"21.3250","0.2231","0.7588"
"21.3450","0.2231","0.7587"
"21.3650","0.2231","0.7586"
"21.3850","0.2231","0.7584"
"21.4050","0.2231","0.7582"
"21.4250","0.2231","0.7580"
"21.4450","0.2231","0.7579"
"21.4650","0.2231","0.7579"
"21.4850","0.2231","0.7578"
"21.5050","0.2231","0.7576"
"21.5250","0.2231","0.7574"
"21.5450","0.2231","0.7572"
"21.5650","0.2231","0.7571"
"21.5850","0.2231","0.7570"
"21.6050","0.2231","0.7569"
"21.6250","0.2231","0.7567"
"21.6450","0.2231","0.7566"
"21.6650","0.2231","0.7565"
"21.6850","0.2231","0.7564"
"21.7050","0.2231","0.7562"
"21.7250","0.2231","0.7560"
"21.7450","0.2231","0.7559"
"21.7650","0.2231","0.7557"
"21.7850","0.2231","0.7556"
"21.8050","0.2231","0.7555"
"21.8250","0.2231","0.7554"
"21.8450","0.2231","0.7553"
"21.8650","0.2231","0.7551"
"21.8850","0.2231","0.7550"
"21.9050","0.2231","0.7549"
"21.9250","0.2231","0.7548"
"21.9450","0.2231","0.7547"
"21.9650","0.2231","0.7546"
"21.9850","0.2231","0.7544"
"22.0050","0.2231","0.7542"
"22.0250","0.2231","0.7541"
"22.0450","0.2231","0.7539"
"22.0650","0.2231","0.7539"
"22.0850","0.2231","0.7537"
"22.1050","0.2231","0.7536"
"22.1250","0.2231","0.7535"
"22.1450","0.2231","0.7533"
"22.1650","0.2231","0.7532"
"22.1850","0.2231","0.7531"
"22.2050","0.2231","0.7530"
"22.2250","0.2231","0.7529"
"22.2450","0.2231","0.7528"
"22.2650","0.2231","0.7526"
"22.2850","0.2231","0.7525"
"22.3050","0.2231","0.7525"
"22.3250","0.2231","0.7524"
"22.3450","0.2231","0.7522"
"22.3650","0.2231","0.7521"
"22.3850","0.2231","0.7520"
"22.4050","0.2231","0.7519"
"22.4250","0.2231","0.7517"
"22.4450","0.2231","0.7516"
"22.4650","0.2231","0.7515"
"22.4850","0.2231","0.7514"
"22.5050","0.2231","0.7513"
"22.5250","0.2231","0.7512"
"22.5450","0.2231","0.7510"
"22.5650","0.2231","0.7509"
"22.5850","0.2231","0.7508"
"22.6050","0.2231","0.7507"
"22.6250","0.2231","0.7506"
"22.6450","0.2231","0.7505"
"22.6650","0.2231","0.7503"
"22.6850","0.2231","0.7502"
"22.7050","0.2231","0.7501"
"22.7250","0.2231","0.7500"
"22.7450","0.2231","0.7499"
"22.7650","0.2231","0.7498"
"22.7850","0.2231","0.7497"
"22.8050","0.2231","0.7496"
"22.8250","0.2231","0.7495"
"22.8450","0.2231","0.7495"
"22.8650","0.2231","0.7493"
"22.8850","0.2231","0.7492"
"22.9050","0.2231","0.7491"
"22.9250","0.2231","0.7490"
"22.9450","0.2231","0.7488"
"22.9650","0.2231","0.7487"
"22.9850","0.2231","0.7486"
"23.0050","0.2231","0.7485"
"23.0250","0.2231","0.7484"
"23.0450","0.2231","0.7482"
"23.0650","0.2231","0.7481"
"23.0850","0.2231","0.7481"
"23.1050","0.2231","0.7480"
"23.1250","0.2231","0.7479"
"23.1450","0.2231","0.7478"
"23.1650","0.2231","0.7476"
"23.1850","0.2231","0.7475"
"23.2050","0.2231","0.7474"
"23.2250","0.2231","0.7473"
"23.2450","0.2231","0.7472"
"23.2650","0.2231","0.7472"
"23.2850","0.2231","0.7471"
"23.3050","0.2231","0.7470"
"23.3250","0.2231","0.7469"
"23.3450","0.2231","0.7468"
"23.3650","0.2231","0.7467"
"23.3850","0.2231","0.7465"
"23.4050","0.2231","0.7464"
"23.4250","0.2231","0.7464"
"23.4450","0.2231","0.7463"
"23.4650","0.2231","0.7462"
"23.4850","0.2231","0.7461"
"23.5050","0.2231","0.7460"
"23.5250","0.2231","0.7459"
"23.5450","0.2231","0.7458"
"23.5650","0.2231","0.7456"
"23.5850","0.2231","0.7455"
"23.6050","0.2231","0.7455"
"23.6250","0.2231","0.7454"
"23.6450","0.2231","0.7453"
"23.6650","0.2231","0.7453"
"23.6850","0.2231","0.7451"
"23.7050","0.2231","0.7450"
"23.7250","0.2231","0.7449"
"23.7450","0.2231","0.7448"
"23.7650","0.2231","0.7447"
"23.7850","0.2231","0.7447"
"23.8050","0.2231","0.7446"
"23.8250","0.2231","0.7444"
"23.8450","0.2231","0.7443"
"23.8650","0.2231","0.7443"
"23.8850","0.2231","0.7442"
"23.9050","0.2231","0.7441"
"23.9250","0.2231","0.7440"
"23.9450","0.2231","0.7440"
"23.9650","0.2231","0.7439"
"23.9850","0.2231","0.7437"
"24.0050","0.2231","0.7436"
"24.0250","0.2231","0.7435"
"24.0450","0.2231","0.7435"
"24.0650","0.2231","0.7434"
"24.0850","0.2231","0.7433"
"24.1050","0.2231","0.7432"
"24.1250","0.2231","0.7430"
"24.1450","0.2231","0.7429"
"24.1650","0.2231","0.7429"
"24.1850","0.2231","0.7428"
"24.2050","0.2231","0.7427"
"24.2250","0.2231","0.7427"
"24.2450","0.2231","0.7425"
"24.2650","0.2231","0.7424"
"24.2850","0.2231","0.7424"
"24.3050","0.2231","0.7424"
"24.3250","0.2231","0.7423"
"24.3450","0.2231","0.7421"
"24.3650","0.2231","0.7420"
"24.3850","0.2231","0.7419"
"24.4050","0.2231","0.7418"
"24.4250","0.2231","0.7417"
"24.4450","0.2231","0.7417"
"24.4650","0.2231","0.7416"
"24.4850","0.2231","0.7416"
"24.5050","0.2231","0.7414"
"24.5250","0.2231","0.7413"
"24.5450","0.2231","0.7412"
"24.5650","0.2231","0.7411"
"24.5850","0.2231","0.7410"
"24.6050","0.2231","0.7409"
"24.6250","0.2231","0.7409"
"24.6450","0.2231","0.7407"
"24.6650","0.2231","0.7407"
"24.6850","0.2231","0.7407"
"24.7050","0.2231","0.7406"
"24.7250","0.2231","0.7406"
"24.7450","0.2231","0.7404"
"24.7650","0.2231","0.7403"
"24.7850","0.2231","0.7403"
"24.8050","0.2231","0.7403"
"24.8250","0.2231","0.7401"
"24.8450","0.2231","0.7400"
"24.8650","0.2231","0.7400"
"24.8850","0.2231","0.7399"
"24.9050","0.2231","0.7398"
"24.9250","0.2231","0.7397"
"24.9450","0.2231","0.7396"
"24.9650","0.2231","0.7395"
"24.9850","0.2231","0.7395"
"25.0050","0.2231","0.7394"
"25.0250","0.2231","0.7393"
"25.0450","0.2231","0.7392"
"25.0650","0.2231","0.7392"
"25.0850","0.2231","0.7390"
"25.1050","0.2231","0.7389"
"25.1250","0.2231","0.7390"
"25.1450","0.2231","0.7389"
"25.1650","0.2231","0.7388"
"25.1850","0.2231","0.7387"
"25.2050","0.2231","0.7385"
"25.2250","0.2231","0.7383"
"25.2450","0.2231","0.7383"
"25.2650","0.2231","0.7383"
"25.2850","0.2231","0.7383"
"25.3050","0.2231","0.7382"
"25.3250","0.2231","0.7382"
"25.3450","0.2231","0.7381"
"25.3650","0.2231","0.7380"
"25.3850","0.2231","0.7379"
"25.4050","0.2231","0.7377"
"25.4250","0.2231","0.7377"
"25.4450","0.2231","0.7377"
"25.4650","0.2231","0.7376"
"25.4850","0.2231","0.7375"
"25.5050","0.2231","0.7374"
"25.5250","0.2231","0.7374"
"25.5450","0.2231","0.7374"
"25.5650","0.2231","0.7372"
"25.5850","0.2231","0.7371"
"25.6050","0.2231","0.7370"
"25.6250","0.2231","0.7369"
"25.6450","0.2231","0.7369"
"25.6650","0.2231","0.7368"
"25.6850","0.2231","0.7367"
"25.7050","0.2231","0.7366"
"25.7250","0.2231","0.7366"
"25.7450","0.2231","0.7366"
"25.7650","0.2231","0.7365"
"25.7850","0.2231","0.7364"
"25.8050","0.2231","0.7363"
"25.8250","0.2231","0.7363"
"25.8450","0.2231","0.7361"
"25.8650","0.2231","0.7360"
"25.8850","0.2231","0.7360"
"25.9050","0.2231","0.7359"
"25.9250","0.2231","0.7359"
"25.9450","0.2231","0.7358"
"25.9650","0.2231","0.7358"
"25.9850","0.2231","0.7357"
"26.0050","0.2231","0.7356"
"26.0250","0.2231","0.7355"
"26.0450","0.2231","0.7355"
"26.0650","0.2231","0.7354"
"26.0850","0.2231","0.7354"
"26.1050","0.2231","0.7353"
"26.1250","0.2231","0.7351"
"26.1450","0.2231","0.7351"
"26.1650","0.2231","0.7350"
"26.1850","0.2231","0.7349"
"26.2050","0.2231","0.7349"
"26.2250","0.2231","0.7348"
"26.2450","0.2231","0.7347"
"26.2650","0.2231","0.7346"
"26.2850","0.2231","0.7345"
"26.3050","0.2231","0.7345"
"26.3250","0.2231","0.7344"
"26.3450","0.2231","0.7343"
"26.3650","0.2231","0.7343"
"26.3850","0.2231","0.7342"
"26.4050","0.2231","0.7342"
"26.4250","0.2231","0.7342"
"26.4450","0.2231","0.7340"
"26.4650","0.2231","0.7339"
"26.4850","0.2231","0.7339"
"26.5050","0.2231","0.7339"
"26.5250","0.2231","0.7338"
"26.5450","0.2231","0.7336"
"26.5650","0.2231","0.7336"
"26.5850","0.2231","0.7335"
"26.6050","0.2231","0.7335"
"26.6250","0.2231","0.7334"
"26.6450","0.2231","0.7334"
"26.6650","0.2231","0.7333"
"26.6850","0.2231","0.7332"
"26.7050","0.2231","0.7332"
"26.7250","0.2231","0.7331"
"26.7450","0.2231","0.7331"
"26.7650","0.2231","0.7329"
"26.7850","0.2231","0.7328"
"26.8050","0.2231","0.7328"
"26.8250","0.2231","0.7327"
"26.8450","0.2231","0.7326"
"26.8650","0.2231","0.7326"
"26.8850","0.2231","0.7326"
"26.9050","0.2231","0.7325"
"26.9250","0.2231","0.7325"
"26.9450","0.2231","0.7324"
"26.9650","0.2231","0.7324"
"26.9850","0.2231","0.7323"
"27.0050","0.2231","0.7323"
"27.0250","0.2231","0.7321"
"27.0450","0.2231","0.7320"
"27.0650","0.2231","0.7319"
"27.0850","0.2231","0.7318"
"27.1050","0.2231","0.7318"
"27.1250","0.2231","0.7318"
"27.1450","0.2231","0.7317"
"27.1650","0.2231","0.7317"
"27.1850","0.2231","0.7316"
"27.2050","0.2231","0.7315"
"27.2250","0.2231","0.7315"
"27.2450","0.2231","0.7314"
"27.2650","0.2231","0.7314"
"27.2850","0.2231","0.7313"
"27.3050","0.2231","0.7312"
"27.3250","0.2231","0.7310"
"27.3450","0.2231","0.7310"
"27.3650","0.2231","0.7309"
"27.3850","0.2231","0.7309"
"27.4050","0.2231","0.7309"
"27.4250","0.2231","0.7307"
"27.4450","0.2231","0.7307"
"27.4650","0.2231","0.7307"
"27.4850","0.2231","0.7307"
"27.5050","0.2231","0.7306"
"27.5250","0.2231","0.7305"
"27.5450","0.2231","0.7304"
"27.5650","0.2231","0.7304"
"27.5850","0.2231","0.7303"
"27.6050","0.2231","0.7302"
"27.6250","0.2231","0.7302"
"27.6450","0.2231","0.7301"
"27.6650","0.2231","0.7300"
"27.6850","0.2231","0.7300"
"27.7050","0.2231","0.7300"
"27.7250","0.2231","0.7299"
"27.7450","0.2231","0.7298"
"27.7650","0.2231","0.7297"
"27.7850","0.2231","0.7296"
"27.8050","0.2231","0.7295"
"27.8250","0.2231","0.7295"
"27.8450","0.2231","0.7295"
"27.8650","0.2231","0.7294"
"27.8850","0.2231","0.7293"
"27.9050","0.2231","0.7293"
"27.9250","0.2231","0.7293"
"27.9450","0.2231","0.7292"
"27.9650","0.2231","0.7291"
"27.9850","0.2231","0.7290"
"28.0050","0.2231","0.7290"
"28.0250","0.2231","0.7290"
"28.0450","0.2231","0.7290"
"28.0650","0.2231","0.7289"
"28.0850","0.2231","0.7288"
"28.1050","0.2231","0.7287"
"28.1250","0.2231","0.7287"
"28.1450","0.2231","0.7286"
"28.1650","0.2231","0.7285"
"28.1850","0.2231","0.7285"
"28.2050","0.2231","0.7284"
"28.2250","0.2231","0.7283"
"28.2450","0.2231","0.7283"
"28.2650","0.2231","0.7283"
"28.2850","0.2231","0.7283"
"28.3050","0.2231","0.7282"
"28.3250","0.2231","0.7281"
"28.3450","0.2231","0.7281"
"28.3650","0.2231","0.7280"
"28.3850","0.2231","0.7278"
"28.4050","0.2231","0.7278"
"28.4250","0.2231","0.7277"
"28.4450","0.2231","0.7277"
"28.4650","0.2231","0.7278"
"28.4850","0.2231","0.7277"
"28.5050","0.2231","0.7276"
"28.5250","0.2231","0.7275"
"28.5450","0.2231","0.7275"
"28.5650","0.2231","0.7275"
"28.5850","0.2231","0.7274"
"28.6050","0.2231","0.7273"
"28.6250","0.2231","0.7273"
"28.6450","0.2231","0.7272"
"28.6650","0.2231","0.7270"
"28.6850","0.2231","0.7270"
"28.7050","0.2231","0.7270"
"28.7250","0.2231","0.7269"
"28.7450","0.2231","0.7269"
"28.7650","0.2231","0.7268"
"28.7850","0.2231","0.7267"
"28.8050","0.2231","0.7268"
"28.8250","0.2231","0.7268"
"28.8450","0.2231","0.7266"
"28.8650","0.2231","0.7265"
"28.8850","0.2231","0.7265"
"28.9050","0.2231","0.7265"
"28.9250","0.2231","0.7265"
"28.9450","0.2231","0.7263"
"28.9650","0.2231","0.7263"
"28.9850","0.2231","0.7263"
"29.0050","0.2231","0.7262"
"29.0250","0.2231","0.7262"
"29.0450","0.2231","0.7262"
"29.0650","0.2231","0.7261"
"29.0850","0.2231","0.7259"
"29.1050","0.2231","0.7259"
"29.1250","0.2231","0.7259"
"29.1450","0.2231","0.7258"
"29.1650","0.2231","0.7257"
"29.1850","0.2231","0.7257"
"29.2050","0.2231","0.7257"
"29.2250","0.2231","0.7256"
"29.2450","0.2231","0.7256"
"29.2650","0.2231","0.7255"
"29.2850","0.2231","0.7254"
"29.3050","0.2231","0.7254"
"29.3250","0.2231","0.7253"
"29.3450","0.2231","0.7252"
"29.3650","0.2231","0.7252"
"29.3850","0.2231","0.7251"
"29.4050","0.2231","0.7251"
"29.4250","0.2231","0.7250"
"29.4450","0.2231","0.7250"
"29.4650","0.2231","0.7249"
"29.4850","0.2231","0.7249"
"29.5050","0.2231","0.7248"
"29.5250","0.2231","0.7248"
"29.5450","0.2231","0.7248"
"29.5650","0.2231","0.7246"
"29.5850","0.2231","0.7246"
"29.6050","0.2231","0.7246"
"29.6250","0.2231","0.7245"
"29.6450","0.2231","0.7245"
"29.6650","0.2231","0.7245"
"29.6850","0.2231","0.7244"
"29.7050","0.2231","0.7243"
"29.7250","0.2231","0.7243"
"29.7450","0.2231","0.7241"
"29.7650","0.2231","0.7241"
"29.7850","0.2231","0.7241"
"29.8050","0.2231","0.7241"
"29.8250","0.2231","0.7240"
"29.8450","0.2231","0.7239"
"29.8650","0.2231","0.7239"
"29.8850","0.2231","0.7238"
"29.9050","0.2231","0.7237"
"29.9250","0.2231","0.7237"
"29.9450","0.2231","0.7236"
"29.9650","0.2231","0.7236"
"29.9850","0.2231","0.7236"
"30.0050","0.2231","0.7236"
"30.0250","0.2231","0.7235"
"30.0450","0.2231","0.7235"
"30.0650","0.2231","0.7234"
"30.0850","0.2231","0.7233"
"30.1050","0.2231","0.7233"
"30.1250","0.2231","0.7232"
"30.1450","0.2231","0.7231"
"30.1650","0.2231","0.7231"
"30.1850","0.2231","0.7231"
"30.2050","0.2231","0.7231"
"30.2250","0.2231","0.7230"
"30.2450","0.2231","0.7229"
"30.2650","0.2231","0.7229"
"30.2850","0.2231","0.7229"
"30.3050","0.2231","0.7228"
"30.3250","0.2231","0.7228"
"30.3450","0.2231","0.7227"
"30.3650","0.2231","0.7226"
"30.3850","0.2231","0.7226"
"30.4050","0.2231","0.7225"
"30.4250","0.2231","0.7225"
"30.4450","0.2231","0.7225"
"30.4650","0.2231","0.7225"
"30.4850","0.2231","0.7224"
"30.5050","0.2231","0.7222"
"30.5250","0.2231","0.7222"
"30.5450","0.2231","0.7222"
"30.5650","0.2231","0.7221"
"30.5850","0.2231","0.7220"
"30.6050","0.2231","0.7220"
"30.6250","0.2231","0.7220"
"30.6450","0.2231","0.7219"
"30.6650","0.2231","0.7219"
"30.6850","0.2231","0.7219"
"30.7050","0.2231","0.7219"
"30.7250","0.2231","0.7217"
"30.7450","0.2231","0.7216"
"30.7650","0.2231","0.7217"
"30.7850","0.2231","0.7216"
"30.8050","0.2231","0.7216"
"30.8250","0.2231","0.7215"
"30.8450","0.2231","0.7215"
"30.8650","0.2231","0.7215"
"30.8850","0.2231","0.7215"
"30.9050","0.2231","0.7214"
"30.9250","0.2231","0.7213"
"30.9450","0.2231","0.7212"
"30.9650","0.2231","0.7212"
"30.9850","0.2231","0.7212"
"31.0050","0.2231","0.7211"
"31.0250","0.2231","0.7210"
"31.0450","0.2231","0.7210"
"31.0650","0.2231","0.7209"
"31.0850","0.2231","0.7209"
"31.1050","0.2231","0.7208"
"31.1250","0.2231","0.7208"
"31.1450","0.2231","0.7208"
"31.1650","0.2231","0.7207"
"31.1850","0.2231","0.7206"
"31.2050","0.2231","0.7206"
"31.2250","0.2231","0.7206"
"31.2450","0.2231","0.7206"
"31.2650","0.2231","0.7205"
"31.2850","0.2231","0.7204"
"31.3050","0.2231","0.7203"
"31.3250","0.2231","0.7203"
"31.3450","0.2231","0.7203"
"31.3650","0.2231","0.7203"
"31.3850","0.2231","0.7202"
"31.4050","0.2231","0.7201"
"31.4250","0.2231","0.7201"
"31.4450","0.2231","0.7201"
"31.4650","0.2231","0.7200"
"31.4850","0.2231","0.7200"
"31.5050","0.2231","0.7199"
"31.5250","0.2231","0.7199"
"31.5450","0.2231","0.7198"
"31.5650","0.2231","0.7198"
"31.5850","0.2231","0.7198"
"31.6050","0.2231","0.7197"
"31.6250","0.2231","0.7196"
"31.6450","0.2231","0.7196"
"31.6650","0.2231","0.7196"
"31.6850","0.2231","0.7195"
"31.7050","0.2231","0.7194"
"31.7250","0.2231","0.7194"
"31.7450","0.2231","0.7194"
"31.7650","0.2231","0.7193"
"31.7850","0.2231","0.7192"
"31.8050","0.2231","0.7192"
"31.8250","0.2231","0.7192"
"31.8450","0.2231","0.7191"
"31.8650","0.2231","0.7191"
"31.8850","0.2231","0.7190"
"31.9050","0.2231","0.7189"
"31.9250","0.2231","0.7189"
"31.9450","0.2231","0.7190"
"31.9650","0.2231","0.7189"
"31.9850","0.2231","0.7188"
"32.0050","0.2231","0.7188"
"32.0250","0.2231","0.7188"
"32.0450","0.2231","0.7187"
"32.0650","0.2231","0.7186"
"32.0850","0.2231","0.7186"
"32.1050","0.2231","0.7186"
"32.1250","0.2231","0.7185"
"32.1450","0.2231","0.7185"
"32.1650","0.2231","0.7184"
"32.1850","0.2231","0.7184"
"32.2050","0.2231","0.7183"
"32.2250","0.2231","0.7183"
"32.2450","0.2231","0.7182"
"32.2650","0.2231","0.7182"
"32.2850","0.2231","0.7182"
"32.3050","0.2231","0.7181"
"32.3250","0.2231","0.7181"
"32.3450","0.2231","0.7180"
"32.3650","0.2231","0.7179"
"32.3850","0.2231","0.7180"
"32.4050","0.2231","0.7179"
"32.4250","0.2231","0.7178"
"32.4450","0.2231","0.7178"
"32.4650","0.2231","0.7178"
"32.4850","0.2231","0.7177"
"32.5050","0.2231","0.7177"
"32.5250","0.2231","0.7177"
"32.5450","0.2231","0.7177"
"32.5650","0.2231","0.7177"
"32.5850","0.2231","0.7176"
"32.6050","0.2231","0.7175"
"32.6250","0.2231","0.7174"
"32.6450","0.2231","0.7174"
"32.6650","0.2231","0.7173"
"32.6850","0.2231","0.7172"
"32.7050","0.2231","0.7172"
"32.7250","0.2231","0.7171"
"32.7450","0.2231","0.7171"
"32.7650","0.2231","0.7172"
"32.7850","0.2231","0.7171"
"32.8050","0.2231","0.7170"
"32.8250","0.2231","0.7170"
"32.8450","0.2231","0.7170"
"32.8650","0.2231","0.7170"
"32.8850","0.2231","0.7169"
"32.9050","0.2231","0.7168"
"32.9250","0.2231","0.7168"
"32.9450","0.2231","0.7168"
"32.9650","0.2231","0.7168"
"32.9850","0.2231","0.7167"
"33.0050","0.2231","0.7166"
"33.0250","0.2231","0.7166"
"33.0450","0.2231","0.7165"
"33.0650","0.2231","0.7165"
"33.0850","0.2231","0.7164"
"33.1050","0.2231","0.7164"
"33.1250","0.2231","0.7164"
"33.1450","0.2231","0.7164"
"33.1650","0.2231","0.7163"
"33.1850","0.2231","0.7163"
"33.2050","0.2231","0.7162"
"33.2250","0.2231","0.7162"
"33.2450","0.2231","0.7161"
"33.2650","0.2231","0.7161"
"33.2850","0.2231","0.7161"
"33.3050","0.2231","0.7161"
"33.3250","0.2231","0.7160"
"33.3450","0.2231","0.7160"
"33.3650","0.2231","0.7160"
"33.3850","0.2231","0.7159"
"33.4050","0.2231","0.7159"
"33.4250","0.2231","0.7158"
"33.4450","0.2231","0.7157"
"33.4650","0.2231","0.7157"
"33.4850","0.2231","0.7156"
"33.5050","0.2231","0.7156"
"33.5250","0.2231","0.7156"
"33.5450","0.2231","0.7155"
"33.5650","0.2231","0.7154"
"33.5850","0.2231","0.7154"
"33.6050","0.2231","0.7154"
"33.6250","0.2231","0.7154"
"33.6450","0.2231","0.7154"
"33.6650","0.2231","0.7153"
"33.6850","0.2231","0.7153"
"33.7050","0.2231","0.7151"
"33.7250","0.2231","0.7152"
"33.7450","0.2231","0.7151"
"33.7650","0.2231","0.7151"
"33.7850","0.2231","0.7150"
"33.8050","0.2231","0.7150"
"33.8250","0.2231","0.7150"
"33.8450","0.2231","0.7150"
"33.8650","0.2231","0.7150"
"33.8850","0.2231","0.7149"
"33.9050","0.2231","0.7148"
"33.9250","0.2231","0.7147"
"33.9450","0.2231","0.7147"
"33.9650","0.2231","0.7146"
"33.9850","0.2231","0.7147"
"34.0050","0.2231","0.7147"
"34.0250","0.2231","0.7146"
"34.0450","0.2231","0.7145"
"34.0650","0.2231","0.7145"
"34.0850","0.2231","0.7145"
"34.1050","0.2231","0.7144"
"34.1250","0.2231","0.7143"
"34.1450","0.2231","0.7143"
"34.1650","0.2231","0.7143"
"34.1850","0.2231","0.7142"
"34.2050","0.2231","0.7142"
"34.2250","0.2231","0.7142"
"34.2450","0.2231","0.7142"
"34.2650","0.2231","0.7141"
"34.2850","0.2231","0.7140"
"34.3050","0.2231","0.7139"
"34.3250","0.2231","0.7140"
"34.3450","0.2231","0.7140"
"34.3650","0.2231","0.7140"
"34.3850","0.2231","0.7139"
"34.4050","0.2231","0.7140"
"34.4250","0.2231","0.7139"
"34.4450","0.2231","0.7138"
"34.4650","0.2231","0.7137"
"34.4850","0.2231","0.7137"
"34.5050","0.2231","0.7136"
"34.5250","0.2231","0.7136"
"34.5450","0.2231","0.7135"
"34.5650","0.2231","0.7134"
"34.5850","0.2231","0.7135"
"34.6050","0.2231","0.7134"
"34.6250","0.2231","0.7134"
"34.6450","0.2231","0.7134"
"34.6650","0.2231","0.7133"
"34.6850","0.2231","0.7133"
"34.7050","0.2231","0.7133"
"34.7250","0.2231","0.7132"
"34.7450","0.2231","0.7132"
"34.7650","0.2231","0.7132"
"34.7850","0.2231","0.7131"
"34.8050","0.2231","0.7130"
"34.8250","0.2231","0.7130"
"34.8450","0.2231","0.7129"
"34.8650","0.2231","0.7130"
"34.8850","0.2231","0.7129"
"34.9050","0.2231","0.7129"
"34.9250","0.2231","0.7128"
"34.9450","0.2231","0.7128"
"34.9650","0.2231","0.7128"
"34.9850","0.2231","0.7127"
"35.0050","0.2231","0.7126"
"35.0250","0.2231","0.7126"
"35.0450","0.2231","0.7126"
"35.0650","0.2231","0.7125"
"35.0850","0.2231","0.7126"
"35.1050","0.2231","0.7126"
"35.1250","0.2231","0.7125"
"35.1450","0.2231","0.7124"
"35.1650","0.2231","0.7124"
"35.1850","0.2231","0.7123"
"35.2050","0.2231","0.7122"
"35.2250","0.2231","0.7123"
"35.2450","0.2231","0.7123"
"35.2650","0.2231","0.7122"
"35.2850","0.2231","0.7121"
"35.3050","0.2231","0.7120"
"35.3250","0.2231","0.7121"
"35.3450","0.2231","0.7120"
"35.3650","0.2231","0.7120"
"35.3850","0.2231","0.7120"
"35.4050","0.2231","0.7119"
"35.4250","0.2231","0.7119"
"35.4450","0.2231","0.7118"
"35.4650","0.2231","0.7119"
"35.4850","0.2231","0.7118"
"35.5050","0.2231","0.7117"
"35.5250","0.2231","0.7117"
"35.5450","0.2231","0.7117"
"35.5650","0.2231","0.7117"
"35.5850","0.2231","0.7116"
"35.6050","0.2231","0.7116"
"35.6250","0.2231","0.7116"
"35.6450","0.2231","0.7115"
"35.6650","0.2231","0.7113"
"35.6850","0.2231","0.7113"
"35.7050","0.2231","0.7113"
"35.7250","0.2231","0.7114"
"35.7450","0.2231","0.7114"
"35.7650","0.2231","0.7114"
"35.7850","0.2231","0.7114"
"35.8050","0.2231","0.7113"
"35.8250","0.2231","0.7113"
"35.8450","0.2231","0.7112"
"35.8650","0.2231","0.7112"
"35.8850","0.2231","0.7111"
"35.9050","0.2231","0.7110"
"35.9250","0.2231","0.7110"
"35.9450","0.2231","0.7110"
"35.9650","0.2231","0.7110"
"35.9850","0.2231","0.7109"
"36.0050","0.2231","0.7108"
"36.0250","0.2231","0.7108"
"36.0450","0.2231","0.7108"
"36.0650","0.2231","0.7108"
"36.0850","0.2231","0.7107"
"36.1050","0.2231","0.7106"
"36.1250","0.2231","0.7106"
"36.1450","0.2231","0.7106"
"36.1650","0.2231","0.7105"
"36.1850","0.2231","0.7104"
"36.2050","0.2231","0.7105"
"36.2250","0.2231","0.7105"
"36.2450","0.2231","0.7105"
"36.2650","0.2231","0.7105"
"36.2850","0.2231","0.7104"
"36.3050","0.2231","0.7104"
"36.3250","0.2231","0.7103"
"36.3450","0.2231","0.7102"
"36.3650","0.2231","0.7102"
"36.3850","0.2231","0.7102"
"36.4050","0.2231","0.7102"
"36.4250","0.2231","0.7102"
"36.4450","0.2231","0.7102"
"36.4650","0.2231","0.7102"
"36.4850","0.2231","0.7101"
"36.5050","0.2231","0.7101"
"36.5250","0.2231","0.7100"
"36.5450","0.2231","0.7100"
"36.5650","0.2231","0.7100"
"36.5850","0.2231","0.7099"
"36.6050","0.2231","0.7098"
"36.6250","0.2231","0.7097"
"36.6450","0.2231","0.7097"
"36.6650","0.2231","0.7096"
"36.6850","0.2231","0.7096"
"36.7050","0.2231","0.7097"
"36.7250","0.2231","0.7096"
"36.7450","0.2231","0.7096"
"36.7650","0.2231","0.7096"
"36.7850","0.2231","0.7095"
"36.8050","0.2231","0.7095"
"36.8250","0.2231","0.7094"
"36.8450","0.2231","0.7094"
"36.8650","0.2231","0.7093"
"36.8850","0.2231","0.7093"
"36.9050","0.2231","0.7093"
"36.9250","0.2231","0.7093"
"36.9450","0.2231","0.7093"
"36.9650","0.2231","0.7092"
"36.9850","0.2231","0.7092"
"37.0050","0.2231","0.7091"
"37.0250","0.2231","0.7091"
"37.0450","0.2231","0.7090"
"37.0650","0.2231","0.7090"
"37.0850","0.2231","0.7090"
"37.1050","0.2231","0.7090"
"37.1250","0.2231","0.7089"
"37.1450","0.2231","0.7088"
"37.1650","0.2231","0.7088"
"37.1850","0.2231","0.7088"
"37.2050","0.2231","0.7089"
"37.2250","0.2231","0.7088"
"37.2450","0.2231","0.7088"
"37.2650","0.2231","0.7088"
"37.2850","0.2231","0.7087"
"37.3050","0.2231","0.7086"
"37.3250","0.2231","0.7086"
"37.3450","0.2231","0.7086"
"37.3650","0.2231","0.7086"
"37.3850","0.2231","0.7084"
"37.4050","0.2231","0.7084"
"37.4250","0.2231","0.7084"
"37.4450","0.2231","0.7084"
"37.4650","0.2231","0.7083"
"37.4850","0.2231","0.7084"
"37.5050","0.2231","0.7083"
"37.5250","0.2231","0.7083"
"37.5450","0.2231","0.7083"
"37.5650","0.2231","0.7082"
"37.5850","0.2231","0.7082"
"37.6050","0.2231","0.7081"
"37.6250","0.2231","0.7081"
"37.6450","0.2231","0.7080"
"37.6650","0.2231","0.7080"
"37.6850","0.2231","0.7080"
"37.7050","0.2231","0.7080"
"37.7250","0.2231","0.7080"
"37.7450","0.2231","0.7080"
"37.7650","0.2231","0.7079"
"37.7850","0.2231","0.7079"
"37.8050","0.2231","0.7078"
"37.8250","0.2231","0.7079"
"37.8450","0.2231","0.7078"
"37.8650","0.2231","0.7077"
"37.8850","0.2231","0.7077"
"37.9050","0.2231","0.7076"
"37.9250","0.2231","0.7076"
"37.9450","0.2231","0.7077"
"37.9650","0.2231","0.7077"
"37.9850","0.2231","0.7075"
"38.0050","0.2231","0.7075"
"38.0250","0.2231","0.7075"
"38.0450","0.2231","0.7075"
"38.0650","0.2231","0.7074"
"38.0850","0.2231","0.7074"
"38.1050","0.2231","0.7074"
"38.1250","0.2231","0.7073"
"38.1450","0.2231","0.7072"
"38.1650","0.2231","0.7071"
"38.1850","0.2231","0.7072"
"38.2050","0.2231","0.7072"
"38.2250","0.2231","0.7072"
"38.2450","0.2231","0.7071"
"38.2650","0.2231","0.7071"
"38.2850","0.2231","0.7070"
"38.3050","0.2231","0.7070"
"38.3250","0.2231","0.7070"
"38.3450","0.2231","0.7069"
"38.3650","0.2231","0.7069"
"38.3850","0.2231","0.7069"
"38.4050","0.2231","0.7070"
"38.4250","0.2231","0.7070"
"38.4450","0.2231","0.7069"
"38.4650","0.2231","0.7068"
"38.4850","0.2231","0.7067"
"38.5050","0.2231","0.7066"
"38.5250","0.2231","0.7066"
"38.5450","0.2231","0.7066"
"38.5650","0.2231","0.7067"
"38.5850","0.2231","0.7066"
"38.6050","0.2231","0.7065"
"38.6250","0.2231","0.7065"
"38.6450","0.2231","0.7065"
"38.6650","0.2231","0.7064"
"38.6850","0.2231","0.7064"
"38.7050","0.2231","0.7063"
"38.7250","0.2231","0.7063"
"38.7450","0.2231","0.7063"
"38.7650","0.2231","0.7063"
"38.7850","0.2231","0.7063"
"38.8050","0.2231","0.7063"
"38.8250","0.2231","0.7062"
"38.8450","0.2231","0.7063"
"38.8650","0.2231","0.7062"
"38.8850","0.2231","0.7061"
"38.9050","0.2231","0.7061"
"38.9250","0.2231","0.7061"
"38.9450","0.2231","0.7061"
"38.9650","0.2231","0.7060"
"38.9850","0.2231","0.7060"
"39.0050","0.2231","0.7059"
"39.0250","0.2231","0.7060"
"39.0450","0.2231","0.7060"
"39.0650","0.2231","0.7059"
"39.0850","0.2231","0.7059"
"39.1050","0.2231","0.7058"
"39.1250","0.2231","0.7057"
"39.1450","0.2231","0.7057"
"39.1650","0.2231","0.7057"
"39.1850","0.2231","0.7057"
"39.2050","0.2231","0.7056"
"39.2250","0.2231","0.7056"
"39.2450","0.2231","0.7055"
"39.2650","0.2231","0.7054"
"39.2850","0.2231","0.7054"
"39.3050","0.2231","0.7055"
"39.3250","0.2231","0.7054"
"39.3450","0.2231","0.7055"
"39.3650","0.2231","0.7054"
"39.3850","0.2231","0.7053"
"39.4050","0.2231","0.7053"
"39.4250","0.2231","0.7053"
"39.4450","0.2231","0.7053"
"39.4650","0.2231","0.7053"
"39.4850","0.2231","0.7052"
"39.5050","0.2231","0.7052"
"39.5250","0.2231","0.7051"
"39.5450","0.2231","0.7051"
"39.5650","0.2231","0.7050"
"39.5850","0.2231","0.7050"
"39.6050","0.2231","0.7051"
"39.6250","0.2231","0.7051"
"39.6450","0.2231","0.7050"
"39.6650","0.2231","0.7049"
"39.6850","0.2231","0.7049"
"39.7050","0.2231","0.7049"
"39.7250","0.2231","0.7048"
"39.7450","0.2231","0.7048"
"39.7650","0.2231","0.7048"
"39.7850","0.2231","0.7047"
"39.8050","0.2231","0.7047"
"39.8250","0.2231","0.7046"
"39.8450","0.2231","0.7046"
"39.8650","0.2231","0.7047"
"39.8850","0.2231","0.7047"
"39.9050","0.2231","0.7046"
"39.9250","0.2231","0.7046"
"39.9450","0.2231","0.7046"
"39.9650","0.2231","0.7046"
"39.9850","0.2231","0.7045"
"40.0050","0.2231","0.7045"
"40.0250","0.2231","0.7044"
"40.0450","0.2231","0.7044"
"40.0650","0.2231","0.7044"
"40.0850","0.2231","0.7043"
"40.1050","0.2231","0.7044"
"40.1250","0.2231","0.7043"
"40.1450","0.2231","0.7043"
"40.1650","0.2231","0.7042"
"40.1850","0.2231","0.7042"
"40.2050","0.2231","0.7041"
"40.2250","0.2231","0.7040"
"40.2450","0.2231","0.7040"
"40.2650","0.2231","0.7039"
"40.2850","0.2231","0.7039"
"40.3050","0.2231","0.7039"
"40.3250","0.2231","0.7039"
"40.3450","0.2231","0.7040"
"40.3650","0.2231","0.7039"
"40.3850","0.2231","0.7039"
"40.4050","0.2231","0.7039"
"40.4250","0.2231","0.7039"
"40.4450","0.2231","0.7039"
"40.4650","0.2231","0.7038"
"40.4850","0.2231","0.7037"
"40.5050","0.2231","0.7037"
"40.5250","0.2231","0.7037"
"40.5450","0.2231","0.7036"
"40.5650","0.2231","0.7036"
"40.5850","0.2231","0.7036"
"40.6050","0.2231","0.7036"
"40.6250","0.2231","0.7036"
"40.6450","0.2231","0.7036"
"40.6650","0.2231","0.7036"
"40.6850","0.2231","0.7036"
"40.7050","0.2231","0.7035"
"40.7250","0.2231","0.7034"
"40.7450","0.2231","0.7033"
"40.7650","0.2231","0.7032"
"40.7850","0.2231","0.7032"
"40.8050","0.2231","0.7032"
"40.8250","0.2231","0.7033"
"40.8450","0.2231","0.7032"
"40.8650","0.2231","0.7031"
"40.8850","0.2231","0.7031"
"40.9050","0.2231","0.7032"
"40.9250","0.2231","0.7032"
"40.9450","0.2231","0.7031"
"40.9650","0.2231","0.7031"
"40.9850","0.2231","0.7030"
"41.0050","0.2231","0.7031"
"41.0250","0.2231","0.7031"
"41.0450","0.2231","0.7030"
"41.0650","0.2231","0.7029"
"41.0850","0.2231","0.7029"
"41.1050","0.2231","0.7029"
"41.1250","0.2231","0.7029"
"41.1450","0.2231","0.7029"
"41.1650","0.2231","0.7028"
"41.1850","0.2231","0.7027"
"41.2050","0.2231","0.7026"
"41.2250","0.2231","0.7026"
"41.2450","0.2231","0.7026"
"41.2650","0.2231","0.7026"
"41.2850","0.2231","0.7026"
"41.3050","0.2231","0.7026"
"41.3250","0.2231","0.7026"
"41.3450","0.2231","0.7025"
"41.3650","0.2231","0.7025"
"41.3850","0.2231","0.7025"
"41.4050","0.2231","0.7025"
"41.4250","0.2231","0.7024"
"41.4450","0.2231","0.7025"
"41.4650","0.2231","0.7024"
"41.4850","0.2231","0.7024"
"41.5050","0.2231","0.7024"
"41.5250","0.2231","0.7022"
"41.5450","0.2231","0.7022"
"41.5650","0.2231","0.7022"
"41.5850","0.2231","0.7022"
"41.6050","0.2231","0.7022"
"41.6250","0.2231","0.7022"
"41.6450","0.2231","0.7022"
"41.6650","0.2231","0.7022"
"41.6850","0.2231","0.7021"
"41.7050","0.2231","0.7021"
"41.7250","0.2231","0.7020"
"41.7450","0.2231","0.7020"
"41.7650","0.2231","0.7019"
"41.7850","0.2231","0.7018"
"41.8050","0.2231","0.7018"
"41.8250","0.2231","0.7018"
"41.8450","0.2231","0.7018"
"41.8650","0.2231","0.7018"
"41.8850","0.2231","0.7018"
"41.9050","0.2231","0.7018"
"41.9250","0.2231","0.7017"
"41.9450","0.2231","0.7016"
"41.9650","0.2231","0.7016"
"41.9850","0.2231","0.7015"
"42.0050","0.2231","0.7016"
"42.0250","0.2231","0.7017"
"42.0450","0.2231","0.7016"
"42.0650","0.2231","0.7016"
"42.0850","0.2231","0.7015"
"42.1050","0.2231","0.7016"
"42.1250","0.2231","0.7016"
"42.1450","0.2231","0.7015"
"42.1650","0.2231","0.7014"
"42.1850","0.2231","0.7014"
"42.2050","0.2231","0.7014"
"42.2250","0.2231","0.7014"
"42.2450","0.2231","0.7014"
"42.2650","0.2231","0.7013"
"42.2850","0.2231","0.7013"
"42.3050","0.2231","0.7013"
"42.3250","0.2231","0.7013"
"42.3450","0.2231","0.7013"
"42.3650","0.2231","0.7012"
"42.3850","0.2231","0.7012"
"42.4050","0.2231","0.7011"
"42.4250","0.2231","0.7011"
"42.4450","0.2231","0.7010"
"42.4650","0.2231","0.7009"
"42.4850","0.2231","0.7010"
"42.5050","0.2231","0.7010"
"42.5250","0.2231","0.7009"
"42.5450","0.2231","0.7009"
"42.5650","0.2231","0.7010"
"42.5850","0.2231","0.7010"
"42.6050","0.2231","0.7009"
"42.6250","0.2231","0.7007"
"42.6450","0.2231","0.7008"
"42.6650","0.2231","0.7007"
"42.6850","0.2231","0.7006"
"42.7050","0.2231","0.7007"
"42.7250","0.2231","0.7006"
"42.7450","0.2231","0.7005"
"42.7650","0.2231","0.7005"
"42.7850","0.2231","0.7006"
"42.8050","0.2231","0.7006"
"42.8250","0.2231","0.7006"
"42.8450","0.2231","0.7006"
"42.8650","0.2231","0.7006"
"42.8850","0.2231","0.7005"
"42.9050","0.2231","0.7004"
"42.9250","0.2231","0.7004"
"42.9450","0.2231","0.7003"
"42.9650","0.2231","0.7003"
"42.9850","0.2231","0.7004"
"43.0050","0.2231","0.7003"
"43.0250","0.2231","0.7002"
"43.0450","0.2231","0.7002"
"43.0650","0.2231","0.7001"
"43.0850","0.2231","0.7001"
"43.1050","0.2231","0.7001"
"43.1250","0.2231","0.7000"
"43.1450","0.2231","0.7000"
"43.1650","0.2231","0.7000"
"43.1850","0.2231","0.7000"
"43.2050","0.2231","0.7000"
"43.2250","0.2231","0.7000"
"43.2450","0.2231","0.6999"
"43.2650","0.2231","0.6999"
"43.2850","0.2231","0.6999"
"43.3050","0.2231","0.7000"
"43.3250","0.2231","0.6999"
"43.3450","0.2231","0.6998"
"43.3650","0.2231","0.6999"
"43.3850","0.2231","0.6999"
"43.4050","0.2231","0.6997"
"43.4250","0.2231","0.6996"
"43.4450","0.2231","0.6996"
"43.4650","0.2231","0.6996"
"43.4850","0.2231","0.6996"
"43.5050","0.2231","0.6996"
"43.5250","0.2231","0.6996"
"43.5450","0.2231","0.6995"
"43.5650","0.2231","0.6995"
"43.5850","0.2231","0.6995"
"43.6050","0.2231","0.6995"
"43.6250","0.2231","0.6995"
"43.6450","0.2231","0.6995"
"43.6650","0.2231","0.6994"
"43.6850","0.2231","0.6995"
"43.7050","0.2231","0.6994"
"43.7250","0.2231","0.6994"
"43.7450","0.2231","0.6993"
"43.7650","0.2231","0.6993"
"43.7850","0.2231","0.6993"
"43.8050","0.2231","0.6993"
"43.8250","0.2231","0.6993"
"43.8450","0.2231","0.6992"
"43.8650","0.2231","0.6992"
"43.8850","0.2231","0.6991"
"43.9050","0.2231","0.6991"
"43.9250","0.2231","0.6992"
"43.9450","0.2231","0.6991"
"43.9650","0.2231","0.6991"
"43.9850","0.2231","0.6991"
"44.0050","0.2231","0.6990"
"44.0250","0.2231","0.6989"
"44.0450","0.2231","0.6990"
"44.0650","0.2231","0.6990"
"44.0850","0.2231","0.6990"
"44.1050","0.2231","0.6990"
"44.1250","0.2231","0.6989"
"44.1450","0.2231","0.6989"
"44.1650","0.2231","0.6989"
"44.1850","0.2231","0.6988"
"44.2050","0.2231","0.6988"
"44.2250","0.2231","0.6987"
"44.2450","0.2231","0.6987"
"44.2650","0.2231","0.6987"
"44.2850","0.2231","0.6987"
"44.3050","0.2231","0.6986"
"44.3250","0.2231","0.6986"
"44.3450","0.2231","0.6986"
"44.3650","0.2231","0.6985"
"44.3850","0.2231","0.6985"
"44.4050","0.2231","0.6984"
"44.4250","0.2231","0.6984"
"44.4450","0.2231","0.6984"
"44.4650","0.2231","0.6985"
"44.4850","0.2231","0.6984"
"44.5050","0.2231","0.6984"
"44.5250","0.2231","0.6984"
"44.5450","0.2231","0.6983"
"44.5650","0.2231","0.6984"
"44.5850","0.2231","0.6983"
"44.6050","0.2231","0.6983"
"44.6250","0.2231","0.6982"
"44.6450","0.2231","0.6982"
"44.6650","0.2231","0.6982"
"44.6850","0.2231","0.6981"
"44.7050","0.2231","0.6982"
"44.7250","0.2231","0.6981"
"44.7450","0.2231","0.6980"
"44.7650","0.2231","0.6980"
"44.7850","0.2231","0.6981"
"44.8050","0.2231","0.6981"
"44.8250","0.2231","0.6980"
"44.8450","0.2231","0.6979"
"44.8650","0.2231","0.6979"
"44.8850","0.2231","0.6979"
"44.9050","0.2231","0.6978"
"44.9250","0.2231","0.6978"
"44.9450","0.2231","0.6979"
"44.9650","0.2231","0.6978"
"44.9850","0.2231","0.6978"
"45.0050","0.2231","0.6978"
"45.0250","0.2231","0.6978"
"45.0450","0.2231","0.6977"
"45.0650","0.2231","0.6977"
"45.0850","0.2231","0.6977"
"45.1050","0.2231","0.6977"
"45.1250","0.2231","0.6976"
"45.1450","0.2231","0.6976"
"45.1650","0.2231","0.6976"
"45.1850","0.2231","0.6976"
"45.2050","0.2231","0.6975"
"45.2250","0.2231","0.6975"
"45.2450","0.2231","0.6975"
"45.2650","0.2231","0.6975"
"45.2850","0.2231","0.6975"
"45.3050","0.2231","0.6974"
"45.3250","0.2231","0.6974"
"45.3450","0.2231","0.6973"
"45.3650","0.2231","0.6974"
"45.3850","0.2231","0.6973"
"45.4050","0.2231","0.6973"
"45.4250","0.2231","0.6972"
"45.4450","0.2231","0.6972"
"45.4650","0.2231","0.6972"
"45.4850","0.2231","0.6972"
"45.5050","0.2231","0.6972"
"45.5250","0.2231","0.6971"
"45.5450","0.2231","0.6971"
"45.5650","0.2231","0.6971"
"45.5850","0.2231","0.6970"
"45.6050","0.2231","0.6970"
"45.6250","0.2231","0.6970"
"45.6450","0.2231","0.6971"
"45.6650","0.2231","0.6970"
"45.6850","0.2231","0.6970"
"45.7050","0.2231","0.6970"
"45.7250","0.2231","0.6969"
"45.7450","0.2231","0.6969"
"45.7650","0.2231","0.6969"
"45.7850","0.2231","0.6968"
"45.8050","0.2231","0.6967"
"45.8250","0.2231","0.6966"
"45.8450","0.2231","0.6966"
"45.8650","0.2231","0.6967"
"45.8850","0.2231","0.6968"
"45.9050","0.2231","0.6967"
"45.9250","0.2231","0.6967"
"45.9450","0.2231","0.6966"
"45.9650","0.2231","0.6966"
"45.9850","0.2231","0.6966"
"46.0050","0.2231","0.6965"
"46.0250","0.2231","0.6966"
"46.0450","0.2231","0.6965"
"46.0650","0.2231","0.6966"
"46.0850","0.2231","0.6966"
"46.1050","0.2231","0.6965"
"46.1250","0.2231","0.6964"
"46.1450","0.2231","0.6964"
"46.1650","0.2231","0.6965"
"46.1850","0.2231","0.6965"
"46.2050","0.2231","0.6964"
"46.2250","0.2231","0.6963"
"46.2450","0.2231","0.6963"
"46.2650","0.2231","0.6963"
"46.2850","0.2231","0.6962"
"46.3050","0.2231","0.6962"
"46.3250","0.2231","0.6962"
"46.3450","0.2231","0.6962"
"46.3650","0.2231","0.6962"
"46.3850","0.2231","0.6962"
"46.4050","0.2231","0.6961"
"46.4250","0.2231","0.6961"
"46.4450","0.2231","0.6961"
"46.4650","0.2231","0.6960"
"46.4850","0.2231","0.6961"
"46.5050","0.2231","0.6961"
"46.5250","0.2231","0.6960"
"46.5450","0.2231","0.6960"
"46.5650","0.2231","0.6960"
"46.5850","0.2231","0.6960"
"46.6050","0.2231","0.6959"
"46.6250","0.2231","0.6958"
"46.6450","0.2231","0.6959"
"46.6650","0.2231","0.6958"
"46.6850","0.2231","0.6958"
"46.7050","0.2231","0.6957"
"46.7250","0.2231","0.6958"
"46.7450","0.2231","0.6958"
"46.7650","0.2231","0.6958"
"46.7850","0.2231","0.6957"
"46.8050","0.2231","0.6956"
"46.8250","0.2231","0.6956"
"46.8450","0.2231","0.6956"
"46.8650","0.2231","0.6956"
"46.8850","0.2231","0.6956"
"46.9050","0.2231","0.6955"
"46.9250","0.2231","0.6956"
"46.9450","0.2231","0.6956"
"46.9650","0.2231","0.6955"
"46.9850","0.2231","0.6956"
"47.0050","0.2231","0.6955"
"47.0250","0.2231","0.6954"
"47.0450","0.2231","0.6954"
"47.0650","0.2231","0.6954"
"47.0850","0.2231","0.6954"
"47.1050","0.2231","0.6954"
"47.1250","0.2231","0.6954"
"47.1450","0.2231","0.6953"
"47.1650","0.2231","0.6953"
"47.1850","0.2231","0.6952"
"47.2050","0.2231","0.6952"
"47.2250","0.2231","0.6952"
"47.2450","0.2231","0.6952"
"47.2650","0.2231","0.6951"
"47.2850","0.2231","0.6951"
"47.3050","0.2231","0.6951"
"47.3250","0.2231","0.6951"
"47.3450","0.2231","0.6952"
"47.3650","0.2231","0.6951"
"47.3850","0.2231","0.6950"
"47.4050","0.2231","0.6950"
"47.4250","0.2231","0.6949"
"47.4450","0.2231","0.6949"
"47.4650","0.2231","0.6949"
"47.4850","0.2231","0.6949"
"47.5050","0.2231","0.6949"
"47.5250","0.2231","0.6949"
"47.5450","0.2231","0.6948"
"47.5650","0.2231","0.6948"
"47.5850","0.2231","0.6947"
"47.6050","0.2231","0.6947"
"47.6250","0.2231","0.6947"
"47.6450","0.2231","0.6947"
"47.6650","0.2231","0.6948"
"47.6850","0.2231","0.6948"
"47.7050","0.2231","0.6946"
"47.7250","0.2231","0.6946"
"47.7450","0.2231","0.6947"
"47.7650","0.2231","0.6946"
"47.7850","0.2231","0.6946"
"47.8050","0.2231","0.6945"
"47.8250","0.2231","0.6945"
"47.8450","0.2231","0.6945"
"47.8650","0.2231","0.6945"
"47.8850","0.2231","0.6945"
"47.9050","0.2231","0.6945"
"47.9250","0.2231","0.6944"
"47.9450","0.2231","0.6943"
"47.9650","0.2231","0.6944"
"47.9850","0.2231","0.6943"
"48.0050","0.2231","0.6943"
"48.0250","0.2231","0.6944"
"48.0450","0.2231","0.6943"
"48.0650","0.2231","0.6943"
"48.0850","0.2231","0.6943"
"48.1050","0.2231","0.6943"
"48.1250","0.2231","0.6942"
"48.1450","0.2231","0.6942"
"48.1650","0.2231","0.6942"
"48.1850","0.2231","0.6942"
"48.2050","0.2231","0.6940"
"48.2250","0.2231","0.6940"
"48.2450","0.2231","0.6940"
"48.2650","0.2231","0.6941"
"48.2850","0.2231","0.6940"
"48.3050","0.2231","0.6940"
"48.3250","0.2231","0.6940"
"48.3450","0.2231","0.6940"
"48.3650","0.2231","0.6940"
"48.3850","0.2231","0.6940"
"48.4050","0.2231","0.6939"
"48.4250","0.2231","0.6939"
"48.4450","0.2231","0.6938"
"48.4650","0.2231","0.6938"
"48.4850","0.2231","0.6938"
"48.5050","0.2231","0.6938"
"48.5250","0.2231","0.6938"
"48.5450","0.2231","0.6937"
"48.5650","0.2231","0.6937"
"48.5850","0.2231","0.6937"
"48.6050","0.2231","0.6937"
"48.6250","0.2231","0.6937"
"48.6450","0.2231","0.6937"
"48.6650","0.2231","0.6937"
"48.6850","0.2231","0.6937"
"48.7050","0.2231","0.6937"
"48.7250","0.2231","0.6935"
"48.7450","0.2231","0.6935"
"48.7650","0.2231","0.6935"
"48.7850","0.2231","0.6935"
"48.8050","0.2231","0.6935"
"48.8250","0.2231","0.6934"
"48.8450","0.2231","0.6935"
"48.8650","0.2231","0.6935"
"48.8850","0.2231","0.6934"
"48.9050","0.2231","0.6934"
"48.9250","0.2231","0.6933"
"48.9450","0.2231","0.6933"
"48.9650","0.2231","0.6933"
"48.9850","0.2231","0.6933"
"49.0050","0.2231","0.6933"
"49.0250","0.2231","0.6933"
"49.0450","0.2231","0.6933"
"49.0650","0.2231","0.6932"
"49.0850","0.2231","0.6931"
"49.1050","0.2231","0.6932"
"49.1250","0.2231","0.6932"
"49.1450","0.2231","0.6931"
"49.1650","0.2231","0.6931"
"49.1850","0.2231","0.6931"
"49.2050","0.2231","0.6931"
"49.2250","0.2231","0.6930"
"49.2450","0.2231","0.6930"
"49.2650","0.2231","0.6931"
"49.2850","0.2231","0.6930"
"49.3050","0.2231","0.6930"
"49.3250","0.2231","0.6929"
"49.3450","0.2231","0.6929"
"49.3650","0.2231","0.6928"
"49.3850","0.2231","0.6928"
"49.4050","0.2231","0.6928"
"49.4250","0.2231","0.6928"
"49.4450","0.2231","0.6928"
"49.4650","0.2231","0.6929"
"49.4850","0.2231","0.6928"
"49.5050","0.2231","0.6928"
"49.5250","0.2231","0.6927"
"49.5450","0.2231","0.6926"
"49.5650","0.2231","0.6926"
"49.5850","0.2231","0.6926"
"49.6050","0.2231","0.6925"
"49.6250","0.2231","0.6926"
"49.6450","0.2231","0.6927"
"49.6650","0.2231","0.6925"
"49.6850","0.2231","0.6925"
"49.7050","0.2231","0.6925"
"49.7250","0.2231","0.6925"
"49.7450","0.2231","0.6925"
"49.7650","0.2231","0.6925"
"49.7850","0.2231","0.6926"
"49.8050","0.2231","0.6925"
"49.8250","0.2231","0.6924"
"49.8450","0.2231","0.6923"
"49.8650","0.2231","0.6923"
"49.8850","0.2231","0.6924"
"49.9050","0.2231","0.6924"
"49.9250","0.2231","0.6923"
"49.9450","0.2231","0.6923"
"49.9650","0.2231","0.6924"
"49.9850","0.2231","0.6922"
"50.0050","0.2231","0.6922"
"50.0250","0.2231","0.6922"
"50.0450","0.2231","0.6922"
"50.0650","0.2231","0.6921"
"50.0850","0.2231","0.6920"
"50.1050","0.2231","0.6920"
"50.1250","0.2231","0.6921"
"50.1450","0.2231","0.6921"
"50.1650","0.2231","0.6921"
"50.1850","0.2231","0.6920"
"50.2050","0.2231","0.6920"
"50.2250","0.2231","0.6919"
"50.2450","0.2231","0.6920"
"50.2650","0.2231","0.6920"
"50.2850","0.2231","0.6920"
"50.3050","0.2231","0.6919"
"50.3250","0.2231","0.6919"
"50.3450","0.2231","0.6919"
"50.3650","0.2231","0.6918"
"50.3850","0.2231","0.6919"
"50.4050","0.2231","0.6918"
"50.4250","0.2231","0.6918"
"50.4450","0.2231","0.6918"
"50.4650","0.2231","0.6918"
"50.4850","0.2231","0.6918"
"50.5050","0.2231","0.6917"
"50.5250","0.2231","0.6917"
"50.5450","0.2231","0.6916"
"50.5650","0.2231","0.6917"
"50.5850","0.2231","0.6917"
"50.6050","0.2231","0.6916"
"50.6250","0.2231","0.6917"
"50.6450","0.2231","0.6916"
"50.6650","0.2231","0.6915"
"50.6850","0.2231","0.6916"
"50.7050","0.2231","0.6916"
"50.7250","0.2231","0.6915"
"50.7450","0.2231","0.6915"
"50.7650","0.2231","0.6914"
"50.7850","0.2231","0.6914"
"50.8050","0.2231","0.6913"
"50.8250","0.2231","0.6913"
"50.8450","0.2231","0.6913"
"50.8650","0.2231","0.6914"
"50.8850","0.2231","0.6914"
"50.9050","0.2231","0.6913"
"50.9250","0.2231","0.6913"
"50.9450","0.2231","0.6913"
"50.9650","0.2231","0.6913"
"50.9850","0.2231","0.6913"
"51.0050","0.2231","0.6912"
"51.0250","0.2231","0.6911"
"51.0450","0.2231","0.6912"
"51.0650","0.2231","0.6911"
"51.0850","0.2231","0.6910"
"51.1050","0.2231","0.6911"
"51.1250","0.2231","0.6911"
"51.1450","0.2231","0.6911"
"51.1650","0.2231","0.6911"
"51.1850","0.2231","0.6910"
"51.2050","0.2231","0.6910"
"51.2250","0.2231","0.6910"
"51.2450","0.2231","0.6909"
"51.2650","0.2231","0.6909"
"51.2850","0.2231","0.6909"
"51.3050","0.2231","0.6909"
"51.3250","0.2231","0.6909"
"51.3450","0.2231","0.6909"
"51.3650","0.2231","0.6909"
"51.3850","0.2231","0.6908"
"51.4050","0.2231","0.6908"
"51.4250","0.2231","0.6908"
"51.4450","0.2231","0.6909"
"51.4650","0.2231","0.6908"
"51.4850","0.2231","0.6907"
"51.5050","0.2231","0.6906"
"51.5250","0.2231","0.6907"
"51.5450","0.2231","0.6907"
"51.5650","0.2231","0.6907"
"51.5850","0.2231","0.6907"
"51.6050","0.2231","0.6906"
"51.6250","0.2231","0.6906"
"51.6450","0.2231","0.6907"
"51.6650","0.2231","0.6907"
"51.6850","0.2231","0.6906"
"51.7050","0.2231","0.6906"
"51.7250","0.2231","0.6905"
"51.7450","0.2231","0.6904"
"51.7650","0.2231","0.6904"
"51.7850","0.2231","0.6904"
"51.8050","0.2231","0.6903"
"51.8250","0.2231","0.6903"
"51.8450","0.2231","0.6903"
"51.8650","0.2231","0.6903"
"51.8850","0.2231","0.6903"
"51.9050","0.2231","0.6903"
"51.9250","0.2231","0.6903"
"51.9450","0.2231","0.6902"
"51.9650","0.2231","0.6902"
"51.9850","0.2231","0.6902"
"52.0050","0.2231","0.6903"
"52.0250","0.2231","0.6902"
"52.0450","0.2231","0.6902"
"52.0650","0.2231","0.6902"
"52.0850","0.2231","0.6902"
"52.1050","0.2231","0.6902"
"52.1250","0.2231","0.6901"
"52.1450","0.2231","0.6901"
"52.1650","0.2231","0.6901"
"52.1850","0.2231","0.6900"
"52.2050","0.2231","0.6900"
"52.2250","0.2231","0.6901"
"52.2450","0.2231","0.6901"
"52.2650","0.2231","0.6901"
"52.2850","0.2231","0.6900"
"52.3050","0.2231","0.6899"
"52.3250","0.2231","0.6900"
"52.3450","0.2231","0.6900"
"52.3650","0.2231","0.6899"
"52.3850","0.2231","0.6898"
"52.4050","0.2231","0.6898"
"52.4250","0.2231","0.6898"
"52.4450","0.2231","0.6897"
"52.4650","0.2231","0.6897"
"52.4850","0.2231","0.6898"
"52.5050","0.2231","0.6899"
"52.5250","0.2231","0.6899"
"52.5450","0.2231","0.6898"
"52.5650","0.2231","0.6897"
"52.5850","0.2231","0.6896"
"52.6050","0.2231","0.6896"
"52.6250","0.2231","0.6896"
"52.6450","0.2231","0.6895"
"52.6650","0.2231","0.6895"
"52.6850","0.2231","0.6895"
"52.7050","0.2231","0.6896"
"52.7250","0.2231","0.6896"
"52.7450","0.2231","0.6896"
"52.7650","0.2231","0.6896"
"52.7850","0.2231","0.6896"
"52.8050","0.2231","0.6895"
"52.8250","0.2231","0.6894"
"52.8450","0.2231","0.6894"
"52.8650","0.2231","0.6894"
"52.8850","0.2231","0.6893"
"52.9050","0.2231","0.6892"
"52.9250","0.2231","0.6893"
"52.9450","0.2231","0.6893"
"52.9650","0.2231","0.6894"
"52.9850","0.2231","0.6893"
"53.0050","0.2231","0.6893"
"53.0250","0.2231","0.6892"
"53.0450","0.2231","0.6893"
"53.0650","0.2231","0.6892"
"53.0850","0.2231","0.6892"
"53.1050","0.2231","0.6892"
"53.1250","0.2231","0.6892"
"53.1450","0.2231","0.6892"
"53.1650","0.2231","0.6891"
"53.1850","0.2231","0.6890"
"53.2050","0.2231","0.6890"
"53.2250","0.2231","0.6891"
"53.2450","0.2231","0.6891"
"53.2650","0.2231","0.6890"
"53.2850","0.2231","0.6890"
"53.3050","0.2231","0.6890"
"53.3250","0.2231","0.6890"
"53.3450","0.2231","0.6890"
"53.3650","0.2231","0.6889"
"53.3850","0.2231","0.6889"
"53.4050","0.2231","0.6889"
"53.4250","0.2231","0.6888"
"53.4450","0.2231","0.6889"
"53.4650","0.2231","0.6889"
"53.4850","0.2231","0.6888"
"53.5050","0.2231","0.6888"
"53.5250","0.2231","0.6888"
"53.5450","0.2231","0.6888"
"53.5650","0.2231","0.6888"
"53.5850","0.2231","0.6888"
"53.6050","0.2231","0.6888"
"53.6250","0.2231","0.6887"
"53.6450","0.2231","0.6886"
"53.6650","0.2231","0.6886"
"53.6850","0.2231","0.6886"
"53.7050","0.2231","0.6887"
"53.7250","0.2231","0.6886"
"53.7450","0.2231","0.6886"
"53.7650","0.2231","0.6886"
"53.7850","0.2231","0.6886"
"53.8050","0.2231","0.6885"
"53.8250","0.2231","0.6885"
"53.8450","0.2231","0.6885"
"53.8650","0.2231","0.6885"
"53.8850","0.2231","0.6884"
"53.9050","0.2231","0.6884"
"53.9250","0.2231","0.6883"
"53.9450","0.2231","0.6883"
"53.9650","0.2231","0.6883"
"53.9850","0.2231","0.6883"
"54.0050","0.2231","0.6882"
"54.0250","0.2231","0.6882"
"54.0450","0.2231","0.6882"
"54.0650","0.2231","0.6883"
"54.0850","0.2231","0.6882"
"54.1050","0.2231","0.6882"
"54.1250","0.2231","0.6881"
"54.1450","0.2231","0.6881"
"54.1650","0.2231","0.6882"
"54.1850","0.2231","0.6881"
"54.2050","0.2231","0.6881"
"54.2250","0.2231","0.6882"
"54.2450","0.2231","0.6881"
"54.2650","0.2231","0.6881"
"54.2850","0.2231","0.6881"
"54.3050","0.2231","0.6880"
"54.3250","0.2231","0.6880"
"54.3450","0.2231","0.6880"
"54.3650","0.2231","0.6880"
"54.3850","0.2231","0.6880"
"54.4050","0.2231","0.6880"
"54.4250","0.2231","0.6880"
"54.4450","0.2231","0.6879"
"54.4650","0.2231","0.6879"
"54.4850","0.2231","0.6879"
"54.5050","0.2231","0.6879"
"54.5250","0.2231","0.6879"
"54.5450","0.2231","0.6880"
"54.5650","0.2231","0.6880"
"54.5850","0.2231","0.6878"
"54.6050","0.2231","0.6876"
"54.6250","0.2231","0.6877"
"54.6450","0.2231","0.6878"
"54.6650","0.2231","0.6877"
"54.6850","0.2231","0.6877"
"54.7050","0.2231","0.6877"
"54.7250","0.2231","0.6878"
"54.7450","0.2231","0.6877"
"54.7650","0.2231","0.6877"
"54.7850","0.2231","0.6876"
"54.8050","0.2231","0.6876"
"54.8250","0.2231","0.6876"
"54.8450","0.2231","0.6876"
"54.8650","0.2231","0.6876"
"54.8850","0.2231","0.6876"
"54.9050","0.2231","0.6875"
"54.9250","0.2231","0.6874"
"54.9450","0.2231","0.6875"
"54.9650","0.2231","0.6875"
"54.9850","0.2231","0.6874"
"55.0050","0.2231","0.6874"
"55.0250","0.2231","0.6874"
"55.0450","0.2231","0.6874"
"55.0650","0.2231","0.6874"
"55.0850","0.2231","0.6874"
"55.1050","0.2231","0.6874"
"55.1250","0.2231","0.6873"
"55.1450","0.2231","0.6873"
"55.1650","0.2231","0.6872"
"55.1850","0.2231","0.6872"
"55.2050","0.2231","0.6872"
"55.2250","0.2231","0.6872"
"55.2450","0.2231","0.6873"
"55.2650","0.2231","0.6872"
"55.2850","0.2231","0.6872"
"55.3050","0.2231","0.6872"
"55.3250","0.2231","0.6872"
"55.3450","0.2231","0.6872"
"55.3650","0.2231","0.6871"
"55.3850","0.2231","0.6871"
"55.4050","0.2231","0.6871"
"55.4250","0.2231","0.6871"
"55.4450","0.2231","0.6870"
"55.4650","0.2231","0.6870"
"55.4850","0.2231","0.6870"
"55.5050","0.2231","0.6870"
"55.5250","0.2231","0.6870"
"55.5450","0.2231","0.6870"
"55.5650","0.2231","0.6870"
"55.5850","0.2231","0.6870"
"55.6050","0.2231","0.6870"
"55.6250","0.2231","0.6870"
"55.6450","0.2231","0.6870"
"55.6650","0.2231","0.6869"
"55.6850","0.2231","0.6868"
"55.7050","0.2231","0.6869"
"55.7250","0.2231","0.6868"
"55.7450","0.2231","0.6868"
"55.7650","0.2231","0.6867"
"55.7850","0.2231","0.6867"
"55.8050","0.2231","0.6867"
"55.8250","0.2231","0.6867"
"55.8450","0.2231","0.6867"
"55.8650","0.2231","0.6867"
"55.8850","0.2231","0.6868"
"55.9050","0.2231","0.6867"
"55.9250","0.2231","0.6867"
"55.9450","0.2231","0.6866"
"55.9650","0.2231","0.6866"
"55.9850","0.2231","0.6866"
"56.0050","0.2231","0.6866"
"56.0250","0.2231","0.6866"
"56.0450","0.2231","0.6865"
"56.0650","0.2231","0.6866"
"56.0850","0.2231","0.6866"
"56.1050","0.2231","0.6865"
"56.1250","0.2231","0.6865"
"56.1450","0.2231","0.6864"
"56.1650","0.2231","0.6863"
"56.1850","0.2231","0.6862"
"56.2050","0.2231","0.6862"
"56.2250","0.2231","0.6862"
"56.2450","0.2231","0.6863"
"56.2650","0.2231","0.6863"
"56.2850","0.2231","0.6863"
"56.3050","0.2231","0.6862"
"56.3250","0.2231","0.6863"
"56.3450","0.2231","0.6863"
"56.3650","0.2231","0.6862"
"56.3850","0.2231","0.6862"
"56.4050","0.2231","0.6863"
"56.4250","0.2231","0.6863"
"56.4450","0.2231","0.6862"
"56.4650","0.2231","0.6862"
"56.4850","0.2231","0.6862"
"56.5050","0.2231","0.6861"
"56.5250","0.2231","0.6861"
"56.5450","0.2231","0.6861"
"56.5650","0.2231","0.6861"
"56.5850","0.2231","0.6861"
"56.6050","0.2231","0.6862"
"56.6250","0.2231","0.6861"
"56.6450","0.2231","0.6859"
"56.6650","0.2231","0.6859"
"56.6850","0.2231","0.6859"
"56.7050","0.2231","0.6859"
"56.7250","0.2231","0.6859"
"56.7450","0.2231","0.6859"
"56.7650","0.2231","0.6859"
"56.7850","0.2231","0.6858"
"56.8050","0.2231","0.6859"
"56.8250","0.2231","0.6859"
"56.8450","0.2231","0.6859"
"56.8650","0.2231","0.6858"
"56.8850","0.2231","0.6858"
"56.9050","0.2231","0.6858"
"56.9250","0.2231","0.6857"
"56.9450","0.2231","0.6857"
"56.9650","0.2231","0.6857"
"56.9850","0.2231","0.6858"
"57.0050","0.2231","0.6858"
"57.0250","0.2231","0.6857"
"57.0450","0.2231","0.6856"
"57.0650","0.2231","0.6856"
"57.0850","0.2231","0.6857"
"57.1050","0.2231","0.6856"
"57.1250","0.2231","0.6855"
"57.1450","0.2231","0.6855"
"57.1650","0.2231","0.6855"
"57.1850","0.2231","0.6855"
"57.2050","0.2231","0.6855"
"57.2250","0.2231","0.6856"
"57.2450","0.2231","0.6855"
"57.2650","0.2231","0.6854"
"57.2850","0.2231","0.6855"
"57.3050","0.2231","0.6855"
"57.3250","0.2231","0.6855"
"57.3450","0.2231","0.6854"
"57.3650","0.2231","0.6854"
"57.3850","0.2231","0.6853"
"57.4050","0.2231","0.6852"
"57.4250","0.2231","0.6852"
"57.4450","0.2231","0.6852"
"57.4650","0.2231","0.6853"
"57.4850","0.2231","0.6854"
"57.5050","0.2231","0.6853"
"57.5250","0.2231","0.6853"
"57.5450","0.2231","0.6852"
"57.5650","0.2231","0.6852"
"57.5850","0.2231","0.6852"
"57.6050","0.2231","0.6852"
"57.6250","0.2231","0.6851"
"57.6450","0.2231","0.6851"
"57.6650","0.2231","0.6851"
"57.6850","0.2231","0.6851"
"57.7050","0.2231","0.6850"
"57.7250","0.2231","0.6851"
"57.7450","0.2231","0.6852"
"57.7650","0.2231","0.6852"
"57.7850","0.2231","0.6851"
"57.8050","0.2231","0.6850"
"57.8250","0.2231","0.6849"
"57.8450","0.2231","0.6850"
"57.8650","0.2231","0.6849"
"57.8850","0.2231","0.6849"
"57.9050","0.2231","0.6849"
"57.9250","0.2231","0.6849"
"57.9450","0.2231","0.6849"
"57.9650","0.2231","0.6849"
"57.9850","0.2231","0.6848"
"58.0050","0.2231","0.6847"
"58.0250","0.2231","0.6847"
"58.0450","0.2231","0.6848"
"58.0650","0.2231","0.6848"
"58.0850","0.2231","0.6847"
"58.1050","0.2231","0.6847"
"58.1250","0.2231","0.6846"
"58.1450","0.2231","0.6846"
"58.1650","0.2231","0.6847"
"58.1850","0.2231","0.6848"
"58.2050","0.2231","0.6848"
"58.2250","0.2231","0.6847"
"58.2450","0.2231","0.6847"
"58.2650","0.2231","0.6847"
"58.2850","0.2231","0.6847"
"58.3050","0.2231","0.6846"
"58.3250","0.2231","0.6846"
"58.3450","0.2231","0.6846"
"58.3650","0.2231","0.6846"
"58.3850","0.2231","0.6846"
"58.4050","0.2231","0.6845"
"58.4250","0.2231","0.6846"
"58.4450","0.2231","0.6845"
"58.4650","0.2231","0.6846"
"58.4850","0.2231","0.6846"
"58.5050","0.2231","0.6845"
"58.5250","0.2231","0.6844"
"58.5450","0.2231","0.6843"
"58.5650","0.2231","0.6844"
"58.5850","0.2231","0.6844"
"58.6050","0.2231","0.6844"
"58.6250","0.2231","0.6843"
"58.6450","0.2231","0.6843"
"58.6650","0.2231","0.6843"
"58.6850","0.2231","0.6844"
"58.7050","0.2231","0.6844"
"58.7250","0.2231","0.6843"
"58.7450","0.2231","0.6843"
"58.7650","0.2231","0.6843"
"58.7850","0.2231","0.6842"
"58.8050","0.2231","0.6842"
"58.8250","0.2231","0.6842"
"58.8450","0.2231","0.6841"
"58.8650","0.2231","0.6841"
"58.8850","0.2231","0.6841"
"58.9050","0.2231","0.6841"
"58.9250","0.2231","0.6841"
"58.9450","0.2231","0.6840"
"58.9650","0.2231","0.6841"
"58.9850","0.2231","0.6841"
"59.0050","0.2231","0.6840"
"59.0250","0.2231","0.6839"
"59.0450","0.2231","0.6840"
"59.0650","0.2231","0.6840"
"59.0850","0.2231","0.6839"
"59.1050","0.2231","0.6840"
"59.1250","0.2231","0.6840"
"59.1450","0.2231","0.6840"
"59.1650","0.2231","0.6839"
"59.1850","0.2231","0.6839"
"59.2050","0.2231","0.6839"
"59.2250","0.2231","0.6839"
"59.2450","0.2231","0.6839"
"59.2650","0.2231","0.6838"
"59.2850","0.2231","0.6838"
"59.3050","0.2231","0.6838"
"59.3250","0.2231","0.6839"
"59.3450","0.2231","0.6838"
"59.3650","0.2231","0.6837"
"59.3850","0.2231","0.6837"
"59.4050","0.2231","0.6837"
"59.4250","0.2231","0.6837"
"59.4450","0.2231","0.6837"
"59.4650","0.2231","0.6836"
"59.4850","0.2231","0.6837"
"59.5050","0.2231","0.6838"
"59.5250","0.2231","0.6837"
"59.5450","0.2231","0.6837"
"59.5650","0.2231","0.6836"
"59.5850","0.2231","0.6836"
"59.6050","0.2231","0.6835"
"59.6250","0.2231","0.6835"
"59.6450","0.2231","0.6836"
"59.6650","0.2231","0.6836"
"59.6850","0.2231","0.6835"
"59.7050","0.2231","0.6835"
"59.7250","0.2231","0.6835"
"59.7450","0.2231","0.6835"
"59.7650","0.2231","0.6834"
"59.7850","0.2231","0.6834"
"59.8050","0.2231","0.6833"
"59.8250","0.2231","0.6833"
"59.8450","0.2231","0.6834"
"59.8650","0.2231","0.6834"
"59.8850","0.2231","0.6834"
"59.9050","0.2231","0.6833"
"59.9250","0.2231","0.6833"
"59.9450","0.2231","0.6833"
"59.9650","0.2231","0.6833"
"59.9850","0.2231","0.6832"
"60.0050","0.2231","0.6833"
"60.0250","0.2231","0.6832"
"60.0450","0.2231","0.6832"
"60.0650","0.2231","0.6832"
"60.0850","0.2231","0.6831"
"60.1050","0.2231","0.6831"
"60.1250","0.2231","0.6832"
"60.1450","0.2231","0.6831"
"60.1650","0.2231","0.6831"
"60.1850","0.2231","0.6831"
"60.2050","0.2231","0.6831"
"60.2250","0.2231","0.6831"
"60.2450","0.2231","0.6831"
"60.2650","0.2231","0.6830"
"60.2850","0.2231","0.6829"
"60.3050","0.2231","0.6829"
"60.3250","0.2231","0.6829"
"60.3450","0.2231","0.6830"
"60.3650","0.2231","0.6830"
"60.3850","0.2231","0.6830"
"60.4050","0.2231","0.6829"
"60.4250","0.2231","0.6829"
"60.4450","0.2231","0.6829"
"60.4650","0.2231","0.6828"
"60.4850","0.2231","0.6829"
"60.5050","0.2231","0.6829"
"60.5250","0.2231","0.6828"
"60.5450","0.2231","0.6828"
"60.5650","0.2231","0.6829"
"60.5850","0.2231","0.6828"
"60.6050","0.2231","0.6828"
"60.6250","0.2231","0.6827"
"60.6450","0.2231","0.6827"
"60.6650","0.2231","0.6828"
"60.6850","0.2231","0.6827"
"60.7050","0.2231","0.6827"
"60.7250","0.2231","0.6826"
"60.7450","0.2231","0.6826"
"60.7650","0.2231","0.6826"
"60.7850","0.2231","0.6826"
"60.8050","0.2231","0.6826"
"60.8250","0.2231","0.6826"
"60.8450","0.2231","0.6826"
"60.8650","0.2231","0.6826"
"60.8850","0.2231","0.6826"
"60.9050","0.2231","0.6825"
"60.9250","0.2231","0.6825"
"60.9450","0.2231","0.6825"
"60.9650","0.2231","0.6825"
"60.9850","0.2231","0.6825"
"61.0050","0.2231","0.6824"
"61.0250","0.2231","0.6824"
"61.0450","0.2231","0.6824"
"61.0650","0.2231","0.6823"
"61.0850","0.2231","0.6823"
"61.1050","0.2231","0.6824"
"61.1250","0.2231","0.6824"
"61.1450","0.2231","0.6824"
"61.1650","0.2231","0.6823"
"61.1850","0.2231","0.6822"
"61.2050","0.2231","0.6823"
"61.2250","0.2231","0.6823"
"61.2450","0.2231","0.6822"
"61.2650","0.2231","0.6822"
"61.2850","0.2231","0.6822"
"61.3050","0.2231","0.6823"
"61.3250","0.2231","0.6823"
"61.3450","0.2231","0.6822"
"61.3650","0.2231","0.6822"
"61.3850","0.2231","0.6821"
"61.4050","0.2231","0.6822"
"61.4250","0.2231","0.6823"
"61.4450","0.2231","0.6822"
"61.4650","0.2231","0.6821"
"61.4850","0.2231","0.6820"
"61.5050","0.2231","0.6821"
"61.5250","0.2231","0.6820"
"61.5450","0.2231","0.6821"
"61.5650","0.2231","0.6820"
"61.5850","0.2231","0.6820"
"61.6050","0.2231","0.6820"
"61.6250","0.2231","0.6820"
"61.6450","0.2231","0.6820"
"61.6650","0.2231","0.6819"
"61.6850","0.2231","0.6819"
"61.7050","0.2231","0.6818"
"61.7250","0.2231","0.6818"
"61.7450","0.2231","0.6819"
"61.7650","0.2231","0.6819"
"61.7850","0.2231","0.6819"
"61.8050","0.2231","0.6819"
"61.8250","0.2231","0.6819"
"61.8450","0.2231","0.6819"
"61.8650","0.2231","0.6819"
"61.8850","0.2231","0.6819"
"61.9050","0.2231","0.6818"
"61.9250","0.2231","0.6817"
"61.9450","0.2231","0.6816"
"61.9650","0.2231","0.6816"
"61.9850","0.2231","0.6817"
"62.0050","0.2231","0.6817"
"62.0250","0.2231","0.6817"
"62.0450","0.2231","0.6816"
"62.0650","0.2231","0.6817"
"62.0850","0.2231","0.6817"
"62.1050","0.2231","0.6817"
"62.1250","0.2231","0.6817"
"62.1450","0.2231","0.6817"
"62.1650","0.2231","0.6817"
"62.1850","0.2231","0.6816"
"62.2050","0.2231","0.6816"
"62.2250","0.2231","0.6816"
"62.2450","0.2231","0.6816"
"62.2650","0.2231","0.6815"
"62.2850","0.2231","0.6815"
"62.3050","0.2231","0.6815"
"62.3250","0.2231","0.6815"
"62.3450","0.2231","0.6815"
"62.3650","0.2231","0.6815"
"62.3850","0.2231","0.6814"
"62.4050","0.2231","0.6814"
"62.4250","0.2231","0.6813"
"62.4450","0.2231","0.6814"
"62.4650","0.2231","0.6814"
"62.4850","0.2231","0.6814"
"62.5050","0.2231","0.6813"
"62.5250","0.2231","0.6813"
"62.5450","0.2231","0.6813"
"62.5650","0.2231","0.6813"
"62.5850","0.2231","0.6812"
"62.6050","0.2231","0.6812"
"62.6250","0.2231","0.6811"
"62.6450","0.2231","0.6812"
"62.6650","0.2231","0.6811"
"62.6850","0.2231","0.6812"
"62.7050","0.2231","0.6812"
"62.7250","0.2231","0.6811"
"62.7450","0.2231","0.6811"
"62.7650","0.2231","0.6810"
"62.7850","0.2231","0.6810"
"62.8050","0.2231","0.6811"
"62.8250","0.2231","0.6811"
"62.8450","0.2231","0.6812"
"62.8650","0.2231","0.6811"
"62.8850","0.2231","0.6810"
"62.9050","0.2231","0.6810"
"62.9250","0.2231","0.6810"
"62.9450","0.2231","0.6810"
"62.9650","0.2231","0.6810"
"62.9850","0.2231","0.6810"
"63.0050","0.2231","0.6809"
"63.0250","0.2231","0.6809"
"63.0450","0.2231","0.6810"
"63.0650","0.2231","0.6810"
"63.0850","0.2231","0.6809"
"63.1050","0.2231","0.6809"
"63.1250","0.2231","0.6808"
"63.1450","0.2231","0.6808"
"63.1650","0.2231","0.6808"
"63.1850","0.2231","0.6808"
"63.2050","0.2231","0.6808"
"63.2250","0.2231","0.6808"
"63.2450","0.2231","0.6808"
"63.2650","0.2231","0.6808"
"63.2850","0.2231","0.6808"
"63.3050","0.2231","0.6808"
"63.3250","0.2231","0.6808"
"63.3450","0.2231","0.6807"
"63.3650","0.2231","0.6807"
"63.3850","0.2231","0.6807"
"63.4050","0.2231","0.6806"
"63.4250","0.2231","0.6806"
"63.4450","0.2231","0.6805"
"63.4650","0.2231","0.6805"
"63.4850","0.2231","0.6806"
"63.5050","0.2231","0.6806"
"63.5250","0.2231","0.6805"
"63.5450","0.2231","0.6805"
"63.5650","0.2231","0.6806"
"63.5850","0.2231","0.6805"
"63.6050","0.2231","0.6805"
"63.6250","0.2231","0.6805"
"63.6450","0.2231","0.6805"
"63.6650","0.2231","0.6805"
"63.6850","0.2231","0.6804"
"63.7050","0.2231","0.6804"
"63.7250","0.2231","0.6804"
"63.7450","0.2231","0.6805"
"63.7650","0.2231","0.6804"
"63.7850","0.2231","0.6805"
"63.8050","0.2231","0.6804"
"63.8250","0.2231","0.6803"
"63.8450","0.2231","0.6803"
"63.8650","0.2231","0.6804"
"63.8850","0.2231","0.6803"
"63.9050","0.2231","0.6803"
"63.9250","0.2231","0.6802"
"63.9450","0.2231","0.6802"
"63.9650","0.2231","0.6802"
"63.9850","0.2231","0.6802"
"64.0050","0.2231","0.6802"
"64.0250","0.2231","0.6802"
"64.0450","0.2231","0.6803"
"64.0650","0.2231","0.6802"
"64.0850","0.2231","0.6801"
"64.1050","0.2231","0.6801"
"64.1250","0.2231","0.6800"
"64.1450","0.2231","0.6800"
"64.1650","0.2231","0.6801"
"64.1850","0.2231","0.6801"
"64.2050","0.2231","0.6801"
"64.2250","0.2231","0.6800"
"64.2450","0.2231","0.6801"
"64.2650","0.2231","0.6801"
"64.2850","0.2231","0.6800"
"64.3050","0.2231","0.6799"
"64.3250","0.2231","0.6799"
"64.3450","0.2231","0.6799"
"64.3650","0.2231","0.6799"
"64.3850","0.2231","0.6799"
"64.4050","0.2231","0.6799"
"64.4250","0.2231","0.6799"
"64.4450","0.2231","0.6799"
"64.4650","0.2231","0.6799"
"64.4850","0.2231","0.6798"
"64.5050","0.2231","0.6799"
"64.5250","0.2231","0.6799"
"64.5450","0.2231","0.6798"
"64.5650","0.2231","0.6798"
"64.5850","0.2231","0.6797"
"64.6050","0.2231","0.6797"
"64.6250","0.2231","0.6798"
"64.6450","0.2231","0.6798"
"64.6650","0.2231","0.6798"
"64.6850","0.2231","0.6798"
"64.7050","0.2231","0.6798"
"64.7250","0.2231","0.6797"
"64.7450","0.2231","0.6798"
"64.7650","0.2231","0.6797"
"64.7850","0.2231","0.6797"
"64.8050","0.2231","0.6797"
"64.8250","0.2231","0.6796"
"64.8450","0.2231","0.6795"
"64.8650","0.2231","0.6795"
"64.8850","0.2231","0.6795"
"64.9050","0.2231","0.6796"
"64.9250","0.2231","0.6796"
"64.9450","0.2231","0.6795"
"64.9650","0.2231","0.6795"
"64.9850","0.2231","0.6796"
"65.0050","0.2231","0.6795"
"65.0250","0.2231","0.6795"
"65.0450","0.2231","0.6794"
"65.0650","0.2231","0.6794"
"65.0850","0.2231","0.6794"
"65.1050","0.2231","0.6794"
"65.1250","0.2231","0.6795"
"65.1450","0.2231","0.6795"
"65.1650","0.2231","0.6794"
"65.1850","0.2231","0.6794"
"65.2050","0.2231","0.6794"
"65.2250","0.2231","0.6794"
"65.2450","0.2231","0.6793"
"65.2650","0.2231","0.6793"
"65.2850","0.2231","0.6792"
"65.3050","0.2231","0.6792"
"65.3250","0.2231","0.6792"
"65.3450","0.2231","0.6792"
"65.3650","0.2231","0.6792"
"65.3850","0.2231","0.6792"
"65.4050","0.2231","0.6792"
"65.4250","0.2231","0.6792"
"65.4450","0.2231","0.6792"
"65.4650","0.2231","0.6792"
"65.4850","0.2231","0.6792"
"65.5050","0.2231","0.6791"
"65.5250","0.2231","0.6791"
"65.5450","0.2231","0.6791"
"65.5650","0.2231","0.6791"
"65.5850","0.2231","0.6791"
"65.6050","0.2231","0.6791"
"65.6250","0.2231","0.6790"
"65.6450","0.2231","0.6791"
"65.6650","0.2231","0.6791"
"65.6850","0.2231","0.6790"
"65.7050","0.2231","0.6790"
"65.7250","0.2231","0.6790"
"65.7450","0.2231","0.6791"
"65.7650","0.2231","0.6791"
"65.7850","0.2231","0.6790"
"65.8050","0.2231","0.6790"
"65.8250","0.2231","0.6789"
"65.8450","0.2231","0.6789"
"65.8650","0.2231","0.6789"
"65.8850","0.2231","0.6789"
"65.9050","0.2231","0.6789"
"65.9250","0.2231","0.6789"
"65.9450","0.2231","0.6788"
"65.9650","0.2231","0.6788"
"65.9850","0.2231","0.6790"
"66.0050","0.2231","0.6789"
"66.0250","0.2231","0.6788"
"66.0450","0.2231","0.6788"
"66.0650","0.2231","0.6788"
"66.0850","0.2231","0.6788"
"66.1050","0.2231","0.6788"
"66.1250","0.2231","0.6787"
"66.1450","0.2231","0.6787"
"66.1650","0.2231","0.6787"
"66.1850","0.2231","0.6786"
"66.2050","0.2231","0.6787"
"66.2250","0.2231","0.6787"
"66.2450","0.2231","0.6786"
"66.2650","0.2231","0.6786"
"66.2850","0.2231","0.6785"
"66.3050","0.2231","0.6786"
"66.3250","0.2231","0.6786"
"66.3450","0.2231","0.6786"
"66.3650","0.2231","0.6785"
"66.3850","0.2231","0.6786"
"66.4050","0.2231","0.6786"
"66.4250","0.2231","0.6785"
"66.4450","0.2231","0.6784"
"66.4650","0.2231","0.6784"
"66.4850","0.2231","0.6784"
"66.5050","0.2231","0.6784"
"66.5250","0.2231","0.6784"
"66.5450","0.2231","0.6784"
"66.5650","0.2231","0.6785"
"66.5850","0.2231","0.6785"
"66.6050","0.2231","0.6784"
"66.6250","0.2231","0.6783"
"66.6450","0.2231","0.6784"
"66.6650","0.2231","0.6784"
"66.6850","0.2231","0.6783"
"66.7050","0.2231","0.6783"
"66.7250","0.2231","0.6783"
"66.7450","0.2231","0.6783"
"66.7650","0.2231","0.6782"
"66.7850","0.2231","0.6782"
"66.8050","0.2231","0.6782"
"66.8250","0.2231","0.6782"
"66.8450","0.2231","0.6782"
"66.8650","0.2231","0.6783"
"66.8850","0.2231","0.6783"
"66.9050","0.2231","0.6782"
"66.9250","0.2231","0.6782"
"66.9450","0.2231","0.6782"
"66.9650","0.2231","0.6781"
"66.9850","0.2231","0.6781"
"67.0050","0.2231","0.6781"
"67.0250","0.2231","0.6781"
"67.0450","0.2231","0.6781"
"67.0650","0.2231","0.6781"
"67.0850","0.2231","0.6781"
"67.1050","0.2231","0.6780"
"67.1250","0.2231","0.6780"
"67.1450","0.2231","0.6780"
"67.1650","0.2231","0.6779"
"67.1850","0.2231","0.6780"
"67.2050","0.2231","0.6779"
"67.2250","0.2231","0.6779"
"67.2450","0.2231","0.6779"
"67.2650","0.2231","0.6779"
"67.2850","0.2231","0.6779"
"67.3050","0.2231","0.6778"
"67.3250","0.2231","0.6779"
"67.3450","0.2231","0.6778"
"67.3650","0.2231","0.6779"
"67.3850","0.2231","0.6779"
"67.4050","0.2231","0.6778"
"67.4250","0.2231","0.6779"
"67.4450","0.2231","0.6778"
"67.4650","0.2231","0.6778"
"67.4850","0.2231","0.6778"
"67.5050","0.2231","0.6778"
"67.5250","0.2231","0.6778"
"67.5450","0.2231","0.6778"
"67.5650","0.2231","0.6777"
"67.5850","0.2231","0.6778"
"67.6050","0.2231","0.6777"
"67.6250","0.2231","0.6776"
"67.6450","0.2231","0.6776"
"67.6650","0.2231","0.6777"
"67.6850","0.2231","0.6777"
"67.7050","0.2231","0.6778"
"67.7250","0.2231","0.6777"
"67.7450","0.2231","0.6776"
"67.7650","0.2231","0.6777"
"67.7850","0.2231","0.6776"
"67.8050","0.2231","0.6776"
"67.8250","0.2231","0.6776"
"67.8450","0.2231","0.6776"
"67.8650","0.2231","0.6776"
"67.8850","0.2231","0.6776"
"67.9050","0.2231","0.6776"
"67.9250","0.2231","0.6776"
"67.9450","0.2231","0.6775"
"67.9650","0.2231","0.6775"
"67.9850","0.2231","0.6775"
"68.0050","0.2231","0.6774"
"68.0250","0.2231","0.6774"
"68.0450","0.2231","0.6774"
"68.0650","0.2231","0.6774"
"68.0850","0.2231","0.6774"
"68.1050","0.2231","0.6774"
"68.1250","0.2231","0.6773"
"68.1450","0.2231","0.6773"
"68.1650","0.2231","0.6773"
"68.1850","0.2231","0.6773"
"68.2050","0.2231","0.6773"
"68.2250","0.2231","0.6773"
"68.2450","0.2231","0.6773"
"68.2650","0.2231","0.6773"
"68.2850","0.2231","0.6773"
"68.3050","0.2231","0.6772"
"68.3250","0.2231","0.6772"
"68.3450","0.2231","0.6772"
"68.3650","0.2231","0.6772"
"68.3850","0.2231","0.6772"
"68.4050","0.2231","0.6772"
"68.4250","0.2231","0.6772"
"68.4450","0.2231","0.6771"
"68.4650","0.2231","0.6771"
"68.4850","0.2231","0.6771"
"68.5050","0.2231","0.6771"
"68.5250","0.2231","0.6771"
"68.5450","0.2231","0.6770"
"68.5650","0.2231","0.6770"
"68.5850","0.2231","0.6770"
"68.6050","0.2231","0.6771"
"68.6250","0.2231","0.6771"
"68.6450","0.2231","0.6771"
"68.6650","0.2231","0.6770"
"68.6850","0.2231","0.6770"
"68.7050","0.2231","0.6770"
"68.7250","0.2231","0.6770"
"68.7450","0.2231","0.6771"
"68.7650","0.2231","0.6771"
"68.7850","0.2231","0.6770"
"68.8050","0.2231","0.6769"
"68.8250","0.2231","0.6769"
"68.8450","0.2231","0.6768"
"68.8650","0.2231","0.6768"
"68.8850","0.2231","0.6768"
"68.9050","0.2231","0.6768"
"68.9250","0.2231","0.6769"
"68.9450","0.2231","0.6768"
"68.9650","0.2231","0.6768"
"68.9850","0.2231","0.6768"
"69.0050","0.2231","0.6768"
"69.0250","0.2231","0.6768"
"69.0450","0.2231","0.6768"
"69.0650","0.2231","0.6767"
"69.0850","0.2231","0.6766"
"69.1050","0.2231","0.6766"
"69.1250","0.2231","0.6766"
"69.1450","0.2231","0.6766"
"69.1650","0.2231","0.6766"
"69.1850","0.2231","0.6767"
"69.2050","0.2231","0.6767"
"69.2250","0.2231","0.6766"
"69.2450","0.2231","0.6765"
"69.2650","0.2231","0.6765"
"69.2850","0.2231","0.6766"
"69.3050","0.2231","0.6766"
"69.3250","0.2231","0.6765"
"69.3450","0.2231","0.6766"
"69.3650","0.2231","0.6766"
"69.3850","0.2231","0.6766"
"69.4050","0.2231","0.6766"
"69.4250","0.2231","0.6765"
"69.4450","0.2231","0.6766"
"69.4650","0.2231","0.6765"
"69.4850","0.2231","0.6764"
"69.5050","0.2231","0.6765"
"69.5250","0.2231","0.6764"
"69.5450","0.2231","0.6764"
"69.5650","0.2231","0.6764"
"69.5850","0.2231","0.6763"
"69.6050","0.2231","0.6764"
"69.6250","0.2231","0.6764"
"69.6450","0.2231","0.6764"
"69.6650","0.2231","0.6764"
"69.6850","0.2231","0.6764"
"69.7050","0.2231","0.6764"
"69.7250","0.2231","0.6764"
"69.7450","0.2231","0.6763"
"69.7650","0.2231","0.6763"
"69.7850","0.2231","0.6763"
"69.8050","0.2231","0.6763"
"69.8250","0.2231","0.6763"
"69.8450","0.2231","0.6763"
"69.8650","0.2231","0.6762"
"69.8850","0.2231","0.6763"
"69.9050","0.2231","0.6762"
"69.9250","0.2231","0.6762"
"69.9450","0.2231","0.6762"
"69.9650","0.2231","0.6761"
"69.9850","0.2231","0.6762"
"70.0050","0.2231","0.6762"
"70.0250","0.2231","0.6761"
"70.0450","0.2231","0.6760"
"70.0650","0.2231","0.6761"
"70.0850","0.2231","0.6761"
"70.1050","0.2231","0.6760"
"70.1250","0.2231","0.6760"
"70.1450","0.2231","0.6760"
"70.1650","0.2231","0.6760"
"70.1850","0.2231","0.6759"
"70.2050","0.2231","0.6760"
"70.2250","0.2231","0.6760"
"70.2450","0.2231","0.6760"
"70.2650","0.2231","0.6760"
"70.2850","0.2231","0.6759"
"70.3050","0.2231","0.6758"
"70.3250","0.2231","0.6759"
"70.3450","0.2231","0.6759"
"70.3650","0.2231","0.6759"
"70.3850","0.2231","0.6759"
"70.4050","0.2231","0.6759"
"70.4250","0.2231","0.6759"
"70.4450","0.2231","0.6758"
"70.4650","0.2231","0.6758"
"70.4850","0.2231","0.6758"
"70.5050","0.2231","0.6758"
"70.5250","0.2231","0.6757"
"70.5450","0.2231","0.6758"
"70.5650","0.2231","0.6758"
"70.5850","0.2231","0.6758"
"70.6050","0.2231","0.6758"
"70.6250","0.2231","0.6757"
"70.6450","0.2231","0.6757"
"70.6650","0.2231","0.6758"
"70.6850","0.2231","0.6757"
"70.7050","0.2231","0.6757"
"70.7250","0.2231","0.6757"
"70.7450","0.2231","0.6757"
"70.7650","0.2231","0.6756"
"70.7850","0.2231","0.6756"
"70.8050","0.2231","0.6756"
"70.8250","0.2231","0.6756"
"70.8450","0.2231","0.6757"
"70.8650","0.2231","0.6756"
"70.8850","0.2231","0.6756"
"70.9050","0.2231","0.6756"
"70.9250","0.2231","0.6755"
"70.9450","0.2231","0.6755"
"70.9650","0.2231","0.6755"
"70.9850","0.2231","0.6755"
"71.0050","0.2231","0.6756"
"71.0250","0.2231","0.6756"
"71.0450","0.2231","0.6755"
"71.0650","0.2231","0.6755"
"71.0850","0.2231","0.6755"
"71.1050","0.2231","0.6755"
"71.1250","0.2231","0.6755"
"71.1450","0.2231","0.6754"
"71.1650","0.2231","0.6754"
"71.1850","0.2231","0.6753"
"71.2050","0.2231","0.6754"
"71.2250","0.2231","0.6754"
"71.2450","0.2231","0.6754"
"71.2650","0.2231","0.6754"
"71.2850","0.2231","0.6754"
"71.3050","0.2231","0.6754"
"71.3250","0.2231","0.6754"
"71.3450","0.2231","0.6754"
"71.3650","0.2231","0.6753"
"71.3850","0.2231","0.6753"
"71.4050","0.2231","0.6753"
"71.4250","0.2231","0.6753"
"71.4450","0.2231","0.6753"
"71.4650","0.2231","0.6752"
"71.4850","0.2231","0.6752"
"71.5050","0.2231","0.6751"
"71.5250","0.2231","0.6752"
"71.5450","0.2231","0.6752"
"71.5650","0.2231","0.6751"
"71.5850","0.2231","0.6751"
"71.6050","0.2231","0.6751"
"71.6250","0.2231","0.6751"
"71.6450","0.2231","0.6751"
"71.6650","0.2231","0.6750"
"71.6850","0.2231","0.6750"
"71.7050","0.2231","0.6751"
"71.7250","0.2231","0.6751"
"71.7450","0.2231","0.6751"
"71.7650","0.2231","0.6751"
"71.7850","0.2231","0.6751"
"71.8050","0.2231","0.6751"
"71.8250","0.2231","0.6751"
"71.8450","0.2231","0.6751"
"71.8650","0.2231","0.6751"
"71.8850","0.2231","0.6751"
"71.9050","0.2231","0.6750"
"71.9250","0.2231","0.6749"
"71.9450","0.2231","0.6748"
"71.9650","0.2231","0.6749"
"71.9850","0.2231","0.6749"
"72.0050","0.2231","0.6749"
"72.0250","0.2231","0.6749"
"72.0450","0.2231","0.6749"
"72.0650","0.2231","0.6749"
"72.0850","0.2231","0.6748"
"72.1050","0.2231","0.6747"
"72.1250","0.2231","0.6748"
"72.1450","0.2231","0.6748"
"72.1650","0.2231","0.6748"
"72.1850","0.2231","0.6748"
"72.2050","0.2231","0.6747"
"72.2250","0.2231","0.6747"
"72.2450","0.2231","0.6746"
"72.2650","0.2231","0.6746"
"72.2850","0.2231","0.6747"
"72.3050","0.2231","0.6747"
"72.3250","0.2231","0.6746"
"72.3450","0.2231","0.6746"
"72.3650","0.2231","0.6747"
"72.3850","0.2231","0.6747"
"72.4050","0.2231","0.6746"
"72.4250","0.2231","0.6745"
"72.4450","0.2231","0.6746"
"72.4650","0.2231","0.6746"
"72.4850","0.2231","0.6746"
"72.5050","0.2231","0.6746"
"72.5250","0.2231","0.6745"
"72.5450","0.2231","0.6746"
"72.5650","0.2231","0.6746"
"72.5850","0.2231","0.6745"
"72.6050","0.2231","0.6744"
"72.6250","0.2231","0.6744"
"72.6450","0.2231","0.6744"
"72.6650","0.2231","0.6745"
"72.6850","0.2231","0.6744"
"72.7050","0.2231","0.6744"
"72.7250","0.2231","0.6744"
"72.7450","0.2231","0.6744"
"72.7650","0.2231","0.6744"
"72.7850","0.2231","0.6743"
"72.8050","0.2231","0.6743"
"72.8250","0.2231","0.6744"
"72.8450","0.2231","0.6744"
"72.8650","0.2231","0.6744"
"72.8850","0.2231","0.6744"
"72.9050","0.2231","0.6744"
"72.9250","0.2231","0.6743"
"72.9450","0.2231","0.6743"
"72.9650","0.2231","0.6743"
"72.9850","0.2231","0.6743"
"73.0050","0.2231","0.6742"
"73.0250","0.2231","0.6743"
"73.0450","0.2231","0.6743"
"73.0650","0.2231","0.6743"
"73.0850","0.2231","0.6743"
"73.1050","0.2231","0.6743"
"73.1250","0.2231","0.6742"
"73.1450","0.2231","0.6742"
"73.1650","0.2231","0.6742"
"73.1850","0.2231","0.6742"
"73.2050","0.2231","0.6742"
"73.2250","0.2231","0.6741"
"73.2450","0.2231","0.6741"
"73.2650","0.2231","0.6741"
"73.2850","0.2231","0.6742"
"73.3050","0.2231","0.6742"
"73.3250","0.2231","0.6741"
"73.3450","0.2231","0.6741"
"73.3650","0.2231","0.6741"
"73.3850","0.2231","0.6740"
"73.4050","0.2231","0.6740"
"73.4250","0.2231","0.6739"
"73.4450","0.2231","0.6739"
"73.4650","0.2231","0.6739"
"73.4850","0.2231","0.6739"
"73.5050","0.2231","0.6739"
"73.5250","0.2231","0.6740"
"73.5450","0.2231","0.6740"
"73.5650","0.2231","0.6739"
"73.5850","0.2231","0.6739"
"73.6050","0.2231","0.6738"
"73.6250","0.2231","0.6738"
"73.6450","0.2231","0.6739"
"73.6650","0.2231","0.6741"
"73.6850","0.2231","0.6740"
"73.7050","0.2231","0.6739"
"73.7250","0.2231","0.6738"
"73.7450","0.2231","0.6739"
"73.7650","0.2231","0.6739"
"73.7850","0.2231","0.6738"
"73.8050","0.2231","0.6738"
"73.8250","0.2231","0.6737"
"73.8450","0.2231","0.6737"
"73.8650","0.2231","0.6737"
"73.8850","0.2231","0.6737"
"73.9050","0.2231","0.6738"
"73.9250","0.2231","0.6738"
"73.9450","0.2231","0.6738"
"73.9650","0.2231","0.6737"
"73.9850","0.2231","0.6737"
"74.0050","0.2231","0.6737"
"74.0250","0.2231","0.6736"
"74.0450","0.2231","0.6736"
"74.0650","0.2231","0.6736"
"74.0850","0.2231","0.6737"
"74.1050","0.2231","0.6737"
"74.1250","0.2231","0.6738"
"74.1450","0.2231","0.6737"
"74.1650","0.2231","0.6736"
"74.1850","0.2231","0.6735"
"74.2050","0.2231","0.6735"
"74.2250","0.2231","0.6735"
"74.2450","0.2231","0.6735"
"74.2650","0.2231","0.6735"
"74.2850","0.2231","0.6735"
"74.3050","0.2231","0.6735"
"74.3250","0.2231","0.6735"
"74.3450","0.2231","0.6735"
"74.3650","0.2231","0.6734"
"74.3850","0.2231","0.6734"
"74.4050","0.2231","0.6734"
"74.4250","0.2231","0.6735"
"74.4450","0.2231","0.6735"
"74.4650","0.2231","0.6734"
"74.4850","0.2231","0.6734"
"74.5050","0.2231","0.6734"
"74.5250","0.2231","0.6733"
"74.5450","0.2231","0.6733"
"74.5650","0.2231","0.6733"
"74.5850","0.2231","0.6732"
"74.6050","0.2231","0.6733"
"74.6250","0.2231","0.6733"
"74.6450","0.2231","0.6733"
"74.6650","0.2231","0.6733"
"74.6850","0.2231","0.6733"
"74.7050","0.2231","0.6732"
"74.7250","0.2231","0.6732"
"74.7450","0.2231","0.6732"
"74.7650","0.2231","0.6733"
"74.7850","0.2231","0.6733"
"74.8050","0.2231","0.6733"
"74.8250","0.2231","0.6733"
"74.8450","0.2231","0.6732"
"74.8650","0.2231","0.6732"
"74.8850","0.2231","0.6732"
"74.9050","0.2231","0.6731"
"74.9250","0.2231","0.6731"
"74.9450","0.2231","0.6731"
"74.9650","0.2231","0.6731"
"74.9850","0.2231","0.6730"
"75.0050","0.2231","0.6730"
"75.0250","0.2231","0.6731"
"75.0450","0.2231","0.6731"
"75.0650","0.2231","0.6730"
"75.0850","0.2231","0.6730"
"75.1050","0.2231","0.6730"
"75.1250","0.2231","0.6730"
"75.1450","0.2231","0.6730"
"75.1650","0.2231","0.6730"
"75.1850","0.2231","0.6730"
"75.2050","0.2231","0.6730"
"75.2250","0.2231","0.6730"
"75.2450","0.2231","0.6730"
"75.2650","0.2231","0.6730"
"75.2850","0.2231","0.6729"
"75.3050","0.2231","0.6729"
"75.3250","0.2231","0.6729"
"75.3450","0.2231","0.6729"
"75.3650","0.2231","0.6728"
"75.3850","0.2231","0.6729"
"75.4050","0.2231","0.6728"
"75.4250","0.2231","0.6728"
"75.4450","0.2231","0.6729"
"75.4650","0.2231","0.6730"
"75.4850","0.2231","0.6729"
"75.5050","0.2231","0.6729"
"75.5250","0.2231","0.6729"
"75.5450","0.2231","0.6728"
"75.5650","0.2231","0.6728"
"75.5850","0.2231","0.6727"
"75.6050","0.2231","0.6727"
"75.6250","0.2231","0.6727"
"75.6450","0.2231","0.6727"
"75.6650","0.2231","0.6727"
"75.6850","0.2231","0.6727"
"75.7050","0.2231","0.6727"
"75.7250","0.2231","0.6727"
"75.7450","0.2231","0.6727"
"75.7650","0.2231","0.6727"
"75.7850","0.2231","0.6727"
"75.8050","0.2231","0.6726"
"75.8250","0.2231","0.6726"
"75.8450","0.2231","0.6726"
"75.8650","0.2231","0.6726"
"75.8850","0.2231","0.6727"
"75.9050","0.2231","0.6726"
"75.9250","0.2231","0.6726"
"75.9450","0.2231","0.6726"
"75.9650","0.2231","0.6726"
"75.9850","0.2231","0.6726"
"76.0050","0.2231","0.6725"
"76.0250","0.2231","0.6725"
"76.0450","0.2231","0.6725"
"76.0650","0.2231","0.6724"
"76.0850","0.2231","0.6725"
"76.1050","0.2231","0.6725"
"76.1250","0.2231","0.6725"
"76.1450","0.2231","0.6725"
"76.1650","0.2231","0.6723"
"76.1850","0.2231","0.6722"
"76.2050","0.2231","0.6724"
"76.2250","0.2231","0.6724"
"76.2450","0.2231","0.6725"
"76.2650","0.2231","0.6724"
"76.2850","0.2231","0.6724"
"76.3050","0.2231","0.6724"
"76.3250","0.2231","0.6723"
"76.3450","0.2231","0.6723"
"76.3650","0.2231","0.6722"
"76.3850","0.2231","0.6722"
"76.4050","0.2231","0.6722"
"76.4250","0.2231","0.6722"
"76.4450","0.2231","0.6723"
"76.4650","0.2231","0.6722"
"76.4850","0.2231","0.6722"
"76.5050","0.2231","0.6721"
"76.5250","0.2231","0.6722"
"76.5450","0.2231","0.6721"
"76.5650","0.2231","0.6722"
"76.5850","0.2231","0.6721"
"76.6050","0.2231","0.6721"
"76.6250","0.2231","0.6722"
"76.6450","0.2231","0.6722"
"76.6650","0.2231","0.6721"
"76.6850","0.2231","0.6721"
"76.7050","0.2231","0.6721"
"76.7250","0.2231","0.6721"
"76.7450","0.2231","0.6721"
"76.7650","0.2231","0.6721"
"76.7850","0.2231","0.6720"
"76.8050","0.2231","0.6720"
"76.8250","0.2231","0.6721"
"76.8450","0.2231","0.6721"
"76.8650","0.2231","0.6721"
"76.8850","0.2231","0.6720"
"76.9050","0.2231","0.6720"
"76.9250","0.2231","0.6719"
"76.9450","0.2231","0.6719"
"76.9650","0.2231","0.6720"
"76.9850","0.2231","0.6719"
"77.0050","0.2231","0.6719"
"77.0250","0.2231","0.6719"
"77.0450","0.2231","0.6719"
"77.0650","0.2231","0.6719"
"77.0850","0.2231","0.6719"
"77.1050","0.2231","0.6719"
"77.1250","0.2231","0.6719"
"77.1450","0.2231","0.6718"
"77.1650","0.2231","0.6718"
"77.1850","0.2231","0.6718"
"77.2050","0.2231","0.6718"
"77.2250","0.2231","0.6718"
"77.2450","0.2231","0.6718"
"77.2650","0.2231","0.6718"
"77.2850","0.2231","0.6718"
"77.3050","0.2231","0.6718"
"77.3250","0.2231","0.6717"
"77.3450","0.2231","0.6717"
"77.3650","0.2231","0.6717"
"77.3850","0.2231","0.6718"
"77.4050","0.2231","0.6718"
"77.4250","0.2231","0.6718"
"77.4450","0.2231","0.6717"
"77.4650","0.2231","0.6717"
"77.4850","0.2231","0.6717"
"77.5050","0.2231","0.6717"
"77.5250","0.2231","0.6716"
"77.5450","0.2231","0.6716"
"77.5650","0.2231","0.6716"
"77.5850","0.2231","0.6716"
"77.6050","0.2231","0.6716"
"77.6250","0.2231","0.6716"
"77.6450","0.2231","0.6716"
"77.6650","0.2231","0.6716"
"77.6850","0.2231","0.6715"
"77.7050","0.2231","0.6715"
"77.7250","0.2231","0.6715"
"77.7450","0.2231","0.6716"
"77.7650","0.2231","0.6716"
"77.7850","0.2231","0.6715"
"77.8050","0.2231","0.6715"
"77.8250","0.2231","0.6715"
"77.8450","0.2231","0.6715"
"77.8650","0.2231","0.6715"
"77.8850","0.2231","0.6715"
"77.9050","0.2231","0.6714"
"77.9250","0.2231","0.6714"
"77.9450","0.2231","0.6714"
"77.9650","0.2231","0.6714"
"77.9850","0.2231","0.6714"
"78.0050","0.2231","0.6713"
"78.0250","0.2231","0.6714"
"78.0450","0.2231","0.6715"
"78.0650","0.2231","0.6714"
"78.0850","0.2231","0.6713"
"78.1050","0.2231","0.6713"
"78.1250","0.2231","0.6713"
"78.1450","0.2231","0.6713"
"78.1650","0.2231","0.6713"
"78.1850","0.2231","0.6713"
"78.2050","0.2231","0.6713"
"78.2250","0.2231","0.6713"
"78.2450","0.2231","0.6712"
"78.2650","0.2231","0.6712"
"78.2850","0.2231","0.6713"
"78.3050","0.2231","0.6713"
"78.3250","0.2231","0.6712"
"78.3450","0.2231","0.6711"
"78.3650","0.2231","0.6711"
"78.3850","0.2231","0.6711"
"78.4050","0.2231","0.6711"
"78.4250","0.2231","0.6712"
"78.4450","0.2231","0.6712"
"78.4650","0.2231","0.6711"
"78.4850","0.2231","0.6710"
"78.5050","0.2231","0.6710"
"78.5250","0.2231","0.6712"
"78.5450","0.2231","0.6710"
"78.5650","0.2231","0.6710"
"78.5850","0.2231","0.6710"
"78.6050","0.2231","0.6710"
"78.6250","0.2231","0.6711"
"78.6450","0.2231","0.6711"
"78.6650","0.2231","0.6710"
"78.6850","0.2231","0.6710"
"78.7050","0.2231","0.6710"
"78.7250","0.2231","0.6710"
"78.7450","0.2231","0.6708"
"78.7650","0.2231","0.6709"
"78.7850","0.2231","0.6710"
"78.8050","0.2231","0.6710"
"78.8250","0.2231","0.6710"
"78.8450","0.2231","0.6709"
"78.8650","0.2231","0.6709"
"78.8850","0.2231","0.6709"
"78.9050","0.2231","0.6709"
"78.9250","0.2231","0.6709"
"78.9450","0.2231","0.6708"
"78.9650","0.2231","0.6707"
"78.9850","0.2231","0.6707"
"79.0050","0.2231","0.6708"
"79.0250","0.2231","0.6709"
"79.0450","0.2231","0.6708"
"79.0650","0.2231","0.6707"
"79.0850","0.2231","0.6707"
"79.1050","0.2231","0.6708"
"79.1250","0.2231","0.6708"
"79.1450","0.2231","0.6708"
"79.1650","0.2231","0.6708"
"79.1850","0.2231","0.6708"
"79.2050","0.2231","0.6707"
"79.2250","0.2231","0.6707"
"79.2450","0.2231","0.6707"
"79.2650","0.2231","0.6707"
"79.2850","0.2231","0.6707"
"79.3050","0.2231","0.6706"
"79.3250","0.2231","0.6706"
"79.3450","0.2231","0.6705"
"79.3650","0.2231","0.6705"
"79.3850","0.2231","0.6705"
"79.4050","0.2231","0.6706"
"79.4250","0.2231","0.6706"
"79.4450","0.2231","0.6706"
"79.4650","0.2231","0.6706"
"79.4850","0.2231","0.6706"
"79.5050","0.2231","0.6706"
"79.5250","0.2231","0.6706"
"79.5450","0.2231","0.6705"
"79.5650","0.2231","0.6706"
"79.5850","0.2231","0.6705"
"79.6050","0.2231","0.6706"
"79.6250","0.2231","0.6706"
"79.6450","0.2231","0.6706"
"79.6650","0.2231","0.6705"
"79.6850","0.2231","0.6704"
"79.7050","0.2231","0.6704"
"79.7250","0.2231","0.6705"
"79.7450","0.2231","0.6705"
"79.7650","0.2231","0.6704"
"79.7850","0.2231","0.6704"
"79.8050","0.2231","0.6704"
"79.8250","0.2231","0.6704"
"79.8450","0.2231","0.6703"
"79.8650","0.2231","0.6703"
"79.8850","0.2231","0.6702"
"79.9050","0.2231","0.6703"
"79.9250","0.2231","0.6704"
"79.9450","0.2231","0.6703"
"79.9650","0.2231","0.6702"
"79.9850","0.2231","0.6703"
"80.0050","0.2231","0.6703"
"80.0250","0.2231","0.6702"
"80.0450","0.2231","0.6702"
"80.0650","0.2231","0.6703"
"80.0850","0.2231","0.6702"
"80.1050","0.2231","0.6703"
"80.1250","0.2231","0.6703"
"80.1450","0.2231","0.6703"
"80.1650","0.2231","0.6703"
"80.1850","0.2231","0.6702"
"80.2050","0.2231","0.6702"
"80.2250","0.2231","0.6701"
"80.2450","0.2231","0.6701"
"80.2650","0.2231","0.6700"
"80.2850","0.2231","0.6701"
"80.3050","0.2231","0.6702"
"80.3250","0.2231","0.6701"
"80.3450","0.2231","0.6701"
"80.3650","0.2231","0.6701"
"80.3850","0.2231","0.6701"
"80.4050","0.2231","0.6700"
"80.4250","0.2231","0.6700"
"80.4450","0.2231","0.6700"
"80.4650","0.2231","0.6701"
"80.4850","0.2231","0.6701"
"80.5050","0.2231","0.6701"
"80.5250","0.2231","0.6701"
"80.5450","0.2231","0.6700"
"80.5650","0.2231","0.6699"
"80.5850","0.2231","0.6700"
"80.6050","0.2231","0.6700"
"80.6250","0.2231","0.6700"
"80.6450","0.2231","0.6699"
"80.6650","0.2231","0.6699"
"80.6850","0.2231","0.6699"
"80.7050","0.2231","0.6698"
"80.7250","0.2231","0.6699"
"80.7450","0.2231","0.6699"
"80.7650","0.2231","0.6700"
"80.7850","0.2231","0.6700"
"80.8050","0.2231","0.6699"
"80.8250","0.2231","0.6698"
"80.8450","0.2231","0.6699"
"80.8650","0.2231","0.6699"
"80.8850","0.2231","0.6698"
"80.9050","0.2231","0.6698"
"80.9250","0.2231","0.6698"
"80.9450","0.2231","0.6698"
"80.9650","0.2231","0.6699"
"80.9850","0.2231","0.6698"
"81.0050","0.2231","0.6697"
"81.0250","0.2231","0.6697"
"81.0450","0.2231","0.6698"
"81.0650","0.2231","0.6698"
"81.0850","0.2231","0.6697"
"81.1050","0.2231","0.6697"
"81.1250","0.2231","0.6697"
"81.1450","0.2231","0.6696"
"81.1650","0.2231","0.6697"
"81.1850","0.2231","0.6697"
"81.2050","0.2231","0.6697"
"81.2250","0.2231","0.6697"
"81.2450","0.2231","0.6697"
"81.2650","0.2231","0.6697"
"81.2850","0.2231","0.6697"
"81.3050","0.2231","0.6696"
"81.3250","0.2231","0.6696"
"81.3450","0.2231","0.6696"
"81.3650","0.2231","0.6696"
"81.3850","0.2231","0.6695"
"81.4050","0.2231","0.6695"
"81.4250","0.2231","0.6696"
"81.4450","0.2231","0.6695"
"81.4650","0.2231","0.6695"
"81.4850","0.2231","0.6695"
"81.5050","0.2231","0.6695"
"81.5250","0.2231","0.6694"
"81.5450","0.2231","0.6695"
"81.5650","0.2231","0.6694"
"81.5850","0.2231","0.6695"
"81.6050","0.2231","0.6695"
"81.6250","0.2231","0.6695"
"81.6450","0.2231","0.6695"
"81.6650","0.2231","0.6694"
"81.6850","0.2231","0.6693"
"81.7050","0.2231","0.6693"
"81.7250","0.2231","0.6693"
"81.7450","0.2231","0.6694"
"81.7650","0.2231","0.6694"
"81.7850","0.2231","0.6694"
"81.8050","0.2231","0.6692"
"81.8250","0.2231","0.6693"
"81.8450","0.2231","0.6694"
"81.8650","0.2231","0.6694"
"81.8850","0.2231","0.6694"
"81.9050","0.2231","0.6693"
"81.9250","0.2231","0.6692"
"81.9450","0.2231","0.6692"
"81.9650","0.2231","0.6693"
"81.9850","0.2231","0.6692"
"82.0050","0.2231","0.6692"
"82.0250","0.2231","0.6692"
"82.0450","0.2231","0.6692"
"82.0650","0.2231","0.6693"
"82.0850","0.2231","0.6693"
"82.1050","0.2231","0.6692"
"82.1250","0.2231","0.6691"
"82.1450","0.2231","0.6692"
"82.1650","0.2231","0.6691"
"82.1850","0.2231","0.6692"
"82.2050","0.2231","0.6692"
"82.2250","0.2231","0.6691"
"82.2450","0.2231","0.6691"
"82.2650","0.2231","0.6691"
"82.2850","0.2231","0.6691"
"82.3050","0.2231","0.6691"
"82.3250","0.2231","0.6691"
"82.3450","0.2231","0.6690"
"82.3650","0.2231","0.6689"
"82.3850","0.2231","0.6690"
"82.4050","0.2231","0.6691"
"82.4250","0.2231","0.6691"
"82.4450","0.2231","0.6690"
"82.4650","0.2231","0.6690"
"82.4850","0.2231","0.6690"
"82.5050","0.2231","0.6691"
"82.5250","0.2231","0.6691"
"82.5450","0.2231","0.6689"
"82.5650","0.2231","0.6689"
"82.5850","0.2231","0.6689"
"82.6050","0.2231","0.6689"
"82.6250","0.2231","0.6689"
"82.6450","0.2231","0.6688"
"82.6650","0.2231","0.6689"
"82.6850","0.2231","0.6689"
"82.7050","0.2231","0.6689"
"82.7250","0.2231","0.6689"
"82.7450","0.2231","0.6689"
"82.7650","0.2231","0.6689"
"82.7850","0.2231","0.6688"
"82.8050","0.2231","0.6688"
"82.8250","0.2231","0.6688"
"82.8450","0.2231","0.6688"
"82.8650","0.2231","0.6688"
"82.8850","0.2231","0.6688"
"82.9050","0.2231","0.6688"
"82.9250","0.2231","0.6687"
"82.9450","0.2231","0.6687"
"82.9650","0.2231","0.6688"
"82.9850","0.2231","0.6688"
"83.0050","0.2231","0.6687"
"83.0250","0.2231","0.6687"
"83.0450","0.2231","0.6687"
"83.0650","0.2231","0.6687"
"83.0850","0.2231","0.6687"
"83.1050","0.2231","0.6687"
"83.1250","0.2231","0.6686"
"83.1450","0.2231","0.6686"
"83.1650","0.2231","0.6686"
"83.1850","0.2231","0.6686"
"83.2050","0.2231","0.6687"
"83.2250","0.2231","0.6686"
"83.2450","0.2231","0.6686"
"83.2650","0.2231","0.6687"
"83.2850","0.2231","0.6687"
"83.3050","0.2231","0.6685"
"83.3250","0.2231","0.6685"
"83.3450","0.2231","0.6686"
"83.3650","0.2231","0.6685"
"83.3850","0.2231","0.6685"
"83.4050","0.2231","0.6685"
"83.4250","0.2231","0.6685"
"83.4450","0.2231","0.6685"
"83.4650","0.2231","0.6685"
"83.4850","0.2231","0.6684"
"83.5050","0.2231","0.6684"
"83.5250","0.2231","0.6684"
"83.5450","0.2231","0.6684"
"83.5650","0.2231","0.6684"
"83.5850","0.2231","0.6684"
"83.6050","0.2231","0.6683"
"83.6250","0.2231","0.6683"
"83.6450","0.2231","0.6683"
"83.6650","0.2231","0.6684"
"83.6850","0.2231","0.6684"
"83.7050","0.2231","0.6684"
"83.7250","0.2231","0.6683"
"83.7450","0.2231","0.6683"
"83.7650","0.2231","0.6684"
"83.7850","0.2231","0.6683"
"83.8050","0.2231","0.6683"
"83.8250","0.2231","0.6683"
"83.8450","0.2231","0.6683"
"83.8650","0.2231","0.6683"
"83.8850","0.2231","0.6683"
"83.9050","0.2231","0.6683"
"83.9250","0.2231","0.6683"
"83.9450","0.2231","0.6683"
"83.9650","0.2231","0.6682"
"83.9850","0.2231","0.6682"
"84.0050","0.2231","0.6682"
"84.0250","0.2231","0.6681"
"84.0450","0.2231","0.6681"
"84.0650","0.2231","0.6681"
"84.0850","0.2231","0.6681"
"84.1050","0.2231","0.6681"
"84.1250","0.2231","0.6681"
"84.1450","0.2231","0.6681"
"84.1650","0.2231","0.6681"
"84.1850","0.2231","0.6681"
"84.2050","0.2231","0.6681"
"84.2250","0.2231","0.6681"
"84.2450","0.2231","0.6682"
"84.2650","0.2231","0.6681"
"84.2850","0.2231","0.6681"
"84.3050","0.2231","0.6681"
"84.3250","0.2231","0.6681"
"84.3450","0.2231","0.6680"
"84.3650","0.2231","0.6680"
"84.3850","0.2231","0.6680"
"84.4050","0.2231","0.6680"
"84.4250","0.2231","0.6680"
"84.4450","0.2231","0.6681"
"84.4650","0.2231","0.6680"
"84.4850","0.2231","0.6680"
"84.5050","0.2231","0.6679"
"84.5250","0.2231","0.6680"
"84.5450","0.2231","0.6680"
"84.5650","0.2231","0.6679"
"84.5850","0.2231","0.6679"
"84.6050","0.2231","0.6679"
"84.6250","0.2231","0.6679"
"84.6450","0.2231","0.6679"
"84.6650","0.2231","0.6678"
"84.6850","0.2231","0.6678"
"84.7050","0.2231","0.6679"
"84.7250","0.2231","0.6679"
"84.7450","0.2231","0.6679"
"84.7650","0.2231","0.6678"
"84.7850","0.2231","0.6678"
"84.8050","0.2231","0.6678"
"84.8250","0.2231","0.6678"
"84.8450","0.2231","0.6678"
"84.8650","0.2231","0.6679"
"84.8850","0.2231","0.6678"
"84.9050","0.2231","0.6677"
"84.9250","0.2231","0.6677"
"84.9450","0.2231","0.6678"
"84.9650","0.2231","0.6677"
"84.9850","0.2231","0.6677"
"85.0050","0.2231","0.6677"
"85.0250","0.2231","0.6677"
"85.0450","0.2231","0.6677"
"85.0650","0.2231","0.6676"
"85.0850","0.2231","0.6676"
"85.1050","0.2231","0.6676"
"85.1250","0.2231","0.6677"
"85.1450","0.2231","0.6676"
"85.1650","0.2231","0.6676"
"85.1850","0.2231","0.6676"
"85.2050","0.2231","0.6675"
"85.2250","0.2231","0.6676"
"85.2450","0.2231","0.6676"
"85.2650","0.2231","0.6676"
"85.2850","0.2231","0.6675"
"85.3050","0.2231","0.6674"
"85.3250","0.2231","0.6674"
"85.3450","0.2231","0.6675"
"85.3650","0.2231","0.6676"
"85.3850","0.2231","0.6675"
"85.4050","0.2231","0.6676"
"85.4250","0.2231","0.6675"
"85.4450","0.2231","0.6675"
"85.4650","0.2231","0.6675"
"85.4850","0.2231","0.6674"
"85.5050","0.2231","0.6674"
"85.5250","0.2231","0.6674"
"85.5450","0.2231","0.6674"
"85.5650","0.2231","0.6674"
"85.5850","0.2231","0.6674"
"85.6050","0.2231","0.6674"
"85.6250","0.2231","0.6675"
"85.6450","0.2231","0.6674"
"85.6650","0.2231","0.6674"
"85.6850","0.2231","0.6674"
"85.7050","0.2231","0.6674"
"85.7250","0.2231","0.6673"
"85.7450","0.2231","0.6674"
"85.7650","0.2231","0.6673"
"85.7850","0.2231","0.6674"
"85.8050","0.2231","0.6673"
"85.8250","0.2231","0.6673"
"85.8450","0.2231","0.6674"
"85.8650","0.2231","0.6673"
"85.8850","0.2231","0.6673"
"85.9050","0.2231","0.6673"
"85.9250","0.2231","0.6673"
"85.9450","0.2231","0.6673"
"85.9650","0.2231","0.6673"
"85.9850","0.2231","0.6672"
"86.0050","0.2231","0.6672"
"86.0250","0.2231","0.6672"
"86.0450","0.2231","0.6671"
"86.0650","0.2231","0.6671"
"86.0850","0.2231","0.6672"
"86.1050","0.2231","0.6671"
"86.1250","0.2231","0.6671"
"86.1450","0.2231","0.6671"
"86.1650","0.2231","0.6672"
"86.1850","0.2231","0.6671"
"86.2050","0.2231","0.6670"
"86.2250","0.2231","0.6671"
"86.2450","0.2231","0.6671"
"86.2650","0.2231","0.6671"
"86.2850","0.2231","0.6670"
"86.3050","0.2231","0.6670"
"86.3250","0.2231","0.6670"
"86.3450","0.2231","0.6670"
"86.3650","0.2231","0.6671"
"86.3850","0.2231","0.6671"
"86.4050","0.2231","0.6670"
"86.4250","0.2231","0.6670"
"86.4450","0.2231","0.6670"
"86.4650","0.2231","0.6670"
"86.4850","0.2231","0.6669"
"86.5050","0.2231","0.6669"
"86.5250","0.2231","0.6670"
"86.5450","0.2231","0.6669"
"86.5650","0.2231","0.6669"
"86.5850","0.2231","0.6669"
"86.6050","0.2231","0.6669"
"86.6250","0.2231","0.6668"
"86.6450","0.2231","0.6668"
"86.6650","0.2231","0.6669"
"86.6850","0.2231","0.6668"
"86.7050","0.2231","0.6668"
"86.7250","0.2231","0.6668"
"86.7450","0.2231","0.6668"
"86.7650","0.2231","0.6668"
"86.7850","0.2231","0.6668"
"86.8050","0.2231","0.6668"
"86.8250","0.2231","0.6668"
"86.8450","0.2231","0.6668"
"86.8650","0.2231","0.6668"
"86.8850","0.2231","0.6668"
"86.9050","0.2231","0.6668"
"86.9250","0.2231","0.6667"
"86.9450","0.2231","0.6666"
"86.9650","0.2231","0.6666"
"86.9850","0.2231","0.6666"
"87.0050","0.2231","0.6667"
"87.0250","0.2231","0.6667"
"87.0450","0.2231","0.6668"
"87.0650","0.2231","0.6668"
"87.0850","0.2231","0.6668"
"87.1050","0.2231","0.6667"
"87.1250","0.2231","0.6667"
"87.1450","0.2231","0.6667"
"87.1650","0.2231","0.6666"
"87.1850","0.2231","0.6666"
"87.2050","0.2231","0.6666"
"87.2250","0.2231","0.6666"
"87.2450","0.2231","0.6666"
"87.2650","0.2231","0.6666"
"87.2850","0.2231","0.6665"
"87.3050","0.2231","0.6666"
"87.3250","0.2231","0.6666"
"87.3450","0.2231","0.6666"
"87.3650","0.2231","0.6666"
"87.3850","0.2231","0.6666"
"87.4050","0.2231","0.6665"
"87.4250","0.2231","0.6665"
"87.4450","0.2231","0.6665"
"87.4650","0.2231","0.6665"
"87.4850","0.2231","0.6665"
"87.5050","0.2231","0.6666"
"87.5250","0.2231","0.6665"
"87.5450","0.2231","0.6665"
"87.5650","0.2231","0.6665"
"87.5850","0.2231","0.6664"
"87.6050","0.2231","0.6664"
"87.6250","0.2231","0.6664"
"87.6450","0.2231","0.6664"
"87.6650","0.2231","0.6664"
"87.6850","0.2231","0.6663"
"87.7050","0.2231","0.6663"
"87.7250","0.2231","0.6664"
"87.7450","0.2231","0.6664"
"87.7650","0.2231","0.6664"
"87.7850","0.2231","0.6664"
"87.8050","0.2231","0.6664"
"87.8250","0.2231","0.6664"
"87.8450","0.2231","0.6664"
"87.8650","0.2231","0.6664"
"87.8850","0.2231","0.6664"
"87.9050","0.2231","0.6663"
"87.9250","0.2231","0.6663"
"87.9450","0.2231","0.6663"
"87.9650","0.2231","0.6662"
"87.9850","0.2231","0.6662"
"88.0050","0.2231","0.6663"
"88.0250","0.2231","0.6662"
"88.0450","0.2231","0.6661"
"88.0650","0.2231","0.6662"
"88.0850","0.2231","0.6662"
"88.1050","0.2231","0.6662"
"88.1250","0.2231","0.6661"
"88.1450","0.2231","0.6661"
"88.1650","0.2231","0.6661"
"88.1850","0.2231","0.6661"
"88.2050","0.2231","0.6661"
"88.2250","0.2231","0.6661"
"88.2450","0.2231","0.6662"
"88.2650","0.2231","0.6662"
"88.2850","0.2231","0.6662"
"88.3050","0.2231","0.6661"
"88.3250","0.2231","0.6660"
"88.3450","0.2231","0.6661"
"88.3650","0.2231","0.6662"
"88.3850","0.2231","0.6662"
"88.4050","0.2231","0.6661"
"88.4250","0.2231","0.6661"
"88.4450","0.2231","0.6661"
"88.4650","0.2231","0.6661"
"88.4850","0.2231","0.6661"
"88.5050","0.2231","0.6660"
"88.5250","0.2231","0.6659"
"88.5450","0.2231","0.6659"
"88.5650","0.2231","0.6660"
"88.5850","0.2231","0.6661"
"88.6050","0.2231","0.6661"
"88.6250","0.2231","0.6660"
"88.6450","0.2231","0.6660"
"88.6650","0.2231","0.6659"
"88.6850","0.2231","0.6659"
"88.7050","0.2231","0.6659"
"88.7250","0.2231","0.6658"
"88.7450","0.2231","0.6658"
"88.7650","0.2231","0.6659"
"88.7850","0.2231","0.6659"
"88.8050","0.2231","0.6659"
"88.8250","0.2231","0.6658"
"88.8450","0.2231","0.6659"
"88.8650","0.2231","0.6659"
"88.8850","0.2231","0.6659"
"88.9050","0.2231","0.6659"
"88.9250","0.2231","0.6658"
"88.9450","0.2231","0.6658"
"88.9650","0.2231","0.6658"
"88.9850","0.2231","0.6658"
"89.0050","0.2231","0.6659"
"89.0250","0.2231","0.6658"
"89.0450","0.2231","0.6657"
"89.0650","0.2231","0.6657"
"89.0850","0.2231","0.6657"
"89.1050","0.2231","0.6656"
"89.1250","0.2231","0.6656"
"89.1450","0.2231","0.6657"
"89.1650","0.2231","0.6656"
"89.1850","0.2231","0.6656"
"89.2050","0.2231","0.6657"
"89.2250","0.2231","0.6656"
"89.2450","0.2231","0.6657"
"89.2650","0.2231","0.6657"
"89.2850","0.2231","0.6657"
"89.3050","0.2231","0.6656"
"89.3250","0.2231","0.6656"
"89.3450","0.2231","0.6656"
"89.3650","0.2231","0.6656"
"89.3850","0.2231","0.6657"
"89.4050","0.2231","0.6657"
"89.4250","0.2231","0.6656"
"89.4450","0.2231","0.6655"
"89.4650","0.2231","0.6655"
"89.4850","0.2231","0.6656"
"89.5050","0.2231","0.6657"
"89.5250","0.2231","0.6656"
"89.5450","0.2231","0.6656"
"89.5650","0.2231","0.6656"
"89.5850","0.2231","0.6655"
"89.6050","0.2231","0.6655"
"89.6250","0.2231","0.6654"
"89.6450","0.2231","0.6654"
"89.6650","0.2231","0.6654"
"89.6850","0.2231","0.6654"
"89.7050","0.2231","0.6654"
"89.7250","0.2231","0.6654"
"89.7450","0.2231","0.6654"
"89.7650","0.2231","0.6654"
"89.7850","0.2231","0.6654"
"89.8050","0.2231","0.6654"
"89.8250","0.2231","0.6654"
"89.8450","0.2231","0.6654"
"89.8650","0.2231","0.6654"
"89.8850","0.2231","0.6654"
"89.9050","0.2231","0.6654"
"89.9250","0.2231","0.6654"
"89.9450","0.2231","0.6653"
"89.9650","0.2231","0.6653"
"89.9850","0.2231","0.6654"
"90.0050","0.2231","0.6654"
"90.0250","0.2231","0.6653"
"90.0450","0.2231","0.6652"
"90.0650","0.2231","0.6653"
"90.0850","0.2231","0.6652"
"90.1050","0.2231","0.6652"
"90.1250","0.2231","0.6652"
"90.1450","0.2231","0.6653"
"90.1650","0.2231","0.6653"
"90.1850","0.2231","0.6652"
"90.2050","0.2231","0.6652"
"90.2250","0.2231","0.6652"
"90.2450","0.2231","0.6652"
"90.2650","0.2231","0.6652"
"90.2850","0.2231","0.6652"
"90.3050","0.2231","0.6652"
"90.3250","0.2231","0.6652"
"90.3450","0.2231","0.6652"
"90.3650","0.2231","0.6651"
"90.3850","0.2231","0.6651"
"90.4050","0.2231","0.6651"
"90.4250","0.2231","0.6651"
"90.4450","0.2231","0.6650"
"90.4650","0.2231","0.6650"
"90.4850","0.2231","0.6651"
"90.5050","0.2231","0.6651"
"90.5250","0.2231","0.6651"
"90.5450","0.2231","0.6651"
"90.5650","0.2231","0.6651"
"90.5850","0.2231","0.6651"
"90.6050","0.2231","0.6651"
"90.6250","0.2231","0.6650"
"90.6450","0.2231","0.6650"
"90.6650","0.2231","0.6650"
"90.6850","0.2231","0.6650"
"90.7050","0.2231","0.6650"
"90.7250","0.2231","0.6650"
"90.7450","0.2231","0.6650"
"90.7650","0.2231","0.6650"
"90.7850","0.2231","0.6650"
"90.8050","0.2231","0.6650"
"90.8250","0.2231","0.6649"
"90.8450","0.2231","0.6649"
"90.8650","0.2231","0.6650"
"90.8850","0.2231","0.6650"
"90.9050","0.2231","0.6650"
"90.9250","0.2231","0.6650"
"90.9450","0.2231","0.6650"
"90.9650","0.2231","0.6649"
"90.9850","0.2231","0.6649"
"91.0050","0.2231","0.6649"
"91.0250","0.2231","0.6648"
"91.0450","0.2231","0.6648"
"91.0650","0.2231","0.6648"
"91.0850","0.2231","0.6649"
"91.1050","0.2231","0.6648"
"91.1250","0.2231","0.6648"
"91.1450","0.2231","0.6648"
"91.1650","0.2231","0.6648"
"91.1850","0.2231","0.6648"
"91.2050","0.2231","0.6647"
"91.2250","0.2231","0.6647"
"91.2450","0.2231","0.6647"
"91.2650","0.2231","0.6647"
"91.2850","0.2231","0.6647"
"91.3050","0.2231","0.6647"
"91.3250","0.2231","0.6646"
"91.3450","0.2231","0.6646"
"91.3650","0.2231","0.6647"
"91.3850","0.2231","0.6647"
"91.4050","0.2231","0.6646"
"91.4250","0.2231","0.6646"
"91.4450","0.2231","0.6647"
"91.4650","0.2231","0.6646"
"91.4850","0.2231","0.6647"
"91.5050","0.2231","0.6647"
"91.5250","0.2231","0.6646"
"91.5450","0.2231","0.6646"
"91.5650","0.2231","0.6646"
"91.5850","0.2231","0.6646"
"91.6050","0.2231","0.6646"
"91.6250","0.2231","0.6645"
"91.6450","0.2231","0.6645"
"91.6650","0.2231","0.6646"
"91.6850","0.2231","0.6646"
"91.7050","0.2231","0.6645"
"91.7250","0.2231","0.6645"
"91.7450","0.2231","0.6645"
"91.7650","0.2231","0.6645"
"91.7850","0.2231","0.6645"
"91.8050","0.2231","0.6645"
"91.8250","0.2231","0.6645"
"91.8450","0.2231","0.6645"
"91.8650","0.2231","0.6644"
"91.8850","0.2231","0.6644"
"91.9050","0.2231","0.6644"
"91.9250","0.2231","0.6644"
"91.9450","0.2231","0.6645"
"91.9650","0.2231","0.6645"
"91.9850","0.2231","0.6645"
"92.0050","0.2231","0.6644"
"92.0250","0.2231","0.6644"
"92.0450","0.2231","0.6643"
"92.0650","0.2231","0.6643"
"92.0850","0.2231","0.6644"
"92.1050","0.2231","0.6643"
"92.1250","0.2231","0.6642"
"92.1450","0.2231","0.6643"
"92.1650","0.2231","0.6643"
"92.1850","0.2231","0.6643"
"92.2050","0.2231","0.6643"
"92.2250","0.2231","0.6644"
"92.2450","0.2231","0.6644"
"92.2650","0.2231","0.6643"
"92.2850","0.2231","0.6642"
"92.3050","0.2231","0.6643"
"92.3250","0.2231","0.6643"
"92.3450","0.2231","0.6642"
"92.3650","0.2231","0.6642"
"92.3850","0.2231","0.6643"
"92.4050","0.2231","0.6643"
"92.4250","0.2231","0.6642"
"92.4450","0.2231","0.6641"
"92.4650","0.2231","0.6642"
"92.4850","0.2231","0.6641"
"92.5050","0.2231","0.6641"
"92.5250","0.2231","0.6641"
"92.5450","0.2231","0.6642"
"92.5650","0.2231","0.6642"
"92.5850","0.2231","0.6643"
"92.6050","0.2231","0.6642"
"92.6250","0.2231","0.6642"
"92.6450","0.2231","0.6641"
"92.6650","0.2231","0.6642"
"92.6850","0.2231","0.6641"
"92.7050","0.2231","0.6641"
"92.7250","0.2231","0.6641"
"92.7450","0.2231","0.6640"
"92.7650","0.2231","0.6640"
"92.7850","0.2231","0.6640"
"92.8050","0.2231","0.6640"
"92.8250","0.2231","0.6640"
"92.8450","0.2231","0.6640"
"92.8650","0.2231","0.6640"
"92.8850","0.2231","0.6640"
"92.9050","0.2231","0.6640"
"92.9250","0.2231","0.6640"
"92.9450","0.2231","0.6640"
"92.9650","0.2231","0.6640"
"92.9850","0.2231","0.6640"
"93.0050","0.2231","0.6639"
"93.0250","0.2231","0.6639"
"93.0450","0.2231","0.6639"
"93.0650","0.2231","0.6639"
"93.0850","0.2231","0.6638"
"93.1050","0.2231","0.6638"
"93.1250","0.2231","0.6639"
"93.1450","0.2231","0.6639"
"93.1650","0.2231","0.6639"
"93.1850","0.2231","0.6639"
"93.2050","0.2231","0.6638"
"93.2250","0.2231","0.6638"
"93.2450","0.2231","0.6637"
"93.2650","0.2231","0.6638"
"93.2850","0.2231","0.6638"
"93.3050","0.2231","0.6638"
"93.3250","0.2231","0.6638"
"93.3450","0.2231","0.6637"
"93.3650","0.2231","0.6637"
"93.3850","0.2231","0.6637"
"93.4050","0.2231","0.6638"
"93.4250","0.2231","0.6637"
"93.4450","0.2231","0.6637"
"93.4650","0.2231","0.6636"
"93.4850","0.2231","0.6637"
"93.5050","0.2231","0.6637"
"93.5250","0.2231","0.6636"
"93.5450","0.2231","0.6637"
"93.5650","0.2231","0.6637"
"93.5850","0.2231","0.6637"
"93.6050","0.2231","0.6637"
"93.6250","0.2231","0.6637"
"93.6450","0.2231","0.6637"
"93.6650","0.2231","0.6637"
"93.6850","0.2231","0.6637"
"93.7050","0.2231","0.6636"
"93.7250","0.2231","0.6636"
"93.7450","0.2231","0.6636"
"93.7650","0.2231","0.6636"
"93.7850","0.2231","0.6636"
"93.8050","0.2231","0.6636"
"93.8250","0.2231","0.6637"
"93.8450","0.2231","0.6637"
"93.8650","0.2231","0.6637"
"93.8850","0.2231","0.6636"
"93.9050","0.2231","0.6636"
"93.9250","0.2231","0.6635"
"93.9450","0.2231","0.6635"
"93.9650","0.2231","0.6635"
"93.9850","0.2231","0.6636"
"94.0050","0.2231","0.6635"
"94.0250","0.2231","0.6635"
"94.0450","0.2231","0.6635"
"94.0650","0.2231","0.6635"
"94.0850","0.2231","0.6635"
"94.1050","0.2231","0.6635"
"94.1250","0.2231","0.6635"
"94.1450","0.2231","0.6635"
"94.1650","0.2231","0.6635"
"94.1850","0.2231","0.6635"
"94.2050","0.2231","0.6635"
"94.2250","0.2231","0.6634"
"94.2450","0.2231","0.6634"
"94.2650","0.2231","0.6634"
"94.2850","0.2231","0.6634"
"94.3050","0.2231","0.6635"
"94.3250","0.2231","0.6634"
"94.3450","0.2231","0.6634"
"94.3650","0.2231","0.6633"
"94.3850","0.2231","0.6634"
"94.4050","0.2231","0.6634"
"94.4250","0.2231","0.6634"
"94.4450","0.2231","0.6634"
"94.4650","0.2231","0.6634"
"94.4850","0.2231","0.6634"
"94.5050","0.2231","0.6634"
"94.5250","0.2231","0.6633"
"94.5450","0.2231","0.6633"
"94.5650","0.2231","0.6633"
"94.5850","0.2231","0.6632"
"94.6050","0.2231","0.6632"
"94.6250","0.2231","0.6633"
"94.6450","0.2231","0.6633"
"94.6650","0.2231","0.6632"
"94.6850","0.2231","0.6633"
"94.7050","0.2231","0.6633"
"94.7250","0.2231","0.6633"
"94.7450","0.2231","0.6632"
"94.7650","0.2231","0.6631"
"94.7850","0.2231","0.6632"
"94.8050","0.2231","0.6632"
"94.8250","0.2231","0.6632"
"94.8450","0.2231","0.6631"
"94.8650","0.2231","0.6630"
"94.8850","0.2231","0.6631"
"94.9050","0.2231","0.6631"
"94.9250","0.2231","0.6632"
"94.9450","0.2231","0.6632"
"94.9650","0.2231","0.6631"
"94.9850","0.2231","0.6631"
"95.0050","0.2231","0.6631"
"95.0250","0.2231","0.6631"
"95.0450","0.2231","0.6632"
"95.0650","0.2231","0.6631"
"95.0850","0.2231","0.6631"
"95.1050","0.2231","0.6631"
"95.1250","0.2231","0.6630"
"95.1450","0.2231","0.6629"
"95.1650","0.2231","0.6630"
"95.1850","0.2231","0.6630"
"95.2050","0.2231","0.6631"
"95.2250","0.2231","0.6631"
"95.2450","0.2231","0.6631"
"95.2650","0.2231","0.6630"
"95.2850","0.2231","0.6630"
"95.3050","0.2231","0.6630"
"95.3250","0.2231","0.6630"
"95.3450","0.2231","0.6630"
"95.3650","0.2231","0.6629"
"95.3850","0.2231","0.6629"
"95.4050","0.2231","0.6629"
"95.4250","0.2231","0.6629"
"95.4450","0.2231","0.6630"
"95.4650","0.2231","0.6630"
"95.4850","0.2231","0.6629"
"95.5050","0.2231","0.6628"
"95.5250","0.2231","0.6628"
"95.5450","0.2231","0.6629"
"95.5650","0.2231","0.6629"
"95.5850","0.2231","0.6628"
"95.6050","0.2231","0.6628"
"95.6250","0.2231","0.6628"
"95.6450","0.2231","0.6628"
"95.6650","0.2231","0.6629"
"95.6850","0.2231","0.6628"
"95.7050","0.2231","0.6628"
"95.7250","0.2231","0.6628"
"95.7450","0.2231","0.6628"
"95.7650","0.2231","0.6628"
"95.7850","0.2231","0.6627"
"95.8050","0.2231","0.6627"
"95.8250","0.2231","0.6627"
"95.8450","0.2231","0.6627"
"95.8650","0.2231","0.6627"
"95.8850","0.2231","0.6627"
"95.9050","0.2231","0.6626"
"95.9250","0.2231","0.6626"
"95.9450","0.2231","0.6626"
"95.9650","0.2231","0.6626"
"95.9850","0.2231","0.6627"
"96.0050","0.2231","0.6626"
"96.0250","0.2231","0.6626"
"96.0450","0.2231","0.6625"
"96.0650","0.2231","0.6626"
"96.0850","0.2231","0.6626"
"96.1050","0.2231","0.6626"
"96.1250","0.2231","0.6626"
"96.1450","0.2231","0.6626"
"96.1650","0.2231","0.6627"
"96.1850","0.2231","0.6625"
"96.2050","0.2231","0.6625"
"96.2250","0.2231","0.6626"
"96.2450","0.2231","0.6626"
"96.2650","0.2231","0.6626"
"96.2850","0.2231","0.6626"
"96.3050","0.2231","0.6626"
"96.3250","0.2231","0.6625"
"96.3450","0.2231","0.6624"
"96.3650","0.2231","0.6624"
"96.3850","0.2231","0.6624"
"96.4050","0.2231","0.6624"
"96.4250","0.2231","0.6624"
"96.4450","0.2231","0.6624"
"96.4650","0.2231","0.6624"
"96.4850","0.2231","0.6624"
"96.5050","0.2231","0.6624"
"96.5250","0.2231","0.6624"
"96.5450","0.2231","0.6624"
"96.5650","0.2231","0.6624"
"96.5850","0.2231","0.6623"
"96.6050","0.2231","0.6624"
"96.6250","0.2231","0.6625"
"96.6450","0.2231","0.6624"
"96.6650","0.2231","0.6624"
"96.6850","0.2231","0.6624"
"96.7050","0.2231","0.6623"
"96.7250","0.2231","0.6623"
"96.7450","0.2231","0.6624"
"96.7650","0.2231","0.6624"
"96.7850","0.2231","0.6624"
"96.8050","0.2231","0.6623"
"96.8250","0.2231","0.6624"
"96.8450","0.2231","0.6624"
"96.8650","0.2231","0.6623"
"96.8850","0.2231","0.6623"
"96.9050","0.2231","0.6623"
"96.9250","0.2231","0.6623"
"96.9450","0.2231","0.6622"
"96.9650","0.2231","0.6622"
"96.9850","0.2231","0.6622"
"97.0050","0.2231","0.6621"
"97.0250","0.2231","0.6622"
"97.0450","0.2231","0.6622"
"97.0650","0.2231","0.6622"
"97.0850","0.2231","0.6623"
"97.1050","0.2231","0.6622"
"97.1250","0.2231","0.6621"
"97.1450","0.2231","0.6622"
"97.1650","0.2231","0.6622"
"97.1850","0.2231","0.6622"
"97.2050","0.2231","0.6621"
"97.2250","0.2231","0.6621"
"97.2450","0.2231","0.6621"
"97.2650","0.2231","0.6621"
"97.2850","0.2231","0.6621"
"97.3050","0.2231","0.6620"
"97.3250","0.2231","0.6620"
"97.3450","0.2231","0.6620"
"97.3650","0.2231","0.6620"
"97.3850","0.2231","0.6621"
"97.4050","0.2231","0.6621"
"97.4250","0.2231","0.6621"
"97.4450","0.2231","0.6621"
"97.4650","0.2231","0.6621"
"97.4850","0.2231","0.6621"
"97.5050","0.2231","0.6621"
"97.5250","0.2231","0.6621"
"97.5450","0.2231","0.6620"
"97.5650","0.2231","0.6620"
"97.5850","0.2231","0.6620"
"97.6050","0.2231","0.6619"
"97.6250","0.2231","0.6619"
"97.6450","0.2231","0.6619"
"97.6650","0.2231","0.6619"
"97.6850","0.2231","0.6619"
"97.7050","0.2231","0.6619"
"97.7250","0.2231","0.6619"
"97.7450","0.2231","0.6620"
"97.7650","0.2231","0.6621"
"97.7850","0.2231","0.6620"
"97.8050","0.2231","0.6619"
"97.8250","0.2231","0.6619"
"97.8450","0.2231","0.6619"
"97.8650","0.2231","0.6619"
"97.8850","0.2231","0.6618"
"97.9050","0.2231","0.6618"
"97.9250","0.2231","0.6618"
"97.9450","0.2231","0.6619"
"97.9650","0.2231","0.6619"
"97.9850","0.2231","0.6618"
"98.0050","0.2231","0.6617"
"98.0250","0.2231","0.6618"
"98.0450","0.2231","0.6617"
"98.0650","0.2231","0.6617"
"98.0850","0.2231","0.6617"
"98.1050","0.2231","0.6617"
"98.1250","0.2231","0.6617"
"98.1450","0.2231","0.6618"
"98.1650","0.2231","0.6618"
"98.1850","0.2231","0.6617"
"98.2050","0.2231","0.6617"
"98.2250","0.2231","0.6617"
"98.2450","0.2231","0.6617"
"98.2650","0.2231","0.6617"
"98.2850","0.2231","0.6618"
"98.3050","0.2231","0.6617"
"98.3250","0.2231","0.6617"
"98.3450","0.2231","0.6617"
"98.3650","0.2231","0.6616"
"98.3850","0.2231","0.6616"
"98.4050","0.2231","0.6616"
"98.4250","0.2231","0.6617"
"98.4450","0.2231","0.6617"
"98.4650","0.2231","0.6617"
"98.4850","0.2231","0.6616"
"98.5050","0.2231","0.6616"
"98.5250","0.2231","0.6617"
"98.5450","0.2231","0.6616"
"98.5650","0.2231","0.6616"
"98.5850","0.2231","0.6616"
"98.6050","0.2231","0.6615"
"98.6250","0.2231","0.6615"
"98.6450","0.2231","0.6615"
"98.6650","0.2231","0.6615"
"98.6850","0.2231","0.6615"
"98.7050","0.2231","0.6616"
"98.7250","0.2231","0.6616"
"98.7450","0.2231","0.6616"
"98.7650","0.2231","0.6615"
"98.7850","0.2231","0.6615"
"98.8050","0.2231","0.6615"
"98.8250","0.2231","0.6615"
"98.8450","0.2231","0.6614"
"98.8650","0.2231","0.6613"
"98.8850","0.2231","0.6614"
"98.9050","0.2231","0.6615"
"98.9250","0.2231","0.6614"
"98.9450","0.2231","0.6614"
"98.9650","0.2231","0.6614"
"98.9850","0.2231","0.6614"
"99.0050","0.2231","0.6614"
"99.0250","0.2231","0.6614"
"99.0450","0.2231","0.6614"
"99.0650","0.2231","0.6615"
"99.0850","0.2231","0.6615"
"99.1050","0.2231","0.6614"
"99.1250","0.2231","0.6614"
"99.1450","0.2231","0.6613"
"99.1650","0.2231","0.6614"
"99.1850","0.2231","0.6614"
"99.2050","0.2231","0.6614"
"99.2250","0.2231","0.6613"
"99.2450","0.2231","0.6613"
"99.2650","0.2231","0.6613"
"99.2850","0.2231","0.6614"
"99.3050","0.2231","0.6613"
"99.3250","0.2231","0.6613"
"99.3450","0.2231","0.6613"
"99.3650","0.2231","0.6613"
"99.3850","0.2231","0.6612"
"99.4050","0.2231","0.6612"
"99.4250","0.2231","0.6612"
"99.4450","0.2231","0.6612"
"99.4650","0.2231","0.6612"
"99.4850","0.2231","0.6613"
"99.5050","0.2231","0.6612"
"99.5250","0.2231","0.6612"
"99.5450","0.2231","0.6613"
"99.5650","0.2231","0.6613"
"99.5850","0.2231","0.6612"
"99.6050","0.2231","0.6612"
"99.6250","0.2231","0.6611"
"99.6450","0.2231","0.6611"
"99.6650","0.2231","0.6611"
"99.6850","0.2231","0.6611"
"99.7050","0.2231","0.6612"
"99.7250","0.2231","0.6612"
"99.7450","0.2231","0.6611"
"99.7650","0.2231","0.6611"
"99.7850","0.2231","0.6610"
"99.8050","0.2231","0.6610"
"99.8250","0.2231","0.6611"
"99.8450","0.2231","0.6610"
"99.8650","0.2231","0.6610"
"99.8850","0.2231","0.6610"
"99.9050","0.2231","0.6610"
"99.9250","0.2231","0.6610"
"99.9450","0.2231","0.6610"
"99.9650","0.2231","0.6610"
"99.9850","0.2231","0.6609"
"100.0050","0.2231","0.6610"
"100.0250","0.2231","0.6611"
"100.0450","0.2231","0.6610"
"100.0650","0.2231","0.6609"
"100.0850","0.2231","0.6609"
"100.1050","0.2231","0.6610"
"100.1250","0.2231","0.6610"
"100.1450","0.2231","0.6610"
"100.1650","0.2231","0.6609"
"100.1850","0.2231","0.6609"
"100.2050","0.2231","0.6609"
"100.2250","0.2231","0.6610"
"100.2450","0.2231","0.6610"
"100.2650","0.2231","0.6609"
"100.2850","0.2231","0.6609"
"100.3050","0.2231","0.6609"
"100.3250","0.2231","0.6609"
"100.3450","0.2231","0.6608"
"100.3650","0.2231","0.6608"
"100.3850","0.2231","0.6609"
"100.4050","0.2231","0.6609"
"100.4250","0.2231","0.6608"
"100.4450","0.2231","0.6608"
"100.4650","0.2231","0.6608"
"100.4850","0.2231","0.6608"
"100.5050","0.2231","0.6608"
"100.5250","0.2231","0.6608"
"100.5450","0.2231","0.6607"
"100.5650","0.2231","0.6607"
"100.5850","0.2231","0.6607"
"100.6050","0.2231","0.6607"
"100.6250","0.2231","0.6608"
"100.6450","0.2231","0.6607"
"100.6650","0.2231","0.6607"
"100.6850","0.2231","0.6607"
"100.7050","0.2231","0.6607"
"100.7250","0.2231","0.6608"
"100.7450","0.2231","0.6607"
"100.7650","0.2231","0.6607"
"100.7850","0.2231","0.6607"
"100.8050","0.2231","0.6607"
"100.8250","0.2231","0.6607"
"100.8450","0.2231","0.6608"
"100.8650","0.2231","0.6608"
"100.8850","0.2231","0.6607"
"100.9050","0.2231","0.6607"
"100.9250","0.2231","0.6606"
"100.9450","0.2231","0.6606"
"100.9650","0.2231","0.6607"
"100.9850","0.2231","0.6607"
"101.0050","0.2231","0.6607"
"101.0250","0.2231","0.6606"
"101.0450","0.2231","0.6605"
"101.0650","0.2231","0.6605"
"101.0850","0.2231","0.6606"
"101.1050","0.2231","0.6605"
"101.1250","0.2231","0.6605"
"101.1450","0.2231","0.6605"
"101.1650","0.2231","0.6604"
"101.1850","0.2231","0.6605"
"101.2050","0.2231","0.6605"
"101.2250","0.2231","0.6605"
"101.2450","0.2231","0.6605"
"101.2650","0.2231","0.6605"
"101.2850","0.2231","0.6605"
"101.3050","0.2231","0.6605"
"101.3250","0.2231","0.6604"
"101.3450","0.2231","0.6604"
"101.3650","0.2231","0.6604"
"101.3850","0.2231","0.6604"
"101.4050","0.2231","0.6604"
"101.4250","0.2231","0.6605"
"101.4450","0.2231","0.6605"
"101.4650","0.2231","0.6605"
"101.4850","0.2231","0.6605"
"101.5050","0.2231","0.6603"
"101.5250","0.2231","0.6603"
"101.5450","0.2231","0.6603"
"101.5650","0.2231","0.6603"
"101.5850","0.2231","0.6603"
"101.6050","0.2231","0.6603"
"101.6250","0.2231","0.6603"
"101.6450","0.2231","0.6603"
"101.6650","0.2231","0.6603"
"101.6850","0.2231","0.6604"
"101.7050","0.2231","0.6604"
"101.7250","0.2231","0.6603"
"101.7450","0.2231","0.6602"
"101.7650","0.2231","0.6603"
"101.7850","0.2231","0.6603"
"101.8050","0.2231","0.6603"
"101.8250","0.2231","0.6603"
"101.8450","0.2231","0.6603"
"101.8650","0.2231","0.6603"
"101.8850","0.2231","0.6604"
"101.9050","0.2231","0.6603"
"101.9250","0.2231","0.6602"
"101.9450","0.2231","0.6601"
"101.9650","0.2231","0.6602"
"101.9850","0.2231","0.6602"
"102.0050","0.2231","0.6602"
"102.0250","0.2231","0.6602"
"102.0450","0.2231","0.6602"
"102.0650","0.2231","0.6602"
"102.0850","0.2231","0.6602"
"102.1050","0.2231","0.6603"
"102.1250","0.2231","0.6602"
"102.1450","0.2231","0.6601"
"102.1650","0.2231","0.6601"
"102.1850","0.2231","0.6601"
"102.2050","0.2231","0.6601"
"102.2250","0.2231","0.6602"
"102.2450","0.2231","0.6602"
"102.2650","0.2231","0.6601"
"102.2850","0.2231","0.6601"
"102.3050","0.2231","0.6601"
"102.3250","0.2231","0.6601"
"102.3450","0.2231","0.6600"
"102.3650","0.2231","0.6601"
"102.3850","0.2231","0.6601"
"102.4050","0.2231","0.6601"
"102.4250","0.2231","0.6601"
"102.4450","0.2231","0.6601"
"102.4650","0.2231","0.6601"
"102.4850","0.2231","0.6600"
"102.5050","0.2231","0.6600"
"102.5250","0.2231","0.6600"
"102.5450","0.2231","0.6600"
"102.5650","0.2231","0.6600"
"102.5850","0.2231","0.6600"
"102.6050","0.2231","0.6600"
"102.6250","0.2231","0.6599"
"102.6450","0.2231","0.6600"
"102.6650","0.2231","0.6599"
"102.6850","0.2231","0.6599"
"102.7050","0.2231","0.6600"
"102.7250","0.2231","0.6600"
"102.7450","0.2231","0.6600"
"102.7650","0.2231","0.6599"
"102.7850","0.2231","0.6599"
"102.8050","0.2231","0.6599"
"102.8250","0.2231","0.6599"
"102.8450","0.2231","0.6598"
"102.8650","0.2231","0.6599"
"102.8850","0.2231","0.6598"
"102.9050","0.2231","0.6598"
"102.9250","0.2231","0.6598"
"102.9450","0.2231","0.6599"
"102.9650","0.2231","0.6599"
"102.9850","0.2231","0.6598"
"103.0050","0.2231","0.6598"
"103.0250","0.2231","0.6598"
"103.0450","0.2231","0.6598"
"103.0650","0.2231","0.6598"
"103.0850","0.2231","0.6598"
"103.1050","0.2231","0.6598"
"103.1250","0.2231","0.6597"
"103.1450","0.2231","0.6597"
"103.1650","0.2231","0.6597"
"103.1850","0.2231","0.6597"
"103.2050","0.2231","0.6597"
"103.2250","0.2231","0.6597"
"103.2450","0.2231","0.6597"
"103.2650","0.2231","0.6598"
"103.2850","0.2231","0.6597"
"103.3050","0.2231","0.6597"
"103.3250","0.2231","0.6597"
"103.3450","0.2231","0.6598"
"103.3650","0.2231","0.6597"
"103.3850","0.2231","0.6596"
"103.4050","0.2231","0.6597"
"103.4250","0.2231","0.6596"
"103.4450","0.2231","0.6596"
"103.4650","0.2231","0.6596"
"103.4850","0.2231","0.6596"
"103.5050","0.2231","0.6596"
"103.5250","0.2231","0.6596"
"103.5450","0.2231","0.6596"
"103.5650","0.2231","0.6595"
"103.5850","0.2231","0.6595"
"103.6050","0.2231","0.6596"
"103.6250","0.2231","0.6596"
"103.6450","0.2231","0.6596"
"103.6650","0.2231","0.6596"
"103.6850","0.2231","0.6595"
"103.7050","0.2231","0.6595"
"103.7250","0.2231","0.6596"
"103.7450","0.2231","0.6595"
"103.7650","0.2231","0.6596"
"103.7850","0.2231","0.6596"
"103.8050","0.2231","0.6596"
"103.8250","0.2231","0.6596"
"103.8450","0.2231","0.6594"
"103.8650","0.2231","0.6594"
"103.8850","0.2231","0.6594"
"103.9050","0.2231","0.6594"
"103.9250","0.2231","0.6595"
"103.9450","0.2231","0.6594"
"103.9650","0.2231","0.6595"
"103.9850","0.2231","0.6595"
"104.0050","0.2231","0.6594"
"104.0250","0.2231","0.6594"
"104.0450","0.2231","0.6594"
"104.0650","0.2231","0.6594"
"104.0850","0.2231","0.6594"
"104.1050","0.2231","0.6594"
"104.1250","0.2231","0.6594"
"104.1450","0.2231","0.6594"
"104.1650","0.2231","0.6594"
"104.1850","0.2231","0.6594"
"104.2050","0.2231","0.6594"
"104.2250","0.2231","0.6594"
"104.2450","0.2231","0.6594"
"104.2650","0.2231","0.6593"
"104.2850","0.2231","0.6593"
"104.3050","0.2231","0.6594"
"104.3250","0.2231","0.6594"
"104.3450","0.2231","0.6593"
"104.3650","0.2231","0.6593"
"104.3850","0.2231","0.6593"
"104.4050","0.2231","0.6593"
"104.4250","0.2231","0.6593"
"104.4450","0.2231","0.6593"
"104.4650","0.2231","0.6593"
"104.4850","0.2231","0.6592"
"104.5050","0.2231","0.6592"
"104.5250","0.2231","0.6592"
"104.5450","0.2231","0.6592"
"104.5650","0.2231","0.6593"
"104.5850","0.2231","0.6592"
"104.6050","0.2231","0.6592"
"104.6250","0.2231","0.6592"
"104.6450","0.2231","0.6592"
"104.6650","0.2231","0.6593"
"104.6850","0.2231","0.6592"
"104.7050","0.2231","0.6592"
"104.7250","0.2231","0.6592"
"104.7450","0.2231","0.6592"
"104.7650","0.2231","0.6592"
"104.7850","0.2231","0.6591"
"104.8050","0.2231","0.6591"
"104.8250","0.2231","0.6591"
"104.8450","0.2231","0.6591"
"104.8650","0.2231","0.6591"
"104.8850","0.2231","0.6591"
"104.9050","0.2231","0.6591"
"104.9250","0.2231","0.6591"
"104.9450","0.2231","0.6591"
"104.9650","0.2231","0.6591"
"104.9850","0.2231","0.6591"
"105.0050","0.2231","0.6591"
"105.0250","0.2231","0.6591"
"105.0450","0.2231","0.6591"
"105.0650","0.2231","0.6591"
"105.0850","0.2231","0.6590"
"105.1050","0.2231","0.6589"
"105.1250","0.2231","0.6590"
"105.1450","0.2231","0.6590"
"105.1650","0.2231","0.6590"
"105.1850","0.2231","0.6590"
"105.2050","0.2231","0.6590"
"105.2250","0.2231","0.6590"
"105.2450","0.2231","0.6590"
"105.2650","0.2231","0.6590"
"105.2850","0.2231","0.6590"
"105.3050","0.2231","0.6590"
"105.3250","0.2231","0.6589"
"105.3450","0.2231","0.6588"
"105.3650","0.2231","0.6589"
"105.3850","0.2231","0.6589"
"105.4050","0.2231","0.6589"
"105.4250","0.2231","0.6590"
"105.4450","0.2231","0.6590"
"105.4650","0.2231","0.6590"
"105.4850","0.2231","0.6589"
"105.5050","0.2231","0.6589"
"105.5250","0.2231","0.6589"
"105.5450","0.2231","0.6588"
"105.5650","0.2231","0.6589"
"105.5850","0.2231","0.6590"
"105.6050","0.2231","0.6589"
"105.6250","0.2231","0.6587"
"105.6450","0.2231","0.6587"
"105.6650","0.2231","0.6587"
"105.6850","0.2231","0.6587"
"105.7050","0.2231","0.6588"
"105.7250","0.2231","0.6588"
"105.7450","0.2231","0.6587"
"105.7650","0.2231","0.6587"
"105.7850","0.2231","0.6587"
"105.8050","0.2231","0.6587"
"105.8250","0.2231","0.6586"
"105.8450","0.2231","0.6586"
"105.8650","0.2231","0.6587"
"105.8850","0.2231","0.6587"
"105.9050","0.2231","0.6586"
"105.9250","0.2231","0.6586"
"105.9450","0.2231","0.6586"
"105.9650","0.2231","0.6587"
"105.9850","0.2231","0.6587"
"106.0050","0.2231","0.6586"
"106.0250","0.2231","0.6586"
"106.0450","0.2231","0.6586"
"106.0650","0.2231","0.6586"
"106.0850","0.2231","0.6586"
"106.1050","0.2231","0.6586"
"106.1250","0.2231","0.6586"
"106.1450","0.2231","0.6586"
"106.1650","0.2231","0.6586"
"106.1850","0.2231","0.6586"
"106.2050","0.2231","0.6585"
"106.2250","0.2231","0.6585"
"106.2450","0.2231","0.6586"
"106.2650","0.2231","0.6586"
"106.2850","0.2231","0.6586"
"106.3050","0.2231","0.6586"
"106.3250","0.2231","0.6586"
"106.3450","0.2231","0.6586"
"106.3650","0.2231","0.6586"
"106.3850","0.2231","0.6585"
"106.4050","0.2231","0.6586"
"106.4250","0.2231","0.6586"
"106.4450","0.2231","0.6586"
"106.4650","0.2231","0.6584"
"106.4850","0.2231","0.6584"
"106.5050","0.2231","0.6585"
"106.5250","0.2231","0.6585"
"106.5450","0.2231","0.6585"
"106.5650","0.2231","0.6584"
"106.5850","0.2231","0.6584"
"106.6050","0.2231","0.6584"
"106.6250","0.2231","0.6585"
"106.6450","0.2231","0.6584"
"106.6650","0.2231","0.6584"
"106.6850","0.2231","0.6585"
"106.7050","0.2231","0.6585"
"106.7250","0.2231","0.6584"
"106.7450","0.2231","0.6585"
"106.7650","0.2231","0.6584"
"106.7850","0.2231","0.6583"
"106.8050","0.2231","0.6584"
"106.8250","0.2231","0.6584"
"106.8450","0.2231","0.6584"
"106.8650","0.2231","0.6583"
"106.8850","0.2231","0.6583"
"106.9050","0.2231","0.6583"
"106.9250","0.2231","0.6583"
"106.9450","0.2231","0.6583"
"106.9650","0.2231","0.6582"
"106.9850","0.2231","0.6582"
"107.0050","0.2231","0.6582"
"107.0250","0.2231","0.6583"
"107.0450","0.2231","0.6583"
"107.0650","0.2231","0.6583"
"107.0850","0.2231","0.6583"
"107.1050","0.2231","0.6582"
"107.1250","0.2231","0.6582"
"107.1450","0.2231","0.6582"
"107.1650","0.2231","0.6582"
"107.1850","0.2231","0.6582"
"107.2050","0.2231","0.6582"
"107.2250","0.2231","0.6582"
"107.2450","0.2231","0.6582"
"107.2650","0.2231","0.6583"
"107.2850","0.2231","0.6582"
"107.3050","0.2231","0.6582"
"107.3250","0.2231","0.6581"
"107.3450","0.2231","0.6581"
"107.3650","0.2231","0.6581"
"107.3850","0.2231","0.6582"
"107.4050","0.2231","0.6582"
"107.4250","0.2231","0.6582"
"107.4450","0.2231","0.6581"
"107.4650","0.2231","0.6581"
"107.4850","0.2231","0.6580"
"107.5050","0.2231","0.6580"
"107.5250","0.2231","0.6580"
"107.5450","0.2231","0.6580"
"107.5650","0.2231","0.6582"
"107.5850","0.2231","0.6581"
"107.6050","0.2231","0.6581"
"107.6250","0.2231","0.6581"
"107.6450","0.2231","0.6581"
"107.6650","0.2231","0.6581"
"107.6850","0.2231","0.6580"
"107.7050","0.2231","0.6580"
"107.7250","0.2231","0.6580"
"107.7450","0.2231","0.6580"
"107.7650","0.2231","0.6580"
"107.7850","0.2231","0.6580"
"107.8050","0.2231","0.6581"
"107.8250","0.2231","0.6581"
"107.8450","0.2231","0.6580"
"107.8650","0.2231","0.6580"
"107.8850","0.2231","0.6580"
"107.9050","0.2231","0.6580"
"107.9250","0.2231","0.6580"
"107.9450","0.2231","0.6579"
"107.9650","0.2231","0.6579"
"107.9850","0.2231","0.6579"
"108.0050","0.2231","0.6580"
"108.0250","0.2231","0.6580"
"108.0450","0.2231","0.6579"
"108.0650","0.2231","0.6580"
"108.0850","0.2231","0.6579"
"108.1050","0.2231","0.6580"
"108.1250","0.2231","0.6580"
"108.1450","0.2231","0.6579"
"108.1650","0.2231","0.6578"
"108.1850","0.2231","0.6578"
"108.2050","0.2231","0.6578"
"108.2250","0.2231","0.6578"
"108.2450","0.2231","0.6578"
"108.2650","0.2231","0.6579"
"108.2850","0.2231","0.6579"
"108.3050","0.2231","0.6578"
"108.3250","0.2231","0.6577"
"108.3450","0.2231","0.6577"
"108.3650","0.2231","0.6577"
"108.3850","0.2231","0.6578"
"108.4050","0.2231","0.6578"
"108.4250","0.2231","0.6578"
"108.4450","0.2231","0.6577"
"108.4650","0.2231","0.6577"
"108.4850","0.2231","0.6578"
"108.5050","0.2231","0.6577"
"108.5250","0.2231","0.6576"
"108.5450","0.2231","0.6577"
"108.5650","0.2231","0.6578"
"108.5850","0.2231","0.6578"
"108.6050","0.2231","0.6577"
"108.6250","0.2231","0.6577"
"108.6450","0.2231","0.6576"
"108.6650","0.2231","0.6577"
"108.6850","0.2231","0.6577"
"108.7050","0.2231","0.6576"
"108.7250","0.2231","0.6576"
"108.7450","0.2231","0.6576"
"108.7650","0.2231","0.6576"
"108.7850","0.2231","0.6576"
"108.8050","0.2231","0.6577"
"108.8250","0.2231","0.6577"
"108.8450","0.2231","0.6576"
"108.8650","0.2231","0.6576"
"108.8850","0.2231","0.6576"
"108.9050","0.2231","0.6577"
"108.9250","0.2231","0.6576"
"108.9450","0.2231","0.6577"
"108.9650","0.2231","0.6576"
"108.9850","0.2231","0.6575"
"109.0050","0.2231","0.6575"
"109.0250","0.2231","0.6576"
"109.0450","0.2231","0.6575"
"109.0650","0.2231","0.6575"
"109.0850","0.2231","0.6575"
"109.1050","0.2231","0.6576"
"109.1250","0.2231","0.6576"
"109.1450","0.2231","0.6576"
"109.1650","0.2231","0.6576"
"109.1850","0.2231","0.6575"
"109.2050","0.2231","0.6575"
"109.2250","0.2231","0.6575"
"109.2450","0.2231","0.6575"
"109.2650","0.2231","0.6575"
"109.2850","0.2231","0.6575"
"109.3050","0.2231","0.6575"
"109.3250","0.2231","0.6575"
"109.3450","0.2231","0.6575"
"109.3650","0.2231","0.6575"
"109.3850","0.2231","0.6574"
"109.4050","0.2231","0.6574"
"109.4250","0.2231","0.6574"
"109.4450","0.2231","0.6574"
"109.4650","0.2231","0.6574"
"109.4850","0.2231","0.6574"
"109.5050","0.2231","0.6574"
"109.5250","0.2231","0.6573"
"109.5450","0.2231","0.6573"
"109.5650","0.2231","0.6573"
"109.5850","0.2231","0.6573"
"109.6050","0.2231","0.6573"
"109.6250","0.2231","0.6573"
"109.6450","0.2231","0.6572"
"109.6650","0.2231","0.6573"
"109.6850","0.2231","0.6573"
"109.7050","0.2231","0.6574"
"109.7250","0.2231","0.6573"
"109.7450","0.2231","0.6573"
"109.7650","0.2231","0.6573"
"109.7850","0.2231","0.6573"
"109.8050","0.2231","0.6572"
"109.8250","0.2231","0.6573"
"109.8450","0.2231","0.6573"
"109.8650","0.2231","0.6572"
"109.8850","0.2231","0.6572"
"109.9050","0.2231","0.6572"
"109.9250","0.2231","0.6572"
"109.9450","0.2231","0.6573"
"109.9650","0.2231","0.6572"
"109.9850","0.2231","0.6572"
"110.0050","0.2231","0.6571"
"110.0250","0.2231","0.6571"
"110.0450","0.2231","0.6572"
"110.0650","0.2231","0.6571"
"110.0850","0.2231","0.6571"
"110.1050","0.2231","0.6572"
"110.1250","0.2231","0.6572"
"110.1450","0.2231","0.6572"
"110.1650","0.2231","0.6571"
"110.1850","0.2231","0.6572"
"110.2050","0.2231","0.6572"
"110.2250","0.2231","0.6572"
"110.2450","0.2231","0.6572"
"110.2650","0.2231","0.6572"
"110.2850","0.2231","0.6571"
"110.3050","0.2231","0.6571"
"110.3250","0.2231","0.6571"
"110.3450","0.2231","0.6571"
"110.3650","0.2231","0.6571"
"110.3850","0.2231","0.6571"
"110.4050","0.2231","0.6571"
"110.4250","0.2231","0.6570"
"110.4450","0.2231","0.6570"
"110.4650","0.2231","0.6570"
"110.4850","0.2231","0.6571"
"110.5050","0.2231","0.6570"
"110.5250","0.2231","0.6570"
"110.5450","0.2231","0.6570"
"110.5650","0.2231","0.6571"
"110.5850","0.2231","0.6570"
"110.6050","0.2231","0.6570"
"110.6250","0.2231","0.6570"
"110.6450","0.2231","0.6570"
"110.6650","0.2231","0.6570"
"110.6850","0.2231","0.6569"
"110.7050","0.2231","0.6570"
"110.7250","0.2231","0.6569"
"110.7450","0.2231","0.6569"
"110.7650","0.2231","0.6570"
"110.7850","0.2231","0.6570"
"110.8050","0.2231","0.6570"
"110.8250","0.2231","0.6570"
"110.8450","0.2231","0.6569"
"110.8650","0.2231","0.6569"
"110.8850","0.2231","0.6569"
"110.9050","0.2231","0.6569"
"110.9250","0.2231","0.6570"
"110.9450","0.2231","0.6570"
"110.9650","0.2231","0.6570"
"110.9850","0.2231","0.6569"
"111.0050","0.2231","0.6568"
"111.0250","0.2231","0.6568"
"111.0450","0.2231","0.6569"
"111.0650","0.2231","0.6569"
"111.0850","0.2231","0.6569"
"111.1050","0.2231","0.6569"
"111.1250","0.2231","0.6569"
"111.1450","0.2231","0.6568"
"111.1650","0.2231","0.6567"
"111.1850","0.2231","0.6567"
"111.2050","0.2231","0.6567"
"111.2250","0.2231","0.6567"
"111.2450","0.2231","0.6568"
"111.2650","0.2231","0.6568"
"111.2850","0.2231","0.6567"
"111.3050","0.2231","0.6567"
"111.3250","0.2231","0.6567"
"111.3450","0.2231","0.6567"
"111.3650","0.2231","0.6567"
"111.3850","0.2231","0.6567"
"111.4050","0.2231","0.6567"
"111.4250","0.2231","0.6567"
"111.4450","0.2231","0.6568"
"111.4650","0.2231","0.6568"
"111.4850","0.2231","0.6568"
"111.5050","0.2231","0.6567"
"111.5250","0.2231","0.6567"
"111.5450","0.2231","0.6567"
"111.5650","0.2231","0.6566"
"111.5850","0.2231","0.6566"
"111.6050","0.2231","0.6567"
"111.6250","0.2231","0.6567"
"111.6450","0.2231","0.6566"
"111.6650","0.2231","0.6567"
"111.6850","0.2231","0.6566"
"111.7050","0.2231","0.6566"
"111.7250","0.2231","0.6567"
"111.7450","0.2231","0.6566"
"111.7650","0.2231","0.6567"
"111.7850","0.2231","0.6567"
"111.8050","0.2231","0.6567"
"111.8250","0.2231","0.6566"
"111.8450","0.2231","0.6566"
"111.8650","0.2231","0.6565"
"111.8850","0.2231","0.6565"
"111.9050","0.2231","0.6565"
"111.9250","0.2231","0.6565"
"111.9450","0.2231","0.6565"
"111.9650","0.2231","0.6566"
"111.9850","0.2231","0.6566"
"112.0050","0.2231","0.6565"
"112.0250","0.2231","0.6565"
"112.0450","0.2231","0.6564"
"112.0650","0.2231","0.6565"
"112.0850","0.2231","0.6565"
"112.1050","0.2231","0.6565"
"112.1250","0.2231","0.6564"
"112.1450","0.2231","0.6563"
"112.1650","0.2231","0.6564"
"112.1850","0.2231","0.6565"
"112.2050","0.2231","0.6565"
"112.2250","0.2231","0.6565"
"112.2450","0.2231","0.6564"
"112.2650","0.2231","0.6564"
"112.2850","0.2231","0.6564"
"112.3050","0.2231","0.6564"
"112.3250","0.2231","0.6565"
"112.3450","0.2231","0.6565"
"112.3650","0.2231","0.6566"
"112.3850","0.2231","0.6565"
"112.4050","0.2231","0.6564"
"112.4250","0.2231","0.6563"
"112.4450","0.2231","0.6563"
"112.4650","0.2231","0.6563"
"112.4850","0.2231","0.6563"
"112.5050","0.2231","0.6563"
"112.5250","0.2231","0.6563"
"112.5450","0.2231","0.6563"
"112.5650","0.2231","0.6563"
"112.5850","0.2231","0.6563"
"112.6050","0.2231","0.6563"
"112.6250","0.2231","0.6563"
"112.6450","0.2231","0.6562"
"112.6650","0.2231","0.6562"
"112.6850","0.2231","0.6562"
"112.7050","0.2231","0.6563"
"112.7250","0.2231","0.6563"
"112.7450","0.2231","0.6563"
"112.7650","0.2231","0.6562"
"112.7850","0.2231","0.6562"
"112.8050","0.2231","0.6561"
"112.8250","0.2231","0.6561"
"112.8450","0.2231","0.6561"
"112.8650","0.2231","0.6562"
"112.8850","0.2231","0.6563"
"112.9050","0.2231","0.6563"
"112.9250","0.2231","0.6563"
"112.9450","0.2231","0.6563"
"112.9650","0.2231","0.6562"
"112.9850","0.2231","0.6561"
"113.0050","0.2231","0.6561"
"113.0250","0.2231","0.6562"
"113.0450","0.2231","0.6562"
"113.0650","0.2231","0.6561"
"113.0850","0.2231","0.6561"
"113.1050","0.2231","0.6561"
"113.1250","0.2231","0.6561"
"113.1450","0.2231","0.6561"
"113.1650","0.2231","0.6561"
"113.1850","0.2231","0.6561"
"113.2050","0.2231","0.6560"
"113.2250","0.2231","0.6560"
"113.2450","0.2231","0.6560"
"113.2650","0.2231","0.6560"
"113.2850","0.2231","0.6560"
"113.3050","0.2231","0.6560"
"113.3250","0.2231","0.6560"
"113.3450","0.2231","0.6560"
"113.3650","0.2231","0.6560"
"113.3850","0.2231","0.6560"
"113.4050","0.2231","0.6561"
"113.4250","0.2231","0.6561"
"113.4450","0.2231","0.6560"
"113.4650","0.2231","0.6559"
"113.4850","0.2231","0.6559"
"113.5050","0.2231","0.6560"
"113.5250","0.2231","0.6560"
"113.5450","0.2231","0.6560"
"113.5650","0.2231","0.6559"
"113.5850","0.2231","0.6559"
"113.6050","0.2231","0.6559"
"113.6250","0.2231","0.6560"
"113.6450","0.2231","0.6560"
"113.6650","0.2231","0.6560"
"113.6850","0.2231","0.6560"
"113.7050","0.2231","0.6559"
"113.7250","0.2231","0.6559"
"113.7450","0.2231","0.6560"
"113.7650","0.2231","0.6559"
"113.7850","0.2231","0.6559"
"113.8050","0.2231","0.6558"
"113.8250","0.2231","0.6559"
"113.8450","0.2231","0.6558"
"113.8650","0.2231","0.6559"
"113.8850","0.2231","0.6558"
"113.9050","0.2231","0.6559"
"113.9250","0.2231","0.6560"
"113.9450","0.2231","0.6559"
"113.9650","0.2231","0.6559"
"113.9850","0.2231","0.6558"
"114.0050","0.2231","0.6558"
"114.0250","0.2231","0.6558"
"114.0450","0.2231","0.6558"
"114.0650","0.2231","0.6558"
"114.0850","0.2231","0.6558"
"114.1050","0.2231","0.6557"
"114.1250","0.2231","0.6557"
"114.1450","0.2231","0.6558"
"114.1650","0.2231","0.6558"
"114.1850","0.2231","0.6557"
"114.2050","0.2231","0.6557"
"114.2250","0.2231","0.6558"
"114.2450","0.2231","0.6558"
"114.2650","0.2231","0.6557"
"114.2850","0.2231","0.6557"
"114.3050","0.2231","0.6558"
"114.3250","0.2231","0.6557"
"114.3450","0.2231","0.6557"
"114.3650","0.2231","0.6556"
"114.3850","0.2231","0.6557"
"114.4050","0.2231","0.6557"
"114.4250","0.2231","0.6557"
"114.4450","0.2231","0.6557"
"114.4650","0.2231","0.6556"
"114.4850","0.2231","0.6557"
"114.5050","0.2231","0.6556"
"114.5250","0.2231","0.6555"
"114.5450","0.2231","0.6555"
"114.5650","0.2231","0.6556"
"114.5850","0.2231","0.6556"
"114.6050","0.2231","0.6556"
"114.6250","0.2231","0.6556"
"114.6450","0.2231","0.6556"
"114.6650","0.2231","0.6556"
"114.6850","0.2231","0.6556"
"114.7050","0.2231","0.6556"
"114.7250","0.2231","0.6556"
"114.7450","0.2231","0.6556"
"114.7650","0.2231","0.6556"
"114.7850","0.2231","0.6556"
"114.8050","0.2231","0.6556"
"114.8250","0.2231","0.6555"
"114.8450","0.2231","0.6555"
"114.8650","0.2231","0.6555"
"114.8850","0.2231","0.6555"
"114.9050","0.2231","0.6555"
"114.9250","0.2231","0.6555"
"114.9450","0.2231","0.6555"
"114.9650","0.2231","0.6556"
"114.9850","0.2231","0.6555"
"115.0050","0.2231","0.6554"
"115.0250","0.2231","0.6554"
"115.0450","0.2231","0.6555"
"115.0650","0.2231","0.6555"
"115.0850","0.2231","0.6555"
"115.1050","0.2231","0.6555"
"115.1250","0.2231","0.6554"
"115.1450","0.2231","0.6554"
"115.1650","0.2231","0.6554"
"115.1850","0.2231","0.6555"
"115.2050","0.2231","0.6554"
"115.2250","0.2231","0.6554"
"115.2450","0.2231","0.6554"
"115.2650","0.2231","0.6553"
"115.2850","0.2231","0.6553"
"115.3050","0.2231","0.6553"
"115.3250","0.2231","0.6552"
"115.3450","0.2231","0.6553"
"115.3650","0.2231","0.6553"
"115.3850","0.2231","0.6553"
"115.4050","0.2231","0.6553"
"115.4250","0.2231","0.6553"
"115.4450","0.2231","0.6553"
"115.4650","0.2231","0.6553"
"115.4850","0.2231","0.6553"
"115.5050","0.2231","0.6553"
"115.5250","0.2231","0.6553"
"115.5450","0.2231","0.6552"
"115.5650","0.2231","0.6552"
"115.5850","0.2231","0.6552"
"115.6050","0.2231","0.6552"
"115.6250","0.2231","0.6552"
"115.6450","0.2231","0.6553"
"115.6650","0.2231","0.6553"
"115.6850","0.2231","0.6552"
"115.7050","0.2231","0.6552"
"115.7250","0.2231","0.6552"
"115.7450","0.2231","0.6552"
"115.7650","0.2231","0.6553"
"115.7850","0.2231","0.6553"
"115.8050","0.2231","0.6553"
"115.8250","0.2231","0.6552"
"115.8450","0.2231","0.6551"
"115.8650","0.2231","0.6551"
"115.8850","0.2231","0.6552"
"115.9050","0.2231","0.6552"
"115.9250","0.2231","0.6552"
"115.9450","0.2231","0.6551"
"115.9650","0.2231","0.6551"
"115.9850","0.2231","0.6551"
"116.0050","0.2231","0.6552"
"116.0250","0.2231","0.6552"
"116.0450","0.2231","0.6552"
"116.0650","0.2231","0.6552"
"116.0850","0.2231","0.6551"
"116.1050","0.2231","0.6551"
"116.1250","0.2231","0.6550"
"116.1450","0.2231","0.6550"
"116.1650","0.2231","0.6550"
"116.1850","0.2231","0.6550"
"116.2050","0.2231","0.6549"
"116.2250","0.2231","0.6550"
"116.2450","0.2231","0.6550"
"116.2650","0.2231","0.6550"
"116.2850","0.2231","0.6549"
"116.3050","0.2231","0.6550"
"116.3250","0.2231","0.6551"
"116.3450","0.2231","0.6550"
"116.3650","0.2231","0.6550"
"116.3850","0.2231","0.6549"
"116.4050","0.2231","0.6550"
"116.4250","0.2231","0.6550"
"116.4450","0.2231","0.6549"
"116.4650","0.2231","0.6550"
"116.4850","0.2231","0.6549"
"116.5050","0.2231","0.6548"
"116.5250","0.2231","0.6549"
"116.5450","0.2231","0.6550"
"116.5650","0.2231","0.6550"
"116.5850","0.2231","0.6549"
"116.6050","0.2231","0.6548"
"116.6250","0.2231","0.6549"
"116.6450","0.2231","0.6550"
"116.6650","0.2231","0.6549"
"116.6850","0.2231","0.6549"
"116.7050","0.2231","0.6549"
"116.7250","0.2231","0.6549"
"116.7450","0.2231","0.6548"
"116.7650","0.2231","0.6548"
"116.7850","0.2231","0.6548"
"116.8050","0.2231","0.6548"
"116.8250","0.2231","0.6547"
"116.8450","0.2231","0.6548"
"116.8650","0.2231","0.6548"
"116.8850","0.2231","0.6548"
"116.9050","0.2231","0.6549"
"116.9250","0.2231","0.6548"
"116.9450","0.2231","0.6548"
"116.9650","0.2231","0.6548"
"116.9850","0.2231","0.6548"
"117.0050","0.2231","0.6548"
"117.0250","0.2231","0.6548"
"117.0450","0.2231","0.6548"
"117.0650","0.2231","0.6547"
"117.0850","0.2231","0.6548"
"117.1050","0.2231","0.6547"
"117.1250","0.2231","0.6547"
"117.1450","0.2231","0.6547"
"117.1650","0.2231","0.6547"
"117.1850","0.2231","0.6547"
"117.2050","0.2231","0.6546"
"117.2250","0.2231","0.6546"
"117.2450","0.2231","0.6546"
"117.2650","0.2231","0.6546"
"117.2850","0.2231","0.6546"
"117.3050","0.2231","0.6547"
"117.3250","0.2231","0.6548"
"117.3450","0.2231","0.6547"
"117.3650","0.2231","0.6546"
"117.3850","0.2231","0.6546"
"117.4050","0.2231","0.6546"
"117.4250","0.2231","0.6546"
"117.4450","0.2231","0.6546"
"117.4650","0.2231","0.6546"
"117.4850","0.2231","0.6546"
"117.5050","0.2231","0.6546"
"117.5250","0.2231","0.6546"
"117.5450","0.2231","0.6545"
"117.5650","0.2231","0.6546"
"117.5850","0.2231","0.6546"
"117.6050","0.2231","0.6546"
"117.6250","0.2231","0.6546"
"117.6450","0.2231","0.6546"
"117.6650","0.2231","0.6545"
"117.6850","0.2231","0.6545"
"117.7050","0.2231","0.6545"
"117.7250","0.2231","0.6546"
"117.7450","0.2231","0.6546"
"117.7650","0.2231","0.6546"
"117.7850","0.2231","0.6545"
"117.8050","0.2231","0.6545"
"117.8250","0.2231","0.6544"
"117.8450","0.2231","0.6544"
"117.8650","0.2231","0.6544"
"117.8850","0.2231","0.6545"
"117.9050","0.2231","0.6545"
"117.9250","0.2231","0.6545"
"117.9450","0.2231","0.6545"
"117.9650","0.2231","0.6545"
"117.9850","0.2231","0.6545"
"118.0050","0.2231","0.6544"
"118.0250","0.2231","0.6543"
"118.0450","0.2231","0.6544"
"118.0650","0.2231","0.6544"
"118.0850","0.2231","0.6545"
"118.1050","0.2231","0.6544"
"118.1250","0.2231","0.6544"
"118.1450","0.2231","0.6544"
"118.1650","0.2231","0.6544"
"118.1850","0.2231","0.6543"
"118.2050","0.2231","0.6543"
"118.2250","0.2231","0.6544"
"118.2450","0.2231","0.6544"
"118.2650","0.2231","0.6544"
"118.2850","0.2231","0.6544"
"118.3050","0.2231","0.6544"
"118.3250","0.2231","0.6544"
"118.3450","0.2231","0.6544"
"118.3650","0.2231","0.6543"
"118.3850","0.2231","0.6543"
"118.4050","0.2231","0.6543"
"118.4250","0.2231","0.6543"
"118.4450","0.2231","0.6543"
"118.4650","0.2231","0.6543"
"118.4850","0.2231","0.6542"
"118.5050","0.2231","0.6542"
"118.5250","0.2231","0.6542"
"118.5450","0.2231","0.6542"
"118.5650","0.2231","0.6543"
"118.5850","0.2231","0.6543"
"118.6050","0.2231","0.6543"
"118.6250","0.2231","0.6542"
"118.6450","0.2231","0.6542"
"118.6650","0.2231","0.6542"
"118.6850","0.2231","0.6542"
"118.7050","0.2231","0.6542"
"118.7250","0.2231","0.6543"
"118.7450","0.2231","0.6542"
"118.7650","0.2231","0.6542"
"118.7850","0.2231","0.6543"
"118.8050","0.2231","0.6543"
"118.8250","0.2231","0.6541"
"118.8450","0.2231","0.6541"
"118.8650","0.2231","0.6540"
"118.8850","0.2231","0.6540"
"118.9050","0.2231","0.6541"
"118.9250","0.2231","0.6542"
"118.9450","0.2231","0.6543"
"118.9650","0.2231","0.6542"
"118.9850","0.2231","0.6541"
"119.0050","0.2231","0.6541"
"119.0250","0.2231","0.6541"
"119.0450","0.2231","0.6541"
"119.0650","0.2231","0.6540"
"119.0850","0.2231","0.6541"
"119.1050","0.2231","0.6541"
"119.1250","0.2231","0.6541"
"119.1450","0.2231","0.6541"
"119.1650","0.2231","0.6541"
"119.1850","0.2231","0.6541"
"119.2050","0.2231","0.6540"
"119.2250","0.2231","0.6540"
"119.2450","0.2231","0.6540"
"119.2650","0.2231","0.6540"
"119.2850","0.2231","0.6540"
"119.3050","0.2231","0.6540"
"119.3250","0.2231","0.6540"
"119.3450","0.2231","0.6540"
"119.3650","0.2231","0.6540"
"119.3850","0.2231","0.6540"
"119.4050","0.2231","0.6539"
"119.4250","0.2231","0.6539"
"119.4450","0.2231","0.6538"
"119.4650","0.2231","0.6539"
"119.4850","0.2231","0.6539"
"119.5050","0.2231","0.6539"
"119.5250","0.2231","0.6539"
"119.5450","0.2231","0.6539"
"119.5650","0.2231","0.6540"
"119.5850","0.2231","0.6539"
"119.6050","0.2231","0.6539"
"119.6250","0.2231","0.6539"
"119.6450","0.2231","0.6538"
"119.6650","0.2231","0.6538"
"119.6850","0.2231","0.6538"
"119.7050","0.2231","0.6538"
"119.7250","0.2231","0.6538"
"119.7450","0.2231","0.6538"
"119.7650","0.2231","0.6538"
"119.7850","0.2231","0.6538"
"119.8050","0.2231","0.6538"
"119.8250","0.2231","0.6538"
"119.8450","0.2231","0.6539"
"119.8650","0.2231","0.6539"
"119.8850","0.2231","0.6539"
"119.9050","0.2231","0.6538"
"119.9250","0.2231","0.6539"
"119.9450","0.2231","0.6538"
"119.9650","0.2231","0.6538"
"119.9850","0.2231","0.6538"
"120.0050","0.2231","0.6537"
"120.0250","0.2231","0.6538"
"120.0450","0.2231","0.6538"
"120.0650","0.2231","0.6538"
"120.0850","0.2231","0.6538"
"120.1050","0.2231","0.6538"
"120.1250","0.2231","0.6537"
"120.1450","0.2231","0.6537"
"120.1650","0.2231","0.6536"
"120.1850","0.2231","0.6537"
"120.2050","0.2231","0.6537"
"120.2250","0.2231","0.6537"
"120.2450","0.2231","0.6538"
"120.2650","0.2231","0.6538"
"120.2850","0.2231","0.6537"
"120.3050","0.2231","0.6537"
"120.3250","0.2231","0.6537"
"120.3450","0.2231","0.6536"
"120.3650","0.2231","0.6536"
"120.3850","0.2231","0.6536"
"120.4050","0.2231","0.6536"
"120.4250","0.2231","0.6537"
"120.4450","0.2231","0.6537"
"120.4650","0.2231","0.6537"
"120.4850","0.2231","0.6536"
"120.5050","0.2231","0.6536"
"120.5250","0.2231","0.6536"
"120.5450","0.2231","0.6535"
"120.5650","0.2231","0.6536"
"120.5850","0.2231","0.6536"
"120.6050","0.2231","0.6535"
"120.6250","0.2231","0.6535"
"120.6450","0.2231","0.6535"
"120.6650","0.2231","0.6535"
"120.6850","0.2231","0.6536"
"120.7050","0.2231","0.6536"
"120.7250","0.2231","0.6535"
"120.7450","0.2231","0.6535"
"120.7650","0.2231","0.6535"
"120.7850","0.2231","0.6535"
"120.8050","0.2231","0.6535"
"120.8250","0.2231","0.6535"
"120.8450","0.2231","0.6535"
"120.8650","0.2231","0.6536"
"120.8850","0.2231","0.6536"
"120.9050","0.2231","0.6536"
"120.9250","0.2231","0.6536"
"120.9450","0.2231","0.6535"
"120.9650","0.2231","0.6535"
"120.9850","0.2231","0.6536"
"121.0050","0.2231","0.6535"
"121.0250","0.2231","0.6535"
"121.0450","0.2231","0.6536"
"121.0650","0.2231","0.6535"
"121.0850","0.2231","0.6535"
"121.1050","0.2231","0.6535"
"121.1250","0.2231","0.6534"
"121.1450","0.2231","0.6534"
"121.1650","0.2231","0.6534"
"121.1850","0.2231","0.6534"
"121.2050","0.2231","0.6534"
"121.2250","0.2231","0.6534"
"121.2450","0.2231","0.6533"
"121.2650","0.2231","0.6533"
"121.2850","0.2231","0.6533"
"121.3050","0.2231","0.6533"
"121.3250","0.2231","0.6534"
"121.3450","0.2231","0.6534"
"121.3650","0.2231","0.6533"
"121.3850","0.2231","0.6533"
"121.4050","0.2231","0.6532"
"121.4250","0.2231","0.6534"
"121.4450","0.2231","0.6534"
"121.4650","0.2231","0.6534"
"121.4850","0.2231","0.6534"
"121.5050","0.2231","0.6532"
"121.5250","0.2231","0.6532"
"121.5450","0.2231","0.6533"
"121.5650","0.2231","0.6532"
"121.5850","0.2231","0.6532"
"121.6050","0.2231","0.6533"
"121.6250","0.2231","0.6532"
"121.6450","0.2231","0.6532"
"121.6650","0.2231","0.6532"
"121.6850","0.2231","0.6533"
"121.7050","0.2231","0.6533"
"121.7250","0.2231","0.6533"
"121.7450","0.2231","0.6533"
"121.7650","0.2231","0.6533"
"121.7850","0.2231","0.6533"
"121.8050","0.2231","0.6532"
"121.8250","0.2231","0.6532"
"121.8450","0.2231","0.6531"
"121.8650","0.2231","0.6532"
"121.8850","0.2231","0.6532"
"121.9050","0.2231","0.6531"
"121.9250","0.2231","0.6530"
"121.9450","0.2231","0.6530"
"121.9650","0.2231","0.6531"
"121.9850","0.2231","0.6532"
"122.0050","0.2231","0.6532"
"122.0250","0.2231","0.6531"
"122.0450","0.2231","0.6530"
"122.0650","0.2231","0.6531"
"122.0850","0.2231","0.6532"
"122.1050","0.2231","0.6532"
"122.1250","0.2231","0.6532"
"122.1450","0.2231","0.6531"
"122.1650","0.2231","0.6530"
"122.1850","0.2231","0.6531"
"122.2050","0.2231","0.6531"
"122.2250","0.2231","0.6531"
"122.2450","0.2231","0.6531"
"122.2650","0.2231","0.6530"
"122.2850","0.2231","0.6531"
"122.3050","0.2231","0.6531"
"122.3250","0.2231","0.6530"
"122.3450","0.2231","0.6530"
"122.3650","0.2231","0.6530"
"122.3850","0.2231","0.6530"
"122.4050","0.2231","0.6530"
"122.4250","0.2231","0.6531"
"122.4450","0.2231","0.6531"
"122.4650","0.2231","0.6530"
"122.4850","0.2231","0.6529"
"122.5050","0.2231","0.6529"
"122.5250","0.2231","0.6529"
"122.5450","0.2231","0.6529"
"122.5650","0.2231","0.6529"
"122.5850","0.2231","0.6529"
"122.6050","0.2231","0.6530"
"122.6250","0.2231","0.6530"
"122.6450","0.2231","0.6530"
"122.6650","0.2231","0.6529"
"122.6850","0.2231","0.6529"
"122.7050","0.2231","0.6530"
"122.7250","0.2231","0.6529"
"122.7450","0.2231","0.6528"
"122.7650","0.2231","0.6528"
"122.7850","0.2231","0.6528"
"122.8050","0.2231","0.6529"
"122.8250","0.2231","0.6528"
"122.8450","0.2231","0.6528"
"122.8650","0.2231","0.6527"
"122.8850","0.2231","0.6528"
"122.9050","0.2231","0.6529"
"122.9250","0.2231","0.6530"
"122.9450","0.2231","0.6529"
"122.9650","0.2231","0.6528"
"122.9850","0.2231","0.6528"
"123.0050","0.2231","0.6528"
"123.0250","0.2231","0.6528"
"123.0450","0.2231","0.6528"
"123.0650","0.2231","0.6528"
"123.0850","0.2231","0.6528"
"123.1050","0.2231","0.6528"
"123.1250","0.2231","0.6528"
"123.1450","0.2231","0.6528"
"123.1650","0.2231","0.6529"
"123.1850","0.2231","0.6529"
"123.2050","0.2231","0.6529"
"123.2250","0.2231","0.6528"
"123.2450","0.2231","0.6528"
"123.2650","0.2231","0.6528"
"123.2850","0.2231","0.6528"
"123.3050","0.2231","0.6527"
"123.3250","0.2231","0.6527"
"123.3450","0.2231","0.6527"
"123.3650","0.2231","0.6527"
"123.3850","0.2231","0.6527"
"123.4050","0.2231","0.6527"
"123.4250","0.2231","0.6526"
"123.4450","0.2231","0.6526"
"123.4650","0.2231","0.6528"
"123.4850","0.2231","0.6528"
"123.5050","0.2231","0.6527"
"123.5250","0.2231","0.6526"
"123.5450","0.2231","0.6527"
"123.5650","0.2231","0.6527"
"123.5850","0.2231","0.6526"
"123.6050","0.2231","0.6526"
"123.6250","0.2231","0.6526"
"123.6450","0.2231","0.6526"
"123.6650","0.2231","0.6527"
"123.6850","0.2231","0.6527"
"123.7050","0.2231","0.6527"
"123.7250","0.2231","0.6525"
"123.7450","0.2231","0.6525"
"123.7650","0.2231","0.6526"
"123.7850","0.2231","0.6525"
"123.8050","0.2231","0.6526"
"123.8250","0.2231","0.6526"
"123.8450","0.2231","0.6526"
"123.8650","0.2231","0.6526"
"123.8850","0.2231","0.6526"
"123.9050","0.2231","0.6526"
"123.9250","0.2231","0.6526"
"123.9450","0.2231","0.6525"
"123.9650","0.2231","0.6524"
"123.9850","0.2231","0.6524"
"124.0050","0.2231","0.6524"
"124.0250","0.2231","0.6525"
"124.0450","0.2231","0.6524"
"124.0650","0.2231","0.6524"
"124.0850","0.2231","0.6524"
"124.1050","0.2231","0.6525"
"124.1250","0.2231","0.6525"
"124.1450","0.2231","0.6525"
"124.1650","0.2231","0.6525"
"124.1850","0.2231","0.6525"
"124.2050","0.2231","0.6524"
"124.2250","0.2231","0.6524"
"124.2450","0.2231","0.6524"
"124.2650","0.2231","0.6524"
"124.2850","0.2231","0.6523"
"124.3050","0.2231","0.6523"
"124.3250","0.2231","0.6523"
"124.3450","0.2231","0.6524"
"124.3650","0.2231","0.6524"
"124.3850","0.2231","0.6524"
"124.4050","0.2231","0.6525"
"124.4250","0.2231","0.6525"
"124.4450","0.2231","0.6525"
"124.4650","0.2231","0.6524"
"124.4850","0.2231","0.6524"
"124.5050","0.2231","0.6524"
"124.5250","0.2231","0.6524"
"124.5450","0.2231","0.6523"
"124.5650","0.2231","0.6523"
"124.5850","0.2231","0.6523"
"124.6050","0.2231","0.6523"
"124.6250","0.2231","0.6524"
"124.6450","0.2231","0.6524"
"124.6650","0.2231","0.6524"
"124.6850","0.2231","0.6523"
"124.7050","0.2231","0.6523"
"124.7250","0.2231","0.6522"
"124.7450","0.2231","0.6522"
"124.7650","0.2231","0.6522"
"124.7850","0.2231","0.6523"
"124.8050","0.2231","0.6523"
"124.8250","0.2231","0.6522"
"124.8450","0.2231","0.6522"
"124.8650","0.2231","0.6522"
"124.8850","0.2231","0.6523"
"124.9050","0.2231","0.6523"
"124.9250","0.2231","0.6523"
"124.9450","0.2231","0.6523"
"124.9650","0.2231","0.6522"
"124.9850","0.2231","0.6522"
"125.0050","0.2231","0.6522"
"125.0250","0.2231","0.6522"
"125.0450","0.2231","0.6523"
"125.0650","0.2231","0.6522"
"125.0850","0.2231","0.6521"
"125.1050","0.2231","0.6521"
"125.1250","0.2231","0.6522"
"125.1450","0.2231","0.6522"
"125.1650","0.2231","0.6521"
"125.1850","0.2231","0.6521"
"125.2050","0.2231","0.6521"
"125.2250","0.2231","0.6521"
"125.2450","0.2231","0.6521"
"125.2650","0.2231","0.6522"
"125.2850","0.2231","0.6522"
"125.3050","0.2231","0.6521"
"125.3250","0.2231","0.6521"
"125.3450","0.2231","0.6522"
"125.3650","0.2231","0.6522"
"125.3850","0.2231","0.6521"
"125.4050","0.2231","0.6520"
"125.4250","0.2231","0.6520"
"125.4450","0.2231","0.6520"
"125.4650","0.2231","0.6520"
"125.4850","0.2231","0.6521"
"125.5050","0.2231","0.6521"
"125.5250","0.2231","0.6521"
"125.5450","0.2231","0.6521"
"125.5650","0.2231","0.6520"
"125.5850","0.2231","0.6520"
"125.6050","0.2231","0.6520"
"125.6250","0.2231","0.6521"
"125.6450","0.2231","0.6521"
"125.6650","0.2231","0.6520"
"125.6850","0.2231","0.6520"
"125.7050","0.2231","0.6519"
"125.7250","0.2231","0.6519"
"125.7450","0.2231","0.6519"
"125.7650","0.2231","0.6519"
"125.7850","0.2231","0.6519"
"125.8050","0.2231","0.6519"
"125.8250","0.2231","0.6519"
"125.8450","0.2231","0.6519"
"125.8650","0.2231","0.6519"
"125.8850","0.2231","0.6519"
"125.9050","0.2231","0.6519"
"125.9250","0.2231","0.6519"
"125.9450","0.2231","0.6518"
"125.9650","0.2231","0.6518"
"125.9850","0.2231","0.6519"
"126.0050","0.2231","0.6519"
"126.0250","0.2231","0.6519"
"126.0450","0.2231","0.6519"
"126.0650","0.2231","0.6520"
"126.0850","0.2231","0.6519"
"126.1050","0.2231","0.6519"
"126.1250","0.2231","0.6518"
"126.1450","0.2231","0.6518"
"126.1650","0.2231","0.6518"
"126.1850","0.2231","0.6518"
"126.2050","0.2231","0.6518"
"126.2250","0.2231","0.6518"
"126.2450","0.2231","0.6519"
"126.2650","0.2231","0.6519"
"126.2850","0.2231","0.6518"
"126.3050","0.2231","0.6518"
"126.3250","0.2231","0.6518"
"126.3450","0.2231","0.6517"
"126.3650","0.2231","0.6517"
"126.3850","0.2231","0.6517"
"126.4050","0.2231","0.6517"
"126.4250","0.2231","0.6517"
"126.4450","0.2231","0.6517"
"126.4650","0.2231","0.6517"
"126.4850","0.2231","0.6517"
"126.5050","0.2231","0.6517"
"126.5250","0.2231","0.6517"
"126.5450","0.2231","0.6518"
"126.5650","0.2231","0.6517"
"126.5850","0.2231","0.6518"
"126.6050","0.2231","0.6517"
"126.6250","0.2231","0.6517"
"126.6450","0.2231","0.6517"
"126.6650","0.2231","0.6517"
"126.6850","0.2231","0.6517"
"126.7050","0.2231","0.6516"
"126.7250","0.2231","0.6516"
"126.7450","0.2231","0.6517"
"126.7650","0.2231","0.6518"
"126.7850","0.2231","0.6517"
"126.8050","0.2231","0.6516"
"126.8250","0.2231","0.6515"
"126.8450","0.2231","0.6516"
"126.8650","0.2231","0.6516"
"126.8850","0.2231","0.6515"
"126.9050","0.2231","0.6516"
"126.9250","0.2231","0.6515"
"126.9450","0.2231","0.6515"
"126.9650","0.2231","0.6515"
"126.9850","0.2231","0.6515"
"127.0050","0.2231","0.6515"
"127.0250","0.2231","0.6515"
"127.0450","0.2231","0.6516"
"127.0650","0.2231","0.6515"
"127.0850","0.2231","0.6514"
"127.1050","0.2231","0.6515"
"127.1250","0.2231","0.6515"
"127.1450","0.2231","0.6515"
"127.1650","0.2231","0.6515"
"127.1850","0.2231","0.6515"
"127.2050","0.2231","0.6515"
"127.2250","0.2231","0.6515"
"127.2450","0.2231","0.6515"
"127.2650","0.2231","0.6515"
"127.2850","0.2231","0.6515"
"127.3050","0.2231","0.6515"
"127.3250","0.2231","0.6515"
"127.3450","0.2231","0.6514"
"127.3650","0.2231","0.6514"
"127.3850","0.2231","0.6513"
"127.4050","0.2231","0.6514"
"127.4250","0.2231","0.6514"
"127.4450","0.2231","0.6514"
"127.4650","0.2231","0.6514"
"127.4850","0.2231","0.6514"
"127.5050","0.2231","0.6514"
"127.5250","0.2231","0.6514"
"127.5450","0.2231","0.6514"
"127.5650","0.2231","0.6514"
"127.5850","0.2231","0.6514"
"127.6050","0.2231","0.6514"
"127.6250","0.2231","0.6513"
"127.6450","0.2231","0.6513"
"127.6650","0.2231","0.6514"
"127.6850","0.2231","0.6513"
"127.7050","0.2231","0.6514"
"127.7250","0.2231","0.6514"
"127.7450","0.2231","0.6514"
"127.7650","0.2231","0.6514"
"127.7850","0.2231","0.6513"
"127.8050","0.2231","0.6512"
"127.8250","0.2231","0.6512"
"127.8450","0.2231","0.6513"
"127.8650","0.2231","0.6512"
"127.8850","0.2231","0.6513"
"127.9050","0.2231","0.6512"
"127.9250","0.2231","0.6513"
"127.9450","0.2231","0.6513"
"127.9650","0.2231","0.6513"
"127.9850","0.2231","0.6513"
"128.0050","0.2231","0.6513"
"128.0250","0.2231","0.6513"
"128.0450","0.2231","0.6513"
"128.0650","0.2231","0.6513"
"128.0850","0.2231","0.6513"
"128.1050","0.2231","0.6512"
"128.1250","0.2231","0.6512"
"128.1450","0.2231","0.6512"
"128.1650","0.2231","0.6512"
"128.1850","0.2231","0.6513"
"128.2050","0.2231","0.6512"
"128.2250","0.2231","0.6511"
"128.2450","0.2231","0.6511"
"128.2650","0.2231","0.6511"
"128.2850","0.2231","0.6512"
"128.3050","0.2231","0.6512"
"128.3250","0.2231","0.6511"
"128.3450","0.2231","0.6512"
"128.3650","0.2231","0.6512"
"128.3850","0.2231","0.6512"
"128.4050","0.2231","0.6512"
"128.4250","0.2231","0.6512"
"128.4450","0.2231","0.6511"
"128.4650","0.2231","0.6511"
"128.4850","0.2231","0.6512"
"128.5050","0.2231","0.6511"
"128.5250","0.2231","0.6511"
"128.5450","0.2231","0.6511"
"128.5650","0.2231","0.6510"
"128.5850","0.2231","0.6510"
"128.6050","0.2231","0.6510"
"128.6250","0.2231","0.6511"
"128.6450","0.2231","0.6511"
"128.6650","0.2231","0.6511"
"128.6850","0.2231","0.6510"
"128.7050","0.2231","0.6510"
"128.7250","0.2231","0.6511"
"128.7450","0.2231","0.6511"
"128.7650","0.2231","0.6511"
"128.7850","0.2231","0.6510"
"128.8050","0.2231","0.6511"
"128.8250","0.2231","0.6511"
"128.8450","0.2231","0.6510"
"128.8650","0.2231","0.6511"
"128.8850","0.2231","0.6511"
"128.9050","0.2231","0.6509"
"128.9250","0.2231","0.6509"
"128.9450","0.2231","0.6510"
"128.9650","0.2231","0.6510"
"128.9850","0.2231","0.6510"
"129.0050","0.2231","0.6510"
"129.0250","0.2231","0.6510"
"129.0450","0.2231","0.6509"
"129.0650","0.2231","0.6509"
"129.0850","0.2231","0.6508"
"129.1050","0.2231","0.6508"
"129.1250","0.2231","0.6509"
"129.1450","0.2231","0.6510"
"129.1650","0.2231","0.6510"
"129.1850","0.2231","0.6510"
"129.2050","0.2231","0.6509"
"129.2250","0.2231","0.6509"
"129.2450","0.2231","0.6509"
"129.2650","0.2231","0.6509"
"129.2850","0.2231","0.6509"
"129.3050","0.2231","0.6509"
"129.3250","0.2231","0.6509"
"129.3450","0.2231","0.6509"
"129.3650","0.2231","0.6508"
"129.3850","0.2231","0.6509"
"129.4050","0.2231","0.6507"
"129.4250","0.2231","0.6507"
"129.4450","0.2231","0.6508"
"129.4650","0.2231","0.6508"
"129.4850","0.2231","0.6508"
"129.5050","0.2231","0.6508"
"129.5250","0.2231","0.6508"
"129.5450","0.2231","0.6508"
"129.5650","0.2231","0.6507"
"129.5850","0.2231","0.6507"
"129.6050","0.2231","0.6507"
"129.6250","0.2231","0.6507"
"129.6450","0.2231","0.6508"
"129.6650","0.2231","0.6508"
"129.6850","0.2231","0.6508"
"129.7050","0.2231","0.6508"
"129.7250","0.2231","0.6508"
"129.7450","0.2231","0.6508"
"129.7650","0.2231","0.6508"
"129.7850","0.2231","0.6507"
"129.8050","0.2231","0.6507"
"129.8250","0.2231","0.6507"
"129.8450","0.2231","0.6507"
"129.8650","0.2231","0.6507"
"129.8850","0.2231","0.6507"
"129.9050","0.2231","0.6507"
"129.9250","0.2231","0.6506"
"129.9450","0.2231","0.6507"
"129.9650","0.2231","0.6506"
"129.9850","0.2231","0.6507"
"130.0050","0.2231","0.6507"
"130.0250","0.2231","0.6507"
"130.0450","0.2231","0.6506"
"130.0650","0.2231","0.6507"
"130.0850","0.2231","0.6507"
"130.1050","0.2231","0.6507"
"130.1250","0.2231","0.6506"
"130.1450","0.2231","0.6507"
"130.1650","0.2231","0.6507"
"130.1850","0.2231","0.6506"
"130.2050","0.2231","0.6506"
"130.2250","0.2231","0.6505"
"130.2450","0.2231","0.6505"
"130.2650","0.2231","0.6506"
"130.2850","0.2231","0.6506"
"130.3050","0.2231","0.6506"
"130.3250","0.2231","0.6506"
"130.3450","0.2231","0.6506"
"130.3650","0.2231","0.6505"
"130.3850","0.2231","0.6505"
"130.4050","0.2231","0.6505"
"130.4250","0.2231","0.6505"
"130.4450","0.2231","0.6505"
"130.4650","0.2231","0.6506"
"130.4850","0.2231","0.6506"
"130.5050","0.2231","0.6506"
"130.5250","0.2231","0.6505"
"130.5450","0.2231","0.6506"
"130.5650","0.2231","0.6505"
"130.5850","0.2231","0.6505"
"130.6050","0.2231","0.6506"
"130.6250","0.2231","0.6505"
"130.6450","0.2231","0.6505"
"130.6650","0.2231","0.6505"
"130.6850","0.2231","0.6505"
"130.7050","0.2231","0.6504"
"130.7250","0.2231","0.6504"
"130.7450","0.2231","0.6504"
"130.7650","0.2231","0.6506"
"130.7850","0.2231","0.6505"
"130.8050","0.2231","0.6505"
"130.8250","0.2231","0.6505"
"130.8450","0.2231","0.6505"
"130.8650","0.2231","0.6505"
"130.8850","0.2231","0.6505"
"130.9050","0.2231","0.6504"
"130.9250","0.2231","0.6505"
"130.9450","0.2231","0.6505"
"130.9650","0.2231","0.6504"
"130.9850","0.2231","0.6504"
"131.0050","0.2231","0.6504"
"131.0250","0.2231","0.6504"
"131.0450","0.2231","0.6504"
"131.0650","0.2231","0.6504"
"131.0850","0.2231","0.6504"
"131.1050","0.2231","0.6503"
"131.1250","0.2231","0.6503"
"131.1450","0.2231","0.6502"
"131.1650","0.2231","0.6502"
"131.1850","0.2231","0.6502"
"131.2050","0.2231","0.6503"
"131.2250","0.2231","0.6503"
"131.2450","0.2231","0.6503"
"131.2650","0.2231","0.6503"
"131.2850","0.2231","0.6503"
"131.3050","0.2231","0.6503"
"131.3250","0.2231","0.6503"
"131.3450","0.2231","0.6502"
"131.3650","0.2231","0.6502"
"131.3850","0.2231","0.6502"
"131.4050","0.2231","0.6503"
"131.4250","0.2231","0.6503"
"131.4450","0.2231","0.6501"
"131.4650","0.2231","0.6501"
"131.4850","0.2231","0.6502"
"131.5050","0.2231","0.6503"
"131.5250","0.2231","0.6503"
"131.5450","0.2231","0.6502"
"131.5650","0.2231","0.6502"
"131.5850","0.2231","0.6502"
"131.6050","0.2231","0.6503"
"131.6250","0.2231","0.6502"
"131.6450","0.2231","0.6501"
"131.6650","0.2231","0.6501"
"131.6850","0.2231","0.6502"
"131.7050","0.2231","0.6501"
"131.7250","0.2231","0.6502"
"131.7450","0.2231","0.6502"
"131.7650","0.2231","0.6501"
"131.7850","0.2231","0.6501"
"131.8050","0.2231","0.6502"
"131.8250","0.2231","0.6502"
"131.8450","0.2231","0.6502"
"131.8650","0.2231","0.6501"
"131.8850","0.2231","0.6501"
"131.9050","0.2231","0.6501"
"131.9250","0.2231","0.6501"
"131.9450","0.2231","0.6500"
"131.9650","0.2231","0.6501"
"131.9850","0.2231","0.6501"
"132.0050","0.2231","0.6501"
"132.0250","0.2231","0.6502"
"132.0450","0.2231","0.6502"
"132.0650","0.2231","0.6501"
"132.0850","0.2231","0.6501"
"132.1050","0.2231","0.6502"
"132.1250","0.2231","0.6502"
"132.1450","0.2231","0.6501"
"132.1650","0.2231","0.6500"
"132.1850","0.2231","0.6500"
"132.2050","0.2231","0.6500"
"132.2250","0.2231","0.6500"
"132.2450","0.2231","0.6500"
"132.2650","0.2231","0.6500"
"132.2850","0.2231","0.6500"
"132.3050","0.2231","0.6500"
"132.3250","0.2231","0.6500"
"132.3450","0.2231","0.6500"
"132.3650","0.2231","0.6500"
"132.3850","0.2231","0.6499"
"132.4050","0.2231","0.6500"
"132.4250","0.2231","0.6500"
"132.4450","0.2231","0.6500"
"132.4650","0.2231","0.6500"
"132.4850","0.2231","0.6500"
"132.5050","0.2231","0.6500"
"132.5250","0.2231","0.6500"
"132.5450","0.2231","0.6499"
"132.5650","0.2231","0.6499"
"132.5850","0.2231","0.6499"
"132.6050","0.2231","0.6499"
"132.6250","0.2231","0.6499"
"132.6450","0.2231","0.6499"
"132.6650","0.2231","0.6498"
"132.6850","0.2231","0.6498"
"132.7050","0.2231","0.6499"
"132.7250","0.2231","0.6499"
"132.7450","0.2231","0.6498"
"132.7650","0.2231","0.6499"
"132.7850","0.2231","0.6499"
"132.8050","0.2231","0.6500"
"132.8250","0.2231","0.6499"
"132.8450","0.2231","0.6499"
"132.8650","0.2231","0.6499"
"132.8850","0.2231","0.6499"
"132.9050","0.2231","0.6498"
"132.9250","0.2231","0.6498"
"132.9450","0.2231","0.6498"
"132.9650","0.2231","0.6498"
"132.9850","0.2231","0.6498"
"133.0050","0.2231","0.6498"
"133.0250","0.2231","0.6498"
"133.0450","0.2231","0.6498"
"133.0650","0.2231","0.6498"
"133.0850","0.2231","0.6497"
"133.1050","0.2231","0.6497"
"133.1250","0.2231","0.6497"
"133.1450","0.2231","0.6497"
"133.1650","0.2231","0.6498"
"133.1850","0.2231","0.6498"
"133.2050","0.2231","0.6497"
"133.2250","0.2231","0.6497"
"133.2450","0.2231","0.6497"
"133.2650","0.2231","0.6498"
"133.2850","0.2231","0.6498"
"133.3050","0.2231","0.6497"
"133.3250","0.2231","0.6498"
"133.3450","0.2231","0.6497"
"133.3650","0.2231","0.6497"
"133.3850","0.2231","0.6497"
"133.4050","0.2231","0.6497"
"133.4250","0.2231","0.6497"
"133.4450","0.2231","0.6497"
"133.4650","0.2231","0.6497"
"133.4850","0.2231","0.6496"
"133.5050","0.2231","0.6497"
"133.5250","0.2231","0.6497"
"133.5450","0.2231","0.6495"
"133.5650","0.2231","0.6496"
"133.5850","0.2231","0.6496"
"133.6050","0.2231","0.6497"
"133.6250","0.2231","0.6498"
"133.6450","0.2231","0.6497"
"133.6650","0.2231","0.6496"
"133.6850","0.2231","0.6495"
"133.7050","0.2231","0.6496"
"133.7250","0.2231","0.6496"
"133.7450","0.2231","0.6497"
"133.7650","0.2231","0.6496"
"133.7850","0.2231","0.6496"
"133.8050","0.2231","0.6496"
"133.8250","0.2231","0.6495"
"133.8450","0.2231","0.6495"
"133.8650","0.2231","0.6495"
"133.8850","0.2231","0.6496"
"133.9050","0.2231","0.6496"
"133.9250","0.2231","0.6496"
"133.9450","0.2231","0.6496"
"133.9650","0.2231","0.6495"
"133.9850","0.2231","0.6495"
"134.0050","0.2231","0.6496"
"134.0250","0.2231","0.6495"
"134.0450","0.2231","0.6495"
"134.0650","0.2231","0.6495"
"134.0850","0.2231","0.6495"
"134.1050","0.2231","0.6495"
"134.1250","0.2231","0.6495"
"134.1450","0.2231","0.6495"
"134.1650","0.2231","0.6495"
"134.1850","0.2231","0.6495"
"134.2050","0.2231","0.6494"
"134.2250","0.2231","0.6494"
"134.2450","0.2231","0.6494"
"134.2650","0.2231","0.6494"
"134.2850","0.2231","0.6494"
"134.3050","0.2231","0.6494"
"134.3250","0.2231","0.6494"
"134.3450","0.2231","0.6493"
"134.3650","0.2231","0.6493"
"134.3850","0.2231","0.6493"
"134.4050","0.2231","0.6494"
"134.4250","0.2231","0.6494"
"134.4450","0.2231","0.6494"
"134.4650","0.2231","0.6494"
"134.4850","0.2231","0.6494"
"134.5050","0.2231","0.6493"
"134.5250","0.2231","0.6494"
"134.5450","0.2231","0.6494"
"134.5650","0.2231","0.6493"
"134.5850","0.2231","0.6493"
"134.6050","0.2231","0.6493"
"134.6250","0.2231","0.6493"
"134.6450","0.2231","0.6492"
"134.6650","0.2231","0.6493"
"134.6850","0.2231","0.6493"
"134.7050","0.2231","0.6493"
"134.7250","0.2231","0.6493"
"134.7450","0.2231","0.6493"
"134.7650","0.2231","0.6493"
"134.7850","0.2231","0.6492"
"134.8050","0.2231","0.6493"
"134.8250","0.2231","0.6493"
"134.8450","0.2231","0.6492"
"134.8650","0.2231","0.6493"
"134.8850","0.2231","0.6492"
"134.9050","0.2231","0.6493"
"134.9250","0.2231","0.6493"
"134.9450","0.2231","0.6493"
"134.9650","0.2231","0.6493"
"134.9850","0.2231","0.6492"
"135.0050","0.2231","0.6491"
"135.0250","0.2231","0.6492"
"135.0450","0.2231","0.6491"
"135.0650","0.2231","0.6491"
"135.0850","0.2231","0.6492"
"135.1050","0.2231","0.6492"
"135.1250","0.2231","0.6491"
"135.1450","0.2231","0.6492"
"135.1650","0.2231","0.6492"
"135.1850","0.2231","0.6492"
"135.2050","0.2231","0.6491"
"135.2250","0.2231","0.6491"
"135.2450","0.2231","0.6490"
"135.2650","0.2231","0.6491"
"135.2850","0.2231","0.6491"
"135.3050","0.2231","0.6491"
"135.3250","0.2231","0.6491"
"135.3450","0.2231","0.6491"
"135.3650","0.2231","0.6491"
"135.3850","0.2231","0.6491"
"135.4050","0.2231","0.6492"
"135.4250","0.2231","0.6491"
"135.4450","0.2231","0.6492"
"135.4650","0.2231","0.6492"
"135.4850","0.2231","0.6490"
"135.5050","0.2231","0.6490"
"135.5250","0.2231","0.6491"
"135.5450","0.2231","0.6491"
"135.5650","0.2231","0.6491"
"135.5850","0.2231","0.6491"
"135.6050","0.2231","0.6491"
"135.6250","0.2231","0.6491"
"135.6450","0.2231","0.6490"
"135.6650","0.2231","0.6490"
"135.6850","0.2231","0.6490"
"135.7050","0.2231","0.6489"
"135.7250","0.2231","0.6489"
"135.7450","0.2231","0.6489"
"135.7650","0.2231","0.6489"
"135.7850","0.2231","0.6489"
"135.8050","0.2231","0.6489"
"135.8250","0.2231","0.6490"
"135.8450","0.2231","0.6489"
"135.8650","0.2231","0.6490"
"135.8850","0.2231","0.6490"
"135.9050","0.2231","0.6489"
"135.9250","0.2231","0.6489"
"135.9450","0.2231","0.6489"
"135.9650","0.2231","0.6489"
"135.9850","0.2231","0.6490"
"136.0050","0.2231","0.6489"
"136.0250","0.2231","0.6489"
"136.0450","0.2231","0.6489"
"136.0650","0.2231","0.6490"
"136.0850","0.2231","0.6490"
"136.1050","0.2231","0.6490"
"136.1250","0.2231","0.6489"
"136.1450","0.2231","0.6489"
"136.1650","0.2231","0.6489"
"136.1850","0.2231","0.6490"
"136.2050","0.2231","0.6489"
"136.2250","0.2231","0.6488"
"136.2450","0.2231","0.6489"
"136.2650","0.2231","0.6489"
"136.2850","0.2231","0.6489"
"136.3050","0.2231","0.6489"
"136.3250","0.2231","0.6489"
"136.3450","0.2231","0.6489"
"136.3650","0.2231","0.6489"
"136.3850","0.2231","0.6489"
"136.4050","0.2231","0.6489"
"136.4250","0.2231","0.6488"
"136.4450","0.2231","0.6488"
"136.4650","0.2231","0.6488"
"136.4850","0.2231","0.6487"
"136.5050","0.2231","0.6488"
"136.5250","0.2231","0.6488"
"136.5450","0.2231","0.6488"
"136.5650","0.2231","0.6488"
"136.5850","0.2231","0.6488"
"136.6050","0.2231","0.6488"
"136.6250","0.2231","0.6488"
"136.6450","0.2231","0.6488"
"136.6650","0.2231","0.6487"
"136.6850","0.2231","0.6487"
"136.7050","0.2231","0.6487"
"136.7250","0.2231","0.6487"
"136.7450","0.2231","0.6487"
"136.7650","0.2231","0.6486"
"136.7850","0.2231","0.6487"
"136.8050","0.2231","0.6487"
"136.8250","0.2231","0.6487"
"136.8450","0.2231","0.6486"
"136.8650","0.2231","0.6487"
"136.8850","0.2231","0.6486"
"136.9050","0.2231","0.6486"
"136.9250","0.2231","0.6486"
"136.9450","0.2231","0.6486"
"136.9650","0.2231","0.6486"
"136.9850","0.2231","0.6486"
"137.0050","0.2231","0.6486"
"137.0250","0.2231","0.6486"
"137.0450","0.2231","0.6487"
"137.0650","0.2231","0.6486"
"137.0850","0.2231","0.6485"
"137.1050","0.2231","0.6486"
"137.1250","0.2231","0.6486"
"137.1450","0.2231","0.6486"
"137.1650","0.2231","0.6485"
"137.1850","0.2231","0.6486"
"137.2050","0.2231","0.6486"
"137.2250","0.2231","0.6486"
"137.2450","0.2231","0.6486"
"137.2650","0.2231","0.6486"
"137.2850","0.2231","0.6486"
"137.3050","0.2231","0.6486"
"137.3250","0.2231","0.6486"
"137.3450","0.2231","0.6486"
"137.3650","0.2231","0.6485"
"137.3850","0.2231","0.6485"
"137.4050","0.2231","0.6485"
"137.4250","0.2231","0.6485"
"137.4450","0.2231","0.6485"
"137.4650","0.2231","0.6485"
"137.4850","0.2231","0.6486"
"137.5050","0.2231","0.6486"
"137.5250","0.2231","0.6486"
"137.5450","0.2231","0.6485"
"137.5650","0.2231","0.6485"
"137.5850","0.2231","0.6485"
"137.6050","0.2231","0.6485"
"137.6250","0.2231","0.6484"
"137.6450","0.2231","0.6484"
"137.6650","0.2231","0.6483"
"137.6850","0.2231","0.6484"
"137.7050","0.2231","0.6484"
"137.7250","0.2231","0.6484"
"137.7450","0.2231","0.6484"
"137.7650","0.2231","0.6484"
"137.7850","0.2231","0.6484"
"137.8050","0.2231","0.6485"
"137.8250","0.2231","0.6484"
"137.8450","0.2231","0.6484"
"137.8650","0.2231","0.6484"
"137.8850","0.2231","0.6484"
"137.9050","0.2231","0.6484"
"137.9250","0.2231","0.6483"
"137.9450","0.2231","0.6483"
"137.9650","0.2231","0.6484"
"137.9850","0.2231","0.6484"
"138.0050","0.2231","0.6484"
"138.0250","0.2231","0.6484"
"138.0450","0.2231","0.6484"
"138.0650","0.2231","0.6484"
"138.0850","0.2231","0.6484"
"138.1050","0.2231","0.6483"
"138.1250","0.2231","0.6483"
"138.1450","0.2231","0.6483"
"138.1650","0.2231","0.6483"
"138.1850","0.2231","0.6484"
"138.2050","0.2231","0.6483"
"138.2250","0.2231","0.6482"
"138.2450","0.2231","0.6483"
"138.2650","0.2231","0.6483"
"138.2850","0.2231","0.6482"
"138.3050","0.2231","0.6483"
"138.3250","0.2231","0.6483"
"138.3450","0.2231","0.6482"
"138.3650","0.2231","0.6482"
"138.3850","0.2231","0.6483"
"138.4050","0.2231","0.6483"
"138.4250","0.2231","0.6483"
"138.4450","0.2231","0.6483"
"138.4650","0.2231","0.6483"
"138.4850","0.2231","0.6482"
"138.5050","0.2231","0.6482"
"138.5250","0.2231","0.6483"
"138.5450","0.2231","0.6483"
"138.5650","0.2231","0.6483"
"138.5850","0.2231","0.6482"
"138.6050","0.2231","0.6482"
"138.6250","0.2231","0.6481"
"138.6450","0.2231","0.6482"
"138.6650","0.2231","0.6481"
"138.6850","0.2231","0.6482"
"138.7050","0.2231","0.6482"
"138.7250","0.2231","0.6482"
"138.7450","0.2231","0.6483"
"138.7650","0.2231","0.6483"
"138.7850","0.2231","0.6482"
"138.8050","0.2231","0.6482"
"138.8250","0.2231","0.6481"
"138.8450","0.2231","0.6480"
"138.8650","0.2231","0.6480"
"138.8850","0.2231","0.6481"
"138.9050","0.2231","0.6481"
"138.9250","0.2231","0.6481"
"138.9450","0.2231","0.6481"
"138.9650","0.2231","0.6482"
"138.9850","0.2231","0.6482"
"139.0050","0.2231","0.6481"
"139.0250","0.2231","0.6481"
"139.0450","0.2231","0.6481"
"139.0650","0.2231","0.6481"
"139.0850","0.2231","0.6481"
"139.1050","0.2231","0.6481"
"139.1250","0.2231","0.6481"
"139.1450","0.2231","0.6481"
"139.1650","0.2231","0.6481"
"139.1850","0.2231","0.6481"
"139.2050","0.2231","0.6481"
"139.2250","0.2231","0.6481"
"139.2450","0.2231","0.6480"
"139.2650","0.2231","0.6480"
"139.2850","0.2231","0.6479"
"139.3050","0.2231","0.6480"
"139.3250","0.2231","0.6480"
"139.3450","0.2231","0.6480"
"139.3650","0.2231","0.6480"
"139.3850","0.2231","0.6480"
"139.4050","0.2231","0.6480"
"139.4250","0.2231","0.6480"
"139.4450","0.2231","0.6481"
"139.4650","0.2231","0.6481"
"139.4850","0.2231","0.6481"
"139.5050","0.2231","0.6480"
"139.5250","0.2231","0.6480"
"139.5450","0.2231","0.6480"
"139.5650","0.2231","0.6479"
"139.5850","0.2231","0.6479"
"139.6050","0.2231","0.6479"
"139.6250","0.2231","0.6480"
"139.6450","0.2231","0.6479"
"139.6650","0.2231","0.6479"
"139.6850","0.2231","0.6480"
"139.7050","0.2231","0.6480"
"139.7250","0.2231","0.6480"
"139.7450","0.2231","0.6479"
"139.7650","0.2231","0.6479"
"139.7850","0.2231","0.6479"
"139.8050","0.2231","0.6479"
"139.8250","0.2231","0.6478"
"139.8450","0.2231","0.6478"
"139.8650","0.2231","0.6478"
"139.8850","0.2231","0.6478"
"139.9050","0.2231","0.6479"
"139.9250","0.2231","0.6478"
"139.9450","0.2231","0.6479"
"139.9650","0.2231","0.6479"
"139.9850","0.2231","0.6477"
"140.0050","0.2231","0.6477"
"140.0250","0.2231","0.6477"
"140.0450","0.2231","0.6478"
"140.0650","0.2231","0.6478"
"140.0850","0.2231","0.6478"
"140.1050","0.2231","0.6478"
"140.1250","0.2231","0.6478"
"140.1450","0.2231","0.6479"
"140.1650","0.2231","0.6478"
"140.1850","0.2231","0.6477"
"140.2050","0.2231","0.6478"
"140.2250","0.2231","0.6478"
"140.2450","0.2231","0.6478"
"140.2650","0.2231","0.6478"
"140.2850","0.2231","0.6478"
"140.3050","0.2231","0.6478"
"140.3250","0.2231","0.6477"
"140.3450","0.2231","0.6477"
"140.3650","0.2231","0.6478"
"140.3850","0.2231","0.6478"
"140.4050","0.2231","0.6477"
"140.4250","0.2231","0.6477"
"140.4450","0.2231","0.6477"
"140.4650","0.2231","0.6477"
"140.4850","0.2231","0.6477"
"140.5050","0.2231","0.6477"
"140.5250","0.2231","0.6476"
"140.5450","0.2231","0.6477"
"140.5650","0.2231","0.6477"
"140.5850","0.2231","0.6477"
"140.6050","0.2231","0.6476"
"140.6250","0.2231","0.6477"
"140.6450","0.2231","0.6477"
"140.6650","0.2231","0.6477"
"140.6850","0.2231","0.6477"
"140.7050","0.2231","0.6478"
"140.7250","0.2231","0.6478"
"140.7450","0.2231","0.6476"
"140.7650","0.2231","0.6475"
"140.7850","0.2231","0.6476"
"140.8050","0.2231","0.6476"
"140.8250","0.2231","0.6476"
"140.8450","0.2231","0.6476"
"140.8650","0.2231","0.6476"
"140.8850","0.2231","0.6477"
"140.9050","0.2231","0.6476"
"140.9250","0.2231","0.6476"
"140.9450","0.2231","0.6476"
"140.9650","0.2231","0.6476"
"140.9850","0.2231","0.6476"
"141.0050","0.2231","0.6476"
"141.0250","0.2231","0.6475"
"141.0450","0.2231","0.6474"
"141.0650","0.2231","0.6474"
"141.0850","0.2231","0.6475"
"141.1050","0.2231","0.6475"
"141.1250","0.2231","0.6475"
"141.1450","0.2231","0.6476"
"141.1650","0.2231","0.6476"
"141.1850","0.2231","0.6475"
"141.2050","0.2231","0.6475"
"141.2250","0.2231","0.6475"
"141.2450","0.2231","0.6474"
"141.2650","0.2231","0.6474"
"141.2850","0.2231","0.6474"
"141.3050","0.2231","0.6475"
"141.3250","0.2231","0.6474"
"141.3450","0.2231","0.6475"
"141.3650","0.2231","0.6476"
"141.3850","0.2231","0.6475"
"141.4050","0.2231","0.6474"
"141.4250","0.2231","0.6474"
"141.4450","0.2231","0.6474"
"141.4650","0.2231","0.6474"
"141.4850","0.2231","0.6474"
"141.5050","0.2231","0.6473"
"141.5250","0.2231","0.6473"
"141.5450","0.2231","0.6475"
"141.5650","0.2231","0.6475"
"141.5850","0.2231","0.6475"
"141.6050","0.2231","0.6475"
"141.6250","0.2231","0.6476"
"141.6450","0.2231","0.6475"
"141.6650","0.2231","0.6475"
"141.6850","0.2231","0.6474"
"141.7050","0.2231","0.6474"
"141.7250","0.2231","0.6473"
"141.7450","0.2231","0.6472"
"141.7650","0.2231","0.6472"
"141.7850","0.2231","0.6472"
"141.8050","0.2231","0.6473"
"141.8250","0.2231","0.6473"
"141.8450","0.2231","0.6473"
"141.8650","0.2231","0.6474"
"141.8850","0.2231","0.6474"
"141.9050","0.2231","0.6474"
"141.9250","0.2231","0.6473"
"141.9450","0.2231","0.6472"
"141.9650","0.2231","0.6472"
"141.9850","0.2231","0.6472"
"142.0050","0.2231","0.6472"
"142.0250","0.2231","0.6472"
"142.0450","0.2231","0.6472"
"142.0650","0.2231","0.6473"
"142.0850","0.2231","0.6473"
"142.1050","0.2231","0.6472"
"142.1250","0.2231","0.6472"
"142.1450","0.2231","0.6472"
"142.1650","0.2231","0.6472"
"142.1850","0.2231","0.6472"
"142.2050","0.2231","0.6472"
"142.2250","0.2231","0.6472"
"142.2450","0.2231","0.6472"
"142.2650","0.2231","0.6473"
"142.2850","0.2231","0.6472"
"142.3050","0.2231","0.6472"
"142.3250","0.2231","0.6471"
"142.3450","0.2231","0.6472"
"142.3650","0.2231","0.6472"
"142.3850","0.2231","0.6472"
"142.4050","0.2231","0.6472"
"142.4250","0.2231","0.6471"
"142.4450","0.2231","0.6470"
"142.4650","0.2231","0.6471"
"142.4850","0.2231","0.6471"
"142.5050","0.2231","0.6472"
"142.5250","0.2231","0.6472"
"142.5450","0.2231","0.6472"
"142.5650","0.2231","0.6472"
"142.5850","0.2231","0.6472"
"142.6050","0.2231","0.6471"
"142.6250","0.2231","0.6470"
"142.6450","0.2231","0.6471"
"142.6650","0.2231","0.6472"
"142.6850","0.2231","0.6471"
"142.7050","0.2231","0.6470"
"142.7250","0.2231","0.6470"
"142.7450","0.2231","0.6470"
"142.7650","0.2231","0.6471"
"142.7850","0.2231","0.6471"
"142.8050","0.2231","0.6471"
"142.8250","0.2231","0.6471"
"142.8450","0.2231","0.6471"
"142.8650","0.2231","0.6470"
"142.8850","0.2231","0.6470"
"142.9050","0.2231","0.6470"
"142.9250","0.2231","0.6470"
"142.9450","0.2231","0.6470"
"142.9650","0.2231","0.6470"
"142.9850","0.2231","0.6470"
"143.0050","0.2231","0.6471"
"143.0250","0.2231","0.6470"
"143.0450","0.2231","0.6470"
"143.0650","0.2231","0.6469"
"143.0850","0.2231","0.6470"
"143.1050","0.2231","0.6471"
"143.1250","0.2231","0.6470"
"143.1450","0.2231","0.6470"
"143.1650","0.2231","0.6470"
"143.1850","0.2231","0.6470"
"143.2050","0.2231","0.6470"
"143.2250","0.2231","0.6470"
"143.2450","0.2231","0.6469"
"143.2650","0.2231","0.6470"
"143.2850","0.2231","0.6470"
"143.3050","0.2231","0.6469"
"143.3250","0.2231","0.6469"
"143.3450","0.2231","0.6469"
"143.3650","0.2231","0.6470"
"143.3850","0.2231","0.6469"
"143.4050","0.2231","0.6469"
"143.4250","0.2231","0.6469"
"143.4450","0.2231","0.6469"
"143.4650","0.2231","0.6469"
"143.4850","0.2231","0.6470"
"143.5050","0.2231","0.6469"
"143.5250","0.2231","0.6469"
"143.5450","0.2231","0.6468"
"143.5650","0.2231","0.6469"
"143.5850","0.2231","0.6469"
"143.6050","0.2231","0.6469"
"143.6250","0.2231","0.6468"
"143.6450","0.2231","0.6469"
"143.6650","0.2231","0.6468"
"143.6850","0.2231","0.6468"
"143.7050","0.2231","0.6468"
"143.7250","0.2231","0.6468"
"143.7450","0.2231","0.6468"
"143.7650","0.2231","0.6467"
"143.7850","0.2231","0.6468"
"143.8050","0.2231","0.6469"
"143.8250","0.2231","0.6469"
"143.8450","0.2231","0.6468"
"143.8650","0.2231","0.6467"
"143.8850","0.2231","0.6467"
"143.9050","0.2231","0.6467"
"143.9250","0.2231","0.6467"
"143.9450","0.2231","0.6467"
"143.9650","0.2231","0.6467"
"143.9850","0.2231","0.6467"
"144.0050","0.2231","0.6467"
"144.0250","0.2231","0.6467"
"144.0450","0.2231","0.6468"
"144.0650","0.2231","0.6468"
"144.0850","0.2231","0.6467"
"144.1050","0.2231","0.6468"
"144.1250","0.2231","0.6468"
"144.1450","0.2231","0.6467"
"144.1650","0.2231","0.6467"
"144.1850","0.2231","0.6467"
"144.2050","0.2231","0.6467"
"144.2250","0.2231","0.6467"
"144.2450","0.2231","0.6467"
"144.2650","0.2231","0.6467"
"144.2850","0.2231","0.6467"
"144.3050","0.2231","0.6467"
"144.3250","0.2231","0.6466"
"144.3450","0.2231","0.6467"
"144.3650","0.2231","0.6467"
"144.3850","0.2231","0.6466"
"144.4050","0.2231","0.6465"
"144.4250","0.2231","0.6465"
"144.4450","0.2231","0.6466"
"144.4650","0.2231","0.6466"
"144.4850","0.2231","0.6466"
"144.5050","0.2231","0.6466"
"144.5250","0.2231","0.6466"
"144.5450","0.2231","0.6466"
"144.5650","0.2231","0.6467"
"144.5850","0.2231","0.6466"
"144.6050","0.2231","0.6466"
"144.6250","0.2231","0.6467"
"144.6450","0.2231","0.6466"
"144.6650","0.2231","0.6465"
"144.6850","0.2231","0.6466"
"144.7050","0.2231","0.6466"
"144.7250","0.2231","0.6466"
"144.7450","0.2231","0.6466"
"144.7650","0.2231","0.6466"
"144.7850","0.2231","0.6465"
"144.8050","0.2231","0.6465"
"144.8250","0.2231","0.6465"
"144.8450","0.2231","0.6465"
"144.8650","0.2231","0.6465"
"144.8850","0.2231","0.6464"
"144.9050","0.2231","0.6465"
"144.9250","0.2231","0.6465"
"144.9450","0.2231","0.6465"
"144.9650","0.2231","0.6465"
"144.9850","0.2231","0.6465"
"145.0050","0.2231","0.6465"
"145.0250","0.2231","0.6465"
"145.0450","0.2231","0.6465"
"145.0650","0.2231","0.6465"
"145.0850","0.2231","0.6464"
"145.1050","0.2231","0.6465"
"145.1250","0.2231","0.6465"
"145.1450","0.2231","0.6465"
"145.1650","0.2231","0.6464"
"145.1850","0.2231","0.6464"
"145.2050","0.2231","0.6465"
"145.2250","0.2231","0.6464"
"145.2450","0.2231","0.6464"
"145.2650","0.2231","0.6464"
"145.2850","0.2231","0.6464"
"145.3050","0.2231","0.6465"
"145.3250","0.2231","0.6464"
"145.3450","0.2231","0.6464"
"145.3650","0.2231","0.6463"
"145.3850","0.2231","0.6464"
"145.4050","0.2231","0.6464"
"145.4250","0.2231","0.6464"
"145.4450","0.2231","0.6464"
"145.4650","0.2231","0.6463"
"145.4850","0.2231","0.6463"
"145.5050","0.2231","0.6463"
"145.5250","0.2231","0.6463"
"145.5450","0.2231","0.6462"
"145.5650","0.2231","0.6464"
"145.5850","0.2231","0.6463"
"145.6050","0.2231","0.6463"
"145.6250","0.2231","0.6462"
"145.6450","0.2231","0.6462"
"145.6650","0.2231","0.6463"
"145.6850","0.2231","0.6463"
"145.7050","0.2231","0.6463"
"145.7250","0.2231","0.6462"
"145.7450","0.2231","0.6463"
"145.7650","0.2231","0.6464"
"145.7850","0.2231","0.6463"
"145.8050","0.2231","0.6463"
"145.8250","0.2231","0.6462"
"145.8450","0.2231","0.6462"
"145.8650","0.2231","0.6462"
"145.8850","0.2231","0.6462"
"145.9050","0.2231","0.6461"
"145.9250","0.2231","0.6462"
"145.9450","0.2231","0.6462"
"145.9650","0.2231","0.6462"
"145.9850","0.2231","0.6463"
"146.0050","0.2231","0.6462"
"146.0250","0.2231","0.6462"
"146.0450","0.2231","0.6462"
"146.0650","0.2231","0.6461"
"146.0850","0.2231","0.6462"
"146.1050","0.2231","0.6462"
"146.1250","0.2231","0.6462"
"146.1450","0.2231","0.6463"
"146.1650","0.2231","0.6462"
"146.1850","0.2231","0.6462"
"146.2050","0.2231","0.6462"
"146.2250","0.2231","0.6462"
"146.2450","0.2231","0.6462"
"146.2650","0.2231","0.6462"
"146.2850","0.2231","0.6462"
"146.3050","0.2231","0.6462"
"146.3250","0.2231","0.6461"
"146.3450","0.2231","0.6461"
"146.3650","0.2231","0.6461"
"146.3850","0.2231","0.6461"
"146.4050","0.2231","0.6461"
"146.4250","0.2231","0.6461"
"146.4450","0.2231","0.6461"
"146.4650","0.2231","0.6461"
"146.4850","0.2231","0.6461"
"146.5050","0.2231","0.6462"
"146.5250","0.2231","0.6461"
"146.5450","0.2231","0.6460"
"146.5650","0.2231","0.6460"
"146.5850","0.2231","0.6460"
"146.6050","0.2231","0.6460"
"146.6250","0.2231","0.6461"
"146.6450","0.2231","0.6461"
"146.6650","0.2231","0.6460"
"146.6850","0.2231","0.6459"
"146.7050","0.2231","0.6458"
"146.7250","0.2231","0.6459"
"146.7450","0.2231","0.6460"
"146.7650","0.2231","0.6460"
"146.7850","0.2231","0.6460"
"146.8050","0.2231","0.6460"
"146.8250","0.2231","0.6459"
"146.8450","0.2231","0.6459"
"146.8650","0.2231","0.6460"
"146.8850","0.2231","0.6460"
"146.9050","0.2231","0.6460"
"146.9250","0.2231","0.6459"
"146.9450","0.2231","0.6460"
"146.9650","0.2231","0.6460"
"146.9850","0.2231","0.6460"
"147.0050","0.2231","0.6460"
"147.0250","0.2231","0.6460"
"147.0450","0.2231","0.6460"
"147.0650","0.2231","0.6459"
"147.0850","0.2231","0.6459"
"147.1050","0.2231","0.6458"
"147.1250","0.2231","0.6458"
"147.1450","0.2231","0.6459"
"147.1650","0.2231","0.6458"
"147.1850","0.2231","0.6458"
"147.2050","0.2231","0.6459"
"147.2250","0.2231","0.6459"
"147.2450","0.2231","0.6459"
"147.2650","0.2231","0.6459"
"147.2850","0.2231","0.6459"
"147.3050","0.2231","0.6459"
"147.3250","0.2231","0.6459"
"147.3450","0.2231","0.6458"
"147.3650","0.2231","0.6458"
"147.3850","0.2231","0.6458"
"147.4050","0.2231","0.6458"
"147.4250","0.2231","0.6458"
"147.4450","0.2231","0.6458"
"147.4650","0.2231","0.6458"
"147.4850","0.2231","0.6458"
"147.5050","0.2231","0.6458"
"147.5250","0.2231","0.6458"
"147.5450","0.2231","0.6458"
"147.5650","0.2231","0.6458"
"147.5850","0.2231","0.6457"
"147.6050","0.2231","0.6458"
"147.6250","0.2231","0.6458"
"147.6450","0.2231","0.6459"
"147.6650","0.2231","0.6459"
"147.6850","0.2231","0.6458"
"147.7050","0.2231","0.6458"
"147.7250","0.2231","0.6458"
"147.7450","0.2231","0.6458"
"147.7650","0.2231","0.6457"
"147.7850","0.2231","0.6457"
"147.8050","0.2231","0.6458"
"147.8250","0.2231","0.6458"
"147.8450","0.2231","0.6457"
"147.8650","0.2231","0.6457"
"147.8850","0.2231","0.6457"
"147.9050","0.2231","0.6458"
"147.9250","0.2231","0.6458"
"147.9450","0.2231","0.6458"
"147.9650","0.2231","0.6457"
"147.9850","0.2231","0.6457"
"148.0050","0.2231","0.6457"
"148.0250","0.2231","0.6457"
"148.0450","0.2231","0.6457"
"148.0650","0.2231","0.6457"
"148.0850","0.2231","0.6456"
"148.1050","0.2231","0.6457"
"148.1250","0.2231","0.6457"
"148.1450","0.2231","0.6457"
"148.1650","0.2231","0.6456"
"148.1850","0.2231","0.6456"
"148.2050","0.2231","0.6456"
"148.2250","0.2231","0.6457"
"148.2450","0.2231","0.6456"
"148.2650","0.2231","0.6456"
"148.2850","0.2231","0.6456"
"148.3050","0.2231","0.6456"
"148.3250","0.2231","0.6456"
"148.3450","0.2231","0.6456"
"148.3650","0.2231","0.6457"
"148.3850","0.2231","0.6457"
"148.4050","0.2231","0.6457"
"148.4250","0.2231","0.6456"
"148.4450","0.2231","0.6456"
"148.4650","0.2231","0.6456"
"148.4850","0.2231","0.6456"
"148.5050","0.2231","0.6455"
"148.5250","0.2231","0.6455"
"148.5450","0.2231","0.6456"
"148.5650","0.2231","0.6456"
"148.5850","0.2231","0.6455"
"148.6050","0.2231","0.6455"
"148.6250","0.2231","0.6455"
"148.6450","0.2231","0.6455"
"148.6650","0.2231","0.6456"
"148.6850","0.2231","0.6456"
"148.7050","0.2231","0.6455"
"148.7250","0.2231","0.6455"
"148.7450","0.2231","0.6455"
"148.7650","0.2231","0.6455"
"148.7850","0.2231","0.6455"
"148.8050","0.2231","0.6456"
"148.8250","0.2231","0.6455"
"148.8450","0.2231","0.6454"
"148.8650","0.2231","0.6454"
"148.8850","0.2231","0.6454"
"148.9050","0.2231","0.6455"
"148.9250","0.2231","0.6455"
"148.9450","0.2231","0.6454"
"148.9650","0.2231","0.6453"
"148.9850","0.2231","0.6454"
"149.0050","0.2231","0.6455"
"149.0250","0.2231","0.6455"
"149.0450","0.2231","0.6455"
"149.0650","0.2231","0.6454"
"149.0850","0.2231","0.6453"
"149.1050","0.2231","0.6454"
"149.1250","0.2231","0.6454"
"149.1450","0.2231","0.6454"
"149.1650","0.2231","0.6454"
"149.1850","0.2231","0.6454"
"149.2050","0.2231","0.6454"
"149.2250","0.2231","0.6454"
"149.2450","0.2231","0.6453"
"149.2650","0.2231","0.6454"
"149.2850","0.2231","0.6454"
"149.3050","0.2231","0.6454"
"149.3250","0.2231","0.6454"
"149.3450","0.2231","0.6453"
"149.3650","0.2231","0.6454"
"149.3850","0.2231","0.6454"
"149.4050","0.2231","0.6454"
"149.4250","0.2231","0.6454"
"149.4450","0.2231","0.6454"
"149.4650","0.2231","0.6453"
"149.4850","0.2231","0.6453"
"149.5050","0.2231","0.6453"
"149.5250","0.2231","0.6454"
"149.5450","0.2231","0.6453"
"149.5650","0.2231","0.6453"
"149.5850","0.2231","0.6453"
"149.6050","0.2231","0.6453"
"149.6250","0.2231","0.6453"
"149.6450","0.2231","0.6452"
"149.6650","0.2231","0.6451"
"149.6850","0.2231","0.6451"
"149.7050","0.2231","0.6451"
"149.7250","0.2231","0.6452"
"149.7450","0.2231","0.6453"
"149.7650","0.2231","0.6453"
"149.7850","0.2231","0.6453"
"149.8050","0.2231","0.6452"
"149.8250","0.2231","0.6451"
"149.8450","0.2231","0.6451"
"149.8650","0.2231","0.6452"
"149.8850","0.2231","0.6453"
"149.9050","0.2231","0.6453"
"149.9250","0.2231","0.6453"
"149.9450","0.2231","0.6452"
"149.9650","0.2231","0.6451"
"149.9850","0.2231","0.6451"
"150.0050","0.2231","0.6451"
"150.0250","0.2231","0.6451"
"150.0450","0.2231","0.6451"
"150.0650","0.2231","0.6452"
"150.0850","0.2231","0.6453"
"150.1050","0.2231","0.6453"
"150.1250","0.2231","0.6453"
"150.1450","0.2231","0.6451"
"150.1650","0.2231","0.6451"
"150.1850","0.2231","0.6452"
"150.2050","0.2231","0.6452"
"150.2250","0.2231","0.6452"
"150.2450","0.2231","0.6451"
"150.2650","0.2231","0.6451"
"150.2850","0.2231","0.6451"
"150.3050","0.2231","0.6451"
"150.3250","0.2231","0.6451"
"150.3450","0.2231","0.6451"
"150.3650","0.2231","0.6450"
"150.3850","0.2231","0.6451"
"150.4050","0.2231","0.6451"
"150.4250","0.2231","0.6451"
"150.4450","0.2231","0.6451"
"150.4650","0.2231","0.6450"
"150.4850","0.2231","0.6450"
"150.5050","0.2231","0.6450"
"150.5250","0.2231","0.6450"
"150.5450","0.2231","0.6451"
"150.5650","0.2231","0.6451"
"150.5850","0.2231","0.6451"
"150.6050","0.2231","0.6451"
"150.6250","0.2231","0.6450"
"150.6450","0.2231","0.6450"
"150.6650","0.2231","0.6450"
"150.6850","0.2231","0.6450"
"150.7050","0.2231","0.6450"
"150.7250","0.2231","0.6449"
"150.7450","0.2231","0.6449"
"150.7650","0.2231","0.6449"
"150.7850","0.2231","0.6450"
"150.8050","0.2231","0.6450"
"150.8250","0.2231","0.6450"
"150.8450","0.2231","0.6450"
"150.8650","0.2231","0.6450"
"150.8850","0.2231","0.6450"
"150.9050","0.2231","0.6451"
"150.9250","0.2231","0.6451"
"150.9450","0.2231","0.6450"
"150.9650","0.2231","0.6450"
"150.9850","0.2231","0.6450"
"151.0050","0.2231","0.6450"
"151.0250","0.2231","0.6449"
"151.0450","0.2231","0.6450"
"151.0650","0.2231","0.6449"
"151.0850","0.2231","0.6449"
"151.1050","0.2231","0.6449"
"151.1250","0.2231","0.6449"
"151.1450","0.2231","0.6449"
"151.1650","0.2231","0.6449"
"151.1850","0.2231","0.6449"
"151.2050","0.2231","0.6450"
"151.2250","0.2231","0.6449"
"151.2450","0.2231","0.6448"
"151.2650","0.2231","0.6449"
"151.2850","0.2231","0.6449"
"151.3050","0.2231","0.6449"
"151.3250","0.2231","0.6448"
"151.3450","0.2231","0.6448"
"151.3650","0.2231","0.6448"
"151.3850","0.2231","0.6448"
"151.4050","0.2231","0.6448"
"151.4250","0.2231","0.6449"
"151.4450","0.2231","0.6449"
"151.4650","0.2231","0.6448"
"151.4850","0.2231","0.6448"
"151.5050","0.2231","0.6449"
"151.5250","0.2231","0.6449"
"151.5450","0.2231","0.6449"
"151.5650","0.2231","0.6449"
"151.5850","0.2231","0.6449"
"151.6050","0.2231","0.6447"
"151.6250","0.2231","0.6447"
"151.6450","0.2231","0.6448"
"151.6650","0.2231","0.6448"
"151.6850","0.2231","0.6448"
"151.7050","0.2231","0.6448"
"151.7250","0.2231","0.6447"
"151.7450","0.2231","0.6447"
"151.7650","0.2231","0.6448"
"151.7850","0.2231","0.6448"
"151.8050","0.2231","0.6447"
"151.8250","0.2231","0.6447"
"151.8450","0.2231","0.6447"
"151.8650","0.2231","0.6446"
"151.8850","0.2231","0.6447"
"151.9050","0.2231","0.6447"
"151.9250","0.2231","0.6447"
"151.9450","0.2231","0.6448"
"151.9650","0.2231","0.6448"
"151.9850","0.2231","0.6447"
"152.0050","0.2231","0.6447"
"152.0250","0.2231","0.6447"
"152.0450","0.2231","0.6446"
"152.0650","0.2231","0.6446"
"152.0850","0.2231","0.6446"
"152.1050","0.2231","0.6446"
"152.1250","0.2231","0.6446"
"152.1450","0.2231","0.6446"
"152.1650","0.2231","0.6446"
"152.1850","0.2231","0.6447"
"152.2050","0.2231","0.6447"
"152.2250","0.2231","0.6447"
"152.2450","0.2231","0.6446"
"152.2650","0.2231","0.6446"
"152.2850","0.2231","0.6446"
"152.3050","0.2231","0.6446"
"152.3250","0.2231","0.6446"
"152.3450","0.2231","0.6446"
"152.3650","0.2231","0.6446"
"152.3850","0.2231","0.6447"
"152.4050","0.2231","0.6446"
"152.4250","0.2231","0.6446"
"152.4450","0.2231","0.6445"
"152.4650","0.2231","0.6446"
"152.4850","0.2231","0.6447"
"152.5050","0.2231","0.6446"
"152.5250","0.2231","0.6446"
"152.5450","0.2231","0.6445"
"152.5650","0.2231","0.6445"
"152.5850","0.2231","0.6445"
"152.6050","0.2231","0.6445"
"152.6250","0.2231","0.6446"
"152.6450","0.2231","0.6446"
"152.6650","0.2231","0.6446"
"152.6850","0.2231","0.6446"
"152.7050","0.2231","0.6446"
"152.7250","0.2231","0.6446"
"152.7450","0.2231","0.6445"
"152.7650","0.2231","0.6444"
"152.7850","0.2231","0.6445"
"152.8050","0.2231","0.6445"
"152.8250","0.2231","0.6445"
"152.8450","0.2231","0.6445"
"152.8650","0.2231","0.6445"
"152.8850","0.2231","0.6444"
"152.9050","0.2231","0.6444"
"152.9250","0.2231","0.6444"
"152.9450","0.2231","0.6445"
"152.9650","0.2231","0.6445"
"152.9850","0.2231","0.6445"
"153.0050","0.2231","0.6445"
"153.0250","0.2231","0.6445"
"153.0450","0.2231","0.6445"
"153.0650","0.2231","0.6444"
"153.0850","0.2231","0.6444"
"153.1050","0.2231","0.6444"
"153.1250","0.2231","0.6445"
"153.1450","0.2231","0.6445"
"153.1650","0.2231","0.6445"
"153.1850","0.2231","0.6444"
"153.2050","0.2231","0.6445"
"153.2250","0.2231","0.6445"
"153.2450","0.2231","0.6444"
"153.2650","0.2231","0.6444"
"153.2850","0.2231","0.6444"
"153.3050","0.2231","0.6443"
"153.3250","0.2231","0.6444"
"153.3450","0.2231","0.6443"
"153.3650","0.2231","0.6444"
"153.3850","0.2231","0.6444"
"153.4050","0.2231","0.6444"
"153.4250","0.2231","0.6444"
"153.4450","0.2231","0.6444"
"153.4650","0.2231","0.6444"
"153.4850","0.2231","0.6444"
"153.5050","0.2231","0.6443"
"153.5250","0.2231","0.6443"
"153.5450","0.2231","0.6444"
"153.5650","0.2231","0.6444"
"153.5850","0.2231","0.6444"
"153.6050","0.2231","0.6444"
"153.6250","0.2231","0.6444"
"153.6450","0.2231","0.6443"
"153.6650","0.2231","0.6443"
"153.6850","0.2231","0.6444"
"153.7050","0.2231","0.6444"
"153.7250","0.2231","0.6443"
"153.7450","0.2231","0.6442"
"153.7650","0.2231","0.6443"
"153.7850","0.2231","0.6442"
"153.8050","0.2231","0.6442"
"153.8250","0.2231","0.6442"
"153.8450","0.2231","0.6441"
"153.8650","0.2231","0.6442"
"153.8850","0.2231","0.6442"
"153.9050","0.2231","0.6443"
"153.9250","0.2231","0.6442"
"153.9450","0.2231","0.6442"
"153.9650","0.2231","0.6442"
"153.9850","0.2231","0.6442"
"154.0050","0.2231","0.6443"
"154.0250","0.2231","0.6442"
"154.0450","0.2231","0.6441"
"154.0650","0.2231","0.6442"
"154.0850","0.2231","0.6442"
"154.1050","0.2231","0.6442"
"154.1250","0.2231","0.6443"
"154.1450","0.2231","0.6443"
"154.1650","0.2231","0.6443"
"154.1850","0.2231","0.6442"
"154.2050","0.2231","0.6442"
"154.2250","0.2231","0.6442"
"154.2450","0.2231","0.6442"
"154.2650","0.2231","0.6441"
"154.2850","0.2231","0.6441"
"154.3050","0.2231","0.6441"
"154.3250","0.2231","0.6441"
"154.3450","0.2231","0.6442"
"154.3650","0.2231","0.6442"
"154.3850","0.2231","0.6441"
"154.4050","0.2231","0.6442"
"154.4250","0.2231","0.6441"
"154.4450","0.2231","0.6441"
"154.4650","0.2231","0.6440"
"154.4850","0.2231","0.6440"
"154.5050","0.2231","0.6441"
"154.5250","0.2231","0.6441"
"154.5450","0.2231","0.6441"
"154.5650","0.2231","0.6441"
"154.5850","0.2231","0.6441"
"154.6050","0.2231","0.6440"
"154.6250","0.2231","0.6440"
"154.6450","0.2231","0.6441"
"154.6650","0.2231","0.6441"
"154.6850","0.2231","0.6441"
"154.7050","0.2231","0.6440"
"154.7250","0.2231","0.6441"
"154.7450","0.2231","0.6440"
"154.7650","0.2231","0.6441"
"154.7850","0.2231","0.6441"
"154.8050","0.2231","0.6440"
"154.8250","0.2231","0.6440"
"154.8450","0.2231","0.6440"
"154.8650","0.2231","0.6440"
"154.8850","0.2231","0.6440"
"154.9050","0.2231","0.6439"
"154.9250","0.2231","0.6439"
"154.9450","0.2231","0.6439"
"154.9650","0.2231","0.6439"
"154.9850","0.2231","0.6439"
"155.0050","0.2231","0.6440"
"155.0250","0.2231","0.6440"
"155.0450","0.2231","0.6440"
"155.0650","0.2231","0.6440"
"155.0850","0.2231","0.6440"
"155.1050","0.2231","0.6440"
"155.1250","0.2231","0.6440"
"155.1450","0.2231","0.6440"
"155.1650","0.2231","0.6440"
"155.1850","0.2231","0.6439"
"155.2050","0.2231","0.6439"
"155.2250","0.2231","0.6439"
"155.2450","0.2231","0.6439"
"155.2650","0.2231","0.6440"
"155.2850","0.2231","0.6440"
"155.3050","0.2231","0.6440"
"155.3250","0.2231","0.6440"
"155.3450","0.2231","0.6439"
"155.3650","0.2231","0.6440"
"155.3850","0.2231","0.6439"
"155.4050","0.2231","0.6439"
"155.4250","0.2231","0.6439"
"155.4450","0.2231","0.6439"
"155.4650","0.2231","0.6439"
"155.4850","0.2231","0.6439"
"155.5050","0.2231","0.6438"
"155.5250","0.2231","0.6439"
"155.5450","0.2231","0.6439"
"155.5650","0.2231","0.6438"
"155.5850","0.2231","0.6439"
"155.6050","0.2231","0.6439"
"155.6250","0.2231","0.6439"
"155.6450","0.2231","0.6439"
"155.6650","0.2231","0.6438"
"155.6850","0.2231","0.6438"
"155.7050","0.2231","0.6437"
"155.7250","0.2231","0.6438"
"155.7450","0.2231","0.6439"
"155.7650","0.2231","0.6438"
"155.7850","0.2231","0.6439"
"155.8050","0.2231","0.6439"
"155.8250","0.2231","0.6438"
"155.8450","0.2231","0.6438"
"155.8650","0.2231","0.6438"
"155.8850","0.2231","0.6437"
"155.9050","0.2231","0.6437"
"155.9250","0.2231","0.6438"
"155.9450","0.2231","0.6438"
"155.9650","0.2231","0.6437"
"155.9850","0.2231","0.6436"
"156.0050","0.2231","0.6436"
"156.0250","0.2231","0.6436"
"156.0450","0.2231","0.6437"
"156.0650","0.2231","0.6437"
"156.0850","0.2231","0.6438"
"156.1050","0.2231","0.6438"
"156.1250","0.2231","0.6438"
"156.1450","0.2231","0.6437"
"156.1650","0.2231","0.6437"
"156.1850","0.2231","0.6437"
"156.2050","0.2231","0.6437"
"156.2250","0.2231","0.6437"
"156.2450","0.2231","0.6437"
"156.2650","0.2231","0.6438"
"156.2850","0.2231","0.6437"
"156.3050","0.2231","0.6437"
"156.3250","0.2231","0.6437"
"156.3450","0.2231","0.6437"
"156.3650","0.2231","0.6437"
"156.3850","0.2231","0.6437"
"156.4050","0.2231","0.6437"
"156.4250","0.2231","0.6436"
"156.4450","0.2231","0.6436"
"156.4650","0.2231","0.6436"
"156.4850","0.2231","0.6436"
"156.5050","0.2231","0.6437"
"156.5250","0.2231","0.6436"
"156.5450","0.2231","0.6437"
"156.5650","0.2231","0.6438"
"156.5850","0.2231","0.6437"
"156.6050","0.2231","0.6436"
"156.6250","0.2231","0.6435"
"156.6450","0.2231","0.6436"
"156.6650","0.2231","0.6436"
"156.6850","0.2231","0.6436"
"156.7050","0.2231","0.6436"
"156.7250","0.2231","0.6436"
"156.7450","0.2231","0.6437"
"156.7650","0.2231","0.6436"
"156.7850","0.2231","0.6435"
"156.8050","0.2231","0.6435"
"156.8250","0.2231","0.6435"
"156.8450","0.2231","0.6435"
"156.8650","0.2231","0.6434"
"156.8850","0.2231","0.6435"
"156.9050","0.2231","0.6435"
"156.9250","0.2231","0.6435"
"156.9450","0.2231","0.6435"
"156.9650","0.2231","0.6434"
"156.9850","0.2231","0.6433"
"157.0050","0.2231","0.6434"
"157.0250","0.2231","0.6435"
"157.0450","0.2231","0.6435"
"157.0650","0.2231","0.6435"
"157.0850","0.2231","0.6434"
"157.1050","0.2231","0.6435"
"157.1250","0.2231","0.6435"
"157.1450","0.2231","0.6435"
"157.1650","0.2231","0.6434"
"157.1850","0.2231","0.6433"
"157.2050","0.2231","0.6434"
"157.2250","0.2231","0.6435"
"157.2450","0.2231","0.6434"
"157.2650","0.2231","0.6434"
"157.2850","0.2231","0.6435"
"157.3050","0.2231","0.6434"
"157.3250","0.2231","0.6434"
"157.3450","0.2231","0.6434"
"157.3650","0.2231","0.6434"
"157.3850","0.2231","0.6434"
"157.4050","0.2231","0.6435"
"157.4250","0.2231","0.6434"
"157.4450","0.2231","0.6434"
"157.4650","0.2231","0.6434"
"157.4850","0.2231","0.6435"
"157.5050","0.2231","0.6434"
"157.5250","0.2231","0.6433"
"157.5450","0.2231","0.6433"
"157.5650","0.2231","0.6434"
"157.5850","0.2231","0.6434"
"157.6050","0.2231","0.6434"
"157.6250","0.2231","0.6433"
"157.6450","0.2231","0.6433"
"157.6650","0.2231","0.6433"
"157.6850","0.2231","0.6433"
"157.7050","0.2231","0.6433"
"157.7250","0.2231","0.6433"
"157.7450","0.2231","0.6433"
"157.7650","0.2231","0.6434"
"157.7850","0.2231","0.6434"
"157.8050","0.2231","0.6435"
"157.8250","0.2231","0.6434"
"157.8450","0.2231","0.6433"
"157.8650","0.2231","0.6432"
"157.8850","0.2231","0.6433"
"157.9050","0.2231","0.6433"
"157.9250","0.2231","0.6433"
"157.9450","0.2231","0.6433"
"157.9650","0.2231","0.6433"
"157.9850","0.2231","0.6434"
"158.0050","0.2231","0.6433"
"158.0250","0.2231","0.6432"
"158.0450","0.2231","0.6433"
"158.0650","0.2231","0.6433"
"158.0850","0.2231","0.6433"
"158.1050","0.2231","0.6433"
"158.1250","0.2231","0.6431"
"158.1450","0.2231","0.6432"
"158.1650","0.2231","0.6433"
"158.1850","0.2231","0.6433"
"158.2050","0.2231","0.6432"
"158.2250","0.2231","0.6432"
"158.2450","0.2231","0.6432"
"158.2650","0.2231","0.6432"
"158.2850","0.2231","0.6433"
"158.3050","0.2231","0.6433"
"158.3250","0.2231","0.6433"
"158.3450","0.2231","0.6432"
"158.3650","0.2231","0.6432"
"158.3850","0.2231","0.6432"
"158.4050","0.2231","0.6432"
"158.4250","0.2231","0.6432"
"158.4450","0.2231","0.6431"
"158.4650","0.2231","0.6431"
"158.4850","0.2231","0.6431"
"158.5050","0.2231","0.6432"
"158.5250","0.2231","0.6432"
"158.5450","0.2231","0.6431"
"158.5650","0.2231","0.6431"
"158.5850","0.2231","0.6431"
"158.6050","0.2231","0.6431"
"158.6250","0.2231","0.6431"
"158.6450","0.2231","0.6431"
"158.6650","0.2231","0.6431"
"158.6850","0.2231","0.6431"
"158.7050","0.2231","0.6431"
"158.7250","0.2231","0.6431"
"158.7450","0.2231","0.6431"
"158.7650","0.2231","0.6431"
"158.7850","0.2231","0.6430"
"158.8050","0.2231","0.6430"
"158.8250","0.2231","0.6431"
"158.8450","0.2231","0.6431"
"158.8650","0.2231","0.6430"
"158.8850","0.2231","0.6430"
"158.9050","0.2231","0.6430"
"158.9250","0.2231","0.6431"
"158.9450","0.2231","0.6431"
"158.9650","0.2231","0.6431"
"158.9850","0.2231","0.6431"
"159.0050","0.2231","0.6431"
"159.0250","0.2231","0.6431"
"159.0450","0.2231","0.6431"
"159.0650","0.2231","0.6431"
"159.0850","0.2231","0.6431"
"159.1050","0.2231","0.6431"
"159.1250","0.2231","0.6430"
"159.1450","0.2231","0.6430"
"159.1650","0.2231","0.6431"
"159.1850","0.2231","0.6431"
"159.2050","0.2231","0.6431"
"159.2250","0.2231","0.6431"
"159.2450","0.2231","0.6430"
"159.2650","0.2231","0.6430"
"159.2850","0.2231","0.6429"
"159.3050","0.2231","0.6430"
"159.3250","0.2231","0.6430"
"159.3450","0.2231","0.6430"
"159.3650","0.2231","0.6430"
"159.3850","0.2231","0.6429"
"159.4050","0.2231","0.6429"
"159.4250","0.2231","0.6429"
"159.4450","0.2231","0.6429"
"159.4650","0.2231","0.6429"
"159.4850","0.2231","0.6429"
"159.5050","0.2231","0.6429"
"159.5250","0.2231","0.6429"
"159.5450","0.2231","0.6429"
"159.5650","0.2231","0.6429"
"159.5850","0.2231","0.6429"
"159.6050","0.2231","0.6430"
"159.6250","0.2231","0.6430"
"159.6450","0.2231","0.6430"
"159.6650","0.2231","0.6430"
"159.6850","0.2231","0.6429"
"159.7050","0.2231","0.6429"
"159.7250","0.2231","0.6429"
"159.7450","0.2231","0.6429"
"159.7650","0.2231","0.6428"
"159.7850","0.2231","0.6428"
"159.8050","0.2231","0.6428"
"159.8250","0.2231","0.6428"
"159.8450","0.2231","0.6429"
"159.8650","0.2231","0.6429"
"159.8850","0.2231","0.6429"
"159.9050","0.2231","0.6428"
"159.9250","0.2231","0.6427"
"159.9450","0.2231","0.6428"
"159.9650","0.2231","0.6429"
"159.9850","0.2231","0.6429"
"160.0050","0.2231","0.6428"
"160.0250","0.2231","0.6428"
"160.0450","0.2231","0.6428"
"160.0650","0.2231","0.6428"
"160.0850","0.2231","0.6429"
"160.1050","0.2231","0.6428"
"160.1250","0.2231","0.6428"
"160.1450","0.2231","0.6428"
"160.1650","0.2231","0.6427"
"160.1850","0.2231","0.6427"
"160.2050","0.2231","0.6427"
"160.2250","0.2231","0.6427"
"160.2450","0.2231","0.6428"
"160.2650","0.2231","0.6427"
"160.2850","0.2231","0.6427"
"160.3050","0.2231","0.6427"
"160.3250","0.2231","0.6428"
"160.3450","0.2231","0.6427"
"160.3650","0.2231","0.6427"
"160.3850","0.2231","0.6427"
"160.4050","0.2231","0.6427"
"160.4250","0.2231","0.6427"
"160.4450","0.2231","0.6427"
"160.4650","0.2231","0.6427"
"160.4850","0.2231","0.6427"
"160.5050","0.2231","0.6427"
"160.5250","0.2231","0.6427"
"160.5450","0.2231","0.6427"
"160.5650","0.2231","0.6427"
"160.5850","0.2231","0.6427"
"160.6050","0.2231","0.6427"
"160.6250","0.2231","0.6427"
"160.6450","0.2231","0.6427"
"160.6650","0.2231","0.6427"
"160.6850","0.2231","0.6426"
"160.7050","0.2231","0.6426"
"160.7250","0.2231","0.6426"
"160.7450","0.2231","0.6426"
"160.7650","0.2231","0.6427"
"160.7850","0.2231","0.6427"
"160.8050","0.2231","0.6427"
"160.8250","0.2231","0.6426"
"160.8450","0.2231","0.6426"
"160.8650","0.2231","0.6426"
"160.8850","0.2231","0.6426"
"160.9050","0.2231","0.6426"
"160.9250","0.2231","0.6426"
"160.9450","0.2231","0.6426"
"160.9650","0.2231","0.6426"
"160.9850","0.2231","0.6426"
"161.0050","0.2231","0.6426"
"161.0250","0.2231","0.6426"
"161.0450","0.2231","0.6426"
"161.0650","0.2231","0.6426"
"161.0850","0.2231","0.6426"
"161.1050","0.2231","0.6426"
"161.1250","0.2231","0.6426"
"161.1450","0.2231","0.6426"
"161.1650","0.2231","0.6425"
"161.1850","0.2231","0.6425"
"161.2050","0.2231","0.6425"
"161.2250","0.2231","0.6425"
"161.2450","0.2231","0.6425"
"161.2650","0.2231","0.6425"
"161.2850","0.2231","0.6425"
"161.3050","0.2231","0.6425"
"161.3250","0.2231","0.6425"
"161.3450","0.2231","0.6425"
"161.3650","0.2231","0.6424"
"161.3850","0.2231","0.6425"
"161.4050","0.2231","0.6425"
"161.4250","0.2231","0.6424"
"161.4450","0.2231","0.6424"
"161.4650","0.2231","0.6425"
"161.4850","0.2231","0.6426"
"161.5050","0.2231","0.6425"
"161.5250","0.2231","0.6425"
"161.5450","0.2231","0.6424"
"161.5650","0.2231","0.6424"
"161.5850","0.2231","0.6425"
"161.6050","0.2231","0.6424"
"161.6250","0.2231","0.6424"
"161.6450","0.2231","0.6424"
"161.6650","0.2231","0.6424"
"161.6850","0.2231","0.6424"
"161.7050","0.2231","0.6424"
"161.7250","0.2231","0.6424"
"161.7450","0.2231","0.6424"
"161.7650","0.2231","0.6425"
"161.7850","0.2231","0.6425"
"161.8050","0.2231","0.6424"
"161.8250","0.2231","0.6423"
"161.8450","0.2231","0.6423"
"161.8650","0.2231","0.6424"
"161.8850","0.2231","0.6424"
"161.9050","0.2231","0.6423"
"161.9250","0.2231","0.6424"
"161.9450","0.2231","0.6424"
"161.9650","0.2231","0.6424"
"161.9850","0.2231","0.6424"
"162.0050","0.2231","0.6423"
"162.0250","0.2231","0.6423"
"162.0450","0.2231","0.6423"
"162.0650","0.2231","0.6423"
"162.0850","0.2231","0.6423"
"162.1050","0.2231","0.6423"
"162.1250","0.2231","0.6423"
"162.1450","0.2231","0.6423"
"162.1650","0.2231","0.6423"
"162.1850","0.2231","0.6423"
"162.2050","0.2231","0.6423"
"162.2250","0.2231","0.6424"
"162.2450","0.2231","0.6423"
"162.2650","0.2231","0.6423"
"162.2850","0.2231","0.6422"
"162.3050","0.2231","0.6423"
"162.3250","0.2231","0.6423"
"162.3450","0.2231","0.6423"
"162.3650","0.2231","0.6423"
"162.3850","0.2231","0.6423"
"162.4050","0.2231","0.6423"
"162.4250","0.2231","0.6423"
"162.4450","0.2231","0.6423"
"162.4650","0.2231","0.6422"
"162.4850","0.2231","0.6422"
"162.5050","0.2231","0.6422"
"162.5250","0.2231","0.6423"
"162.5450","0.2231","0.6422"
"162.5650","0.2231","0.6422"
"162.5850","0.2231","0.6422"
"162.6050","0.2231","0.6423"
"162.6250","0.2231","0.6423"
"162.6450","0.2231","0.6422"
"162.6650","0.2231","0.6422"
"162.6850","0.2231","0.6423"
"162.7050","0.2231","0.6422"
"162.7250","0.2231","0.6422"
"162.7450","0.2231","0.6422"
"162.7650","0.2231","0.6422"
"162.7850","0.2231","0.6422"
"162.8050","0.2231","0.6422"
"162.8250","0.2231","0.6422"
"162.8450","0.2231","0.6421"
"162.8650","0.2231","0.6421"
"162.8850","0.2231","0.6421"
"162.9050","0.2231","0.6422"
"162.9250","0.2231","0.6422"
"162.9450","0.2231","0.6421"
"162.9650","0.2231","0.6422"
"162.9850","0.2231","0.6422"
"163.0050","0.2231","0.6422"
"163.0250","0.2231","0.6422"
"163.0450","0.2231","0.6421"
"163.0650","0.2231","0.6421"
"163.0850","0.2231","0.6421"
"163.1050","0.2231","0.6421"
"163.1250","0.2231","0.6421"
"163.1450","0.2231","0.6421"
"163.1650","0.2231","0.6421"
"163.1850","0.2231","0.6421"
"163.2050","0.2231","0.6421"
"163.2250","0.2231","0.6421"
"163.2450","0.2231","0.6421"
"163.2650","0.2231","0.6421"
"163.2850","0.2231","0.6421"
"163.3050","0.2231","0.6421"
"163.3250","0.2231","0.6421"
"163.3450","0.2231","0.6421"
"163.3650","0.2231","0.6421"
"163.3850","0.2231","0.6421"
"163.4050","0.2231","0.6420"
"163.4250","0.2231","0.6420"
"163.4450","0.2231","0.6420"
"163.4650","0.2231","0.6420"
"163.4850","0.2231","0.6420"
"163.5050","0.2231","0.6419"
"163.5250","0.2231","0.6419"
"163.5450","0.2231","0.6420"
"163.5650","0.2231","0.6420"
"163.5850","0.2231","0.6420"
"163.6050","0.2231","0.6420"
"163.6250","0.2231","0.6420"
"163.6450","0.2231","0.6419"
"163.6650","0.2231","0.6419"
"163.6850","0.2231","0.6420"
"163.7050","0.2231","0.6420"
"163.7250","0.2231","0.6419"
"163.7450","0.2231","0.6419"
"163.7650","0.2231","0.6419"
"163.7850","0.2231","0.6419"
"163.8050","0.2231","0.6419"
"163.8250","0.2231","0.6420"
"163.8450","0.2231","0.6420"
"163.8650","0.2231","0.6420"
"163.8850","0.2231","0.6420"
"163.9050","0.2231","0.6420"
"163.9250","0.2231","0.6420"
"163.9450","0.2231","0.6419"
"163.9650","0.2231","0.6419"
"163.9850","0.2231","0.6419"
"164.0050","0.2231","0.6420"
"164.0250","0.2231","0.6420"
"164.0450","0.2231","0.6419"
"164.0650","0.2231","0.6419"
"164.0850","0.2231","0.6419"
"164.1050","0.2231","0.6418"
"164.1250","0.2231","0.6418"
"164.1450","0.2231","0.6419"
"164.1650","0.2231","0.6419"
"164.1850","0.2231","0.6418"
"164.2050","0.2231","0.6419"
"164.2250","0.2231","0.6420"
"164.2450","0.2231","0.6419"
"164.2650","0.2231","0.6419"
"164.2850","0.2231","0.6419"
"164.3050","0.2231","0.6419"
"164.3250","0.2231","0.6419"
"164.3450","0.2231","0.6419"
"164.3650","0.2231","0.6417"
"164.3850","0.2231","0.6418"
"164.4050","0.2231","0.6418"
"164.4250","0.2231","0.6418"
"164.4450","0.2231","0.6418"
"164.4650","0.2231","0.6418"
"164.4850","0.2231","0.6417"
"164.5050","0.2231","0.6416"
"164.5250","0.2231","0.6417"
"164.5450","0.2231","0.6417"
"164.5650","0.2231","0.6417"
"164.5850","0.2231","0.6418"
"164.6050","0.2231","0.6418"
"164.6250","0.2231","0.6419"
"164.6450","0.2231","0.6419"
"164.6650","0.2231","0.6418"
"164.6850","0.2231","0.6417"
"164.7050","0.2231","0.6418"
"164.7250","0.2231","0.6418"
"164.7450","0.2231","0.6417"
"164.7650","0.2231","0.6417"
"164.7850","0.2231","0.6418"
"164.8050","0.2231","0.6418"
"164.8250","0.2231","0.6417"
"164.8450","0.2231","0.6417"
"164.8650","0.2231","0.6417"
"164.8850","0.2231","0.6418"
"164.9050","0.2231","0.6418"
"164.9250","0.2231","0.6418"
"164.9450","0.2231","0.6417"
"164.9650","0.2231","0.6416"
"164.9850","0.2231","0.6416"
"165.0050","0.2231","0.6416"
"165.0250","0.2231","0.6417"
"165.0450","0.2231","0.6417"
"165.0650","0.2231","0.6417"
"165.0850","0.2231","0.6417"
"165.1050","0.2231","0.6417"
"165.1250","0.2231","0.6417"
"165.1450","0.2231","0.6416"
"165.1650","0.2231","0.6417"
"165.1850","0.2231","0.6416"
"165.2050","0.2231","0.6417"
"165.2250","0.2231","0.6416"
"165.2450","0.2231","0.6416"
"165.2650","0.2231","0.6416"
"165.2850","0.2231","0.6417"
"165.3050","0.2231","0.6417"
"165.3250","0.2231","0.6416"
"165.3450","0.2231","0.6417"
"165.3650","0.2231","0.6417"
"165.3850","0.2231","0.6416"
"165.4050","0.2231","0.6416"
"165.4250","0.2231","0.6416"
"165.4450","0.2231","0.6416"
"165.4650","0.2231","0.6416"
"165.4850","0.2231","0.6416"
"165.5050","0.2231","0.6416"
"165.5250","0.2231","0.6416"
"165.5450","0.2231","0.6416"
"165.5650","0.2231","0.6416"
"165.5850","0.2231","0.6415"
"165.6050","0.2231","0.6415"
"165.6250","0.2231","0.6415"
"165.6450","0.2231","0.6415"
"165.6650","0.2231","0.6416"
"165.6850","0.2231","0.6416"
"165.7050","0.2231","0.6416"
"165.7250","0.2231","0.6415"
"165.7450","0.2231","0.6415"
"165.7650","0.2231","0.6415"
"165.7850","0.2231","0.6416"
"165.8050","0.2231","0.6415"
"165.8250","0.2231","0.6415"
"165.8450","0.2231","0.6415"
"165.8650","0.2231","0.6415"
"165.8850","0.2231","0.6415"
"165.9050","0.2231","0.6415"
"165.9250","0.2231","0.6415"
"165.9450","0.2231","0.6415"
"165.9650","0.2231","0.6415"
"165.9850","0.2231","0.6415"
"166.0050","0.2231","0.6414"
"166.0250","0.2231","0.6414"
"166.0450","0.2231","0.6414"
"166.0650","0.2231","0.6415"
"166.0850","0.2231","0.6415"
"166.1050","0.2231","0.6415"
"166.1250","0.2231","0.6415"
"166.1450","0.2231","0.6414"
"166.1650","0.2231","0.6415"
"166.1850","0.2231","0.6414"
"166.2050","0.2231","0.6414"
"166.2250","0.2231","0.6414"
"166.2450","0.2231","0.6414"
"166.2650","0.2231","0.6413"
"166.2850","0.2231","0.6413"
"166.3050","0.2231","0.6413"
"166.3250","0.2231","0.6414"
"166.3450","0.2231","0.6414"
"166.3650","0.2231","0.6414"
"166.3850","0.2231","0.6414"
"166.4050","0.2231","0.6414"
"166.4250","0.2231","0.6413"
"166.4450","0.2231","0.6413"
"166.4650","0.2231","0.6413"
"166.4850","0.2231","0.6413"
"166.5050","0.2231","0.6414"
"166.5250","0.2231","0.6413"
"166.5450","0.2231","0.6413"
"166.5650","0.2231","0.6412"
"166.5850","0.2231","0.6412"
"166.6050","0.2231","0.6413"
"166.6250","0.2231","0.6412"
"166.6450","0.2231","0.6412"
"166.6650","0.2231","0.6412"
"166.6850","0.2231","0.6413"
"166.7050","0.2231","0.6414"
"166.7250","0.2231","0.6414"
"166.7450","0.2231","0.6414"
"166.7650","0.2231","0.6413"
"166.7850","0.2231","0.6413"
"166.8050","0.2231","0.6413"
"166.8250","0.2231","0.6412"
"166.8450","0.2231","0.6412"
"166.8650","0.2231","0.6412"
"166.8850","0.2231","0.6413"
"166.9050","0.2231","0.6414"
"166.9250","0.2231","0.6413"
"166.9450","0.2231","0.6413"
"166.9650","0.2231","0.6412"
"166.9850","0.2231","0.6412"
"167.0050","0.2231","0.6413"
"167.0250","0.2231","0.6413"
"167.0450","0.2231","0.6411"
"167.0650","0.2231","0.6411"
"167.0850","0.2231","0.6412"
"167.1050","0.2231","0.6412"
"167.1250","0.2231","0.6412"
"167.1450","0.2231","0.6411"
"167.1650","0.2231","0.6411"
"167.1850","0.2231","0.6413"
"167.2050","0.2231","0.6413"
"167.2250","0.2231","0.6413"
"167.2450","0.2231","0.6412"
"167.2650","0.2231","0.6412"
"167.2850","0.2231","0.6412"
"167.3050","0.2231","0.6412"
"167.3250","0.2231","0.6412"
"167.3450","0.2231","0.6411"
"167.3650","0.2231","0.6411"
"167.3850","0.2231","0.6411"
"167.4050","0.2231","0.6412"
"167.4250","0.2231","0.6411"
"167.4450","0.2231","0.6411"
"167.4650","0.2231","0.6412"
"167.4850","0.2231","0.6411"
"167.5050","0.2231","0.6412"
"167.5250","0.2231","0.6412"
"167.5450","0.2231","0.6412"
"167.5650","0.2231","0.6412"
"167.5850","0.2231","0.6411"
"167.6050","0.2231","0.6411"
"167.6250","0.2231","0.6411"
"167.6450","0.2231","0.6411"
"167.6650","0.2231","0.6412"
"167.6850","0.2231","0.6411"
"167.7050","0.2231","0.6411"
"167.7250","0.2231","0.6411"
"167.7450","0.2231","0.6411"
"167.7650","0.2231","0.6411"
"167.7850","0.2231","0.6411"
"167.8050","0.2231","0.6411"
"167.8250","0.2231","0.6411"
"167.8450","0.2231","0.6411"
"167.8650","0.2231","0.6410"
"167.8850","0.2231","0.6410"
"167.9050","0.2231","0.6410"
"167.9250","0.2231","0.6410"
"167.9450","0.2231","0.6411"
"167.9650","0.2231","0.6411"
"167.9850","0.2231","0.6411"
"168.0050","0.2231","0.6411"
"168.0250","0.2231","0.6410"
"168.0450","0.2231","0.6410"
"168.0650","0.2231","0.6410"
"168.0850","0.2231","0.6410"
"168.1050","0.2231","0.6410"
"168.1250","0.2231","0.6410"
"168.1450","0.2231","0.6409"
"168.1650","0.2231","0.6408"
"168.1850","0.2231","0.6409"
"168.2050","0.2231","0.6409"
"168.2250","0.2231","0.6410"
"168.2450","0.2231","0.6410"
"168.2650","0.2231","0.6410"
"168.2850","0.2231","0.6409"
"168.3050","0.2231","0.6409"
"168.3250","0.2231","0.6409"
"168.3450","0.2231","0.6409"
"168.3650","0.2231","0.6409"
"168.3850","0.2231","0.6409"
"168.4050","0.2231","0.6410"
"168.4250","0.2231","0.6410"
"168.4450","0.2231","0.6409"
"168.4650","0.2231","0.6409"
"168.4850","0.2231","0.6409"
"168.5050","0.2231","0.6409"
"168.5250","0.2231","0.6409"
"168.5450","0.2231","0.6409"
"168.5650","0.2231","0.6410"
"168.5850","0.2231","0.6409"
"168.6050","0.2231","0.6408"
"168.6250","0.2231","0.6407"
"168.6450","0.2231","0.6408"
"168.6650","0.2231","0.6409"
"168.6850","0.2231","0.6410"
"168.7050","0.2231","0.6409"
"168.7250","0.2231","0.6408"
"168.7450","0.2231","0.6408"
"168.7650","0.2231","0.6409"
"168.7850","0.2231","0.6409"
"168.8050","0.2231","0.6408"
"168.8250","0.2231","0.6408"
"168.8450","0.2231","0.6409"
"168.8650","0.2231","0.6409"
"168.8850","0.2231","0.6408"
"168.9050","0.2231","0.6408"
"168.9250","0.2231","0.6408"
"168.9450","0.2231","0.6407"
"168.9650","0.2231","0.6408"
"168.9850","0.2231","0.6407"
"169.0050","0.2231","0.6407"
"169.0250","0.2231","0.6407"
"169.0450","0.2231","0.6408"
"169.0650","0.2231","0.6409"
"169.0850","0.2231","0.6408"
"169.1050","0.2231","0.6408"
"169.1250","0.2231","0.6407"
"169.1450","0.2231","0.6407"
"169.1650","0.2231","0.6407"
"169.1850","0.2231","0.6407"
"169.2050","0.2231","0.6407"
"169.2250","0.2231","0.6408"
"169.2450","0.2231","0.6409"
"169.2650","0.2231","0.6408"
"169.2850","0.2231","0.6408"
"169.3050","0.2231","0.6407"
"169.3250","0.2231","0.6407"
"169.3450","0.2231","0.6407"
"169.3650","0.2231","0.6407"
"169.3850","0.2231","0.6407"
"169.4050","0.2231","0.6407"
"169.4250","0.2231","0.6408"
"169.4450","0.2231","0.6408"
"169.4650","0.2231","0.6407"
"169.4850","0.2231","0.6407"
"169.5050","0.2231","0.6407"
"169.5250","0.2231","0.6407"
"169.5450","0.2231","0.6406"
"169.5650","0.2231","0.6406"
"169.5850","0.2231","0.6407"
"169.6050","0.2231","0.6406"
"169.6250","0.2231","0.6406"
"169.6450","0.2231","0.6407"
"169.6650","0.2231","0.6407"
"169.6850","0.2231","0.6407"
"169.7050","0.2231","0.6406"
"169.7250","0.2231","0.6406"
"169.7450","0.2231","0.6406"
"169.7650","0.2231","0.6407"
"169.7850","0.2231","0.6407"
"169.8050","0.2231","0.6407"
"169.8250","0.2231","0.6406"
"169.8450","0.2231","0.6406"
"169.8650","0.2231","0.6406"
"169.8850","0.2231","0.6406"
"169.9050","0.2231","0.6406"
"169.9250","0.2231","0.6406"
"169.9450","0.2231","0.6406"
"169.9650","0.2231","0.6407"
"169.9850","0.2231","0.6406"
"170.0050","0.2231","0.6406"
"170.0250","0.2231","0.6406"
"170.0450","0.2231","0.6406"
"170.0650","0.2231","0.6406"
"170.0850","0.2231","0.6405"
"170.1050","0.2231","0.6405"
"170.1250","0.2231","0.6406"
"170.1450","0.2231","0.6406"
"170.1650","0.2231","0.6405"
"170.1850","0.2231","0.6405"
"170.2050","0.2231","0.6405"
"170.2250","0.2231","0.6405"
"170.2450","0.2231","0.6405"
"170.2650","0.2231","0.6406"
"170.2850","0.2231","0.6406"
"170.3050","0.2231","0.6405"
"170.3250","0.2231","0.6405"
"170.3450","0.2231","0.6405"
"170.3650","0.2231","0.6405"
"170.3850","0.2231","0.6406"
"170.4050","0.2231","0.6405"
"170.4250","0.2231","0.6405"
"170.4450","0.2231","0.6405"
"170.4650","0.2231","0.6405"
"170.4850","0.2231","0.6404"
"170.5050","0.2231","0.6404"
"170.5250","0.2231","0.6404"
"170.5450","0.2231","0.6404"
"170.5650","0.2231","0.6405"
"170.5850","0.2231","0.6405"
"170.6050","0.2231","0.6404"
"170.6250","0.2231","0.6404"
"170.6450","0.2231","0.6404"
"170.6650","0.2231","0.6405"
"170.6850","0.2231","0.6405"
"170.7050","0.2231","0.6404"
"170.7250","0.2231","0.6404"
"170.7450","0.2231","0.6405"
"170.7650","0.2231","0.6405"
"170.7850","0.2231","0.6404"
"170.8050","0.2231","0.6404"
"170.8250","0.2231","0.6404"
"170.8450","0.2231","0.6404"
"170.8650","0.2231","0.6403"
"170.8850","0.2231","0.6404"
"170.9050","0.2231","0.6404"
"170.9250","0.2231","0.6403"
"170.9450","0.2231","0.6403"
"170.9650","0.2231","0.6403"
"170.9850","0.2231","0.6403"
"171.0050","0.2231","0.6404"
"171.0250","0.2231","0.6404"
"171.0450","0.2231","0.6404"
"171.0650","0.2231","0.6404"
"171.0850","0.2231","0.6404"
"171.1050","0.2231","0.6404"
"171.1250","0.2231","0.6403"
"171.1450","0.2231","0.6402"
"171.1650","0.2231","0.6402"
"171.1850","0.2231","0.6402"
"171.2050","0.2231","0.6402"
"171.2250","0.2231","0.6402"
"171.2450","0.2231","0.6402"
"171.2650","0.2231","0.6402"
"171.2850","0.2231","0.6403"
"171.3050","0.2231","0.6403"
"171.3250","0.2231","0.6403"
"171.3450","0.2231","0.6404"
"171.3650","0.2231","0.6403"
"171.3850","0.2231","0.6403"
"171.4050","0.2231","0.6403"
"171.4250","0.2231","0.6403"
"171.4450","0.2231","0.6403"
"171.4650","0.2231","0.6402"
"171.4850","0.2231","0.6402"
"171.5050","0.2231","0.6403"
"171.5250","0.2231","0.6402"
"171.5450","0.2231","0.6401"
"171.5650","0.2231","0.6402"
"171.5850","0.2231","0.6402"
"171.6050","0.2231","0.6402"
"171.6250","0.2231","0.6402"
"171.6450","0.2231","0.6402"
"171.6650","0.2231","0.6402"
"171.6850","0.2231","0.6402"
"171.7050","0.2231","0.6401"
"171.7250","0.2231","0.6401"
"171.7450","0.2231","0.6402"
"171.7650","0.2231","0.6402"
"171.7850","0.2231","0.6401"
"171.8050","0.2231","0.6402"
"171.8250","0.2231","0.6402"
"171.8450","0.2231","0.6401"
"171.8650","0.2231","0.6401"
"171.8850","0.2231","0.6402"
"171.9050","0.2231","0.6402"
"171.9250","0.2231","0.6402"
"171.9450","0.2231","0.6403"
"171.9650","0.2231","0.6403"
"171.9850","0.2231","0.6402"
"172.0050","0.2231","0.6402"
"172.0250","0.2231","0.6400"
"172.0450","0.2231","0.6401"
"172.0650","0.2231","0.6401"
"172.0850","0.2231","0.6401"
"172.1050","0.2231","0.6401"
"172.1250","0.2231","0.6402"
"172.1450","0.2231","0.6402"
"172.1650","0.2231","0.6401"
"172.1850","0.2231","0.6401"
"172.2050","0.2231","0.6402"
"172.2250","0.2231","0.6402"
"172.2450","0.2231","0.6402"
"172.2650","0.2231","0.6401"
"172.2850","0.2231","0.6401"
"172.3050","0.2231","0.6400"
"172.3250","0.2231","0.6401"
"172.3450","0.2231","0.6401"
"172.3650","0.2231","0.6400"
"172.3850","0.2231","0.6399"
"172.4050","0.2231","0.6400"
"172.4250","0.2231","0.6400"
"172.4450","0.2231","0.6400"
"172.4650","0.2231","0.6400"
"172.4850","0.2231","0.6400"
"172.5050","0.2231","0.6400"
"172.5250","0.2231","0.6400"
"172.5450","0.2231","0.6401"
"172.5650","0.2231","0.6401"
"172.5850","0.2231","0.6400"
"172.6050","0.2231","0.6401"
"172.6250","0.2231","0.6400"
"172.6450","0.2231","0.6400"
"172.6650","0.2231","0.6400"
"172.6850","0.2231","0.6400"
"172.7050","0.2231","0.6400"
"172.7250","0.2231","0.6400"
"172.7450","0.2231","0.6399"
"172.7650","0.2231","0.6399"
"172.7850","0.2231","0.6399"
"172.8050","0.2231","0.6399"
"172.8250","0.2231","0.6400"
"172.8450","0.2231","0.6400"
"172.8650","0.2231","0.6400"
"172.8850","0.2231","0.6400"
"172.9050","0.2231","0.6400"
"172.9250","0.2231","0.6400"
"172.9450","0.2231","0.6400"
"172.9650","0.2231","0.6399"
"172.9850","0.2231","0.6398"
"173.0050","0.2231","0.6398"
"173.0250","0.2231","0.6399"
"173.0450","0.2231","0.6400"
"173.0650","0.2231","0.6399"
"173.0850","0.2231","0.6398"
"173.1050","0.2231","0.6399"
"173.1250","0.2231","0.6400"
"173.1450","0.2231","0.6400"
"173.1650","0.2231","0.6399"
"173.1850","0.2231","0.6399"
"173.2050","0.2231","0.6400"
"173.2250","0.2231","0.6399"
"173.2450","0.2231","0.6399"
"173.2650","0.2231","0.6398"
"173.2850","0.2231","0.6398"
"173.3050","0.2231","0.6399"
"173.3250","0.2231","0.6399"
"173.3450","0.2231","0.6398"
"173.3650","0.2231","0.6398"
"173.3850","0.2231","0.6398"
"173.4050","0.2231","0.6398"
"173.4250","0.2231","0.6399"
"173.4450","0.2231","0.6399"
"173.4650","0.2231","0.6398"
"173.4850","0.2231","0.6398"
"173.5050","0.2231","0.6398"
"173.5250","0.2231","0.6398"
"173.5450","0.2231","0.6397"
"173.5650","0.2231","0.6398"
"173.5850","0.2231","0.6399"
"173.6050","0.2231","0.6399"
"173.6250","0.2231","0.6399"
"173.6450","0.2231","0.6398"
"173.6650","0.2231","0.6399"
"173.6850","0.2231","0.6399"
"173.7050","0.2231","0.6398"
"173.7250","0.2231","0.6397"
"173.7450","0.2231","0.6397"
"173.7650","0.2231","0.6397"
"173.7850","0.2231","0.6398"
"173.8050","0.2231","0.6398"
"173.8250","0.2231","0.6397"
"173.8450","0.2231","0.6397"
"173.8650","0.2231","0.6398"
"173.8850","0.2231","0.6398"
"173.9050","0.2231","0.6398"
"173.9250","0.2231","0.6398"
"173.9450","0.2231","0.6397"
"173.9650","0.2231","0.6397"
"173.9850","0.2231","0.6397"
"174.0050","0.2231","0.6397"
"174.0250","0.2231","0.6398"
"174.0450","0.2231","0.6397"
"174.0650","0.2231","0.6397"
"174.0850","0.2231","0.6397"
"174.1050","0.2231","0.6397"
"174.1250","0.2231","0.6397"
"174.1450","0.2231","0.6397"
"174.1650","0.2231","0.6397"
"174.1850","0.2231","0.6396"
"174.2050","0.2231","0.6396"
"174.2250","0.2231","0.6396"
"174.2450","0.2231","0.6396"
"174.2650","0.2231","0.6396"
"174.2850","0.2231","0.6397"
"174.3050","0.2231","0.6397"
"174.3250","0.2231","0.6397"
"174.3450","0.2231","0.6397"
"174.3650","0.2231","0.6397"
"174.3850","0.2231","0.6397"
"174.4050","0.2231","0.6396"
"174.4250","0.2231","0.6395"
"174.4450","0.2231","0.6396"
"174.4650","0.2231","0.6396"
"174.4850","0.2231","0.6397"
"174.5050","0.2231","0.6396"
"174.5250","0.2231","0.6395"
"174.5450","0.2231","0.6395"
"174.5650","0.2231","0.6395"
"174.5850","0.2231","0.6396"
"174.6050","0.2231","0.6396"
"174.6250","0.2231","0.6396"
"174.6450","0.2231","0.6396"
"174.6650","0.2231","0.6396"
"174.6850","0.2231","0.6396"
"174.7050","0.2231","0.6396"
"174.7250","0.2231","0.6395"
"174.7450","0.2231","0.6395"
"174.7650","0.2231","0.6395"
"174.7850","0.2231","0.6395"
"174.8050","0.2231","0.6395"
"174.8250","0.2231","0.6396"
"174.8450","0.2231","0.6396"
"174.8650","0.2231","0.6396"
"174.8850","0.2231","0.6395"
"174.9050","0.2231","0.6395"
"174.9250","0.2231","0.6394"
"174.9450","0.2231","0.6394"
"174.9650","0.2231","0.6394"
"174.9850","0.2231","0.6395"
"175.0050","0.2231","0.6396"
"175.0250","0.2231","0.6395"
"175.0450","0.2231","0.6394"
"175.0650","0.2231","0.6394"
"175.0850","0.2231","0.6395"
"175.1050","0.2231","0.6396"
"175.1250","0.2231","0.6396"
"175.1450","0.2231","0.6397"
"175.1650","0.2231","0.6396"
"175.1850","0.2231","0.6395"
"175.2050","0.2231","0.6394"
"175.2250","0.2231","0.6394"
"175.2450","0.2231","0.6394"
"175.2650","0.2231","0.6394"
"175.2850","0.2231","0.6395"
"175.3050","0.2231","0.6394"
"175.3250","0.2231","0.6394"
"175.3450","0.2231","0.6394"
"175.3650","0.2231","0.6394"
"175.3850","0.2231","0.6394"
"175.4050","0.2231","0.6394"
"175.4250","0.2231","0.6395"
"175.4450","0.2231","0.6395"
"175.4650","0.2231","0.6394"
"175.4850","0.2231","0.6394"
"175.5050","0.2231","0.6394"
"175.5250","0.2231","0.6394"
"175.5450","0.2231","0.6393"
"175.5650","0.2231","0.6393"
"175.5850","0.2231","0.6394"
"175.6050","0.2231","0.6394"
"175.6250","0.2231","0.6394"
"175.6450","0.2231","0.6394"
"175.6650","0.2231","0.6394"
"175.6850","0.2231","0.6394"
"175.7050","0.2231","0.6394"
"175.7250","0.2231","0.6393"
"175.7450","0.2231","0.6393"
"175.7650","0.2231","0.6394"
"175.7850","0.2231","0.6393"
"175.8050","0.2231","0.6394"
"175.8250","0.2231","0.6394"
"175.8450","0.2231","0.6394"
"175.8650","0.2231","0.6394"
"175.8850","0.2231","0.6393"
"175.9050","0.2231","0.6394"
"175.9250","0.2231","0.6394"
"175.9450","0.2231","0.6394"
"175.9650","0.2231","0.6394"
"175.9850","0.2231","0.6393"
"176.0050","0.2231","0.6392"
"176.0250","0.2231","0.6393"
"176.0450","0.2231","0.6393"
"176.0650","0.2231","0.6393"
"176.0850","0.2231","0.6392"
"176.1050","0.2231","0.6392"
"176.1250","0.2231","0.6393"
"176.1450","0.2231","0.6393"
"176.1650","0.2231","0.6393"
"176.1850","0.2231","0.6393"
"176.2050","0.2231","0.6392"
"176.2250","0.2231","0.6392"
"176.2450","0.2231","0.6392"
"176.2650","0.2231","0.6392"
"176.2850","0.2231","0.6393"
"176.3050","0.2231","0.6393"
"176.3250","0.2231","0.6393"
"176.3450","0.2231","0.6393"
"176.3650","0.2231","0.6393"
"176.3850","0.2231","0.6393"
"176.4050","0.2231","0.6393"
"176.4250","0.2231","0.6393"
"176.4450","0.2231","0.6393"
"176.4650","0.2231","0.6392"
"176.4850","0.2231","0.6392"
"176.5050","0.2231","0.6392"
"176.5250","0.2231","0.6392"
"176.5450","0.2231","0.6392"
"176.5650","0.2231","0.6392"
"176.5850","0.2231","0.6392"
"176.6050","0.2231","0.6393"
"176.6250","0.2231","0.6392"
"176.6450","0.2231","0.6391"
"176.6650","0.2231","0.6391"
"176.6850","0.2231","0.6392"
"176.7050","0.2231","0.6391"
"176.7250","0.2231","0.6391"
"176.7450","0.2231","0.6391"
"176.7650","0.2231","0.6391"
"176.7850","0.2231","0.6391"
"176.8050","0.2231","0.6391"
"176.8250","0.2231","0.6391"
"176.8450","0.2231","0.6391"
"176.8650","0.2231","0.6391"
"176.8850","0.2231","0.6391"
"176.9050","0.2231","0.6391"
"176.9250","0.2231","0.6391"
"176.9450","0.2231","0.6392"
"176.9650","0.2231","0.6392"
"176.9850","0.2231","0.6391"
"177.0050","0.2231","0.6391"
"177.0250","0.2231","0.6391"
"177.0450","0.2231","0.6391"
"177.0650","0.2231","0.6391"
"177.0850","0.2231","0.6390"
"177.1050","0.2231","0.6390"
"177.1250","0.2231","0.6391"
"177.1450","0.2231","0.6391"
"177.1650","0.2231","0.6391"
"177.1850","0.2231","0.6391"
"177.2050","0.2231","0.6390"
"177.2250","0.2231","0.6390"
"177.2450","0.2231","0.6391"
"177.2650","0.2231","0.6391"
"177.2850","0.2231","0.6391"
"177.3050","0.2231","0.6390"
"177.3250","0.2231","0.6390"
"177.3450","0.2231","0.6390"
"177.3650","0.2231","0.6390"
"177.3850","0.2231","0.6390"
"177.4050","0.2231","0.6390"
"177.4250","0.2231","0.6390"
"177.4450","0.2231","0.6390"
"177.4650","0.2231","0.6389"
"177.4850","0.2231","0.6390"
"177.5050","0.2231","0.6390"
"177.5250","0.2231","0.6390"
"177.5450","0.2231","0.6390"
"177.5650","0.2231","0.6390"
"177.5850","0.2231","0.6389"
"177.6050","0.2231","0.6390"
"177.6250","0.2231","0.6390"
"177.6450","0.2231","0.6389"
"177.6650","0.2231","0.6389"
"177.6850","0.2231","0.6390"
"177.7050","0.2231","0.6389"
"177.7250","0.2231","0.6389"
"177.7450","0.2231","0.6389"
"177.7650","0.2231","0.6389"
"177.7850","0.2231","0.6389"
"177.8050","0.2231","0.6389"
"177.8250","0.2231","0.6389"
"177.8450","0.2231","0.6389"
"177.8650","0.2231","0.6389"
"177.8850","0.2231","0.6389"
"177.9050","0.2231","0.6389"
"177.9250","0.2231","0.6388"
"177.9450","0.2231","0.6388"
"177.9650","0.2231","0.6389"
"177.9850","0.2231","0.6389"
"178.0050","0.2231","0.6389"
"178.0250","0.2231","0.6388"
"178.0450","0.2231","0.6388"
"178.0650","0.2231","0.6388"
"178.0850","0.2231","0.6389"
"178.1050","0.2231","0.6389"
"178.1250","0.2231","0.6389"
"178.1450","0.2231","0.6388"
"178.1650","0.2231","0.6389"
"178.1850","0.2231","0.6389"
"178.2050","0.2231","0.6389"
"178.2250","0.2231","0.6389"
"178.2450","0.2231","0.6388"
"178.2650","0.2231","0.6388"
"178.2850","0.2231","0.6388"
"178.3050","0.2231","0.6389"
"178.3250","0.2231","0.6389"
"178.3450","0.2231","0.6388"
"178.3650","0.2231","0.6388"
"178.3850","0.2231","0.6387"
"178.4050","0.2231","0.6388"
"178.4250","0.2231","0.6388"
"178.4450","0.2231","0.6388"
"178.4650","0.2231","0.6389"
"178.4850","0.2231","0.6388"
"178.5050","0.2231","0.6387"
"178.5250","0.2231","0.6386"
"178.5450","0.2231","0.6387"
"178.5650","0.2231","0.6387"
"178.5850","0.2231","0.6387"
"178.6050","0.2231","0.6387"
"178.6250","0.2231","0.6387"
"178.6450","0.2231","0.6387"
"178.6650","0.2231","0.6387"
"178.6850","0.2231","0.6387"
"178.7050","0.2231","0.6387"
"178.7250","0.2231","0.6388"
"178.7450","0.2231","0.6387"
"178.7650","0.2231","0.6386"
"178.7850","0.2231","0.6387"
"178.8050","0.2231","0.6387"
"178.8250","0.2231","0.6387"
"178.8450","0.2231","0.6387"
"178.8650","0.2231","0.6388"
"178.8850","0.2231","0.6388"
"178.9050","0.2231","0.6387"
"178.9250","0.2231","0.6387"
"178.9450","0.2231","0.6387"
"178.9650","0.2231","0.6386"
"178.9850","0.2231","0.6387"
"179.0050","0.2231","0.6386"
"179.0250","0.2231","0.6386"
"179.0450","0.2231","0.6387"
"179.0650","0.2231","0.6387"
"179.0850","0.2231","0.6387"
"179.1050","0.2231","0.6387"
"179.1250","0.2231","0.6387"
"179.1450","0.2231","0.6387"
"179.1650","0.2231","0.6386"
"179.1850","0.2231","0.6386"
"179.2050","0.2231","0.6387"
"179.2250","0.2231","0.6387"
"179.2450","0.2231","0.6386"
"179.2650","0.2231","0.6385"
"179.2850","0.2231","0.6386"
"179.3050","0.2231","0.6386"
"179.3250","0.2231","0.6385"
"179.3450","0.2231","0.6386"
"179.3650","0.2231","0.6386"
"179.3850","0.2231","0.6386"
"179.4050","0.2231","0.6386"
"179.4250","0.2231","0.6386"
"179.4450","0.2231","0.6385"
"179.4650","0.2231","0.6385"
"179.4850","0.2231","0.6386"
"179.5050","0.2231","0.6385"
"179.5250","0.2231","0.6386"
"179.5450","0.2231","0.6386"
"179.5650","0.2231","0.6386"
"179.5850","0.2231","0.6386"
"179.6050","0.2231","0.6384"
"179.6250","0.2231","0.6384"
"179.6450","0.2231","0.6385"
"179.6650","0.2231","0.6385"
"179.6850","0.2231","0.6385"
"179.7050","0.2231","0.6385"
"179.7250","0.2231","0.6385"
"179.7450","0.2231","0.6384"
"179.7650","0.2231","0.6384"
"179.7850","0.2231","0.6384"
"179.8050","0.2231","0.6385"
"179.8250","0.2231","0.6385"
"179.8450","0.2231","0.6385"
"179.8650","0.2231","0.6385"
"179.8850","0.2231","0.6385"
"179.9050","0.2231","0.6385"
"179.9250","0.2231","0.6385"
"179.9450","0.2231","0.6385"
"179.9650","0.2231","0.6385"
"179.9850","0.2231","0.6384"
"180.0050","0.2231","0.6385"
"180.0250","0.2231","0.6384"
"180.0450","0.2231","0.6385"
"180.0650","0.2231","0.6385"
"180.0850","0.2231","0.6386"
"180.1050","0.2231","0.6386"
"180.1250","0.2231","0.6385"
"180.1450","0.2231","0.6385"
"180.1650","0.2231","0.6384"
"180.1850","0.2231","0.6384"
"180.2050","0.2231","0.6383"
"180.2250","0.2231","0.6383"
"180.2450","0.2231","0.6383"
"180.2650","0.2231","0.6383"
"180.2850","0.2231","0.6384"
"180.3050","0.2231","0.6384"
"180.3250","0.2231","0.6384"
"180.3450","0.2231","0.6385"
"180.3650","0.2231","0.6384"
"180.3850","0.2231","0.6383"
"180.4050","0.2231","0.6383"
"180.4250","0.2231","0.6383"
"180.4450","0.2231","0.6383"
"180.4650","0.2231","0.6384"
"180.4850","0.2231","0.6384"
"180.5050","0.2231","0.6384"
"180.5250","0.2231","0.6383"
"180.5450","0.2231","0.6383"
"180.5650","0.2231","0.6384"
"180.5850","0.2231","0.6384"
"180.6050","0.2231","0.6384"
"180.6250","0.2231","0.6384"
"180.6450","0.2231","0.6383"
"180.6650","0.2231","0.6383"
"180.6850","0.2231","0.6383"
"180.7050","0.2231","0.6383"
"180.7250","0.2231","0.6382"
"180.7450","0.2231","0.6383"
"180.7650","0.2231","0.6383"
"180.7850","0.2231","0.6383"
"180.8050","0.2231","0.6384"
"180.8250","0.2231","0.6384"
"180.8450","0.2231","0.6383"
"180.8650","0.2231","0.6383"
"180.8850","0.2231","0.6383"
"180.9050","0.2231","0.6382"
"180.9250","0.2231","0.6382"
"180.9450","0.2231","0.6382"
"180.9650","0.2231","0.6382"
"180.9850","0.2231","0.6382"
"181.0050","0.2231","0.6383"
"181.0250","0.2231","0.6383"
"181.0450","0.2231","0.6383"
"181.0650","0.2231","0.6382"
"181.0850","0.2231","0.6383"
"181.1050","0.2231","0.6383"
"181.1250","0.2231","0.6382"
"181.1450","0.2231","0.6382"
"181.1650","0.2231","0.6381"
"181.1850","0.2231","0.6381"
"181.2050","0.2231","0.6381"
"181.2250","0.2231","0.6382"
"181.2450","0.2231","0.6382"
"181.2650","0.2231","0.6382"
"181.2850","0.2231","0.6382"
"181.3050","0.2231","0.6382"
"181.3250","0.2231","0.6381"
"181.3450","0.2231","0.6382"
"181.3650","0.2231","0.6383"
"181.3850","0.2231","0.6383"
"181.4050","0.2231","0.6383"
"181.4250","0.2231","0.6382"
"181.4450","0.2231","0.6382"
"181.4650","0.2231","0.6382"
"181.4850","0.2231","0.6381"
"181.5050","0.2231","0.6381"
"181.5250","0.2231","0.6382"
"181.5450","0.2231","0.6382"
"181.5650","0.2231","0.6382"
"181.5850","0.2231","0.6382"
"181.6050","0.2231","0.6382"
"181.6250","0.2231","0.6381"
"181.6450","0.2231","0.6380"
"181.6650","0.2231","0.6382"
"181.6850","0.2231","0.6381"
"181.7050","0.2231","0.6381"
"181.7250","0.2231","0.6381"
"181.7450","0.2231","0.6381"
"181.7650","0.2231","0.6381"
"181.7850","0.2231","0.6381"
"181.8050","0.2231","0.6381"
"181.8250","0.2231","0.6381"
"181.8450","0.2231","0.6381"
"181.8650","0.2231","0.6381"
"181.8850","0.2231","0.6381"
"181.9050","0.2231","0.6381"
"181.9250","0.2231","0.6380"
"181.9450","0.2231","0.6380"
"181.9650","0.2231","0.6381"
"181.9850","0.2231","0.6380"
"182.0050","0.2231","0.6380"
"182.0250","0.2231","0.6381"
"182.0450","0.2231","0.6381"
"182.0650","0.2231","0.6381"
"182.0850","0.2231","0.6381"
"182.1050","0.2231","0.6381"
"182.1250","0.2231","0.6381"
"182.1450","0.2231","0.6381"
"182.1650","0.2231","0.6381"
"182.1850","0.2231","0.6380"
"182.2050","0.2231","0.6380"
"182.2250","0.2231","0.6380"
"182.2450","0.2231","0.6380"
"182.2650","0.2231","0.6379"
"182.2850","0.2231","0.6379"
"182.3050","0.2231","0.6379"
"182.3250","0.2231","0.6380"
"182.3450","0.2231","0.6380"
"182.3650","0.2231","0.6379"
"182.3850","0.2231","0.6379"
"182.4050","0.2231","0.6380"
"182.4250","0.2231","0.6380"
"182.4450","0.2231","0.6380"
"182.4650","0.2231","0.6379"
"182.4850","0.2231","0.6380"
"182.5050","0.2231","0.6380"
"182.5250","0.2231","0.6380"
"182.5450","0.2231","0.6380"
"182.5650","0.2231","0.6380"
"182.5850","0.2231","0.6381"
"182.6050","0.2231","0.6380"
"182.6250","0.2231","0.6380"
"182.6450","0.2231","0.6380"
"182.6650","0.2231","0.6379"
"182.6850","0.2231","0.6380"
"182.7050","0.2231","0.6379"
"182.7250","0.2231","0.6379"
"182.7450","0.2231","0.6379"
"182.7650","0.2231","0.6378"
"182.7850","0.2231","0.6379"
"182.8050","0.2231","0.6380"
"182.8250","0.2231","0.6380"
"182.8450","0.2231","0.6380"
"182.8650","0.2231","0.6379"
"182.8850","0.2231","0.6379"
"182.9050","0.2231","0.6380"
"182.9250","0.2231","0.6378"
"182.9450","0.2231","0.6378"
"182.9650","0.2231","0.6379"
"182.9850","0.2231","0.6379"
"183.0050","0.2231","0.6378"
"183.0250","0.2231","0.6378"
"183.0450","0.2231","0.6379"
"183.0650","0.2231","0.6379"
"183.0850","0.2231","0.6379"
"183.1050","0.2231","0.6380"
"183.1250","0.2231","0.6380"
"183.1450","0.2231","0.6379"
"183.1650","0.2231","0.6378"
"183.1850","0.2231","0.6378"
"183.2050","0.2231","0.6378"
"183.2250","0.2231","0.6378"
"183.2450","0.2231","0.6378"
"183.2650","0.2231","0.6378"
"183.2850","0.2231","0.6378"
"183.3050","0.2231","0.6378"
"183.3250","0.2231","0.6378"
"183.3450","0.2231","0.6378"
"183.3650","0.2231","0.6378"
"183.3850","0.2231","0.6377"
"183.4050","0.2231","0.6378"
"183.4250","0.2231","0.6378"
"183.4450","0.2231","0.6378"
"183.4650","0.2231","0.6378"
"183.4850","0.2231","0.6378"
"183.5050","0.2231","0.6378"
"183.5250","0.2231","0.6378"
"183.5450","0.2231","0.6378"
"183.5650","0.2231","0.6377"
"183.5850","0.2231","0.6377"
"183.6050","0.2231","0.6378"
"183.6250","0.2231","0.6377"
"183.6450","0.2231","0.6377"
"183.6650","0.2231","0.6378"
"183.6850","0.2231","0.6377"
"183.7050","0.2231","0.6376"
"183.7250","0.2231","0.6377"
"183.7450","0.2231","0.6377"
"183.7650","0.2231","0.6377"
"183.7850","0.2231","0.6376"
"183.8050","0.2231","0.6377"
"183.8250","0.2231","0.6377"
"183.8450","0.2231","0.6376"
"183.8650","0.2231","0.6376"
"183.8850","0.2231","0.6376"
"183.9050","0.2231","0.6377"
"183.9250","0.2231","0.6377"
"183.9450","0.2231","0.6376"
"183.9650","0.2231","0.6376"
"183.9850","0.2231","0.6376"
"184.0050","0.2231","0.6377"
"184.0250","0.2231","0.6377"
"184.0450","0.2231","0.6377"
"184.0650","0.2231","0.6377"
"184.0850","0.2231","0.6377"
"184.1050","0.2231","0.6377"
"184.1250","0.2231","0.6377"
"184.1450","0.2231","0.6377"
"184.1650","0.2231","0.6376"
"184.1850","0.2231","0.6375"
"184.2050","0.2231","0.6375"
"184.2250","0.2231","0.6376"
"184.2450","0.2231","0.6377"
"184.2650","0.2231","0.6376"
"184.2850","0.2231","0.6377"
"184.3050","0.2231","0.6376"
"184.3250","0.2231","0.6377"
"184.3450","0.2231","0.6376"
"184.3650","0.2231","0.6375"
"184.3850","0.2231","0.6375"
"184.4050","0.2231","0.6376"
"184.4250","0.2231","0.6376"
"184.4450","0.2231","0.6375"
"184.4650","0.2231","0.6375"
"184.4850","0.2231","0.6376"
"184.5050","0.2231","0.6376"
"184.5250","0.2231","0.6376"
"184.5450","0.2231","0.6376"
"184.5650","0.2231","0.6376"
"184.5850","0.2231","0.6375"
"184.6050","0.2231","0.6375"
"184.6250","0.2231","0.6375"
"184.6450","0.2231","0.6375"
"184.6650","0.2231","0.6375"
"184.6850","0.2231","0.6374"
"184.7050","0.2231","0.6374"
"184.7250","0.2231","0.6374"
"184.7450","0.2231","0.6375"
"184.7650","0.2231","0.6375"
"184.7850","0.2231","0.6375"
"184.8050","0.2231","0.6374"
"184.8250","0.2231","0.6374"
"184.8450","0.2231","0.6375"
"184.8650","0.2231","0.6375"
"184.8850","0.2231","0.6374"
"184.9050","0.2231","0.6374"
"184.9250","0.2231","0.6375"
"184.9450","0.2231","0.6376"
"184.9650","0.2231","0.6375"
"184.9850","0.2231","0.6375"
"185.0050","0.2231","0.6375"
"185.0250","0.2231","0.6375"
"185.0450","0.2231","0.6374"
"185.0650","0.2231","0.6374"
"185.0850","0.2231","0.6374"
"185.1050","0.2231","0.6374"
"185.1250","0.2231","0.6374"
"185.1450","0.2231","0.6375"
"185.1650","0.2231","0.6374"
"185.1850","0.2231","0.6374"
"185.2050","0.2231","0.6374"
"185.2250","0.2231","0.6374"
"185.2450","0.2231","0.6374"
"185.2650","0.2231","0.6374"
"185.2850","0.2231","0.6374"
"185.3050","0.2231","0.6374"
"185.3250","0.2231","0.6374"
"185.3450","0.2231","0.6374"
"185.3650","0.2231","0.6373"
"185.3850","0.2231","0.6374"
"185.4050","0.2231","0.6374"
"185.4250","0.2231","0.6375"
"185.4450","0.2231","0.6374"
"185.4650","0.2231","0.6373"
"185.4850","0.2231","0.6373"
"185.5050","0.2231","0.6373"
"185.5250","0.2231","0.6374"
"185.5450","0.2231","0.6374"
"185.5650","0.2231","0.6373"
"185.5850","0.2231","0.6373"
"185.6050","0.2231","0.6374"
"185.6250","0.2231","0.6374"
"185.6450","0.2231","0.6373"
"185.6650","0.2231","0.6374"
"185.6850","0.2231","0.6373"
"185.7050","0.2231","0.6374"
"185.7250","0.2231","0.6373"
"185.7450","0.2231","0.6373"
"185.7650","0.2231","0.6373"
"185.7850","0.2231","0.6373"
"185.8050","0.2231","0.6373"
"185.8250","0.2231","0.6373"
"185.8450","0.2231","0.6374"
"185.8650","0.2231","0.6374"
"185.8850","0.2231","0.6373"
"185.9050","0.2231","0.6374"
"185.9250","0.2231","0.6373"
"185.9450","0.2231","0.6373"
"185.9650","0.2231","0.6373"
"185.9850","0.2231","0.6372"
"186.0050","0.2231","0.6372"
"186.0250","0.2231","0.6373"
"186.0450","0.2231","0.6372"
"186.0650","0.2231","0.6372"
"186.0850","0.2231","0.6373"
"186.1050","0.2231","0.6373"
"186.1250","0.2231","0.6373"
"186.1450","0.2231","0.6373"
"186.1650","0.2231","0.6373"
"186.1850","0.2231","0.6373"
"186.2050","0.2231","0.6373"
"186.2250","0.2231","0.6373"
"186.2450","0.2231","0.6372"
"186.2650","0.2231","0.6371"
"186.2850","0.2231","0.6371"
"186.3050","0.2231","0.6372"
"186.3250","0.2231","0.6372"
"186.3450","0.2231","0.6373"
"186.3650","0.2231","0.6373"
"186.3850","0.2231","0.6373"
"186.4050","0.2231","0.6372"
"186.4250","0.2231","0.6372"
"186.4450","0.2231","0.6372"
"186.4650","0.2231","0.6372"
"186.4850","0.2231","0.6373"
"186.5050","0.2231","0.6373"
"186.5250","0.2231","0.6373"
"186.5450","0.2231","0.6373"
"186.5650","0.2231","0.6372"
"186.5850","0.2231","0.6372"
"186.6050","0.2231","0.6372"
"186.6250","0.2231","0.6372"
"186.6450","0.2231","0.6372"
"186.6650","0.2231","0.6372"
"186.6850","0.2231","0.6372"
"186.7050","0.2231","0.6372"
"186.7250","0.2231","0.6372"
"186.7450","0.2231","0.6372"
"186.7650","0.2231","0.6371"
"186.7850","0.2231","0.6370"
"186.8050","0.2231","0.6370"
"186.8250","0.2231","0.6371"
"186.8450","0.2231","0.6371"
"186.8650","0.2231","0.6371"
"186.8850","0.2231","0.6371"
"186.9050","0.2231","0.6371"
"186.9250","0.2231","0.6372"
"186.9450","0.2231","0.6372"
"186.9650","0.2231","0.6371"
"186.9850","0.2231","0.6371"
"187.0050","0.2231","0.6371"
"187.0250","0.2231","0.6370"
"187.0450","0.2231","0.6370"
"187.0650","0.2231","0.6370"
"187.0850","0.2231","0.6370"
"187.1050","0.2231","0.6370"
"187.1250","0.2231","0.6371"
"187.1450","0.2231","0.6371"
"187.1650","0.2231","0.6371"
"187.1850","0.2231","0.6371"
"187.2050","0.2231","0.6371"
"187.2250","0.2231","0.6370"
"187.2450","0.2231","0.6370"
"187.2650","0.2231","0.6370"
"187.2850","0.2231","0.6370"
"187.3050","0.2231","0.6370"
"187.3250","0.2231","0.6370"
"187.3450","0.2231","0.6370"
"187.3650","0.2231","0.6370"
"187.3850","0.2231","0.6370"
"187.4050","0.2231","0.6370"
"187.4250","0.2231","0.6370"
"187.4450","0.2231","0.6370"
"187.4650","0.2231","0.6370"
"187.4850","0.2231","0.6370"
"187.5050","0.2231","0.6370"
"187.5250","0.2231","0.6371"
"187.5450","0.2231","0.6370"
"187.5650","0.2231","0.6369"
"187.5850","0.2231","0.6370"
"187.6050","0.2231","0.6371"
"187.6250","0.2231","0.6371"
"187.6450","0.2231","0.6370"
"187.6650","0.2231","0.6370"
"187.6850","0.2231","0.6369"
"187.7050","0.2231","0.6369"
"187.7250","0.2231","0.6369"
"187.7450","0.2231","0.6369"
"187.7650","0.2231","0.6369"
"187.7850","0.2231","0.6370"
"187.8050","0.2231","0.6370"
"187.8250","0.2231","0.6370"
"187.8450","0.2231","0.6370"
"187.8650","0.2231","0.6369"
"187.8850","0.2231","0.6369"
"187.9050","0.2231","0.6370"
"187.9250","0.2231","0.6369"
"187.9450","0.2231","0.6368"
"187.9650","0.2231","0.6369"
"187.9850","0.2231","0.6369"
"188.0050","0.2231","0.6369"
"188.0250","0.2231","0.6368"
"188.0450","0.2231","0.6369"
"188.0650","0.2231","0.6370"
"188.0850","0.2231","0.6369"
"188.1050","0.2231","0.6369"
"188.1250","0.2231","0.6369"
"188.1450","0.2231","0.6369"
"188.1650","0.2231","0.6368"
"188.1850","0.2231","0.6368"
"188.2050","0.2231","0.6368"
"188.2250","0.2231","0.6369"
"188.2450","0.2231","0.6369"
"188.2650","0.2231","0.6369"
"188.2850","0.2231","0.6368"
"188.3050","0.2231","0.6368"
"188.3250","0.2231","0.6368"
"188.3450","0.2231","0.6368"
"188.3650","0.2231","0.6369"
"188.3850","0.2231","0.6368"
"188.4050","0.2231","0.6368"
"188.4250","0.2231","0.6368"
"188.4450","0.2231","0.6369"
"188.4650","0.2231","0.6368"
"188.4850","0.2231","0.6368"
"188.5050","0.2231","0.6368"
"188.5250","0.2231","0.6369"
"188.5450","0.2231","0.6369"
"188.5650","0.2231","0.6368"
"188.5850","0.2231","0.6368"
"188.6050","0.2231","0.6368"
"188.6250","0.2231","0.6368"
"188.6450","0.2231","0.6367"
"188.6650","0.2231","0.6367"
"188.6850","0.2231","0.6367"
"188.7050","0.2231","0.6367"
"188.7250","0.2231","0.6367"
"188.7450","0.2231","0.6367"
"188.7650","0.2231","0.6368"
"188.7850","0.2231","0.6368"
"188.8050","0.2231","0.6367"
"188.8250","0.2231","0.6368"
"188.8450","0.2231","0.6367"
"188.8650","0.2231","0.6367"
"188.8850","0.2231","0.6367"
"188.9050","0.2231","0.6366"
"188.9250","0.2231","0.6366"
"188.9450","0.2231","0.6366"
"188.9650","0.2231","0.6366"
"188.9850","0.2231","0.6367"
"189.0050","0.2231","0.6367"
"189.0250","0.2231","0.6367"
"189.0450","0.2231","0.6367"
"189.0650","0.2231","0.6367"
"189.0850","0.2231","0.6367"
"189.1050","0.2231","0.6367"
"189.1250","0.2231","0.6366"
"189.1450","0.2231","0.6365"
"189.1650","0.2231","0.6365"
"189.1850","0.2231","0.6366"
"189.2050","0.2231","0.6366"
"189.2250","0.2231","0.6367"
"189.2450","0.2231","0.6367"
"189.2650","0.2231","0.6367"
"189.2850","0.2231","0.6366"
"189.3050","0.2231","0.6366"
"189.3250","0.2231","0.6366"
"189.3450","0.2231","0.6366"
"189.3650","0.2231","0.6365"
"189.3850","0.2231","0.6366"
"189.4050","0.2231","0.6366"
"189.4250","0.2231","0.6366"
"189.4450","0.2231","0.6366"
"189.4650","0.2231","0.6366"
"189.4850","0.2231","0.6365"
"189.5050","0.2231","0.6367"
"189.5250","0.2231","0.6367"
"189.5450","0.2231","0.6367"
"189.5650","0.2231","0.6366"
"189.5850","0.2231","0.6365"
"189.6050","0.2231","0.6365"
"189.6250","0.2231","0.6365"
"189.6450","0.2231","0.6365"
"189.6650","0.2231","0.6365"
"189.6850","0.2231","0.6365"
"189.7050","0.2231","0.6365"
"189.7250","0.2231","0.6365"
"189.7450","0.2231","0.6366"
"189.7650","0.2231","0.6366"
"189.7850","0.2231","0.6365"
"189.8050","0.2231","0.6364"
"189.8250","0.2231","0.6364"
"189.8450","0.2231","0.6365"
"189.8650","0.2231","0.6366"
"189.8850","0.2231","0.6365"
"189.9050","0.2231","0.6365"
"189.9250","0.2231","0.6364"
"189.9450","0.2231","0.6364"
"189.9650","0.2231","0.6365"
"189.9850","0.2231","0.6366"
"190.0050","0.2231","0.6365"
"190.0250","0.2231","0.6365"
"190.0450","0.2231","0.6364"
"190.0650","0.2231","0.6365"
"190.0850","0.2231","0.6365"
"190.1050","0.2231","0.6365"
"190.1250","0.2231","0.6366"
"190.1450","0.2231","0.6365"
"190.1650","0.2231","0.6364"
"190.1850","0.2231","0.6365"
"190.2050","0.2231","0.6365"
"190.2250","0.2231","0.6365"
"190.2450","0.2231","0.6365"
"190.2650","0.2231","0.6364"
"190.2850","0.2231","0.6364"
"190.3050","0.2231","0.6364"
"190.3250","0.2231","0.6365"
"190.3450","0.2231","0.6364"
"190.3650","0.2231","0.6363"
"190.3850","0.2231","0.6364"
"190.4050","0.2231","0.6364"
"190.4250","0.2231","0.6364"
"190.4450","0.2231","0.6365"
"190.4650","0.2231","0.6365"
"190.4850","0.2231","0.6365"
"190.5050","0.2231","0.6364"
"190.5250","0.2231","0.6364"
"190.5450","0.2231","0.6364"
"190.5650","0.2231","0.6364"
"190.5850","0.2231","0.6363"
"190.6050","0.2231","0.6364"
"190.6250","0.2231","0.6364"
"190.6450","0.2231","0.6364"
"190.6650","0.2231","0.6364"
"190.6850","0.2231","0.6364"
"190.7050","0.2231","0.6363"
"190.7250","0.2231","0.6363"
"190.7450","0.2231","0.6364"
"190.7650","0.2231","0.6364"
"190.7850","0.2231","0.6363"
"190.8050","0.2231","0.6363"
"190.8250","0.2231","0.6364"
"190.8450","0.2231","0.6364"
"190.8650","0.2231","0.6364"
"190.8850","0.2231","0.6364"
"190.9050","0.2231","0.6363"
"190.9250","0.2231","0.6364"
"190.9450","0.2231","0.6364"
"190.9650","0.2231","0.6363"
"190.9850","0.2231","0.6363"
"191.0050","0.2231","0.6363"
"191.0250","0.2231","0.6363"
"191.0450","0.2231","0.6363"
"191.0650","0.2231","0.6363"
"191.0850","0.2231","0.6363"
"191.1050","0.2231","0.6362"
"191.1250","0.2231","0.6363"
"191.1450","0.2231","0.6363"
"191.1650","0.2231","0.6363"
"191.1850","0.2231","0.6362"
"191.2050","0.2231","0.6362"
"191.2250","0.2231","0.6363"
"191.2450","0.2231","0.6363"
"191.2650","0.2231","0.6363"
"191.2850","0.2231","0.6363"
"191.3050","0.2231","0.6363"
"191.3250","0.2231","0.6363"
"191.3450","0.2231","0.6362"
"191.3650","0.2231","0.6362"
"191.3850","0.2231","0.6363"
"191.4050","0.2231","0.6363"
"191.4250","0.2231","0.6363"
"191.4450","0.2231","0.6363"
"191.4650","0.2231","0.6362"
"191.4850","0.2231","0.6363"
"191.5050","0.2231","0.6363"
"191.5250","0.2231","0.6363"
"191.5450","0.2231","0.6363"
"191.5650","0.2231","0.6361"
"191.5850","0.2231","0.6361"
"191.6050","0.2231","0.6362"
"191.6250","0.2231","0.6362"
"191.6450","0.2231","0.6362"
"191.6650","0.2231","0.6362"
"191.6850","0.2231","0.6362"
"191.7050","0.2231","0.6361"
"191.7250","0.2231","0.6362"
"191.7450","0.2231","0.6362"
"191.7650","0.2231","0.6362"
"191.7850","0.2231","0.6362"
"191.8050","0.2231","0.6361"
"191.8250","0.2231","0.6361"
"191.8450","0.2231","0.6361"
"191.8650","0.2231","0.6361"
"191.8850","0.2231","0.6361"
"191.9050","0.2231","0.6362"
"191.9250","0.2231","0.6362"
"191.9450","0.2231","0.6362"
"191.9650","0.2231","0.6361"
"191.9850","0.2231","0.6361"
"192.0050","0.2231","0.6360"
"192.0250","0.2231","0.6360"
"192.0450","0.2231","0.6360"
"192.0650","0.2231","0.6361"
"192.0850","0.2231","0.6361"
"192.1050","0.2231","0.6361"
"192.1250","0.2231","0.6362"
"192.1450","0.2231","0.6362"
"192.1650","0.2231","0.6361"
"192.1850","0.2231","0.6360"
"192.2050","0.2231","0.6360"
"192.2250","0.2231","0.6360"
"192.2450","0.2231","0.6361"
"192.2650","0.2231","0.6360"
"192.2850","0.2231","0.6360"
"192.3050","0.2231","0.6360"
"192.3250","0.2231","0.6361"
"192.3450","0.2231","0.6361"
"192.3650","0.2231","0.6361"
"192.3850","0.2231","0.6360"
"192.4050","0.2231","0.6360"
"192.4250","0.2231","0.6361"
"192.4450","0.2231","0.6361"
"192.4650","0.2231","0.6361"
"192.4850","0.2231","0.6361"
"192.5050","0.2231","0.6360"
"192.5250","0.2231","0.6360"
"192.5450","0.2231","0.6360"
"192.5650","0.2231","0.6361"
"192.5850","0.2231","0.6361"
"192.6050","0.2231","0.6361"
"192.6250","0.2231","0.6360"
"192.6450","0.2231","0.6360"
"192.6650","0.2231","0.6360"
"192.6850","0.2231","0.6360"
"192.7050","0.2231","0.6361"
"192.7250","0.2231","0.6360"
"192.7450","0.2231","0.6360"
"192.7650","0.2231","0.6359"
"192.7850","0.2231","0.6359"
"192.8050","0.2231","0.6360"
"192.8250","0.2231","0.6360"
"192.8450","0.2231","0.6360"
"192.8650","0.2231","0.6359"
"192.8850","0.2231","0.6359"
"192.9050","0.2231","0.6360"
"192.9250","0.2231","0.6360"
"192.9450","0.2231","0.6359"
"192.9650","0.2231","0.6359"
"192.9850","0.2231","0.6360"
"193.0050","0.2231","0.6360"
"193.0250","0.2231","0.6360"
"193.0450","0.2231","0.6360"
"193.0650","0.2231","0.6360"
"193.0850","0.2231","0.6360"
"193.1050","0.2231","0.6360"
"193.1250","0.2231","0.6359"
"193.1450","0.2231","0.6359"
"193.1650","0.2231","0.6360"
"193.1850","0.2231","0.6360"
"193.2050","0.2231","0.6359"
"193.2250","0.2231","0.6359"
"193.2450","0.2231","0.6359"
"193.2650","0.2231","0.6360"
"193.2850","0.2231","0.6360"
"193.3050","0.2231","0.6359"
"193.3250","0.2231","0.6358"
"193.3450","0.2231","0.6358"
"193.3650","0.2231","0.6358"
"193.3850","0.2231","0.6358"
"193.4050","0.2231","0.6358"
"193.4250","0.2231","0.6358"
"193.4450","0.2231","0.6357"
"193.4650","0.2231","0.6358"
"193.4850","0.2231","0.6358"
"193.5050","0.2231","0.6358"
"193.5250","0.2231","0.6358"
"193.5450","0.2231","0.6359"
"193.5650","0.2231","0.6358"
"193.5850","0.2231","0.6358"
"193.6050","0.2231","0.6358"
"193.6250","0.2231","0.6359"
"193.6450","0.2231","0.6359"
"193.6650","0.2231","0.6358"
"193.6850","0.2231","0.6358"
"193.7050","0.2231","0.6358"
"193.7250","0.2231","0.6358"
"193.7450","0.2231","0.6358"
"193.7650","0.2231","0.6358"
"193.7850","0.2231","0.6358"
"193.8050","0.2231","0.6358"
"193.8250","0.2231","0.6359"
"193.8450","0.2231","0.6359"
"193.8650","0.2231","0.6358"
"193.8850","0.2231","0.6358"
"193.9050","0.2231","0.6357"
"193.9250","0.2231","0.6357"
"193.9450","0.2231","0.6356"
"193.9650","0.2231","0.6356"
"193.9850","0.2231","0.6358"
"194.0050","0.2231","0.6359"
"194.0250","0.2231","0.6358"
"194.0450","0.2231","0.6358"
"194.0650","0.2231","0.6357"
"194.0850","0.2231","0.6357"
"194.1050","0.2231","0.6357"
"194.1250","0.2231","0.6357"
"194.1450","0.2231","0.6357"
"194.1650","0.2231","0.6357"
"194.1850","0.2231","0.6357"
"194.2050","0.2231","0.6357"
"194.2250","0.2231","0.6357"
"194.2450","0.2231","0.6357"
"194.2650","0.2231","0.6357"
"194.2850","0.2231","0.6357"
"194.3050","0.2231","0.6358"
"194.3250","0.2231","0.6358"
"194.3450","0.2231","0.6357"
"194.3650","0.2231","0.6357"
"194.3850","0.2231","0.6357"
"194.4050","0.2231","0.6357"
"194.4250","0.2231","0.6357"
"194.4450","0.2231","0.6358"
"194.4650","0.2231","0.6358"
"194.4850","0.2231","0.6357"
"194.5050","0.2231","0.6356"
"194.5250","0.2231","0.6357"
"194.5450","0.2231","0.6357"
"194.5650","0.2231","0.6357"
"194.5850","0.2231","0.6357"
"194.6050","0.2231","0.6357"
"194.6250","0.2231","0.6356"
"194.6450","0.2231","0.6356"
"194.6650","0.2231","0.6357"
"194.6850","0.2231","0.6357"
"194.7050","0.2231","0.6356"
"194.7250","0.2231","0.6356"
"194.7450","0.2231","0.6356"
"194.7650","0.2231","0.6356"
"194.7850","0.2231","0.6355"
"194.8050","0.2231","0.6355"
"194.8250","0.2231","0.6355"
"194.8450","0.2231","0.6355"
"194.8650","0.2231","0.6355"
"194.8850","0.2231","0.6356"
"194.9050","0.2231","0.6355"
"194.9250","0.2231","0.6356"
"194.9450","0.2231","0.6355"
"194.9650","0.2231","0.6356"
"194.9850","0.2231","0.6356"
"195.0050","0.2231","0.6355"
"195.0250","0.2231","0.6355"
"195.0450","0.2231","0.6355"
"195.0650","0.2231","0.6355"
"195.0850","0.2231","0.6355"
"195.1050","0.2231","0.6355"
"195.1250","0.2231","0.6354"
"195.1450","0.2231","0.6355"
"195.1650","0.2231","0.6356"
"195.1850","0.2231","0.6355"
"195.2050","0.2231","0.6355"
"195.2250","0.2231","0.6355"
"195.2450","0.2231","0.6355"
"195.2650","0.2231","0.6356"
"195.2850","0.2231","0.6355"
"195.3050","0.2231","0.6356"
"195.3250","0.2231","0.6356"
"195.3450","0.2231","0.6355"
"195.3650","0.2231","0.6354"
"195.3850","0.2231","0.6354"
"195.4050","0.2231","0.6354"
"195.4250","0.2231","0.6355"
"195.4450","0.2231","0.6355"
"195.4650","0.2231","0.6354"
"195.4850","0.2231","0.6355"
"195.5050","0.2231","0.6355"
"195.5250","0.2231","0.6355"
"195.5450","0.2231","0.6355"
"195.5650","0.2231","0.6355"
"195.5850","0.2231","0.6355"
"195.6050","0.2231","0.6354"
"195.6250","0.2231","0.6354"
"195.6450","0.2231","0.6354"
"195.6650","0.2231","0.6354"
"195.6850","0.2231","0.6355"
"195.7050","0.2231","0.6355"
"195.7250","0.2231","0.6355"
"195.7450","0.2231","0.6355"
"195.7650","0.2231","0.6355"
"195.7850","0.2231","0.6354"
"195.8050","0.2231","0.6355"
"195.8250","0.2231","0.6354"
"195.8450","0.2231","0.6355"
"195.8650","0.2231","0.6354"
"195.8850","0.2231","0.6354"
"195.9050","0.2231","0.6354"
"195.9250","0.2231","0.6354"
"195.9450","0.2231","0.6354"
"195.9650","0.2231","0.6355"
"195.9850","0.2231","0.6355"
"196.0050","0.2231","0.6355"
"196.0250","0.2231","0.6355"
"196.0450","0.2231","0.6355"
"196.0650","0.2231","0.6354"
"196.0850","0.2231","0.6353"
"196.1050","0.2231","0.6353"
"196.1250","0.2231","0.6354"
"196.1450","0.2231","0.6354"
"196.1650","0.2231","0.6354"
"196.1850","0.2231","0.6353"
"196.2050","0.2231","0.6352"
"196.2250","0.2231","0.6353"
"196.2450","0.2231","0.6353"
"196.2650","0.2231","0.6353"
"196.2850","0.2231","0.6353"
"196.3050","0.2231","0.6353"
"196.3250","0.2231","0.6354"
"196.3450","0.2231","0.6354"
"196.3650","0.2231","0.6353"
"196.3850","0.2231","0.6352"
"196.4050","0.2231","0.6352"
"196.4250","0.2231","0.6353"
"196.4450","0.2231","0.6353"
"196.4650","0.2231","0.6353"
"196.4850","0.2231","0.6353"
"196.5050","0.2231","0.6354"
"196.5250","0.2231","0.6353"
"196.5450","0.2231","0.6353"
"196.5650","0.2231","0.6353"
"196.5850","0.2231","0.6352"
"196.6050","0.2231","0.6352"
"196.6250","0.2231","0.6352"
"196.6450","0.2231","0.6352"
"196.6650","0.2231","0.6353"
"196.6850","0.2231","0.6352"
"196.7050","0.2231","0.6352"
"196.7250","0.2231","0.6352"
"196.7450","0.2231","0.6353"
"196.7650","0.2231","0.6352"
"196.7850","0.2231","0.6352"
"196.8050","0.2231","0.6353"
"196.8250","0.2231","0.6353"
"196.8450","0.2231","0.6353"
"196.8650","0.2231","0.6352"
"196.8850","0.2231","0.6352"
"196.9050","0.2231","0.6353"
"196.9250","0.2231","0.6352"
"196.9450","0.2231","0.6353"
"196.9650","0.2231","0.6353"
"196.9850","0.2231","0.6352"
"197.0050","0.2231","0.6352"
"197.0250","0.2231","0.6352"
"197.0450","0.2231","0.6352"
"197.0650","0.2231","0.6352"
"197.0850","0.2231","0.6352"
"197.1050","0.2231","0.6352"
"197.1250","0.2231","0.6351"
"197.1450","0.2231","0.6351"
"197.1650","0.2231","0.6351"
"197.1850","0.2231","0.6351"
"197.2050","0.2231","0.6352"
"197.2250","0.2231","0.6351"
"197.2450","0.2231","0.6351"
"197.2650","0.2231","0.6351"
"197.2850","0.2231","0.6351"
"197.3050","0.2231","0.6352"
"197.3250","0.2231","0.6351"
"197.3450","0.2231","0.6351"
"197.3650","0.2231","0.6350"
"197.3850","0.2231","0.6351"
"197.4050","0.2231","0.6351"
"197.4250","0.2231","0.6351"
"197.4450","0.2231","0.6351"
"197.4650","0.2231","0.6351"
"197.4850","0.2231","0.6351"
"197.5050","0.2231","0.6351"
"197.5250","0.2231","0.6350"
"197.5450","0.2231","0.6351"
"197.5650","0.2231","0.6350"
"197.5850","0.2231","0.6350"
"197.6050","0.2231","0.6350"
"197.6250","0.2231","0.6352"
"197.6450","0.2231","0.6352"
"197.6650","0.2231","0.6352"
"197.6850","0.2231","0.6352"
"197.7050","0.2231","0.6352"
"197.7250","0.2231","0.6352"
"197.7450","0.2231","0.6351"
"197.7650","0.2231","0.6351"
"197.7850","0.2231","0.6351"
"197.8050","0.2231","0.6350"
"197.8250","0.2231","0.6350"
"197.8450","0.2231","0.6350"
"197.8650","0.2231","0.6350"
"197.8850","0.2231","0.6350"
"197.9050","0.2231","0.6350"
"197.9250","0.2231","0.6350"
"197.9450","0.2231","0.6350"
"197.9650","0.2231","0.6350"
"197.9850","0.2231","0.6351"
"198.0050","0.2231","0.6350"
"198.0250","0.2231","0.6350"
"198.0450","0.2231","0.6350"
"198.0650","0.2231","0.6349"
"198.0850","0.2231","0.6350"
"198.1050","0.2231","0.6350"
"198.1250","0.2231","0.6350"
"198.1450","0.2231","0.6349"
"198.1650","0.2231","0.6350"
"198.1850","0.2231","0.6350"
"198.2050","0.2231","0.6351"
"198.2250","0.2231","0.6350"
"198.2450","0.2231","0.6349"
"198.2650","0.2231","0.6350"
"198.2850","0.2231","0.6350"
"198.3050","0.2231","0.6350"
"198.3250","0.2231","0.6350"
"198.3450","0.2231","0.6350"
"198.3650","0.2231","0.6349"
"198.3850","0.2231","0.6350"
"198.4050","0.2231","0.6349"
"198.4250","0.2231","0.6349"
"198.4450","0.2231","0.6349"
"198.4650","0.2231","0.6348"
"198.4850","0.2231","0.6348"
"198.5050","0.2231","0.6348"
"198.5250","0.2231","0.6349"
"198.5450","0.2231","0.6349"
"198.5650","0.2231","0.6350"
"198.5850","0.2231","0.6350"
"198.6050","0.2231","0.6350"
"198.6250","0.2231","0.6350"
"198.6450","0.2231","0.6350"
"198.6650","0.2231","0.6349"
"198.6850","0.2231","0.6349"
"198.7050","0.2231","0.6349"
"198.7250","0.2231","0.6349"
"198.7450","0.2231","0.6349"
"198.7650","0.2231","0.6349"
"198.7850","0.2231","0.6348"
"198.8050","0.2231","0.6349"
"198.8250","0.2231","0.6348"
"198.8450","0.2231","0.6349"
"198.8650","0.2231","0.6349"
"198.8850","0.2231","0.6350"
"198.9050","0.2231","0.6349"
"198.9250","0.2231","0.6349"
"198.9450","0.2231","0.6348"
"198.9650","0.2231","0.6348"
"198.9850","0.2231","0.6349"
"199.0050","0.2231","0.6348"
"199.0250","0.2231","0.6348"
"199.0450","0.2231","0.6349"
"199.0650","0.2231","0.6349"
"199.0850","0.2231","0.6349"
"199.1050","0.2231","0.6348"
"199.1250","0.2231","0.6348"
"199.1450","0.2231","0.6348"
"199.1650","0.2231","0.6347"
"199.1850","0.2231","0.6347"
"199.2050","0.2231","0.6346"
"199.2250","0.2231","0.6347"
"199.2450","0.2231","0.6348"
"199.2650","0.2231","0.6348"
"199.2850","0.2231","0.6348"
"199.3050","0.2231","0.6348"
"199.3250","0.2231","0.6348"
"199.3450","0.2231","0.6348"
"199.3650","0.2231","0.6348"
"199.3850","0.2231","0.6347"
"199.4050","0.2231","0.6348"
"199.4250","0.2231","0.6348"
"199.4450","0.2231","0.6348"
"199.4650","0.2231","0.6348"
"199.4850","0.2231","0.6347"
"199.5050","0.2231","0.6347"
"199.5250","0.2231","0.6347"
"199.5450","0.2231","0.6347"
"199.5650","0.2231","0.6347"
"199.5850","0.2231","0.6347"
"199.6050","0.2231","0.6347"
"199.6250","0.2231","0.6347"
"199.6450","0.2231","0.6347"
"199.6650","0.2231","0.6347"
"199.6850","0.2231","0.6347"
"199.7050","0.2231","0.6347"
"199.7250","0.2231","0.6347"
"199.7450","0.2231","0.6347"
"199.7650","0.2231","0.6346"
"199.7850","0.2231","0.6346"
"199.8050","0.2231","0.6347"
"199.8250","0.2231","0.6347"
"199.8450","0.2231","0.6347"
"199.8650","0.2231","0.6347"
"199.8850","0.2231","0.6347"
"199.9050","0.2231","0.6347"
"199.9250","0.2231","0.6347"
"199.9450","0.2231","0.6346"
"199.9650","0.2231","0.6346"
"199.9850","0.2231","0.6347"
"200.0050","0.2231","0.6347"
"200.0250","0.2231","0.6346"
"200.0450","0.2231","0.6345"
"200.0650","0.2231","0.6345"
"200.0850","0.2231","0.6346"
"200.1050","0.2231","0.6347"
"200.1250","0.2231","0.6346"
"200.1450","0.2231","0.6346"
"200.1650","0.2231","0.6346"
"200.1850","0.2231","0.6346"
"200.2050","0.2231","0.6346"
"200.2250","0.2231","0.6346"
"200.2450","0.2231","0.6346"
"200.2650","0.2231","0.6346"
"200.2850","0.2231","0.6346"
"200.3050","0.2231","0.6345"
"200.3250","0.2231","0.6345"
"200.3450","0.2231","0.6345"
"200.3650","0.2231","0.6345"
"200.3850","0.2231","0.6345"
"200.4050","0.2231","0.6345"
"200.4250","0.2231","0.6346"
"200.4450","0.2231","0.6346"
"200.4650","0.2231","0.6345"
"200.4850","0.2231","0.6345"
"200.5050","0.2231","0.6346"
"200.5250","0.2231","0.6346"
"200.5450","0.2231","0.6346"
"200.5650","0.2231","0.6346"
"200.5850","0.2231","0.6346"
"200.6050","0.2231","0.6345"
"200.6250","0.2231","0.6345"
"200.6450","0.2231","0.6345"
"200.6650","0.2231","0.6344"
"200.6850","0.2231","0.6345"
"200.7050","0.2231","0.6346"
"200.7250","0.2231","0.6346"
"200.7450","0.2231","0.6346"
"200.7650","0.2231","0.6346"
"200.7850","0.2231","0.6345"
"200.8050","0.2231","0.6344"
"200.8250","0.2231","0.6344"
"200.8450","0.2231","0.6345"
"200.8650","0.2231","0.6345"
"200.8850","0.2231","0.6345"
"200.9050","0.2231","0.6345"
"200.9250","0.2231","0.6345"
"200.9450","0.2231","0.6345"
"200.9650","0.2231","0.6345"
"200.9850","0.2231","0.6345"
"201.0050","0.2231","0.6345"
"201.0250","0.2231","0.6345"
"201.0450","0.2231","0.6344"
"201.0650","0.2231","0.6344"
"201.0850","0.2231","0.6345"
"201.1050","0.2231","0.6345"
"201.1250","0.2231","0.6344"
"201.1450","0.2231","0.6344"
"201.1650","0.2231","0.6344"
"201.1850","0.2231","0.6344"
"201.2050","0.2231","0.6343"
"201.2250","0.2231","0.6343"
"201.2450","0.2231","0.6344"
"201.2650","0.2231","0.6344"
"201.2850","0.2231","0.6344"
"201.3050","0.2231","0.6344"
"201.3250","0.2231","0.6345"
"201.3450","0.2231","0.6345"
"201.3650","0.2231","0.6344"
"201.3850","0.2231","0.6343"
"201.4050","0.2231","0.6344"
"201.4250","0.2231","0.6344"
"201.4450","0.2231","0.6345"
"201.4650","0.2231","0.6344"
"201.4850","0.2231","0.6344"
"201.5050","0.2231","0.6344"
"201.5250","0.2231","0.6344"
"201.5450","0.2231","0.6344"
"201.5650","0.2231","0.6344"
"201.5850","0.2231","0.6343"
"201.6050","0.2231","0.6343"
"201.6250","0.2231","0.6343"
"201.6450","0.2231","0.6343"
"201.6650","0.2231","0.6342"
"201.6850","0.2231","0.6343"
"201.7050","0.2231","0.6344"
"201.7250","0.2231","0.6344"
"201.7450","0.2231","0.6344"
"201.7650","0.2231","0.6344"
"201.7850","0.2231","0.6343"
"201.8050","0.2231","0.6344"
"201.8250","0.2231","0.6345"
"201.8450","0.2231","0.6344"
"201.8650","0.2231","0.6344"
"201.8850","0.2231","0.6343"
"201.9050","0.2231","0.6343"
"201.9250","0.2231","0.6343"
"201.9450","0.2231","0.6343"
"201.9650","0.2231","0.6343"
"201.9850","0.2231","0.6343"
"202.0050","0.2231","0.6343"
"202.0250","0.2231","0.6343"
"202.0450","0.2231","0.6343"
"202.0650","0.2231","0.6343"
"202.0850","0.2231","0.6343"
"202.1050","0.2231","0.6343"
"202.1250","0.2231","0.6343"
"202.1450","0.2231","0.6343"
"202.1650","0.2231","0.6342"
"202.1850","0.2231","0.6342"
"202.2050","0.2231","0.6342"
"202.2250","0.2231","0.6342"
"202.2450","0.2231","0.6342"
"202.2650","0.2231","0.6342"
"202.2850","0.2231","0.6342"
"202.3050","0.2231","0.6342"
"202.3250","0.2231","0.6342"
"202.3450","0.2231","0.6343"
"202.3650","0.2231","0.6343"
"202.3850","0.2231","0.6342"
"202.4050","0.2231","0.6342"
"202.4250","0.2231","0.6342"
"202.4450","0.2231","0.6342"
"202.4650","0.2231","0.6342"
"202.4850","0.2231","0.6342"
"202.5050","0.2231","0.6342"
"202.5250","0.2231","0.6342"
"202.5450","0.2231","0.6342"
"202.5650","0.2231","0.6342"
"202.5850","0.2231","0.6342"
"202.6050","0.2231","0.6342"
"202.6250","0.2231","0.6342"
"202.6450","0.2231","0.6342"
"202.6650","0.2231","0.6342"
"202.6850","0.2231","0.6342"
"202.7050","0.2231","0.6342"
"202.7250","0.2231","0.6341"
"202.7450","0.2231","0.6342"
"202.7650","0.2231","0.6342"
"202.7850","0.2231","0.6341"
"202.8050","0.2231","0.6341"
"202.8250","0.2231","0.6341"
"202.8450","0.2231","0.6342"
"202.8650","0.2231","0.6341"
"202.8850","0.2231","0.6342"
"202.9050","0.2231","0.6342"
"202.9250","0.2231","0.6341"
"202.9450","0.2231","0.6341"
"202.9650","0.2231","0.6341"
"202.9850","0.2231","0.6341"
"203.0050","0.2231","0.6341"
"203.0250","0.2231","0.6342"
"203.0450","0.2231","0.6341"
"203.0650","0.2231","0.6341"
"203.0850","0.2231","0.6341"
"203.1050","0.2231","0.6341"
"203.1250","0.2231","0.6341"
"203.1450","0.2231","0.6341"
"203.1650","0.2231","0.6342"
"203.1850","0.2231","0.6341"
"203.2050","0.2231","0.6342"
"203.2250","0.2231","0.6341"
"203.2450","0.2231","0.6342"
"203.2650","0.2231","0.6341"
"203.2850","0.2231","0.6341"
"203.3050","0.2231","0.6341"
"203.3250","0.2231","0.6340"
"203.3450","0.2231","0.6340"
"203.3650","0.2231","0.6340"
"203.3850","0.2231","0.6340"
"203.4050","0.2231","0.6341"
"203.4250","0.2231","0.6341"
"203.4450","0.2231","0.6341"
"203.4650","0.2231","0.6340"
"203.4850","0.2231","0.6341"
"203.5050","0.2231","0.6340"
"203.5250","0.2231","0.6340"
"203.5450","0.2231","0.6340"
"203.5650","0.2231","0.6341"
"203.5850","0.2231","0.6342"
"203.6050","0.2231","0.6341"
"203.6250","0.2231","0.6340"
"203.6450","0.2231","0.6339"
"203.6650","0.2231","0.6340"
"203.6850","0.2231","0.6341"
"203.7050","0.2231","0.6339"
"203.7250","0.2231","0.6339"
"203.7450","0.2231","0.6340"
"203.7650","0.2231","0.6340"
"203.7850","0.2231","0.6340"
"203.8050","0.2231","0.6339"
"203.8250","0.2231","0.6340"
"203.8450","0.2231","0.6340"
"203.8650","0.2231","0.6340"
"203.8850","0.2231","0.6340"
"203.9050","0.2231","0.6339"
"203.9250","0.2231","0.6339"
"203.9450","0.2231","0.6339"
"203.9650","0.2231","0.6339"
"203.9850","0.2231","0.6339"
"204.0050","0.2231","0.6340"
"204.0250","0.2231","0.6340"
"204.0450","0.2231","0.6340"
"204.0650","0.2231","0.6339"
"204.0850","0.2231","0.6339"
"204.1050","0.2231","0.6339"
"204.1250","0.2231","0.6338"
"204.1450","0.2231","0.6338"
"204.1650","0.2231","0.6339"
"204.1850","0.2231","0.6339"
"204.2050","0.2231","0.6339"
"204.2250","0.2231","0.6339"
"204.2450","0.2231","0.6339"
"204.2650","0.2231","0.6339"
"204.2850","0.2231","0.6340"
"204.3050","0.2231","0.6340"
"204.3250","0.2231","0.6339"
"204.3450","0.2231","0.6338"
"204.3650","0.2231","0.6338"
"204.3850","0.2231","0.6339"
"204.4050","0.2231","0.6339"
"204.4250","0.2231","0.6339"
"204.4450","0.2231","0.6338"
"204.4650","0.2231","0.6338"
"204.4850","0.2231","0.6338"
"204.5050","0.2231","0.6338"
"204.5250","0.2231","0.6338"
"204.5450","0.2231","0.6339"
"204.5650","0.2231","0.6339"
"204.5850","0.2231","0.6339"
"204.6050","0.2231","0.6338"
"204.6250","0.2231","0.6338"
"204.6450","0.2231","0.6339"
"204.6650","0.2231","0.6338"
"204.6850","0.2231","0.6339"
"204.7050","0.2231","0.6338"
"204.7250","0.2231","0.6339"
"204.7450","0.2231","0.6339"
"204.7650","0.2231","0.6338"
"204.7850","0.2231","0.6339"
"204.8050","0.2231","0.6338"
"204.8250","0.2231","0.6338"
"204.8450","0.2231","0.6337"
"204.8650","0.2231","0.6338"
"204.8850","0.2231","0.6338"
"204.9050","0.2231","0.6338"
"204.9250","0.2231","0.6338"
"204.9450","0.2231","0.6338"
"204.9650","0.2231","0.6338"
"204.9850","0.2231","0.6338"
"205.0050","0.2231","0.6337"
"205.0250","0.2231","0.6337"
"205.0450","0.2231","0.6337"
"205.0650","0.2231","0.6338"
"205.0850","0.2231","0.6338"
"205.1050","0.2231","0.6337"
"205.1250","0.2231","0.6338"
"205.1450","0.2231","0.6338"
"205.1650","0.2231","0.6337"
"205.1850","0.2231","0.6336"
"205.2050","0.2231","0.6336"
"205.2250","0.2231","0.6337"
"205.2450","0.2231","0.6337"
"205.2650","0.2231","0.6337"
"205.2850","0.2231","0.6336"
"205.3050","0.2231","0.6337"
"205.3250","0.2231","0.6337"
"205.3450","0.2231","0.6337"
"205.3650","0.2231","0.6337"
"205.3850","0.2231","0.6337"
"205.4050","0.2231","0.6337"
"205.4250","0.2231","0.6337"
"205.4450","0.2231","0.6338"
"205.4650","0.2231","0.6338"
"205.4850","0.2231","0.6337"
"205.5050","0.2231","0.6336"
"205.5250","0.2231","0.6337"
"205.5450","0.2231","0.6337"
"205.5650","0.2231","0.6337"
"205.5850","0.2231","0.6335"
"205.6050","0.2231","0.6335"
"205.6250","0.2231","0.6336"
"205.6450","0.2231","0.6337"
"205.6650","0.2231","0.6336"
"205.6850","0.2231","0.6336"
"205.7050","0.2231","0.6337"
"205.7250","0.2231","0.6337"
"205.7450","0.2231","0.6337"
"205.7650","0.2231","0.6337"
"205.7850","0.2231","0.6337"
"205.8050","0.2231","0.6337"
"205.8250","0.2231","0.6337"
"205.8450","0.2231","0.6336"
"205.8650","0.2231","0.6336"
"205.8850","0.2231","0.6337"
"205.9050","0.2231","0.6336"
"205.9250","0.2231","0.6336"
"205.9450","0.2231","0.6336"
"205.9650","0.2231","0.6336"
"205.9850","0.2231","0.6336"
"206.0050","0.2231","0.6336"
"206.0250","0.2231","0.6336"
"206.0450","0.2231","0.6336"
"206.0650","0.2231","0.6336"
"206.0850","0.2231","0.6336"
"206.1050","0.2231","0.6336"
"206.1250","0.2231","0.6336"
"206.1450","0.2231","0.6336"
"206.1650","0.2231","0.6335"
"206.1850","0.2231","0.6335"
"206.2050","0.2231","0.6335"
"206.2250","0.2231","0.6336"
"206.2450","0.2231","0.6335"
"206.2650","0.2231","0.6335"
"206.2850","0.2231","0.6335"
"206.3050","0.2231","0.6336"
"206.3250","0.2231","0.6335"
"206.3450","0.2231","0.6335"
"206.3650","0.2231","0.6336"
"206.3850","0.2231","0.6336"
"206.4050","0.2231","0.6335"
"206.4250","0.2231","0.6335"
"206.4450","0.2231","0.6335"
"206.4650","0.2231","0.6335"
"206.4850","0.2231","0.6336"
"206.5050","0.2231","0.6336"
"206.5250","0.2231","0.6335"
"206.5450","0.2231","0.6335"
"206.5650","0.2231","0.6335"
"206.5850","0.2231","0.6335"
"206.6050","0.2231","0.6334"
"206.6250","0.2231","0.6334"
"206.6450","0.2231","0.6335"
"206.6650","0.2231","0.6335"
"206.6850","0.2231","0.6335"
"206.7050","0.2231","0.6334"
"206.7250","0.2231","0.6334"
"206.7450","0.2231","0.6334"
"206.7650","0.2231","0.6335"
"206.7850","0.2231","0.6335"
"206.8050","0.2231","0.6335"
"206.8250","0.2231","0.6335"
"206.8450","0.2231","0.6336"
"206.8650","0.2231","0.6335"
"206.8850","0.2231","0.6334"
"206.9050","0.2231","0.6334"
"206.9250","0.2231","0.6334"
"206.9450","0.2231","0.6334"
"206.9650","0.2231","0.6334"
"206.9850","0.2231","0.6334"
"207.0050","0.2231","0.6334"
"207.0250","0.2231","0.6335"
"207.0450","0.2231","0.6334"
"207.0650","0.2231","0.6334"
"207.0850","0.2231","0.6334"
"207.1050","0.2231","0.6334"
"207.1250","0.2231","0.6335"
"207.1450","0.2231","0.6335"
"207.1650","0.2231","0.6334"
"207.1850","0.2231","0.6333"
"207.2050","0.2231","0.6333"
"207.2250","0.2231","0.6333"
"207.2450","0.2231","0.6334"
"207.2650","0.2231","0.6334"
"207.2850","0.2231","0.6334"
"207.3050","0.2231","0.6334"
"207.3250","0.2231","0.6334"
"207.3450","0.2231","0.6334"
"207.3650","0.2231","0.6333"
"207.3850","0.2231","0.6334"
"207.4050","0.2231","0.6334"
"207.4250","0.2231","0.6333"
"207.4450","0.2231","0.6333"
"207.4650","0.2231","0.6333"
"207.4850","0.2231","0.6333"
"207.5050","0.2231","0.6333"
"207.5250","0.2231","0.6334"
"207.5450","0.2231","0.6334"
"207.5650","0.2231","0.6334"
"207.5850","0.2231","0.6334"
"207.6050","0.2231","0.6334"
"207.6250","0.2231","0.6333"
"207.6450","0.2231","0.6333"
"207.6650","0.2231","0.6333"
"207.6850","0.2231","0.6333"
"207.7050","0.2231","0.6333"
"207.7250","0.2231","0.6333"
"207.7450","0.2231","0.6333"
"207.7650","0.2231","0.6333"
"207.7850","0.2231","0.6333"
"207.8050","0.2231","0.6333"
"207.8250","0.2231","0.6332"
"207.8450","0.2231","0.6332"
"207.8650","0.2231","0.6333"
"207.8850","0.2231","0.6333"
"207.9050","0.2231","0.6333"
"207.9250","0.2231","0.6333"
"207.9450","0.2231","0.6333"
"207.9650","0.2231","0.6333"
"207.9850","0.2231","0.6333"
"208.0050","0.2231","0.6333"
"208.0250","0.2231","0.6332"
"208.0450","0.2231","0.6332"
"208.0650","0.2231","0.6332"
"208.0850","0.2231","0.6333"
"208.1050","0.2231","0.6333"
"208.1250","0.2231","0.6332"
"208.1450","0.2231","0.6332"
"208.1650","0.2231","0.6332"
"208.1850","0.2231","0.6332"
"208.2050","0.2231","0.6332"
"208.2250","0.2231","0.6333"
"208.2450","0.2231","0.6332"
"208.2650","0.2231","0.6332"
"208.2850","0.2231","0.6332"
"208.3050","0.2231","0.6332"
"208.3250","0.2231","0.6332"
"208.3450","0.2231","0.6331"
"208.3650","0.2231","0.6331"
"208.3850","0.2231","0.6331"
"208.4050","0.2231","0.6331"
"208.4250","0.2231","0.6332"
"208.4450","0.2231","0.6332"
"208.4650","0.2231","0.6332"
"208.4850","0.2231","0.6332"
"208.5050","0.2231","0.6331"
"208.5250","0.2231","0.6331"
"208.5450","0.2231","0.6330"
"208.5650","0.2231","0.6331"
"208.5850","0.2231","0.6331"
"208.6050","0.2231","0.6331"
"208.6250","0.2231","0.6331"
"208.6450","0.2231","0.6331"
"208.6650","0.2231","0.6331"
"208.6850","0.2231","0.6331"
"208.7050","0.2231","0.6331"
"208.7250","0.2231","0.6332"
"208.7450","0.2231","0.6331"
"208.7650","0.2231","0.6332"
"208.7850","0.2231","0.6331"
"208.8050","0.2231","0.6330"
"208.8250","0.2231","0.6330"
"208.8450","0.2231","0.6331"
"208.8650","0.2231","0.6331"
"208.8850","0.2231","0.6331"
"208.9050","0.2231","0.6330"
"208.9250","0.2231","0.6331"
"208.9450","0.2231","0.6331"
"208.9650","0.2231","0.6331"
"208.9850","0.2231","0.6331"
"209.0050","0.2231","0.6332"
"209.0250","0.2231","0.6332"
"209.0450","0.2231","0.6331"
"209.0650","0.2231","0.6330"
"209.0850","0.2231","0.6330"
"209.1050","0.2231","0.6330"
"209.1250","0.2231","0.6330"
"209.1450","0.2231","0.6330"
"209.1650","0.2231","0.6330"
"209.1850","0.2231","0.6330"
"209.2050","0.2231","0.6331"
"209.2250","0.2231","0.6331"
"209.2450","0.2231","0.6331"
"209.2650","0.2231","0.6330"
"209.2850","0.2231","0.6330"
"209.3050","0.2231","0.6330"
"209.3250","0.2231","0.6330"
"209.3450","0.2231","0.6330"
"209.3650","0.2231","0.6330"
"209.3850","0.2231","0.6330"
"209.4050","0.2231","0.6330"
"209.4250","0.2231","0.6330"
"209.4450","0.2231","0.6330"
"209.4650","0.2231","0.6330"
"209.4850","0.2231","0.6331"
"209.5050","0.2231","0.6331"
"209.5250","0.2231","0.6330"
"209.5450","0.2231","0.6329"
"209.5650","0.2231","0.6329"
"209.5850","0.2231","0.6329"
"209.6050","0.2231","0.6329"
"209.6250","0.2231","0.6330"
"209.6450","0.2231","0.6330"
"209.6650","0.2231","0.6329"
"209.6850","0.2231","0.6329"
"209.7050","0.2231","0.6330"
"209.7250","0.2231","0.6330"
"209.7450","0.2231","0.6330"
"209.7650","0.2231","0.6329"
"209.7850","0.2231","0.6330"
"209.8050","0.2231","0.6330"
"209.8250","0.2231","0.6330"
"209.8450","0.2231","0.6329"
"209.8650","0.2231","0.6329"
"209.8850","0.2231","0.6330"
"209.9050","0.2231","0.6330"
"209.9250","0.2231","0.6330"
"209.9450","0.2231","0.6329"
"209.9650","0.2231","0.6329"
"209.9850","0.2231","0.6329"
"210.0050","0.2231","0.6329"
"210.0250","0.2231","0.6330"
"210.0450","0.2231","0.6329"
"210.0650","0.2231","0.6329"
"210.0850","0.2231","0.6329"
"210.1050","0.2231","0.6329"
"210.1250","0.2231","0.6328"
"210.1450","0.2231","0.6328"
"210.1650","0.2231","0.6328"
"210.1850","0.2231","0.6328"
"210.2050","0.2231","0.6329"
"210.2250","0.2231","0.6329"
"210.2450","0.2231","0.6329"
"210.2650","0.2231","0.6329"
"210.2850","0.2231","0.6328"
"210.3050","0.2231","0.6327"
"210.3250","0.2231","0.6328"
"210.3450","0.2231","0.6328"
"210.3650","0.2231","0.6329"
"210.3850","0.2231","0.6329"
"210.4050","0.2231","0.6328"
"210.4250","0.2231","0.6329"
"210.4450","0.2231","0.6329"
"210.4650","0.2231","0.6330"
"210.4850","0.2231","0.6329"
"210.5050","0.2231","0.6328"
"210.5250","0.2231","0.6328"
"210.5450","0.2231","0.6328"
"210.5650","0.2231","0.6328"
"210.5850","0.2231","0.6328"
"210.6050","0.2231","0.6327"
"210.6250","0.2231","0.6326"
"210.6450","0.2231","0.6327"
"210.6650","0.2231","0.6328"
"210.6850","0.2231","0.6328"
"210.7050","0.2231","0.6327"
"210.7250","0.2231","0.6327"
"210.7450","0.2231","0.6327"
"210.7650","0.2231","0.6328"
"210.7850","0.2231","0.6328"
"210.8050","0.2231","0.6328"
"210.8250","0.2231","0.6328"
"210.8450","0.2231","0.6327"
"210.8650","0.2231","0.6328"
"210.8850","0.2231","0.6327"
"210.9050","0.2231","0.6327"
"210.9250","0.2231","0.6328"
"210.9450","0.2231","0.6328"
"210.9650","0.2231","0.6327"
"210.9850","0.2231","0.6327"
"211.0050","0.2231","0.6327"
"211.0250","0.2231","0.6327"
"211.0450","0.2231","0.6327"
"211.0650","0.2231","0.6327"
"211.0850","0.2231","0.6327"
"211.1050","0.2231","0.6327"
"211.1250","0.2231","0.6327"
"211.1450","0.2231","0.6326"
"211.1650","0.2231","0.6326"
"211.1850","0.2231","0.6326"
"211.2050","0.2231","0.6326"
"211.2250","0.2231","0.6327"
"211.2450","0.2231","0.6327"
"211.2650","0.2231","0.6327"
"211.2850","0.2231","0.6327"
"211.3050","0.2231","0.6327"
"211.3250","0.2231","0.6326"
"211.3450","0.2231","0.6326"
"211.3650","0.2231","0.6327"
"211.3850","0.2231","0.6328"
"211.4050","0.2231","0.6328"
"211.4250","0.2231","0.6327"
"211.4450","0.2231","0.6327"
"211.4650","0.2231","0.6327"
"211.4850","0.2231","0.6326"
"211.5050","0.2231","0.6326"
"211.5250","0.2231","0.6327"
"211.5450","0.2231","0.6327"
"211.5650","0.2231","0.6327"
"211.5850","0.2231","0.6326"
"211.6050","0.2231","0.6326"
"211.6250","0.2231","0.6326"
"211.6450","0.2231","0.6327"
"211.6650","0.2231","0.6327"
"211.6850","0.2231","0.6326"
"211.7050","0.2231","0.6327"
"211.7250","0.2231","0.6327"
"211.7450","0.2231","0.6327"
"211.7650","0.2231","0.6326"
"211.7850","0.2231","0.6325"
"211.8050","0.2231","0.6326"
"211.8250","0.2231","0.6326"
"211.8450","0.2231","0.6326"
"211.8650","0.2231","0.6326"
"211.8850","0.2231","0.6326"
"211.9050","0.2231","0.6326"
"211.9250","0.2231","0.6326"
"211.9450","0.2231","0.6325"
"211.9650","0.2231","0.6326"
"211.9850","0.2231","0.6326"
"212.0050","0.2231","0.6326"
"212.0250","0.2231","0.6326"
"212.0450","0.2231","0.6325"
"212.0650","0.2231","0.6325"
"212.0850","0.2231","0.6325"
"212.1050","0.2231","0.6326"
"212.1250","0.2231","0.6326"
"212.1450","0.2231","0.6325"
"212.1650","0.2231","0.6325"
"212.1850","0.2231","0.6326"
"212.2050","0.2231","0.6326"
"212.2250","0.2231","0.6325"
"212.2450","0.2231","0.6325"
"212.2650","0.2231","0.6325"
"212.2850","0.2231","0.6326"
"212.3050","0.2231","0.6326"
"212.3250","0.2231","0.6326"
"212.3450","0.2231","0.6325"
"212.3650","0.2231","0.6324"
"212.3850","0.2231","0.6324"
"212.4050","0.2231","0.6325"
"212.4250","0.2231","0.6324"
"212.4450","0.2231","0.6324"
"212.4650","0.2231","0.6325"
"212.4850","0.2231","0.6325"
"212.5050","0.2231","0.6326"
"212.5250","0.2231","0.6326"
"212.5450","0.2231","0.6325"
"212.5650","0.2231","0.6325"
"212.5850","0.2231","0.6325"
"212.6050","0.2231","0.6325"
"212.6250","0.2231","0.6325"
"212.6450","0.2231","0.6325"
"212.6650","0.2231","0.6325"
"212.6850","0.2231","0.6326"
"212.7050","0.2231","0.6325"
"212.7250","0.2231","0.6325"
"212.7450","0.2231","0.6325"
"212.7650","0.2231","0.6325"
"212.7850","0.2231","0.6325"
"212.8050","0.2231","0.6325"
"212.8250","0.2231","0.6325"
"212.8450","0.2231","0.6325"
"212.8650","0.2231","0.6324"
"212.8850","0.2231","0.6323"
"212.9050","0.2231","0.6324"
"212.9250","0.2231","0.6324"
"212.9450","0.2231","0.6325"
"212.9650","0.2231","0.6325"
"212.9850","0.2231","0.6325"
"213.0050","0.2231","0.6325"
"213.0250","0.2231","0.6325"
"213.0450","0.2231","0.6324"
"213.0650","0.2231","0.6324"
"213.0850","0.2231","0.6323"
"213.1050","0.2231","0.6323"
"213.1250","0.2231","0.6324"
"213.1450","0.2231","0.6324"
"213.1650","0.2231","0.6323"
"213.1850","0.2231","0.6325"
"213.2050","0.2231","0.6325"
"213.2250","0.2231","0.6325"
"213.2450","0.2231","0.6324"
"213.2650","0.2231","0.6323"
"213.2850","0.2231","0.6324"
"213.3050","0.2231","0.6324"
"213.3250","0.2231","0.6323"
"213.3450","0.2231","0.6324"
"213.3650","0.2231","0.6323"
"213.3850","0.2231","0.6323"
"213.4050","0.2231","0.6323"
"213.4250","0.2231","0.6323"
"213.4450","0.2231","0.6323"
"213.4650","0.2231","0.6323"
"213.4850","0.2231","0.6322"
"213.5050","0.2231","0.6323"
"213.5250","0.2231","0.6324"
"213.5450","0.2231","0.6323"
"213.5650","0.2231","0.6323"
"213.5850","0.2231","0.6324"
"213.6050","0.2231","0.6323"
"213.6250","0.2231","0.6322"
"213.6450","0.2231","0.6322"
"213.6650","0.2231","0.6322"
"213.6850","0.2231","0.6323"
"213.7050","0.2231","0.6323"
"213.7250","0.2231","0.6323"
"213.7450","0.2231","0.6323"
"213.7650","0.2231","0.6323"
"213.7850","0.2231","0.6323"
"213.8050","0.2231","0.6322"
"213.8250","0.2231","0.6323"
"213.8450","0.2231","0.6323"
"213.8650","0.2231","0.6323"
"213.8850","0.2231","0.6322"
"213.9050","0.2231","0.6322"
"213.9250","0.2231","0.6323"
"213.9450","0.2231","0.6323"
"213.9650","0.2231","0.6323"
"213.9850","0.2231","0.6323"
"214.0050","0.2231","0.6323"
"214.0250","0.2231","0.6322"
"214.0450","0.2231","0.6321"
"214.0650","0.2231","0.6322"
"214.0850","0.2231","0.6322"
"214.1050","0.2231","0.6322"
"214.1250","0.2231","0.6322"
"214.1450","0.2231","0.6322"
"214.1650","0.2231","0.6322"
"214.1850","0.2231","0.6323"
"214.2050","0.2231","0.6323"
"214.2250","0.2231","0.6322"
"214.2450","0.2231","0.6321"
"214.2650","0.2231","0.6322"
"214.2850","0.2231","0.6322"
"214.3050","0.2231","0.6322"
"214.3250","0.2231","0.6322"
"214.3450","0.2231","0.6321"
"214.3650","0.2231","0.6321"
"214.3850","0.2231","0.6322"
"214.4050","0.2231","0.6322"
"214.4250","0.2231","0.6322"
"214.4450","0.2231","0.6322"
"214.4650","0.2231","0.6323"
"214.4850","0.2231","0.6322"
"214.5050","0.2231","0.6322"
"214.5250","0.2231","0.6322"
"214.5450","0.2231","0.6322"
"214.5650","0.2231","0.6322"
"214.5850","0.2231","0.6322"
"214.6050","0.2231","0.6321"
"214.6250","0.2231","0.6320"
"214.6450","0.2231","0.6321"
"214.6650","0.2231","0.6321"
"214.6850","0.2231","0.6321"
"214.7050","0.2231","0.6321"
"214.7250","0.2231","0.6321"
"214.7450","0.2231","0.6322"
"214.7650","0.2231","0.6321"
"214.7850","0.2231","0.6321"
"214.8050","0.2231","0.6321"
"214.8250","0.2231","0.6321"
"214.8450","0.2231","0.6320"
"214.8650","0.2231","0.6320"
"214.8850","0.2231","0.6320"
"214.9050","0.2231","0.6320"
"214.9250","0.2231","0.6321"
"214.9450","0.2231","0.6321"
"214.9650","0.2231","0.6320"
"214.9850","0.2231","0.6321"
"215.0050","0.2231","0.6320"
"215.0250","0.2231","0.6321"
"215.0450","0.2231","0.6321"
"215.0650","0.2231","0.6321"
"215.0850","0.2231","0.6321"
"215.1050","0.2231","0.6320"
"215.1250","0.2231","0.6321"
"215.1450","0.2231","0.6321"
"215.1650","0.2231","0.6320"
"215.1850","0.2231","0.6320"
"215.2050","0.2231","0.6320"
"215.2250","0.2231","0.6321"
"215.2450","0.2231","0.6321"
"215.2650","0.2231","0.6321"
"215.2850","0.2231","0.6320"
"215.3050","0.2231","0.6319"
"215.3250","0.2231","0.6320"
"215.3450","0.2231","0.6321"
"215.3650","0.2231","0.6320"
"215.3850","0.2231","0.6320"
"215.4050","0.2231","0.6320"
"215.4250","0.2231","0.6321"
"215.4450","0.2231","0.6320"
"215.4650","0.2231","0.6320"
"215.4850","0.2231","0.6320"
"215.5050","0.2231","0.6320"
"215.5250","0.2231","0.6320"
"215.5450","0.2231","0.6320"
"215.5650","0.2231","0.6320"
"215.5850","0.2231","0.6320"
"215.6050","0.2231","0.6320"
"215.6250","0.2231","0.6320"
"215.6450","0.2231","0.6320"
"215.6650","0.2231","0.6320"
"215.6850","0.2231","0.6320"
"215.7050","0.2231","0.6320"
"215.7250","0.2231","0.6319"
"215.7450","0.2231","0.6319"
"215.7650","0.2231","0.6320"
"215.7850","0.2231","0.6319"
"215.8050","0.2231","0.6318"
"215.8250","0.2231","0.6318"
"215.8450","0.2231","0.6319"
"215.8650","0.2231","0.6320"
"215.8850","0.2231","0.6320"
"215.9050","0.2231","0.6319"
"215.9250","0.2231","0.6319"
"215.9450","0.2231","0.6318"
"215.9650","0.2231","0.6319"
"215.9850","0.2231","0.6319"
"216.0050","0.2231","0.6318"
"216.0250","0.2231","0.6319"
"216.0450","0.2231","0.6319"
"216.0650","0.2231","0.6318"
"216.0850","0.2231","0.6318"
"216.1050","0.2231","0.6319"
"216.1250","0.2231","0.6319"
"216.1450","0.2231","0.6319"
"216.1650","0.2231","0.6320"
"216.1850","0.2231","0.6320"
"216.2050","0.2231","0.6319"
"216.2250","0.2231","0.6318"
"216.2450","0.2231","0.6318"
"216.2650","0.2231","0.6319"
"216.2850","0.2231","0.6319"
"216.3050","0.2231","0.6319"
"216.3250","0.2231","0.6319"
"216.3450","0.2231","0.6319"
"216.3650","0.2231","0.6319"
"216.3850","0.2231","0.6318"
"216.4050","0.2231","0.6318"
"216.4250","0.2231","0.6318"
"216.4450","0.2231","0.6318"
"216.4650","0.2231","0.6318"
"216.4850","0.2231","0.6317"
"216.5050","0.2231","0.6318"
"216.5250","0.2231","0.6319"
"216.5450","0.2231","0.6318"
"216.5650","0.2231","0.6318"
"216.5850","0.2231","0.6318"
"216.6050","0.2231","0.6318"
"216.6250","0.2231","0.6319"
"216.6450","0.2231","0.6318"
"216.6650","0.2231","0.6318"
"216.6850","0.2231","0.6318"
"216.7050","0.2231","0.6318"
"216.7250","0.2231","0.6318"
"216.7450","0.2231","0.6317"
"216.7650","0.2231","0.6318"
"216.7850","0.2231","0.6318"
"216.8050","0.2231","0.6317"
"216.8250","0.2231","0.6318"
"216.8450","0.2231","0.6318"
"216.8650","0.2231","0.6319"
"216.8850","0.2231","0.6319"
"216.9050","0.2231","0.6319"
"216.9250","0.2231","0.6318"
"216.9450","0.2231","0.6317"
"216.9650","0.2231","0.6318"
"216.9850","0.2231","0.6318"
"217.0050","0.2231","0.6318"
"217.0250","0.2231","0.6317"
"217.0450","0.2231","0.6316"
"217.0650","0.2231","0.6316"
"217.0850","0.2231","0.6317"
"217.1050","0.2231","0.6318"
"217.1250","0.2231","0.6319"
"217.1450","0.2231","0.6318"
"217.1650","0.2231","0.6317"
"217.1850","0.2231","0.6317"
"217.2050","0.2231","0.6318"
"217.2250","0.2231","0.6317"
"217.2450","0.2231","0.6318"
"217.2650","0.2231","0.6317"
"217.2850","0.2231","0.6318"
"217.3050","0.2231","0.6318"
"217.3250","0.2231","0.6318"
"217.3450","0.2231","0.6317"
"217.3650","0.2231","0.6317"
"217.3850","0.2231","0.6317"
"217.4050","0.2231","0.6317"
"217.4250","0.2231","0.6318"
"217.4450","0.2231","0.6317"
"217.4650","0.2231","0.6317"
"217.4850","0.2231","0.6316"
"217.5050","0.2231","0.6316"
"217.5250","0.2231","0.6315"
"217.5450","0.2231","0.6317"
"217.5650","0.2231","0.6318"
"217.5850","0.2231","0.6318"
"217.6050","0.2231","0.6317"
"217.6250","0.2231","0.6316"
"217.6450","0.2231","0.6316"
"217.6650","0.2231","0.6317"
"217.6850","0.2231","0.6317"
"217.7050","0.2231","0.6317"
"217.7250","0.2231","0.6317"
"217.7450","0.2231","0.6317"
"217.7650","0.2231","0.6317"
"217.7850","0.2231","0.6316"
"217.8050","0.2231","0.6317"
"217.8250","0.2231","0.6317"
"217.8450","0.2231","0.6317"
"217.8650","0.2231","0.6317"
"217.8850","0.2231","0.6316"
"217.9050","0.2231","0.6317"
"217.9250","0.2231","0.6316"
"217.9450","0.2231","0.6316"
"217.9650","0.2231","0.6317"
"217.9850","0.2231","0.6316"
"218.0050","0.2231","0.6316"
"218.0250","0.2231","0.6316"
"218.0450","0.2231","0.6316"
"218.0650","0.2231","0.6315"
"218.0850","0.2231","0.6316"
"218.1050","0.2231","0.6316"
"218.1250","0.2231","0.6316"
"218.1450","0.2231","0.6315"
"218.1650","0.2231","0.6315"
"218.1850","0.2231","0.6316"
"218.2050","0.2231","0.6317"
"218.2250","0.2231","0.6316"
"218.2450","0.2231","0.6316"
"218.2650","0.2231","0.6315"
"218.2850","0.2231","0.6316"
"218.3050","0.2231","0.6315"
"218.3250","0.2231","0.6316"
"218.3450","0.2231","0.6316"
"218.3650","0.2231","0.6315"
"218.3850","0.2231","0.6315"
"218.4050","0.2231","0.6316"
"218.4250","0.2231","0.6316"
"218.4450","0.2231","0.6315"
"218.4650","0.2231","0.6316"
"218.4850","0.2231","0.6315"
"218.5050","0.2231","0.6315"
"218.5250","0.2231","0.6315"
"218.5450","0.2231","0.6315"
"218.5650","0.2231","0.6314"
"218.5850","0.2231","0.6315"
"218.6050","0.2231","0.6315"
"218.6250","0.2231","0.6315"
"218.6450","0.2231","0.6315"
"218.6650","0.2231","0.6315"
"218.6850","0.2231","0.6316"
"218.7050","0.2231","0.6316"
"218.7250","0.2231","0.6315"
"218.7450","0.2231","0.6315"
"218.7650","0.2231","0.6315"
"218.7850","0.2231","0.6315"
"218.8050","0.2231","0.6315"
"218.8250","0.2231","0.6314"
"218.8450","0.2231","0.6313"
"218.8650","0.2231","0.6314"
"218.8850","0.2231","0.6315"
"218.9050","0.2231","0.6316"
"218.9250","0.2231","0.6314"
"218.9450","0.2231","0.6314"
"218.9650","0.2231","0.6315"
"218.9850","0.2231","0.6315"
"219.0050","0.2231","0.6314"
"219.0250","0.2231","0.6314"
"219.0450","0.2231","0.6314"
"219.0650","0.2231","0.6314"
"219.0850","0.2231","0.6314"
"219.1050","0.2231","0.6313"
"219.1250","0.2231","0.6313"
"219.1450","0.2231","0.6313"
"219.1650","0.2231","0.6314"
"219.1850","0.2231","0.6314"
"219.2050","0.2231","0.6313"
"219.2250","0.2231","0.6314"
"219.2450","0.2231","0.6314"
"219.2650","0.2231","0.6314"
"219.2850","0.2231","0.6314"
"219.3050","0.2231","0.6314"
"219.3250","0.2231","0.6313"
"219.3450","0.2231","0.6313"
"219.3650","0.2231","0.6313"
"219.3850","0.2231","0.6314"
"219.4050","0.2231","0.6314"
"219.4250","0.2231","0.6314"
"219.4450","0.2231","0.6313"
"219.4650","0.2231","0.6313"
"219.4850","0.2231","0.6314"
"219.5050","0.2231","0.6313"
"219.5250","0.2231","0.6313"
"219.5450","0.2231","0.6314"
"219.5650","0.2231","0.6314"
"219.5850","0.2231","0.6314"
"219.6050","0.2231","0.6314"
"219.6250","0.2231","0.6314"
"219.6450","0.2231","0.6313"
"219.6650","0.2231","0.6312"
"219.6850","0.2231","0.6312"
"219.7050","0.2231","0.6313"
"219.7250","0.2231","0.6313"
"219.7450","0.2231","0.6313"
"219.7650","0.2231","0.6313"
"219.7850","0.2231","0.6313"
"219.8050","0.2231","0.6313"
"219.8250","0.2231","0.6313"
"219.8450","0.2231","0.6314"
"219.8650","0.2231","0.6314"
"219.8850","0.2231","0.6314"
"219.9050","0.2231","0.6313"
"219.9250","0.2231","0.6312"
"219.9450","0.2231","0.6312"
"219.9650","0.2231","0.6313"
"219.9850","0.2231","0.6313"
"220.0050","0.2231","0.6313"
"220.0250","0.2231","0.6312"
"220.0450","0.2231","0.6312"
"220.0650","0.2231","0.6312"
"220.0850","0.2231","0.6312"
"220.1050","0.2231","0.6313"
"220.1250","0.2231","0.6312"
"220.1450","0.2231","0.6312"
"220.1650","0.2231","0.6312"
"220.1850","0.2231","0.6312"
"220.2050","0.2231","0.6313"
"220.2250","0.2231","0.6312"
"220.2450","0.2231","0.6311"
"220.2650","0.2231","0.6312"
"220.2850","0.2231","0.6313"
"220.3050","0.2231","0.6312"
"220.3250","0.2231","0.6312"
"220.3450","0.2231","0.6313"
"220.3650","0.2231","0.6313"
"220.3850","0.2231","0.6312"
"220.4050","0.2231","0.6312"
"220.4250","0.2231","0.6312"
"220.4450","0.2231","0.6312"
"220.4650","0.2231","0.6312"
"220.4850","0.2231","0.6312"
"220.5050","0.2231","0.6311"
"220.5250","0.2231","0.6311"
"220.5450","0.2231","0.6312"
"220.5650","0.2231","0.6312"
"220.5850","0.2231","0.6312"
"220.6050","0.2231","0.6312"
"220.6250","0.2231","0.6312"
"220.6450","0.2231","0.6312"
"220.6650","0.2231","0.6312"
"220.6850","0.2231","0.6312"
"220.7050","0.2231","0.6312"
"220.7250","0.2231","0.6311"
"220.7450","0.2231","0.6311"
"220.7650","0.2231","0.6311"
"220.7850","0.2231","0.6311"
"220.8050","0.2231","0.6311"
"220.8250","0.2231","0.6311"
"220.8450","0.2231","0.6311"
"220.8650","0.2231","0.6311"
"220.8850","0.2231","0.6312"
"220.9050","0.2231","0.6312"
"220.9250","0.2231","0.6312"
"220.9450","0.2231","0.6311"
"220.9650","0.2231","0.6311"
"220.9850","0.2231","0.6311"
"221.0050","0.2231","0.6311"
"221.0250","0.2231","0.6311"
"221.0450","0.2231","0.6310"
"221.0650","0.2231","0.6310"
"221.0850","0.2231","0.6311"
"221.1050","0.2231","0.6311"
"221.1250","0.2231","0.6312"
"221.1450","0.2231","0.6311"
"221.1650","0.2231","0.6310"
"221.1850","0.2231","0.6310"
"221.2050","0.2231","0.6310"
"221.2250","0.2231","0.6310"
"221.2450","0.2231","0.6310"
"221.2650","0.2231","0.6310"
"221.2850","0.2231","0.6311"
"221.3050","0.2231","0.6311"
"221.3250","0.2231","0.6311"
"221.3450","0.2231","0.6310"
"221.3650","0.2231","0.6310"
"221.3850","0.2231","0.6311"
"221.4050","0.2231","0.6311"
"221.4250","0.2231","0.6310"
"221.4450","0.2231","0.6309"
"221.4650","0.2231","0.6310"
"221.4850","0.2231","0.6310"
"221.5050","0.2231","0.6310"
"221.5250","0.2231","0.6310"
"221.5450","0.2231","0.6311"
"221.5650","0.2231","0.6311"
"221.5850","0.2231","0.6310"
"221.6050","0.2231","0.6310"
"221.6250","0.2231","0.6310"
"221.6450","0.2231","0.6310"
"221.6650","0.2231","0.6310"
"221.6850","0.2231","0.6309"
"221.7050","0.2231","0.6309"
"221.7250","0.2231","0.6310"
"221.7450","0.2231","0.6310"
"221.7650","0.2231","0.6310"
"221.7850","0.2231","0.6309"
"221.8050","0.2231","0.6309"
"221.8250","0.2231","0.6309"
"221.8450","0.2231","0.6310"
"221.8650","0.2231","0.6310"
"221.8850","0.2231","0.6310"
"221.9050","0.2231","0.6309"
"221.9250","0.2231","0.6309"
"221.9450","0.2231","0.6308"
"221.9650","0.2231","0.6310"
"221.9850","0.2231","0.6310"
"222.0050","0.2231","0.6310"
"222.0250","0.2231","0.6310"
"222.0450","0.2231","0.6309"
"222.0650","0.2231","0.6308"
"222.0850","0.2231","0.6309"
"222.1050","0.2231","0.6309"
"222.1250","0.2231","0.6309"
"222.1450","0.2231","0.6309"
"222.1650","0.2231","0.6310"
"222.1850","0.2231","0.6310"
"222.2050","0.2231","0.6309"
"222.2250","0.2231","0.6309"
"222.2450","0.2231","0.6309"
"222.2650","0.2231","0.6308"
"222.2850","0.2231","0.6308"
"222.3050","0.2231","0.6309"
"222.3250","0.2231","0.6310"
"222.3450","0.2231","0.6310"
"222.3650","0.2231","0.6308"
"222.3850","0.2231","0.6308"
"222.4050","0.2231","0.6308"
"222.4250","0.2231","0.6309"
"222.4450","0.2231","0.6309"
"222.4650","0.2231","0.6309"
"222.4850","0.2231","0.6309"
"222.5050","0.2231","0.6309"
"222.5250","0.2231","0.6310"
"222.5450","0.2231","0.6309"
"222.5650","0.2231","0.6309"
"222.5850","0.2231","0.6309"
"222.6050","0.2231","0.6309"
"222.6250","0.2231","0.6308"
"222.6450","0.2231","0.6309"
"222.6650","0.2231","0.6309"
"222.6850","0.2231","0.6309"
"222.7050","0.2231","0.6309"
"222.7250","0.2231","0.6309"
"222.7450","0.2231","0.6309"
"222.7650","0.2231","0.6309"
"222.7850","0.2231","0.6308"
"222.8050","0.2231","0.6308"
"222.8250","0.2231","0.6308"
"222.8450","0.2231","0.6308"
"222.8650","0.2231","0.6308"
"222.8850","0.2231","0.6308"
"222.9050","0.2231","0.6308"
"222.9250","0.2231","0.6307"
"222.9450","0.2231","0.6308"
"222.9650","0.2231","0.6308"
"222.9850","0.2231","0.6309"
"223.0050","0.2231","0.6309"
"223.0250","0.2231","0.6309"
"223.0450","0.2231","0.6309"
"223.0650","0.2231","0.6308"
"223.0850","0.2231","0.6308"
"223.1050","0.2231","0.6307"
"223.1250","0.2231","0.6307"
"223.1450","0.2231","0.6307"
"223.1650","0.2231","0.6308"
"223.1850","0.2231","0.6307"
"223.2050","0.2231","0.6308"
"223.2250","0.2231","0.6308"
"223.2450","0.2231","0.6308"
"223.2650","0.2231","0.6308"
"223.2850","0.2231","0.6308"
"223.3050","0.2231","0.6308"
"223.3250","0.2231","0.6307"
"223.3450","0.2231","0.6307"
"223.3650","0.2231","0.6308"
"223.3850","0.2231","0.6307"
"223.4050","0.2231","0.6307"
"223.4250","0.2231","0.6307"
"223.4450","0.2231","0.6307"
"223.4650","0.2231","0.6308"
"223.4850","0.2231","0.6307"
"223.5050","0.2231","0.6307"
"223.5250","0.2231","0.6307"
"223.5450","0.2231","0.6307"
"223.5650","0.2231","0.6307"
"223.5850","0.2231","0.6307"
"223.6050","0.2231","0.6308"
"223.6250","0.2231","0.6307"
"223.6450","0.2231","0.6307"
"223.6650","0.2231","0.6307"
"223.6850","0.2231","0.6308"
"223.7050","0.2231","0.6307"
"223.7250","0.2231","0.6307"
"223.7450","0.2231","0.6306"
"223.7650","0.2231","0.6306"
"223.7850","0.2231","0.6307"
"223.8050","0.2231","0.6307"
"223.8250","0.2231","0.6307"
"223.8450","0.2231","0.6308"
"223.8650","0.2231","0.6307"
"223.8850","0.2231","0.6307"
"223.9050","0.2231","0.6307"
"223.9250","0.2231","0.6306"
"223.9450","0.2231","0.6306"
"223.9650","0.2231","0.6306"
"223.9850","0.2231","0.6306"
"224.0050","0.2231","0.6307"
"224.0250","0.2231","0.6307"
"224.0450","0.2231","0.6306"
"224.0650","0.2231","0.6306"
"224.0850","0.2231","0.6306"
"224.1050","0.2231","0.6306"
"224.1250","0.2231","0.6306"
"224.1450","0.2231","0.6307"
"224.1650","0.2231","0.6307"
"224.1850","0.2231","0.6306"
"224.2050","0.2231","0.6305"
"224.2250","0.2231","0.6306"
"224.2450","0.2231","0.6307"
"224.2650","0.2231","0.6306"
"224.2850","0.2231","0.6306"
"224.3050","0.2231","0.6306"
"224.3250","0.2231","0.6305"
"224.3450","0.2231","0.6306"
"224.3650","0.2231","0.6305"
"224.3850","0.2231","0.6306"
"224.4050","0.2231","0.6306"
"224.4250","0.2231","0.6306"
"224.4450","0.2231","0.6306"
"224.4650","0.2231","0.6305"
"224.4850","0.2231","0.6305"
"224.5050","0.2231","0.6305"
"224.5250","0.2231","0.6305"
"224.5450","0.2231","0.6305"
"224.5650","0.2231","0.6305"
"224.5850","0.2231","0.6304"
"224.6050","0.2231","0.6304"
"224.6250","0.2231","0.6305"
"224.6450","0.2231","0.6305"
"224.6650","0.2231","0.6306"
"224.6850","0.2231","0.6306"
"224.7050","0.2231","0.6305"
"224.7250","0.2231","0.6305"
"224.7450","0.2231","0.6305"
"224.7650","0.2231","0.6305"
"224.7850","0.2231","0.6305"
"224.8050","0.2231","0.6305"
"224.8250","0.2231","0.6305"
"224.8450","0.2231","0.6304"
"224.8650","0.2231","0.6305"
"224.8850","0.2231","0.6305"
"224.9050","0.2231","0.6306"
"224.9250","0.2231","0.6305"
"224.9450","0.2231","0.6305"
"224.9650","0.2231","0.6305"
"224.9850","0.2231","0.6305"
"225.0050","0.2231","0.6305"
"225.0250","0.2231","0.6305"
"225.0450","0.2231","0.6305"
"225.0650","0.2231","0.6304"
"225.0850","0.2231","0.6304"
"225.1050","0.2231","0.6304"
"225.1250","0.2231","0.6304"
"225.1450","0.2231","0.6304"
"225.1650","0.2231","0.6304"
"225.1850","0.2231","0.6305"
"225.2050","0.2231","0.6305"
"225.2250","0.2231","0.6304"
"225.2450","0.2231","0.6304"
"225.2650","0.2231","0.6305"
"225.2850","0.2231","0.6305"
"225.3050","0.2231","0.6305"
"225.3250","0.2231","0.6304"
"225.3450","0.2231","0.6304"
"225.3650","0.2231","0.6304"
"225.3850","0.2231","0.6305"
"225.4050","0.2231","0.6304"
"225.4250","0.2231","0.6305"
"225.4450","0.2231","0.6305"
"225.4650","0.2231","0.6305"
"225.4850","0.2231","0.6304"
"225.5050","0.2231","0.6304"
"225.5250","0.2231","0.6304"
"225.5450","0.2231","0.6303"
"225.5650","0.2231","0.6303"
"225.5850","0.2231","0.6303"
"225.6050","0.2231","0.6304"
"225.6250","0.2231","0.6304"
"225.6450","0.2231","0.6303"
"225.6650","0.2231","0.6303"
"225.6850","0.2231","0.6304"
"225.7050","0.2231","0.6304"
"225.7250","0.2231","0.6303"
"225.7450","0.2231","0.6303"
"225.7650","0.2231","0.6303"
"225.7850","0.2231","0.6303"
"225.8050","0.2231","0.6303"
"225.8250","0.2231","0.6303"
"225.8450","0.2231","0.6303"
"225.8650","0.2231","0.6303"
"225.8850","0.2231","0.6303"
"225.9050","0.2231","0.6303"
"225.9250","0.2231","0.6303"
"225.9450","0.2231","0.6303"
"225.9650","0.2231","0.6302"
"225.9850","0.2231","0.6302"
"226.0050","0.2231","0.6303"
"226.0250","0.2231","0.6303"
"226.0450","0.2231","0.6302"
"226.0650","0.2231","0.6302"
"226.0850","0.2231","0.6302"
"226.1050","0.2231","0.6303"
"226.1250","0.2231","0.6303"
"226.1450","0.2231","0.6303"
"226.1650","0.2231","0.6303"
"226.1850","0.2231","0.6303"
"226.2050","0.2231","0.6303"
"226.2250","0.2231","0.6303"
"226.2450","0.2231","0.6302"
"226.2650","0.2231","0.6302"
"226.2850","0.2231","0.6303"
"226.3050","0.2231","0.6304"
"226.3250","0.2231","0.6302"
"226.3450","0.2231","0.6302"
"226.3650","0.2231","0.6301"
"226.3850","0.2231","0.6301"
"226.4050","0.2231","0.6302"
"226.4250","0.2231","0.6302"
"226.4450","0.2231","0.6302"
"226.4650","0.2231","0.6302"
"226.4850","0.2231","0.6303"
"226.5050","0.2231","0.6303"
"226.5250","0.2231","0.6303"
"226.5450","0.2231","0.6303"
"226.5650","0.2231","0.6302"
"226.5850","0.2231","0.6303"
"226.6050","0.2231","0.6302"
"226.6250","0.2231","0.6301"
"226.6450","0.2231","0.6301"
"226.6650","0.2231","0.6302"
"226.6850","0.2231","0.6302"
"226.7050","0.2231","0.6301"
"226.7250","0.2231","0.6301"
"226.7450","0.2231","0.6302"
"226.7650","0.2231","0.6302"
"226.7850","0.2231","0.6302"
"226.8050","0.2231","0.6302"
"226.8250","0.2231","0.6302"
"226.8450","0.2231","0.6302"
"226.8650","0.2231","0.6302"
"226.8850","0.2231","0.6301"
"226.9050","0.2231","0.6302"
"226.9250","0.2231","0.6302"
"226.9450","0.2231","0.6302"
"226.9650","0.2231","0.6301"
"226.9850","0.2231","0.6301"
"227.0050","0.2231","0.6301"
"227.0250","0.2231","0.6301"
"227.0450","0.2231","0.6301"
"227.0650","0.2231","0.6301"
"227.0850","0.2231","0.6301"
"227.1050","0.2231","0.6301"
"227.1250","0.2231","0.6301"
"227.1450","0.2231","0.6301"
"227.1650","0.2231","0.6302"
"227.1850","0.2231","0.6302"
"227.2050","0.2231","0.6301"
"227.2250","0.2231","0.6301"
"227.2450","0.2231","0.6301"
"227.2650","0.2231","0.6301"
"227.2850","0.2231","0.6301"
"227.3050","0.2231","0.6300"
"227.3250","0.2231","0.6301"
"227.3450","0.2231","0.6301"
"227.3650","0.2231","0.6301"
"227.3850","0.2231","0.6300"
"227.4050","0.2231","0.6300"
"227.4250","0.2231","0.6300"
"227.4450","0.2231","0.6300"
"227.4650","0.2231","0.6300"
"227.4850","0.2231","0.6301"
"227.5050","0.2231","0.6301"
"227.5250","0.2231","0.6301"
"227.5450","0.2231","0.6300"
"227.5650","0.2231","0.6300"
"227.5850","0.2231","0.6300"
"227.6050","0.2231","0.6301"
"227.6250","0.2231","0.6301"
"227.6450","0.2231","0.6300"
"227.6650","0.2231","0.6300"
"227.6850","0.2231","0.6300"
"227.7050","0.2231","0.6300"
"227.7250","0.2231","0.6300"
"227.7450","0.2231","0.6300"
"227.7650","0.2231","0.6301"
"227.7850","0.2231","0.6300"
"227.8050","0.2231","0.6301"
"227.8250","0.2231","0.6300"
"227.8450","0.2231","0.6300"
"227.8650","0.2231","0.6300"
"227.8850","0.2231","0.6299"
"227.9050","0.2231","0.6300"
"227.9250","0.2231","0.6300"
"227.9450","0.2231","0.6299"
"227.9650","0.2231","0.6300"
"227.9850","0.2231","0.6300"
"228.0050","0.2231","0.6300"
"228.0250","0.2231","0.6300"
"228.0450","0.2231","0.6300"
"228.0650","0.2231","0.6300"
"228.0850","0.2231","0.6300"
"228.1050","0.2231","0.6301"
"228.1250","0.2231","0.6300"
"228.1450","0.2231","0.6300"
"228.1650","0.2231","0.6300"
"228.1850","0.2231","0.6299"
"228.2050","0.2231","0.6299"
"228.2250","0.2231","0.6299"
"228.2450","0.2231","0.6300"
"228.2650","0.2231","0.6299"
"228.2850","0.2231","0.6298"
"228.3050","0.2231","0.6299"
"228.3250","0.2231","0.6300"
"228.3450","0.2231","0.6300"
"228.3650","0.2231","0.6300"
"228.3850","0.2231","0.6299"
"228.4050","0.2231","0.6299"
"228.4250","0.2231","0.6299"
"228.4450","0.2231","0.6300"
"228.4650","0.2231","0.6300"
"228.4850","0.2231","0.6299"
"228.5050","0.2231","0.6299"
"228.5250","0.2231","0.6299"
"228.5450","0.2231","0.6299"
"228.5650","0.2231","0.6300"
"228.5850","0.2231","0.6299"
"228.6050","0.2231","0.6298"
"228.6250","0.2231","0.6298"
"228.6450","0.2231","0.6299"
"228.6650","0.2231","0.6299"
"228.6850","0.2231","0.6300"
"228.7050","0.2231","0.6299"
"228.7250","0.2231","0.6299"
"228.7450","0.2231","0.6299"
"228.7650","0.2231","0.6298"
"228.7850","0.2231","0.6298"
"228.8050","0.2231","0.6298"
"228.8250","0.2231","0.6298"
"228.8450","0.2231","0.6298"
"228.8650","0.2231","0.6298"
"228.8850","0.2231","0.6298"
"228.9050","0.2231","0.6298"
"228.9250","0.2231","0.6299"
"228.9450","0.2231","0.6298"
"228.9650","0.2231","0.6299"
"228.9850","0.2231","0.6299"
"229.0050","0.2231","0.6299"
"229.0250","0.2231","0.6298"
"229.0450","0.2231","0.6299"
"229.0650","0.2231","0.6298"
"229.0850","0.2231","0.6298"
"229.1050","0.2231","0.6298"
"229.1250","0.2231","0.6298"
"229.1450","0.2231","0.6299"
"229.1650","0.2231","0.6298"
"229.1850","0.2231","0.6297"
"229.2050","0.2231","0.6296"
"229.2250","0.2231","0.6297"
"229.2450","0.2231","0.6298"
"229.2650","0.2231","0.6298"
"229.2850","0.2231","0.6298"
"229.3050","0.2231","0.6298"
"229.3250","0.2231","0.6298"
"229.3450","0.2231","0.6297"
"229.3650","0.2231","0.6297"
"229.3850","0.2231","0.6297"
"229.4050","0.2231","0.6298"
"229.4250","0.2231","0.6298"
"229.4450","0.2231","0.6298"
"229.4650","0.2231","0.6298"
"229.4850","0.2231","0.6298"
"229.5050","0.2231","0.6298"
"229.5250","0.2231","0.6298"
"229.5450","0.2231","0.6298"
"229.5650","0.2231","0.6297"
"229.5850","0.2231","0.6296"
"229.6050","0.2231","0.6296"
"229.6250","0.2231","0.6297"
"229.6450","0.2231","0.6297"
"229.6650","0.2231","0.6297"
"229.6850","0.2231","0.6297"
"229.7050","0.2231","0.6297"
"229.7250","0.2231","0.6297"
"229.7450","0.2231","0.6296"
"229.7650","0.2231","0.6296"
"229.7850","0.2231","0.6297"
"229.8050","0.2231","0.6297"
"229.8250","0.2231","0.6297"
"229.8450","0.2231","0.6297"
"229.8650","0.2231","0.6298"
"229.8850","0.2231","0.6298"
"229.9050","0.2231","0.6297"
"229.9250","0.2231","0.6297"
"229.9450","0.2231","0.6297"
"229.9650","0.2231","0.6297"
"229.9850","0.2231","0.6297"
"230.0050","0.2231","0.6296"
"230.0250","0.2231","0.6296"
"230.0450","0.2231","0.6296"
"230.0650","0.2231","0.6296"
"230.0850","0.2231","0.6298"
"230.1050","0.2231","0.6297"
"230.1250","0.2231","0.6297"
"230.1450","0.2231","0.6297"
"230.1650","0.2231","0.6297"
"230.1850","0.2231","0.6297"
"230.2050","0.2231","0.6297"
"230.2250","0.2231","0.6296"
"230.2450","0.2231","0.6296"
"230.2650","0.2231","0.6296"
"230.2850","0.2231","0.6297"
"230.3050","0.2231","0.6297"
"230.3250","0.2231","0.6296"
"230.3450","0.2231","0.6295"
"230.3650","0.2231","0.6295"
"230.3850","0.2231","0.6296"
"230.4050","0.2231","0.6296"
"230.4250","0.2231","0.6296"
"230.4450","0.2231","0.6296"
"230.4650","0.2231","0.6297"
"230.4850","0.2231","0.6296"
"230.5050","0.2231","0.6295"
"230.5250","0.2231","0.6295"
"230.5450","0.2231","0.6296"
"230.5650","0.2231","0.6296"
"230.5850","0.2231","0.6296"
"230.6050","0.2231","0.6295"
"230.6250","0.2231","0.6295"
"230.6450","0.2231","0.6296"
"230.6650","0.2231","0.6296"
"230.6850","0.2231","0.6296"
"230.7050","0.2231","0.6296"
"230.7250","0.2231","0.6295"
"230.7450","0.2231","0.6296"
"230.7650","0.2231","0.6296"
"230.7850","0.2231","0.6295"
"230.8050","0.2231","0.6295"
"230.8250","0.2231","0.6295"
"230.8450","0.2231","0.6295"
"230.8650","0.2231","0.6295"
"230.8850","0.2231","0.6296"
"230.9050","0.2231","0.6296"
"230.9250","0.2231","0.6296"
"230.9450","0.2231","0.6295"
"230.9650","0.2231","0.6295"
"230.9850","0.2231","0.6296"
"231.0050","0.2231","0.6295"
"231.0250","0.2231","0.6295"
"231.0450","0.2231","0.6294"
"231.0650","0.2231","0.6296"
"231.0850","0.2231","0.6296"
"231.1050","0.2231","0.6295"
"231.1250","0.2231","0.6295"
"231.1450","0.2231","0.6295"
"231.1650","0.2231","0.6295"
"231.1850","0.2231","0.6295"
"231.2050","0.2231","0.6295"
"231.2250","0.2231","0.6295"
"231.2450","0.2231","0.6294"
"231.2650","0.2231","0.6295"
"231.2850","0.2231","0.6295"
"231.3050","0.2231","0.6295"
"231.3250","0.2231","0.6295"
"231.3450","0.2231","0.6295"
"231.3650","0.2231","0.6295"
"231.3850","0.2231","0.6295"
"231.4050","0.2231","0.6294"
"231.4250","0.2231","0.6295"
"231.4450","0.2231","0.6295"
"231.4650","0.2231","0.6295"
"231.4850","0.2231","0.6295"
"231.5050","0.2231","0.6294"
"231.5250","0.2231","0.6294"
"231.5450","0.2231","0.6294"
"231.5650","0.2231","0.6294"
"231.5850","0.2231","0.6294"
"231.6050","0.2231","0.6295"
"231.6250","0.2231","0.6295"
"231.6450","0.2231","0.6294"
"231.6650","0.2231","0.6295"
"231.6850","0.2231","0.6295"
"231.7050","0.2231","0.6293"
"231.7250","0.2231","0.6293"
"231.7450","0.2231","0.6293"
"231.7650","0.2231","0.6294"
"231.7850","0.2231","0.6294"
"231.8050","0.2231","0.6294"
"231.8250","0.2231","0.6293"
"231.8450","0.2231","0.6293"
"231.8650","0.2231","0.6293"
"231.8850","0.2231","0.6293"
"231.9050","0.2231","0.6294"
"231.9250","0.2231","0.6294"
"231.9450","0.2231","0.6293"
"231.9650","0.2231","0.6293"
"231.9850","0.2231","0.6293"
"232.0050","0.2231","0.6294"
"232.0250","0.2231","0.6294"
"232.0450","0.2231","0.6294"
"232.0650","0.2231","0.6294"
"232.0850","0.2231","0.6293"
"232.1050","0.2231","0.6293"
"232.1250","0.2231","0.6293"
"232.1450","0.2231","0.6294"
"232.1650","0.2231","0.6294"
"232.1850","0.2231","0.6294"
"232.2050","0.2231","0.6294"
"232.2250","0.2231","0.6293"
"232.2450","0.2231","0.6293"
"232.2650","0.2231","0.6293"
"232.2850","0.2231","0.6293"
"232.3050","0.2231","0.6294"
"232.3250","0.2231","0.6293"
"232.3450","0.2231","0.6293"
"232.3650","0.2231","0.6293"
"232.3850","0.2231","0.6292"
"232.4050","0.2231","0.6293"
"232.4250","0.2231","0.6294"
"232.4450","0.2231","0.6294"
"232.4650","0.2231","0.6294"
"232.4850","0.2231","0.6293"
"232.5050","0.2231","0.6293"
"232.5250","0.2231","0.6294"
"232.5450","0.2231","0.6293"
"232.5650","0.2231","0.6291"
"232.5850","0.2231","0.6292"
"232.6050","0.2231","0.6294"
"232.6250","0.2231","0.6293"
"232.6450","0.2231","0.6292"
"232.6650","0.2231","0.6292"
"232.6850","0.2231","0.6292"
"232.7050","0.2231","0.6292"
"232.7250","0.2231","0.6292"
"232.7450","0.2231","0.6292"
"232.7650","0.2231","0.6293"
"232.7850","0.2231","0.6293"
"232.8050","0.2231","0.6293"
"232.8250","0.2231","0.6292"
"232.8450","0.2231","0.6292"
"232.8650","0.2231","0.6293"
"232.8850","0.2231","0.6293"
"232.9050","0.2231","0.6293"
"232.9250","0.2231","0.6292"
"232.9450","0.2231","0.6292"
"232.9650","0.2231","0.6292"
"232.9850","0.2231","0.6292"
"233.0050","0.2231","0.6292"
"233.0250","0.2231","0.6292"
"233.0450","0.2231","0.6292"
"233.0650","0.2231","0.6292"
"233.0850","0.2231","0.6292"
"233.1050","0.2231","0.6292"
"233.1250","0.2231","0.6293"
"233.1450","0.2231","0.6293"
"233.1650","0.2231","0.6292"
"233.1850","0.2231","0.6291"
"233.2050","0.2231","0.6291"
"233.2250","0.2231","0.6291"
"233.2450","0.2231","0.6291"
"233.2650","0.2231","0.6292"
"233.2850","0.2231","0.6292"
"233.3050","0.2231","0.6291"
"233.3250","0.2231","0.6291"
"233.3450","0.2231","0.6291"
"233.3650","0.2231","0.6292"
"233.3850","0.2231","0.6292"
"233.4050","0.2231","0.6291"
"233.4250","0.2231","0.6291"
"233.4450","0.2231","0.6292"
"233.4650","0.2231","0.6292"
"233.4850","0.2231","0.6292"
"233.5050","0.2231","0.6292"
"233.5250","0.2231","0.6292"
"233.5450","0.2231","0.6291"
"233.5650","0.2231","0.6292"
"233.5850","0.2231","0.6291"
"233.6050","0.2231","0.6291"
"233.6250","0.2231","0.6291"
"233.6450","0.2231","0.6291"
"233.6650","0.2231","0.6291"
"233.6850","0.2231","0.6290"
"233.7050","0.2231","0.6290"
"233.7250","0.2231","0.6290"
"233.7450","0.2231","0.6291"
"233.7650","0.2231","0.6290"
"233.7850","0.2231","0.6290"
"233.8050","0.2231","0.6290"
"233.8250","0.2231","0.6291"
"233.8450","0.2231","0.6290"
"233.8650","0.2231","0.6290"
"233.8850","0.2231","0.6291"
"233.9050","0.2231","0.6291"
"233.9250","0.2231","0.6291"
"233.9450","0.2231","0.6291"
"233.9650","0.2231","0.6291"
"233.9850","0.2231","0.6291"
"234.0050","0.2231","0.6291"
"234.0250","0.2231","0.6291"
"234.0450","0.2231","0.6291"
"234.0650","0.2231","0.6290"
"234.0850","0.2231","0.6290"
"234.1050","0.2231","0.6290"
"234.1250","0.2231","0.6290"
"234.1450","0.2231","0.6290"
"234.1650","0.2231","0.6290"
"234.1850","0.2231","0.6290"
"234.2050","0.2231","0.6290"
"234.2250","0.2231","0.6290"
"234.2450","0.2231","0.6290"
"234.2650","0.2231","0.6291"
"234.2850","0.2231","0.6292"
"234.3050","0.2231","0.6291"
"234.3250","0.2231","0.6291"
"234.3450","0.2231","0.6290"
"234.3650","0.2231","0.6290"
"234.3850","0.2231","0.6289"
"234.4050","0.2231","0.6289"
"234.4250","0.2231","0.6289"
"234.4450","0.2231","0.6289"
"234.4650","0.2231","0.6289"
"234.4850","0.2231","0.6290"
"234.5050","0.2231","0.6290"
"234.5250","0.2231","0.6290"
"234.5450","0.2231","0.6290"
"234.5650","0.2231","0.6289"
"234.5850","0.2231","0.6289"
"234.6050","0.2231","0.6289"
"234.6250","0.2231","0.6289"
"234.6450","0.2231","0.6289"
"234.6650","0.2231","0.6290"
"234.6850","0.2231","0.6290"
"234.7050","0.2231","0.6290"
"234.7250","0.2231","0.6289"
"234.7450","0.2231","0.6289"
"234.7650","0.2231","0.6290"
"234.7850","0.2231","0.6290"
"234.8050","0.2231","0.6290"
"234.8250","0.2231","0.6290"
"234.8450","0.2231","0.6289"
"234.8650","0.2231","0.6288"
"234.8850","0.2231","0.6288"
"234.9050","0.2231","0.6289"
"234.9250","0.2231","0.6289"
"234.9450","0.2231","0.6288"
"234.9650","0.2231","0.6289"
"234.9850","0.2231","0.6289"
"235.0050","0.2231","0.6290"
"235.0250","0.2231","0.6289"
"235.0450","0.2231","0.6290"
"235.0650","0.2231","0.6289"
"235.0850","0.2231","0.6289"
"235.1050","0.2231","0.6288"
"235.1250","0.2231","0.6288"
"235.1450","0.2231","0.6288"
"235.1650","0.2231","0.6287"
"235.1850","0.2231","0.6287"
"235.2050","0.2231","0.6288"
"235.2250","0.2231","0.6288"
"235.2450","0.2231","0.6289"
"235.2650","0.2231","0.6289"
"235.2850","0.2231","0.6288"
"235.3050","0.2231","0.6288"
"235.3250","0.2231","0.6288"
"235.3450","0.2231","0.6289"
"235.3650","0.2231","0.6289"
"235.3850","0.2231","0.6289"
"235.4050","0.2231","0.6289"
"235.4250","0.2231","0.6288"
"235.4450","0.2231","0.6289"
"235.4650","0.2231","0.6288"
"235.4850","0.2231","0.6288"
"235.5050","0.2231","0.6288"
"235.5250","0.2231","0.6288"
"235.5450","0.2231","0.6288"
"235.5650","0.2231","0.6287"
"235.5850","0.2231","0.6287"
"235.6050","0.2231","0.6287"
"235.6250","0.2231","0.6287"
"235.6450","0.2231","0.6287"
"235.6650","0.2231","0.6287"
"235.6850","0.2231","0.6288"
"235.7050","0.2231","0.6288"
"235.7250","0.2231","0.6288"
"235.7450","0.2231","0.6288"
"235.7650","0.2231","0.6287"
"235.7850","0.2231","0.6287"
"235.8050","0.2231","0.6288"
"235.8250","0.2231","0.6288"
"235.8450","0.2231","0.6288"
"235.8650","0.2231","0.6288"
"235.8850","0.2231","0.6287"
"235.9050","0.2231","0.6288"
"235.9250","0.2231","0.6288"
"235.9450","0.2231","0.6288"
"235.9650","0.2231","0.6289"
"235.9850","0.2231","0.6289"
"236.0050","0.2231","0.6288"
"236.0250","0.2231","0.6287"
"236.0450","0.2231","0.6287"
"236.0650","0.2231","0.6286"
"236.0850","0.2231","0.6287"
"236.1050","0.2231","0.6287"
"236.1250","0.2231","0.6287"
"236.1450","0.2231","0.6287"
"236.1650","0.2231","0.6288"
"236.1850","0.2231","0.6288"
"236.2050","0.2231","0.6288"
"236.2250","0.2231","0.6288"
"236.2450","0.2231","0.6287"
"236.2650","0.2231","0.6287"
"236.2850","0.2231","0.6288"
"236.3050","0.2231","0.6287"
"236.3250","0.2231","0.6286"
"236.3450","0.2231","0.6286"
"236.3650","0.2231","0.6287"
"236.3850","0.2231","0.6288"
"236.4050","0.2231","0.6288"
"236.4250","0.2231","0.6287"
"236.4450","0.2231","0.6287"
"236.4650","0.2231","0.6286"
"236.4850","0.2231","0.6286"
"236.5050","0.2231","0.6287"
"236.5250","0.2231","0.6287"
"236.5450","0.2231","0.6287"
"236.5650","0.2231","0.6287"
"236.5850","0.2231","0.6286"
"236.6050","0.2231","0.6286"
"236.6250","0.2231","0.6286"
"236.6450","0.2231","0.6287"
"236.6650","0.2231","0.6286"
"236.6850","0.2231","0.6286"
"236.7050","0.2231","0.6286"
"236.7250","0.2231","0.6286"
"236.7450","0.2231","0.6286"
"236.7650","0.2231","0.6286"
"236.7850","0.2231","0.6287"
"236.8050","0.2231","0.6286"
"236.8250","0.2231","0.6286"
"236.8450","0.2231","0.6286"
"236.8650","0.2231","0.6286"
"236.8850","0.2231","0.6286"
"236.9050","0.2231","0.6285"
"236.9250","0.2231","0.6286"
"236.9450","0.2231","0.6287"
"236.9650","0.2231","0.6287"
"236.9850","0.2231","0.6286"
"237.0050","0.2231","0.6286"
"237.0250","0.2231","0.6287"
"237.0450","0.2231","0.6287"
"237.0650","0.2231","0.6287"
"237.0850","0.2231","0.6287"
"237.1050","0.2231","0.6286"
"237.1250","0.2231","0.6286"
"237.1450","0.2231","0.6286"
"237.1650","0.2231","0.6286"
"237.1850","0.2231","0.6286"
"237.2050","0.2231","0.6286"
"237.2250","0.2231","0.6286"
"237.2450","0.2231","0.6285"
"237.2650","0.2231","0.6284"
"237.2850","0.2231","0.6285"
"237.3050","0.2231","0.6285"
"237.3250","0.2231","0.6286"
"237.3450","0.2231","0.6286"
"237.3650","0.2231","0.6285"
"237.3850","0.2231","0.6286"
"237.4050","0.2231","0.6286"
"237.4250","0.2231","0.6286"
"237.4450","0.2231","0.6285"
"237.4650","0.2231","0.6285"
"237.4850","0.2231","0.6286"
"237.5050","0.2231","0.6286"
"237.5250","0.2231","0.6287"
"237.5450","0.2231","0.6286"
"237.5650","0.2231","0.6284"
"237.5850","0.2231","0.6284"
"237.6050","0.2231","0.6285"
"237.6250","0.2231","0.6285"
"237.6450","0.2231","0.6285"
"237.6650","0.2231","0.6285"
"237.6850","0.2231","0.6285"
"237.7050","0.2231","0.6285"
"237.7250","0.2231","0.6285"
"237.7450","0.2231","0.6284"
"237.7650","0.2231","0.6284"
"237.7850","0.2231","0.6285"
"237.8050","0.2231","0.6285"
"237.8250","0.2231","0.6284"
"237.8450","0.2231","0.6284"
"237.8650","0.2231","0.6285"
"237.8850","0.2231","0.6285"
"237.9050","0.2231","0.6284"
"237.9250","0.2231","0.6284"
"237.9450","0.2231","0.6285"
"237.9650","0.2231","0.6284"
"237.9850","0.2231","0.6284"
"238.0050","0.2231","0.6284"
"238.0250","0.2231","0.6285"
"238.0450","0.2231","0.6285"
"238.0650","0.2231","0.6285"
"238.0850","0.2231","0.6285"
"238.1050","0.2231","0.6285"
"238.1250","0.2231","0.6284"
"238.1450","0.2231","0.6284"
"238.1650","0.2231","0.6284"
"238.1850","0.2231","0.6284"
"238.2050","0.2231","0.6284"
"238.2250","0.2231","0.6284"
"238.2450","0.2231","0.6284"
"238.2650","0.2231","0.6284"
"238.2850","0.2231","0.6284"
"238.3050","0.2231","0.6284"
"238.3250","0.2231","0.6283"
"238.3450","0.2231","0.6283"
"238.3650","0.2231","0.6284"
"238.3850","0.2231","0.6284"
"238.4050","0.2231","0.6283"
"238.4250","0.2231","0.6283"
"238.4450","0.2231","0.6283"
"238.4650","0.2231","0.6283"
"238.4850","0.2231","0.6284"
"238.5050","0.2231","0.6284"
"238.5250","0.2231","0.6284"
"238.5450","0.2231","0.6284"
"238.5650","0.2231","0.6284"
"238.5850","0.2231","0.6283"
"238.6050","0.2231","0.6283"
"238.6250","0.2231","0.6283"
"238.6450","0.2231","0.6283"
"238.6650","0.2231","0.6284"
"238.6850","0.2231","0.6284"
"238.7050","0.2231","0.6284"
"238.7250","0.2231","0.6284"
"238.7450","0.2231","0.6284"
"238.7650","0.2231","0.6284"
"238.7850","0.2231","0.6283"
"238.8050","0.2231","0.6283"
"238.8250","0.2231","0.6283"
"238.8450","0.2231","0.6283"
"238.8650","0.2231","0.6283"
"238.8850","0.2231","0.6283"
"238.9050","0.2231","0.6284"
"238.9250","0.2231","0.6284"
"238.9450","0.2231","0.6284"
"238.9650","0.2231","0.6283"
"238.9850","0.2231","0.6283"
"239.0050","0.2231","0.6283"
"239.0250","0.2231","0.6283"
"239.0450","0.2231","0.6283"
"239.0650","0.2231","0.6283"
"239.0850","0.2231","0.6284"
"239.1050","0.2231","0.6284"
"239.1250","0.2231","0.6283"
"239.1450","0.2231","0.6283"
"239.1650","0.2231","0.6283"
"239.1850","0.2231","0.6283"
"239.2050","0.2231","0.6283"
"239.2250","0.2231","0.6283"
"239.2450","0.2231","0.6283"
"239.2650","0.2231","0.6283"
"239.2850","0.2231","0.6282"
"239.3050","0.2231","0.6282"
"239.3250","0.2231","0.6282"
"239.3450","0.2231","0.6282"
"239.3650","0.2231","0.6282"
"239.3850","0.2231","0.6282"
"239.4050","0.2231","0.6282"
"239.4250","0.2231","0.6282"
"239.4450","0.2231","0.6282"
"239.4650","0.2231","0.6282"
"239.4850","0.2231","0.6283"
"239.5050","0.2231","0.6282"
"239.5250","0.2231","0.6283"
"239.5450","0.2231","0.6283"
"239.5650","0.2231","0.6282"
"239.5850","0.2231","0.6283"
"239.6050","0.2231","0.6283"
"239.6250","0.2231","0.6283"
"239.6450","0.2231","0.6283"
"239.6650","0.2231","0.6283"
"239.6850","0.2231","0.6283"
"239.7050","0.2231","0.6282"
"239.7250","0.2231","0.6282"
"239.7450","0.2231","0.6282"
"239.7650","0.2231","0.6282"
"239.7850","0.2231","0.6282"
"239.8050","0.2231","0.6282"
"239.8250","0.2231","0.6283"
"239.8450","0.2231","0.6283"
"239.8650","0.2231","0.6282"
"239.8850","0.2231","0.6282"
"239.9050","0.2231","0.6281"
"239.9250","0.2231","0.6282"
"239.9450","0.2231","0.6281"
"239.9650","0.2231","0.6282"
"239.9850","0.2231","0.6282"
"240.0050","0.2231","0.6282"
"240.0250","0.2231","0.6282"
"240.0450","0.2231","0.6282"
"240.0650","0.2231","0.6281"
"240.0850","0.2231","0.6281"
"240.1050","0.2231","0.6281"
"240.1250","0.2231","0.6282"
"240.1450","0.2231","0.6282"
"240.1650","0.2231","0.6282"
"240.1850","0.2231","0.6281"
"240.2050","0.2231","0.6281"
"240.2250","0.2231","0.6281"
"240.2450","0.2231","0.6281"
"240.2650","0.2231","0.6281"
"240.2850","0.2231","0.6281"
"240.3050","0.2231","0.6282"
"240.3250","0.2231","0.6281"
"240.3450","0.2231","0.6281"
"240.3650","0.2231","0.6281"
"240.3850","0.2231","0.6281"
"240.4050","0.2231","0.6281"
"240.4250","0.2231","0.6282"
"240.4450","0.2231","0.6281"
"240.4650","0.2231","0.6281"
"240.4850","0.2231","0.6280"
"240.5050","0.2231","0.6281"
"240.5250","0.2231","0.6281"
"240.5450","0.2231","0.6280"
"240.5650","0.2231","0.6280"
"240.5850","0.2231","0.6280"
"240.6050","0.2231","0.6279"
"240.6250","0.2231","0.6279"
"240.6450","0.2231","0.6280"
"240.6650","0.2231","0.6281"
"240.6850","0.2231","0.6282"
"240.7050","0.2231","0.6281"
"240.7250","0.2231","0.6281"
"240.7450","0.2231","0.6280"
"240.7650","0.2231","0.6281"
"240.7850","0.2231","0.6281"
"240.8050","0.2231","0.6281"
"240.8250","0.2231","0.6280"
"240.8450","0.2231","0.6280"
"240.8650","0.2231","0.6280"
"240.8850","0.2231","0.6281"
"240.9050","0.2231","0.6281"
"240.9250","0.2231","0.6280"
"240.9450","0.2231","0.6281"
"240.9650","0.2231","0.6281"
"240.9850","0.2231","0.6281"
"241.0050","0.2231","0.6281"
"241.0250","0.2231","0.6280"
"241.0450","0.2231","0.6280"
"241.0650","0.2231","0.6280"
"241.0850","0.2231","0.6280"
"241.1050","0.2231","0.6281"
"241.1250","0.2231","0.6281"
"241.1450","0.2231","0.6280"
"241.1650","0.2231","0.6280"
"241.1850","0.2231","0.6281"
"241.2050","0.2231","0.6281"
"241.2250","0.2231","0.6280"
"241.2450","0.2231","0.6280"
"241.2650","0.2231","0.6280"
"241.2850","0.2231","0.6280"
"241.3050","0.2231","0.6280"
"241.3250","0.2231","0.6280"
"241.3450","0.2231","0.6280"
"241.3650","0.2231","0.6280"
"241.3850","0.2231","0.6280"
"241.4050","0.2231","0.6280"
"241.4250","0.2231","0.6280"
"241.4450","0.2231","0.6280"
"241.4650","0.2231","0.6280"
"241.4850","0.2231","0.6280"
"241.5050","0.2231","0.6280"
"241.5250","0.2231","0.6279"
"241.5450","0.2231","0.6278"
"241.5650","0.2231","0.6279"
"241.5850","0.2231","0.6279"
"241.6050","0.2231","0.6280"
"241.6250","0.2231","0.6280"
"241.6450","0.2231","0.6280"
"241.6650","0.2231","0.6279"
"241.6850","0.2231","0.6279"
"241.7050","0.2231","0.6279"
"241.7250","0.2231","0.6279"
"241.7450","0.2231","0.6278"
"241.7650","0.2231","0.6278"
"241.7850","0.2231","0.6278"
"241.8050","0.2231","0.6278"
"241.8250","0.2231","0.6279"
"241.8450","0.2231","0.6278"
"241.8650","0.2231","0.6278"
"241.8850","0.2231","0.6279"
"241.9050","0.2231","0.6279"
"241.9250","0.2231","0.6279"
"241.9450","0.2231","0.6278"
"241.9650","0.2231","0.6279"
"241.9850","0.2231","0.6279"
"242.0050","0.2231","0.6279"
"242.0250","0.2231","0.6278"
"242.0450","0.2231","0.6278"
"242.0650","0.2231","0.6278"
"242.0850","0.2231","0.6279"
"242.1050","0.2231","0.6279"
"242.1250","0.2231","0.6279"
"242.1450","0.2231","0.6278"
"242.1650","0.2231","0.6278"
"242.1850","0.2231","0.6279"
"242.2050","0.2231","0.6279"
"242.2250","0.2231","0.6279"
"242.2450","0.2231","0.6278"
"242.2650","0.2231","0.6278"
"242.2850","0.2231","0.6278"
"242.3050","0.2231","0.6278"
"242.3250","0.2231","0.6278"
"242.3450","0.2231","0.6279"
"242.3650","0.2231","0.6279"
"242.3850","0.2231","0.6279"
"242.4050","0.2231","0.6279"
"242.4250","0.2231","0.6278"
"242.4450","0.2231","0.6279"
"242.4650","0.2231","0.6278"
"242.4850","0.2231","0.6278"
"242.5050","0.2231","0.6278"
"242.5250","0.2231","0.6278"
"242.5450","0.2231","0.6278"
"242.5650","0.2231","0.6278"
"242.5850","0.2231","0.6278"
"242.6050","0.2231","0.6278"
"242.6250","0.2231","0.6278"
"242.6450","0.2231","0.6279"
"242.6650","0.2231","0.6278"
"242.6850","0.2231","0.6278"
"242.7050","0.2231","0.6278"
"242.7250","0.2231","0.6278"
"242.7450","0.2231","0.6278"
"242.7650","0.2231","0.6277"
"242.7850","0.2231","0.6277"
"242.8050","0.2231","0.6278"
"242.8250","0.2231","0.6277"
"242.8450","0.2231","0.6277"
"242.8650","0.2231","0.6278"
"242.8850","0.2231","0.6278"
"242.9050","0.2231","0.6278"
"242.9250","0.2231","0.6278"
"242.9450","0.2231","0.6278"
"242.9650","0.2231","0.6277"
"242.9850","0.2231","0.6277"
"243.0050","0.2231","0.6277"
"243.0250","0.2231","0.6278"
"243.0450","0.2231","0.6277"
"243.0650","0.2231","0.6277"
"243.0850","0.2231","0.6278"
"243.1050","0.2231","0.6277"
"243.1250","0.2231","0.6277"
"243.1450","0.2231","0.6276"
"243.1650","0.2231","0.6276"
"243.1850","0.2231","0.6276"
"243.2050","0.2231","0.6277"
"243.2250","0.2231","0.6277"
"243.2450","0.2231","0.6276"
"243.2650","0.2231","0.6277"
"243.2850","0.2231","0.6277"
"243.3050","0.2231","0.6277"
"243.3250","0.2231","0.6277"
"243.3450","0.2231","0.6277"
"243.3650","0.2231","0.6277"
"243.3850","0.2231","0.6277"
"243.4050","0.2231","0.6277"
"243.4250","0.2231","0.6277"
"243.4450","0.2231","0.6276"
"243.4650","0.2231","0.6276"
"243.4850","0.2231","0.6276"
"243.5050","0.2231","0.6277"
"243.5250","0.2231","0.6277"
"243.5450","0.2231","0.6277"
"243.5650","0.2231","0.6277"
"243.5850","0.2231","0.6277"
"243.6050","0.2231","0.6277"
"243.6250","0.2231","0.6277"
"243.6450","0.2231","0.6277"
"243.6650","0.2231","0.6277"
"243.6850","0.2231","0.6276"
"243.7050","0.2231","0.6275"
"243.7250","0.2231","0.6275"
"243.7450","0.2231","0.6276"
"243.7650","0.2231","0.6276"
"243.7850","0.2231","0.6276"
"243.8050","0.2231","0.6276"
"243.8250","0.2231","0.6276"
"243.8450","0.2231","0.6276"
"243.8650","0.2231","0.6276"
"243.8850","0.2231","0.6276"
"243.9050","0.2231","0.6276"
"243.9250","0.2231","0.6275"
"243.9450","0.2231","0.6275"
"243.9650","0.2231","0.6275"
"243.9850","0.2231","0.6276"
"244.0050","0.2231","0.6276"
"244.0250","0.2231","0.6276"
"244.0450","0.2231","0.6276"
"244.0650","0.2231","0.6277"
"244.0850","0.2231","0.6276"
"244.1050","0.2231","0.6275"
"244.1250","0.2231","0.6274"
"244.1450","0.2231","0.6275"
"244.1650","0.2231","0.6275"
"244.1850","0.2231","0.6275"
"244.2050","0.2231","0.6275"
"244.2250","0.2231","0.6275"
"244.2450","0.2231","0.6276"
"244.2650","0.2231","0.6276"
"244.2850","0.2231","0.6275"
"244.3050","0.2231","0.6275"
"244.3250","0.2231","0.6275"
"244.3450","0.2231","0.6276"
"244.3650","0.2231","0.6275"
"244.3850","0.2231","0.6276"
"244.4050","0.2231","0.6276"
"244.4250","0.2231","0.6276"
"244.4450","0.2231","0.6276"
"244.4650","0.2231","0.6275"
"244.4850","0.2231","0.6275"
"244.5050","0.2231","0.6275"
"244.5250","0.2231","0.6275"
"244.5450","0.2231","0.6275"
"244.5650","0.2231","0.6275"
"244.5850","0.2231","0.6275"
"244.6050","0.2231","0.6274"
"244.6250","0.2231","0.6275"
"244.6450","0.2231","0.6275"
"244.6650","0.2231","0.6275"
"244.6850","0.2231","0.6275"
"244.7050","0.2231","0.6276"
"244.7250","0.2231","0.6275"
"244.7450","0.2231","0.6274"
"244.7650","0.2231","0.6275"
"244.7850","0.2231","0.6275"
"244.8050","0.2231","0.6275"
"244.8250","0.2231","0.6274"
"244.8450","0.2231","0.6274"
"244.8650","0.2231","0.6275"
"244.8850","0.2231","0.6275"
"244.9050","0.2231","0.6275"
"244.9250","0.2231","0.6274"
"244.9450","0.2231","0.6273"
"244.9650","0.2231","0.6273"
"244.9850","0.2231","0.6274"
"245.0050","0.2231","0.6274"
"245.0250","0.2231","0.6275"
"245.0450","0.2231","0.6274"
"245.0650","0.2231","0.6274"
"245.0850","0.2231","0.6275"
"245.1050","0.2231","0.6274"
"245.1250","0.2231","0.6273"
"245.1450","0.2231","0.6273"
"245.1650","0.2231","0.6274"
"245.1850","0.2231","0.6274"
"245.2050","0.2231","0.6274"
"245.2250","0.2231","0.6274"
"245.2450","0.2231","0.6274"
"245.2650","0.2231","0.6275"
"245.2850","0.2231","0.6275"
"245.3050","0.2231","0.6275"
"245.3250","0.2231","0.6274"
"245.3450","0.2231","0.6274"
"245.3650","0.2231","0.6274"
"245.3850","0.2231","0.6274"
"245.4050","0.2231","0.6274"
"245.4250","0.2231","0.6274"
"245.4450","0.2231","0.6275"
"245.4650","0.2231","0.6275"
"245.4850","0.2231","0.6275"
"245.5050","0.2231","0.6274"
"245.5250","0.2231","0.6273"
"245.5450","0.2231","0.6273"
"245.5650","0.2231","0.6274"
"245.5850","0.2231","0.6274"
"245.6050","0.2231","0.6274"
"245.6250","0.2231","0.6273"
"245.6450","0.2231","0.6274"
"245.6650","0.2231","0.6274"
"245.6850","0.2231","0.6273"
"245.7050","0.2231","0.6274"
"245.7250","0.2231","0.6273"
"245.7450","0.2231","0.6273"
"245.7650","0.2231","0.6274"
"245.7850","0.2231","0.6274"
"245.8050","0.2231","0.6274"
"245.8250","0.2231","0.6274"
"245.8450","0.2231","0.6273"
"245.8650","0.2231","0.6273"
"245.8850","0.2231","0.6273"
"245.9050","0.2231","0.6273"
"245.9250","0.2231","0.6274"
"245.9450","0.2231","0.6274"
"245.9650","0.2231","0.6273"
"245.9850","0.2231","0.6274"
"246.0050","0.2231","0.6274"
"246.0250","0.2231","0.6273"
"246.0450","0.2231","0.6273"
"246.0650","0.2231","0.6273"
"246.0850","0.2231","0.6273"
"246.1050","0.2231","0.6273"
"246.1250","0.2231","0.6273"
"246.1450","0.2231","0.6273"
"246.1650","0.2231","0.6273"
"246.1850","0.2231","0.6273"
"246.2050","0.2231","0.6273"
"246.2250","0.2231","0.6273"
"246.2450","0.2231","0.6273"
"246.2650","0.2231","0.6273"
"246.2850","0.2231","0.6273"
"246.3050","0.2231","0.6273"
"246.3250","0.2231","0.6273"
"246.3450","0.2231","0.6272"
"246.3650","0.2231","0.6272"
"246.3850","0.2231","0.6273"
"246.4050","0.2231","0.6273"
"246.4250","0.2231","0.6273"
"246.4450","0.2231","0.6272"
"246.4650","0.2231","0.6272"
"246.4850","0.2231","0.6272"
"246.5050","0.2231","0.6272"
"246.5250","0.2231","0.6273"
"246.5450","0.2231","0.6272"
"246.5650","0.2231","0.6272"
"246.5850","0.2231","0.6272"
"246.6050","0.2231","0.6271"
"246.6250","0.2231","0.6272"
"246.6450","0.2231","0.6272"
"246.6650","0.2231","0.6272"
"246.6850","0.2231","0.6272"
"246.7050","0.2231","0.6272"
"246.7250","0.2231","0.6271"
"246.7450","0.2231","0.6272"
"246.7650","0.2231","0.6273"
"246.7850","0.2231","0.6272"
"246.8050","0.2231","0.6271"
"246.8250","0.2231","0.6272"
"246.8450","0.2231","0.6272"
"246.8650","0.2231","0.6272"
"246.8850","0.2231","0.6272"
"246.9050","0.2231","0.6272"
"246.9250","0.2231","0.6272"
"246.9450","0.2231","0.6272"
"246.9650","0.2231","0.6272"
"246.9850","0.2231","0.6272"
"247.0050","0.2231","0.6272"
"247.0250","0.2231","0.6272"
"247.0450","0.2231","0.6272"
"247.0650","0.2231","0.6271"
"247.0850","0.2231","0.6271"
"247.1050","0.2231","0.6272"
"247.1250","0.2231","0.6272"
"247.1450","0.2231","0.6272"
"247.1650","0.2231","0.6271"
"247.1850","0.2231","0.6271"
"247.2050","0.2231","0.6271"
"247.2250","0.2231","0.6272"
"247.2450","0.2231","0.6273"
"247.2650","0.2231","0.6271"
"247.2850","0.2231","0.6271"
"247.3050","0.2231","0.6272"
"247.3250","0.2231","0.6272"
"247.3450","0.2231","0.6272"
"247.3650","0.2231","0.6271"
"247.3850","0.2231","0.6271"
"247.4050","0.2231","0.6271"
"247.4250","0.2231","0.6272"
"247.4450","0.2231","0.6272"
"247.4650","0.2231","0.6271"
"247.4850","0.2231","0.6271"
"247.5050","0.2231","0.6270"
"247.5250","0.2231","0.6270"
"247.5450","0.2231","0.6271"
"247.5650","0.2231","0.6272"
"247.5850","0.2231","0.6272"
"247.6050","0.2231","0.6271"
"247.6250","0.2231","0.6270"
"247.6450","0.2231","0.6270"
"247.6650","0.2231","0.6270"
"247.6850","0.2231","0.6270"
"247.7050","0.2231","0.6270"
"247.7250","0.2231","0.6270"
"247.7450","0.2231","0.6270"
"247.7650","0.2231","0.6270"
"247.7850","0.2231","0.6271"
"247.8050","0.2231","0.6270"
"247.8250","0.2231","0.6270"
"247.8450","0.2231","0.6270"
"247.8650","0.2231","0.6271"
"247.8850","0.2231","0.6270"
"247.9050","0.2231","0.6271"
"247.9250","0.2231","0.6270"
"247.9450","0.2231","0.6270"
"247.9650","0.2231","0.6270"
"247.9850","0.2231","0.6270"
"248.0050","0.2231","0.6270"
"248.0250","0.2231","0.6270"
"248.0450","0.2231","0.6270"
"248.0650","0.2231","0.6270"
"248.0850","0.2231","0.6270"
"248.1050","0.2231","0.6271"
"248.1250","0.2231","0.6271"
"248.1450","0.2231","0.6270"
"248.1650","0.2231","0.6270"
"248.1850","0.2231","0.6269"
"248.2050","0.2231","0.6269"
"248.2250","0.2231","0.6269"
"248.2450","0.2231","0.6270"
"248.2650","0.2231","0.6270"
"248.2850","0.2231","0.6270"
"248.3050","0.2231","0.6269"
"248.3250","0.2231","0.6270"
"248.3450","0.2231","0.6269"
"248.3650","0.2231","0.6269"
"248.3850","0.2231","0.6270"
"248.4050","0.2231","0.6270"
"248.4250","0.2231","0.6270"
"248.4450","0.2231","0.6270"
"248.4650","0.2231","0.6270"
"248.4850","0.2231","0.6269"
"248.5050","0.2231","0.6269"
"248.5250","0.2231","0.6269"
"248.5450","0.2231","0.6270"
"248.5650","0.2231","0.6270"
"248.5850","0.2231","0.6270"
"248.6050","0.2231","0.6269"
"248.6250","0.2231","0.6270"
"248.6450","0.2231","0.6269"
"248.6650","0.2231","0.6270"
"248.6850","0.2231","0.6269"
"248.7050","0.2231","0.6270"
"248.7250","0.2231","0.6269"
"248.7450","0.2231","0.6269"
"248.7650","0.2231","0.6269"
"248.7850","0.2231","0.6269"
"248.8050","0.2231","0.6269"
"248.8250","0.2231","0.6268"
"248.8450","0.2231","0.6268"
"248.8650","0.2231","0.6268"
"248.8850","0.2231","0.6269"
"248.9050","0.2231","0.6270"
"248.9250","0.2231","0.6269"
"248.9450","0.2231","0.6269"
"248.9650","0.2231","0.6269"
"248.9850","0.2231","0.6269"
"249.0050","0.2231","0.6269"
"249.0250","0.2231","0.6268"
"249.0450","0.2231","0.6268"
"249.0650","0.2231","0.6269"
"249.0850","0.2231","0.6269"
"249.1050","0.2231","0.6268"
"249.1250","0.2231","0.6268"
"249.1450","0.2231","0.6269"
"249.1650","0.2231","0.6269"
"249.1850","0.2231","0.6270"
"249.2050","0.2231","0.6269"
"249.2250","0.2231","0.6268"
"249.2450","0.2231","0.6267"
"249.2650","0.2231","0.6267"
"249.2850","0.2231","0.6268"
"249.3050","0.2231","0.6268"
"249.3250","0.2231","0.6268"
"249.3450","0.2231","0.6268"
"249.3650","0.2231","0.6268"
"249.3850","0.2231","0.6268"
"249.4050","0.2231","0.6268"
"249.4250","0.2231","0.6268"
"249.4450","0.2231","0.6268"
"249.4650","0.2231","0.6269"
"249.4850","0.2231","0.6269"
"249.5050","0.2231","0.6268"
"249.5250","0.2231","0.6267"
"249.5450","0.2231","0.6268"
"249.5650","0.2231","0.6269"
"249.5850","0.2231","0.6269"
"249.6050","0.2231","0.6268"
"249.6250","0.2231","0.6268"
"249.6450","0.2231","0.6268"
"249.6650","0.2231","0.6268"
"249.6850","0.2231","0.6268"
"249.7050","0.2231","0.6267"
"249.7250","0.2231","0.6268"
"249.7450","0.2231","0.6268"
"249.7650","0.2231","0.6269"
"249.7850","0.2231","0.6268"
"249.8050","0.2231","0.6267"
"249.8250","0.2231","0.6268"
"249.8450","0.2231","0.6267"
"249.8650","0.2231","0.6267"
"249.8850","0.2231","0.6268"
"249.9050","0.2231","0.6267"
"249.9250","0.2231","0.6267"
"249.9450","0.2231","0.6267"
"249.9650","0.2231","0.6267"
"249.9850","0.2231","0.6266"
"250.0050","0.2231","0.6267"
"250.0250","0.2231","0.6268"
"250.0450","0.2231","0.6269"
"250.0650","0.2231","0.6268"
"250.0850","0.2231","0.6266"
"250.1050","0.2231","0.6265"
"250.1250","0.2231","0.6267"
"250.1450","0.2231","0.6267"
"250.1650","0.2231","0.6267"
"250.1850","0.2231","0.6267"
"250.2050","0.2231","0.6266"
"250.2250","0.2231","0.6266"
"250.2450","0.2231","0.6266"
"250.2650","0.2231","0.6267"
"250.2850","0.2231","0.6267"
"250.3050","0.2231","0.6267"
"250.3250","0.2231","0.6268"
"250.3450","0.2231","0.6267"
"250.3650","0.2231","0.6267"
"250.3850","0.2231","0.6267"
"250.4050","0.2231","0.6266"
"250.4250","0.2231","0.6267"
"250.4450","0.2231","0.6266"
"250.4650","0.2231","0.6267"
"250.4850","0.2231","0.6267"
"250.5050","0.2231","0.6266"
"250.5250","0.2231","0.6266"
"250.5450","0.2231","0.6267"
"250.5650","0.2231","0.6267"
"250.5850","0.2231","0.6267"
"250.6050","0.2231","0.6267"
"250.6250","0.2231","0.6266"
"250.6450","0.2231","0.6266"
"250.6650","0.2231","0.6266"
"250.6850","0.2231","0.6266"
"250.7050","0.2231","0.6266"
"250.7250","0.2231","0.6266"
"250.7450","0.2231","0.6266"
"250.7650","0.2231","0.6267"
"250.7850","0.2231","0.6267"
"250.8050","0.2231","0.6267"
"250.8250","0.2231","0.6266"
"250.8450","0.2231","0.6267"
"250.8650","0.2231","0.6267"
"250.8850","0.2231","0.6266"
"250.9050","0.2231","0.6265"
"250.9250","0.2231","0.6265"
"250.9450","0.2231","0.6265"
"250.9650","0.2231","0.6266"
"250.9850","0.2231","0.6266"
"251.0050","0.2231","0.6266"
"251.0250","0.2231","0.6267"
"251.0450","0.2231","0.6267"
"251.0650","0.2231","0.6266"
"251.0850","0.2231","0.6265"
"251.1050","0.2231","0.6265"
"251.1250","0.2231","0.6266"
"251.1450","0.2231","0.6266"
"251.1650","0.2231","0.6266"
"251.1850","0.2231","0.6266"
"251.2050","0.2231","0.6266"
"251.2250","0.2231","0.6266"
"251.2450","0.2231","0.6265"
"251.2650","0.2231","0.6266"
"251.2850","0.2231","0.6266"
"251.3050","0.2231","0.6265"
"251.3250","0.2231","0.6265"
"251.3450","0.2231","0.6264"
"251.3650","0.2231","0.6265"
"251.3850","0.2231","0.6266"
"251.4050","0.2231","0.6265"
"251.4250","0.2231","0.6265"
"251.4450","0.2231","0.6265"
"251.4650","0.2231","0.6266"
"251.4850","0.2231","0.6265"
"251.5050","0.2231","0.6265"
"251.5250","0.2231","0.6265"
"251.5450","0.2231","0.6265"
"251.5650","0.2231","0.6265"
"251.5850","0.2231","0.6265"
"251.6050","0.2231","0.6265"
"251.6250","0.2231","0.6265"
"251.6450","0.2231","0.6265"
"251.6650","0.2231","0.6266"
"251.6850","0.2231","0.6265"
"251.7050","0.2231","0.6265"
"251.7250","0.2231","0.6265"
"251.7450","0.2231","0.6265"
"251.7650","0.2231","0.6266"
"251.7850","0.2231","0.6266"
"251.8050","0.2231","0.6265"
"251.8250","0.2231","0.6264"
"251.8450","0.2231","0.6264"
"251.8650","0.2231","0.6264"
"251.8850","0.2231","0.6263"
"251.9050","0.2231","0.6264"
"251.9250","0.2231","0.6264"
"251.9450","0.2231","0.6264"
"251.9650","0.2231","0.6265"
"251.9850","0.2231","0.6265"
"252.0050","0.2231","0.6265"
"252.0250","0.2231","0.6265"
"252.0450","0.2231","0.6265"
"252.0650","0.2231","0.6266"
"252.0850","0.2231","0.6265"
"252.1050","0.2231","0.6264"
"252.1250","0.2231","0.6264"
"252.1450","0.2231","0.6264"
"252.1650","0.2231","0.6264"
"252.1850","0.2231","0.6264"
"252.2050","0.2231","0.6265"
"252.2250","0.2231","0.6265"
"252.2450","0.2231","0.6264"
"252.2650","0.2231","0.6264"
"252.2850","0.2231","0.6264"
"252.3050","0.2231","0.6264"
"252.3250","0.2231","0.6264"
"252.3450","0.2231","0.6264"
"252.3650","0.2231","0.6264"
"252.3850","0.2231","0.6264"
"252.4050","0.2231","0.6264"
"252.4250","0.2231","0.6264"
"252.4450","0.2231","0.6264"
"252.4650","0.2231","0.6264"
"252.4850","0.2231","0.6264"
"252.5050","0.2231","0.6264"
"252.5250","0.2231","0.6264"
"252.5450","0.2231","0.6263"
"252.5650","0.2231","0.6263"
"252.5850","0.2231","0.6263"
"252.6050","0.2231","0.6263"
"252.6250","0.2231","0.6264"
"252.6450","0.2231","0.6264"
"252.6650","0.2231","0.6265"
"252.6850","0.2231","0.6264"
"252.7050","0.2231","0.6264"
"252.7250","0.2231","0.6264"
"252.7450","0.2231","0.6263"
"252.7650","0.2231","0.6263"
"252.7850","0.2231","0.6263"
"252.8050","0.2231","0.6263"
"252.8250","0.2231","0.6263"
"252.8450","0.2231","0.6263"
"252.8650","0.2231","0.6263"
"252.8850","0.2231","0.6264"
"252.9050","0.2231","0.6264"
"252.9250","0.2231","0.6263"
"252.9450","0.2231","0.6263"
"252.9650","0.2231","0.6264"
"252.9850","0.2231","0.6264"
"253.0050","0.2231","0.6263"
"253.0250","0.2231","0.6263"
"253.0450","0.2231","0.6263"
"253.0650","0.2231","0.6263"
"253.0850","0.2231","0.6263"
"253.1050","0.2231","0.6263"
"253.1250","0.2231","0.6263"
"253.1450","0.2231","0.6263"
"253.1650","0.2231","0.6264"
"253.1850","0.2231","0.6263"
"253.2050","0.2231","0.6263"
"253.2250","0.2231","0.6264"
"253.2450","0.2231","0.6263"
"253.2650","0.2231","0.6262"
"253.2850","0.2231","0.6262"
"253.3050","0.2231","0.6261"
"253.3250","0.2231","0.6262"
"253.3450","0.2231","0.6263"
"253.3650","0.2231","0.6262"
"253.3850","0.2231","0.6261"
"253.4050","0.2231","0.6262"
"253.4250","0.2231","0.6263"
"253.4450","0.2231","0.6263"
"253.4650","0.2231","0.6262"
"253.4850","0.2231","0.6262"
"253.5050","0.2231","0.6262"
"253.5250","0.2231","0.6262"
"253.5450","0.2231","0.6263"
"253.5650","0.2231","0.6262"
"253.5850","0.2231","0.6262"
"253.6050","0.2231","0.6262"
"253.6250","0.2231","0.6263"
"253.6450","0.2231","0.6263"
"253.6650","0.2231","0.6262"
"253.6850","0.2231","0.6263"
"253.7050","0.2231","0.6263"
"253.7250","0.2231","0.6262"
"253.7450","0.2231","0.6261"
"253.7650","0.2231","0.6262"
"253.7850","0.2231","0.6262"
"253.8050","0.2231","0.6262"
"253.8250","0.2231","0.6262"
"253.8450","0.2231","0.6263"
"253.8650","0.2231","0.6263"
"253.8850","0.2231","0.6262"
"253.9050","0.2231","0.6261"
"253.9250","0.2231","0.6262"
"253.9450","0.2231","0.6261"
"253.9650","0.2231","0.6261"
"253.9850","0.2231","0.6261"
"254.0050","0.2231","0.6261"
"254.0250","0.2231","0.6262"
"254.0450","0.2231","0.6262"
"254.0650","0.2231","0.6261"
"254.0850","0.2231","0.6261"
"254.1050","0.2231","0.6262"
"254.1250","0.2231","0.6261"
"254.1450","0.2231","0.6261"
"254.1650","0.2231","0.6261"
"254.1850","0.2231","0.6261"
"254.2050","0.2231","0.6261"
"254.2250","0.2231","0.6261"
"254.2450","0.2231","0.6262"
"254.2650","0.2231","0.6262"
"254.2850","0.2231","0.6262"
"254.3050","0.2231","0.6262"
"254.3250","0.2231","0.6262"
"254.3450","0.2231","0.6262"
"254.3650","0.2231","0.6261"
"254.3850","0.2231","0.6261"
"254.4050","0.2231","0.6261"
"254.4250","0.2231","0.6261"
"254.4450","0.2231","0.6260"
"254.4650","0.2231","0.6261"
"254.4850","0.2231","0.6262"
"254.5050","0.2231","0.6261"
"254.5250","0.2231","0.6261"
"254.5450","0.2231","0.6260"
"254.5650","0.2231","0.6260"
"254.5850","0.2231","0.6261"
"254.6050","0.2231","0.6261"
"254.6250","0.2231","0.6261"
"254.6450","0.2231","0.6261"
"254.6650","0.2231","0.6261"
"254.6850","0.2231","0.6261"
"254.7050","0.2231","0.6261"
"254.7250","0.2231","0.6261"
"254.7450","0.2231","0.6260"
"254.7650","0.2231","0.6262"
"254.7850","0.2231","0.6262"
"254.8050","0.2231","0.6261"
"254.8250","0.2231","0.6261"
"254.8450","0.2231","0.6260"
"254.8650","0.2231","0.6260"
"254.8850","0.2231","0.6260"
"254.9050","0.2231","0.6260"
"254.9250","0.2231","0.6260"
"254.9450","0.2231","0.6260"
"254.9650","0.2231","0.6260"
"254.9850","0.2231","0.6260"
"255.0050","0.2231","0.6260"
"255.0250","0.2231","0.6260"
"255.0450","0.2231","0.6260"
"255.0650","0.2231","0.6260"
"255.0850","0.2231","0.6259"
"255.1050","0.2231","0.6260"
"255.1250","0.2231","0.6260"
"255.1450","0.2231","0.6260"
"255.1650","0.2231","0.6261"
"255.1850","0.2231","0.6260"
"255.2050","0.2231","0.6260"
"255.2250","0.2231","0.6260"
"255.2450","0.2231","0.6260"
"255.2650","0.2231","0.6260"
"255.2850","0.2231","0.6260"
"255.3050","0.2231","0.6260"
"255.3250","0.2231","0.6260"
"255.3450","0.2231","0.6260"
"255.3650","0.2231","0.6261"
"255.3850","0.2231","0.6261"
"255.4050","0.2231","0.6260"
"255.4250","0.2231","0.6261"
"255.4450","0.2231","0.6260"
"255.4650","0.2231","0.6260"
"255.4850","0.2231","0.6260"
"255.5050","0.2231","0.6259"
"255.5250","0.2231","0.6260"
"255.5450","0.2231","0.6260"
"255.5650","0.2231","0.6260"
"255.5850","0.2231","0.6261"
"255.6050","0.2231","0.6260"
"255.6250","0.2231","0.6259"
"255.6450","0.2231","0.6259"
"255.6650","0.2231","0.6259"
"255.6850","0.2231","0.6259"
"255.7050","0.2231","0.6260"
"255.7250","0.2231","0.6260"
"255.7450","0.2231","0.6259"
"255.7650","0.2231","0.6258"
"255.7850","0.2231","0.6259"
"255.8050","0.2231","0.6259"
"255.8250","0.2231","0.6259"
"255.8450","0.2231","0.6259"
"255.8650","0.2231","0.6259"
"255.8850","0.2231","0.6260"
"255.9050","0.2231","0.6260"
"255.9250","0.2231","0.6259"
"255.9450","0.2231","0.6259"
"255.9650","0.2231","0.6259"
"255.9850","0.2231","0.6259"
"256.0050","0.2231","0.6258"
"256.0250","0.2231","0.6258"
"256.0450","0.2231","0.6259"
"256.0650","0.2231","0.6259"
"256.0850","0.2231","0.6258"
"256.1050","0.2231","0.6258"
"256.1250","0.2231","0.6259"
"256.1450","0.2231","0.6260"
"256.1650","0.2231","0.6259"
"256.1850","0.2231","0.6257"
"256.2050","0.2231","0.6257"
"256.2250","0.2231","0.6259"
"256.2450","0.2231","0.6259"
"256.2650","0.2231","0.6258"
"256.2850","0.2231","0.6259"
"256.3050","0.2231","0.6258"
"256.3250","0.2231","0.6258"
"256.3450","0.2231","0.6258"
"256.3650","0.2231","0.6258"
"256.3850","0.2231","0.6258"
"256.4050","0.2231","0.6258"
"256.4250","0.2231","0.6257"
"256.4450","0.2231","0.6257"
"256.4650","0.2231","0.6258"
"256.4850","0.2231","0.6259"
"256.5050","0.2231","0.6259"
"256.5250","0.2231","0.6258"
"256.5450","0.2231","0.6257"
"256.5650","0.2231","0.6257"
"256.5850","0.2231","0.6257"
"256.6050","0.2231","0.6258"
"256.6250","0.2231","0.6258"
"256.6450","0.2231","0.6259"
"256.6650","0.2231","0.6258"
"256.6850","0.2231","0.6258"
"256.7050","0.2231","0.6257"
"256.7250","0.2231","0.6258"
"256.7450","0.2231","0.6258"
"256.7650","0.2231","0.6259"
"256.7850","0.2231","0.6258"
"256.8050","0.2231","0.6258"
"256.8250","0.2231","0.6258"
"256.8450","0.2231","0.6257"
"256.8650","0.2231","0.6258"
"256.8850","0.2231","0.6257"
"256.9050","0.2231","0.6257"
"256.9250","0.2231","0.6258"
"256.9450","0.2231","0.6258"
"256.9650","0.2231","0.6257"
"256.9850","0.2231","0.6258"
"257.0050","0.2231","0.6258"
"257.0250","0.2231","0.6258"
"257.0450","0.2231","0.6258"
"257.0650","0.2231","0.6258"
"257.0850","0.2231","0.6258"
"257.1050","0.2231","0.6257"
"257.1250","0.2231","0.6258"
"257.1450","0.2231","0.6258"
"257.1650","0.2231","0.6257"
"257.1850","0.2231","0.6257"
"257.2050","0.2231","0.6257"
"257.2250","0.2231","0.6257"
"257.2450","0.2231","0.6257"
"257.2650","0.2231","0.6258"
"257.2850","0.2231","0.6257"
"257.3050","0.2231","0.6256"
"257.3250","0.2231","0.6257"
"257.3450","0.2231","0.6258"
"257.3650","0.2231","0.6258"
"257.3850","0.2231","0.6257"
"257.4050","0.2231","0.6257"
"257.4250","0.2231","0.6258"
"257.4450","0.2231","0.6257"
"257.4650","0.2231","0.6258"
"257.4850","0.2231","0.6259"
"257.5050","0.2231","0.6258"
"257.5250","0.2231","0.6257"
"257.5450","0.2231","0.6256"
"257.5650","0.2231","0.6257"
"257.5850","0.2231","0.6257"
"257.6050","0.2231","0.6257"
"257.6250","0.2231","0.6255"
"257.6450","0.2231","0.6255"
"257.6650","0.2231","0.6256"
"257.6850","0.2231","0.6257"
"257.7050","0.2231","0.6256"
"257.7250","0.2231","0.6257"
"257.7450","0.2231","0.6258"
"257.7650","0.2231","0.6258"
"257.7850","0.2231","0.6257"
"257.8050","0.2231","0.6256"
"257.8250","0.2231","0.6255"
"257.8450","0.2231","0.6256"
"257.8650","0.2231","0.6256"
"257.8850","0.2231","0.6255"
"257.9050","0.2231","0.6256"
"257.9250","0.2231","0.6256"
"257.9450","0.2231","0.6256"
"257.9650","0.2231","0.6257"
"257.9850","0.2231","0.6257"
"258.0050","0.2231","0.6257"
"258.0250","0.2231","0.6256"
"258.0450","0.2231","0.6256"
"258.0650","0.2231","0.6256"
"258.0850","0.2231","0.6257"
"258.1050","0.2231","0.6255"
"258.1250","0.2231","0.6255"
"258.1450","0.2231","0.6255"
"258.1650","0.2231","0.6255"
"258.1850","0.2231","0.6256"
"258.2050","0.2231","0.6257"
"258.2250","0.2231","0.6256"
"258.2450","0.2231","0.6256"
"258.2650","0.2231","0.6255"
"258.2850","0.2231","0.6256"
"258.3050","0.2231","0.6255"
"258.3250","0.2231","0.6256"
"258.3450","0.2231","0.6256"
"258.3650","0.2231","0.6256"
"258.3850","0.2231","0.6256"
"258.4050","0.2231","0.6255"
"258.4250","0.2231","0.6255"
"258.4450","0.2231","0.6255"
"258.4650","0.2231","0.6256"
"258.4850","0.2231","0.6256"
"258.5050","0.2231","0.6256"
"258.5250","0.2231","0.6257"
"258.5450","0.2231","0.6256"
"258.5650","0.2231","0.6255"
"258.5850","0.2231","0.6255"
"258.6050","0.2231","0.6255"
"258.6250","0.2231","0.6255"
"258.6450","0.2231","0.6256"
"258.6650","0.2231","0.6257"
"258.6850","0.2231","0.6256"
"258.7050","0.2231","0.6255"
"258.7250","0.2231","0.6255"
"258.7450","0.2231","0.6255"
"258.7650","0.2231","0.6255"
"258.7850","0.2231","0.6255"
"258.8050","0.2231","0.6255"
"258.8250","0.2231","0.6255"
"258.8450","0.2231","0.6254"
"258.8650","0.2231","0.6254"
"258.8850","0.2231","0.6254"
"258.9050","0.2231","0.6255"
"258.9250","0.2231","0.6255"
"258.9450","0.2231","0.6254"
"258.9650","0.2231","0.6255"
"258.9850","0.2231","0.6255"
"259.0050","0.2231","0.6255"
"259.0250","0.2231","0.6255"
"259.0450","0.2231","0.6255"
"259.0650","0.2231","0.6254"
"259.0850","0.2231","0.6254"
"259.1050","0.2231","0.6254"
"259.1250","0.2231","0.6255"
"259.1450","0.2231","0.6254"
"259.1650","0.2231","0.6255"
"259.1850","0.2231","0.6255"
"259.2050","0.2231","0.6255"
"259.2250","0.2231","0.6255"
"259.2450","0.2231","0.6254"
"259.2650","0.2231","0.6254"
"259.2850","0.2231","0.6254"
"259.3050","0.2231","0.6254"
"259.3250","0.2231","0.6255"
"259.3450","0.2231","0.6255"
"259.3650","0.2231","0.6255"
"259.3850","0.2231","0.6254"
"259.4050","0.2231","0.6254"
"259.4250","0.2231","0.6255"
"259.4450","0.2231","0.6255"
"259.4650","0.2231","0.6254"
"259.4850","0.2231","0.6254"
"259.5050","0.2231","0.6254"
"259.5250","0.2231","0.6255"
"259.5450","0.2231","0.6254"
"259.5650","0.2231","0.6253"
"259.5850","0.2231","0.6253"
"259.6050","0.2231","0.6253"
"259.6250","0.2231","0.6254"
"259.6450","0.2231","0.6255"
"259.6650","0.2231","0.6255"
"259.6850","0.2231","0.6254"
"259.7050","0.2231","0.6254"
"259.7250","0.2231","0.6254"
"259.7450","0.2231","0.6254"
"259.7650","0.2231","0.6254"
"259.7850","0.2231","0.6253"
"259.8050","0.2231","0.6253"
"259.8250","0.2231","0.6253"
"259.8450","0.2231","0.6253"
"259.8650","0.2231","0.6253"
"259.8850","0.2231","0.6254"
"259.9050","0.2231","0.6254"
"259.9250","0.2231","0.6254"
"259.9450","0.2231","0.6255"
"259.9650","0.2231","0.6254"
"259.9850","0.2231","0.6253"
"260.0050","0.2231","0.6253"
"260.0250","0.2231","0.6253"
"260.0450","0.2231","0.6253"
"260.0650","0.2231","0.6253"
"260.0850","0.2231","0.6253"
"260.1050","0.2231","0.6254"
"260.1250","0.2231","0.6254"
"260.1450","0.2231","0.6254"
"260.1650","0.2231","0.6254"
"260.1850","0.2231","0.6254"
"260.2050","0.2231","0.6253"
"260.2250","0.2231","0.6253"
"260.2450","0.2231","0.6253"
"260.2650","0.2231","0.6253"
"260.2850","0.2231","0.6252"
"260.3050","0.2231","0.6252"
"260.3250","0.2231","0.6253"
"260.3450","0.2231","0.6252"
"260.3650","0.2231","0.6253"
"260.3850","0.2231","0.6253"
"260.4050","0.2231","0.6253"
"260.4250","0.2231","0.6253"
"260.4450","0.2231","0.6252"
"260.4650","0.2231","0.6252"
"260.4850","0.2231","0.6252"
"260.5050","0.2231","0.6252"
"260.5250","0.2231","0.6252"
"260.5450","0.2231","0.6252"
"260.5650","0.2231","0.6253"
"260.5850","0.2231","0.6253"
"260.6050","0.2231","0.6253"
"260.6250","0.2231","0.6252"
"260.6450","0.2231","0.6253"
"260.6650","0.2231","0.6253"
"260.6850","0.2231","0.6253"
"260.7050","0.2231","0.6252"
"260.7250","0.2231","0.6252"
"260.7450","0.2231","0.6253"
"260.7650","0.2231","0.6253"
"260.7850","0.2231","0.6252"
"260.8050","0.2231","0.6251"
"260.8250","0.2231","0.6251"
"260.8450","0.2231","0.6252"
"260.8650","0.2231","0.6252"
"260.8850","0.2231","0.6251"
"260.9050","0.2231","0.6252"
"260.9250","0.2231","0.6252"
"260.9450","0.2231","0.6252"
"260.9650","0.2231","0.6251"
"260.9850","0.2231","0.6252"
"261.0050","0.2231","0.6252"
"261.0250","0.2231","0.6252"
"261.0450","0.2231","0.6252"
"261.0650","0.2231","0.6251"
"261.0850","0.2231","0.6251"
"261.1050","0.2231","0.6251"
"261.1250","0.2231","0.6252"
"261.1450","0.2231","0.6251"
"261.1650","0.2231","0.6251"
"261.1850","0.2231","0.6251"
"261.2050","0.2231","0.6252"
"261.2250","0.2231","0.6252"
"261.2450","0.2231","0.6252"
"261.2650","0.2231","0.6251"
"261.2850","0.2231","0.6251"
"261.3050","0.2231","0.6252"
"261.3250","0.2231","0.6252"
"261.3450","0.2231","0.6251"
"261.3650","0.2231","0.6251"
"261.3850","0.2231","0.6251"
"261.4050","0.2231","0.6251"
"261.4250","0.2231","0.6251"
"261.4450","0.2231","0.6251"
"261.4650","0.2231","0.6251"
"261.4850","0.2231","0.6251"
"261.5050","0.2231","0.6252"
"261.5250","0.2231","0.6251"
"261.5450","0.2231","0.6251"
"261.5650","0.2231","0.6251"
"261.5850","0.2231","0.6252"
"261.6050","0.2231","0.6252"
"261.6250","0.2231","0.6251"
"261.6450","0.2231","0.6251"
"261.6650","0.2231","0.6251"
"261.6850","0.2231","0.6251"
"261.7050","0.2231","0.6252"
"261.7250","0.2231","0.6251"
"261.7450","0.2231","0.6251"
"261.7650","0.2231","0.6251"
"261.7850","0.2231","0.6251"
"261.8050","0.2231","0.6253"
"261.8250","0.2231","0.6252"
"261.8450","0.2231","0.6252"
"261.8650","0.2231","0.6251"
"261.8850","0.2231","0.6250"
"261.9050","0.2231","0.6250"
"261.9250","0.2231","0.6251"
"261.9450","0.2231","0.6251"
"261.9650","0.2231","0.6251"
"261.9850","0.2231","0.6251"
"262.0050","0.2231","0.6251"
"262.0250","0.2231","0.6251"
"262.0450","0.2231","0.6251"
"262.0650","0.2231","0.6251"
"262.0850","0.2231","0.6250"
"262.1050","0.2231","0.6250"
"262.1250","0.2231","0.6251"
"262.1450","0.2231","0.6251"
"262.1650","0.2231","0.6251"
"262.1850","0.2231","0.6250"
"262.2050","0.2231","0.6251"
"262.2250","0.2231","0.6251"
"262.2450","0.2231","0.6251"
"262.2650","0.2231","0.6251"
"262.2850","0.2231","0.6250"
"262.3050","0.2231","0.6250"
"262.3250","0.2231","0.6250"
"262.3450","0.2231","0.6250"
"262.3650","0.2231","0.6250"
"262.3850","0.2231","0.6250"
"262.4050","0.2231","0.6250"
"262.4250","0.2231","0.6251"
"262.4450","0.2231","0.6251"
"262.4650","0.2231","0.6251"
"262.4850","0.2231","0.6250"
"262.5050","0.2231","0.6250"
"262.5250","0.2231","0.6250"
"262.5450","0.2231","0.6249"
"262.5650","0.2231","0.6249"
"262.5850","0.2231","0.6249"
"262.6050","0.2231","0.6249"
"262.6250","0.2231","0.6249"
"262.6450","0.2231","0.6249"
"262.6650","0.2231","0.6250"
"262.6850","0.2231","0.6250"
"262.7050","0.2231","0.6250"
"262.7250","0.2231","0.6250"
"262.7450","0.2231","0.6250"
"262.7650","0.2231","0.6250"
"262.7850","0.2231","0.6249"
"262.8050","0.2231","0.6251"
"262.8250","0.2231","0.6250"
"262.8450","0.2231","0.6250"
"262.8650","0.2231","0.6250"
"262.8850","0.2231","0.6249"
"262.9050","0.2231","0.6249"
"262.9250","0.2231","0.6250"
"262.9450","0.2231","0.6250"
"262.9650","0.2231","0.6250"
"262.9850","0.2231","0.6250"
"263.0050","0.2231","0.6249"
"263.0250","0.2231","0.6250"
"263.0450","0.2231","0.6250"
"263.0650","0.2231","0.6250"
"263.0850","0.2231","0.6250"
"263.1050","0.2231","0.6249"
"263.1250","0.2231","0.6249"
"263.1450","0.2231","0.6249"
"263.1650","0.2231","0.6250"
"263.1850","0.2231","0.6249"
"263.2050","0.2231","0.6249"
"263.2250","0.2231","0.6249"
"263.2450","0.2231","0.6249"
"263.2650","0.2231","0.6250"
"263.2850","0.2231","0.6249"
"263.3050","0.2231","0.6249"
"263.3250","0.2231","0.6249"
"263.3450","0.2231","0.6248"
"263.3650","0.2231","0.6249"
"263.3850","0.2231","0.6249"
"263.4050","0.2231","0.6250"
"263.4250","0.2231","0.6249"
"263.4450","0.2231","0.6249"
"263.4650","0.2231","0.6249"
"263.4850","0.2231","0.6249"
"263.5050","0.2231","0.6249"
"263.5250","0.2231","0.6249"
"263.5450","0.2231","0.6250"
"263.5650","0.2231","0.6250"
"263.5850","0.2231","0.6250"
"263.6050","0.2231","0.6249"
"263.6250","0.2231","0.6249"
"263.6450","0.2231","0.6248"
"263.6650","0.2231","0.6248"
"263.6850","0.2231","0.6248"
"263.7050","0.2231","0.6248"
"263.7250","0.2231","0.6249"
"263.7450","0.2231","0.6249"
"263.7650","0.2231","0.6249"
"263.7850","0.2231","0.6249"
"263.8050","0.2231","0.6249"
"263.8250","0.2231","0.6249"
"263.8450","0.2231","0.6248"
"263.8650","0.2231","0.6248"
"263.8850","0.2231","0.6248"
"263.9050","0.2231","0.6248"
"263.9250","0.2231","0.6248"
"263.9450","0.2231","0.6248"
"263.9650","0.2231","0.6248"
"263.9850","0.2231","0.6247"
"264.0050","0.2231","0.6248"
"264.0250","0.2231","0.6248"
"264.0450","0.2231","0.6248"
"264.0650","0.2231","0.6248"
"264.0850","0.2231","0.6249"
"264.1050","0.2231","0.6249"
"264.1250","0.2231","0.6249"
"264.1450","0.2231","0.6248"
"264.1650","0.2231","0.6248"
"264.1850","0.2231","0.6248"
"264.2050","0.2231","0.6248"
"264.2250","0.2231","0.6248"
"264.2450","0.2231","0.6248"
"264.2650","0.2231","0.6247"
"264.2850","0.2231","0.6248"
"264.3050","0.2231","0.6248"
"264.3250","0.2231","0.6247"
"264.3450","0.2231","0.6248"
"264.3650","0.2231","0.6248"
"264.3850","0.2231","0.6248"
"264.4050","0.2231","0.6247"
"264.4250","0.2231","0.6248"
"264.4450","0.2231","0.6248"
"264.4650","0.2231","0.6248"
"264.4850","0.2231","0.6248"
"264.5050","0.2231","0.6248"
"264.5250","0.2231","0.6247"
"264.5450","0.2231","0.6247"
"264.5650","0.2231","0.6247"
"264.5850","0.2231","0.6247"
"264.6050","0.2231","0.6247"
"264.6250","0.2231","0.6247"
"264.6450","0.2231","0.6248"
"264.6650","0.2231","0.6247"
"264.6850","0.2231","0.6247"
"264.7050","0.2231","0.6247"
"264.7250","0.2231","0.6247"
"264.7450","0.2231","0.6247"
"264.7650","0.2231","0.6248"
"264.7850","0.2231","0.6247"
"264.8050","0.2231","0.6247"
"264.8250","0.2231","0.6246"
"264.8450","0.2231","0.6247"
"264.8650","0.2231","0.6246"
"264.8850","0.2231","0.6247"
"264.9050","0.2231","0.6247"
"264.9250","0.2231","0.6247"
"264.9450","0.2231","0.6247"
"264.9650","0.2231","0.6247"
"264.9850","0.2231","0.6248"
"265.0050","0.2231","0.6247"
"265.0250","0.2231","0.6247"
"265.0450","0.2231","0.6247"
"265.0650","0.2231","0.6247"
"265.0850","0.2231","0.6247"
"265.1050","0.2231","0.6247"
"265.1250","0.2231","0.6247"
"265.1450","0.2231","0.6247"
"265.1650","0.2231","0.6247"
"265.1850","0.2231","0.6247"
"265.2050","0.2231","0.6247"
"265.2250","0.2231","0.6247"
"265.2450","0.2231","0.6247"
"265.2650","0.2231","0.6247"
"265.2850","0.2231","0.6246"
"265.3050","0.2231","0.6246"
"265.3250","0.2231","0.6247"
"265.3450","0.2231","0.6246"
"265.3650","0.2231","0.6246"
"265.3850","0.2231","0.6246"
"265.4050","0.2231","0.6247"
"265.4250","0.2231","0.6246"
"265.4450","0.2231","0.6246"
"265.4650","0.2231","0.6246"
"265.4850","0.2231","0.6247"
"265.5050","0.2231","0.6246"
"265.5250","0.2231","0.6246"
"265.5450","0.2231","0.6247"
"265.5650","0.2231","0.6246"
"265.5850","0.2231","0.6245"
"265.6050","0.2231","0.6245"
"265.6250","0.2231","0.6246"
"265.6450","0.2231","0.6246"
"265.6650","0.2231","0.6245"
"265.6850","0.2231","0.6245"
"265.7050","0.2231","0.6245"
"265.7250","0.2231","0.6245"
"265.7450","0.2231","0.6246"
"265.7650","0.2231","0.6246"
"265.7850","0.2231","0.6246"
"265.8050","0.2231","0.6246"
"265.8250","0.2231","0.6246"
"265.8450","0.2231","0.6246"
"265.8650","0.2231","0.6245"
"265.8850","0.2231","0.6245"
"265.9050","0.2231","0.6246"
"265.9250","0.2231","0.6247"
"265.9450","0.2231","0.6247"
"265.9650","0.2231","0.6245"
"265.9850","0.2231","0.6245"
"266.0050","0.2231","0.6245"
"266.0250","0.2231","0.6246"
"266.0450","0.2231","0.6246"
"266.0650","0.2231","0.6247"
"266.0850","0.2231","0.6246"
"266.1050","0.2231","0.6247"
"266.1250","0.2231","0.6246"
"266.1450","0.2231","0.6246"
"266.1650","0.2231","0.6245"
"266.1850","0.2231","0.6245"
"266.2050","0.2231","0.6246"
"266.2250","0.2231","0.6245"
"266.2450","0.2231","0.6245"
"266.2650","0.2231","0.6245"
"266.2850","0.2231","0.6244"
"266.3050","0.2231","0.6245"
"266.3250","0.2231","0.6245"
"266.3450","0.2231","0.6245"
"266.3650","0.2231","0.6245"
"266.3850","0.2231","0.6245"
"266.4050","0.2231","0.6244"
"266.4250","0.2231","0.6245"
"266.4450","0.2231","0.6245"
"266.4650","0.2231","0.6244"
"266.4850","0.2231","0.6245"
"266.5050","0.2231","0.6246"
"266.5250","0.2231","0.6246"
"266.5450","0.2231","0.6245"
"266.5650","0.2231","0.6245"
"266.5850","0.2231","0.6244"
"266.6050","0.2231","0.6244"
"266.6250","0.2231","0.6244"
"266.6450","0.2231","0.6245"
"266.6650","0.2231","0.6244"
"266.6850","0.2231","0.6245"
"266.7050","0.2231","0.6244"
"266.7250","0.2231","0.6244"
"266.7450","0.2231","0.6244"
"266.7650","0.2231","0.6245"
"266.7850","0.2231","0.6246"
"266.8050","0.2231","0.6245"
"266.8250","0.2231","0.6246"
"266.8450","0.2231","0.6245"
"266.8650","0.2231","0.6245"
"266.8850","0.2231","0.6245"
"266.9050","0.2231","0.6246"
"266.9250","0.2231","0.6246"
"266.9450","0.2231","0.6246"
"266.9650","0.2231","0.6245"
"266.9850","0.2231","0.6245"
"267.0050","0.2231","0.6245"
"267.0250","0.2231","0.6245"
"267.0450","0.2231","0.6245"
"267.0650","0.2231","0.6244"
"267.0850","0.2231","0.6244"
"267.1050","0.2231","0.6244"
"267.1250","0.2231","0.6243"
"267.1450","0.2231","0.6244"
"267.1650","0.2231","0.6244"
"267.1850","0.2231","0.6244"
"267.2050","0.2231","0.6244"
"267.2250","0.2231","0.6244"
"267.2450","0.2231","0.6245"
"267.2650","0.2231","0.6244"
"267.2850","0.2231","0.6244"
"267.3050","0.2231","0.6244"
"267.3250","0.2231","0.6243"
"267.3450","0.2231","0.6243"
"267.3650","0.2231","0.6244"
"267.3850","0.2231","0.6244"
"267.4050","0.2231","0.6244"
"267.4250","0.2231","0.6244"
"267.4450","0.2231","0.6244"
"267.4650","0.2231","0.6244"
"267.4850","0.2231","0.6243"
"267.5050","0.2231","0.6245"
"267.5250","0.2231","0.6244"
"267.5450","0.2231","0.6244"
"267.5650","0.2231","0.6243"
"267.5850","0.2231","0.6243"
"267.6050","0.2231","0.6244"
"267.6250","0.2231","0.6244"
"267.6450","0.2231","0.6244"
"267.6650","0.2231","0.6244"
"267.6850","0.2231","0.6244"
"267.7050","0.2231","0.6244"
"267.7250","0.2231","0.6244"
"267.7450","0.2231","0.6244"
"267.7650","0.2231","0.6243"
"267.7850","0.2231","0.6243"
"267.8050","0.2231","0.6243"
"267.8250","0.2231","0.6243"
"267.8450","0.2231","0.6243"
"267.8650","0.2231","0.6243"
"267.8850","0.2231","0.6242"
"267.9050","0.2231","0.6243"
"267.9250","0.2231","0.6244"
"267.9450","0.2231","0.6243"
"267.9650","0.2231","0.6243"
"267.9850","0.2231","0.6243"
"268.0050","0.2231","0.6243"
"268.0250","0.2231","0.6243"
"268.0450","0.2231","0.6242"
"268.0650","0.2231","0.6242"
"268.0850","0.2231","0.6242"
"268.1050","0.2231","0.6242"
"268.1250","0.2231","0.6243"
"268.1450","0.2231","0.6243"
"268.1650","0.2231","0.6243"
"268.1850","0.2231","0.6243"
"268.2050","0.2231","0.6243"
"268.2250","0.2231","0.6243"
"268.2450","0.2231","0.6243"
"268.2650","0.2231","0.6243"
"268.2850","0.2231","0.6243"
"268.3050","0.2231","0.6243"
"268.3250","0.2231","0.6243"
"268.3450","0.2231","0.6243"
"268.3650","0.2231","0.6243"
"268.3850","0.2231","0.6242"
"268.4050","0.2231","0.6242"
"268.4250","0.2231","0.6243"
"268.4450","0.2231","0.6243"
"268.4650","0.2231","0.6243"
"268.4850","0.2231","0.6243"
"268.5050","0.2231","0.6243"
"268.5250","0.2231","0.6243"
"268.5450","0.2231","0.6242"
"268.5650","0.2231","0.6241"
"268.5850","0.2231","0.6241"
"268.6050","0.2231","0.6242"
"268.6250","0.2231","0.6242"
"268.6450","0.2231","0.6242"
"268.6650","0.2231","0.6242"
"268.6850","0.2231","0.6242"
"268.7050","0.2231","0.6242"
"268.7250","0.2231","0.6243"
"268.7450","0.2231","0.6242"
"268.7650","0.2231","0.6242"
"268.7850","0.2231","0.6242"
"268.8050","0.2231","0.6241"
"268.8250","0.2231","0.6241"
"268.8450","0.2231","0.6241"
"268.8650","0.2231","0.6241"
"268.8850","0.2231","0.6242"
"268.9050","0.2231","0.6242"
"268.9250","0.2231","0.6242"
"268.9450","0.2231","0.6241"
"268.9650","0.2231","0.6242"
"268.9850","0.2231","0.6242"
"269.0050","0.2231","0.6242"
"269.0250","0.2231","0.6242"
"269.0450","0.2231","0.6242"
"269.0650","0.2231","0.6242"
"269.0850","0.2231","0.6242"
"269.1050","0.2231","0.6241"
"269.1250","0.2231","0.6242"
"269.1450","0.2231","0.6242"
"269.1650","0.2231","0.6242"
"269.1850","0.2231","0.6242"
"269.2050","0.2231","0.6242"
"269.2250","0.2231","0.6241"
"269.2450","0.2231","0.6241"
"269.2650","0.2231","0.6241"
"269.2850","0.2231","0.6242"
"269.3050","0.2231","0.6241"
"269.3250","0.2231","0.6241"
"269.3450","0.2231","0.6241"
"269.3650","0.2231","0.6241"
"269.3850","0.2231","0.6242"
"269.4050","0.2231","0.6243"
"269.4250","0.2231","0.6242"
"269.4450","0.2231","0.6241"
"269.4650","0.2231","0.6240"
"269.4850","0.2231","0.6241"
"269.5050","0.2231","0.6241"
"269.5250","0.2231","0.6241"
"269.5450","0.2231","0.6241"
"269.5650","0.2231","0.6241"
"269.5850","0.2231","0.6240"
"269.6050","0.2231","0.6241"
"269.6250","0.2231","0.6241"
"269.6450","0.2231","0.6240"
"269.6650","0.2231","0.6241"
"269.6850","0.2231","0.6241"
"269.7050","0.2231","0.6241"
"269.7250","0.2231","0.6241"
"269.7450","0.2231","0.6241"
"269.7650","0.2231","0.6241"
"269.7850","0.2231","0.6241"
"269.8050","0.2231","0.6241"
"269.8250","0.2231","0.6241"
"269.8450","0.2231","0.6241"
"269.8650","0.2231","0.6241"
"269.8850","0.2231","0.6241"
"269.9050","0.2231","0.6241"
"269.9250","0.2231","0.6240"
"269.9450","0.2231","0.6240"
"269.9650","0.2231","0.6241"
"269.9850","0.2231","0.6241"
"270.0050","0.2231","0.6241"
"270.0250","0.2231","0.6241"
"270.0450","0.2231","0.6241"
"270.0650","0.2231","0.6241"
"270.0850","0.2231","0.6241"
"270.1050","0.2231","0.6241"
"270.1250","0.2231","0.6240"
"270.1450","0.2231","0.6240"
"270.1650","0.2231","0.6240"
"270.1850","0.2231","0.6240"
"270.2050","0.2231","0.6240"
"270.2250","0.2231","0.6239"
"270.2450","0.2231","0.6240"
"270.2650","0.2231","0.6240"
"270.2850","0.2231","0.6241"
"270.3050","0.2231","0.6240"
"270.3250","0.2231","0.6240"
"270.3450","0.2231","0.6239"
"270.3650","0.2231","0.6240"
"270.3850","0.2231","0.6239"
"270.4050","0.2231","0.6239"
"270.4250","0.2231","0.6240"
"270.4450","0.2231","0.6241"
"270.4650","0.2231","0.6241"
"270.4850","0.2231","0.6240"
"270.5050","0.2231","0.6240"
"270.5250","0.2231","0.6240"
"270.5450","0.2231","0.6240"
"270.5650","0.2231","0.6239"
"270.5850","0.2231","0.6239"
"270.6050","0.2231","0.6240"
"270.6250","0.2231","0.6240"
"270.6450","0.2231","0.6239"
"270.6650","0.2231","0.6240"
"270.6850","0.2231","0.6240"
"270.7050","0.2231","0.6239"
"270.7250","0.2231","0.6240"
"270.7450","0.2231","0.6239"
"270.7650","0.2231","0.6240"
"270.7850","0.2231","0.6239"
"270.8050","0.2231","0.6240"
"270.8250","0.2231","0.6239"
"270.8450","0.2231","0.6240"
"270.8650","0.2231","0.6239"
"270.8850","0.2231","0.6239"
"270.9050","0.2231","0.6239"
"270.9250","0.2231","0.6239"
"270.9450","0.2231","0.6240"
"270.9650","0.2231","0.6240"
"270.9850","0.2231","0.6240"
"271.0050","0.2231","0.6240"
"271.0250","0.2231","0.6239"
"271.0450","0.2231","0.6239"
"271.0650","0.2231","0.6239"
"271.0850","0.2231","0.6239"
"271.1050","0.2231","0.6239"
"271.1250","0.2231","0.6239"
"271.1450","0.2231","0.6240"
"271.1650","0.2231","0.6239"
"271.1850","0.2231","0.6238"
"271.2050","0.2231","0.6238"
"271.2250","0.2231","0.6239"
"271.2450","0.2231","0.6239"
"271.2650","0.2231","0.6238"
"271.2850","0.2231","0.6239"
"271.3050","0.2231","0.6239"
"271.3250","0.2231","0.6239"
"271.3450","0.2231","0.6239"
"271.3650","0.2231","0.6239"
"271.3850","0.2231","0.6238"
"271.4050","0.2231","0.6238"
"271.4250","0.2231","0.6239"
"271.4450","0.2231","0.6239"
"271.4650","0.2231","0.6239"
"271.4850","0.2231","0.6238"
"271.5050","0.2231","0.6238"
"271.5250","0.2231","0.6238"
"271.5450","0.2231","0.6238"
"271.5650","0.2231","0.6239"
"271.5850","0.2231","0.6240"
"271.6050","0.2231","0.6238"
"271.6250","0.2231","0.6238"
"271.6450","0.2231","0.6238"
"271.6650","0.2231","0.6238"
"271.6850","0.2231","0.6239"
"271.7050","0.2231","0.6239"
"271.7250","0.2231","0.6239"
"271.7450","0.2231","0.6239"
"271.7650","0.2231","0.6239"
"271.7850","0.2231","0.6239"
"271.8050","0.2231","0.6239"
"271.8250","0.2231","0.6238"
"271.8450","0.2231","0.6238"
"271.8650","0.2231","0.6238"
"271.8850","0.2231","0.6238"
"271.9050","0.2231","0.6238"
"271.9250","0.2231","0.6238"
"271.9450","0.2231","0.6237"
"271.9650","0.2231","0.6238"
"271.9850","0.2231","0.6238"
"272.0050","0.2231","0.6238"
"272.0250","0.2231","0.6237"
"272.0450","0.2231","0.6238"
"272.0650","0.2231","0.6238"
"272.0850","0.2231","0.6238"
"272.1050","0.2231","0.6237"
"272.1250","0.2231","0.6237"
"272.1450","0.2231","0.6238"
"272.1650","0.2231","0.6238"
"272.1850","0.2231","0.6238"
"272.2050","0.2231","0.6237"
"272.2250","0.2231","0.6237"
"272.2450","0.2231","0.6237"
"272.2650","0.2231","0.6238"
"272.2850","0.2231","0.6239"
"272.3050","0.2231","0.6238"
"272.3250","0.2231","0.6237"
"272.3450","0.2231","0.6237"
"272.3650","0.2231","0.6237"
"272.3850","0.2231","0.6238"
"272.4050","0.2231","0.6238"
"272.4250","0.2231","0.6238"
"272.4450","0.2231","0.6238"
"272.4650","0.2231","0.6237"
"272.4850","0.2231","0.6236"
"272.5050","0.2231","0.6237"
"272.5250","0.2231","0.6237"
"272.5450","0.2231","0.6237"
"272.5650","0.2231","0.6238"
"272.5850","0.2231","0.6237"
"272.6050","0.2231","0.6237"
"272.6250","0.2231","0.6237"
"272.6450","0.2231","0.6237"
"272.6650","0.2231","0.6237"
"272.6850","0.2231","0.6237"
"272.7050","0.2231","0.6237"
"272.7250","0.2231","0.6237"
"272.7450","0.2231","0.6237"
"272.7650","0.2231","0.6237"
"272.7850","0.2231","0.6237"
"272.8050","0.2231","0.6237"
"272.8250","0.2231","0.6237"
"272.8450","0.2231","0.6236"
"272.8650","0.2231","0.6237"
"272.8850","0.2231","0.6237"
"272.9050","0.2231","0.6236"
"272.9250","0.2231","0.6237"
"272.9450","0.2231","0.6237"
"272.9650","0.2231","0.6237"
"272.9850","0.2231","0.6237"
"273.0050","0.2231","0.6237"
"273.0250","0.2231","0.6238"
"273.0450","0.2231","0.6237"
"273.0650","0.2231","0.6237"
"273.0850","0.2231","0.6236"
"273.1050","0.2231","0.6237"
"273.1250","0.2231","0.6237"
"273.1450","0.2231","0.6237"
"273.1650","0.2231","0.6237"
"273.1850","0.2231","0.6236"
"273.2050","0.2231","0.6236"
"273.2250","0.2231","0.6235"
"273.2450","0.2231","0.6236"
"273.2650","0.2231","0.6236"
"273.2850","0.2231","0.6237"
"273.3050","0.2231","0.6237"
"273.3250","0.2231","0.6236"
"273.3450","0.2231","0.6237"
"273.3650","0.2231","0.6237"
"273.3850","0.2231","0.6237"
"273.4050","0.2231","0.6237"
"273.4250","0.2231","0.6237"
"273.4450","0.2231","0.6237"
"273.4650","0.2231","0.6236"
"273.4850","0.2231","0.6236"
"273.5050","0.2231","0.6236"
"273.5250","0.2231","0.6236"
"273.5450","0.2231","0.6236"
"273.5650","0.2231","0.6237"
"273.5850","0.2231","0.6236"
"273.6050","0.2231","0.6235"
"273.6250","0.2231","0.6235"
"273.6450","0.2231","0.6236"
"273.6650","0.2231","0.6237"
"273.6850","0.2231","0.6237"
"273.7050","0.2231","0.6236"
"273.7250","0.2231","0.6236"
"273.7450","0.2231","0.6236"
"273.7650","0.2231","0.6236"
"273.7850","0.2231","0.6237"
"273.8050","0.2231","0.6237"
"273.8250","0.2231","0.6236"
"273.8450","0.2231","0.6235"
"273.8650","0.2231","0.6235"
"273.8850","0.2231","0.6236"
"273.9050","0.2231","0.6236"
"273.9250","0.2231","0.6236"
"273.9450","0.2231","0.6235"
"273.9650","0.2231","0.6235"
"273.9850","0.2231","0.6235"
"274.0050","0.2231","0.6234"
"274.0250","0.2231","0.6235"
"274.0450","0.2231","0.6236"
"274.0650","0.2231","0.6236"
"274.0850","0.2231","0.6236"
"274.1050","0.2231","0.6235"
"274.1250","0.2231","0.6235"
"274.1450","0.2231","0.6235"
"274.1650","0.2231","0.6235"
"274.1850","0.2231","0.6235"
"274.2050","0.2231","0.6235"
"274.2250","0.2231","0.6236"
"274.2450","0.2231","0.6235"
"274.2650","0.2231","0.6235"
"274.2850","0.2231","0.6235"
"274.3050","0.2231","0.6236"
"274.3250","0.2231","0.6236"
"274.3450","0.2231","0.6235"
"274.3650","0.2231","0.6235"
"274.3850","0.2231","0.6234"
"274.4050","0.2231","0.6235"
"274.4250","0.2231","0.6235"
"274.4450","0.2231","0.6234"
"274.4650","0.2231","0.6234"
"274.4850","0.2231","0.6235"
"274.5050","0.2231","0.6234"
"274.5250","0.2231","0.6234"
"274.5450","0.2231","0.6234"
"274.5650","0.2231","0.6235"
"274.5850","0.2231","0.6234"
"274.6050","0.2231","0.6235"
"274.6250","0.2231","0.6235"
"274.6450","0.2231","0.6234"
"274.6650","0.2231","0.6235"
"274.6850","0.2231","0.6235"
"274.7050","0.2231","0.6235"
"274.7250","0.2231","0.6235"
"274.7450","0.2231","0.6235"
"274.7650","0.2231","0.6234"
"274.7850","0.2231","0.6235"
"274.8050","0.2231","0.6234"
"274.8250","0.2231","0.6234"
"274.8450","0.2231","0.6234"
"274.8650","0.2231","0.6235"
"274.8850","0.2231","0.6235"
"274.9050","0.2231","0.6235"
"274.9250","0.2231","0.6235"
"274.9450","0.2231","0.6234"
"274.9650","0.2231","0.6234"
"274.9850","0.2231","0.6234"
"275.0050","0.2231","0.6235"
"275.0250","0.2231","0.6234"
"275.0450","0.2231","0.6234"
"275.0650","0.2231","0.6235"
"275.0850","0.2231","0.6235"
"275.1050","0.2231","0.6235"
"275.1250","0.2231","0.6234"
"275.1450","0.2231","0.6234"
"275.1650","0.2231","0.6234"
"275.1850","0.2231","0.6234"
"275.2050","0.2231","0.6234"
"275.2250","0.2231","0.6233"
"275.2450","0.2231","0.6234"
"275.2650","0.2231","0.6234"
"275.2850","0.2231","0.6234"
"275.3050","0.2231","0.6234"
"275.3250","0.2231","0.6234"
"275.3450","0.2231","0.6234"
"275.3650","0.2231","0.6234"
"275.3850","0.2231","0.6234"
"275.4050","0.2231","0.6234"
"275.4250","0.2231","0.6234"
"275.4450","0.2231","0.6234"
"275.4650","0.2231","0.6234"
"275.4850","0.2231","0.6234"
"275.5050","0.2231","0.6234"
"275.5250","0.2231","0.6234"
"275.5450","0.2231","0.6234"
"275.5650","0.2231","0.6234"
"275.5850","0.2231","0.6233"
"275.6050","0.2231","0.6233"
"275.6250","0.2231","0.6233"
"275.6450","0.2231","0.6233"
"275.6650","0.2231","0.6234"
"275.6850","0.2231","0.6233"
"275.7050","0.2231","0.6233"
"275.7250","0.2231","0.6234"
"275.7450","0.2231","0.6234"
"275.7650","0.2231","0.6234"
"275.7850","0.2231","0.6234"
"275.8050","0.2231","0.6233"
"275.8250","0.2231","0.6233"
"275.8450","0.2231","0.6233"
"275.8650","0.2231","0.6234"
"275.8850","0.2231","0.6234"
"275.9050","0.2231","0.6234"
"275.9250","0.2231","0.6234"
"275.9450","0.2231","0.6233"
"275.9650","0.2231","0.6233"
"275.9850","0.2231","0.6233"
"276.0050","0.2231","0.6234"
"276.0250","0.2231","0.6233"
"276.0450","0.2231","0.6233"
"276.0650","0.2231","0.6233"
"276.0850","0.2231","0.6233"
"276.1050","0.2231","0.6234"
"276.1250","0.2231","0.6234"
"276.1450","0.2231","0.6233"
"276.1650","0.2231","0.6232"
"276.1850","0.2231","0.6232"
"276.2050","0.2231","0.6232"
"276.2250","0.2231","0.6233"
"276.2450","0.2231","0.6234"
"276.2650","0.2231","0.6233"
"276.2850","0.2231","0.6232"
"276.3050","0.2231","0.6233"
"276.3250","0.2231","0.6233"
"276.3450","0.2231","0.6234"
"276.3650","0.2231","0.6233"
"276.3850","0.2231","0.6233"
"276.4050","0.2231","0.6233"
"276.4250","0.2231","0.6233"
"276.4450","0.2231","0.6232"
"276.4650","0.2231","0.6232"
"276.4850","0.2231","0.6232"
"276.5050","0.2231","0.6233"
"276.5250","0.2231","0.6232"
"276.5450","0.2231","0.6232"
"276.5650","0.2231","0.6232"
"276.5850","0.2231","0.6232"
"276.6050","0.2231","0.6232"
"276.6250","0.2231","0.6233"
"276.6450","0.2231","0.6232"
"276.6650","0.2231","0.6231"
"276.6850","0.2231","0.6232"
"276.7050","0.2231","0.6232"
"276.7250","0.2231","0.6232"
"276.7450","0.2231","0.6233"
"276.7650","0.2231","0.6233"
"276.7850","0.2231","0.6233"
"276.8050","0.2231","0.6233"
"276.8250","0.2231","0.6233"
"276.8450","0.2231","0.6232"
"276.8650","0.2231","0.6233"
"276.8850","0.2231","0.6233"
"276.9050","0.2231","0.6233"
"276.9250","0.2231","0.6232"
"276.9450","0.2231","0.6232"
"276.9650","0.2231","0.6232"
"276.9850","0.2231","0.6232"
"277.0050","0.2231","0.6231"
"277.0250","0.2231","0.6231"
"277.0450","0.2231","0.6232"
"277.0650","0.2231","0.6232"
"277.0850","0.2231","0.6231"
"277.1050","0.2231","0.6231"
"277.1250","0.2231","0.6231"
"277.1450","0.2231","0.6230"
"277.1650","0.2231","0.6231"
"277.1850","0.2231","0.6231"
"277.2050","0.2231","0.6231"
"277.2250","0.2231","0.6231"
"277.2450","0.2231","0.6232"
"277.2650","0.2231","0.6232"
"277.2850","0.2231","0.6231"
"277.3050","0.2231","0.6231"
"277.3250","0.2231","0.6231"
"277.3450","0.2231","0.6232"
"277.3650","0.2231","0.6232"
"277.3850","0.2231","0.6232"
"277.4050","0.2231","0.6231"
"277.4250","0.2231","0.6231"
"277.4450","0.2231","0.6231"
"277.4650","0.2231","0.6230"
"277.4850","0.2231","0.6230"
"277.5050","0.2231","0.6231"
"277.5250","0.2231","0.6232"
"277.5450","0.2231","0.6231"
"277.5650","0.2231","0.6230"
"277.5850","0.2231","0.6230"
"277.6050","0.2231","0.6231"
"277.6250","0.2231","0.6231"
"277.6450","0.2231","0.6231"
"277.6650","0.2231","0.6231"
"277.6850","0.2231","0.6231"
"277.7050","0.2231","0.6231"
"277.7250","0.2231","0.6231"
"277.7450","0.2231","0.6231"
"277.7650","0.2231","0.6230"
"277.7850","0.2231","0.6230"
"277.8050","0.2231","0.6231"
"277.8250","0.2231","0.6231"
"277.8450","0.2231","0.6230"
"277.8650","0.2231","0.6231"
"277.8850","0.2231","0.6231"
"277.9050","0.2231","0.6231"
"277.9250","0.2231","0.6231"
"277.9450","0.2231","0.6231"
"277.9650","0.2231","0.6231"
"277.9850","0.2231","0.6230"
"278.0050","0.2231","0.6230"
"278.0250","0.2231","0.6229"
"278.0450","0.2231","0.6230"
"278.0650","0.2231","0.6231"
"278.0850","0.2231","0.6232"
"278.1050","0.2231","0.6231"
"278.1250","0.2231","0.6230"
"278.1450","0.2231","0.6231"
"278.1650","0.2231","0.6231"
"278.1850","0.2231","0.6230"
"278.2050","0.2231","0.6230"
"278.2250","0.2231","0.6230"
"278.2450","0.2231","0.6230"
"278.2650","0.2231","0.6230"
"278.2850","0.2231","0.6231"
"278.3050","0.2231","0.6230"
"278.3250","0.2231","0.6229"
"278.3450","0.2231","0.6229"
"278.3650","0.2231","0.6229"
"278.3850","0.2231","0.6229"
"278.4050","0.2231","0.6230"
"278.4250","0.2231","0.6230"
"278.4450","0.2231","0.6230"
"278.4650","0.2231","0.6230"
"278.4850","0.2231","0.6230"
"278.5050","0.2231","0.6230"
"278.5250","0.2231","0.6230"
"278.5450","0.2231","0.6231"
"278.5650","0.2231","0.6231"
"278.5850","0.2231","0.6231"
"278.6050","0.2231","0.6231"
"278.6250","0.2231","0.6230"
"278.6450","0.2231","0.6230"
"278.6650","0.2231","0.6230"
"278.6850","0.2231","0.6230"
"278.7050","0.2231","0.6229"
"278.7250","0.2231","0.6229"
"278.7450","0.2231","0.6230"
"278.7650","0.2231","0.6230"
"278.7850","0.2231","0.6229"
"278.8050","0.2231","0.6228"
"278.8250","0.2231","0.6229"
"278.8450","0.2231","0.6229"
"278.8650","0.2231","0.6229"
"278.8850","0.2231","0.6229"
"278.9050","0.2231","0.6230"
"278.9250","0.2231","0.6230"
"278.9450","0.2231","0.6229"
"278.9650","0.2231","0.6229"
"278.9850","0.2231","0.6229"
"279.0050","0.2231","0.6229"
"279.0250","0.2231","0.6229"
"279.0450","0.2231","0.6229"
"279.0650","0.2231","0.6229"
"279.0850","0.2231","0.6229"
"279.1050","0.2231","0.6229"
"279.1250","0.2231","0.6229"
"279.1450","0.2231","0.6229"
"279.1650","0.2231","0.6228"
"279.1850","0.2231","0.6228"
"279.2050","0.2231","0.6228"
"279.2250","0.2231","0.6228"
"279.2450","0.2231","0.6229"
"279.2650","0.2231","0.6229"
"279.2850","0.2231","0.6229"
"279.3050","0.2231","0.6228"
"279.3250","0.2231","0.6228"
"279.3450","0.2231","0.6228"
"279.3650","0.2231","0.6228"
"279.3850","0.2231","0.6229"
"279.4050","0.2231","0.6230"
"279.4250","0.2231","0.6229"
"279.4450","0.2231","0.6228"
"279.4650","0.2231","0.6229"
"279.4850","0.2231","0.6229"
"279.5050","0.2231","0.6227"
"279.5250","0.2231","0.6228"
"279.5450","0.2231","0.6228"
"279.5650","0.2231","0.6228"
"279.5850","0.2231","0.6228"
"279.6050","0.2231","0.6228"
"279.6250","0.2231","0.6229"
"279.6450","0.2231","0.6229"
"279.6650","0.2231","0.6229"
"279.6850","0.2231","0.6229"
"279.7050","0.2231","0.6229"
"279.7250","0.2231","0.6228"
"279.7450","0.2231","0.6228"
"279.7650","0.2231","0.6227"
"279.7850","0.2231","0.6227"
"279.8050","0.2231","0.6227"
"279.8250","0.2231","0.6228"
"279.8450","0.2231","0.6228"
"279.8650","0.2231","0.6228"
"279.8850","0.2231","0.6228"
"279.9050","0.2231","0.6228"
"279.9250","0.2231","0.6228"
"279.9450","0.2231","0.6228"
"279.9650","0.2231","0.6228"
"279.9850","0.2231","0.6228"
"280.0050","0.2231","0.6228"
"280.0250","0.2231","0.6228"
"280.0450","0.2231","0.6228"
"280.0650","0.2231","0.6228"
"280.0850","0.2231","0.6228"
"280.1050","0.2231","0.6228"
"280.1250","0.2231","0.6228"
"280.1450","0.2231","0.6228"
"280.1650","0.2231","0.6228"
"280.1850","0.2231","0.6228"
"280.2050","0.2231","0.6228"
"280.2250","0.2231","0.6227"
"280.2450","0.2231","0.6227"
"280.2650","0.2231","0.6228"
"280.2850","0.2231","0.6228"
"280.3050","0.2231","0.6227"
"280.3250","0.2231","0.6228"
"280.3450","0.2231","0.6228"
"280.3650","0.2231","0.6228"
"280.3850","0.2231","0.6229"
"280.4050","0.2231","0.6227"
"280.4250","0.2231","0.6227"
"280.4450","0.2231","0.6227"
"280.4650","0.2231","0.6228"
"280.4850","0.2231","0.6228"
"280.5050","0.2231","0.6227"
"280.5250","0.2231","0.6227"
"280.5450","0.2231","0.6227"
"280.5650","0.2231","0.6228"
"280.5850","0.2231","0.6228"
"280.6050","0.2231","0.6228"
"280.6250","0.2231","0.6228"
"280.6450","0.2231","0.6228"
"280.6650","0.2231","0.6228"
"280.6850","0.2231","0.6227"
"280.7050","0.2231","0.6227"
"280.7250","0.2231","0.6227"
"280.7450","0.2231","0.6227"
"280.7650","0.2231","0.6226"
"280.7850","0.2231","0.6227"
"280.8050","0.2231","0.6227"
"280.8250","0.2231","0.6226"
"280.8450","0.2231","0.6226"
"280.8650","0.2231","0.6227"
"280.8850","0.2231","0.6226"
"280.9050","0.2231","0.6227"
"280.9250","0.2231","0.6227"
"280.9450","0.2231","0.6226"
"280.9650","0.2231","0.6226"
"280.9850","0.2231","0.6226"
"281.0050","0.2231","0.6226"
"281.0250","0.2231","0.6226"
"281.0450","0.2231","0.6227"
"281.0650","0.2231","0.6226"
"281.0850","0.2231","0.6226"
"281.1050","0.2231","0.6226"
"281.1250","0.2231","0.6227"
"281.1450","0.2231","0.6227"
"281.1650","0.2231","0.6226"
"281.1850","0.2231","0.6226"
"281.2050","0.2231","0.6226"
"281.2250","0.2231","0.6227"
"281.2450","0.2231","0.6226"
"281.2650","0.2231","0.6227"
"281.2850","0.2231","0.6227"
"281.3050","0.2231","0.6227"
"281.3250","0.2231","0.6227"
"281.3450","0.2231","0.6226"
"281.3650","0.2231","0.6226"
"281.3850","0.2231","0.6226"
"281.4050","0.2231","0.6226"
"281.4250","0.2231","0.6226"
"281.4450","0.2231","0.6227"
"281.4650","0.2231","0.6226"
"281.4850","0.2231","0.6226"
"281.5050","0.2231","0.6225"
"281.5250","0.2231","0.6225"
"281.5450","0.2231","0.6226"
"281.5650","0.2231","0.6226"
"281.5850","0.2231","0.6226"
"281.6050","0.2231","0.6226"
"281.6250","0.2231","0.6226"
"281.6450","0.2231","0.6225"
"281.6650","0.2231","0.6226"
"281.6850","0.2231","0.6225"
"281.7050","0.2231","0.6226"
"281.7250","0.2231","0.6226"
"281.7450","0.2231","0.6226"
"281.7650","0.2231","0.6226"
"281.7850","0.2231","0.6227"
"281.8050","0.2231","0.6226"
"281.8250","0.2231","0.6226"
"281.8450","0.2231","0.6226"
"281.8650","0.2231","0.6225"
"281.8850","0.2231","0.6225"
"281.9050","0.2231","0.6226"
"281.9250","0.2231","0.6226"
"281.9450","0.2231","0.6225"
"281.9650","0.2231","0.6226"
"281.9850","0.2231","0.6226"
"282.0050","0.2231","0.6226"
"282.0250","0.2231","0.6226"
"282.0450","0.2231","0.6225"
"282.0650","0.2231","0.6225"
"282.0850","0.2231","0.6225"
"282.1050","0.2231","0.6225"
"282.1250","0.2231","0.6226"
"282.1450","0.2231","0.6225"
"282.1650","0.2231","0.6224"
"282.1850","0.2231","0.6224"
"282.2050","0.2231","0.6224"
"282.2250","0.2231","0.6225"
"282.2450","0.2231","0.6225"
"282.2650","0.2231","0.6226"
"282.2850","0.2231","0.6225"
"282.3050","0.2231","0.6226"
"282.3250","0.2231","0.6226"
"282.3450","0.2231","0.6226"
"282.3650","0.2231","0.6226"
"282.3850","0.2231","0.6225"
"282.4050","0.2231","0.6224"
"282.4250","0.2231","0.6225"
"282.4450","0.2231","0.6225"
"282.4650","0.2231","0.6224"
"282.4850","0.2231","0.6225"
"282.5050","0.2231","0.6225"
"282.5250","0.2231","0.6225"
"282.5450","0.2231","0.6225"
"282.5650","0.2231","0.6225"
"282.5850","0.2231","0.6225"
"282.6050","0.2231","0.6224"
"282.6250","0.2231","0.6224"
"282.6450","0.2231","0.6224"
"282.6650","0.2231","0.6224"
"282.6850","0.2231","0.6225"
"282.7050","0.2231","0.6225"
"282.7250","0.2231","0.6225"
"282.7450","0.2231","0.6225"
"282.7650","0.2231","0.6225"
"282.7850","0.2231","0.6226"
"282.8050","0.2231","0.6225"
"282.8250","0.2231","0.6224"
"282.8450","0.2231","0.6224"
"282.8650","0.2231","0.6224"
"282.8850","0.2231","0.6224"
"282.9050","0.2231","0.6225"
"282.9250","0.2231","0.6225"
"282.9450","0.2231","0.6224"
"282.9650","0.2231","0.6224"
"282.9850","0.2231","0.6225"
"283.0050","0.2231","0.6225"
"283.0250","0.2231","0.6224"
"283.0450","0.2231","0.6224"
"283.0650","0.2231","0.6224"
"283.0850","0.2231","0.6224"
"283.1050","0.2231","0.6224"
"283.1250","0.2231","0.6223"
"283.1450","0.2231","0.6224"
"283.1650","0.2231","0.6225"
"283.1850","0.2231","0.6225"
"283.2050","0.2231","0.6224"
"283.2250","0.2231","0.6224"
"283.2450","0.2231","0.6224"
"283.2650","0.2231","0.6224"
"283.2850","0.2231","0.6225"
"283.3050","0.2231","0.6224"
"283.3250","0.2231","0.6224"
"283.3450","0.2231","0.6223"
"283.3650","0.2231","0.6223"
"283.3850","0.2231","0.6224"
"283.4050","0.2231","0.6224"
"283.4250","0.2231","0.6224"
"283.4450","0.2231","0.6225"
"283.4650","0.2231","0.6224"
"283.4850","0.2231","0.6224"
"283.5050","0.2231","0.6224"
"283.5250","0.2231","0.6223"
"283.5450","0.2231","0.6224"
"283.5650","0.2231","0.6224"
"283.5850","0.2231","0.6224"
"283.6050","0.2231","0.6225"
"283.6250","0.2231","0.6225"
"283.6450","0.2231","0.6224"
"283.6650","0.2231","0.6223"
"283.6850","0.2231","0.6223"
"283.7050","0.2231","0.6223"
"283.7250","0.2231","0.6223"
"283.7450","0.2231","0.6223"
"283.7650","0.2231","0.6223"
"283.7850","0.2231","0.6224"
"283.8050","0.2231","0.6223"
"283.8250","0.2231","0.6223"
"283.8450","0.2231","0.6224"
"283.8650","0.2231","0.6224"
"283.8850","0.2231","0.6224"
"283.9050","0.2231","0.6224"
"283.9250","0.2231","0.6223"
"283.9450","0.2231","0.6223"
"283.9650","0.2231","0.6223"
"283.9850","0.2231","0.6223"
"284.0050","0.2231","0.6223"
"284.0250","0.2231","0.6223"
"284.0450","0.2231","0.6222"
"284.0650","0.2231","0.6222"
"284.0850","0.2231","0.6222"
"284.1050","0.2231","0.6224"
"284.1250","0.2231","0.6224"
"284.1450","0.2231","0.6223"
"284.1650","0.2231","0.6222"
"284.1850","0.2231","0.6223"
"284.2050","0.2231","0.6223"
"284.2250","0.2231","0.6222"
"284.2450","0.2231","0.6223"
"284.2650","0.2231","0.6223"
"284.2850","0.2231","0.6223"
"284.3050","0.2231","0.6223"
"284.3250","0.2231","0.6222"
"284.3450","0.2231","0.6221"
"284.3650","0.2231","0.6221"
"284.3850","0.2231","0.6222"
"284.4050","0.2231","0.6223"
"284.4250","0.2231","0.6223"
"284.4450","0.2231","0.6223"
"284.4650","0.2231","0.6222"
"284.4850","0.2231","0.6222"
"284.5050","0.2231","0.6222"
"284.5250","0.2231","0.6221"
"284.5450","0.2231","0.6221"
"284.5650","0.2231","0.6221"
"284.5850","0.2231","0.6222"
"284.6050","0.2231","0.6222"
"284.6250","0.2231","0.6222"
"284.6450","0.2231","0.6223"
"284.6650","0.2231","0.6222"
"284.6850","0.2231","0.6221"
"284.7050","0.2231","0.6222"
"284.7250","0.2231","0.6222"
"284.7450","0.2231","0.6222"
"284.7650","0.2231","0.6222"
"284.7850","0.2231","0.6222"
"284.8050","0.2231","0.6222"
"284.8250","0.2231","0.6221"
"284.8450","0.2231","0.6222"
"284.8650","0.2231","0.6222"
"284.8850","0.2231","0.6222"
"284.9050","0.2231","0.6222"
"284.9250","0.2231","0.6222"
"284.9450","0.2231","0.6223"
"284.9650","0.2231","0.6222"
"284.9850","0.2231","0.6221"
"285.0050","0.2231","0.6221"
"285.0250","0.2231","0.6221"
"285.0450","0.2231","0.6221"
"285.0650","0.2231","0.6222"
"285.0850","0.2231","0.6221"
"285.1050","0.2231","0.6221"
"285.1250","0.2231","0.6221"
"285.1450","0.2231","0.6222"
"285.1650","0.2231","0.6222"
"285.1850","0.2231","0.6222"
"285.2050","0.2231","0.6221"
"285.2250","0.2231","0.6221"
"285.2450","0.2231","0.6222"
"285.2650","0.2231","0.6221"
"285.2850","0.2231","0.6221"
"285.3050","0.2231","0.6221"
"285.3250","0.2231","0.6221"
"285.3450","0.2231","0.6221"
"285.3650","0.2231","0.6221"
"285.3850","0.2231","0.6222"
"285.4050","0.2231","0.6222"
"285.4250","0.2231","0.6222"
"285.4450","0.2231","0.6222"
"285.4650","0.2231","0.6221"
"285.4850","0.2231","0.6221"
"285.5050","0.2231","0.6221"
"285.5250","0.2231","0.6221"
"285.5450","0.2231","0.6221"
"285.5650","0.2231","0.6221"
"285.5850","0.2231","0.6221"
"285.6050","0.2231","0.6221"
"285.6250","0.2231","0.6221"
"285.6450","0.2231","0.6220"
"285.6650","0.2231","0.6220"
"285.6850","0.2231","0.6221"
"285.7050","0.2231","0.6222"
"285.7250","0.2231","0.6222"
"285.7450","0.2231","0.6222"
"285.7650","0.2231","0.6221"
"285.7850","0.2231","0.6221"
"285.8050","0.2231","0.6221"
"285.8250","0.2231","0.6221"
"285.8450","0.2231","0.6221"
"285.8650","0.2231","0.6220"
"285.8850","0.2231","0.6221"
"285.9050","0.2231","0.6221"
"285.9250","0.2231","0.6221"
"285.9450","0.2231","0.6221"
"285.9650","0.2231","0.6220"
"285.9850","0.2231","0.6220"
"286.0050","0.2231","0.6220"
"286.0250","0.2231","0.6221"
"286.0450","0.2231","0.6221"
"286.0650","0.2231","0.6221"
"286.0850","0.2231","0.6221"
"286.1050","0.2231","0.6221"
"286.1250","0.2231","0.6222"
"286.1450","0.2231","0.6221"
"286.1650","0.2231","0.6220"
"286.1850","0.2231","0.6220"
"286.2050","0.2231","0.6220"
"286.2250","0.2231","0.6220"
"286.2450","0.2231","0.6221"
"286.2650","0.2231","0.6221"
"286.2850","0.2231","0.6220"
"286.3050","0.2231","0.6220"
"286.3250","0.2231","0.6219"
"286.3450","0.2231","0.6219"
"286.3650","0.2231","0.6220"
"286.3850","0.2231","0.6220"
"286.4050","0.2231","0.6221"
"286.4250","0.2231","0.6221"
"286.4450","0.2231","0.6220"
"286.4650","0.2231","0.6220"
"286.4850","0.2231","0.6221"
"286.5050","0.2231","0.6220"
"286.5250","0.2231","0.6220"
"286.5450","0.2231","0.6220"
"286.5650","0.2231","0.6220"
"286.5850","0.2231","0.6220"
"286.6050","0.2231","0.6220"
"286.6250","0.2231","0.6220"
"286.6450","0.2231","0.6220"
"286.6650","0.2231","0.6220"
"286.6850","0.2231","0.6220"
"286.7050","0.2231","0.6220"
"286.7250","0.2231","0.6219"
"286.7450","0.2231","0.6220"
"286.7650","0.2231","0.6220"
"286.7850","0.2231","0.6220"
"286.8050","0.2231","0.6220"
"286.8250","0.2231","0.6220"
"286.8450","0.2231","0.6220"
"286.8650","0.2231","0.6220"
"286.8850","0.2231","0.6220"
"286.9050","0.2231","0.6219"
"286.9250","0.2231","0.6219"
"286.9450","0.2231","0.6220"
"286.9650","0.2231","0.6220"
"286.9850","0.2231","0.6220"
"287.0050","0.2231","0.6220"
"287.0250","0.2231","0.6220"
"287.0450","0.2231","0.6220"
"287.0650","0.2231","0.6220"
"287.0850","0.2231","0.6219"
"287.1050","0.2231","0.6220"
"287.1250","0.2231","0.6220"
"287.1450","0.2231","0.6219"
"287.1650","0.2231","0.6219"
"287.1850","0.2231","0.6219"
"287.2050","0.2231","0.6219"
"287.2250","0.2231","0.6219"
"287.2450","0.2231","0.6219"
"287.2650","0.2231","0.6219"
"287.2850","0.2231","0.6218"
"287.3050","0.2231","0.6218"
"287.3250","0.2231","0.6218"
"287.3450","0.2231","0.6218"
"287.3650","0.2231","0.6219"
"287.3850","0.2231","0.6219"
"287.4050","0.2231","0.6218"
"287.4250","0.2231","0.6218"
"287.4450","0.2231","0.6218"
"287.4650","0.2231","0.6219"
"287.4850","0.2231","0.6219"
"287.5050","0.2231","0.6218"
"287.5250","0.2231","0.6218"
"287.5450","0.2231","0.6218"
"287.5650","0.2231","0.6218"
"287.5850","0.2231","0.6219"
"287.6050","0.2231","0.6219"
"287.6250","0.2231","0.6219"
"287.6450","0.2231","0.6218"
"287.6650","0.2231","0.6218"
"287.6850","0.2231","0.6217"
"287.7050","0.2231","0.6218"
"287.7250","0.2231","0.6218"
"287.7450","0.2231","0.6218"
"287.7650","0.2231","0.6219"
"287.7850","0.2231","0.6218"
"287.8050","0.2231","0.6218"
"287.8250","0.2231","0.6218"
"287.8450","0.2231","0.6218"
"287.8650","0.2231","0.6218"
"287.8850","0.2231","0.6218"
"287.9050","0.2231","0.6218"
"287.9250","0.2231","0.6219"
"287.9450","0.2231","0.6219"
"287.9650","0.2231","0.6218"
"287.9850","0.2231","0.6217"
"288.0050","0.2231","0.6217"
"288.0250","0.2231","0.6218"
"288.0450","0.2231","0.6218"
"288.0650","0.2231","0.6218"
"288.0850","0.2231","0.6217"
"288.1050","0.2231","0.6217"
"288.1250","0.2231","0.6217"
"288.1450","0.2231","0.6218"
"288.1650","0.2231","0.6218"
"288.1850","0.2231","0.6218"
"288.2050","0.2231","0.6218"
"288.2250","0.2231","0.6218"
"288.2450","0.2231","0.6218"
"288.2650","0.2231","0.6218"
"288.2850","0.2231","0.6218"
"288.3050","0.2231","0.6217"
"288.3250","0.2231","0.6217"
"288.3450","0.2231","0.6217"
"288.3650","0.2231","0.6217"
"288.3850","0.2231","0.6218"
"288.4050","0.2231","0.6218"
"288.4250","0.2231","0.6219"
"288.4450","0.2231","0.6218"
"288.4650","0.2231","0.6218"
"288.4850","0.2231","0.6216"
"288.5050","0.2231","0.6217"
"288.5250","0.2231","0.6218"
"288.5450","0.2231","0.6219"
"288.5650","0.2231","0.6218"
"288.5850","0.2231","0.6218"
"288.6050","0.2231","0.6217"
"288.6250","0.2231","0.6216"
"288.6450","0.2231","0.6217"
"288.6650","0.2231","0.6218"
"288.6850","0.2231","0.6218"
"288.7050","0.2231","0.6218"
"288.7250","0.2231","0.6218"
"288.7450","0.2231","0.6217"
"288.7650","0.2231","0.6218"
"288.7850","0.2231","0.6217"
"288.8050","0.2231","0.6216"
"288.8250","0.2231","0.6217"
"288.8450","0.2231","0.6217"
"288.8650","0.2231","0.6218"
"288.8850","0.2231","0.6217"
"288.9050","0.2231","0.6217"
"288.9250","0.2231","0.6217"
"288.9450","0.2231","0.6217"
"288.9650","0.2231","0.6217"
"288.9850","0.2231","0.6218"
"289.0050","0.2231","0.6218"
"289.0250","0.2231","0.6217"
"289.0450","0.2231","0.6217"
"289.0650","0.2231","0.6218"
"289.0850","0.2231","0.6218"
"289.1050","0.2231","0.6217"
"289.1250","0.2231","0.6217"
"289.1450","0.2231","0.6217"
"289.1650","0.2231","0.6216"
"289.1850","0.2231","0.6217"
"289.2050","0.2231","0.6217"
"289.2250","0.2231","0.6217"
"289.2450","0.2231","0.6217"
"289.2650","0.2231","0.6217"
"289.2850","0.2231","0.6216"
"289.3050","0.2231","0.6216"
"289.3250","0.2231","0.6216"
"289.3450","0.2231","0.6216"
"289.3650","0.2231","0.6216"
"289.3850","0.2231","0.6216"
"289.4050","0.2231","0.6217"
"289.4250","0.2231","0.6218"
"289.4450","0.2231","0.6217"
"289.4650","0.2231","0.6217"
"289.4850","0.2231","0.6216"
"289.5050","0.2231","0.6217"
"289.5250","0.2231","0.6216"
"289.5450","0.2231","0.6216"
"289.5650","0.2231","0.6216"
"289.5850","0.2231","0.6216"
"289.6050","0.2231","0.6216"
"289.6250","0.2231","0.6216"
"289.6450","0.2231","0.6216"
"289.6650","0.2231","0.6216"
"289.6850","0.2231","0.6216"
"289.7050","0.2231","0.6216"
"289.7250","0.2231","0.6217"
"289.7450","0.2231","0.6216"
"289.7650","0.2231","0.6216"
"289.7850","0.2231","0.6216"
"289.8050","0.2231","0.6217"
"289.8250","0.2231","0.6215"
"289.8450","0.2231","0.6215"
"289.8650","0.2231","0.6216"
"289.8850","0.2231","0.6216"
"289.9050","0.2231","0.6217"
"289.9250","0.2231","0.6216"
"289.9450","0.2231","0.6215"
"289.9650","0.2231","0.6216"
"289.9850","0.2231","0.6216"
"290.0050","0.2231","0.6216"
"290.0250","0.2231","0.6216"
"290.0450","0.2231","0.6215"
"290.0650","0.2231","0.6216"
"290.0850","0.2231","0.6216"
"290.1050","0.2231","0.6215"
"290.1250","0.2231","0.6215"
"290.1450","0.2231","0.6216"
"290.1650","0.2231","0.6216"
"290.1850","0.2231","0.6216"
"290.2050","0.2231","0.6215"
"290.2250","0.2231","0.6216"
"290.2450","0.2231","0.6216"
"290.2650","0.2231","0.6216"
"290.2850","0.2231","0.6216"
"290.3050","0.2231","0.6216"
"290.3250","0.2231","0.6216"
"290.3450","0.2231","0.6216"
"290.3650","0.2231","0.6217"
"290.3850","0.2231","0.6216"
"290.4050","0.2231","0.6215"
"290.4250","0.2231","0.6215"
"290.4450","0.2231","0.6214"
"290.4650","0.2231","0.6214"
"290.4850","0.2231","0.6214"
"290.5050","0.2231","0.6215"
"290.5250","0.2231","0.6214"
"290.5450","0.2231","0.6215"
"290.5650","0.2231","0.6216"
"290.5850","0.2231","0.6215"
"290.6050","0.2231","0.6215"
"290.6250","0.2231","0.6215"
"290.6450","0.2231","0.6215"
"290.6650","0.2231","0.6216"
"290.6850","0.2231","0.6216"
"290.7050","0.2231","0.6215"
"290.7250","0.2231","0.6214"
"290.7450","0.2231","0.6215"
"290.7650","0.2231","0.6215"
"290.7850","0.2231","0.6215"
"290.8050","0.2231","0.6216"
"290.8250","0.2231","0.6215"
"290.8450","0.2231","0.6214"
"290.8650","0.2231","0.6214"
"290.8850","0.2231","0.6214"
"290.9050","0.2231","0.6215"
"290.9250","0.2231","0.6215"
"290.9450","0.2231","0.6214"
"290.9650","0.2231","0.6214"
"290.9850","0.2231","0.6214"
"291.0050","0.2231","0.6215"
"291.0250","0.2231","0.6215"
"291.0450","0.2231","0.6215"
"291.0650","0.2231","0.6215"
"291.0850","0.2231","0.6215"
"291.1050","0.2231","0.6215"
"291.1250","0.2231","0.6214"
"291.1450","0.2231","0.6214"
"291.1650","0.2231","0.6213"
"291.1850","0.2231","0.6214"
"291.2050","0.2231","0.6215"
"291.2250","0.2231","0.6214"
"291.2450","0.2231","0.6214"
"291.2650","0.2231","0.6214"
"291.2850","0.2231","0.6214"
"291.3050","0.2231","0.6214"
"291.3250","0.2231","0.6215"
"291.3450","0.2231","0.6215"
"291.3650","0.2231","0.6214"
"291.3850","0.2231","0.6213"
"291.4050","0.2231","0.6213"
"291.4250","0.2231","0.6214"
"291.4450","0.2231","0.6214"
"291.4650","0.2231","0.6214"
"291.4850","0.2231","0.6213"
"291.5050","0.2231","0.6213"
"291.5250","0.2231","0.6214"
"291.5450","0.2231","0.6214"
"291.5650","0.2231","0.6214"
"291.5850","0.2231","0.6214"
"291.6050","0.2231","0.6214"
"291.6250","0.2231","0.6214"
"291.6450","0.2231","0.6213"
"291.6650","0.2231","0.6213"
"291.6850","0.2231","0.6213"
"291.7050","0.2231","0.6213"
"291.7250","0.2231","0.6214"
"291.7450","0.2231","0.6215"
"291.7650","0.2231","0.6214"
"291.7850","0.2231","0.6213"
"291.8050","0.2231","0.6213"
"291.8250","0.2231","0.6213"
"291.8450","0.2231","0.6213"
"291.8650","0.2231","0.6212"
"291.8850","0.2231","0.6213"
"291.9050","0.2231","0.6214"
"291.9250","0.2231","0.6214"
"291.9450","0.2231","0.6213"
"291.9650","0.2231","0.6212"
"291.9850","0.2231","0.6212"
"292.0050","0.2231","0.6213"
"292.0250","0.2231","0.6214"
"292.0450","0.2231","0.6214"
"292.0650","0.2231","0.6214"
"292.0850","0.2231","0.6214"
"292.1050","0.2231","0.6213"
"292.1250","0.2231","0.6213"
"292.1450","0.2231","0.6213"
"292.1650","0.2231","0.6213"
"292.1850","0.2231","0.6213"
"292.2050","0.2231","0.6213"
"292.2250","0.2231","0.6212"
"292.2450","0.2231","0.6213"
"292.2650","0.2231","0.6213"
"292.2850","0.2231","0.6214"
"292.3050","0.2231","0.6214"
"292.3250","0.2231","0.6213"
"292.3450","0.2231","0.6213"
"292.3650","0.2231","0.6212"
"292.3850","0.2231","0.6213"
"292.4050","0.2231","0.6214"
"292.4250","0.2231","0.6214"
"292.4450","0.2231","0.6213"
"292.4650","0.2231","0.6213"
"292.4850","0.2231","0.6213"
"292.5050","0.2231","0.6213"
"292.5250","0.2231","0.6213"
"292.5450","0.2231","0.6213"
"292.5650","0.2231","0.6213"
"292.5850","0.2231","0.6212"
"292.6050","0.2231","0.6212"
"292.6250","0.2231","0.6213"
"292.6450","0.2231","0.6213"
"292.6650","0.2231","0.6213"
"292.6850","0.2231","0.6213"
"292.7050","0.2231","0.6213"
"292.7250","0.2231","0.6213"
"292.7450","0.2231","0.6213"
"292.7650","0.2231","0.6213"
"292.7850","0.2231","0.6213"
"292.8050","0.2231","0.6213"
"292.8250","0.2231","0.6213"
"292.8450","0.2231","0.6213"
"292.8650","0.2231","0.6213"
"292.8850","0.2231","0.6214"
"292.9050","0.2231","0.6213"
"292.9250","0.2231","0.6212"
"292.9450","0.2231","0.6212"
"292.9650","0.2231","0.6212"
"292.9850","0.2231","0.6212"
"293.0050","0.2231","0.6213"
"293.0250","0.2231","0.6214"
"293.0450","0.2231","0.6213"
"293.0650","0.2231","0.6211"
"293.0850","0.2231","0.6211"
"293.1050","0.2231","0.6212"
"293.1250","0.2231","0.6213"
"293.1450","0.2231","0.6213"
"293.1650","0.2231","0.6213"
"293.1850","0.2231","0.6212"
"293.2050","0.2231","0.6212"
"293.2250","0.2231","0.6212"
"293.2450","0.2231","0.6212"
"293.2650","0.2231","0.6212"
"293.2850","0.2231","0.6212"
"293.3050","0.2231","0.6211"
"293.3250","0.2231","0.6212"
"293.3450","0.2231","0.6212"
"293.3650","0.2231","0.6212"
"293.3850","0.2231","0.6213"
"293.4050","0.2231","0.6212"
"293.4250","0.2231","0.6211"
"293.4450","0.2231","0.6211"
"293.4650","0.2231","0.6211"
"293.4850","0.2231","0.6211"
"293.5050","0.2231","0.6212"
"293.5250","0.2231","0.6212"
"293.5450","0.2231","0.6211"
"293.5650","0.2231","0.6211"
"293.5850","0.2231","0.6211"
"293.6050","0.2231","0.6212"
"293.6250","0.2231","0.6212"
"293.6450","0.2231","0.6212"
"293.6650","0.2231","0.6212"
"293.6850","0.2231","0.6213"
"293.7050","0.2231","0.6213"
"293.7250","0.2231","0.6212"
"293.7450","0.2231","0.6211"
"293.7650","0.2231","0.6211"
"293.7850","0.2231","0.6212"
"293.8050","0.2231","0.6211"
"293.8250","0.2231","0.6211"
"293.8450","0.2231","0.6211"
"293.8650","0.2231","0.6212"
"293.8850","0.2231","0.6212"
"293.9050","0.2231","0.6211"
"293.9250","0.2231","0.6211"
"293.9450","0.2231","0.6211"
"293.9650","0.2231","0.6212"
"293.9850","0.2231","0.6212"
"294.0050","0.2231","0.6211"
"294.0250","0.2231","0.6211"
"294.0450","0.2231","0.6211"
"294.0650","0.2231","0.6212"
"294.0850","0.2231","0.6211"
"294.1050","0.2231","0.6210"
"294.1250","0.2231","0.6211"
"294.1450","0.2231","0.6211"
"294.1650","0.2231","0.6211"
"294.1850","0.2231","0.6211"
"294.2050","0.2231","0.6211"
"294.2250","0.2231","0.6211"
"294.2450","0.2231","0.6211"
"294.2650","0.2231","0.6211"
"294.2850","0.2231","0.6211"
"294.3050","0.2231","0.6211"
"294.3250","0.2231","0.6210"
"294.3450","0.2231","0.6210"
"294.3650","0.2231","0.6211"
"294.3850","0.2231","0.6211"
"294.4050","0.2231","0.6211"
"294.4250","0.2231","0.6210"
"294.4450","0.2231","0.6211"
"294.4650","0.2231","0.6212"
"294.4850","0.2231","0.6211"
"294.5050","0.2231","0.6211"
"294.5250","0.2231","0.6211"
"294.5450","0.2231","0.6211"
"294.5650","0.2231","0.6211"
"294.5850","0.2231","0.6210"
"294.6050","0.2231","0.6210"
"294.6250","0.2231","0.6211"
"294.6450","0.2231","0.6211"
"294.6650","0.2231","0.6211"
"294.6850","0.2231","0.6210"
"294.7050","0.2231","0.6210"
"294.7250","0.2231","0.6210"
"294.7450","0.2231","0.6210"
"294.7650","0.2231","0.6210"
"294.7850","0.2231","0.6210"
"294.8050","0.2231","0.6210"
"294.8250","0.2231","0.6209"
"294.8450","0.2231","0.6209"
"294.8650","0.2231","0.6209"
"294.8850","0.2231","0.6209"
"294.9050","0.2231","0.6210"
"294.9250","0.2231","0.6210"
"294.9450","0.2231","0.6210"
"294.9650","0.2231","0.6210"
"294.9850","0.2231","0.6210"
"295.0050","0.2231","0.6210"
"295.0250","0.2231","0.6210"
"295.0450","0.2231","0.6210"
"295.0650","0.2231","0.6210"
"295.0850","0.2231","0.6210"
"295.1050","0.2231","0.6209"
"295.1250","0.2231","0.6210"
"295.1450","0.2231","0.6209"
"295.1650","0.2231","0.6209"
"295.1850","0.2231","0.6209"
"295.2050","0.2231","0.6210"
"295.2250","0.2231","0.6210"
"295.2450","0.2231","0.6211"
"295.2650","0.2231","0.6211"
"295.2850","0.2231","0.6211"
"295.3050","0.2231","0.6210"
"295.3250","0.2231","0.6210"
"295.3450","0.2231","0.6210"
"295.3650","0.2231","0.6210"
"295.3850","0.2231","0.6210"
"295.4050","0.2231","0.6210"
"295.4250","0.2231","0.6210"
"295.4450","0.2231","0.6210"
"295.4650","0.2231","0.6210"
"295.4850","0.2231","0.6210"
"295.5050","0.2231","0.6209"
"295.5250","0.2231","0.6209"
"295.5450","0.2231","0.6209"
"295.5650","0.2231","0.6209"
"295.5850","0.2231","0.6209"
"295.6050","0.2231","0.6209"
"295.6250","0.2231","0.6209"
"295.6450","0.2231","0.6210"
"295.6650","0.2231","0.6209"
"295.6850","0.2231","0.6209"
"295.7050","0.2231","0.6210"
"295.7250","0.2231","0.6210"
"295.7450","0.2231","0.6209"
"295.7650","0.2231","0.6209"
"295.7850","0.2231","0.6209"
"295.8050","0.2231","0.6209"
"295.8250","0.2231","0.6209"
"295.8450","0.2231","0.6209"
"295.8650","0.2231","0.6209"
"295.8850","0.2231","0.6209"
"295.9050","0.2231","0.6209"
"295.9250","0.2231","0.6209"
"295.9450","0.2231","0.6208"
"295.9650","0.2231","0.6208"
"295.9850","0.2231","0.6208"
"296.0050","0.2231","0.6208"
"296.0250","0.2231","0.6209"
"296.0450","0.2231","0.6209"
"296.0650","0.2231","0.6209"
"296.0850","0.2231","0.6209"
"296.1050","0.2231","0.6209"
"296.1250","0.2231","0.6209"
"296.1450","0.2231","0.6209"
"296.1650","0.2231","0.6209"
"296.1850","0.2231","0.6209"
"296.2050","0.2231","0.6209"
"296.2250","0.2231","0.6209"
"296.2450","0.2231","0.6209"
"296.2650","0.2231","0.6208"
"296.2850","0.2231","0.6208"
"296.3050","0.2231","0.6208"
"296.3250","0.2231","0.6208"
"296.3450","0.2231","0.6208"
"296.3650","0.2231","0.6209"
"296.3850","0.2231","0.6208"
"296.4050","0.2231","0.6208"
"296.4250","0.2231","0.6208"
"296.4450","0.2231","0.6209"
"296.4650","0.2231","0.6209"
"296.4850","0.2231","0.6209"
"296.5050","0.2231","0.6209"
"296.5250","0.2231","0.6208"
"296.5450","0.2231","0.6208"
"296.5650","0.2231","0.6208"
"296.5850","0.2231","0.6208"
"296.6050","0.2231","0.6208"
"296.6250","0.2231","0.6208"
"296.6450","0.2231","0.6208"
"296.6650","0.2231","0.6208"
"296.6850","0.2231","0.6208"
"296.7050","0.2231","0.6208"
"296.7250","0.2231","0.6208"
"296.7450","0.2231","0.6208"
"296.7650","0.2231","0.6208"
"296.7850","0.2231","0.6208"
"296.8050","0.2231","0.6208"
"296.8250","0.2231","0.6207"
"296.8450","0.2231","0.6207"
"296.8650","0.2231","0.6208"
"296.8850","0.2231","0.6208"
"296.9050","0.2231","0.6209"
"296.9250","0.2231","0.6208"
"296.9450","0.2231","0.6208"
"296.9650","0.2231","0.6208"
"296.9850","0.2231","0.6208"
"297.0050","0.2231","0.6208"
"297.0250","0.2231","0.6208"
"297.0450","0.2231","0.6207"
"297.0650","0.2231","0.6208"
"297.0850","0.2231","0.6208"
"297.1050","0.2231","0.6209"
"297.1250","0.2231","0.6208"
"297.1450","0.2231","0.6208"
"297.1650","0.2231","0.6208"
"297.1850","0.2231","0.6208"
"297.2050","0.2231","0.6207"
"297.2250","0.2231","0.6207"
"297.2450","0.2231","0.6208"
"297.2650","0.2231","0.6208"
"297.2850","0.2231","0.6207"
"297.3050","0.2231","0.6207"
"297.3250","0.2231","0.6207"
"297.3450","0.2231","0.6207"
"297.3650","0.2231","0.6207"
"297.3850","0.2231","0.6206"
"297.4050","0.2231","0.6207"
"297.4250","0.2231","0.6208"
"297.4450","0.2231","0.6208"
"297.4650","0.2231","0.6208"
"297.4850","0.2231","0.6207"
"297.5050","0.2231","0.6207"
"297.5250","0.2231","0.6207"
"297.5450","0.2231","0.6207"
"297.5650","0.2231","0.6207"
"297.5850","0.2231","0.6207"
"297.6050","0.2231","0.6207"
"297.6250","0.2231","0.6208"
"297.6450","0.2231","0.6207"
"297.6650","0.2231","0.6207"
"297.6850","0.2231","0.6207"
"297.7050","0.2231","0.6207"
"297.7250","0.2231","0.6207"
"297.7450","0.2231","0.6207"
"297.7650","0.2231","0.6207"
"297.7850","0.2231","0.6206"
"297.8050","0.2231","0.6207"
"297.8250","0.2231","0.6208"
"297.8450","0.2231","0.6208"
"297.8650","0.2231","0.6206"
"297.8850","0.2231","0.6206"
"297.9050","0.2231","0.6206"
"297.9250","0.2231","0.6207"
"297.9450","0.2231","0.6207"
"297.9650","0.2231","0.6207"
"297.9850","0.2231","0.6207"
"298.0050","0.2231","0.6207"
"298.0250","0.2231","0.6207"
"298.0450","0.2231","0.6207"
"298.0650","0.2231","0.6207"
"298.0850","0.2231","0.6207"
"298.1050","0.2231","0.6206"
"298.1250","0.2231","0.6206"
"298.1450","0.2231","0.6206"
"298.1650","0.2231","0.6206"
"298.1850","0.2231","0.6206"
"298.2050","0.2231","0.6206"
"298.2250","0.2231","0.6206"
"298.2450","0.2231","0.6206"
"298.2650","0.2231","0.6207"
"298.2850","0.2231","0.6207"
"298.3050","0.2231","0.6206"
"298.3250","0.2231","0.6206"
"298.3450","0.2231","0.6206"
"298.3650","0.2231","0.6206"
"298.3850","0.2231","0.6206"
"298.4050","0.2231","0.6206"
"298.4250","0.2231","0.6205"
"298.4450","0.2231","0.6206"
"298.4650","0.2231","0.6207"
"298.4850","0.2231","0.6206"
"298.5050","0.2231","0.6206"
"298.5250","0.2231","0.6206"
"298.5450","0.2231","0.6206"
"298.5650","0.2231","0.6207"
"298.5850","0.2231","0.6207"
"298.6050","0.2231","0.6207"
"298.6250","0.2231","0.6206"
"298.6450","0.2231","0.6206"
"298.6650","0.2231","0.6206"
"298.6850","0.2231","0.6206"
"298.7050","0.2231","0.6205"
"298.7250","0.2231","0.6206"
"298.7450","0.2231","0.6206"
"298.7650","0.2231","0.6206"
"298.7850","0.2231","0.6207"
"298.8050","0.2231","0.6206"
"298.8250","0.2231","0.6205"
"298.8450","0.2231","0.6205"
"298.8650","0.2231","0.6206"
"298.8850","0.2231","0.6206"
"298.9050","0.2231","0.6205"
"298.9250","0.2231","0.6205"
"298.9450","0.2231","0.6206"
"298.9650","0.2231","0.6206"
"298.9850","0.2231","0.6207"
"299.0050","0.2231","0.6207"
"299.0250","0.2231","0.6206"
"299.0450","0.2231","0.6206"
"299.0650","0.2231","0.6206"
"299.0850","0.2231","0.6205"
"299.1050","0.2231","0.6205"
"299.1250","0.2231","0.6206"
"299.1450","0.2231","0.6206"
"299.1650","0.2231","0.6206"
"299.1850","0.2231","0.6205"
"299.2050","0.2231","0.6205"
"299.2250","0.2231","0.6206"
"299.2450","0.2231","0.6205"
"299.2650","0.2231","0.6205"
"299.2850","0.2231","0.6205"
"299.3050","0.2231","0.6205"
"299.3250","0.2231","0.6205"
"299.3450","0.2231","0.6205"
"299.3650","0.2231","0.6205"
"299.3850","0.2231","0.6206"
"299.4050","0.2231","0.6206"
"299.4250","0.2231","0.6205"
"299.4450","0.2231","0.6205"
"299.4650","0.2231","0.6204"
"299.4850","0.2231","0.6204"
"299.5050","0.2231","0.6205"
"299.5250","0.2231","0.6204"
"299.5450","0.2231","0.6204"
"299.5650","0.2231","0.6204"
"299.5850","0.2231","0.6204"
"299.6050","0.2231","0.6204"
"299.6250","0.2231","0.6204"
"299.6450","0.2231","0.6204"
"299.6650","0.2231","0.6205"
"299.6850","0.2231","0.6205"
"299.7050","0.2231","0.6204"
"299.7250","0.2231","0.6204"
"299.7450","0.2231","0.6205"
"299.7650","0.2231","0.6205"
"299.7850","0.2231","0.6205"
"299.8050","0.2231","0.6205"
"299.8250","0.2231","0.6205"
"299.8450","0.2231","0.6204"
"299.8650","0.2231","0.6204"
"299.8850","0.2231","0.6204"
"299.9050","0.2231","0.6204"
"299.9250","0.2231","0.6205"
"299.9450","0.2231","0.6205"
"299.9650","0.2231","0.6204"
"299.9850","0.2231","0.6205"
"300.0050","0.2231","0.6205"
"300.0250","0.2231","0.6205"
"300.0450","0.2231","0.6204"
"300.0650","0.2231","0.6205"
"300.0850","0.2231","0.6204"
"300.1050","0.2231","0.6205"
"300.1250","0.2231","0.6204"
"300.1450","0.2231","0.6204"
"300.1650","0.2231","0.6204"
"300.1850","0.2231","0.6204"
"300.2050","0.2231","0.6204"
"300.2250","0.2231","0.6204"
"300.2450","0.2231","0.6204"
"300.2650","0.2231","0.6203"
"300.2850","0.2231","0.6204"
"300.3050","0.2231","0.6204"
"300.3250","0.2231","0.6203"
"300.3450","0.2231","0.6204"
"300.3650","0.2231","0.6204"
"300.3850","0.2231","0.6203"
"300.4050","0.2231","0.6204"
"300.4250","0.2231","0.6204"
"300.4450","0.2231","0.6204"
"300.4650","0.2231","0.6204"
"300.4850","0.2231","0.6204"
"300.5050","0.2231","0.6204"
"300.5250","0.2231","0.6204"
"300.5450","0.2231","0.6204"
"300.5650","0.2231","0.6204"
"300.5850","0.2231","0.6203"
"300.6050","0.2231","0.6202"
"300.6250","0.2231","0.6203"
"300.6450","0.2231","0.6203"
"300.6650","0.2231","0.6203"
"300.6850","0.2231","0.6204"
"300.7050","0.2231","0.6205"
"300.7250","0.2231","0.6204"
"300.7450","0.2231","0.6204"
"300.7650","0.2231","0.6203"
"300.7850","0.2231","0.6204"
"300.8050","0.2231","0.6204"
"300.8250","0.2231","0.6204"
"300.8450","0.2231","0.6204"
"300.8650","0.2231","0.6203"
"300.8850","0.2231","0.6203"
"300.9050","0.2231","0.6203"
"300.9250","0.2231","0.6204"
"300.9450","0.2231","0.6204"
"300.9650","0.2231","0.6203"
"300.9850","0.2231","0.6203"
"301.0050","0.2231","0.6203"
"301.0250","0.2231","0.6203"
"301.0450","0.2231","0.6203"
"301.0650","0.2231","0.6203"
"301.0850","0.2231","0.6202"
"301.1050","0.2231","0.6202"
"301.1250","0.2231","0.6203"
"301.1450","0.2231","0.6203"
"301.1650","0.2231","0.6203"
"301.1850","0.2231","0.6203"
"301.2050","0.2231","0.6203"
"301.2250","0.2231","0.6204"
"301.2450","0.2231","0.6203"
"301.2650","0.2231","0.6203"
"301.2850","0.2231","0.6202"
"301.3050","0.2231","0.6203"
"301.3250","0.2231","0.6203"
"301.3450","0.2231","0.6203"
"301.3650","0.2231","0.6203"
"301.3850","0.2231","0.6204"
"301.4050","0.2231","0.6202"
"301.4250","0.2231","0.6202"
"301.4450","0.2231","0.6202"
"301.4650","0.2231","0.6203"
"301.4850","0.2231","0.6204"
"301.5050","0.2231","0.6204"
"301.5250","0.2231","0.6203"
"301.5450","0.2231","0.6202"
"301.5650","0.2231","0.6202"
"301.5850","0.2231","0.6202"
"301.6050","0.2231","0.6203"
"301.6250","0.2231","0.6203"
"301.6450","0.2231","0.6203"
"301.6650","0.2231","0.6203"
"301.6850","0.2231","0.6203"
"301.7050","0.2231","0.6202"
"301.7250","0.2231","0.6203"
"301.7450","0.2231","0.6203"
"301.7650","0.2231","0.6203"
"301.7850","0.2231","0.6203"
"301.8050","0.2231","0.6203"
"301.8250","0.2231","0.6203"
"301.8450","0.2231","0.6204"
"301.8650","0.2231","0.6203"
"301.8850","0.2231","0.6202"
"301.9050","0.2231","0.6202"
"301.9250","0.2231","0.6202"
"301.9450","0.2231","0.6202"
"301.9650","0.2231","0.6202"
"301.9850","0.2231","0.6203"
"302.0050","0.2231","0.6202"
"302.0250","0.2231","0.6202"
"302.0450","0.2231","0.6202"
"302.0650","0.2231","0.6202"
"302.0850","0.2231","0.6202"
"302.1050","0.2231","0.6202"
"302.1250","0.2231","0.6202"
"302.1450","0.2231","0.6202"
"302.1650","0.2231","0.6202"
"302.1850","0.2231","0.6201"
"302.2050","0.2231","0.6201"
"302.2250","0.2231","0.6202"
"302.2450","0.2231","0.6202"
"302.2650","0.2231","0.6202"
"302.2850","0.2231","0.6202"
"302.3050","0.2231","0.6201"
"302.3250","0.2231","0.6200"
"302.3450","0.2231","0.6200"
"302.3650","0.2231","0.6200"
"302.3850","0.2231","0.6200"
"302.4050","0.2231","0.6201"
"302.4250","0.2231","0.6202"
"302.4450","0.2231","0.6202"
"302.4650","0.2231","0.6201"
"302.4850","0.2231","0.6201"
"302.5050","0.2231","0.6202"
"302.5250","0.2231","0.6202"
"302.5450","0.2231","0.6201"
"302.5650","0.2231","0.6200"
"302.5850","0.2231","0.6200"
"302.6050","0.2231","0.6201"
"302.6250","0.2231","0.6202"
"302.6450","0.2231","0.6202"
"302.6650","0.2231","0.6202"
"302.6850","0.2231","0.6202"
"302.7050","0.2231","0.6202"
"302.7250","0.2231","0.6202"
"302.7450","0.2231","0.6202"
"302.7650","0.2231","0.6201"
"302.7850","0.2231","0.6201"
"302.8050","0.2231","0.6201"
"302.8250","0.2231","0.6201"
"302.8450","0.2231","0.6201"
"302.8650","0.2231","0.6201"
"302.8850","0.2231","0.6201"
"302.9050","0.2231","0.6202"
"302.9250","0.2231","0.6202"
"302.9450","0.2231","0.6201"
"302.9650","0.2231","0.6201"
"302.9850","0.2231","0.6201"
"303.0050","0.2231","0.6201"
"303.0250","0.2231","0.6201"
"303.0450","0.2231","0.6201"
"303.0650","0.2231","0.6201"
"303.0850","0.2231","0.6201"
"303.1050","0.2231","0.6202"
"303.1250","0.2231","0.6201"
"303.1450","0.2231","0.6201"
"303.1650","0.2231","0.6201"
"303.1850","0.2231","0.6201"
"303.2050","0.2231","0.6201"
"303.2250","0.2231","0.6201"
"303.2450","0.2231","0.6201"
"303.2650","0.2231","0.6201"
"303.2850","0.2231","0.6201"
"303.3050","0.2231","0.6200"
"303.3250","0.2231","0.6200"
"303.3450","0.2231","0.6200"
"303.3650","0.2231","0.6199"
"303.3850","0.2231","0.6199"
"303.4050","0.2231","0.6200"
"303.4250","0.2231","0.6200"
"303.4450","0.2231","0.6200"
"303.4650","0.2231","0.6200"
"303.4850","0.2231","0.6201"
"303.5050","0.2231","0.6200"
"303.5250","0.2231","0.6200"
"303.5450","0.2231","0.6201"
"303.5650","0.2231","0.6201"
"303.5850","0.2231","0.6200"
"303.6050","0.2231","0.6200"
"303.6250","0.2231","0.6200"
"303.6450","0.2231","0.6200"
"303.6650","0.2231","0.6200"
"303.6850","0.2231","0.6200"
"303.7050","0.2231","0.6200"
"303.7250","0.2231","0.6200"
"303.7450","0.2231","0.6200"
"303.7650","0.2231","0.6199"
"303.7850","0.2231","0.6200"
"303.8050","0.2231","0.6201"
"303.8250","0.2231","0.6201"
"303.8450","0.2231","0.6200"
"303.8650","0.2231","0.6200"
"303.8850","0.2231","0.6200"
"303.9050","0.2231","0.6201"
"303.9250","0.2231","0.6200"
"303.9450","0.2231","0.6200"
"303.9650","0.2231","0.6200"
"303.9850","0.2231","0.6200"
"304.0050","0.2231","0.6200"
"304.0250","0.2231","0.6200"
"304.0450","0.2231","0.6200"
"304.0650","0.2231","0.6200"
"304.0850","0.2231","0.6200"
"304.1050","0.2231","0.6199"
"304.1250","0.2231","0.6199"
"304.1450","0.2231","0.6200"
"304.1650","0.2231","0.6200"
"304.1850","0.2231","0.6199"
"304.2050","0.2231","0.6200"
"304.2250","0.2231","0.6199"
"304.2450","0.2231","0.6199"
"304.2650","0.2231","0.6199"
"304.2850","0.2231","0.6199"
"304.3050","0.2231","0.6199"
"304.3250","0.2231","0.6200"
"304.3450","0.2231","0.6199"
"304.3650","0.2231","0.6200"
"304.3850","0.2231","0.6199"
"304.4050","0.2231","0.6199"
"304.4250","0.2231","0.6200"
"304.4450","0.2231","0.6200"
"304.4650","0.2231","0.6200"
"304.4850","0.2231","0.6199"
"304.5050","0.2231","0.6199"
"304.5250","0.2231","0.6200"
"304.5450","0.2231","0.6200"
"304.5650","0.2231","0.6199"
"304.5850","0.2231","0.6199"
"304.6050","0.2231","0.6200"
"304.6250","0.2231","0.6198"
"304.6450","0.2231","0.6198"
"304.6650","0.2231","0.6199"
"304.6850","0.2231","0.6199"
"304.7050","0.2231","0.6199"
"304.7250","0.2231","0.6199"
"304.7450","0.2231","0.6199"
"304.7650","0.2231","0.6199"
"304.7850","0.2231","0.6199"
"304.8050","0.2231","0.6199"
"304.8250","0.2231","0.6199"
"304.8450","0.2231","0.6199"
"304.8650","0.2231","0.6199"
"304.8850","0.2231","0.6199"
"304.9050","0.2231","0.6198"
"304.9250","0.2231","0.6198"
"304.9450","0.2231","0.6199"
"304.9650","0.2231","0.6199"
"304.9850","0.2231","0.6198"
"305.0050","0.2231","0.6199"
"305.0250","0.2231","0.6199"
"305.0450","0.2231","0.6199"
"305.0650","0.2231","0.6199"
"305.0850","0.2231","0.6198"
"305.1050","0.2231","0.6198"
"305.1250","0.2231","0.6199"
"305.1450","0.2231","0.6198"
"305.1650","0.2231","0.6198"
"305.1850","0.2231","0.6199"
"305.2050","0.2231","0.6198"
"305.2250","0.2231","0.6198"
"305.2450","0.2231","0.6197"
"305.2650","0.2231","0.6198"
"305.2850","0.2231","0.6198"
"305.3050","0.2231","0.6198"
"305.3250","0.2231","0.6198"
"305.3450","0.2231","0.6199"
"305.3650","0.2231","0.6198"
"305.3850","0.2231","0.6199"
"305.4050","0.2231","0.6199"
"305.4250","0.2231","0.6198"
"305.4450","0.2231","0.6199"
"305.4650","0.2231","0.6198"
"305.4850","0.2231","0.6197"
"305.5050","0.2231","0.6197"
"305.5250","0.2231","0.6197"
"305.5450","0.2231","0.6198"
"305.5650","0.2231","0.6198"
"305.5850","0.2231","0.6198"
"305.6050","0.2231","0.6198"
"305.6250","0.2231","0.6199"
"305.6450","0.2231","0.6199"
"305.6650","0.2231","0.6198"
"305.6850","0.2231","0.6199"
"305.7050","0.2231","0.6199"
"305.7250","0.2231","0.6200"
"305.7450","0.2231","0.6199"
"305.7650","0.2231","0.6197"
"305.7850","0.2231","0.6197"
"305.8050","0.2231","0.6197"
"305.8250","0.2231","0.6197"
"305.8450","0.2231","0.6198"
"305.8650","0.2231","0.6197"
"305.8850","0.2231","0.6197"
"305.9050","0.2231","0.6197"
"305.9250","0.2231","0.6198"
"305.9450","0.2231","0.6198"
"305.9650","0.2231","0.6198"
"305.9850","0.2231","0.6198"
"306.0050","0.2231","0.6199"
"306.0250","0.2231","0.6198"
"306.0450","0.2231","0.6198"
"306.0650","0.2231","0.6198"
"306.0850","0.2231","0.6198"
"306.1050","0.2231","0.6197"
"306.1250","0.2231","0.6197"
"306.1450","0.2231","0.6197"
"306.1650","0.2231","0.6197"
"306.1850","0.2231","0.6198"
"306.2050","0.2231","0.6197"
"306.2250","0.2231","0.6198"
"306.2450","0.2231","0.6197"
"306.2650","0.2231","0.6197"
"306.2850","0.2231","0.6198"
"306.3050","0.2231","0.6198"
"306.3250","0.2231","0.6197"
"306.3450","0.2231","0.6197"
"306.3650","0.2231","0.6197"
"306.3850","0.2231","0.6198"
"306.4050","0.2231","0.6198"
"306.4250","0.2231","0.6197"
"306.4450","0.2231","0.6198"
"306.4650","0.2231","0.6198"
"306.4850","0.2231","0.6198"
"306.5050","0.2231","0.6197"
"306.5250","0.2231","0.6197"
"306.5450","0.2231","0.6197"
"306.5650","0.2231","0.6197"
"306.5850","0.2231","0.6197"
"306.6050","0.2231","0.6197"
"306.6250","0.2231","0.6197"
"306.6450","0.2231","0.6197"
"306.6650","0.2231","0.6197"
"306.6850","0.2231","0.6196"
"306.7050","0.2231","0.6197"
"306.7250","0.2231","0.6197"
"306.7450","0.2231","0.6198"
"306.7650","0.2231","0.6197"
"306.7850","0.2231","0.6196"
"306.8050","0.2231","0.6196"
"306.8250","0.2231","0.6196"
"306.8450","0.2231","0.6197"
"306.8650","0.2231","0.6197"
"306.8850","0.2231","0.6197"
"306.9050","0.2231","0.6197"
"306.9250","0.2231","0.6197"
"306.9450","0.2231","0.6196"
"306.9650","0.2231","0.6196"
"306.9850","0.2231","0.6197"
"307.0050","0.2231","0.6196"
"307.0250","0.2231","0.6196"
"307.0450","0.2231","0.6197"
"307.0650","0.2231","0.6197"
"307.0850","0.2231","0.6197"
"307.1050","0.2231","0.6196"
"307.1250","0.2231","0.6196"
"307.1450","0.2231","0.6196"
"307.1650","0.2231","0.6196"
"307.1850","0.2231","0.6197"
"307.2050","0.2231","0.6197"
"307.2250","0.2231","0.6197"
"307.2450","0.2231","0.6197"
"307.2650","0.2231","0.6197"
"307.2850","0.2231","0.6196"
"307.3050","0.2231","0.6196"
"307.3250","0.2231","0.6195"
"307.3450","0.2231","0.6196"
"307.3650","0.2231","0.6196"
"307.3850","0.2231","0.6197"
"307.4050","0.2231","0.6197"
"307.4250","0.2231","0.6196"
"307.4450","0.2231","0.6196"
"307.4650","0.2231","0.6196"
"307.4850","0.2231","0.6196"
"307.5050","0.2231","0.6197"
"307.5250","0.2231","0.6197"
"307.5450","0.2231","0.6196"
"307.5650","0.2231","0.6195"
"307.5850","0.2231","0.6196"
"307.6050","0.2231","0.6196"
"307.6250","0.2231","0.6196"
"307.6450","0.2231","0.6196"
"307.6650","0.2231","0.6196"
"307.6850","0.2231","0.6196"
"307.7050","0.2231","0.6195"
"307.7250","0.2231","0.6195"
"307.7450","0.2231","0.6195"
"307.7650","0.2231","0.6196"
"307.7850","0.2231","0.6195"
"307.8050","0.2231","0.6195"
"307.8250","0.2231","0.6195"
"307.8450","0.2231","0.6195"
"307.8650","0.2231","0.6195"
"307.8850","0.2231","0.6195"
"307.9050","0.2231","0.6196"
"307.9250","0.2231","0.6195"
"307.9450","0.2231","0.6195"
"307.9650","0.2231","0.6195"
"307.9850","0.2231","0.6195"
"308.0050","0.2231","0.6195"
"308.0250","0.2231","0.6195"
"308.0450","0.2231","0.6195"
"308.0650","0.2231","0.6195"
"308.0850","0.2231","0.6196"
"308.1050","0.2231","0.6195"
"308.1250","0.2231","0.6195"
"308.1450","0.2231","0.6195"
"308.1650","0.2231","0.6195"
"308.1850","0.2231","0.6195"
"308.2050","0.2231","0.6195"
"308.2250","0.2231","0.6195"
"308.2450","0.2231","0.6195"
"308.2650","0.2231","0.6195"
"308.2850","0.2231","0.6195"
"308.3050","0.2231","0.6195"
"308.3250","0.2231","0.6195"
"308.3450","0.2231","0.6195"
"308.3650","0.2231","0.6196"
"308.3850","0.2231","0.6196"
"308.4050","0.2231","0.6195"
"308.4250","0.2231","0.6194"
"308.4450","0.2231","0.6194"
"308.4650","0.2231","0.6194"
"308.4850","0.2231","0.6195"
"308.5050","0.2231","0.6194"
"308.5250","0.2231","0.6195"
"308.5450","0.2231","0.6195"
"308.5650","0.2231","0.6196"
"308.5850","0.2231","0.6196"
"308.6050","0.2231","0.6195"
"308.6250","0.2231","0.6194"
"308.6450","0.2231","0.6194"
"308.6650","0.2231","0.6194"
"308.6850","0.2231","0.6195"
"308.7050","0.2231","0.6194"
"308.7250","0.2231","0.6194"
"308.7450","0.2231","0.6194"
"308.7650","0.2231","0.6194"
"308.7850","0.2231","0.6196"
"308.8050","0.2231","0.6195"
"308.8250","0.2231","0.6194"
"308.8450","0.2231","0.6194"
"308.8650","0.2231","0.6193"
"308.8850","0.2231","0.6194"
"308.9050","0.2231","0.6194"
"308.9250","0.2231","0.6194"
"308.9450","0.2231","0.6194"
"308.9650","0.2231","0.6194"
"308.9850","0.2231","0.6195"
"309.0050","0.2231","0.6195"
"309.0250","0.2231","0.6194"
"309.0450","0.2231","0.6193"
"309.0650","0.2231","0.6194"
"309.0850","0.2231","0.6194"
"309.1050","0.2231","0.6194"
"309.1250","0.2231","0.6193"
"309.1450","0.2231","0.6193"
"309.1650","0.2231","0.6193"
"309.1850","0.2231","0.6194"
"309.2050","0.2231","0.6194"
"309.2250","0.2231","0.6193"
"309.2450","0.2231","0.6193"
"309.2650","0.2231","0.6193"
"309.2850","0.2231","0.6193"
"309.3050","0.2231","0.6193"
"309.3250","0.2231","0.6193"
"309.3450","0.2231","0.6193"
"309.3650","0.2231","0.6193"
"309.3850","0.2231","0.6193"
"309.4050","0.2231","0.6193"
"309.4250","0.2231","0.6193"
"309.4450","0.2231","0.6194"
"309.4650","0.2231","0.6194"
"309.4850","0.2231","0.6194"
"309.5050","0.2231","0.6194"
"309.5250","0.2231","0.6194"
"309.5450","0.2231","0.6194"
"309.5650","0.2231","0.6194"
"309.5850","0.2231","0.6194"
"309.6050","0.2231","0.6193"
"309.6250","0.2231","0.6193"
"309.6450","0.2231","0.6193"
"309.6650","0.2231","0.6194"
"309.6850","0.2231","0.6193"
"309.7050","0.2231","0.6193"
"309.7250","0.2231","0.6194"
"309.7450","0.2231","0.6194"
"309.7650","0.2231","0.6193"
"309.7850","0.2231","0.6194"
"309.8050","0.2231","0.6193"
"309.8250","0.2231","0.6194"
"309.8450","0.2231","0.6193"
"309.8650","0.2231","0.6192"
"309.8850","0.2231","0.6193"
"309.9050","0.2231","0.6193"
"309.9250","0.2231","0.6192"
"309.9450","0.2231","0.6192"
"309.9650","0.2231","0.6193"
"309.9850","0.2231","0.6193"
"310.0050","0.2231","0.6192"
"310.0250","0.2231","0.6192"
"310.0450","0.2231","0.6193"
"310.0650","0.2231","0.6193"
"310.0850","0.2231","0.6193"
"310.1050","0.2231","0.6193"
"310.1250","0.2231","0.6193"
"310.1450","0.2231","0.6192"
"310.1650","0.2231","0.6193"
"310.1850","0.2231","0.6193"
"310.2050","0.2231","0.6193"
"310.2250","0.2231","0.6192"
"310.2450","0.2231","0.6193"
"310.2650","0.2231","0.6193"
"310.2850","0.2231","0.6192"
"310.3050","0.2231","0.6193"
"310.3250","0.2231","0.6193"
"310.3450","0.2231","0.6192"
"310.3650","0.2231","0.6193"
"310.3850","0.2231","0.6193"
"310.4050","0.2231","0.6192"
"310.4250","0.2231","0.6193"
"310.4450","0.2231","0.6193"
"310.4650","0.2231","0.6193"
"310.4850","0.2231","0.6192"
"310.5050","0.2231","0.6192"
"310.5250","0.2231","0.6193"
"310.5450","0.2231","0.6193"
"310.5650","0.2231","0.6192"
"310.5850","0.2231","0.6193"
"310.6050","0.2231","0.6193"
"310.6250","0.2231","0.6193"
"310.6450","0.2231","0.6192"
"310.6650","0.2231","0.6192"
"310.6850","0.2231","0.6192"
"310.7050","0.2231","0.6192"
"310.7250","0.2231","0.6192"
"310.7450","0.2231","0.6192"
"310.7650","0.2231","0.6192"
"310.7850","0.2231","0.6193"
"310.8050","0.2231","0.6193"
"310.8250","0.2231","0.6192"
"310.8450","0.2231","0.6191"
"310.8650","0.2231","0.6191"
"310.8850","0.2231","0.6191"
"310.9050","0.2231","0.6192"
"310.9250","0.2231","0.6193"
"310.9450","0.2231","0.6193"
"310.9650","0.2231","0.6192"
"310.9850","0.2231","0.6192"
"311.0050","0.2231","0.6192"
"311.0250","0.2231","0.6192"
"311.0450","0.2231","0.6192"
"311.0650","0.2231","0.6191"
"311.0850","0.2231","0.6191"
"311.1050","0.2231","0.6192"
"311.1250","0.2231","0.6191"
"311.1450","0.2231","0.6192"
"311.1650","0.2231","0.6192"
"311.1850","0.2231","0.6191"
"311.2050","0.2231","0.6192"
"311.2250","0.2231","0.6192"
"311.2450","0.2231","0.6191"
"311.2650","0.2231","0.6191"
"311.2850","0.2231","0.6191"
"311.3050","0.2231","0.6191"
"311.3250","0.2231","0.6191"
"311.3450","0.2231","0.6192"
"311.3650","0.2231","0.6192"
"311.3850","0.2231","0.6192"
"311.4050","0.2231","0.6192"
"311.4250","0.2231","0.6192"
"311.4450","0.2231","0.6191"
"311.4650","0.2231","0.6191"
"311.4850","0.2231","0.6191"
"311.5050","0.2231","0.6191"
"311.5250","0.2231","0.6191"
"311.5450","0.2231","0.6192"
"311.5650","0.2231","0.6191"
"311.5850","0.2231","0.6192"
"311.6050","0.2231","0.6191"
"311.6250","0.2231","0.6191"
"311.6450","0.2231","0.6191"
"311.6650","0.2231","0.6191"
"311.6850","0.2231","0.6190"
"311.7050","0.2231","0.6191"
"311.7250","0.2231","0.6191"
"311.7450","0.2231","0.6191"
"311.7650","0.2231","0.6191"
"311.7850","0.2231","0.6192"
"311.8050","0.2231","0.6192"
"311.8250","0.2231","0.6191"
"311.8450","0.2231","0.6191"
"311.8650","0.2231","0.6191"
"311.8850","0.2231","0.6191"
"311.9050","0.2231","0.6191"
"311.9250","0.2231","0.6192"
"311.9450","0.2231","0.6192"
"311.9650","0.2231","0.6192"
"311.9850","0.2231","0.6192"
"312.0050","0.2231","0.6191"
"312.0250","0.2231","0.6191"
"312.0450","0.2231","0.6192"
"312.0650","0.2231","0.6191"
"312.0850","0.2231","0.6190"
"312.1050","0.2231","0.6190"
"312.1250","0.2231","0.6190"
"312.1450","0.2231","0.6191"
"312.1650","0.2231","0.6191"
"312.1850","0.2231","0.6191"
"312.2050","0.2231","0.6191"
"312.2250","0.2231","0.6192"
"312.2450","0.2231","0.6191"
"312.2650","0.2231","0.6191"
"312.2850","0.2231","0.6191"
"312.3050","0.2231","0.6191"
"312.3250","0.2231","0.6190"
"312.3450","0.2231","0.6190"
"312.3650","0.2231","0.6191"
"312.3850","0.2231","0.6191"
"312.4050","0.2231","0.6191"
"312.4250","0.2231","0.6191"
"312.4450","0.2231","0.6191"
"312.4650","0.2231","0.6191"
"312.4850","0.2231","0.6191"
"312.5050","0.2231","0.6191"
"312.5250","0.2231","0.6190"
"312.5450","0.2231","0.6190"
"312.5650","0.2231","0.6190"
"312.5850","0.2231","0.6189"
"312.6050","0.2231","0.6189"
"312.6250","0.2231","0.6190"
"312.6450","0.2231","0.6190"
"312.6650","0.2231","0.6190"
"312.6850","0.2231","0.6190"
"312.7050","0.2231","0.6190"
"312.7250","0.2231","0.6191"
"312.7450","0.2231","0.6191"
"312.7650","0.2231","0.6191"
"312.7850","0.2231","0.6190"
"312.8050","0.2231","0.6190"
"312.8250","0.2231","0.6190"
"312.8450","0.2231","0.6190"
"312.8650","0.2231","0.6190"
"312.8850","0.2231","0.6190"
"312.9050","0.2231","0.6190"
"312.9250","0.2231","0.6190"
"312.9450","0.2231","0.6191"
"312.9650","0.2231","0.6190"
"312.9850","0.2231","0.6190"
"313.0050","0.2231","0.6191"
"313.0250","0.2231","0.6190"
"313.0450","0.2231","0.6190"
"313.0650","0.2231","0.6190"
"313.0850","0.2231","0.6190"
"313.1050","0.2231","0.6189"
"313.1250","0.2231","0.6189"
"313.1450","0.2231","0.6189"
"313.1650","0.2231","0.6189"
"313.1850","0.2231","0.6189"
"313.2050","0.2231","0.6189"
"313.2250","0.2231","0.6190"
"313.2450","0.2231","0.6189"
"313.2650","0.2231","0.6190"
"313.2850","0.2231","0.6189"
"313.3050","0.2231","0.6190"
"313.3250","0.2231","0.6189"
"313.3450","0.2231","0.6189"
"313.3650","0.2231","0.6189"
"313.3850","0.2231","0.6190"
"313.4050","0.2231","0.6190"
"313.4250","0.2231","0.6190"
"313.4450","0.2231","0.6189"
"313.4650","0.2231","0.6188"
"313.4850","0.2231","0.6189"
"313.5050","0.2231","0.6189"
"313.5250","0.2231","0.6189"
"313.5450","0.2231","0.6190"
"313.5650","0.2231","0.6189"
"313.5850","0.2231","0.6188"
"313.6050","0.2231","0.6189"
"313.6250","0.2231","0.6189"
"313.6450","0.2231","0.6189"
"313.6650","0.2231","0.6189"
"313.6850","0.2231","0.6189"
"313.7050","0.2231","0.6188"
"313.7250","0.2231","0.6188"
"313.7450","0.2231","0.6189"
"313.7650","0.2231","0.6189"
"313.7850","0.2231","0.6189"
"313.8050","0.2231","0.6188"
"313.8250","0.2231","0.6189"
"313.8450","0.2231","0.6189"
"313.8650","0.2231","0.6188"
"313.8850","0.2231","0.6188"
"313.9050","0.2231","0.6188"
"313.9250","0.2231","0.6188"
"313.9450","0.2231","0.6189"
"313.9650","0.2231","0.6189"
"313.9850","0.2231","0.6188"
"314.0050","0.2231","0.6188"
"314.0250","0.2231","0.6188"
"314.0450","0.2231","0.6189"
"314.0650","0.2231","0.6189"
"314.0850","0.2231","0.6189"
"314.1050","0.2231","0.6189"
"314.1250","0.2231","0.6189"
"314.1450","0.2231","0.6189"
"314.1650","0.2231","0.6188"
"314.1850","0.2231","0.6188"
"314.2050","0.2231","0.6188"
"314.2250","0.2231","0.6188"
"314.2450","0.2231","0.6189"
"314.2650","0.2231","0.6189"
"314.2850","0.2231","0.6188"
"314.3050","0.2231","0.6188"
"314.3250","0.2231","0.6187"
"314.3450","0.2231","0.6188"
"314.3650","0.2231","0.6188"
"314.3850","0.2231","0.6188"
"314.4050","0.2231","0.6188"
"314.4250","0.2231","0.6188"
"314.4450","0.2231","0.6188"
"314.4650","0.2231","0.6188"
"314.4850","0.2231","0.6188"
"314.5050","0.2231","0.6188"
"314.5250","0.2231","0.6188"
"314.5450","0.2231","0.6188"
"314.5650","0.2231","0.6188"
"314.5850","0.2231","0.6188"
"314.6050","0.2231","0.6188"
"314.6250","0.2231","0.6188"
"314.6450","0.2231","0.6188"
"314.6650","0.2231","0.6188"
"314.6850","0.2231","0.6188"
"314.7050","0.2231","0.6188"
"314.7250","0.2231","0.6188"
"314.7450","0.2231","0.6188"
"314.7650","0.2231","0.6188"
"314.7850","0.2231","0.6188"
"314.8050","0.2231","0.6188"
"314.8250","0.2231","0.6187"
"314.8450","0.2231","0.6188"
"314.8650","0.2231","0.6188"
"314.8850","0.2231","0.6188"
"314.9050","0.2231","0.6188"
"314.9250","0.2231","0.6188"
"314.9450","0.2231","0.6188"
"314.9650","0.2231","0.6187"
"314.9850","0.2231","0.6188"
"315.0050","0.2231","0.6187"
"315.0250","0.2231","0.6187"
"315.0450","0.2231","0.6187"
"315.0650","0.2231","0.6187"
"315.0850","0.2231","0.6187"
"315.1050","0.2231","0.6188"
"315.1250","0.2231","0.6188"
"315.1450","0.2231","0.6187"
"315.1650","0.2231","0.6187"
"315.1850","0.2231","0.6187"
"315.2050","0.2231","0.6188"
"315.2250","0.2231","0.6187"
"315.2450","0.2231","0.6187"
"315.2650","0.2231","0.6187"
"315.2850","0.2231","0.6187"
"315.3050","0.2231","0.6187"
"315.3250","0.2231","0.6187"
"315.3450","0.2231","0.6188"
"315.3650","0.2231","0.6188"
"315.3850","0.2231","0.6188"
"315.4050","0.2231","0.6187"
"315.4250","0.2231","0.6186"
"315.4450","0.2231","0.6187"
"315.4650","0.2231","0.6188"
"315.4850","0.2231","0.6188"
"315.5050","0.2231","0.6188"
"315.5250","0.2231","0.6187"
"315.5450","0.2231","0.6187"
"315.5650","0.2231","0.6187"
"315.5850","0.2231","0.6187"
"315.6050","0.2231","0.6187"
"315.6250","0.2231","0.6187"
"315.6450","0.2231","0.6187"
"315.6650","0.2231","0.6187"
"315.6850","0.2231","0.6187"
"315.7050","0.2231","0.6187"
"315.7250","0.2231","0.6187"
"315.7450","0.2231","0.6187"
"315.7650","0.2231","0.6187"
"315.7850","0.2231","0.6187"
"315.8050","0.2231","0.6187"
"315.8250","0.2231","0.6187"
"315.8450","0.2231","0.6187"
"315.8650","0.2231","0.6187"
"315.8850","0.2231","0.6187"
"315.9050","0.2231","0.6187"
"315.9250","0.2231","0.6187"
"315.9450","0.2231","0.6187"
"315.9650","0.2231","0.6187"
"315.9850","0.2231","0.6187"
"316.0050","0.2231","0.6187"
"316.0250","0.2231","0.6186"
"316.0450","0.2231","0.6187"
"316.0650","0.2231","0.6187"
"316.0850","0.2231","0.6186"
"316.1050","0.2231","0.6187"
"316.1250","0.2231","0.6186"
"316.1450","0.2231","0.6186"
"316.1650","0.2231","0.6186"
"316.1850","0.2231","0.6186"
"316.2050","0.2231","0.6187"
"316.2250","0.2231","0.6187"
"316.2450","0.2231","0.6186"
"316.2650","0.2231","0.6185"
"316.2850","0.2231","0.6184"
"316.3050","0.2231","0.6186"
"316.3250","0.2231","0.6186"
"316.3450","0.2231","0.6186"
"316.3650","0.2231","0.6185"
"316.3850","0.2231","0.6185"
"316.4050","0.2231","0.6186"
"316.4250","0.2231","0.6186"
"316.4450","0.2231","0.6186"
"316.4650","0.2231","0.6186"
"316.4850","0.2231","0.6186"
"316.5050","0.2231","0.6186"
"316.5250","0.2231","0.6185"
"316.5450","0.2231","0.6185"
"316.5650","0.2231","0.6186"
"316.5850","0.2231","0.6187"
"316.6050","0.2231","0.6186"
"316.6250","0.2231","0.6186"
"316.6450","0.2231","0.6187"
"316.6650","0.2231","0.6186"
"316.6850","0.2231","0.6186"
"316.7050","0.2231","0.6186"
"316.7250","0.2231","0.6186"
"316.7450","0.2231","0.6186"
"316.7650","0.2231","0.6186"
"316.7850","0.2231","0.6186"
"316.8050","0.2231","0.6186"
"316.8250","0.2231","0.6186"
"316.8450","0.2231","0.6187"
"316.8650","0.2231","0.6187"
"316.8850","0.2231","0.6186"
"316.9050","0.2231","0.6185"
"316.9250","0.2231","0.6186"
"316.9450","0.2231","0.6185"
"316.9650","0.2231","0.6185"
"316.9850","0.2231","0.6185"
"317.0050","0.2231","0.6185"
"317.0250","0.2231","0.6185"
"317.0450","0.2231","0.6186"
"317.0650","0.2231","0.6185"
"317.0850","0.2231","0.6185"
"317.1050","0.2231","0.6184"
"317.1250","0.2231","0.6184"
"317.1450","0.2231","0.6185"
"317.1650","0.2231","0.6185"
"317.1850","0.2231","0.6185"
"317.2050","0.2231","0.6185"
"317.2250","0.2231","0.6185"
"317.2450","0.2231","0.6185"
"317.2650","0.2231","0.6184"
"317.2850","0.2231","0.6184"
"317.3050","0.2231","0.6185"
"317.3250","0.2231","0.6186"
"317.3450","0.2231","0.6185"
"317.3650","0.2231","0.6185"
"317.3850","0.2231","0.6186"
"317.4050","0.2231","0.6186"
"317.4250","0.2231","0.6185"
"317.4450","0.2231","0.6185"
"317.4650","0.2231","0.6185"
"317.4850","0.2231","0.6185"
"317.5050","0.2231","0.6185"
"317.5250","0.2231","0.6185"
"317.5450","0.2231","0.6185"
"317.5650","0.2231","0.6185"
"317.5850","0.2231","0.6185"
"317.6050","0.2231","0.6186"
"317.6250","0.2231","0.6185"
"317.6450","0.2231","0.6184"
"317.6650","0.2231","0.6184"
"317.6850","0.2231","0.6184"
"317.7050","0.2231","0.6185"
"317.7250","0.2231","0.6184"
"317.7450","0.2231","0.6184"
"317.7650","0.2231","0.6185"
"317.7850","0.2231","0.6185"
"317.8050","0.2231","0.6185"
"317.8250","0.2231","0.6184"
"317.8450","0.2231","0.6184"
"317.8650","0.2231","0.6184"
"317.8850","0.2231","0.6184"
"317.9050","0.2231","0.6184"
"317.9250","0.2231","0.6185"
"317.9450","0.2231","0.6185"
"317.9650","0.2231","0.6185"
"317.9850","0.2231","0.6185"
"318.0050","0.2231","0.6184"
"318.0250","0.2231","0.6184"
"318.0450","0.2231","0.6184"
"318.0650","0.2231","0.6184"
"318.0850","0.2231","0.6184"
"318.1040","0.2231","0.6184"

