Time,Displacement,Force
(s),(mm),(kN)
"0.0000","0.0000","-0.0007"
"0.0200","0.0000","-0.0006"
"0.0400","0.0000","-0.0005"
"0.0600","0.0001","-0.0004"
"0.0800","0.0001","0.0001"
"0.1000","0.0002","0.0008"
"0.1200","0.0003","0.0017"
"0.1400","0.0005","0.0032"
"0.1600","0.0007","0.0050"
"0.1800","0.0010","0.0073"
"0.2000","0.0014","0.0100"
"0.2200","0.0018","0.0130"
"0.2400","0.0022","0.0163"
"0.2600","0.0027","0.0198"
"0.2800","0.0032","0.0235"
"0.3000","0.0037","0.0276"
"0.3200","0.0043","0.0319"
"0.3400","0.0049","0.0364"
"0.3600","0.0055","0.0409"
"0.3800","0.0061","0.0453"
"0.4000","0.0068","0.0497"
"0.4200","0.0074","0.0541"
"0.4400","0.0080","0.0582"
"0.4600","0.0086","0.0621"
"0.4800","0.0092","0.0657"
"0.5000","0.0097","0.0694"
"0.5200","0.0103","0.0734"
"0.5400","0.0110","0.0778"
"0.5600","0.0116","0.0823"
"0.5800","0.0123","0.0866"
"0.6000","0.0129","0.0908"
"0.6200","0.0136","0.0951"
"0.6400","0.0143","0.0997"
"0.6600","0.0150","0.1043"
"0.6800","0.0158","0.1089"
"0.7000","0.0165","0.1133"
"0.7200","0.0172","0.1177"
"0.7400","0.0179","0.1220"
"0.7600","0.0185","0.1257"
"0.7800","0.0190","0.1291"
"0.8000","0.0196","0.1326"
"0.8200","0.0203","0.1366"
"0.8400","0.0209","0.1409"
"0.8600","0.0217","0.1456"
"0.8800","0.0225","0.1504"
"0.9000","0.0232","0.1554"
"0.9200","0.0241","0.1605"
"0.9400","0.0249","0.1657"
"0.9600","0.0257","0.1705"
"0.9800","0.0264","0.1748"
"1.0000","0.0270","0.1787"
"1.0200","0.0277","0.1825"
"1.0400","0.0283","0.1860"
"1.0600","0.0289","0.1896"
"1.0800","0.0295","0.1932"
"1.1000","0.0301","0.1970"
"1.1200","0.0309","0.2016"
"1.1400","0.0316","0.2066"
"1.1600","0.0324","0.2113"
"1.1800","0.0331","0.2158"
"1.2000","0.0337","0.2199"
"1.2200","0.0344","0.2240"
"1.2400","0.0351","0.2281"
"1.2600","0.0357","0.2321"
"1.2800","0.0363","0.2360"
"1.3000","0.0370","0.2401"
"1.3200","0.0377","0.2444"
"1.3400","0.0383","0.2487"
"1.3600","0.0390","0.2529"
"1.3800","0.0397","0.2571"
"1.4000","0.0403","0.2615"
"1.4200","0.0410","0.2662"
"1.4400","0.0418","0.2709"
"1.4600","0.0424","0.2750"
"1.4800","0.0430","0.2786"
"1.5000","0.0436","0.2823"
"1.5200","0.0442","0.2860"
"1.5400","0.0448","0.2899"
"1.5600","0.0454","0.2937"
"1.5800","0.0460","0.2977"
"1.6000","0.0467","0.3020"
"1.6200","0.0473","0.3062"
"1.6400","0.0480","0.3105"
"1.6600","0.0486","0.3145"
"1.6800","0.0492","0.3184"
"1.7000","0.0498","0.3221"
"1.7200","0.0504","0.3259"
"1.7400","0.0510","0.3301"
"1.7600","0.0516","0.3345"
"1.7800","0.0523","0.3384"
"1.8000","0.0528","0.3420"
"1.8200","0.0534","0.3455"
"1.8400","0.0539","0.3492"
"1.8600","0.0545","0.3533"
"1.8800","0.0552","0.3577"
"1.9000","0.0558","0.3621"
"1.9200","0.0565","0.3665"
"1.9400","0.0571","0.3709"
"1.9600","0.0578","0.3751"
"1.9800","0.0584","0.3789"
"2.0000","0.0589","0.3824"
"2.0200","0.0595","0.3857"
"2.0400","0.0600","0.3889"
"2.0600","0.0605","0.3923"
"2.0800","0.0611","0.3960"
"2.1000","0.0617","0.3999"
"2.1200","0.0623","0.4038"
"2.1400","0.0628","0.4077"
"2.1600","0.0634","0.4117"
"2.1800","0.0641","0.4163"
"2.2000","0.0647","0.4213"
"2.2200","0.0654","0.4263"
"2.2400","0.0661","0.4311"
"2.2600","0.0667","0.4356"
"2.2800","0.0674","0.4401"
"2.3000","0.0680","0.4445"
"2.3200","0.0686","0.4483"
"2.3400","0.0692","0.4521"
"2.3600","0.0697","0.4556"
"2.3800","0.0703","0.4596"
"2.4000","0.0709","0.4639"
"2.4200","0.0715","0.4686"
"2.4400","0.0722","0.4732"
"2.4600","0.0727","0.4773"
"2.4800","0.0733","0.4813"
"2.5000","0.0739","0.4855"
"2.5200","0.0745","0.4899"
"2.5400","0.0751","0.4941"
"2.5600","0.0756","0.4982"
"2.5800","0.0762","0.5022"
"2.6000","0.0767","0.5063"
"2.6200","0.0773","0.5104"
"2.6400","0.0778","0.5144"
"2.6600","0.0784","0.5183"
"2.6800","0.0789","0.5219"
"2.7000","0.0794","0.5255"
"2.7200","0.0799","0.5290"
"2.7400","0.0804","0.5328"
"2.7600","0.0809","0.5369"
"2.7800","0.0814","0.5413"
"2.8000","0.0820","0.5457"
"2.8200","0.0825","0.5499"
"2.8400","0.0830","0.5537"
"2.8600","0.0835","0.5575"
"2.8800","0.0840","0.5617"
"2.9000","0.0845","0.5663"
"2.9200","0.0851","0.5708"
"2.9400","0.0856","0.5752"
"2.9600","0.0861","0.5793"
"2.9800","0.0866","0.5834"
"3.0000","0.0871","0.5874"
"3.0200","0.0876","0.5914"
"3.0400","0.0881","0.5954"
"3.0600","0.0885","0.5992"
"3.0800","0.0890","0.6026"
"3.1000","0.0894","0.6058"
"3.1200","0.0898","0.6092"
"3.1400","0.0902","0.6127"
"3.1600","0.0907","0.6167"
"3.1800","0.0912","0.6209"
"3.2000","0.0916","0.6255"
"3.2200","0.0921","0.6298"
"3.2400","0.0926","0.6337"
"3.2600","0.0930","0.6375"
"3.2800","0.0934","0.6414"
"3.3000","0.0939","0.6458"
"3.3200","0.0944","0.6506"
"3.3400","0.0949","0.6556"
"3.3600","0.0954","0.6604"
"3.3800","0.0959","0.6648"
"3.4000","0.0963","0.6691"
"3.4200","0.0968","0.6733"
"3.4400","0.0973","0.6776"
"3.4600","0.0977","0.6817"
"3.4800","0.0981","0.6855"
"3.5000","0.0985","0.6892"
"3.5200","0.0989","0.6925"
"3.5400","0.0993","0.6958"
"3.5600","0.0997","0.6993"
"3.5800","0.1001","0.7031"
"3.6000","0.1005","0.7071"
"3.6200","0.1009","0.7115"
"3.6400","0.1014","0.7161"
"3.6600","0.1018","0.7207"
"3.6800","0.1023","0.7253"
"3.7000","0.1027","0.7296"
"3.7200","0.1031","0.7337"
"3.7400","0.1035","0.7378"
"3.7600","0.1039","0.7422"
"3.7800","0.1044","0.7468"
"3.8000","0.1048","0.7512"
"3.8200","0.1052","0.7553"
"3.8400","0.1056","0.7592"
"3.8600","0.1060","0.7627"
"3.8800","0.1064","0.7664"
"3.9000","0.1067","0.7701"
"3.9200","0.1071","0.7737"
"3.9400","0.1075","0.7774"
"3.9600","0.1078","0.7808"
"3.9800","0.1082","0.7844"
"4.0000","0.1085","0.7880"
"4.0200","0.1089","0.7915"
"4.0400","0.1092","0.7949"
"4.0600","0.1096","0.7986"
"4.0800","0.1099","0.8024"
"4.1000","0.1103","0.8066"
"4.1200","0.1107","0.8113"
"4.1400","0.1111","0.8162"
"4.1600","0.1115","0.8212"
"4.1800","0.1120","0.8261"
"4.2000","0.1124","0.8307"
"4.2200","0.1127","0.8347"
"4.2400","0.1131","0.8383"
"4.2600","0.1134","0.8420"
"4.2800","0.1138","0.8458"
"4.3000","0.1142","0.8499"
"4.3200","0.1145","0.8539"
"4.3400","0.1149","0.8579"
"4.3600","0.1152","0.8619"
"4.3800","0.1156","0.8657"
"4.4000","0.1159","0.8691"
"4.4200","0.1163","0.8727"
"4.4400","0.1166","0.8763"
"4.4600","0.1169","0.8800"
"4.4800","0.1172","0.8839"
"4.5000","0.1176","0.8876"
"4.5200","0.1179","0.8916"
"4.5400","0.1183","0.8956"
"4.5600","0.1186","0.8995"
"4.5800","0.1189","0.9032"
"4.6000","0.1193","0.9070"
"4.6200","0.1196","0.9108"
"4.6400","0.1199","0.9147"
"4.6600","0.1203","0.9187"
"4.6800","0.1206","0.9230"
"4.7000","0.1209","0.9272"
"4.7200","0.1213","0.9316"
"4.7400","0.1216","0.9358"
"4.7600","0.1220","0.9398"
"4.7800","0.1223","0.9437"
"4.8000","0.1226","0.9473"
"4.8200","0.1229","0.9508"
"4.8400","0.1232","0.9543"
"4.8600","0.1235","0.9579"
"4.8800","0.1239","0.9619"
"4.9000","0.1242","0.9662"
"4.9200","0.1245","0.9705"
"4.9400","0.1249","0.9746"
"4.9600","0.1252","0.9787"
"4.9800","0.1255","0.9826"
"5.0000","0.1258","0.9866"
"5.0200","0.1262","0.9906"
"5.0400","0.1265","0.9948"
"5.0600","0.1268","0.9993"
"5.0800","0.1272","1.0039"
"5.1000","0.1275","1.0083"
"5.1200","0.1278","1.0127"
"5.1400","0.1282","1.0172"
"5.1600","0.1285","1.0215"
"5.1800","0.1288","1.0255"
"5.2000","0.1291","1.0293"
"5.2200","0.1294","1.0329"
"5.2400","0.1297","1.0367"
"5.2600","0.1300","1.0406"
"5.2800","0.1303","1.0445"
"5.3000","0.1307","1.0487"
"5.3200","0.1310","1.0530"
"5.3400","0.1313","1.0573"
"5.3600","0.1316","1.0615"
"5.3800","0.1319","1.0657"
"5.4000","0.1322","1.0696"
"5.4200","0.1325","1.0733"
"5.4400","0.1328","1.0769"
"5.4600","0.1331","1.0804"
"5.4800","0.1334","1.0840"
"5.5000","0.1337","1.0878"
"5.5200","0.1340","1.0917"
"5.5400","0.1343","1.0958"
"5.5600","0.1346","1.1001"
"5.5800","0.1349","1.1044"
"5.6000","0.1352","1.1086"
"5.6200","0.1355","1.1129"
"5.6400","0.1358","1.1171"
"5.6600","0.1361","1.1212"
"5.6800","0.1364","1.1253"
"5.7000","0.1367","1.1295"
"5.7200","0.1370","1.1338"
"5.7400","0.1373","1.1379"
"5.7600","0.1376","1.1420"
"5.7800","0.1379","1.1461"
"5.8000","0.1382","1.1500"
"5.8200","0.1385","1.1538"
"5.8400","0.1388","1.1575"
"5.8600","0.1390","1.1610"
"5.8800","0.1393","1.1645"
"5.9000","0.1396","1.1680"
"5.9200","0.1398","1.1715"
"5.9400","0.1401","1.1751"
"5.9600","0.1404","1.1789"
"5.9800","0.1406","1.1829"
"6.0000","0.1409","1.1870"
"6.0200","0.1412","1.1912"
"6.0400","0.1415","1.1954"
"6.0600","0.1418","1.1997"
"6.0800","0.1421","1.2039"
"6.1000","0.1423","1.2081"
"6.1200","0.1426","1.2119"
"6.1400","0.1429","1.2157"
"6.1600","0.1432","1.2195"
"6.1800","0.1434","1.2234"
"6.2000","0.1437","1.2275"
"6.2200","0.1440","1.2320"
"6.2400","0.1443","1.2366"
"6.2600","0.1446","1.2412"
"6.2800","0.1449","1.2456"
"6.3000","0.1452","1.2500"
"6.3200","0.1454","1.2542"
"6.3400","0.1457","1.2581"
"6.3600","0.1460","1.2621"
"6.3800","0.1463","1.2661"
"6.4000","0.1465","1.2700"
"6.4200","0.1468","1.2740"
"6.4400","0.1471","1.2781"
"6.4600","0.1474","1.2820"
"6.4800","0.1476","1.2859"
"6.5000","0.1479","1.2897"
"6.5200","0.1481","1.2936"
"6.5400","0.1484","1.2972"
"6.5600","0.1486","1.3008"
"6.5800","0.1489","1.3043"
"6.6000","0.1491","1.3078"
"6.6200","0.1494","1.3113"
"6.6400","0.1496","1.3148"
"6.6600","0.1499","1.3185"
"6.6800","0.1501","1.3223"
"6.7000","0.1504","1.3262"
"6.7200","0.1506","1.3305"
"6.7400","0.1509","1.3346"
"6.7600","0.1511","1.3391"
"6.7800","0.1514","1.3435"
"6.8000","0.1517","1.3480"
"6.8200","0.1520","1.3523"
"6.8400","0.1522","1.3564"
"6.8600","0.1525","1.3602"
"6.8800","0.1527","1.3641"
"6.9000","0.1530","1.3678"
"6.9200","0.1532","1.3716"
"6.9400","0.1535","1.3755"
"6.9600","0.1537","1.3796"
"6.9800","0.1540","1.3837"
"7.0000","0.1542","1.3881"
"7.0200","0.1545","1.3925"
"7.0400","0.1548","1.3970"
"7.0600","0.1550","1.4014"
"7.0800","0.1553","1.4055"
"7.1000","0.1555","1.4095"
"7.1200","0.1558","1.4136"
"7.1400","0.1561","1.4176"
"7.1600","0.1563","1.4218"
"7.1800","0.1566","1.4258"
"7.2000","0.1568","1.4300"
"7.2200","0.1571","1.4341"
"7.2400","0.1573","1.4382"
"7.2600","0.1576","1.4424"
"7.2800","0.1578","1.4465"
"7.3000","0.1581","1.4505"
"7.3200","0.1583","1.4545"
"7.3400","0.1585","1.4584"
"7.3600","0.1588","1.4623"
"7.3800","0.1590","1.4661"
"7.4000","0.1593","1.4699"
"7.4200","0.1595","1.4735"
"7.4400","0.1597","1.4773"
"7.4600","0.1599","1.4811"
"7.4800","0.1602","1.4850"
"7.5000","0.1604","1.4891"
"7.5200","0.1607","1.4932"
"7.5400","0.1609","1.4972"
"7.5600","0.1611","1.5013"
"7.5800","0.1614","1.5054"
"7.6000","0.1616","1.5097"
"7.6200","0.1619","1.5137"
"7.6400","0.1621","1.5177"
"7.6600","0.1623","1.5218"
"7.6800","0.1626","1.5257"
"7.7000","0.1628","1.5294"
"7.7200","0.1630","1.5331"
"7.7400","0.1633","1.5368"
"7.7600","0.1635","1.5407"
"7.7800","0.1637","1.5445"
"7.8000","0.1639","1.5486"
"7.8200","0.1642","1.5527"
"7.8400","0.1644","1.5571"
"7.8600","0.1647","1.5614"
"7.8800","0.1649","1.5656"
"7.9000","0.1651","1.5698"
"7.9200","0.1654","1.5738"
"7.9400","0.1656","1.5779"
"7.9600","0.1658","1.5819"
"7.9800","0.1661","1.5859"
"8.0000","0.1663","1.5899"
"8.0200","0.1665","1.5939"
"8.0400","0.1667","1.5980"
"8.0600","0.1670","1.6022"
"8.0800","0.1672","1.6062"
"8.1000","0.1674","1.6103"
"8.1200","0.1677","1.6144"
"8.1400","0.1679","1.6184"
"8.1600","0.1681","1.6224"
"8.1800","0.1683","1.6262"
"8.2000","0.1686","1.6301"
"8.2200","0.1688","1.6340"
"8.2400","0.1690","1.6376"
"8.2600","0.1692","1.6411"
"8.2800","0.1694","1.6446"
"8.3000","0.1696","1.6482"
"8.3200","0.1698","1.6519"
"8.3400","0.1700","1.6555"
"8.3600","0.1702","1.6591"
"8.3800","0.1705","1.6630"
"8.4000","0.1707","1.6670"
"8.4200","0.1709","1.6712"
"8.4400","0.1711","1.6753"
"8.4600","0.1713","1.6797"
"8.4800","0.1716","1.6840"
"8.5000","0.1718","1.6883"
"8.5200","0.1720","1.6925"
"8.5400","0.1722","1.6966"
"8.5600","0.1725","1.7006"
"8.5800","0.1727","1.7045"
"8.6000","0.1729","1.7083"
"8.6200","0.1731","1.7120"
"8.6400","0.1733","1.7158"
"8.6600","0.1735","1.7197"
"8.6800","0.1737","1.7237"
"8.7000","0.1740","1.7279"
"8.7200","0.1742","1.7322"
"8.7400","0.1744","1.7366"
"8.7600","0.1746","1.7411"
"8.7800","0.1749","1.7455"
"8.8000","0.1751","1.7499"
"8.8200","0.1753","1.7541"
"8.8400","0.1755","1.7582"
"8.8600","0.1757","1.7623"
"8.8800","0.1760","1.7662"
"8.9000","0.1762","1.7701"
"8.9200","0.1764","1.7740"
"8.9400","0.1766","1.7779"
"8.9600","0.1768","1.7819"
"8.9800","0.1770","1.7858"
"9.0000","0.1772","1.7898"
"9.0200","0.1774","1.7937"
"9.0400","0.1776","1.7974"
"9.0600","0.1778","1.8012"
"9.0800","0.1780","1.8050"
"9.1000","0.1782","1.8086"
"9.1200","0.1784","1.8123"
"9.1400","0.1786","1.8159"
"9.1600","0.1788","1.8194"
"9.1800","0.1790","1.8228"
"9.2000","0.1792","1.8263"
"9.2200","0.1794","1.8297"
"9.2400","0.1796","1.8332"
"9.2600","0.1798","1.8369"
"9.2800","0.1800","1.8405"
"9.3000","0.1802","1.8442"
"9.3200","0.1804","1.8481"
"9.3400","0.1806","1.8522"
"9.3600","0.1808","1.8563"
"9.3800","0.1810","1.8605"
"9.4000","0.1812","1.8647"
"9.4200","0.1814","1.8691"
"9.4400","0.1816","1.8734"
"9.4600","0.1818","1.8778"
"9.4800","0.1820","1.8823"
"9.5000","0.1823","1.8865"
"9.5200","0.1825","1.8908"
"9.5400","0.1827","1.8950"
"9.5600","0.1829","1.8990"
"9.5800","0.1831","1.9031"
"9.6000","0.1833","1.9072"
"9.6200","0.1835","1.9113"
"9.6400","0.1837","1.9157"
"9.6600","0.1839","1.9200"
"9.6800","0.1841","1.9245"
"9.7000","0.1844","1.9290"
"9.7200","0.1846","1.9336"
"9.7400","0.1848","1.9381"
"9.7600","0.1850","1.9425"
"9.7800","0.1852","1.9467"
"9.8000","0.1854","1.9509"
"9.8200","0.1856","1.9548"
"9.8400","0.1858","1.9588"
"9.8600","0.1860","1.9628"
"9.8800","0.1862","1.9668"
"9.9000","0.1864","1.9707"
"9.9200","0.1866","1.9747"
"9.9400","0.1868","1.9787"
"9.9600","0.1870","1.9827"
"9.9800","0.1872","1.9866"
"10.0000","0.1874","1.9906"
"10.0200","0.1876","1.9944"
"10.0400","0.1878","1.9982"
"10.0600","0.1880","2.0022"
"10.0800","0.1882","2.0061"
"10.1000","0.1884","2.0100"
"10.1200","0.1886","2.0139"
"10.1400","0.1887","2.0178"
"10.1600","0.1889","2.0215"
"10.1800","0.1891","2.0254"
"10.2000","0.1893","2.0292"
"10.2200","0.1895","2.0329"
"10.2400","0.1897","2.0368"
"10.2600","0.1899","2.0407"
"10.2800","0.1901","2.0447"
"10.3000","0.1903","2.0489"
"10.3200","0.1905","2.0532"
"10.3400","0.1907","2.0575"
"10.3600","0.1909","2.0621"
"10.3800","0.1911","2.0666"
"10.4000","0.1913","2.0712"
"10.4200","0.1915","2.0757"
"10.4400","0.1917","2.0804"
"10.4600","0.1919","2.0850"
"10.4800","0.1921","2.0895"
"10.5000","0.1923","2.0938"
"10.5200","0.1925","2.0981"
"10.5400","0.1927","2.1021"
"10.5600","0.1929","2.1061"
"10.5800","0.1931","2.1099"
"10.6000","0.1933","2.1136"
"10.6200","0.1934","2.1174"
"10.6400","0.1936","2.1212"
"10.6600","0.1938","2.1249"
"10.6800","0.1940","2.1288"
"10.7000","0.1942","2.1327"
"10.7200","0.1944","2.1368"
"10.7400","0.1945","2.1408"
"10.7600","0.1947","2.1449"
"10.7800","0.1949","2.1488"
"10.8000","0.1951","2.1527"
"10.8200","0.1953","2.1566"
"10.8400","0.1955","2.1604"
"10.8600","0.1956","2.1642"
"10.8800","0.1958","2.1678"
"10.9000","0.1960","2.1715"
"10.9200","0.1962","2.1752"
"10.9400","0.1964","2.1789"
"10.9600","0.1965","2.1826"
"10.9800","0.1967","2.1864"
"11.0000","0.1969","2.1903"
"11.0200","0.1971","2.1941"
"11.0400","0.1972","2.1979"
"11.0600","0.1974","2.2020"
"11.0800","0.1976","2.2059"
"11.1000","0.1978","2.2099"
"11.1200","0.1980","2.2140"
"11.1400","0.1981","2.2180"
"11.1600","0.1983","2.2221"
"11.1800","0.1985","2.2262"
"11.2000","0.1987","2.2302"
"11.2200","0.1989","2.2342"
"11.2400","0.1991","2.2382"
"11.2600","0.1992","2.2421"
"11.2800","0.1994","2.2460"
"11.3000","0.1996","2.2500"
"11.3200","0.1998","2.2539"
"11.3400","0.1999","2.2579"
"11.3600","0.2001","2.2620"
"11.3800","0.2003","2.2661"
"11.4000","0.2005","2.2703"
"11.4200","0.2007","2.2746"
"11.4400","0.2009","2.2789"
"11.4600","0.2011","2.2833"
"11.4800","0.2012","2.2877"
"11.5000","0.2014","2.2920"
"11.5200","0.2016","2.2962"
"11.5400","0.2018","2.3005"
"11.5600","0.2020","2.3046"
"11.5800","0.2022","2.3088"
"11.6000","0.2023","2.3128"
"11.6200","0.2025","2.3167"
"11.6400","0.2027","2.3205"
"11.6600","0.2029","2.3243"
"11.6800","0.2030","2.3280"
"11.7000","0.2032","2.3318"
"11.7200","0.2034","2.3354"
"11.7400","0.2035","2.3391"
"11.7600","0.2037","2.3429"
"11.7800","0.2039","2.3468"
"11.8000","0.2041","2.3508"
"11.8200","0.2042","2.3548"
"11.8400","0.2044","2.3588"
"11.8600","0.2046","2.3629"
"11.8800","0.2047","2.3670"
"11.9000","0.2049","2.3710"
"11.9200","0.2051","2.3751"
"11.9400","0.2053","2.3790"
"11.9600","0.2054","2.3829"
"11.9800","0.2056","2.3868"
"12.0000","0.2058","2.3906"
"12.0200","0.2060","2.3945"
"12.0400","0.2061","2.3984"
"12.0600","0.2063","2.4023"
"12.0800","0.2065","2.4063"
"12.1000","0.2066","2.4102"
"12.1200","0.2068","2.4143"
"12.1400","0.2070","2.4185"
"12.1600","0.2072","2.4225"
"12.1800","0.2073","2.4267"
"12.2000","0.2075","2.4308"
"12.2200","0.2077","2.4349"
"12.2400","0.2079","2.4390"
"12.2600","0.2080","2.4430"
"12.2800","0.2082","2.4472"
"12.3000","0.2084","2.4512"
"12.3200","0.2085","2.4553"
"12.3400","0.2087","2.4592"
"12.3600","0.2089","2.4631"
"12.3800","0.2090","2.4670"
"12.4000","0.2092","2.4708"
"12.4200","0.2094","2.4745"
"12.4400","0.2095","2.4783"
"12.4600","0.2097","2.4821"
"12.4800","0.2099","2.4858"
"12.5000","0.2100","2.4896"
"12.5200","0.2102","2.4934"
"12.5400","0.2104","2.4974"
"12.5600","0.2105","2.5014"
"12.5800","0.2107","2.5054"
"12.6000","0.2109","2.5094"
"12.6200","0.2110","2.5135"
"12.6400","0.2112","2.5177"
"12.6600","0.2114","2.5217"
"12.6800","0.2115","2.5259"
"12.7000","0.2117","2.5300"
"12.7200","0.2119","2.5341"
"12.7400","0.2121","2.5381"
"12.7600","0.2122","2.5421"
"12.7800","0.2124","2.5460"
"12.8000","0.2126","2.5499"
"12.8200","0.2127","2.5537"
"12.8400","0.2129","2.5574"
"12.8600","0.2130","2.5611"
"12.8800","0.2132","2.5648"
"12.9000","0.2133","2.5684"
"12.9200","0.2135","2.5720"
"12.9400","0.2137","2.5757"
"12.9600","0.2138","2.5796"
"12.9800","0.2140","2.5835"
"13.0000","0.2141","2.5875"
"13.0200","0.2143","2.5916"
"13.0400","0.2145","2.5959"
"13.0600","0.2147","2.6001"
"13.0800","0.2148","2.6043"
"13.1000","0.2150","2.6086"
"13.1200","0.2152","2.6128"
"13.1400","0.2153","2.6170"
"13.1600","0.2155","2.6212"
"13.1800","0.2157","2.6254"
"13.2000","0.2158","2.6296"
"13.2200","0.2160","2.6337"
"13.2400","0.2162","2.6379"
"13.2600","0.2163","2.6419"
"13.2800","0.2165","2.6460"
"13.3000","0.2167","2.6502"
"13.3200","0.2168","2.6544"
"13.3400","0.2170","2.6585"
"13.3600","0.2172","2.6626"
"13.3800","0.2173","2.6668"
"13.4000","0.2175","2.6709"
"13.4200","0.2177","2.6750"
"13.4400","0.2178","2.6791"
"13.4600","0.2180","2.6832"
"13.4800","0.2181","2.6872"
"13.5000","0.2183","2.6912"
"13.5200","0.2185","2.6953"
"13.5400","0.2186","2.6992"
"13.5600","0.2188","2.7032"
"13.5800","0.2189","2.7071"
"13.6000","0.2191","2.7108"
"13.6200","0.2192","2.7146"
"13.6400","0.2194","2.7183"
"13.6600","0.2196","2.7220"
"13.6800","0.2197","2.7257"
"13.7000","0.2199","2.7295"
"13.7200","0.2200","2.7333"
"13.7400","0.2202","2.7371"
"13.7600","0.2203","2.7410"
"13.7800","0.2205","2.7449"
"13.8000","0.2206","2.7488"
"13.8200","0.2208","2.7527"
"13.8400","0.2209","2.7568"
"13.8600","0.2211","2.7608"
"13.8800","0.2213","2.7649"
"13.9000","0.2214","2.7691"
"13.9200","0.2216","2.7732"
"13.9400","0.2217","2.7774"
"13.9600","0.2219","2.7815"
"13.9800","0.2221","2.7855"
"14.0000","0.2222","2.7896"
"14.0200","0.2224","2.7937"
"14.0400","0.2225","2.7977"
"14.0600","0.2227","2.8016"
"14.0800","0.2228","2.8054"
"14.1000","0.2230","2.8092"
"14.1200","0.2231","2.8130"
"14.1400","0.2233","2.8168"
"14.1600","0.2234","2.8206"
"14.1800","0.2236","2.8245"
"14.2000","0.2238","2.8283"
"14.2200","0.2239","2.8323"
"14.2400","0.2241","2.8363"
"14.2600","0.2242","2.8405"
"14.2800","0.2244","2.8447"
"14.3000","0.2245","2.8489"
"14.3200","0.2247","2.8533"
"14.3400","0.2249","2.8576"
"14.3600","0.2250","2.8618"
"14.3800","0.2252","2.8660"
"14.4000","0.2253","2.8702"
"14.4200","0.2255","2.8742"
"14.4400","0.2256","2.8782"
"14.4600","0.2258","2.8822"
"14.4800","0.2260","2.8861"
"14.5000","0.2261","2.8901"
"14.5200","0.2263","2.8941"
"14.5400","0.2264","2.8981"
"14.5600","0.2266","2.9020"
"14.5800","0.2267","2.9060"
"14.6000","0.2269","2.9100"
"14.6200","0.2270","2.9141"
"14.6400","0.2272","2.9180"
"14.6600","0.2273","2.9220"
"14.6800","0.2275","2.9260"
"14.7000","0.2276","2.9300"
"14.7200","0.2278","2.9340"
"14.7400","0.2279","2.9379"
"14.7600","0.2281","2.9419"
"14.7800","0.2282","2.9458"
"14.8000","0.2284","2.9497"
"14.8200","0.2285","2.9536"
"14.8400","0.2287","2.9575"
"14.8600","0.2288","2.9613"
"14.8800","0.2290","2.9652"
"14.9000","0.2291","2.9690"
"14.9200","0.2293","2.9728"
"14.9400","0.2294","2.9764"
"14.9600","0.2295","2.9801"
"14.9800","0.2297","2.9839"
"15.0000","0.2298","2.9876"
"15.0200","0.2300","2.9914"
"15.0400","0.2301","2.9953"
"15.0600","0.2303","2.9991"
"15.0800","0.2304","3.0032"
"15.1000","0.2306","3.0072"
"15.1200","0.2307","3.0113"
"15.1400","0.2309","3.0153"
"15.1600","0.2310","3.0195"
"15.1800","0.2312","3.0237"
"15.2000","0.2313","3.0279"
"15.2200","0.2315","3.0322"
"15.2400","0.2316","3.0365"
"15.2600","0.2318","3.0407"
"15.2800","0.2319","3.0449"
"15.3000","0.2321","3.0491"
"15.3200","0.2322","3.0532"
"15.3400","0.2324","3.0573"
"15.3600","0.2325","3.0612"
"15.3800","0.2327","3.0652"
"15.4000","0.2328","3.0690"
"15.4200","0.2330","3.0729"
"15.4400","0.2331","3.0767"
"15.4600","0.2333","3.0805"
"15.4800","0.2334","3.0843"
"15.5000","0.2335","3.0880"
"15.5200","0.2337","3.0919"
"15.5400","0.2338","3.0959"
"15.5600","0.2340","3.0998"
"15.5800","0.2341","3.1039"
"15.6000","0.2343","3.1080"
"15.6200","0.2344","3.1121"
"15.6400","0.2346","3.1164"
"15.6600","0.2347","3.1206"
"15.6800","0.2349","3.1248"
"15.7000","0.2350","3.1289"
"15.7200","0.2352","3.1332"
"15.7400","0.2353","3.1373"
"15.7600","0.2355","3.1414"
"15.7800","0.2356","3.1456"
"15.8000","0.2358","3.1495"
"15.8200","0.2359","3.1535"
"15.8400","0.2360","3.1574"
"15.8600","0.2362","3.1614"
"15.8800","0.2363","3.1653"
"15.9000","0.2365","3.1693"
"15.9200","0.2366","3.1732"
"15.9400","0.2368","3.1771"
"15.9600","0.2369","3.1811"
"15.9800","0.2370","3.1852"
"16.0000","0.2372","3.1892"
"16.0200","0.2373","3.1932"
"16.0400","0.2375","3.1973"
"16.0600","0.2376","3.2013"
"16.0800","0.2378","3.2053"
"16.1000","0.2379","3.2092"
"16.1200","0.2381","3.2133"
"16.1400","0.2382","3.2172"
"16.1600","0.2383","3.2212"
"16.1800","0.2385","3.2251"
"16.2000","0.2386","3.2291"
"16.2200","0.2388","3.2330"
"16.2400","0.2389","3.2369"
"16.2600","0.2390","3.2407"
"16.2800","0.2392","3.2445"
"16.3000","0.2393","3.2483"
"16.3200","0.2395","3.2521"
"16.3400","0.2396","3.2559"
"16.3600","0.2397","3.2596"
"16.3800","0.2399","3.2634"
"16.4000","0.2400","3.2671"
"16.4200","0.2401","3.2709"
"16.4400","0.2403","3.2748"
"16.4600","0.2404","3.2786"
"16.4800","0.2405","3.2825"
"16.5000","0.2407","3.2865"
"16.5200","0.2408","3.2905"
"16.5400","0.2410","3.2944"
"16.5600","0.2411","3.2985"
"16.5800","0.2412","3.3025"
"16.6000","0.2414","3.3065"
"16.6200","0.2415","3.3107"
"16.6400","0.2417","3.3147"
"16.6600","0.2418","3.3188"
"16.6800","0.2420","3.3228"
"16.7000","0.2421","3.3270"
"16.7200","0.2422","3.3311"
"16.7400","0.2424","3.3351"
"16.7600","0.2425","3.3391"
"16.7800","0.2427","3.3431"
"16.8000","0.2428","3.3472"
"16.8200","0.2429","3.3511"
"16.8400","0.2431","3.3549"
"16.8600","0.2432","3.3588"
"16.8800","0.2433","3.3626"
"16.9000","0.2435","3.3665"
"16.9200","0.2436","3.3705"
"16.9400","0.2438","3.3744"
"16.9600","0.2439","3.3784"
"16.9800","0.2440","3.3825"
"17.0000","0.2442","3.3867"
"17.0200","0.2443","3.3910"
"17.0400","0.2445","3.3953"
"17.0600","0.2446","3.3996"
"17.0800","0.2448","3.4039"
"17.1000","0.2449","3.4082"
"17.1200","0.2451","3.4126"
"17.1400","0.2452","3.4169"
"17.1600","0.2453","3.4211"
"17.1800","0.2455","3.4253"
"17.2000","0.2456","3.4295"
"17.2200","0.2458","3.4336"
"17.2400","0.2459","3.4376"
"17.2600","0.2460","3.4418"
"17.2800","0.2462","3.4460"
"17.3000","0.2463","3.4500"
"17.3200","0.2465","3.4541"
"17.3400","0.2466","3.4582"
"17.3600","0.2467","3.4622"
"17.3800","0.2469","3.4663"
"17.4000","0.2470","3.4704"
"17.4200","0.2472","3.4746"
"17.4400","0.2473","3.4788"
"17.4600","0.2474","3.4829"
"17.4800","0.2476","3.4870"
"17.5000","0.2477","3.4912"
"17.5200","0.2479","3.4952"
"17.5400","0.2480","3.4993"
"17.5600","0.2481","3.5034"
"17.5800","0.2483","3.5074"
"17.6000","0.2484","3.5116"
"17.6200","0.2485","3.5156"
"17.6400","0.2487","3.5196"
"17.6600","0.2488","3.5236"
"17.6800","0.2490","3.5274"
"17.7000","0.2491","3.5313"
"17.7200","0.2492","3.5350"
"17.7400","0.2493","3.5388"
"17.7600","0.2495","3.5425"
"17.7800","0.2496","3.5462"
"17.8000","0.2497","3.5499"
"17.8200","0.2499","3.5536"
"17.8400","0.2500","3.5573"
"17.8600","0.2501","3.5610"
"17.8800","0.2502","3.5647"
"17.9000","0.2504","3.5685"
"17.9200","0.2505","3.5723"
"17.9400","0.2506","3.5762"
"17.9600","0.2508","3.5802"
"17.9800","0.2509","3.5843"
"18.0000","0.2510","3.5883"
"18.0200","0.2512","3.5924"
"18.0400","0.2513","3.5966"
"18.0600","0.2514","3.6008"
"18.0800","0.2516","3.6050"
"18.1000","0.2517","3.6092"
"18.1200","0.2519","3.6135"
"18.1400","0.2520","3.6177"
"18.1600","0.2521","3.6219"
"18.1800","0.2523","3.6260"
"18.2000","0.2524","3.6302"
"18.2200","0.2525","3.6342"
"18.2400","0.2527","3.6382"
"18.2600","0.2528","3.6422"
"18.2800","0.2529","3.6461"
"18.3000","0.2531","3.6499"
"18.3200","0.2532","3.6537"
"18.3400","0.2533","3.6576"
"18.3600","0.2535","3.6614"
"18.3800","0.2536","3.6653"
"18.4000","0.2537","3.6691"
"18.4200","0.2538","3.6730"
"18.4400","0.2540","3.6770"
"18.4600","0.2541","3.6810"
"18.4800","0.2542","3.6851"
"18.5000","0.2544","3.6892"
"18.5200","0.2545","3.6934"
"18.5400","0.2546","3.6975"
"18.5600","0.2548","3.7018"
"18.5800","0.2549","3.7061"
"18.6000","0.2551","3.7103"
"18.6200","0.2552","3.7145"
"18.6400","0.2553","3.7187"
"18.6600","0.2555","3.7228"
"18.6800","0.2556","3.7269"
"18.7000","0.2557","3.7310"
"18.7200","0.2559","3.7350"
"18.7400","0.2560","3.7390"
"18.7600","0.2561","3.7430"
"18.7800","0.2562","3.7470"
"18.8000","0.2564","3.7509"
"18.8200","0.2565","3.7548"
"18.8400","0.2566","3.7587"
"18.8600","0.2568","3.7627"
"18.8800","0.2569","3.7667"
"18.9000","0.2570","3.7706"
"18.9200","0.2571","3.7745"
"18.9400","0.2573","3.7785"
"18.9600","0.2574","3.7825"
"18.9800","0.2575","3.7864"
"19.0000","0.2577","3.7904"
"19.0200","0.2578","3.7943"
"19.0400","0.2579","3.7982"
"19.0600","0.2580","3.8020"
"19.0800","0.2582","3.8059"
"19.1000","0.2583","3.8098"
"19.1200","0.2584","3.8136"
"19.1400","0.2586","3.8175"
"19.1600","0.2587","3.8212"
"19.1800","0.2588","3.8251"
"19.2000","0.2589","3.8288"
"19.2200","0.2590","3.8325"
"19.2400","0.2592","3.8362"
"19.2600","0.2593","3.8399"
"19.2800","0.2594","3.8436"
"19.3000","0.2595","3.8472"
"19.3200","0.2597","3.8509"
"19.3400","0.2598","3.8545"
"19.3600","0.2599","3.8582"
"19.3800","0.2600","3.8620"
"19.4000","0.2601","3.8658"
"19.4200","0.2603","3.8696"
"19.4400","0.2604","3.8734"
"19.4600","0.2605","3.8774"
"19.4800","0.2606","3.8814"
"19.5000","0.2608","3.8854"
"19.5200","0.2609","3.8894"
"19.5400","0.2610","3.8936"
"19.5600","0.2612","3.8978"
"19.5800","0.2613","3.9020"
"19.6000","0.2614","3.9061"
"19.6200","0.2615","3.9103"
"19.6400","0.2617","3.9145"
"19.6600","0.2618","3.9187"
"19.6800","0.2619","3.9229"
"19.7000","0.2621","3.9272"
"19.7200","0.2622","3.9313"
"19.7400","0.2623","3.9356"
"19.7600","0.2625","3.9398"
"19.7800","0.2626","3.9440"
"19.8000","0.2627","3.9481"
"19.8200","0.2628","3.9521"
"19.8400","0.2630","3.9562"
"19.8600","0.2631","3.9602"
"19.8800","0.2632","3.9642"
"19.9000","0.2634","3.9681"
"19.9200","0.2635","3.9721"
"19.9400","0.2636","3.9760"
"19.9600","0.2637","3.9800"
"19.9800","0.2639","3.9841"
"20.0000","0.2640","3.9881"
"20.0200","0.2641","3.9923"
"20.0400","0.2643","3.9966"
"20.0600","0.2644","4.0008"
"20.0800","0.2645","4.0051"
"20.1000","0.2646","4.0093"
"20.1200","0.2648","4.0137"
"20.1400","0.2649","4.0180"
"20.1600","0.2650","4.0222"
"20.1800","0.2652","4.0263"
"20.2000","0.2653","4.0304"
"20.2200","0.2654","4.0346"
"20.2400","0.2656","4.0387"
"20.2600","0.2657","4.0427"
"20.2800","0.2658","4.0466"
"20.3000","0.2659","4.0506"
"20.3200","0.2660","4.0545"
"20.3400","0.2662","4.0583"
"20.3600","0.2663","4.0622"
"20.3800","0.2664","4.0661"
"20.4000","0.2665","4.0699"
"20.4200","0.2667","4.0738"
"20.4400","0.2668","4.0777"
"20.4600","0.2669","4.0815"
"20.4800","0.2670","4.0853"
"20.5000","0.2672","4.0892"
"20.5200","0.2673","4.0930"
"20.5400","0.2674","4.0968"
"20.5600","0.2675","4.1007"
"20.5800","0.2676","4.1046"
"20.6000","0.2678","4.1084"
"20.6200","0.2679","4.1121"
"20.6400","0.2680","4.1160"
"20.6600","0.2681","4.1198"
"20.6800","0.2682","4.1236"
"20.7000","0.2684","4.1275"
"20.7200","0.2685","4.1313"
"20.7400","0.2686","4.1351"
"20.7600","0.2687","4.1390"
"20.7800","0.2688","4.1429"
"20.8000","0.2690","4.1467"
"20.8200","0.2691","4.1505"
"20.8400","0.2692","4.1544"
"20.8600","0.2693","4.1582"
"20.8800","0.2694","4.1621"
"20.9000","0.2696","4.1659"
"20.9200","0.2697","4.1696"
"20.9400","0.2698","4.1735"
"20.9600","0.2699","4.1774"
"20.9800","0.2700","4.1813"
"21.0000","0.2702","4.1851"
"21.0200","0.2703","4.1891"
"21.0400","0.2704","4.1931"
"21.0600","0.2705","4.1971"
"21.0800","0.2706","4.2011"
"21.1000","0.2708","4.2052"
"21.1200","0.2709","4.2095"
"21.1400","0.2710","4.2137"
"21.1600","0.2711","4.2180"
"21.1800","0.2713","4.2222"
"21.2000","0.2714","4.2265"
"21.2200","0.2715","4.2310"
"21.2400","0.2717","4.2353"
"21.2600","0.2718","4.2397"
"21.2800","0.2719","4.2440"
"21.3000","0.2721","4.2484"
"21.3200","0.2722","4.2526"
"21.3400","0.2723","4.2570"
"21.3600","0.2724","4.2613"
"21.3800","0.2726","4.2654"
"21.4000","0.2727","4.2695"
"21.4200","0.2728","4.2736"
"21.4400","0.2729","4.2776"
"21.4600","0.2731","4.2815"
"21.4800","0.2732","4.2855"
"21.5000","0.2733","4.2893"
"21.5200","0.2734","4.2932"
"21.5400","0.2735","4.2971"
"21.5600","0.2737","4.3009"
"21.5800","0.2738","4.3047"
"21.6000","0.2739","4.3086"
"21.6200","0.2740","4.3124"
"21.6400","0.2741","4.3164"
"21.6600","0.2743","4.3204"
"21.6800","0.2744","4.3244"
"21.7000","0.2745","4.3284"
"21.7200","0.2746","4.3325"
"21.7400","0.2747","4.3366"
"21.7600","0.2749","4.3408"
"21.7800","0.2750","4.3450"
"21.8000","0.2751","4.3492"
"21.8200","0.2752","4.3533"
"21.8400","0.2754","4.3574"
"21.8600","0.2755","4.3615"
"21.8800","0.2756","4.3655"
"21.9000","0.2757","4.3696"
"21.9200","0.2758","4.3736"
"21.9400","0.2760","4.3775"
"21.9600","0.2761","4.3814"
"21.9800","0.2762","4.3854"
"22.0000","0.2763","4.3893"
"22.0200","0.2764","4.3932"
"22.0400","0.2766","4.3970"
"22.0600","0.2767","4.4009"
"22.0800","0.2768","4.4048"
"22.1000","0.2769","4.4087"
"22.1200","0.2770","4.4127"
"22.1400","0.2771","4.4166"
"22.1600","0.2773","4.4206"
"22.1800","0.2774","4.4246"
"22.2000","0.2775","4.4286"
"22.2200","0.2776","4.4326"
"22.2400","0.2777","4.4368"
"22.2600","0.2779","4.4408"
"22.2800","0.2780","4.4448"
"22.3000","0.2781","4.4489"
"22.3200","0.2782","4.4530"
"22.3400","0.2783","4.4572"
"22.3600","0.2785","4.4612"
"22.3800","0.2786","4.4653"
"22.4000","0.2787","4.4694"
"22.4200","0.2788","4.4735"
"22.4400","0.2789","4.4775"
"22.4600","0.2791","4.4816"
"22.4800","0.2792","4.4856"
"22.5000","0.2793","4.4896"
"22.5200","0.2794","4.4935"
"22.5400","0.2795","4.4974"
"22.5600","0.2797","4.5014"
"22.5800","0.2798","4.5053"
"22.6000","0.2799","4.5093"
"22.6200","0.2800","4.5131"
"22.6400","0.2801","4.5170"
"22.6600","0.2802","4.5210"
"22.6800","0.2804","4.5250"
"22.7000","0.2805","4.5290"
"22.7200","0.2806","4.5330"
"22.7400","0.2807","4.5371"
"22.7600","0.2808","4.5413"
"22.7800","0.2810","4.5454"
"22.8000","0.2811","4.5496"
"22.8200","0.2812","4.5537"
"22.8400","0.2813","4.5578"
"22.8600","0.2814","4.5620"
"22.8800","0.2816","4.5663"
"22.9000","0.2817","4.5705"
"22.9200","0.2818","4.5745"
"22.9400","0.2819","4.5788"
"22.9600","0.2821","4.5829"
"22.9800","0.2822","4.5870"
"23.0000","0.2823","4.5912"
"23.0200","0.2824","4.5952"
"23.0400","0.2825","4.5991"
"23.0600","0.2826","4.6031"
"23.0800","0.2828","4.6070"
"23.1000","0.2829","4.6109"
"23.1200","0.2830","4.6147"
"23.1400","0.2831","4.6186"
"23.1600","0.2832","4.6224"
"23.1800","0.2833","4.6261"
"23.2000","0.2834","4.6298"
"23.2200","0.2836","4.6336"
"23.2400","0.2837","4.6373"
"23.2600","0.2838","4.6411"
"23.2800","0.2839","4.6449"
"23.3000","0.2840","4.6487"
"23.3200","0.2841","4.6526"
"23.3400","0.2842","4.6564"
"23.3600","0.2844","4.6604"
"23.3800","0.2845","4.6644"
"23.4000","0.2846","4.6685"
"23.4200","0.2847","4.6725"
"23.4400","0.2848","4.6766"
"23.4600","0.2849","4.6807"
"23.4800","0.2851","4.6847"
"23.5000","0.2852","4.6888"
"23.5200","0.2853","4.6928"
"23.5400","0.2854","4.6969"
"23.5600","0.2855","4.7008"
"23.5800","0.2856","4.7048"
"23.6000","0.2858","4.7087"
"23.6200","0.2859","4.7126"
"23.6400","0.2860","4.7165"
"23.6600","0.2861","4.7205"
"23.6800","0.2862","4.7244"
"23.7000","0.2863","4.7284"
"23.7200","0.2864","4.7323"
"23.7400","0.2866","4.7362"
"23.7600","0.2867","4.7402"
"23.7800","0.2868","4.7442"
"23.8000","0.2869","4.7481"
"23.8200","0.2870","4.7522"
"23.8400","0.2871","4.7564"
"23.8600","0.2873","4.7604"
"23.8800","0.2874","4.7646"
"23.9000","0.2875","4.7687"
"23.9200","0.2876","4.7727"
"23.9400","0.2877","4.7768"
"23.9600","0.2878","4.7809"
"23.9800","0.2880","4.7850"
"24.0000","0.2881","4.7891"
"24.0200","0.2882","4.7932"
"24.0400","0.2883","4.7972"
"24.0600","0.2884","4.8012"
"24.0800","0.2885","4.8054"
"24.1000","0.2887","4.8094"
"24.1200","0.2888","4.8134"
"24.1400","0.2889","4.8175"
"24.1600","0.2890","4.8214"
"24.1800","0.2891","4.8254"
"24.2000","0.2892","4.8294"
"24.2200","0.2894","4.8333"
"24.2400","0.2895","4.8371"
"24.2600","0.2896","4.8410"
"24.2800","0.2897","4.8448"
"24.3000","0.2898","4.8487"
"24.3200","0.2899","4.8525"
"24.3400","0.2900","4.8564"
"24.3600","0.2901","4.8602"
"24.3800","0.2902","4.8640"
"24.4000","0.2904","4.8679"
"24.4200","0.2905","4.8718"
"24.4400","0.2906","4.8758"
"24.4600","0.2907","4.8797"
"24.4800","0.2908","4.8838"
"24.5000","0.2909","4.8878"
"24.5200","0.2910","4.8919"
"24.5400","0.2912","4.8959"
"24.5600","0.2913","4.8999"
"24.5800","0.2914","4.9041"
"24.6000","0.2915","4.9083"
"24.6200","0.2916","4.9123"
"24.6400","0.2917","4.9164"
"24.6600","0.2918","4.9205"
"24.6800","0.2920","4.9247"
"24.7000","0.2921","4.9288"
"24.7200","0.2922","4.9328"
"24.7400","0.2923","4.9369"
"24.7600","0.2924","4.9409"
"24.7800","0.2925","4.9450"
"24.8000","0.2926","4.9490"
"24.8200","0.2928","4.9529"
"24.8400","0.2929","4.9567"
"24.8600","0.2930","4.9606"
"24.8800","0.2931","4.9644"
"24.9000","0.2932","4.9683"
"24.9200","0.2933","4.9721"
"24.9400","0.2934","4.9758"
"24.9600","0.2935","4.9797"
"24.9800","0.2936","4.9834"
"25.0000","0.2937","4.9872"
"25.0200","0.2939","4.9910"
"25.0400","0.2940","4.9949"
"25.0600","0.2941","4.9988"
"25.0800","0.2942","5.0027"
"25.1000","0.2943","5.0066"
"25.1200","0.2944","5.0107"
"25.1400","0.2945","5.0146"
"25.1600","0.2946","5.0188"
"25.1800","0.2947","5.0229"
"25.2000","0.2949","5.0270"
"25.2200","0.2950","5.0312"
"25.2400","0.2951","5.0354"
"25.2600","0.2952","5.0396"
"25.2800","0.2953","5.0438"
"25.3000","0.2954","5.0479"
"25.3200","0.2956","5.0521"
"25.3400","0.2957","5.0563"
"25.3600","0.2958","5.0605"
"25.3800","0.2959","5.0646"
"25.4000","0.2960","5.0687"
"25.4200","0.2961","5.0728"
"25.4400","0.2962","5.0769"
"25.4600","0.2964","5.0809"
"25.4800","0.2965","5.0849"
"25.5000","0.2966","5.0889"
"25.5200","0.2967","5.0930"
"25.5400","0.2968","5.0970"
"25.5600","0.2969","5.1010"
"25.5800","0.2970","5.1050"
"25.6000","0.2971","5.1091"
"25.6200","0.2973","5.1131"
"25.6400","0.2974","5.1172"
"25.6600","0.2975","5.1211"
"25.6800","0.2976","5.1252"
"25.7000","0.2977","5.1292"
"25.7200","0.2978","5.1333"
"25.7400","0.2979","5.1373"
"25.7600","0.2980","5.1412"
"25.7800","0.2982","5.1452"
"25.8000","0.2983","5.1492"
"25.8200","0.2984","5.1532"
"25.8400","0.2985","5.1572"
"25.8600","0.2986","5.1611"
"25.8800","0.2987","5.1651"
"25.9000","0.2988","5.1691"
"25.9200","0.2989","5.1730"
"25.9400","0.2990","5.1769"
"25.9600","0.2991","5.1807"
"25.9800","0.2993","5.1846"
"26.0000","0.2994","5.1884"
"26.0200","0.2995","5.1921"
"26.0400","0.2996","5.1959"
"26.0600","0.2997","5.1997"
"26.0800","0.2998","5.2034"
"26.1000","0.2999","5.2072"
"26.1200","0.3000","5.2109"
"26.1400","0.3001","5.2147"
"26.1600","0.3002","5.2184"
"26.1800","0.3003","5.2222"
"26.2000","0.3004","5.2260"
"26.2200","0.3005","5.2298"
"26.2400","0.3006","5.2337"
"26.2600","0.3007","5.2374"
"26.2800","0.3009","5.2413"
"26.3000","0.3010","5.2453"
"26.3200","0.3011","5.2494"
"26.3400","0.3012","5.2534"
"26.3600","0.3013","5.2574"
"26.3800","0.3014","5.2614"
"26.4000","0.3015","5.2656"
"26.4200","0.3016","5.2696"
"26.4400","0.3017","5.2737"
"26.4600","0.3019","5.2778"
"26.4800","0.3020","5.2819"
"26.5000","0.3021","5.2861"
"26.5200","0.3022","5.2902"
"26.5400","0.3023","5.2944"
"26.5600","0.3024","5.2986"
"26.5800","0.3025","5.3026"
"26.6000","0.3026","5.3067"
"26.6200","0.3028","5.3108"
"26.6400","0.3029","5.3148"
"26.6600","0.3030","5.3188"
"26.6800","0.3031","5.3227"
"26.7000","0.3032","5.3267"
"26.7200","0.3033","5.3307"
"26.7400","0.3034","5.3346"
"26.7600","0.3035","5.3384"
"26.7800","0.3036","5.3424"
"26.8000","0.3037","5.3462"
"26.8200","0.3038","5.3501"
"26.8400","0.3039","5.3541"
"26.8600","0.3041","5.3581"
"26.8800","0.3042","5.3621"
"26.9000","0.3043","5.3663"
"26.9200","0.3044","5.3706"
"26.9400","0.3045","5.3748"
"26.9600","0.3046","5.3790"
"26.9800","0.3047","5.3834"
"27.0000","0.3049","5.3877"
"27.0200","0.3050","5.3921"
"27.0400","0.3051","5.3964"
"27.0600","0.3052","5.4007"
"27.0800","0.3053","5.4050"
"27.1000","0.3054","5.4094"
"27.1200","0.3055","5.4135"
"27.1400","0.3057","5.4177"
"27.1600","0.3058","5.4219"
"27.1800","0.3059","5.4260"
"27.2000","0.3060","5.4301"
"27.2200","0.3061","5.4342"
"27.2400","0.3062","5.4382"
"27.2600","0.3063","5.4422"
"27.2800","0.3064","5.4462"
"27.3000","0.3065","5.4504"
"27.3200","0.3067","5.4543"
"27.3400","0.3068","5.4583"
"27.3600","0.3069","5.4624"
"27.3800","0.3070","5.4663"
"27.4000","0.3071","5.4702"
"27.4200","0.3072","5.4743"
"27.4400","0.3073","5.4783"
"27.4600","0.3074","5.4824"
"27.4800","0.3075","5.4864"
"27.5000","0.3076","5.4905"
"27.5200","0.3078","5.4945"
"27.5400","0.3079","5.4986"
"27.5600","0.3080","5.5026"
"27.5800","0.3081","5.5065"
"27.6000","0.3082","5.5105"
"27.6200","0.3083","5.5144"
"27.6400","0.3084","5.5185"
"27.6600","0.3085","5.5225"
"27.6800","0.3086","5.5265"
"27.7000","0.3087","5.5305"
"27.7200","0.3088","5.5345"
"27.7400","0.3090","5.5385"
"27.7600","0.3091","5.5424"
"27.7800","0.3092","5.5463"
"27.8000","0.3093","5.5502"
"27.8200","0.3094","5.5540"
"27.8400","0.3095","5.5579"
"27.8600","0.3096","5.5616"
"27.8800","0.3097","5.5654"
"27.9000","0.3098","5.5691"
"27.9200","0.3099","5.5729"
"27.9400","0.3100","5.5768"
"27.9600","0.3101","5.5805"
"27.9800","0.3102","5.5844"
"28.0000","0.3103","5.5882"
"28.0200","0.3104","5.5921"
"28.0400","0.3105","5.5960"
"28.0600","0.3106","5.6000"
"28.0800","0.3108","5.6039"
"28.1000","0.3109","5.6079"
"28.1200","0.3110","5.6120"
"28.1400","0.3111","5.6161"
"28.1600","0.3112","5.6203"
"28.1800","0.3113","5.6244"
"28.2000","0.3114","5.6286"
"28.2200","0.3115","5.6327"
"28.2400","0.3116","5.6370"
"28.2600","0.3118","5.6412"
"28.2800","0.3119","5.6454"
"28.3000","0.3120","5.6496"
"28.3200","0.3121","5.6539"
"28.3400","0.3122","5.6581"
"28.3600","0.3123","5.6623"
"28.3800","0.3124","5.6665"
"28.4000","0.3125","5.6706"
"28.4200","0.3126","5.6747"
"28.4400","0.3128","5.6788"
"28.4600","0.3129","5.6828"
"28.4800","0.3130","5.6867"
"28.5000","0.3131","5.6907"
"28.5200","0.3132","5.6946"
"28.5400","0.3133","5.6985"
"28.5600","0.3134","5.7024"
"28.5800","0.3135","5.7063"
"28.6000","0.3136","5.7100"
"28.6200","0.3137","5.7140"
"28.6400","0.3138","5.7178"
"28.6600","0.3139","5.7216"
"28.6800","0.3140","5.7256"
"28.7000","0.3141","5.7294"
"28.7200","0.3142","5.7334"
"28.7400","0.3144","5.7373"
"28.7600","0.3145","5.7413"
"28.7800","0.3146","5.7454"
"28.8000","0.3147","5.7494"
"28.8200","0.3148","5.7535"
"28.8400","0.3149","5.7576"
"28.8600","0.3150","5.7618"
"28.8800","0.3151","5.7660"
"28.9000","0.3152","5.7701"
"28.9200","0.3153","5.7742"
"28.9400","0.3155","5.7784"
"28.9600","0.3156","5.7824"
"28.9800","0.3157","5.7865"
"29.0000","0.3158","5.7905"
"29.0200","0.3159","5.7946"
"29.0400","0.3160","5.7986"
"29.0600","0.3161","5.8025"
"29.0800","0.3162","5.8064"
"29.1000","0.3163","5.8104"
"29.1200","0.3164","5.8143"
"29.1400","0.3165","5.8181"
"29.1600","0.3166","5.8222"
"29.1800","0.3167","5.8260"
"29.2000","0.3168","5.8299"
"29.2200","0.3170","5.8338"
"29.2400","0.3171","5.8378"
"29.2600","0.3172","5.8418"
"29.2800","0.3173","5.8457"
"29.3000","0.3174","5.8497"
"29.3200","0.3175","5.8536"
"29.3400","0.3176","5.8576"
"29.3600","0.3177","5.8616"
"29.3800","0.3178","5.8656"
"29.4000","0.3179","5.8696"
"29.4200","0.3180","5.8736"
"29.4400","0.3181","5.8776"
"29.4600","0.3182","5.8816"
"29.4800","0.3183","5.8855"
"29.5000","0.3185","5.8895"
"29.5200","0.3186","5.8934"
"29.5400","0.3187","5.8974"
"29.5600","0.3188","5.9014"
"29.5800","0.3189","5.9053"
"29.6000","0.3190","5.9092"
"29.6200","0.3191","5.9131"
"29.6400","0.3192","5.9171"
"29.6600","0.3193","5.9209"
"29.6800","0.3194","5.9249"
"29.7000","0.3195","5.9287"
"29.7200","0.3196","5.9325"
"29.7400","0.3197","5.9363"
"29.7600","0.3198","5.9402"
"29.7800","0.3199","5.9440"
"29.8000","0.3200","5.9478"
"29.8200","0.3201","5.9517"
"29.8400","0.3202","5.9556"
"29.8600","0.3203","5.9595"
"29.8800","0.3205","5.9633"
"29.9000","0.3206","5.9672"
"29.9200","0.3207","5.9710"
"29.9400","0.3208","5.9751"
"29.9600","0.3209","5.9791"
"29.9800","0.3210","5.9830"
"30.0000","0.3211","5.9871"
"30.0200","0.3212","5.9911"
"30.0400","0.3213","5.9952"
"30.0600","0.3214","5.9984"
"30.0800","0.3215","5.9999"
"30.0830","0.3215","6.0000"
"30.0840","0.3215","6.0001"
"30.0850","0.3215","6.0001"
"30.1050","0.3215","6.0003"
"30.1250","0.3215","6.0004"
"30.1450","0.3216","6.0006"
"30.1650","0.3216","6.0006"
"30.1850","0.3217","6.0007"
"30.2050","0.3217","6.0008"
"30.2250","0.3217","6.0009"
"30.2450","0.3218","6.0009"
"30.2650","0.3218","6.0010"
"30.2850","0.3218","6.0011"
"30.3050","0.3218","6.0011"
"30.3250","0.3219","6.0011"
"30.3450","0.3219","6.0012"
"30.3650","0.3219","6.0012"
"30.3850","0.3220","6.0012"
"30.4050","0.3220","6.0014"
"30.4250","0.3220","6.0014"
"30.4450","0.3220","6.0014"
"30.4650","0.3221","6.0014"
"30.4850","0.3221","6.0013"
"30.5050","0.3221","6.0014"
"30.5250","0.3222","6.0015"
"30.5450","0.3222","6.0015"
"30.5650","0.3222","6.0015"
"30.5850","0.3222","6.0016"
"30.6050","0.3223","6.0015"
"30.6250","0.3223","6.0015"
"30.6450","0.3223","6.0015"
"30.6650","0.3223","6.0016"
"30.6850","0.3224","6.0016"
"30.7050","0.3224","6.0016"
"30.7250","0.3224","6.0016"
"30.7450","0.3224","6.0016"
"30.7650","0.3225","6.0016"
"30.7850","0.3225","6.0016"
"30.8050","0.3225","6.0017"
"30.8250","0.3225","6.0017"
"30.8450","0.3226","6.0016"
"30.8650","0.3226","6.0016"
"30.8850","0.3226","6.0016"
"30.9050","0.3226","6.0016"
"30.9250","0.3226","6.0016"
"30.9450","0.3227","6.0016"
"30.9650","0.3227","6.0016"
"30.9850","0.3227","6.0016"
"31.0050","0.3227","6.0016"
"31.0250","0.3227","6.0016"
"31.0450","0.3228","6.0016"
"31.0650","0.3228","6.0016"
"31.0850","0.3228","6.0015"
"31.1050","0.3228","6.0015"
"31.1250","0.3229","6.0015"
"31.1450","0.3229","6.0015"
"31.1650","0.3229","6.0015"
"31.1850","0.3229","6.0015"
"31.2050","0.3229","6.0014"
"31.2250","0.3229","6.0013"
"31.2450","0.3230","6.0013"
"31.2650","0.3230","6.0013"
"31.2850","0.3230","6.0013"
"31.3050","0.3230","6.0012"
"31.3250","0.3230","6.0012"
"31.3450","0.3231","6.0012"
"31.3650","0.3231","6.0012"
"31.3850","0.3231","6.0011"
"31.4050","0.3231","6.0011"
"31.4250","0.3231","6.0010"
"31.4450","0.3232","6.0011"
"31.4650","0.3232","6.0011"
"31.4850","0.3232","6.0011"
"31.5050","0.3232","6.0010"
"31.5250","0.3232","6.0009"
"31.5450","0.3232","6.0009"
"31.5650","0.3233","6.0008"
"31.5850","0.3233","6.0008"
"31.6050","0.3233","6.0008"
"31.6250","0.3233","6.0007"
"31.6450","0.3233","6.0007"
"31.6650","0.3234","6.0007"
"31.6850","0.3234","6.0007"
"31.7050","0.3234","6.0007"
"31.7250","0.3234","6.0007"
"31.7450","0.3234","6.0006"
"31.7650","0.3234","6.0005"
"31.7850","0.3235","6.0004"
"31.8050","0.3235","6.0004"
"31.8250","0.3235","6.0004"
"31.8450","0.3235","6.0004"
"31.8650","0.3235","6.0004"
"31.8850","0.3235","6.0004"
"31.9050","0.3236","6.0003"
"31.9250","0.3236","6.0003"
"31.9450","0.3236","6.0002"
"31.9650","0.3236","6.0002"
"31.9850","0.3236","6.0002"
"32.0050","0.3236","6.0002"
"32.0250","0.3237","6.0001"
"32.0450","0.3237","6.0001"
"32.0650","0.3237","6.0001"
"32.0850","0.3237","6.0001"
"32.1050","0.3237","6.0001"
"32.1250","0.3237","6.0000"
"32.1450","0.3238","6.0000"
"32.1650","0.3238","5.9999"
"32.1850","0.3238","5.9999"
"32.2050","0.3238","5.9999"
"32.2250","0.3238","5.9999"
"32.2450","0.3238","5.9999"
"32.2650","0.3238","5.9998"
"32.2850","0.3239","5.9999"
"32.3050","0.3239","5.9998"
"32.3250","0.3239","5.9998"
"32.3450","0.3239","5.9998"
"32.3650","0.3239","5.9998"
"32.3850","0.3239","5.9998"
"32.4050","0.3240","5.9998"
"32.4250","0.3240","5.9997"
"32.4450","0.3240","5.9997"
"32.4650","0.3240","5.9998"
"32.4850","0.3240","5.9998"
"32.5050","0.3240","5.9998"
"32.5250","0.3240","5.9997"
"32.5450","0.3241","5.9997"
"32.5650","0.3241","5.9997"
"32.5850","0.3241","5.9997"
"32.6050","0.3241","5.9997"
"32.6250","0.3241","5.9996"
"32.6450","0.3241","5.9996"
"32.6650","0.3242","5.9997"
"32.6850","0.3242","5.9997"
"32.7050","0.3242","5.9997"
"32.7250","0.3242","5.9998"
"32.7450","0.3242","5.9997"
"32.7650","0.3242","5.9996"
"32.7850","0.3242","5.9997"
"32.8050","0.3243","5.9997"
"32.8250","0.3243","5.9996"
"32.8450","0.3243","5.9997"
"32.8650","0.3243","5.9998"
"32.8850","0.3243","5.9997"
"32.9050","0.3243","5.9997"
"32.9250","0.3243","5.9997"
"32.9450","0.3244","5.9998"
"32.9650","0.3244","5.9998"
"32.9850","0.3244","5.9997"
"33.0050","0.3244","5.9997"
"33.0250","0.3244","5.9998"
"33.0450","0.3244","5.9998"
"33.0650","0.3244","5.9998"
"33.0850","0.3245","5.9999"
"33.1050","0.3245","5.9999"
"33.1250","0.3245","5.9999"
"33.1450","0.3245","5.9999"
"33.1650","0.3245","5.9999"
"33.1850","0.3245","5.9999"
"33.2050","0.3245","6.0000"
"33.2250","0.3246","5.9999"
"33.2450","0.3246","5.9999"
"33.2650","0.3246","5.9999"
"33.2850","0.3246","6.0000"
"33.3050","0.3246","6.0000"
"33.3250","0.3246","6.0000"
"33.3450","0.3246","6.0001"
"33.3650","0.3247","6.0000"
"33.3850","0.3247","6.0001"
"33.4050","0.3247","6.0001"
"33.4250","0.3247","6.0001"
"33.4450","0.3247","6.0002"
"33.4650","0.3247","6.0001"
"33.4850","0.3247","6.0002"
"33.5050","0.3247","6.0002"
"33.5250","0.3248","6.0002"
"33.5450","0.3248","6.0003"
"33.5650","0.3248","6.0002"
"33.5850","0.3248","6.0003"
"33.6050","0.3248","6.0003"
"33.6250","0.3248","6.0003"
"33.6450","0.3248","6.0003"
"33.6650","0.3249","6.0003"
"33.6850","0.3249","6.0003"
"33.7050","0.3249","6.0004"
"33.7250","0.3249","6.0004"
"33.7450","0.3249","6.0003"
"33.7650","0.3249","6.0003"
"33.7850","0.3249","6.0004"
"33.8050","0.3249","6.0004"
"33.8250","0.3250","6.0005"
"33.8450","0.3250","6.0005"
"33.8650","0.3250","6.0005"
"33.8850","0.3250","6.0005"
"33.9050","0.3250","6.0005"
"33.9250","0.3250","6.0005"
"33.9450","0.3250","6.0005"
"33.9650","0.3250","6.0005"
"33.9850","0.3251","6.0006"
"34.0050","0.3251","6.0006"
"34.0250","0.3251","6.0006"
"34.0450","0.3251","6.0006"
"34.0650","0.3251","6.0006"
"34.0850","0.3251","6.0007"
"34.1050","0.3251","6.0006"
"34.1250","0.3251","6.0007"
"34.1450","0.3252","6.0007"
"34.1650","0.3252","6.0007"
"34.1850","0.3252","6.0007"
"34.2050","0.3252","6.0007"
"34.2250","0.3252","6.0007"
"34.2450","0.3252","6.0007"
"34.2650","0.3252","6.0007"
"34.2850","0.3252","6.0007"
"34.3050","0.3253","6.0008"
"34.3250","0.3253","6.0007"
"34.3450","0.3253","6.0007"
"34.3650","0.3253","6.0008"
"34.3850","0.3253","6.0008"
"34.4050","0.3253","6.0008"
"34.4250","0.3253","6.0007"
"34.4450","0.3253","6.0007"
"34.4650","0.3254","6.0008"
"34.4850","0.3254","6.0008"
"34.5050","0.3254","6.0008"
"34.5250","0.3254","6.0008"
"34.5450","0.3254","6.0008"
"34.5650","0.3254","6.0008"
"34.5850","0.3254","6.0008"
"34.6050","0.3254","6.0008"
"34.6250","0.3254","6.0009"
"34.6450","0.3255","6.0009"
"34.6650","0.3255","6.0008"
"34.6850","0.3255","6.0008"
"34.7050","0.3255","6.0008"
"34.7250","0.3255","6.0008"
"34.7450","0.3255","6.0008"
"34.7650","0.3255","6.0008"
"34.7850","0.3255","6.0008"
"34.8050","0.3255","6.0008"
"34.8250","0.3256","6.0008"
"34.8450","0.3256","6.0009"
"34.8650","0.3256","6.0009"
"34.8850","0.3256","6.0009"
"34.9050","0.3256","6.0007"
"34.9250","0.3256","6.0008"
"34.9450","0.3256","6.0008"
"34.9650","0.3256","6.0008"
"34.9850","0.3256","6.0008"
"35.0050","0.3257","6.0008"
"35.0250","0.3257","6.0008"
"35.0450","0.3257","6.0008"
"35.0650","0.3257","6.0007"
"35.0850","0.3257","6.0007"
"35.1050","0.3257","6.0007"
"35.1250","0.3257","6.0007"
"35.1450","0.3257","6.0007"
"35.1650","0.3257","6.0007"
"35.1850","0.3258","6.0008"
"35.2050","0.3258","6.0008"
"35.2250","0.3258","6.0008"
"35.2450","0.3258","6.0008"
"35.2650","0.3258","6.0007"
"35.2850","0.3258","6.0007"
"35.3050","0.3258","6.0008"
"35.3250","0.3258","6.0008"
"35.3450","0.3258","6.0007"
"35.3650","0.3258","6.0006"
"35.3850","0.3259","6.0006"
"35.4050","0.3259","6.0006"
"35.4250","0.3259","6.0007"
"35.4450","0.3259","6.0007"
"35.4650","0.3259","6.0007"
"35.4850","0.3259","6.0006"
"35.5050","0.3259","6.0006"
"35.5250","0.3259","6.0006"
"35.5450","0.3259","6.0007"
"35.5650","0.3260","6.0006"
"35.5850","0.3260","6.0006"
"35.6050","0.3260","6.0006"
"35.6250","0.3260","6.0006"
"35.6450","0.3260","6.0006"
"35.6650","0.3260","6.0005"
"35.6850","0.3260","6.0005"
"35.7050","0.3260","6.0005"
"35.7250","0.3260","6.0005"
"35.7450","0.3260","6.0005"
"35.7650","0.3260","6.0005"
"35.7850","0.3261","6.0004"
"35.8050","0.3261","6.0004"
"35.8250","0.3261","6.0005"
"35.8450","0.3261","6.0005"
"35.8650","0.3261","6.0005"
"35.8850","0.3261","6.0005"
"35.9050","0.3261","6.0004"
"35.9250","0.3261","6.0004"
"35.9450","0.3261","6.0004"
"35.9650","0.3261","6.0004"
"35.9850","0.3262","6.0004"
"36.0050","0.3262","6.0004"
"36.0250","0.3262","6.0004"
"36.0450","0.3262","6.0004"
"36.0650","0.3262","6.0003"
"36.0850","0.3262","6.0004"
"36.1050","0.3262","6.0003"
"36.1250","0.3262","6.0003"
"36.1450","0.3262","6.0003"
"36.1650","0.3262","6.0004"
"36.1850","0.3263","6.0004"
"36.2050","0.3263","6.0003"
"36.2250","0.3263","6.0003"
"36.2450","0.3263","6.0003"
"36.2650","0.3263","6.0003"
"36.2850","0.3263","6.0003"
"36.3050","0.3263","6.0002"
"36.3250","0.3263","6.0002"
"36.3450","0.3263","6.0002"
"36.3650","0.3263","6.0002"
"36.3850","0.3263","6.0002"
"36.4050","0.3264","6.0003"
"36.4250","0.3264","6.0002"
"36.4450","0.3264","6.0002"
"36.4650","0.3264","6.0002"
"36.4850","0.3264","6.0002"
"36.5050","0.3264","6.0002"
"36.5250","0.3264","6.0002"
"36.5450","0.3264","6.0002"
"36.5650","0.3264","6.0001"
"36.5850","0.3264","6.0002"
"36.6050","0.3265","6.0002"
"36.6250","0.3265","6.0002"
"36.6450","0.3265","6.0002"
"36.6650","0.3265","6.0002"
"36.6850","0.3265","6.0001"
"36.7050","0.3265","6.0001"
"36.7250","0.3265","6.0001"
"36.7450","0.3265","6.0001"
"36.7650","0.3265","6.0002"
"36.7850","0.3265","6.0001"
"36.8050","0.3265","6.0001"
"36.8250","0.3266","6.0001"
"36.8450","0.3266","6.0001"
"36.8650","0.3266","6.0001"
"36.8850","0.3266","6.0001"
"36.9050","0.3266","6.0001"
"36.9250","0.3266","6.0000"
"36.9450","0.3266","6.0000"
"36.9650","0.3266","6.0000"
"36.9850","0.3266","6.0000"
"37.0050","0.3266","6.0000"
"37.0250","0.3266","6.0001"
"37.0450","0.3267","6.0001"
"37.0650","0.3267","6.0001"
"37.0850","0.3267","5.9999"
"37.1050","0.3267","6.0000"
"37.1250","0.3267","6.0000"
"37.1450","0.3267","6.0000"
"37.1650","0.3267","6.0001"
"37.1850","0.3267","6.0000"
"37.2050","0.3267","6.0001"
"37.2250","0.3267","6.0001"
"37.2450","0.3267","6.0000"
"37.2650","0.3267","5.9999"
"37.2850","0.3268","6.0000"
"37.3050","0.3268","6.0000"
"37.3250","0.3268","6.0000"
"37.3450","0.3268","6.0000"
"37.3650","0.3268","6.0000"
"37.3850","0.3268","6.0000"
"37.4050","0.3268","6.0000"
"37.4250","0.3268","6.0000"
"37.4450","0.3268","6.0000"
"37.4650","0.3268","6.0000"
"37.4850","0.3268","5.9999"
"37.5050","0.3269","5.9999"
"37.5250","0.3269","5.9999"
"37.5450","0.3269","5.9999"
"37.5650","0.3269","6.0000"
"37.5850","0.3269","6.0000"
"37.6050","0.3269","6.0000"
"37.6250","0.3269","5.9999"
"37.6450","0.3269","6.0000"
"37.6650","0.3269","6.0000"
"37.6850","0.3269","5.9999"
"37.7050","0.3269","6.0000"
"37.7250","0.3269","6.0000"
"37.7450","0.3270","5.9999"
"37.7650","0.3270","5.9999"
"37.7850","0.3270","5.9999"
"37.8050","0.3270","6.0000"
"37.8250","0.3270","6.0000"
"37.8450","0.3270","5.9999"
"37.8650","0.3270","5.9999"
"37.8850","0.3270","5.9999"
"37.9050","0.3270","5.9999"
"37.9250","0.3270","6.0000"
"37.9450","0.3270","5.9999"
"37.9650","0.3270","6.0000"
"37.9850","0.3271","6.0000"
"38.0050","0.3271","6.0000"
"38.0250","0.3271","6.0000"
"38.0450","0.3271","5.9999"
"38.0650","0.3271","5.9999"
"38.0850","0.3271","5.9999"
"38.1050","0.3271","5.9999"
"38.1250","0.3271","6.0000"
"38.1450","0.3271","6.0000"
"38.1650","0.3271","5.9999"
"38.1850","0.3271","5.9999"
"38.2050","0.3271","5.9999"
"38.2250","0.3272","6.0000"
"38.2450","0.3272","6.0000"
"38.2650","0.3272","6.0000"
"38.2850","0.3272","5.9999"
"38.3050","0.3272","5.9999"
"38.3250","0.3272","5.9999"
"38.3450","0.3272","5.9999"
"38.3650","0.3272","5.9999"
"38.3850","0.3272","5.9999"
"38.4050","0.3272","5.9999"
"38.4250","0.3272","6.0000"
"38.4450","0.3272","6.0000"
"38.4650","0.3272","6.0000"
"38.4850","0.3273","6.0000"
"38.5050","0.3273","5.9999"
"38.5250","0.3273","5.9999"
"38.5450","0.3273","5.9999"
"38.5650","0.3273","5.9999"
"38.5850","0.3273","6.0000"
"38.6050","0.3273","6.0000"
"38.6250","0.3273","5.9999"
"38.6450","0.3273","5.9999"
"38.6650","0.3273","5.9999"
"38.6850","0.3273","5.9999"
"38.7050","0.3273","5.9999"
"38.7250","0.3274","5.9999"
"38.7450","0.3274","5.9999"
"38.7650","0.3274","5.9999"
"38.7850","0.3274","5.9999"
"38.8050","0.3274","5.9999"
"38.8250","0.3274","5.9999"
"38.8450","0.3274","6.0000"
"38.8650","0.3274","6.0000"
"38.8850","0.3274","6.0000"
"38.9050","0.3274","5.9999"
"38.9250","0.3274","5.9999"
"38.9450","0.3274","5.9999"
"38.9650","0.3274","5.9999"
"38.9850","0.3275","6.0000"
"39.0050","0.3275","6.0000"
"39.0250","0.3275","6.0000"
"39.0450","0.3275","5.9999"
"39.0650","0.3275","5.9999"
"39.0850","0.3275","5.9999"
"39.1050","0.3275","5.9999"
"39.1250","0.3275","5.9999"
"39.1450","0.3275","5.9999"
"39.1650","0.3275","6.0000"
"39.1850","0.3275","6.0000"
"39.2050","0.3275","5.9999"
"39.2250","0.3275","5.9999"
"39.2450","0.3276","5.9999"
"39.2650","0.3276","5.9999"
"39.2850","0.3276","5.9999"
"39.3050","0.3276","5.9999"
"39.3250","0.3276","5.9999"
"39.3450","0.3276","6.0000"
"39.3650","0.3276","6.0000"
"39.3850","0.3276","5.9999"
"39.4050","0.3276","5.9999"
"39.4250","0.3276","5.9999"
"39.4450","0.3276","5.9999"
"39.4650","0.3276","5.9999"
"39.4850","0.3276","5.9999"
"39.5050","0.3277","6.0000"
"39.5250","0.3277","6.0000"
"39.5450","0.3277","5.9999"
"39.5650","0.3277","6.0000"
"39.5850","0.3277","6.0000"
"39.6050","0.3277","5.9999"
"39.6250","0.3277","5.9999"
"39.6450","0.3277","5.9999"
"39.6650","0.3277","5.9999"
"39.6850","0.3277","6.0000"
"39.7050","0.3277","5.9999"
"39.7250","0.3277","5.9998"
"39.7450","0.3277","5.9999"
"39.7650","0.3277","5.9999"
"39.7850","0.3278","6.0000"
"39.8050","0.3278","6.0000"
"39.8250","0.3278","5.9999"
"39.8450","0.3278","5.9999"
"39.8650","0.3278","6.0000"
"39.8850","0.3278","6.0000"
"39.9050","0.3278","6.0000"
"39.9250","0.3278","6.0000"
"39.9450","0.3278","6.0001"
"39.9650","0.3278","6.0001"
"39.9850","0.3278","6.0000"
"40.0050","0.3278","6.0000"
"40.0250","0.3278","6.0000"
"40.0450","0.3278","6.0000"
"40.0650","0.3279","6.0000"
"40.0850","0.3279","6.0000"
"40.1050","0.3279","6.0000"
"40.1250","0.3279","6.0000"
"40.1450","0.3279","6.0001"
"40.1650","0.3279","6.0001"
"40.1850","0.3279","6.0000"
"40.2050","0.3279","6.0000"
"40.2250","0.3279","6.0000"
"40.2450","0.3279","6.0000"
"40.2650","0.3279","6.0000"
"40.2850","0.3279","6.0000"
"40.3050","0.3279","6.0000"
"40.3250","0.3279","6.0000"
"40.3450","0.3280","6.0000"
"40.3650","0.3280","5.9999"
"40.3850","0.3280","6.0000"
"40.4050","0.3280","6.0000"
"40.4250","0.3280","6.0000"
"40.4450","0.3280","5.9999"
"40.4650","0.3280","5.9999"
"40.4850","0.3280","5.9999"
"40.5050","0.3280","5.9999"
"40.5250","0.3280","5.9999"
"40.5450","0.3280","5.9999"
"40.5650","0.3280","5.9999"
"40.5850","0.3280","6.0000"
"40.6050","0.3280","5.9999"
"40.6250","0.3281","6.0000"
"40.6450","0.3281","6.0000"
"40.6650","0.3281","6.0000"
"40.6850","0.3281","5.9999"
"40.7050","0.3281","5.9999"
"40.7250","0.3281","5.9999"
"40.7450","0.3281","5.9999"
"40.7650","0.3281","5.9999"
"40.7850","0.3281","5.9999"
"40.8050","0.3281","5.9999"
"40.8250","0.3281","6.0000"
"40.8450","0.3281","6.0001"
"40.8650","0.3281","6.0000"
"40.8850","0.3281","6.0000"
"40.9050","0.3281","5.9999"
"40.9250","0.3282","5.9999"
"40.9450","0.3282","5.9999"
"40.9650","0.3282","5.9999"
"40.9850","0.3282","6.0000"
"41.0050","0.3282","6.0000"
"41.0250","0.3282","6.0000"
"41.0450","0.3282","6.0000"
"41.0650","0.3282","6.0000"
"41.0850","0.3282","5.9999"
"41.1050","0.3282","6.0000"
"41.1250","0.3282","6.0000"
"41.1450","0.3282","6.0000"
"41.1650","0.3282","6.0000"
"41.1850","0.3282","6.0000"
"41.2050","0.3282","6.0000"
"41.2250","0.3283","6.0000"
"41.2450","0.3283","6.0000"
"41.2650","0.3283","6.0000"
"41.2850","0.3283","6.0000"
"41.3050","0.3283","6.0001"
"41.3250","0.3283","6.0000"
"41.3450","0.3283","6.0000"
"41.3650","0.3283","6.0000"
"41.3850","0.3283","6.0001"
"41.4050","0.3283","6.0001"
"41.4250","0.3283","6.0000"
"41.4450","0.3283","6.0000"
"41.4650","0.3283","6.0000"
"41.4850","0.3283","5.9999"
"41.5050","0.3283","5.9999"
"41.5250","0.3284","5.9999"
"41.5450","0.3284","6.0000"
"41.5650","0.3284","6.0000"
"41.5850","0.3284","6.0000"
"41.6050","0.3284","6.0000"
"41.6250","0.3284","6.0000"
"41.6450","0.3284","6.0000"
"41.6650","0.3284","6.0000"
"41.6850","0.3284","6.0000"
"41.7050","0.3284","6.0001"
"41.7250","0.3284","6.0000"
"41.7450","0.3284","6.0000"
"41.7650","0.3284","5.9999"
"41.7850","0.3284","6.0000"
"41.8050","0.3284","6.0000"
"41.8250","0.3284","6.0000"
"41.8450","0.3285","6.0000"
"41.8650","0.3285","6.0000"
"41.8850","0.3285","6.0000"
"41.9050","0.3285","6.0000"
"41.9250","0.3285","6.0000"
"41.9450","0.3285","6.0000"
"41.9650","0.3285","6.0000"
"41.9850","0.3285","6.0000"
"42.0050","0.3285","6.0000"
"42.0250","0.3285","6.0000"
"42.0450","0.3285","6.0000"
"42.0650","0.3285","5.9999"
"42.0850","0.3285","6.0000"
"42.1050","0.3285","6.0000"
"42.1250","0.3285","6.0000"
"42.1450","0.3285","6.0000"
"42.1650","0.3286","6.0000"
"42.1850","0.3286","6.0000"
"42.2050","0.3286","6.0000"
"42.2250","0.3286","6.0000"
"42.2450","0.3286","6.0000"
"42.2650","0.3286","6.0001"
"42.2850","0.3286","6.0001"
"42.3050","0.3286","6.0000"
"42.3250","0.3286","6.0000"
"42.3450","0.3286","6.0000"
"42.3650","0.3286","6.0000"
"42.3850","0.3286","6.0000"
"42.4050","0.3286","6.0000"
"42.4250","0.3286","6.0000"
"42.4450","0.3286","5.9999"
"42.4650","0.3286","6.0000"
"42.4850","0.3287","6.0000"
"42.5050","0.3287","6.0000"
"42.5250","0.3287","6.0000"
"42.5450","0.3287","6.0000"
"42.5650","0.3287","6.0000"
"42.5850","0.3287","6.0000"
"42.6050","0.3287","6.0000"
"42.6250","0.3287","6.0000"
"42.6450","0.3287","6.0000"
"42.6650","0.3287","6.0000"
"42.6850","0.3287","5.9999"
"42.7050","0.3287","5.9999"
"42.7250","0.3287","6.0000"
"42.7450","0.3287","6.0000"
"42.7650","0.3287","5.9999"
"42.7850","0.3287","5.9999"
"42.8050","0.3288","6.0000"
"42.8250","0.3288","5.9999"
"42.8450","0.3288","5.9999"
"42.8650","0.3288","5.9999"
"42.8850","0.3288","5.9999"
"42.9050","0.3288","5.9999"
"42.9250","0.3288","5.9999"
"42.9450","0.3288","6.0000"
"42.9650","0.3288","6.0000"
"42.9850","0.3288","5.9999"
"43.0050","0.3288","6.0000"
"43.0250","0.3288","5.9999"
"43.0450","0.3288","6.0000"
"43.0650","0.3288","6.0000"
"43.0850","0.3288","5.9999"
"43.1050","0.3288","5.9999"
"43.1250","0.3288","5.9999"
"43.1450","0.3289","6.0000"
"43.1650","0.3289","5.9999"
"43.1850","0.3289","5.9999"
"43.2050","0.3289","5.9999"
"43.2250","0.3289","5.9999"
"43.2450","0.3289","6.0000"
"43.2650","0.3289","6.0000"
"43.2850","0.3289","6.0000"
"43.3050","0.3289","5.9999"
"43.3250","0.3289","5.9999"
"43.3450","0.3289","5.9999"
"43.3650","0.3289","5.9999"
"43.3850","0.3289","5.9999"
"43.4050","0.3289","5.9999"
"43.4250","0.3289","5.9998"
"43.4450","0.3289","5.9999"
"43.4650","0.3289","6.0000"
"43.4850","0.3290","6.0000"
"43.5050","0.3290","5.9999"
"43.5250","0.3290","5.9999"
"43.5450","0.3290","5.9999"
"43.5650","0.3290","5.9999"
"43.5850","0.3290","5.9999"
"43.6050","0.3290","6.0000"
"43.6250","0.3290","5.9999"
"43.6450","0.3290","5.9999"
"43.6650","0.3290","5.9999"
"43.6850","0.3290","5.9999"
"43.7050","0.3290","6.0000"
"43.7250","0.3290","5.9999"
"43.7450","0.3290","5.9999"
"43.7650","0.3290","5.9999"
"43.7850","0.3290","5.9998"
"43.8050","0.3290","5.9999"
"43.8250","0.3291","5.9999"
"43.8450","0.3291","5.9999"
"43.8650","0.3291","6.0000"
"43.8850","0.3291","5.9999"
"43.9050","0.3291","5.9999"
"43.9250","0.3291","5.9999"
"43.9450","0.3291","5.9999"
"43.9650","0.3291","5.9998"
"43.9850","0.3291","5.9999"
"44.0050","0.3291","5.9999"
"44.0250","0.3291","5.9999"
"44.0450","0.3291","5.9999"
"44.0650","0.3291","5.9999"
"44.0850","0.3291","5.9999"
"44.1050","0.3291","5.9998"
"44.1250","0.3291","5.9998"
"44.1450","0.3291","5.9999"
"44.1650","0.3291","5.9999"
"44.1850","0.3291","5.9999"
"44.2050","0.3292","5.9999"
"44.2250","0.3292","5.9999"
"44.2450","0.3292","5.9998"
"44.2650","0.3292","5.9998"
"44.2850","0.3292","5.9999"
"44.3050","0.3292","5.9999"
"44.3250","0.3292","5.9998"
"44.3450","0.3292","5.9998"
"44.3650","0.3292","5.9997"
"44.3850","0.3292","5.9998"
"44.4050","0.3292","5.9998"
"44.4250","0.3292","5.9998"
"44.4450","0.3292","5.9998"
"44.4650","0.3292","5.9998"
"44.4850","0.3292","5.9998"
"44.5050","0.3292","5.9998"
"44.5250","0.3292","5.9999"
"44.5450","0.3292","5.9998"
"44.5650","0.3293","5.9998"
"44.5850","0.3293","5.9998"
"44.6050","0.3293","5.9998"
"44.6250","0.3293","5.9998"
"44.6450","0.3293","5.9997"
"44.6650","0.3293","5.9997"
"44.6850","0.3293","5.9997"
"44.7050","0.3293","5.9997"
"44.7250","0.3293","5.9997"
"44.7450","0.3293","5.9997"
"44.7650","0.3293","5.9998"
"44.7850","0.3293","5.9998"
"44.8050","0.3293","5.9998"
"44.8250","0.3293","5.9998"
"44.8450","0.3293","5.9997"
"44.8650","0.3293","5.9997"
"44.8850","0.3293","5.9997"
"44.9050","0.3293","5.9998"
"44.9250","0.3294","5.9998"
"44.9450","0.3294","5.9998"
"44.9650","0.3294","5.9997"
"44.9850","0.3294","5.9998"
"45.0050","0.3294","5.9997"
"45.0250","0.3294","5.9997"
"45.0450","0.3294","5.9997"
"45.0650","0.3294","5.9997"
"45.0850","0.3294","5.9998"
"45.1050","0.3294","5.9998"
"45.1250","0.3294","5.9998"
"45.1450","0.3294","5.9998"
"45.1650","0.3294","5.9997"
"45.1850","0.3294","5.9997"
"45.2050","0.3294","5.9997"
"45.2250","0.3294","5.9997"
"45.2450","0.3294","5.9997"
"45.2650","0.3294","5.9997"
"45.2850","0.3294","5.9997"
"45.3050","0.3295","5.9997"
"45.3250","0.3295","5.9996"
"45.3450","0.3295","5.9996"
"45.3650","0.3295","5.9996"
"45.3850","0.3295","5.9997"
"45.4050","0.3295","5.9997"
"45.4250","0.3295","5.9997"
"45.4450","0.3295","5.9997"
"45.4650","0.3295","5.9997"
"45.4850","0.3295","5.9997"
"45.5050","0.3295","5.9996"
"45.5250","0.3295","5.9996"
"45.5450","0.3295","5.9997"
"45.5650","0.3295","5.9997"
"45.5850","0.3295","5.9996"
"45.6050","0.3295","5.9995"
"45.6250","0.3295","5.9996"
"45.6450","0.3295","5.9995"
"45.6650","0.3295","5.9995"
"45.6850","0.3296","5.9996"
"45.7050","0.3296","5.9996"
"45.7250","0.3296","5.9996"
"45.7450","0.3296","5.9995"
"45.7650","0.3296","5.9996"
"45.7850","0.3296","5.9996"
"45.8050","0.3296","5.9996"
"45.8250","0.3296","5.9996"
"45.8450","0.3296","5.9996"
"45.8650","0.3296","5.9996"
"45.8850","0.3296","5.9995"
"45.9050","0.3296","5.9996"
"45.9250","0.3296","5.9997"
"45.9450","0.3296","5.9996"
"45.9650","0.3296","5.9995"
"45.9850","0.3296","5.9995"
"46.0050","0.3296","5.9995"
"46.0250","0.3296","5.9995"
"46.0450","0.3296","5.9995"
"46.0650","0.3296","5.9995"
"46.0850","0.3297","5.9995"
"46.1050","0.3297","5.9996"
"46.1250","0.3297","5.9995"
"46.1450","0.3297","5.9995"
"46.1650","0.3297","5.9995"
"46.1850","0.3297","5.9995"
"46.2050","0.3297","5.9994"
"46.2250","0.3297","5.9995"
"46.2450","0.3297","5.9995"
"46.2650","0.3297","5.9995"
"46.2850","0.3297","5.9995"
"46.3050","0.3297","5.9995"
"46.3250","0.3297","5.9995"
"46.3450","0.3297","5.9995"
"46.3650","0.3297","5.9995"
"46.3850","0.3297","5.9994"
"46.4050","0.3297","5.9994"
"46.4250","0.3297","5.9994"
"46.4450","0.3297","5.9994"
"46.4650","0.3297","5.9995"
"46.4850","0.3298","5.9995"
"46.5050","0.3298","5.9995"
"46.5250","0.3298","5.9994"
"46.5450","0.3298","5.9994"
"46.5650","0.3298","5.9995"
"46.5850","0.3298","5.9995"
"46.6050","0.3298","5.9994"
"46.6250","0.3298","5.9994"
"46.6450","0.3298","5.9994"
"46.6650","0.3298","5.9994"
"46.6850","0.3298","5.9995"
"46.7050","0.3298","5.9995"
"46.7250","0.3298","5.9994"
"46.7450","0.3298","5.9994"
"46.7650","0.3298","5.9994"
"46.7850","0.3298","5.9995"
"46.8050","0.3298","5.9995"
"46.8250","0.3298","5.9994"
"46.8450","0.3298","5.9993"
"46.8650","0.3298","5.9994"
"46.8850","0.3299","5.9994"
"46.9050","0.3299","5.9994"
"46.9250","0.3299","5.9994"
"46.9450","0.3299","5.9994"
"46.9650","0.3299","5.9994"
"46.9850","0.3299","5.9994"
"47.0050","0.3299","5.9994"
"47.0250","0.3299","5.9994"
"47.0450","0.3299","5.9994"
"47.0650","0.3299","5.9995"
"47.0850","0.3299","5.9994"
"47.1050","0.3299","5.9994"
"47.1250","0.3299","5.9993"
"47.1450","0.3299","5.9994"
"47.1650","0.3299","5.9994"
"47.1850","0.3299","5.9993"
"47.2050","0.3299","5.9993"
"47.2250","0.3299","5.9994"
"47.2450","0.3299","5.9993"
"47.2650","0.3299","5.9994"
"47.2850","0.3299","5.9993"
"47.3050","0.3300","5.9993"
"47.3250","0.3300","5.9993"
"47.3450","0.3300","5.9993"
"47.3650","0.3300","5.9994"
"47.3850","0.3300","5.9994"
"47.4050","0.3300","5.9993"
"47.4250","0.3300","5.9993"
"47.4450","0.3300","5.9993"
"47.4650","0.3300","5.9993"
"47.4850","0.3300","5.9993"
"47.5050","0.3300","5.9994"
"47.5250","0.3300","5.9993"
"47.5450","0.3300","5.9994"
"47.5650","0.3300","5.9994"
"47.5850","0.3300","5.9993"
"47.6050","0.3300","5.9993"
"47.6250","0.3300","5.9993"
"47.6450","0.3300","5.9993"
"47.6650","0.3300","5.9994"
"47.6850","0.3300","5.9993"
"47.7050","0.3300","5.9993"
"47.7250","0.3301","5.9993"
"47.7450","0.3301","5.9993"
"47.7650","0.3301","5.9993"
"47.7850","0.3301","5.9993"
"47.8050","0.3301","5.9993"
"47.8250","0.3301","5.9993"
"47.8450","0.3301","5.9993"
"47.8650","0.3301","5.9993"
"47.8850","0.3301","5.9993"
"47.9050","0.3301","5.9992"
"47.9250","0.3301","5.9992"
"47.9450","0.3301","5.9993"
"47.9650","0.3301","5.9993"
"47.9850","0.3301","5.9993"
"48.0050","0.3301","5.9993"
"48.0250","0.3301","5.9993"
"48.0450","0.3301","5.9993"
"48.0650","0.3301","5.9993"
"48.0850","0.3301","5.9993"
"48.1050","0.3301","5.9992"
"48.1250","0.3301","5.9992"
"48.1450","0.3302","5.9992"
"48.1650","0.3302","5.9993"
"48.1850","0.3302","5.9992"
"48.2050","0.3302","5.9993"
"48.2250","0.3302","5.9993"
"48.2450","0.3302","5.9993"
"48.2650","0.3302","5.9993"
"48.2850","0.3302","5.9993"
"48.3050","0.3302","5.9993"
"48.3250","0.3302","5.9993"
"48.3450","0.3302","5.9993"
"48.3650","0.3302","5.9993"
"48.3850","0.3302","5.9992"
"48.4050","0.3302","5.9992"
"48.4250","0.3302","5.9993"
"48.4450","0.3302","5.9993"
"48.4650","0.3302","5.9993"
"48.4850","0.3302","5.9993"
"48.5050","0.3302","5.9993"
"48.5250","0.3302","5.9993"
"48.5450","0.3302","5.9993"
"48.5650","0.3302","5.9994"
"48.5850","0.3302","5.9994"
"48.6050","0.3303","5.9993"
"48.6250","0.3303","5.9993"
"48.6450","0.3303","5.9992"
"48.6650","0.3303","5.9993"
"48.6850","0.3303","5.9993"
"48.7050","0.3303","5.9993"
"48.7250","0.3303","5.9993"
"48.7450","0.3303","5.9993"
"48.7650","0.3303","5.9993"
"48.7850","0.3303","5.9993"
"48.8050","0.3303","5.9994"
"48.8250","0.3303","5.9993"
"48.8450","0.3303","5.9994"
"48.8650","0.3303","5.9993"
"48.8850","0.3303","5.9993"
"48.9050","0.3303","5.9994"
"48.9250","0.3303","5.9994"
"48.9450","0.3303","5.9993"
"48.9650","0.3303","5.9993"
"48.9850","0.3303","5.9992"
"49.0050","0.3303","5.9993"
"49.0250","0.3303","5.9993"
"49.0450","0.3304","5.9994"
"49.0650","0.3304","5.9993"
"49.0850","0.3304","5.9994"
"49.1050","0.3304","5.9993"
"49.1250","0.3304","5.9994"
"49.1450","0.3304","5.9993"
"49.1650","0.3304","5.9993"
"49.1850","0.3304","5.9994"
"49.2050","0.3304","5.9994"
"49.2250","0.3304","5.9993"
"49.2450","0.3304","5.9993"
"49.2650","0.3304","5.9993"
"49.2850","0.3304","5.9993"
"49.3050","0.3304","5.9993"
"49.3250","0.3304","5.9993"
"49.3450","0.3304","5.9993"
"49.3650","0.3304","5.9994"
"49.3850","0.3304","5.9994"
"49.4050","0.3304","5.9993"
"49.4250","0.3304","5.9994"
"49.4450","0.3304","5.9994"
"49.4650","0.3304","5.9994"
"49.4850","0.3305","5.9993"
"49.5050","0.3305","5.9993"
"49.5250","0.3305","5.9994"
"49.5450","0.3305","5.9994"
"49.5650","0.3305","5.9994"
"49.5850","0.3305","5.9994"
"49.6050","0.3305","5.9994"
"49.6250","0.3305","5.9994"
"49.6450","0.3305","5.9994"
"49.6650","0.3305","5.9993"
"49.6850","0.3305","5.9993"
"49.7050","0.3305","5.9992"
"49.7250","0.3305","5.9993"
"49.7450","0.3305","5.9993"
"49.7650","0.3305","5.9993"
"49.7850","0.3305","5.9993"
"49.8050","0.3305","5.9993"
"49.8250","0.3305","5.9994"
"49.8450","0.3305","5.9993"
"49.8650","0.3305","5.9993"
"49.8850","0.3305","5.9993"
"49.9050","0.3305","5.9993"
"49.9250","0.3305","5.9994"
"49.9450","0.3305","5.9994"
"49.9650","0.3306","5.9994"
"49.9850","0.3306","5.9992"
"50.0050","0.3306","5.9993"
"50.0250","0.3306","5.9993"
"50.0450","0.3306","5.9994"
"50.0650","0.3306","5.9994"
"50.0850","0.3306","5.9993"
"50.1050","0.3306","5.9993"
"50.1250","0.3306","5.9994"
"50.1450","0.3306","5.9994"
"50.1650","0.3306","5.9994"
"50.1850","0.3306","5.9995"
"50.2050","0.3306","5.9994"
"50.2250","0.3306","5.9994"
"50.2450","0.3306","5.9993"
"50.2650","0.3306","5.9994"
"50.2850","0.3306","5.9994"
"50.3050","0.3306","5.9994"
"50.3250","0.3306","5.9994"
"50.3450","0.3306","5.9994"
"50.3650","0.3306","5.9994"
"50.3850","0.3306","5.9994"
"50.4050","0.3307","5.9995"
"50.4250","0.3307","5.9995"
"50.4450","0.3307","5.9994"
"50.4650","0.3307","5.9994"
"50.4850","0.3307","5.9994"
"50.5050","0.3307","5.9994"
"50.5250","0.3307","5.9995"
"50.5450","0.3307","5.9995"
"50.5650","0.3307","5.9995"
"50.5850","0.3307","5.9994"
"50.6050","0.3307","5.9994"
"50.6250","0.3307","5.9994"
"50.6450","0.3307","5.9995"
"50.6650","0.3307","5.9995"
"50.6850","0.3307","5.9994"
"50.7050","0.3307","5.9995"
"50.7250","0.3307","5.9995"
"50.7450","0.3307","5.9994"
"50.7650","0.3307","5.9995"
"50.7850","0.3307","5.9995"
"50.8050","0.3307","5.9994"
"50.8250","0.3307","5.9994"
"50.8450","0.3307","5.9994"
"50.8650","0.3307","5.9995"
"50.8850","0.3308","5.9995"
"50.9050","0.3308","5.9995"
"50.9250","0.3308","5.9994"
"50.9450","0.3308","5.9995"
"50.9650","0.3308","5.9996"
"50.9850","0.3308","5.9996"
"51.0050","0.3308","5.9995"
"51.0250","0.3308","5.9995"
"51.0450","0.3308","5.9995"
"51.0650","0.3308","5.9995"
"51.0850","0.3308","5.9996"
"51.1050","0.3308","5.9996"
"51.1250","0.3308","5.9995"
"51.1450","0.3308","5.9996"
"51.1650","0.3308","5.9995"
"51.1850","0.3308","5.9996"
"51.2050","0.3308","5.9995"
"51.2250","0.3308","5.9995"
"51.2450","0.3308","5.9996"
"51.2650","0.3308","5.9995"
"51.2850","0.3308","5.9995"
"51.3050","0.3308","5.9995"
"51.3250","0.3308","5.9995"
"51.3450","0.3308","5.9996"
"51.3650","0.3309","5.9996"
"51.3850","0.3309","5.9996"
"51.4050","0.3309","5.9995"
"51.4250","0.3309","5.9995"
"51.4450","0.3309","5.9996"
"51.4650","0.3309","5.9996"
"51.4850","0.3309","5.9996"
"51.5050","0.3309","5.9996"
"51.5250","0.3309","5.9996"
"51.5450","0.3309","5.9996"
"51.5650","0.3309","5.9996"
"51.5850","0.3309","5.9996"
"51.6050","0.3309","5.9996"
"51.6250","0.3309","5.9996"
"51.6450","0.3309","5.9996"
"51.6650","0.3309","5.9996"
"51.6850","0.3309","5.9996"
"51.7050","0.3309","5.9996"
"51.7250","0.3309","5.9996"
"51.7450","0.3309","5.9997"
"51.7650","0.3309","5.9996"
"51.7850","0.3309","5.9996"
"51.8050","0.3309","5.9996"
"51.8250","0.3309","5.9997"
"51.8450","0.3309","5.9996"
"51.8650","0.3310","5.9996"
"51.8850","0.3310","5.9996"
"51.9050","0.3310","5.9996"
"51.9250","0.3310","5.9996"
"51.9450","0.3310","5.9997"
"51.9650","0.3310","5.9996"
"51.9850","0.3310","5.9996"
"52.0050","0.3310","5.9996"
"52.0250","0.3310","5.9997"
"52.0450","0.3310","5.9997"
"52.0650","0.3310","5.9996"
"52.0850","0.3310","5.9997"
"52.1050","0.3310","5.9996"
"52.1250","0.3310","5.9996"
"52.1450","0.3310","5.9997"
"52.1650","0.3310","5.9997"
"52.1850","0.3310","5.9997"
"52.2050","0.3310","5.9996"
"52.2250","0.3310","5.9996"
"52.2450","0.3310","5.9997"
"52.2650","0.3310","5.9997"
"52.2850","0.3310","5.9997"
"52.3050","0.3310","5.9996"
"52.3250","0.3310","5.9997"
"52.3450","0.3310","5.9997"
"52.3650","0.3311","5.9997"
"52.3850","0.3311","5.9997"
"52.4050","0.3311","5.9997"
"52.4250","0.3311","5.9997"
"52.4450","0.3311","5.9996"
"52.4650","0.3311","5.9997"
"52.4850","0.3311","5.9997"
"52.5050","0.3311","5.9997"
"52.5250","0.3311","5.9997"
"52.5450","0.3311","5.9996"
"52.5650","0.3311","5.9997"
"52.5850","0.3311","5.9996"
"52.6050","0.3311","5.9997"
"52.6250","0.3311","5.9997"
"52.6450","0.3311","5.9997"
"52.6650","0.3311","5.9998"
"52.6850","0.3311","5.9998"
"52.7050","0.3311","5.9998"
"52.7250","0.3311","5.9998"
"52.7450","0.3311","5.9998"
"52.7650","0.3311","5.9997"
"52.7850","0.3311","5.9997"
"52.8050","0.3311","5.9997"
"52.8250","0.3311","5.9997"
"52.8450","0.3311","5.9997"
"52.8650","0.3312","5.9998"
"52.8850","0.3312","5.9997"
"52.9050","0.3312","5.9997"
"52.9250","0.3312","5.9998"
"52.9450","0.3312","5.9997"
"52.9650","0.3312","5.9998"
"52.9850","0.3312","5.9998"
"53.0050","0.3312","5.9998"
"53.0250","0.3312","5.9998"
"53.0450","0.3312","5.9998"
"53.0650","0.3312","5.9998"
"53.0850","0.3312","5.9997"
"53.1050","0.3312","5.9997"
"53.1250","0.3312","5.9997"
"53.1450","0.3312","5.9996"
"53.1650","0.3312","5.9997"
"53.1850","0.3312","5.9999"
"53.2050","0.3312","5.9998"
"53.2250","0.3312","5.9998"
"53.2450","0.3312","5.9998"
"53.2650","0.3312","5.9998"
"53.2850","0.3312","5.9998"
"53.3050","0.3312","5.9999"
"53.3250","0.3312","5.9999"
"53.3450","0.3312","5.9999"
"53.3650","0.3312","5.9998"
"53.3850","0.3313","5.9998"
"53.4050","0.3313","5.9998"
"53.4250","0.3313","5.9998"
"53.4450","0.3313","5.9998"
"53.4650","0.3313","5.9998"
"53.4850","0.3313","5.9999"
"53.5050","0.3313","5.9999"
"53.5250","0.3313","5.9998"
"53.5450","0.3313","5.9998"
"53.5650","0.3313","5.9998"
"53.5850","0.3313","5.9998"
"53.6050","0.3313","5.9997"
"53.6250","0.3313","5.9998"
"53.6450","0.3313","5.9998"
"53.6650","0.3313","5.9999"
"53.6850","0.3313","5.9999"
"53.7050","0.3313","5.9999"
"53.7250","0.3313","5.9999"
"53.7450","0.3313","5.9999"
"53.7650","0.3313","5.9999"
"53.7850","0.3313","5.9999"
"53.8050","0.3313","5.9999"
"53.8250","0.3313","5.9999"
"53.8450","0.3313","5.9998"
"53.8650","0.3313","5.9999"
"53.8850","0.3313","5.9999"
"53.9050","0.3314","5.9999"
"53.9250","0.3314","5.9998"
"53.9450","0.3314","5.9999"
"53.9650","0.3314","5.9999"
"53.9850","0.3314","6.0000"
"54.0050","0.3314","6.0000"
"54.0250","0.3314","6.0000"
"54.0450","0.3314","6.0000"
"54.0650","0.3314","6.0000"
"54.0850","0.3314","5.9999"
"54.1050","0.3314","5.9999"
"54.1250","0.3314","5.9999"
"54.1450","0.3314","5.9999"
"54.1650","0.3314","6.0000"
"54.1850","0.3314","5.9999"
"54.2050","0.3314","5.9999"
"54.2250","0.3314","5.9999"
"54.2450","0.3314","5.9999"
"54.2650","0.3314","5.9999"
"54.2850","0.3314","5.9999"
"54.3050","0.3314","5.9999"
"54.3250","0.3314","5.9999"
"54.3450","0.3314","5.9999"
"54.3650","0.3314","5.9999"
"54.3850","0.3314","6.0000"
"54.4050","0.3314","6.0000"
"54.4250","0.3314","6.0000"
"54.4450","0.3315","6.0000"
"54.4650","0.3315","6.0000"
"54.4850","0.3315","6.0000"
"54.5050","0.3315","6.0000"
"54.5250","0.3315","6.0000"
"54.5450","0.3315","6.0000"
"54.5650","0.3315","6.0001"
"54.5850","0.3315","6.0001"
"54.6050","0.3315","6.0001"
"54.6250","0.3315","6.0000"
"54.6450","0.3315","6.0000"
"54.6650","0.3315","5.9999"
"54.6850","0.3315","5.9999"
"54.7050","0.3315","6.0000"
"54.7250","0.3315","6.0001"
"54.7450","0.3315","6.0000"
"54.7650","0.3315","6.0000"
"54.7850","0.3315","6.0000"
"54.8050","0.3315","6.0000"
"54.8250","0.3315","6.0000"
"54.8450","0.3315","6.0001"
"54.8650","0.3315","6.0000"
"54.8850","0.3315","6.0000"
"54.9050","0.3315","6.0000"
"54.9250","0.3315","6.0000"
"54.9450","0.3315","6.0000"
"54.9650","0.3315","6.0000"
"54.9850","0.3316","6.0000"
"55.0050","0.3316","5.9999"
"55.0250","0.3316","5.9999"
"55.0450","0.3316","6.0000"
"55.0650","0.3316","6.0000"
"55.0850","0.3316","6.0000"
"55.1050","0.3316","6.0000"
"55.1250","0.3316","6.0000"
"55.1450","0.3316","6.0001"
"55.1650","0.3316","6.0001"
"55.1850","0.3316","6.0000"
"55.2050","0.3316","6.0000"
"55.2250","0.3316","6.0000"
"55.2450","0.3316","6.0000"
"55.2650","0.3316","5.9999"
"55.2850","0.3316","6.0000"
"55.3050","0.3316","6.0000"
"55.3250","0.3316","6.0000"
"55.3450","0.3316","6.0000"
"55.3650","0.3316","6.0000"
"55.3850","0.3316","6.0000"
"55.4050","0.3316","6.0000"
"55.4250","0.3316","6.0001"
"55.4450","0.3316","6.0001"
"55.4650","0.3316","6.0001"
"55.4850","0.3316","6.0001"
"55.5050","0.3316","6.0001"
"55.5250","0.3316","6.0001"
"55.5450","0.3317","6.0001"
"55.5650","0.3317","6.0001"
"55.5850","0.3317","6.0000"
"55.6050","0.3317","6.0000"
"55.6250","0.3317","6.0001"
"55.6450","0.3317","6.0000"
"55.6650","0.3317","6.0000"
"55.6850","0.3317","6.0001"
"55.7050","0.3317","6.0001"
"55.7250","0.3317","6.0001"
"55.7450","0.3317","6.0001"
"55.7650","0.3317","6.0001"
"55.7850","0.3317","6.0001"
"55.8050","0.3317","6.0001"
"55.8250","0.3317","6.0001"
"55.8450","0.3317","6.0001"
"55.8650","0.3317","6.0001"
"55.8850","0.3317","6.0001"
"55.9050","0.3317","6.0001"
"55.9250","0.3317","6.0002"
"55.9450","0.3317","6.0002"
"55.9650","0.3317","6.0001"
"55.9850","0.3317","6.0001"
"56.0050","0.3317","6.0001"
"56.0250","0.3317","6.0001"
"56.0450","0.3317","6.0001"
"56.0650","0.3317","6.0001"
"56.0850","0.3317","6.0001"
"56.1050","0.3317","6.0001"
"56.1250","0.3318","6.0001"
"56.1450","0.3318","6.0001"
"56.1650","0.3318","6.0001"
"56.1850","0.3318","6.0001"
"56.2050","0.3318","6.0001"
"56.2250","0.3318","6.0001"
"56.2450","0.3318","6.0001"
"56.2650","0.3318","6.0001"
"56.2850","0.3318","6.0001"
"56.3050","0.3318","6.0001"
"56.3250","0.3318","6.0001"
"56.3450","0.3318","6.0002"
"56.3650","0.3318","6.0001"
"56.3850","0.3318","6.0001"
"56.4050","0.3318","6.0001"
"56.4250","0.3318","6.0001"
"56.4450","0.3318","6.0001"
"56.4650","0.3318","6.0002"
"56.4850","0.3318","6.0002"
"56.5050","0.3318","6.0002"
"56.5250","0.3318","6.0001"
"56.5450","0.3318","6.0001"
"56.5650","0.3318","6.0001"
"56.5850","0.3318","6.0001"
"56.6050","0.3318","6.0001"
"56.6250","0.3318","6.0002"
"56.6450","0.3318","6.0003"
"56.6650","0.3318","6.0002"
"56.6850","0.3318","6.0001"
"56.7050","0.3319","6.0001"
"56.7250","0.3319","6.0001"
"56.7450","0.3319","6.0002"
"56.7650","0.3319","6.0002"
"56.7850","0.3319","6.0002"
"56.8050","0.3319","6.0001"
"56.8250","0.3319","6.0002"
"56.8450","0.3319","6.0001"
"56.8650","0.3319","6.0002"
"56.8850","0.3319","6.0002"
"56.9050","0.3319","6.0003"
"56.9250","0.3319","6.0003"
"56.9450","0.3319","6.0002"
"56.9650","0.3319","6.0002"
"56.9850","0.3319","6.0002"
"57.0050","0.3319","6.0001"
"57.0250","0.3319","6.0002"
"57.0450","0.3319","6.0001"
"57.0650","0.3319","6.0001"
"57.0850","0.3319","6.0001"
"57.1050","0.3319","6.0002"
"57.1250","0.3319","6.0003"
"57.1450","0.3319","6.0002"
"57.1650","0.3319","6.0002"
"57.1850","0.3319","6.0002"
"57.2050","0.3319","6.0003"
"57.2250","0.3319","6.0002"
"57.2450","0.3319","6.0002"
"57.2650","0.3320","6.0002"
"57.2850","0.3320","6.0002"
"57.3050","0.3320","6.0001"
"57.3250","0.3320","6.0001"
"57.3450","0.3320","6.0002"
"57.3650","0.3320","6.0001"
"57.3850","0.3320","6.0001"
"57.4050","0.3320","6.0001"
"57.4250","0.3320","6.0002"
"57.4450","0.3320","6.0003"
"57.4650","0.3320","6.0003"
"57.4850","0.3320","6.0003"
"57.5050","0.3320","6.0002"
"57.5250","0.3320","6.0002"
"57.5450","0.3320","6.0002"
"57.5650","0.3320","6.0002"
"57.5850","0.3320","6.0002"
"57.6050","0.3320","6.0002"
"57.6250","0.3320","6.0002"
"57.6450","0.3320","6.0002"
"57.6650","0.3320","6.0002"
"57.6850","0.3320","6.0001"
"57.7050","0.3320","6.0001"
"57.7250","0.3320","6.0001"
"57.7450","0.3320","6.0001"
"57.7650","0.3320","6.0002"
"57.7850","0.3320","6.0002"
"57.8050","0.3320","6.0002"
"57.8250","0.3320","6.0002"
"57.8450","0.3320","6.0002"
"57.8650","0.3320","6.0001"
"57.8850","0.3321","6.0001"
"57.9050","0.3321","6.0002"
"57.9250","0.3321","6.0002"
"57.9450","0.3321","6.0003"
"57.9650","0.3321","6.0003"
"57.9850","0.3321","6.0002"
"58.0050","0.3321","6.0002"
"58.0250","0.3321","6.0001"
"58.0450","0.3321","6.0002"
"58.0650","0.3321","6.0003"
"58.0850","0.3321","6.0002"
"58.1050","0.3321","6.0001"
"58.1250","0.3321","6.0001"
"58.1450","0.3321","6.0001"
"58.1650","0.3321","6.0002"
"58.1850","0.3321","6.0001"
"58.2050","0.3321","6.0002"
"58.2250","0.3321","6.0001"
"58.2450","0.3321","6.0002"
"58.2650","0.3321","6.0002"
"58.2850","0.3321","6.0002"
"58.3050","0.3321","6.0001"
"58.3250","0.3321","6.0001"
"58.3450","0.3321","6.0002"
"58.3650","0.3321","6.0002"
"58.3850","0.3321","6.0002"
"58.4050","0.3321","6.0001"
"58.4250","0.3321","6.0001"
"58.4450","0.3321","6.0002"
"58.4650","0.3321","6.0002"
"58.4850","0.3321","6.0001"
"58.5050","0.3322","6.0001"
"58.5250","0.3322","6.0001"
"58.5450","0.3322","6.0002"
"58.5650","0.3322","6.0003"
"58.5850","0.3322","6.0002"
"58.6050","0.3322","6.0002"
"58.6250","0.3322","6.0002"
"58.6450","0.3322","6.0002"
"58.6650","0.3322","6.0002"
"58.6850","0.3322","6.0002"
"58.7050","0.3322","6.0002"
"58.7250","0.3322","6.0001"
"58.7450","0.3322","6.0001"
"58.7650","0.3322","6.0002"
"58.7850","0.3322","6.0002"
"58.8050","0.3322","6.0002"
"58.8250","0.3322","6.0001"
"58.8450","0.3322","6.0002"
"58.8650","0.3322","6.0002"
"58.8850","0.3322","6.0001"
"58.9050","0.3322","6.0002"
"58.9250","0.3322","6.0002"
"58.9450","0.3322","6.0002"
"58.9650","0.3322","6.0001"
"58.9850","0.3322","6.0001"
"59.0050","0.3322","6.0001"
"59.0250","0.3322","6.0002"
"59.0450","0.3322","6.0002"
"59.0650","0.3322","6.0001"
"59.0850","0.3322","6.0002"
"59.1050","0.3322","6.0001"
"59.1250","0.3323","6.0001"
"59.1450","0.3323","6.0001"
"59.1650","0.3323","6.0002"
"59.1850","0.3323","6.0002"
"59.2050","0.3323","6.0001"
"59.2250","0.3323","6.0001"
"59.2450","0.3323","6.0001"
"59.2650","0.3323","6.0002"
"59.2850","0.3323","6.0002"
"59.3050","0.3323","6.0002"
"59.3250","0.3323","6.0002"
"59.3450","0.3323","6.0002"
"59.3650","0.3323","6.0002"
"59.3850","0.3323","6.0002"
"59.4050","0.3323","6.0002"
"59.4250","0.3323","6.0001"
"59.4450","0.3323","6.0002"
"59.4650","0.3323","6.0001"
"59.4850","0.3323","6.0001"
"59.5050","0.3323","6.0001"
"59.5250","0.3323","6.0002"
"59.5450","0.3323","6.0002"
"59.5650","0.3323","6.0001"
"59.5850","0.3323","6.0001"
"59.6050","0.3323","6.0002"
"59.6250","0.3323","6.0002"
"59.6450","0.3323","6.0001"
"59.6650","0.3323","6.0002"
"59.6850","0.3323","6.0002"
"59.7050","0.3323","6.0001"
"59.7250","0.3323","6.0002"
"59.7450","0.3323","6.0002"
"59.7650","0.3324","6.0002"
"59.7850","0.3324","6.0002"
"59.8050","0.3324","6.0002"
"59.8250","0.3324","6.0003"
"59.8450","0.3324","6.0002"
"59.8650","0.3324","6.0002"
"59.8850","0.3324","6.0002"
"59.9050","0.3324","6.0001"
"59.9250","0.3324","6.0002"
"59.9450","0.3324","6.0002"
"59.9650","0.3324","6.0002"
"59.9850","0.3324","6.0002"
"60.0050","0.3324","6.0002"
"60.0250","0.3324","6.0001"
"60.0450","0.3324","6.0001"
"60.0650","0.3324","6.0002"
"60.0850","0.3324","6.0001"
"60.1050","0.3324","6.0002"
"60.1250","0.3324","6.0002"
"60.1450","0.3324","6.0001"
"60.1650","0.3324","6.0001"
"60.1850","0.3324","6.0002"
"60.2050","0.3324","6.0002"
"60.2250","0.3324","6.0002"
"60.2450","0.3324","6.0002"
"60.2650","0.3324","6.0002"
"60.2850","0.3324","6.0001"
"60.3050","0.3324","6.0001"
"60.3250","0.3324","6.0001"
"60.3450","0.3324","6.0001"
"60.3650","0.3324","6.0001"
"60.3850","0.3324","6.0001"
"60.4050","0.3324","6.0003"
"60.4250","0.3325","6.0003"
"60.4450","0.3325","6.0002"
"60.4650","0.3325","6.0002"
"60.4850","0.3325","6.0001"
"60.5050","0.3325","6.0002"
"60.5250","0.3325","6.0002"
"60.5450","0.3325","6.0002"
"60.5650","0.3325","6.0002"
"60.5850","0.3325","6.0002"
"60.6050","0.3325","6.0002"
"60.6250","0.3325","6.0002"
"60.6450","0.3325","6.0002"
"60.6650","0.3325","6.0001"
"60.6850","0.3325","6.0001"
"60.7050","0.3325","6.0001"
"60.7250","0.3325","6.0001"
"60.7450","0.3325","6.0001"
"60.7650","0.3325","6.0001"
"60.7850","0.3325","6.0002"
"60.8050","0.3325","6.0001"
"60.8250","0.3325","6.0001"
"60.8450","0.3325","6.0001"
"60.8650","0.3325","6.0001"
"60.8850","0.3325","6.0001"
"60.9050","0.3325","6.0002"
"60.9250","0.3325","6.0002"
"60.9450","0.3325","6.0002"
"60.9650","0.3325","6.0002"
"60.9850","0.3325","6.0002"
"61.0050","0.3325","6.0002"
"61.0250","0.3325","6.0001"
"61.0450","0.3325","6.0001"
"61.0650","0.3325","6.0001"
"61.0850","0.3325","6.0001"
"61.1050","0.3326","6.0001"
"61.1250","0.3326","6.0002"
"61.1450","0.3326","6.0001"
"61.1650","0.3326","6.0001"
"61.1850","0.3326","6.0001"
"61.2050","0.3326","6.0002"
"61.2250","0.3326","6.0003"
"61.2450","0.3326","6.0003"
"61.2650","0.3326","6.0002"
"61.2850","0.3326","6.0002"
"61.3050","0.3326","6.0001"
"61.3250","0.3326","6.0001"
"61.3450","0.3326","6.0001"
"61.3650","0.3326","6.0002"
"61.3850","0.3326","6.0002"
"61.4050","0.3326","6.0001"
"61.4250","0.3326","6.0001"
"61.4450","0.3326","6.0002"
"61.4650","0.3326","6.0002"
"61.4850","0.3326","6.0001"
"61.5050","0.3326","6.0001"
"61.5250","0.3326","6.0001"
"61.5450","0.3326","6.0001"
"61.5650","0.3326","6.0002"
"61.5850","0.3326","6.0002"
"61.6050","0.3326","6.0002"
"61.6250","0.3326","6.0001"
"61.6450","0.3326","6.0001"
"61.6650","0.3326","6.0001"
"61.6850","0.3326","6.0001"
"61.7050","0.3326","6.0001"
"61.7250","0.3326","6.0001"
"61.7450","0.3326","6.0001"
"61.7650","0.3327","6.0001"
"61.7850","0.3327","6.0002"
"61.8050","0.3327","6.0001"
"61.8250","0.3327","6.0001"
"61.8450","0.3327","6.0001"
"61.8650","0.3327","6.0002"
"61.8850","0.3327","6.0002"
"61.9050","0.3327","6.0002"
"61.9250","0.3327","6.0001"
"61.9450","0.3327","6.0001"
"61.9650","0.3327","6.0001"
"61.9850","0.3327","6.0000"
"62.0050","0.3327","6.0000"
"62.0250","0.3327","6.0001"
"62.0450","0.3327","6.0000"
"62.0650","0.3327","6.0001"
"62.0850","0.3327","6.0001"
"62.1050","0.3327","6.0001"
"62.1250","0.3327","6.0000"
"62.1450","0.3327","6.0001"
"62.1650","0.3327","6.0002"
"62.1850","0.3327","6.0001"
"62.2050","0.3327","6.0000"
"62.2250","0.3327","6.0001"
"62.2450","0.3327","6.0001"
"62.2650","0.3327","6.0001"
"62.2850","0.3327","6.0001"
"62.3050","0.3327","6.0001"
"62.3250","0.3327","6.0001"
"62.3450","0.3327","6.0000"
"62.3650","0.3327","6.0000"
"62.3850","0.3327","6.0000"
"62.4050","0.3327","6.0001"
"62.4250","0.3327","6.0000"
"62.4450","0.3327","6.0000"
"62.4650","0.3328","6.0000"
"62.4850","0.3328","6.0001"
"62.5050","0.3328","6.0001"
"62.5250","0.3328","6.0001"
"62.5450","0.3328","6.0001"
"62.5650","0.3328","6.0001"
"62.5850","0.3328","6.0001"
"62.6050","0.3328","6.0000"
"62.6250","0.3328","6.0000"
"62.6450","0.3328","6.0001"
"62.6650","0.3328","6.0001"
"62.6850","0.3328","6.0001"
"62.7050","0.3328","6.0000"
"62.7250","0.3328","6.0000"
"62.7450","0.3328","6.0000"
"62.7650","0.3328","6.0001"
"62.7850","0.3328","6.0000"
"62.8050","0.3328","6.0000"
"62.8250","0.3328","6.0000"
"62.8450","0.3328","6.0001"
"62.8650","0.3328","6.0002"
"62.8850","0.3328","6.0001"
"62.9050","0.3328","6.0001"
"62.9250","0.3328","6.0000"
"62.9450","0.3328","6.0000"
"62.9650","0.3328","6.0001"
"62.9850","0.3328","6.0001"
"63.0050","0.3328","6.0000"
"63.0250","0.3328","6.0001"
"63.0450","0.3328","6.0001"
"63.0650","0.3328","6.0001"
"63.0850","0.3328","6.0000"
"63.1050","0.3328","6.0000"
"63.1250","0.3328","6.0000"
"63.1450","0.3329","6.0000"
"63.1650","0.3329","6.0001"
"63.1850","0.3329","6.0000"
"63.2050","0.3329","6.0000"
"63.2250","0.3329","6.0000"
"63.2450","0.3329","6.0000"
"63.2650","0.3329","6.0000"
"63.2850","0.3329","6.0001"
"63.3050","0.3329","6.0001"
"63.3250","0.3329","6.0001"
"63.3450","0.3329","6.0001"
"63.3650","0.3329","6.0001"
"63.3850","0.3329","6.0001"
"63.4050","0.3329","6.0001"
"63.4250","0.3329","6.0001"
"63.4450","0.3329","6.0001"
"63.4650","0.3329","6.0001"
"63.4850","0.3329","6.0001"
"63.5050","0.3329","6.0000"
"63.5250","0.3329","6.0001"
"63.5450","0.3329","6.0001"
"63.5650","0.3329","6.0001"
"63.5850","0.3329","6.0000"
"63.6050","0.3329","6.0000"
"63.6250","0.3329","6.0000"
"63.6450","0.3329","6.0000"
"63.6650","0.3329","6.0000"
"63.6850","0.3329","6.0000"
"63.7050","0.3329","6.0000"
"63.7250","0.3329","6.0000"
"63.7450","0.3329","6.0000"
"63.7650","0.3329","6.0000"
"63.7850","0.3329","6.0001"
"63.8050","0.3329","6.0000"
"63.8250","0.3329","6.0000"
"63.8450","0.3329","6.0001"
"63.8650","0.3330","6.0000"
"63.8850","0.3330","6.0001"
"63.9050","0.3330","6.0000"
"63.9250","0.3330","6.0000"
"63.9450","0.3330","6.0000"
"63.9650","0.3330","6.0000"
"63.9850","0.3330","5.9999"
"64.0050","0.3330","5.9999"
"64.0250","0.3330","6.0000"
"64.0450","0.3330","6.0000"
"64.0650","0.3330","5.9999"
"64.0850","0.3330","5.9999"
"64.1050","0.3330","5.9999"
"64.1250","0.3330","5.9999"
"64.1450","0.3330","6.0000"
"64.1650","0.3330","6.0000"
"64.1850","0.3330","5.9999"
"64.2050","0.3330","6.0000"
"64.2250","0.3330","6.0000"
"64.2450","0.3330","6.0000"
"64.2650","0.3330","6.0000"
"64.2850","0.3330","6.0000"
"64.3050","0.3330","6.0000"
"64.3250","0.3330","6.0000"
"64.3450","0.3330","6.0000"
"64.3650","0.3330","6.0000"
"64.3850","0.3330","6.0000"
"64.4050","0.3330","6.0000"
"64.4250","0.3330","5.9999"
"64.4450","0.3330","5.9999"
"64.4650","0.3330","6.0000"
"64.4850","0.3330","6.0000"
"64.5050","0.3330","6.0000"
"64.5250","0.3330","6.0000"
"64.5450","0.3330","5.9999"
"64.5650","0.3330","5.9999"
"64.5850","0.3330","5.9999"
"64.6050","0.3331","5.9999"
"64.6250","0.3331","5.9999"
"64.6450","0.3331","6.0000"
"64.6650","0.3331","6.0000"
"64.6850","0.3331","6.0000"
"64.7050","0.3331","6.0000"
"64.7250","0.3331","6.0000"
"64.7450","0.3331","6.0000"
"64.7650","0.3331","6.0000"
"64.7850","0.3331","6.0000"
"64.8050","0.3331","5.9999"
"64.8250","0.3331","5.9999"
"64.8450","0.3331","5.9999"
"64.8650","0.3331","5.9999"
"64.8850","0.3331","5.9999"
"64.9050","0.3331","5.9998"
"64.9250","0.3331","5.9999"
"64.9450","0.3331","6.0000"
"64.9650","0.3331","5.9999"
"64.9850","0.3331","6.0000"
"65.0050","0.3331","5.9999"
"65.0250","0.3331","5.9999"
"65.0450","0.3331","5.9999"
"65.0650","0.3331","6.0000"
"65.0850","0.3331","5.9999"
"65.1050","0.3331","5.9999"
"65.1250","0.3331","5.9998"
"65.1450","0.3331","5.9998"
"65.1650","0.3331","5.9999"
"65.1850","0.3331","5.9999"
"65.2050","0.3331","6.0000"
"65.2250","0.3331","6.0000"
"65.2450","0.3331","5.9999"
"65.2650","0.3331","5.9999"
"65.2850","0.3331","5.9999"
"65.3050","0.3331","5.9998"
"65.3250","0.3331","5.9998"
"65.3450","0.3332","5.9998"
"65.3650","0.3332","5.9998"
"65.3850","0.3332","5.9999"
"65.4050","0.3332","5.9999"
"65.4250","0.3332","5.9999"
"65.4450","0.3332","5.9998"
"65.4650","0.3332","5.9998"
"65.4850","0.3332","5.9998"
"65.5050","0.3332","6.0000"
"65.5250","0.3332","6.0000"
"65.5450","0.3332","5.9999"
"65.5650","0.3332","5.9999"
"65.5850","0.3332","5.9999"
"65.6050","0.3332","5.9999"
"65.6250","0.3332","5.9998"
"65.6450","0.3332","5.9999"
"65.6650","0.3332","5.9999"
"65.6850","0.3332","5.9998"
"65.7050","0.3332","5.9999"
"65.7250","0.3332","5.9998"
"65.7450","0.3332","5.9998"
"65.7650","0.3332","5.9998"
"65.7850","0.3332","5.9998"
"65.8050","0.3332","5.9999"
"65.8250","0.3332","5.9998"
"65.8450","0.3332","5.9998"
"65.8650","0.3332","5.9999"
"65.8850","0.3332","5.9999"
"65.9050","0.3332","5.9999"
"65.9250","0.3332","5.9999"
"65.9450","0.3332","6.0000"
"65.9650","0.3332","6.0000"
"65.9850","0.3332","5.9999"
"66.0050","0.3332","5.9999"
"66.0250","0.3332","5.9999"
"66.0450","0.3332","5.9999"
"66.0650","0.3332","5.9999"
"66.0850","0.3332","5.9999"
"66.1050","0.3332","5.9998"
"66.1250","0.3332","5.9999"
"66.1450","0.3333","5.9999"
"66.1650","0.3333","5.9998"
"66.1850","0.3333","5.9998"
"66.2050","0.3333","5.9998"
"66.2250","0.3333","5.9999"
"66.2450","0.3333","5.9998"
"66.2650","0.3333","5.9998"
"66.2850","0.3333","5.9998"
"66.3050","0.3333","5.9998"
"66.3250","0.3333","5.9998"
"66.3450","0.3333","5.9999"
"66.3650","0.3333","5.9999"
"66.3850","0.3333","5.9999"
"66.4050","0.3333","5.9998"
"66.4250","0.3333","5.9999"
"66.4450","0.3333","5.9998"
"66.4650","0.3333","5.9999"
"66.4850","0.3333","5.9999"
"66.5050","0.3333","5.9999"
"66.5250","0.3333","5.9999"
"66.5450","0.3333","5.9999"
"66.5650","0.3333","5.9999"
"66.5850","0.3333","5.9998"
"66.6050","0.3333","5.9999"
"66.6250","0.3333","5.9999"
"66.6450","0.3333","5.9999"
"66.6650","0.3333","5.9998"
"66.6850","0.3333","5.9997"
"66.7050","0.3333","5.9998"
"66.7250","0.3333","5.9998"
"66.7450","0.3333","5.9998"
"66.7650","0.3333","5.9999"
"66.7850","0.3333","5.9999"
"66.8050","0.3333","5.9998"
"66.8250","0.3333","5.9998"
"66.8450","0.3333","5.9998"
"66.8650","0.3333","5.9998"
"66.8850","0.3333","5.9999"
"66.9050","0.3334","5.9998"
"66.9250","0.3334","5.9998"
"66.9450","0.3334","5.9998"
"66.9650","0.3334","5.9998"
"66.9850","0.3334","5.9998"
"67.0050","0.3334","5.9998"
"67.0250","0.3334","5.9999"
"67.0450","0.3334","5.9999"
"67.0650","0.3334","5.9999"
"67.0850","0.3334","5.9998"
"67.1050","0.3334","5.9998"
"67.1250","0.3334","5.9999"
"67.1450","0.3334","5.9999"
"67.1650","0.3334","5.9999"
"67.1850","0.3334","5.9998"
"67.2050","0.3334","5.9998"
"67.2250","0.3334","5.9997"
"67.2450","0.3334","5.9998"
"67.2650","0.3334","5.9998"
"67.2850","0.3334","5.9998"
"67.3050","0.3334","5.9997"
"67.3250","0.3334","5.9999"
"67.3450","0.3334","5.9999"
"67.3650","0.3334","5.9999"
"67.3850","0.3334","5.9999"
"67.4050","0.3334","5.9999"
"67.4250","0.3334","5.9998"
"67.4450","0.3334","5.9998"
"67.4650","0.3334","5.9999"
"67.4850","0.3334","6.0000"
"67.5050","0.3334","5.9999"
"67.5250","0.3334","5.9998"
"67.5450","0.3334","5.9998"
"67.5650","0.3334","5.9998"
"67.5850","0.3334","5.9998"
"67.6050","0.3334","5.9998"
"67.6250","0.3334","5.9998"
"67.6450","0.3334","5.9998"
"67.6650","0.3334","5.9999"
"67.6850","0.3335","5.9998"
"67.7050","0.3335","5.9998"
"67.7250","0.3335","5.9998"
"67.7450","0.3335","5.9998"
"67.7650","0.3335","5.9999"
"67.7850","0.3335","5.9999"
"67.8050","0.3335","5.9999"
"67.8250","0.3335","5.9998"
"67.8450","0.3335","5.9999"
"67.8650","0.3335","5.9998"
"67.8850","0.3335","5.9998"
"67.9050","0.3335","5.9998"
"67.9250","0.3335","5.9998"
"67.9450","0.3335","5.9998"
"67.9650","0.3335","5.9998"
"67.9850","0.3335","5.9998"
"68.0050","0.3335","5.9998"
"68.0250","0.3335","5.9999"
"68.0450","0.3335","5.9997"
"68.0650","0.3335","5.9998"
"68.0850","0.3335","5.9998"
"68.1050","0.3335","5.9998"
"68.1250","0.3335","5.9999"
"68.1450","0.3335","5.9999"
"68.1650","0.3335","5.9998"
"68.1850","0.3335","5.9998"
"68.2050","0.3335","5.9998"
"68.2250","0.3335","5.9998"
"68.2450","0.3335","5.9998"
"68.2650","0.3335","5.9998"
"68.2850","0.3335","5.9998"
"68.3050","0.3335","5.9998"
"68.3250","0.3335","5.9998"
"68.3450","0.3335","5.9998"
"68.3650","0.3335","5.9998"
"68.3850","0.3335","5.9998"
"68.4050","0.3335","5.9998"
"68.4250","0.3335","5.9998"
"68.4450","0.3335","5.9998"
"68.4650","0.3335","5.9997"
"68.4850","0.3335","5.9997"
"68.5050","0.3336","5.9998"
"68.5250","0.3336","5.9998"
"68.5450","0.3336","5.9998"
"68.5650","0.3336","5.9998"
"68.5850","0.3336","5.9998"
"68.6050","0.3336","5.9998"
"68.6250","0.3336","5.9999"
"68.6450","0.3336","5.9998"
"68.6650","0.3336","5.9998"
"68.6850","0.3336","5.9998"
"68.7050","0.3336","5.9998"
"68.7250","0.3336","5.9998"
"68.7450","0.3336","5.9997"
"68.7650","0.3336","5.9997"
"68.7850","0.3336","5.9997"
"68.8050","0.3336","5.9997"
"68.8250","0.3336","5.9997"
"68.8450","0.3336","5.9998"
"68.8650","0.3336","5.9999"
"68.8850","0.3336","5.9998"
"68.9050","0.3336","5.9998"
"68.9250","0.3336","5.9998"
"68.9450","0.3336","5.9999"
"68.9650","0.3336","5.9999"
"68.9850","0.3336","5.9997"
"69.0050","0.3336","5.9997"
"69.0250","0.3336","5.9997"
"69.0450","0.3336","5.9997"
"69.0650","0.3336","5.9997"
"69.0850","0.3336","5.9998"
"69.1050","0.3336","5.9998"
"69.1250","0.3336","5.9997"
"69.1450","0.3336","5.9998"
"69.1650","0.3336","5.9998"
"69.1850","0.3336","5.9998"
"69.2050","0.3336","5.9998"
"69.2250","0.3336","5.9999"
"69.2450","0.3336","5.9999"
"69.2650","0.3336","5.9998"
"69.2850","0.3336","5.9999"
"69.3050","0.3336","5.9998"
"69.3250","0.3337","5.9998"
"69.3450","0.3337","5.9999"
"69.3650","0.3337","5.9998"
"69.3850","0.3337","5.9997"
"69.4050","0.3337","5.9998"
"69.4250","0.3337","5.9998"
"69.4450","0.3337","5.9997"
"69.4650","0.3337","5.9997"
"69.4850","0.3337","5.9998"
"69.5050","0.3337","5.9997"
"69.5250","0.3337","5.9997"
"69.5450","0.3337","5.9997"
"69.5650","0.3337","5.9997"
"69.5850","0.3337","5.9998"
"69.6050","0.3337","5.9997"
"69.6250","0.3337","5.9998"
"69.6450","0.3337","5.9997"
"69.6650","0.3337","5.9997"
"69.6850","0.3337","5.9998"
"69.7050","0.3337","5.9998"
"69.7250","0.3337","5.9998"
"69.7450","0.3337","5.9998"
"69.7650","0.3337","5.9998"
"69.7850","0.3337","5.9998"
"69.8050","0.3337","5.9998"
"69.8250","0.3337","5.9997"
"69.8450","0.3337","5.9997"
"69.8650","0.3337","5.9997"
"69.8850","0.3337","5.9997"
"69.9050","0.3337","5.9997"
"69.9250","0.3337","5.9998"
"69.9450","0.3337","5.9997"
"69.9650","0.3337","5.9997"
"69.9850","0.3337","5.9998"
"70.0050","0.3337","5.9997"
"70.0250","0.3337","5.9997"
"70.0450","0.3337","5.9997"
"70.0650","0.3337","5.9998"
"70.0850","0.3337","5.9998"
"70.1050","0.3337","5.9998"
"70.1250","0.3337","5.9998"
"70.1450","0.3337","5.9997"
"70.1650","0.3338","5.9998"
"70.1850","0.3338","5.9998"
"70.2050","0.3338","5.9998"
"70.2250","0.3338","5.9997"
"70.2450","0.3338","5.9998"
"70.2650","0.3338","5.9998"
"70.2850","0.3338","5.9997"
"70.3050","0.3338","5.9997"
"70.3250","0.3338","5.9998"
"70.3450","0.3338","5.9998"
"70.3650","0.3338","5.9998"
"70.3850","0.3338","5.9999"
"70.4050","0.3338","5.9998"
"70.4250","0.3338","5.9997"
"70.4450","0.3338","5.9997"
"70.4650","0.3338","5.9997"
"70.4850","0.3338","5.9998"
"70.5050","0.3338","5.9997"
"70.5250","0.3338","5.9997"
"70.5450","0.3338","5.9997"
"70.5650","0.3338","5.9998"
"70.5850","0.3338","5.9998"
"70.6050","0.3338","5.9998"
"70.6250","0.3338","5.9998"
"70.6450","0.3338","5.9998"
"70.6650","0.3338","5.9998"
"70.6850","0.3338","5.9998"
"70.7050","0.3338","5.9998"
"70.7250","0.3338","5.9998"
"70.7450","0.3338","5.9998"
"70.7650","0.3338","5.9997"
"70.7850","0.3338","5.9998"
"70.8050","0.3338","5.9998"
"70.8250","0.3338","5.9998"
"70.8450","0.3338","5.9998"
"70.8650","0.3338","5.9998"
"70.8850","0.3338","5.9999"
"70.9050","0.3338","5.9998"
"70.9250","0.3338","5.9998"
"70.9450","0.3338","5.9999"
"70.9650","0.3338","5.9999"
"70.9850","0.3338","5.9999"
"71.0050","0.3339","5.9999"
"71.0250","0.3339","5.9999"
"71.0450","0.3339","5.9998"
"71.0650","0.3339","5.9998"
"71.0850","0.3339","5.9998"
"71.1050","0.3339","5.9998"
"71.1250","0.3339","5.9997"
"71.1450","0.3339","5.9997"
"71.1650","0.3339","5.9997"
"71.1850","0.3339","5.9998"
"71.2050","0.3339","5.9999"
"71.2250","0.3339","5.9999"
"71.2450","0.3339","5.9999"
"71.2650","0.3339","5.9999"
"71.2850","0.3339","5.9998"
"71.3050","0.3339","5.9999"
"71.3250","0.3339","5.9999"
"71.3450","0.3339","5.9998"
"71.3650","0.3339","5.9999"
"71.3850","0.3339","5.9999"
"71.4050","0.3339","5.9999"
"71.4250","0.3339","5.9999"
"71.4450","0.3339","5.9999"
"71.4650","0.3339","5.9998"
"71.4850","0.3339","5.9998"
"71.5050","0.3339","5.9998"
"71.5250","0.3339","5.9998"
"71.5450","0.3339","5.9999"
"71.5650","0.3339","5.9999"
"71.5850","0.3339","5.9999"
"71.6050","0.3339","5.9999"
"71.6250","0.3339","5.9999"
"71.6450","0.3339","5.9998"
"71.6650","0.3339","5.9998"
"71.6850","0.3339","5.9998"
"71.7050","0.3339","5.9999"
"71.7250","0.3339","5.9999"
"71.7450","0.3339","5.9999"
"71.7650","0.3339","5.9998"
"71.7850","0.3339","5.9998"
"71.8050","0.3339","5.9999"
"71.8250","0.3339","5.9999"
"71.8450","0.3340","5.9998"
"71.8650","0.3340","5.9998"
"71.8850","0.3340","5.9998"
"71.9050","0.3340","5.9998"
"71.9250","0.3340","5.9998"
"71.9450","0.3340","5.9998"
"71.9650","0.3340","5.9998"
"71.9850","0.3340","5.9998"
"72.0050","0.3340","5.9998"
"72.0250","0.3340","5.9998"
"72.0450","0.3340","5.9998"
"72.0650","0.3340","5.9998"
"72.0850","0.3340","5.9998"
"72.1050","0.3340","5.9998"
"72.1250","0.3340","5.9997"
"72.1450","0.3340","5.9999"
"72.1650","0.3340","5.9999"
"72.1850","0.3340","5.9999"
"72.2050","0.3340","5.9999"
"72.2250","0.3340","5.9999"
"72.2450","0.3340","5.9999"
"72.2650","0.3340","5.9999"
"72.2850","0.3340","5.9999"
"72.3050","0.3340","5.9999"
"72.3250","0.3340","5.9999"
"72.3450","0.3340","5.9998"
"72.3650","0.3340","5.9998"
"72.3850","0.3340","5.9998"
"72.4050","0.3340","5.9998"
"72.4250","0.3340","5.9999"
"72.4450","0.3340","5.9999"
"72.4650","0.3340","5.9998"
"72.4850","0.3340","5.9999"
"72.5050","0.3340","5.9999"
"72.5250","0.3340","5.9998"
"72.5450","0.3340","5.9999"
"72.5650","0.3340","5.9999"
"72.5850","0.3340","5.9999"
"72.6050","0.3340","5.9998"
"72.6250","0.3340","5.9999"
"72.6450","0.3340","5.9998"
"72.6650","0.3340","5.9998"
"72.6850","0.3340","5.9998"
"72.7050","0.3341","5.9998"
"72.7250","0.3341","5.9999"
"72.7450","0.3341","5.9999"
"72.7650","0.3341","5.9998"
"72.7850","0.3341","5.9999"
"72.8050","0.3341","5.9998"
"72.8250","0.3341","5.9999"
"72.8450","0.3341","6.0000"
"72.8650","0.3341","6.0000"
"72.8850","0.3341","6.0000"
"72.9050","0.3341","5.9999"
"72.9250","0.3341","5.9998"
"72.9450","0.3341","5.9997"
"72.9650","0.3341","5.9998"
"72.9850","0.3341","5.9998"
"73.0050","0.3341","5.9999"
"73.0250","0.3341","5.9999"
"73.0450","0.3341","5.9999"
"73.0650","0.3341","6.0000"
"73.0850","0.3341","5.9999"
"73.1050","0.3341","5.9999"
"73.1250","0.3341","5.9998"
"73.1450","0.3341","5.9998"
"73.1650","0.3341","5.9998"
"73.1850","0.3341","5.9999"
"73.2050","0.3341","5.9999"
"73.2250","0.3341","5.9999"
"73.2450","0.3341","5.9999"
"73.2650","0.3341","5.9999"
"73.2850","0.3341","5.9999"
"73.3050","0.3341","5.9999"
"73.3250","0.3341","5.9999"
"73.3450","0.3341","5.9999"
"73.3650","0.3341","5.9999"
"73.3850","0.3341","5.9998"
"73.4050","0.3341","5.9998"
"73.4250","0.3341","5.9998"
"73.4450","0.3341","5.9998"
"73.4650","0.3341","5.9998"
"73.4850","0.3341","5.9998"
"73.5050","0.3341","5.9999"
"73.5250","0.3341","5.9998"
"73.5450","0.3341","5.9998"
"73.5650","0.3341","5.9998"
"73.5850","0.3342","5.9999"
"73.6050","0.3342","5.9998"
"73.6250","0.3342","5.9998"
"73.6450","0.3342","5.9999"
"73.6650","0.3342","5.9999"
"73.6850","0.3342","5.9998"
"73.7050","0.3342","5.9998"
"73.7250","0.3342","5.9998"
"73.7450","0.3342","5.9999"
"73.7650","0.3342","6.0000"
"73.7850","0.3342","5.9999"
"73.8050","0.3342","5.9999"
"73.8250","0.3342","5.9999"
"73.8450","0.3342","5.9999"
"73.8650","0.3342","5.9999"
"73.8850","0.3342","5.9999"
"73.9050","0.3342","5.9998"
"73.9250","0.3342","5.9998"
"73.9450","0.3342","5.9998"
"73.9650","0.3342","5.9998"
"73.9850","0.3342","5.9998"
"74.0050","0.3342","5.9999"
"74.0250","0.3342","5.9998"
"74.0450","0.3342","5.9998"
"74.0650","0.3342","5.9999"
"74.0850","0.3342","5.9998"
"74.1050","0.3342","5.9999"
"74.1250","0.3342","5.9999"
"74.1450","0.3342","5.9999"
"74.1650","0.3342","5.9999"
"74.1850","0.3342","5.9998"
"74.2050","0.3342","5.9998"
"74.2250","0.3342","5.9999"
"74.2450","0.3342","5.9999"
"74.2650","0.3342","5.9999"
"74.2850","0.3342","5.9999"
"74.3050","0.3342","5.9999"
"74.3250","0.3342","6.0000"
"74.3450","0.3342","6.0000"
"74.3650","0.3342","5.9999"
"74.3850","0.3342","5.9999"
"74.4050","0.3342","5.9999"
"74.4250","0.3342","5.9999"
"74.4450","0.3342","5.9999"
"74.4650","0.3342","6.0000"
"74.4850","0.3343","5.9999"
"74.5050","0.3343","5.9998"
"74.5250","0.3343","5.9998"
"74.5450","0.3343","5.9999"
"74.5650","0.3343","5.9999"
"74.5850","0.3343","5.9999"
"74.6050","0.3343","5.9999"
"74.6250","0.3343","5.9998"
"74.6450","0.3343","5.9999"
"74.6650","0.3343","6.0000"
"74.6850","0.3343","6.0000"
"74.7050","0.3343","5.9999"
"74.7250","0.3343","5.9999"
"74.7450","0.3343","5.9999"
"74.7650","0.3343","5.9999"
"74.7850","0.3343","6.0000"
"74.8050","0.3343","6.0000"
"74.8250","0.3343","6.0000"
"74.8450","0.3343","6.0000"
"74.8650","0.3343","5.9999"
"74.8850","0.3343","5.9999"
"74.9050","0.3343","5.9999"
"74.9250","0.3343","5.9999"
"74.9450","0.3343","5.9999"
"74.9650","0.3343","5.9999"
"74.9850","0.3343","5.9999"
"75.0050","0.3343","5.9999"
"75.0250","0.3343","5.9999"
"75.0450","0.3343","6.0000"
"75.0650","0.3343","5.9999"
"75.0850","0.3343","5.9999"
"75.1050","0.3343","5.9998"
"75.1250","0.3343","5.9999"
"75.1450","0.3343","5.9999"
"75.1650","0.3343","5.9999"
"75.1850","0.3343","6.0000"
"75.2050","0.3343","6.0000"
"75.2250","0.3343","5.9999"
"75.2450","0.3343","6.0000"
"75.2650","0.3343","6.0000"
"75.2850","0.3343","6.0000"
"75.3050","0.3343","6.0000"
"75.3250","0.3343","6.0000"
"75.3450","0.3343","6.0000"
"75.3650","0.3343","6.0000"
"75.3850","0.3343","6.0000"
"75.4050","0.3343","6.0000"
"75.4250","0.3344","6.0000"
"75.4450","0.3344","5.9999"
"75.4650","0.3344","5.9999"
"75.4850","0.3344","5.9999"
"75.5050","0.3344","6.0000"
"75.5250","0.3344","5.9999"
"75.5450","0.3344","6.0000"
"75.5650","0.3344","6.0000"
"75.5850","0.3344","6.0001"
"75.6050","0.3344","6.0001"
"75.6250","0.3344","5.9999"
"75.6450","0.3344","5.9999"
"75.6650","0.3344","5.9999"
"75.6850","0.3344","6.0000"
"75.7050","0.3344","5.9999"
"75.7250","0.3344","5.9999"
"75.7450","0.3344","5.9999"
"75.7650","0.3344","6.0000"
"75.7850","0.3344","6.0000"
"75.8050","0.3344","6.0000"
"75.8250","0.3344","6.0000"
"75.8450","0.3344","6.0000"
"75.8650","0.3344","6.0000"
"75.8850","0.3344","6.0000"
"75.9050","0.3344","6.0000"
"75.9250","0.3344","5.9999"
"75.9450","0.3344","6.0000"
"75.9650","0.3344","6.0001"
"75.9850","0.3344","6.0002"
"76.0050","0.3344","6.0001"
"76.0250","0.3344","6.0001"
"76.0450","0.3344","6.0001"
"76.0650","0.3344","6.0001"
"76.0850","0.3344","6.0001"
"76.1050","0.3344","6.0000"
"76.1250","0.3344","6.0000"
"76.1450","0.3344","6.0001"
"76.1650","0.3344","6.0000"
"76.1850","0.3344","6.0000"
"76.2050","0.3344","6.0000"
"76.2250","0.3344","6.0000"
"76.2450","0.3344","6.0000"
"76.2650","0.3344","6.0000"
"76.2850","0.3344","6.0000"
"76.3050","0.3344","6.0001"
"76.3250","0.3344","6.0001"
"76.3450","0.3344","6.0000"
"76.3650","0.3345","6.0000"
"76.3850","0.3345","6.0001"
"76.4050","0.3345","6.0001"
"76.4250","0.3345","6.0001"
"76.4450","0.3345","6.0000"
"76.4650","0.3345","6.0000"
"76.4850","0.3345","6.0000"
"76.5050","0.3345","6.0000"
"76.5250","0.3345","6.0000"
"76.5450","0.3345","6.0000"
"76.5650","0.3345","6.0000"
"76.5850","0.3345","6.0000"
"76.6050","0.3345","6.0001"
"76.6250","0.3345","6.0001"
"76.6450","0.3345","6.0000"
"76.6650","0.3345","6.0000"
"76.6850","0.3345","6.0000"
"76.7050","0.3345","6.0001"
"76.7250","0.3345","6.0000"
"76.7450","0.3345","6.0000"
"76.7650","0.3345","6.0000"
"76.7850","0.3345","6.0000"
"76.8050","0.3345","6.0000"
"76.8250","0.3345","6.0000"
"76.8450","0.3345","6.0000"
"76.8650","0.3345","5.9999"
"76.8850","0.3345","6.0000"
"76.9050","0.3345","6.0001"
"76.9250","0.3345","6.0001"
"76.9450","0.3345","6.0000"
"76.9650","0.3345","6.0000"
"76.9850","0.3345","6.0000"
"77.0050","0.3345","6.0000"
"77.0250","0.3345","6.0000"
"77.0450","0.3345","6.0000"
"77.0650","0.3345","6.0001"
"77.0850","0.3345","6.0001"
"77.1050","0.3345","6.0000"
"77.1250","0.3345","6.0001"
"77.1450","0.3345","6.0001"
"77.1650","0.3345","6.0001"
"77.1850","0.3345","6.0000"
"77.2050","0.3345","6.0000"
"77.2250","0.3345","6.0001"
"77.2450","0.3345","6.0000"
"77.2650","0.3345","6.0001"
"77.2850","0.3345","6.0001"
"77.3050","0.3345","6.0000"
"77.3250","0.3346","5.9999"
"77.3450","0.3346","5.9999"
"77.3650","0.3346","6.0000"
"77.3850","0.3346","6.0000"
"77.4050","0.3346","6.0000"
"77.4250","0.3346","6.0001"
"77.4450","0.3346","6.0001"
"77.4650","0.3346","6.0000"
"77.4850","0.3346","6.0000"
"77.5050","0.3346","6.0000"
"77.5250","0.3346","6.0001"
"77.5450","0.3346","6.0001"
"77.5650","0.3346","6.0001"
"77.5850","0.3346","6.0000"
"77.6050","0.3346","6.0000"
"77.6250","0.3346","5.9999"
"77.6450","0.3346","6.0000"
"77.6650","0.3346","6.0001"
"77.6850","0.3346","6.0001"
"77.7050","0.3346","6.0001"
"77.7250","0.3346","6.0001"
"77.7450","0.3346","6.0001"
"77.7650","0.3346","6.0001"
"77.7850","0.3346","6.0001"
"77.8050","0.3346","6.0001"
"77.8250","0.3346","6.0001"
"77.8450","0.3346","6.0001"
"77.8650","0.3346","6.0000"
"77.8850","0.3346","6.0000"
"77.9050","0.3346","6.0000"
"77.9250","0.3346","6.0000"
"77.9450","0.3346","6.0000"
"77.9650","0.3346","6.0000"
"77.9850","0.3346","6.0001"
"78.0050","0.3346","6.0001"
"78.0250","0.3346","6.0000"
"78.0450","0.3346","6.0001"
"78.0650","0.3346","6.0001"
"78.0850","0.3346","6.0001"
"78.1050","0.3346","6.0000"
"78.1250","0.3346","6.0000"
"78.1450","0.3346","6.0001"
"78.1650","0.3346","6.0001"
"78.1850","0.3346","6.0001"
"78.2050","0.3346","6.0001"
"78.2250","0.3346","6.0001"
"78.2450","0.3346","6.0001"
"78.2650","0.3347","6.0001"
"78.2850","0.3347","6.0001"
"78.3050","0.3347","6.0001"
"78.3250","0.3347","6.0001"
"78.3450","0.3347","6.0001"
"78.3650","0.3347","6.0000"
"78.3850","0.3347","6.0000"
"78.4050","0.3347","6.0000"
"78.4250","0.3347","6.0000"
"78.4450","0.3347","6.0000"
"78.4650","0.3347","6.0001"
"78.4850","0.3347","6.0001"
"78.5050","0.3347","6.0000"
"78.5250","0.3347","6.0000"
"78.5450","0.3347","6.0000"
"78.5650","0.3347","6.0000"
"78.5850","0.3347","6.0001"
"78.6050","0.3347","6.0001"
"78.6250","0.3347","6.0000"
"78.6450","0.3347","6.0000"
"78.6650","0.3347","6.0001"
"78.6850","0.3347","6.0001"
"78.7050","0.3347","6.0001"
"78.7250","0.3347","6.0002"
"78.7450","0.3347","6.0002"
"78.7650","0.3347","6.0002"
"78.7850","0.3347","6.0003"
"78.8050","0.3347","6.0002"
"78.8250","0.3347","6.0002"
"78.8450","0.3347","6.0001"
"78.8650","0.3347","6.0002"
"78.8850","0.3347","6.0001"
"78.9050","0.3347","6.0002"
"78.9250","0.3347","6.0002"
"78.9450","0.3347","6.0001"
"78.9650","0.3347","6.0000"
"78.9850","0.3347","6.0000"
"79.0050","0.3347","6.0001"
"79.0250","0.3347","6.0001"
"79.0450","0.3347","6.0001"
"79.0650","0.3347","6.0001"
"79.0850","0.3347","6.0001"
"79.1050","0.3347","6.0001"
"79.1250","0.3347","6.0002"
"79.1450","0.3347","6.0001"
"79.1650","0.3347","6.0001"
"79.1850","0.3347","6.0001"
"79.2050","0.3347","6.0001"
"79.2250","0.3347","6.0001"
"79.2450","0.3348","6.0001"
"79.2650","0.3348","6.0002"
"79.2850","0.3348","6.0002"
"79.3050","0.3348","6.0002"
"79.3250","0.3348","6.0001"
"79.3450","0.3348","6.0002"
"79.3650","0.3348","6.0001"
"79.3850","0.3348","6.0001"
"79.4050","0.3348","6.0001"
"79.4250","0.3348","6.0001"
"79.4450","0.3348","6.0002"
"79.4650","0.3348","6.0001"
"79.4850","0.3348","6.0001"
"79.5050","0.3348","6.0001"
"79.5250","0.3348","6.0002"
"79.5450","0.3348","6.0002"
"79.5650","0.3348","6.0002"
"79.5850","0.3348","6.0002"
"79.6050","0.3348","6.0002"
"79.6250","0.3348","6.0001"
"79.6450","0.3348","6.0002"
"79.6650","0.3348","6.0001"
"79.6850","0.3348","6.0001"
"79.7050","0.3348","6.0001"
"79.7250","0.3348","6.0001"
"79.7450","0.3348","6.0002"
"79.7650","0.3348","6.0001"
"79.7850","0.3348","6.0001"
"79.8050","0.3348","6.0001"
"79.8250","0.3348","6.0001"
"79.8450","0.3348","6.0002"
"79.8650","0.3348","6.0003"
"79.8850","0.3348","6.0002"
"79.9050","0.3348","6.0002"
"79.9250","0.3348","6.0001"
"79.9450","0.3348","6.0002"
"79.9650","0.3348","6.0002"
"79.9850","0.3348","6.0002"
"80.0050","0.3348","6.0003"
"80.0250","0.3348","6.0002"
"80.0450","0.3348","6.0001"
"80.0650","0.3348","6.0001"
"80.0850","0.3348","6.0002"
"80.1050","0.3348","6.0002"
"80.1250","0.3348","6.0001"
"80.1450","0.3348","6.0002"
"80.1650","0.3348","6.0001"
"80.1850","0.3348","6.0002"
"80.2050","0.3348","6.0002"
"80.2250","0.3348","6.0002"
"80.2450","0.3348","6.0002"
"80.2650","0.3349","6.0002"
"80.2850","0.3349","6.0002"
"80.3050","0.3349","6.0002"
"80.3250","0.3349","6.0001"
"80.3450","0.3349","6.0002"
"80.3650","0.3349","6.0002"
"80.3850","0.3349","6.0002"
"80.4050","0.3349","6.0002"
"80.4250","0.3349","6.0002"
"80.4450","0.3349","6.0002"
"80.4650","0.3349","6.0002"
"80.4850","0.3349","6.0002"
"80.5050","0.3349","6.0002"
"80.5250","0.3349","6.0002"
"80.5450","0.3349","6.0002"
"80.5650","0.3349","6.0001"
"80.5850","0.3349","6.0002"
"80.6050","0.3349","6.0003"
"80.6250","0.3349","6.0003"
"80.6450","0.3349","6.0002"
"80.6650","0.3349","6.0003"
"80.6850","0.3349","6.0003"
"80.7050","0.3349","6.0003"
"80.7250","0.3349","6.0003"
"80.7450","0.3349","6.0003"
"80.7650","0.3349","6.0002"
"80.7850","0.3349","6.0001"
"80.8050","0.3349","6.0002"
"80.8250","0.3349","6.0003"
"80.8450","0.3349","6.0002"
"80.8650","0.3349","6.0002"
"80.8850","0.3349","6.0002"
"80.9050","0.3349","6.0001"
"80.9250","0.3349","6.0001"
"80.9450","0.3349","6.0002"
"80.9650","0.3349","6.0002"
"80.9850","0.3349","6.0003"
"81.0050","0.3349","6.0002"
"81.0250","0.3349","6.0002"
"81.0450","0.3349","6.0001"
"81.0650","0.3349","6.0002"
"81.0850","0.3349","6.0003"
"81.1050","0.3349","6.0003"
"81.1250","0.3349","6.0003"
"81.1450","0.3349","6.0002"
"81.1650","0.3349","6.0002"
"81.1850","0.3349","6.0002"
"81.2050","0.3349","6.0002"
"81.2250","0.3349","6.0003"
"81.2450","0.3349","6.0004"
"81.2650","0.3349","6.0003"
"81.2850","0.3350","6.0001"
"81.3050","0.3350","6.0002"
"81.3250","0.3350","6.0003"
"81.3450","0.3350","6.0003"
"81.3650","0.3350","6.0002"
"81.3850","0.3350","6.0002"
"81.4050","0.3350","6.0002"
"81.4250","0.3350","6.0002"
"81.4450","0.3350","6.0003"
"81.4650","0.3350","6.0003"
"81.4850","0.3350","6.0002"
"81.5050","0.3350","6.0002"
"81.5250","0.3350","6.0002"
"81.5450","0.3350","6.0003"
"81.5650","0.3350","6.0003"
"81.5850","0.3350","6.0001"
"81.6050","0.3350","6.0001"
"81.6250","0.3350","6.0001"
"81.6450","0.3350","6.0002"
"81.6650","0.3350","6.0002"
"81.6850","0.3350","6.0002"
"81.7050","0.3350","6.0002"
"81.7250","0.3350","6.0002"
"81.7450","0.3350","6.0002"
"81.7650","0.3350","6.0002"
"81.7850","0.3350","6.0002"
"81.8050","0.3350","6.0002"
"81.8250","0.3350","6.0002"
"81.8450","0.3350","6.0002"
"81.8650","0.3350","6.0002"
"81.8850","0.3350","6.0001"
"81.9050","0.3350","6.0002"
"81.9250","0.3350","6.0003"
"81.9450","0.3350","6.0003"
"81.9650","0.3350","6.0003"
"81.9850","0.3350","6.0003"
"82.0050","0.3350","6.0003"
"82.0250","0.3350","6.0003"
"82.0450","0.3350","6.0003"
"82.0650","0.3350","6.0003"
"82.0850","0.3350","6.0002"
"82.1050","0.3350","6.0000"
"82.1250","0.3350","6.0001"
"82.1450","0.3350","6.0002"
"82.1650","0.3350","6.0003"
"82.1850","0.3350","6.0003"
"82.2050","0.3350","6.0003"
"82.2250","0.3350","6.0002"
"82.2450","0.3350","6.0002"
"82.2650","0.3350","6.0002"
"82.2850","0.3350","6.0001"
"82.3050","0.3350","6.0002"
"82.3250","0.3351","6.0002"
"82.3450","0.3351","6.0002"
"82.3650","0.3351","6.0002"
"82.3850","0.3351","6.0002"
"82.4050","0.3351","6.0003"
"82.4250","0.3351","6.0003"
"82.4450","0.3351","6.0003"
"82.4650","0.3351","6.0003"
"82.4850","0.3351","6.0002"
"82.5050","0.3351","6.0002"
"82.5250","0.3351","6.0003"
"82.5450","0.3351","6.0003"
"82.5650","0.3351","6.0004"
"82.5850","0.3351","6.0003"
"82.6050","0.3351","6.0002"
"82.6250","0.3351","6.0002"
"82.6450","0.3351","6.0002"
"82.6650","0.3351","6.0002"
"82.6850","0.3351","6.0002"
"82.7050","0.3351","6.0001"
"82.7250","0.3351","6.0001"
"82.7450","0.3351","6.0002"
"82.7650","0.3351","6.0002"
"82.7850","0.3351","6.0003"
"82.8050","0.3351","6.0003"
"82.8250","0.3351","6.0002"
"82.8450","0.3351","6.0002"
"82.8650","0.3351","6.0002"
"82.8850","0.3351","6.0002"
"82.9050","0.3351","6.0001"
"82.9250","0.3351","6.0001"
"82.9450","0.3351","6.0002"
"82.9650","0.3351","6.0003"
"82.9850","0.3351","6.0002"
"83.0050","0.3351","6.0002"
"83.0250","0.3351","6.0002"
"83.0450","0.3351","6.0002"
"83.0650","0.3351","6.0002"
"83.0850","0.3351","6.0002"
"83.1050","0.3351","6.0002"
"83.1250","0.3351","6.0003"
"83.1450","0.3351","6.0003"
"83.1650","0.3351","6.0002"
"83.1850","0.3351","6.0002"
"83.2050","0.3351","6.0002"
"83.2250","0.3351","6.0001"
"83.2450","0.3351","6.0002"
"83.2650","0.3351","6.0002"
"83.2850","0.3351","6.0002"
"83.3050","0.3351","6.0002"
"83.3250","0.3351","6.0002"
"83.3450","0.3351","6.0002"
"83.3650","0.3351","6.0002"
"83.3850","0.3352","6.0002"
"83.4050","0.3352","6.0002"
"83.4250","0.3352","6.0002"
"83.4450","0.3352","6.0002"
"83.4650","0.3352","6.0002"
"83.4850","0.3352","6.0002"
"83.5050","0.3352","6.0002"
"83.5250","0.3352","6.0002"
"83.5450","0.3352","6.0003"
"83.5650","0.3352","6.0002"
"83.5850","0.3352","6.0002"
"83.6050","0.3352","6.0002"
"83.6250","0.3352","6.0002"
"83.6450","0.3352","6.0003"
"83.6650","0.3352","6.0003"
"83.6850","0.3352","6.0002"
"83.7050","0.3352","6.0002"
"83.7250","0.3352","6.0003"
"83.7450","0.3352","6.0003"
"83.7650","0.3352","6.0003"
"83.7850","0.3352","6.0003"
"83.8050","0.3352","6.0002"
"83.8250","0.3352","6.0002"
"83.8450","0.3352","6.0002"
"83.8650","0.3352","6.0002"
"83.8850","0.3352","6.0002"
"83.9050","0.3352","6.0002"
"83.9250","0.3352","6.0002"
"83.9450","0.3352","6.0001"
"83.9650","0.3352","6.0002"
"83.9850","0.3352","6.0002"
"84.0050","0.3352","6.0002"
"84.0250","0.3352","6.0002"
"84.0450","0.3352","6.0002"
"84.0650","0.3352","6.0002"
"84.0850","0.3352","6.0002"
"84.1050","0.3352","6.0003"
"84.1250","0.3352","6.0002"
"84.1450","0.3352","6.0002"
"84.1650","0.3352","6.0003"
"84.1850","0.3352","6.0002"
"84.2050","0.3352","6.0003"
"84.2250","0.3352","6.0002"
"84.2450","0.3352","6.0002"
"84.2650","0.3352","6.0003"
"84.2850","0.3352","6.0003"
"84.3050","0.3352","6.0003"
"84.3250","0.3352","6.0003"
"84.3450","0.3352","6.0003"
"84.3650","0.3352","6.0003"
"84.3850","0.3352","6.0003"
"84.4050","0.3352","6.0003"
"84.4250","0.3352","6.0002"
"84.4450","0.3353","6.0002"
"84.4650","0.3353","6.0003"
"84.4850","0.3353","6.0003"
"84.5050","0.3353","6.0003"
"84.5250","0.3353","6.0002"
"84.5450","0.3353","6.0002"
"84.5650","0.3353","6.0002"
"84.5850","0.3353","6.0002"
"84.6050","0.3353","6.0003"
"84.6250","0.3353","6.0002"
"84.6450","0.3353","6.0002"
"84.6650","0.3353","6.0002"
"84.6850","0.3353","6.0002"
"84.7050","0.3353","6.0002"
"84.7250","0.3353","6.0002"
"84.7450","0.3353","6.0002"
"84.7650","0.3353","6.0002"
"84.7850","0.3353","6.0002"
"84.8050","0.3353","6.0002"
"84.8250","0.3353","6.0002"
"84.8450","0.3353","6.0002"
"84.8650","0.3353","6.0001"
"84.8850","0.3353","6.0003"
"84.9050","0.3353","6.0003"
"84.9250","0.3353","6.0002"
"84.9450","0.3353","6.0003"
"84.9650","0.3353","6.0003"
"84.9850","0.3353","6.0002"
"85.0050","0.3353","6.0002"
"85.0250","0.3353","6.0003"
"85.0450","0.3353","6.0003"
"85.0650","0.3353","6.0003"
"85.0850","0.3353","6.0002"
"85.1050","0.3353","6.0002"
"85.1250","0.3353","6.0002"
"85.1450","0.3353","6.0003"
"85.1650","0.3353","6.0003"
"85.1850","0.3353","6.0002"
"85.2050","0.3353","6.0002"
"85.2250","0.3353","6.0002"
"85.2450","0.3353","6.0002"
"85.2650","0.3353","6.0002"
"85.2850","0.3353","6.0002"
"85.3050","0.3353","6.0002"
"85.3250","0.3353","6.0002"
"85.3450","0.3353","6.0001"
"85.3650","0.3353","6.0002"
"85.3850","0.3353","6.0002"
"85.4050","0.3353","6.0001"
"85.4250","0.3353","6.0002"
"85.4450","0.3353","6.0002"
"85.4650","0.3353","6.0003"
"85.4850","0.3353","6.0002"
"85.5050","0.3353","6.0002"
"85.5250","0.3353","6.0002"
"85.5450","0.3353","6.0003"
"85.5650","0.3354","6.0003"
"85.5850","0.3354","6.0003"
"85.6050","0.3354","6.0003"
"85.6250","0.3354","6.0002"
"85.6450","0.3354","6.0003"
"85.6650","0.3354","6.0003"
"85.6850","0.3354","6.0003"
"85.7050","0.3354","6.0002"
"85.7250","0.3354","6.0003"
"85.7450","0.3354","6.0003"
"85.7650","0.3354","6.0002"
"85.7850","0.3354","6.0002"
"85.8050","0.3354","6.0002"
"85.8250","0.3354","6.0002"
"85.8450","0.3354","6.0002"
"85.8650","0.3354","6.0002"
"85.8850","0.3354","6.0002"
"85.9050","0.3354","6.0002"
"85.9250","0.3354","6.0003"
"85.9450","0.3354","6.0004"
"85.9650","0.3354","6.0004"
"85.9850","0.3354","6.0002"
"86.0050","0.3354","6.0001"
"86.0250","0.3354","6.0002"
"86.0450","0.3354","6.0002"
"86.0650","0.3354","6.0002"
"86.0850","0.3354","6.0003"
"86.1050","0.3354","6.0002"
"86.1250","0.3354","6.0002"
"86.1450","0.3354","6.0002"
"86.1650","0.3354","6.0002"
"86.1850","0.3354","6.0002"
"86.2050","0.3354","6.0001"
"86.2250","0.3354","6.0001"
"86.2450","0.3354","6.0002"
"86.2650","0.3354","6.0002"
"86.2850","0.3354","6.0002"
"86.3050","0.3354","6.0002"
"86.3250","0.3354","6.0003"
"86.3450","0.3354","6.0002"
"86.3650","0.3354","6.0003"
"86.3850","0.3354","6.0003"
"86.4050","0.3354","6.0003"
"86.4250","0.3354","6.0002"
"86.4450","0.3354","6.0002"
"86.4650","0.3354","6.0002"
"86.4850","0.3354","6.0002"
"86.5050","0.3354","6.0002"
"86.5250","0.3354","6.0002"
"86.5450","0.3354","6.0002"
"86.5650","0.3354","6.0002"
"86.5850","0.3354","6.0002"
"86.6050","0.3354","6.0002"
"86.6250","0.3354","6.0003"
"86.6450","0.3354","6.0002"
"86.6650","0.3354","6.0002"
"86.6850","0.3354","6.0002"
"86.7050","0.3354","6.0002"
"86.7250","0.3355","6.0001"
"86.7450","0.3355","6.0002"
"86.7650","0.3355","6.0002"
"86.7850","0.3355","6.0002"
"86.8050","0.3355","6.0002"
"86.8250","0.3355","6.0002"
"86.8450","0.3355","6.0003"
"86.8650","0.3355","6.0003"
"86.8850","0.3355","6.0003"
"86.9050","0.3355","6.0002"
"86.9250","0.3355","6.0002"
"86.9450","0.3355","6.0003"
"86.9650","0.3355","6.0003"
"86.9850","0.3355","6.0002"
"87.0050","0.3355","6.0002"
"87.0250","0.3355","6.0002"
"87.0450","0.3355","6.0002"
"87.0650","0.3355","6.0002"
"87.0850","0.3355","6.0002"
"87.1050","0.3355","6.0002"
"87.1250","0.3355","6.0003"
"87.1450","0.3355","6.0003"
"87.1650","0.3355","6.0002"
"87.1850","0.3355","6.0002"
"87.2050","0.3355","6.0002"
"87.2250","0.3355","6.0002"
"87.2450","0.3355","6.0002"
"87.2650","0.3355","6.0002"
"87.2850","0.3355","6.0002"
"87.3050","0.3355","6.0002"
"87.3250","0.3355","6.0002"
"87.3450","0.3355","6.0002"
"87.3650","0.3355","6.0002"
"87.3850","0.3355","6.0002"
"87.4050","0.3355","6.0002"
"87.4250","0.3355","6.0002"
"87.4450","0.3355","6.0001"
"87.4650","0.3355","6.0002"
"87.4850","0.3355","6.0002"
"87.5050","0.3355","6.0002"
"87.5250","0.3355","6.0002"
"87.5450","0.3355","6.0002"
"87.5650","0.3355","6.0002"
"87.5850","0.3355","6.0003"
"87.6050","0.3355","6.0003"
"87.6250","0.3355","6.0003"
"87.6450","0.3355","6.0002"
"87.6650","0.3355","6.0002"
"87.6850","0.3355","6.0001"
"87.7050","0.3355","6.0002"
"87.7250","0.3355","6.0002"
"87.7450","0.3355","6.0002"
"87.7650","0.3355","6.0002"
"87.7850","0.3355","6.0002"
"87.8050","0.3355","6.0002"
"87.8250","0.3355","6.0002"
"87.8450","0.3355","6.0002"
"87.8650","0.3356","6.0003"
"87.8850","0.3356","6.0004"
"87.9050","0.3356","6.0002"
"87.9250","0.3356","6.0002"
"87.9450","0.3356","6.0002"
"87.9650","0.3356","6.0002"
"87.9850","0.3356","6.0002"
"88.0050","0.3356","6.0001"
"88.0250","0.3356","6.0002"
"88.0450","0.3356","6.0002"
"88.0650","0.3356","6.0002"
"88.0850","0.3356","6.0003"
"88.1050","0.3356","6.0002"
"88.1250","0.3356","6.0001"
"88.1450","0.3356","6.0001"
"88.1650","0.3356","6.0001"
"88.1850","0.3356","6.0001"
"88.2050","0.3356","6.0002"
"88.2250","0.3356","6.0002"
"88.2450","0.3356","6.0002"
"88.2650","0.3356","6.0001"
"88.2850","0.3356","6.0001"
"88.3050","0.3356","6.0001"
"88.3250","0.3356","6.0002"
"88.3450","0.3356","6.0001"
"88.3650","0.3356","6.0002"
"88.3850","0.3356","6.0002"
"88.4050","0.3356","6.0002"
"88.4250","0.3356","6.0002"
"88.4450","0.3356","6.0002"
"88.4650","0.3356","6.0003"
"88.4850","0.3356","6.0003"
"88.5050","0.3356","6.0002"
"88.5250","0.3356","6.0002"
"88.5450","0.3356","6.0001"
"88.5650","0.3356","6.0001"
"88.5850","0.3356","6.0002"
"88.6050","0.3356","6.0002"
"88.6250","0.3356","6.0002"
"88.6450","0.3356","6.0001"
"88.6650","0.3356","6.0002"
"88.6850","0.3356","6.0002"
"88.7050","0.3356","6.0002"
"88.7250","0.3356","6.0002"
"88.7450","0.3356","6.0002"
"88.7650","0.3356","6.0001"
"88.7850","0.3356","6.0002"
"88.8050","0.3356","6.0003"
"88.8250","0.3356","6.0003"
"88.8450","0.3356","6.0003"
"88.8650","0.3356","6.0002"
"88.8850","0.3356","6.0001"
"88.9050","0.3356","6.0002"
"88.9250","0.3356","6.0002"
"88.9450","0.3356","6.0002"
"88.9650","0.3356","6.0002"
"88.9850","0.3356","6.0002"
"89.0050","0.3356","6.0002"
"89.0250","0.3356","6.0002"
"89.0450","0.3357","6.0002"
"89.0650","0.3357","6.0002"
"89.0850","0.3357","6.0002"
"89.1050","0.3357","6.0002"
"89.1250","0.3357","6.0002"
"89.1450","0.3357","6.0001"
"89.1650","0.3357","6.0001"
"89.1850","0.3357","6.0002"
"89.2050","0.3357","6.0001"
"89.2250","0.3357","6.0001"
"89.2450","0.3357","6.0002"
"89.2650","0.3357","6.0002"
"89.2850","0.3357","6.0002"
"89.3050","0.3357","6.0002"
"89.3250","0.3357","6.0001"
"89.3450","0.3357","6.0002"
"89.3650","0.3357","6.0002"
"89.3850","0.3357","6.0002"
"89.4050","0.3357","6.0002"
"89.4250","0.3357","6.0001"
"89.4450","0.3357","6.0001"
"89.4650","0.3357","6.0001"
"89.4850","0.3357","6.0002"
"89.5050","0.3357","6.0002"
"89.5250","0.3357","6.0002"
"89.5450","0.3357","6.0002"
"89.5650","0.3357","6.0002"
"89.5850","0.3357","6.0002"
"89.6050","0.3357","6.0001"
"89.6250","0.3357","6.0002"
"89.6450","0.3357","6.0002"
"89.6650","0.3357","6.0003"
"89.6850","0.3357","6.0002"
"89.7050","0.3357","6.0002"
"89.7250","0.3357","6.0002"
"89.7450","0.3357","6.0003"
"89.7650","0.3357","6.0002"
"89.7850","0.3357","6.0002"
"89.8050","0.3357","6.0002"
"89.8250","0.3357","6.0002"
"89.8450","0.3357","6.0001"
"89.8650","0.3357","6.0002"
"89.8850","0.3357","6.0003"
"89.9050","0.3357","6.0002"
"89.9250","0.3357","6.0002"
"89.9450","0.3357","6.0002"
"89.9650","0.3357","6.0002"
"89.9850","0.3357","6.0002"
"90.0050","0.3357","6.0002"
"90.0250","0.3357","6.0001"
"90.0450","0.3357","6.0001"
"90.0650","0.3357","6.0002"
"90.0850","0.3357","6.0003"
"90.1050","0.3357","6.0002"
"90.1250","0.3357","6.0002"
"90.1450","0.3357","6.0002"
"90.1650","0.3357","6.0002"
"90.1850","0.3357","6.0002"
"90.2050","0.3357","6.0002"
"90.2250","0.3358","6.0002"
"90.2450","0.3358","6.0002"
"90.2650","0.3358","6.0002"
"90.2850","0.3358","6.0002"
"90.3050","0.3358","6.0002"
"90.3250","0.3358","6.0002"
"90.3450","0.3358","6.0002"
"90.3650","0.3358","6.0002"
"90.3850","0.3358","6.0002"
"90.4050","0.3358","6.0002"
"90.4250","0.3358","6.0002"
"90.4450","0.3358","6.0003"
"90.4650","0.3358","6.0002"
"90.4850","0.3358","6.0003"
"90.5050","0.3358","6.0002"
"90.5250","0.3358","6.0002"
"90.5450","0.3358","6.0002"
"90.5650","0.3358","6.0002"
"90.5850","0.3358","6.0002"
"90.6050","0.3358","6.0002"
"90.6250","0.3358","6.0001"
"90.6450","0.3358","6.0001"
"90.6650","0.3358","6.0001"
"90.6850","0.3358","6.0003"
"90.7050","0.3358","6.0002"
"90.7250","0.3358","6.0002"
"90.7450","0.3358","6.0002"
"90.7650","0.3358","6.0001"
"90.7850","0.3358","6.0002"
"90.8050","0.3358","6.0002"
"90.8250","0.3358","6.0001"
"90.8450","0.3358","6.0001"
"90.8650","0.3358","6.0001"
"90.8850","0.3358","6.0002"
"90.9050","0.3358","6.0002"
"90.9250","0.3358","6.0002"
"90.9450","0.3358","6.0002"
"90.9650","0.3358","6.0002"
"90.9850","0.3358","6.0002"
"91.0050","0.3358","6.0001"
"91.0250","0.3358","6.0001"
"91.0450","0.3358","6.0001"
"91.0650","0.3358","6.0001"
"91.0850","0.3358","6.0001"
"91.1050","0.3358","6.0002"
"91.1250","0.3358","6.0001"
"91.1450","0.3358","6.0001"
"91.1650","0.3358","6.0002"
"91.1850","0.3358","6.0002"
"91.2050","0.3358","6.0002"
"91.2250","0.3358","6.0002"
"91.2450","0.3358","6.0002"
"91.2650","0.3358","6.0001"
"91.2850","0.3358","6.0001"
"91.3050","0.3358","6.0002"
"91.3250","0.3358","6.0002"
"91.3450","0.3358","6.0002"
"91.3650","0.3358","6.0002"
"91.3850","0.3358","6.0002"
"91.4050","0.3358","6.0002"
"91.4250","0.3358","6.0002"
"91.4450","0.3358","6.0001"
"91.4650","0.3358","6.0002"
"91.4850","0.3359","6.0002"
"91.5050","0.3359","6.0002"
"91.5250","0.3359","6.0001"
"91.5450","0.3359","6.0001"
"91.5650","0.3359","6.0001"
"91.5850","0.3359","6.0002"
"91.6050","0.3359","6.0002"
"91.6250","0.3359","6.0002"
"91.6450","0.3359","6.0002"
"91.6650","0.3359","6.0001"
"91.6850","0.3359","6.0001"
"91.7050","0.3359","6.0002"
"91.7250","0.3359","6.0002"
"91.7450","0.3359","6.0001"
"91.7650","0.3359","6.0001"
"91.7850","0.3359","6.0002"
"91.8050","0.3359","6.0002"
"91.8250","0.3359","6.0002"
"91.8450","0.3359","6.0001"
"91.8650","0.3359","6.0001"
"91.8850","0.3359","6.0002"
"91.9050","0.3359","6.0002"
"91.9250","0.3359","6.0002"
"91.9450","0.3359","6.0001"
"91.9650","0.3359","6.0002"
"91.9850","0.3359","6.0003"
"92.0050","0.3359","6.0002"
"92.0250","0.3359","6.0002"
"92.0450","0.3359","6.0002"
"92.0650","0.3359","6.0001"
"92.0850","0.3359","6.0001"
"92.1050","0.3359","6.0000"
"92.1250","0.3359","6.0001"
"92.1450","0.3359","6.0002"
"92.1650","0.3359","6.0001"
"92.1850","0.3359","6.0001"
"92.2050","0.3359","6.0001"
"92.2250","0.3359","6.0000"
"92.2450","0.3359","6.0001"
"92.2650","0.3359","6.0000"
"92.2850","0.3359","6.0001"
"92.3050","0.3359","6.0001"
"92.3250","0.3359","6.0001"
"92.3450","0.3359","6.0001"
"92.3650","0.3359","6.0001"
"92.3850","0.3359","6.0002"
"92.4050","0.3359","6.0001"
"92.4250","0.3359","6.0001"
"92.4450","0.3359","6.0001"
"92.4650","0.3359","6.0002"
"92.4850","0.3359","6.0002"
"92.5050","0.3359","6.0001"
"92.5250","0.3359","6.0001"
"92.5450","0.3359","6.0001"
"92.5650","0.3359","6.0002"
"92.5850","0.3359","6.0002"
"92.6050","0.3359","6.0002"
"92.6250","0.3359","6.0002"
"92.6450","0.3359","6.0002"
"92.6650","0.3359","6.0002"
"92.6850","0.3359","6.0002"
"92.7050","0.3360","6.0001"
"92.7250","0.3360","6.0001"
"92.7450","0.3360","6.0001"
"92.7650","0.3360","6.0001"
"92.7850","0.3360","6.0001"
"92.8050","0.3360","6.0001"
"92.8250","0.3360","6.0001"
"92.8450","0.3360","6.0001"
"92.8650","0.3360","6.0001"
"92.8850","0.3360","6.0001"
"92.9050","0.3360","6.0000"
"92.9250","0.3360","6.0001"
"92.9450","0.3360","6.0001"
"92.9650","0.3360","6.0001"
"92.9850","0.3360","6.0001"
"93.0050","0.3360","6.0000"
"93.0250","0.3360","6.0000"
"93.0450","0.3360","6.0000"
"93.0650","0.3360","6.0000"
"93.0850","0.3360","6.0000"
"93.1050","0.3360","6.0000"
"93.1250","0.3360","6.0002"
"93.1450","0.3360","6.0001"
"93.1650","0.3360","6.0001"
"93.1850","0.3360","6.0001"
"93.2050","0.3360","6.0001"
"93.2250","0.3360","6.0000"
"93.2450","0.3360","6.0001"
"93.2650","0.3360","6.0002"
"93.2850","0.3360","6.0002"
"93.3050","0.3360","6.0001"
"93.3250","0.3360","6.0001"
"93.3450","0.3360","6.0001"
"93.3650","0.3360","6.0001"
"93.3850","0.3360","6.0001"
"93.4050","0.3360","6.0002"
"93.4250","0.3360","6.0002"
"93.4450","0.3360","6.0002"
"93.4650","0.3360","6.0001"
"93.4850","0.3360","6.0001"
"93.5050","0.3360","6.0001"
"93.5250","0.3360","6.0001"
"93.5450","0.3360","6.0001"
"93.5650","0.3360","6.0001"
"93.5850","0.3360","6.0001"
"93.6050","0.3360","6.0001"
"93.6250","0.3360","6.0001"
"93.6450","0.3360","6.0000"
"93.6650","0.3360","6.0000"
"93.6850","0.3360","6.0001"
"93.7050","0.3360","6.0002"
"93.7250","0.3360","6.0001"
"93.7450","0.3360","6.0000"
"93.7650","0.3360","6.0000"
"93.7850","0.3360","6.0000"
"93.8050","0.3360","6.0000"
"93.8250","0.3360","6.0000"
"93.8450","0.3360","6.0001"
"93.8650","0.3360","6.0001"
"93.8850","0.3360","6.0001"
"93.9050","0.3360","6.0001"
"93.9250","0.3360","6.0001"
"93.9450","0.3360","6.0000"
"93.9650","0.3361","6.0001"
"93.9850","0.3361","6.0001"
"94.0050","0.3361","6.0001"
"94.0250","0.3361","6.0001"
"94.0450","0.3361","6.0002"
"94.0650","0.3361","6.0002"
"94.0850","0.3361","6.0001"
"94.1050","0.3361","6.0001"
"94.1250","0.3361","6.0001"
"94.1450","0.3361","6.0000"
"94.1650","0.3361","6.0000"
"94.1850","0.3361","6.0001"
"94.2050","0.3361","6.0001"
"94.2250","0.3361","6.0001"
"94.2450","0.3361","6.0001"
"94.2650","0.3361","6.0000"
"94.2850","0.3361","6.0000"
"94.3050","0.3361","6.0000"
"94.3250","0.3361","6.0001"
"94.3450","0.3361","6.0001"
"94.3650","0.3361","6.0000"
"94.3850","0.3361","6.0000"
"94.4050","0.3361","6.0000"
"94.4250","0.3361","6.0001"
"94.4450","0.3361","6.0001"
"94.4650","0.3361","6.0001"
"94.4850","0.3361","6.0001"
"94.5050","0.3361","6.0001"
"94.5250","0.3361","6.0000"
"94.5450","0.3361","6.0000"
"94.5650","0.3361","6.0001"
"94.5850","0.3361","6.0001"
"94.6050","0.3361","6.0000"
"94.6250","0.3361","5.9999"
"94.6450","0.3361","6.0000"
"94.6650","0.3361","6.0001"
"94.6850","0.3361","6.0002"
"94.7050","0.3361","6.0001"
"94.7250","0.3361","6.0000"
"94.7450","0.3361","6.0001"
"94.7650","0.3361","6.0001"
"94.7850","0.3361","6.0000"
"94.8050","0.3361","6.0000"
"94.8250","0.3361","6.0001"
"94.8450","0.3361","6.0001"
"94.8650","0.3361","6.0000"
"94.8850","0.3361","6.0000"
"94.9050","0.3361","6.0000"
"94.9250","0.3361","6.0000"
"94.9450","0.3361","6.0001"
"94.9650","0.3361","6.0001"
"94.9850","0.3361","6.0001"
"95.0050","0.3361","6.0001"
"95.0250","0.3361","6.0001"
"95.0450","0.3361","6.0001"
"95.0650","0.3361","6.0000"
"95.0850","0.3361","6.0001"
"95.1050","0.3361","6.0001"
"95.1250","0.3361","6.0001"
"95.1450","0.3361","6.0002"
"95.1650","0.3361","6.0001"
"95.1850","0.3361","6.0000"
"95.2050","0.3361","5.9999"
"95.2250","0.3361","6.0000"
"95.2450","0.3362","6.0001"
"95.2650","0.3362","6.0001"
"95.2850","0.3362","6.0001"
"95.3050","0.3362","6.0001"
"95.3250","0.3362","6.0001"
"95.3450","0.3362","6.0001"
"95.3650","0.3362","6.0001"
"95.3850","0.3362","6.0001"
"95.4050","0.3362","6.0001"
"95.4250","0.3362","6.0000"
"95.4450","0.3362","6.0001"
"95.4650","0.3362","6.0001"
"95.4850","0.3362","6.0001"
"95.5050","0.3362","6.0001"
"95.5250","0.3362","6.0001"
"95.5450","0.3362","6.0001"
"95.5650","0.3362","6.0001"
"95.5850","0.3362","6.0001"
"95.6050","0.3362","6.0000"
"95.6250","0.3362","6.0000"
"95.6450","0.3362","6.0001"
"95.6650","0.3362","6.0000"
"95.6850","0.3362","6.0000"
"95.7050","0.3362","6.0000"
"95.7250","0.3362","6.0000"
"95.7450","0.3362","6.0001"
"95.7650","0.3362","6.0001"
"95.7850","0.3362","6.0000"
"95.8050","0.3362","6.0001"
"95.8250","0.3362","6.0001"
"95.8450","0.3362","6.0000"
"95.8650","0.3362","6.0001"
"95.8850","0.3362","6.0001"
"95.9050","0.3362","6.0001"
"95.9250","0.3362","6.0000"
"95.9450","0.3362","6.0000"
"95.9650","0.3362","6.0000"
"95.9850","0.3362","6.0000"
"96.0050","0.3362","6.0001"
"96.0250","0.3362","6.0001"
"96.0450","0.3362","6.0001"
"96.0650","0.3362","6.0000"
"96.0850","0.3362","6.0000"
"96.1050","0.3362","6.0001"
"96.1250","0.3362","6.0001"
"96.1450","0.3362","6.0001"
"96.1650","0.3362","6.0001"
"96.1850","0.3362","6.0000"
"96.2050","0.3362","6.0000"
"96.2250","0.3362","6.0000"
"96.2450","0.3362","6.0001"
"96.2650","0.3362","6.0001"
"96.2850","0.3362","6.0001"
"96.3050","0.3362","6.0001"
"96.3250","0.3362","6.0001"
"96.3450","0.3362","6.0000"
"96.3650","0.3362","6.0000"
"96.3850","0.3362","6.0000"
"96.4050","0.3362","6.0001"
"96.4250","0.3362","6.0001"
"96.4450","0.3362","6.0000"
"96.4650","0.3362","6.0001"
"96.4850","0.3362","6.0001"
"96.5050","0.3362","6.0001"
"96.5250","0.3362","6.0001"
"96.5450","0.3362","6.0001"
"96.5650","0.3363","6.0001"
"96.5850","0.3363","6.0001"
"96.6050","0.3363","6.0000"
"96.6250","0.3363","6.0000"
"96.6450","0.3363","6.0000"
"96.6650","0.3363","6.0000"
"96.6850","0.3363","6.0000"
"96.7050","0.3363","6.0000"
"96.7250","0.3363","6.0000"
"96.7450","0.3363","6.0001"
"96.7650","0.3363","6.0001"
"96.7850","0.3363","5.9999"
"96.8050","0.3363","5.9999"
"96.8250","0.3363","6.0000"
"96.8450","0.3363","6.0000"
"96.8650","0.3363","6.0000"
"96.8850","0.3363","6.0000"
"96.9050","0.3363","6.0000"
"96.9250","0.3363","6.0001"
"96.9450","0.3363","6.0001"
"96.9650","0.3363","6.0000"
"96.9850","0.3363","6.0000"
"97.0050","0.3363","6.0000"
"97.0250","0.3363","6.0000"
"97.0450","0.3363","6.0000"
"97.0650","0.3363","6.0000"
"97.0850","0.3363","6.0000"
"97.1050","0.3363","6.0000"
"97.1250","0.3363","6.0000"
"97.1450","0.3363","6.0001"
"97.1650","0.3363","6.0000"
"97.1850","0.3363","6.0000"
"97.2050","0.3363","6.0001"
"97.2250","0.3363","6.0000"
"97.2450","0.3363","5.9999"
"97.2650","0.3363","6.0000"
"97.2850","0.3363","6.0000"
"97.3050","0.3363","6.0001"
"97.3250","0.3363","6.0000"
"97.3450","0.3363","6.0000"
"97.3650","0.3363","6.0000"
"97.3850","0.3363","6.0001"
"97.4050","0.3363","6.0001"
"97.4250","0.3363","6.0001"
"97.4450","0.3363","6.0000"
"97.4650","0.3363","6.0000"
"97.4850","0.3363","6.0000"
"97.5050","0.3363","6.0000"
"97.5250","0.3363","5.9999"
"97.5450","0.3363","6.0000"
"97.5650","0.3363","6.0001"
"97.5850","0.3363","6.0000"
"97.6050","0.3363","6.0001"
"97.6250","0.3363","6.0001"
"97.6450","0.3363","6.0000"
"97.6650","0.3363","6.0000"
"97.6850","0.3363","6.0000"
"97.7050","0.3363","6.0000"
"97.7250","0.3363","6.0000"
"97.7450","0.3363","6.0001"
"97.7650","0.3363","6.0001"
"97.7850","0.3363","6.0000"
"97.8050","0.3363","6.0000"
"97.8250","0.3363","6.0000"
"97.8450","0.3363","6.0000"
"97.8650","0.3363","5.9999"
"97.8850","0.3363","5.9999"
"97.9050","0.3364","6.0000"
"97.9250","0.3364","6.0000"
"97.9450","0.3364","6.0000"
"97.9650","0.3364","6.0001"
"97.9850","0.3364","6.0001"
"98.0050","0.3364","6.0001"
"98.0250","0.3364","6.0000"
"98.0450","0.3364","6.0000"
"98.0650","0.3364","6.0000"
"98.0850","0.3364","6.0000"
"98.1050","0.3364","6.0000"
"98.1250","0.3364","6.0000"
"98.1450","0.3364","6.0000"
"98.1650","0.3364","6.0000"
"98.1850","0.3364","6.0000"
"98.2050","0.3364","6.0000"
"98.2250","0.3364","5.9999"
"98.2450","0.3364","6.0000"
"98.2650","0.3364","6.0000"
"98.2850","0.3364","6.0000"
"98.3050","0.3364","6.0000"
"98.3250","0.3364","6.0000"
"98.3450","0.3364","6.0000"
"98.3650","0.3364","6.0000"
"98.3850","0.3364","6.0000"
"98.4050","0.3364","6.0000"
"98.4250","0.3364","5.9999"
"98.4450","0.3364","6.0001"
"98.4650","0.3364","6.0001"
"98.4850","0.3364","6.0000"
"98.5050","0.3364","6.0000"
"98.5250","0.3364","6.0000"
"98.5450","0.3364","6.0000"
"98.5650","0.3364","6.0000"
"98.5850","0.3364","6.0000"
"98.6050","0.3364","6.0000"
"98.6250","0.3364","6.0000"
"98.6450","0.3364","6.0000"
"98.6650","0.3364","6.0001"
"98.6850","0.3364","6.0001"
"98.7050","0.3364","6.0000"
"98.7250","0.3364","6.0000"
"98.7450","0.3364","6.0001"
"98.7650","0.3364","6.0001"
"98.7850","0.3364","6.0001"
"98.8050","0.3364","6.0001"
"98.8250","0.3364","6.0001"
"98.8450","0.3364","6.0000"
"98.8650","0.3364","6.0000"
"98.8850","0.3364","6.0000"
"98.9050","0.3364","6.0000"
"98.9250","0.3364","6.0000"
"98.9450","0.3364","6.0000"
"98.9650","0.3364","6.0000"
"98.9850","0.3364","6.0001"
"99.0050","0.3364","6.0000"
"99.0250","0.3364","6.0000"
"99.0450","0.3364","6.0000"
"99.0650","0.3364","6.0001"
"99.0850","0.3364","6.0001"
"99.1050","0.3364","6.0001"
"99.1250","0.3364","6.0000"
"99.1450","0.3364","5.9999"
"99.1650","0.3364","5.9999"
"99.1850","0.3364","5.9999"
"99.2050","0.3364","6.0000"
"99.2250","0.3364","6.0000"
"99.2450","0.3365","6.0000"
"99.2650","0.3365","6.0000"
"99.2850","0.3365","6.0001"
"99.3050","0.3365","6.0000"
"99.3250","0.3365","6.0000"
"99.3450","0.3365","6.0000"
"99.3650","0.3365","6.0000"
"99.3850","0.3365","6.0000"
"99.4050","0.3365","6.0000"
"99.4250","0.3365","6.0001"
"99.4450","0.3365","6.0001"
"99.4650","0.3365","6.0000"
"99.4850","0.3365","6.0000"
"99.5050","0.3365","6.0000"
"99.5250","0.3365","6.0000"
"99.5450","0.3365","6.0000"
"99.5650","0.3365","6.0000"
"99.5850","0.3365","6.0001"
"99.6050","0.3365","6.0001"
"99.6250","0.3365","6.0000"
"99.6450","0.3365","6.0000"
"99.6650","0.3365","6.0000"
"99.6850","0.3365","6.0000"
"99.7050","0.3365","6.0000"
"99.7250","0.3365","6.0000"
"99.7450","0.3365","6.0000"
"99.7650","0.3365","6.0000"
"99.7850","0.3365","6.0000"
"99.8050","0.3365","6.0000"
"99.8250","0.3365","6.0000"
"99.8450","0.3365","6.0001"
"99.8650","0.3365","6.0000"
"99.8850","0.3365","6.0000"
"99.9050","0.3365","5.9999"
"99.9250","0.3365","6.0000"
"99.9450","0.3365","5.9999"
"99.9650","0.3365","5.9999"
"99.9850","0.3365","5.9999"
"100.0050","0.3365","6.0000"
"100.0250","0.3365","6.0000"
"100.0450","0.3365","6.0000"
"100.0650","0.3365","6.0000"
"100.0850","0.3365","6.0000"
"100.1050","0.3365","6.0000"
"100.1250","0.3365","6.0000"
"100.1450","0.3365","6.0000"
"100.1650","0.3365","6.0001"
"100.1850","0.3365","6.0001"
"100.2050","0.3365","6.0001"
"100.2250","0.3365","6.0000"
"100.2450","0.3365","6.0000"
"100.2650","0.3365","6.0000"
"100.2850","0.3365","6.0000"
"100.3050","0.3365","6.0000"
"100.3250","0.3365","6.0000"
"100.3450","0.3365","6.0000"
"100.3650","0.3365","6.0000"
"100.3850","0.3365","6.0000"
"100.4050","0.3365","6.0000"
"100.4250","0.3365","6.0000"
"100.4450","0.3365","6.0000"
"100.4650","0.3365","6.0001"
"100.4850","0.3365","6.0001"
"100.5050","0.3365","6.0001"
"100.5250","0.3365","6.0002"
"100.5450","0.3365","6.0001"
"100.5650","0.3365","6.0001"
"100.5850","0.3365","6.0000"
"100.6050","0.3365","5.9999"
"100.6250","0.3365","6.0000"
"100.6450","0.3365","6.0000"
"100.6650","0.3365","6.0000"
"100.6850","0.3365","6.0001"
"100.7050","0.3366","6.0000"
"100.7250","0.3366","6.0000"
"100.7450","0.3366","6.0000"
"100.7650","0.3366","6.0000"
"100.7850","0.3366","5.9999"
"100.8050","0.3366","6.0001"
"100.8250","0.3366","6.0000"
"100.8450","0.3366","6.0000"
"100.8650","0.3366","6.0000"
"100.8850","0.3366","6.0000"
"100.9050","0.3366","6.0000"
"100.9250","0.3366","5.9999"
"100.9450","0.3366","6.0000"
"100.9650","0.3366","6.0001"
"100.9850","0.3366","6.0000"
"101.0050","0.3366","6.0000"
"101.0250","0.3366","6.0001"
"101.0450","0.3366","6.0000"
"101.0650","0.3366","6.0000"
"101.0850","0.3366","6.0000"
"101.1050","0.3366","6.0000"
"101.1250","0.3366","6.0000"
"101.1450","0.3366","6.0000"
"101.1650","0.3366","6.0000"
"101.1850","0.3366","6.0000"
"101.2050","0.3366","5.9999"
"101.2250","0.3366","5.9999"
"101.2450","0.3366","6.0000"
"101.2650","0.3366","6.0001"
"101.2850","0.3366","6.0000"
"101.3050","0.3366","6.0000"
"101.3250","0.3366","5.9999"
"101.3450","0.3366","6.0000"
"101.3650","0.3366","6.0000"
"101.3850","0.3366","6.0001"
"101.4050","0.3366","6.0000"
"101.4250","0.3366","6.0000"
"101.4450","0.3366","6.0000"
"101.4650","0.3366","6.0000"
"101.4850","0.3366","6.0001"
"101.5050","0.3366","6.0000"
"101.5250","0.3366","6.0000"
"101.5450","0.3366","6.0000"
"101.5650","0.3366","6.0000"
"101.5850","0.3366","6.0000"
"101.6050","0.3366","6.0001"
"101.6250","0.3366","6.0000"
"101.6450","0.3366","6.0000"
"101.6650","0.3366","6.0000"
"101.6850","0.3366","6.0000"
"101.7050","0.3366","6.0000"
"101.7250","0.3366","6.0000"
"101.7450","0.3366","6.0001"
"101.7650","0.3366","6.0000"
"101.7850","0.3366","6.0000"
"101.8050","0.3366","6.0000"
"101.8250","0.3366","6.0000"
"101.8450","0.3366","6.0000"
"101.8650","0.3366","6.0000"
"101.8850","0.3366","6.0000"
"101.9050","0.3366","6.0000"
"101.9250","0.3366","6.0000"
"101.9450","0.3366","6.0000"
"101.9650","0.3366","5.9999"
"101.9850","0.3366","6.0000"
"102.0050","0.3366","6.0000"
"102.0250","0.3366","6.0000"
"102.0450","0.3366","6.0000"
"102.0650","0.3366","6.0000"
"102.0850","0.3366","6.0001"
"102.1050","0.3366","6.0001"
"102.1250","0.3366","6.0000"
"102.1450","0.3367","5.9999"
"102.1650","0.3367","6.0000"
"102.1850","0.3367","6.0000"
"102.2050","0.3367","6.0000"
"102.2250","0.3367","6.0000"
"102.2450","0.3367","6.0000"
"102.2650","0.3367","5.9999"
"102.2850","0.3367","6.0001"
"102.3050","0.3367","6.0001"
"102.3250","0.3367","6.0000"
"102.3450","0.3367","6.0000"
"102.3650","0.3367","6.0000"
"102.3850","0.3367","6.0001"
"102.4050","0.3367","6.0001"
"102.4250","0.3367","6.0000"
"102.4450","0.3367","6.0000"
"102.4650","0.3367","6.0001"
"102.4850","0.3367","6.0000"
"102.5050","0.3367","6.0000"
"102.5250","0.3367","5.9999"
"102.5450","0.3367","5.9999"
"102.5650","0.3367","6.0000"
"102.5850","0.3367","6.0000"
"102.6050","0.3367","6.0000"
"102.6250","0.3367","5.9999"
"102.6450","0.3367","6.0000"
"102.6650","0.3367","5.9999"
"102.6850","0.3367","6.0000"
"102.7050","0.3367","6.0000"
"102.7250","0.3367","6.0000"
"102.7450","0.3367","6.0000"
"102.7650","0.3367","6.0001"
"102.7850","0.3367","6.0000"
"102.8050","0.3367","6.0000"
"102.8250","0.3367","5.9999"
"102.8450","0.3367","6.0000"
"102.8650","0.3367","5.9999"
"102.8850","0.3367","5.9999"
"102.9050","0.3367","6.0000"
"102.9250","0.3367","6.0000"
"102.9450","0.3367","6.0000"
"102.9650","0.3367","6.0000"
"102.9850","0.3367","6.0000"
"103.0050","0.3367","6.0000"
"103.0250","0.3367","6.0000"
"103.0450","0.3367","6.0000"
"103.0650","0.3367","6.0000"
"103.0850","0.3367","6.0001"
"103.1050","0.3367","6.0000"
"103.1250","0.3367","6.0000"
"103.1450","0.3367","6.0000"
"103.1650","0.3367","6.0000"
"103.1850","0.3367","6.0000"
"103.2050","0.3367","6.0000"
"103.2250","0.3367","5.9999"
"103.2450","0.3367","6.0000"
"103.2650","0.3367","6.0000"
"103.2850","0.3367","5.9999"
"103.3050","0.3367","5.9999"
"103.3250","0.3367","5.9999"
"103.3450","0.3367","6.0000"
"103.3650","0.3367","6.0000"
"103.3850","0.3367","6.0001"
"103.4050","0.3367","6.0000"
"103.4250","0.3367","5.9999"
"103.4450","0.3367","5.9999"
"103.4650","0.3367","5.9999"
"103.4850","0.3367","5.9999"
"103.5050","0.3367","5.9999"
"103.5250","0.3367","5.9999"
"103.5450","0.3367","6.0000"
"103.5650","0.3367","6.0001"
"103.5850","0.3367","6.0001"
"103.6050","0.3368","6.0000"
"103.6250","0.3368","5.9999"
"103.6450","0.3368","6.0000"
"103.6650","0.3368","6.0000"
"103.6850","0.3368","6.0001"
"103.7050","0.3368","6.0001"
"103.7250","0.3368","6.0000"
"103.7450","0.3368","6.0000"
"103.7650","0.3368","6.0000"
"103.7850","0.3368","6.0001"
"103.8050","0.3368","6.0000"
"103.8250","0.3368","6.0000"
"103.8450","0.3368","6.0000"
"103.8650","0.3368","6.0000"
"103.8850","0.3368","5.9999"
"103.9050","0.3368","6.0000"
"103.9250","0.3368","6.0000"
"103.9450","0.3368","6.0000"
"103.9650","0.3368","6.0000"
"103.9850","0.3368","6.0000"
"104.0050","0.3368","5.9999"
"104.0250","0.3368","6.0000"
"104.0450","0.3368","6.0000"
"104.0650","0.3368","5.9999"
"104.0850","0.3368","6.0000"
"104.1050","0.3368","6.0000"
"104.1250","0.3368","6.0000"
"104.1450","0.3368","6.0000"
"104.1650","0.3368","6.0000"
"104.1850","0.3368","5.9999"
"104.2050","0.3368","5.9999"
"104.2250","0.3368","6.0000"
"104.2450","0.3368","6.0000"
"104.2650","0.3368","5.9999"
"104.2850","0.3368","5.9999"
"104.3050","0.3368","6.0000"
"104.3250","0.3368","6.0000"
"104.3450","0.3368","6.0001"
"104.3650","0.3368","6.0000"
"104.3850","0.3368","5.9999"
"104.4050","0.3368","6.0000"
"104.4250","0.3368","6.0000"
"104.4450","0.3368","6.0000"
"104.4650","0.3368","6.0000"
"104.4850","0.3368","5.9999"
"104.5050","0.3368","5.9999"
"104.5250","0.3368","5.9999"
"104.5450","0.3368","6.0000"
"104.5650","0.3368","6.0001"
"104.5850","0.3368","6.0000"
"104.6050","0.3368","5.9999"
"104.6250","0.3368","5.9999"
"104.6450","0.3368","6.0000"
"104.6650","0.3368","5.9999"
"104.6850","0.3368","5.9999"
"104.7050","0.3368","6.0000"
"104.7250","0.3368","6.0000"
"104.7450","0.3368","6.0000"
"104.7650","0.3368","6.0001"
"104.7850","0.3368","6.0000"
"104.8050","0.3368","6.0000"
"104.8250","0.3368","6.0000"
"104.8450","0.3368","5.9999"
"104.8650","0.3368","5.9999"
"104.8850","0.3368","5.9999"
"104.9050","0.3368","5.9999"
"104.9250","0.3368","5.9999"
"104.9450","0.3368","5.9999"
"104.9650","0.3368","5.9999"
"104.9850","0.3368","5.9999"
"105.0050","0.3368","5.9999"
"105.0250","0.3368","5.9998"
"105.0450","0.3369","5.9999"
"105.0650","0.3369","5.9999"
"105.0850","0.3369","5.9999"
"105.1050","0.3369","5.9999"
"105.1250","0.3369","6.0000"
"105.1450","0.3369","6.0000"
"105.1650","0.3369","6.0000"
"105.1850","0.3369","5.9999"
"105.2050","0.3369","5.9999"
"105.2250","0.3369","6.0000"
"105.2450","0.3369","6.0000"
"105.2650","0.3369","5.9999"
"105.2850","0.3369","5.9999"
"105.3050","0.3369","5.9999"
"105.3250","0.3369","6.0000"
"105.3450","0.3369","5.9999"
"105.3650","0.3369","5.9999"
"105.3850","0.3369","5.9999"
"105.4050","0.3369","5.9999"
"105.4250","0.3369","6.0000"
"105.4450","0.3369","6.0000"
"105.4650","0.3369","6.0000"
"105.4850","0.3369","6.0000"
"105.5050","0.3369","5.9999"
"105.5250","0.3369","6.0000"
"105.5450","0.3369","6.0000"
"105.5650","0.3369","5.9999"
"105.5850","0.3369","5.9999"
"105.6050","0.3369","5.9999"
"105.6250","0.3369","5.9999"
"105.6450","0.3369","5.9999"
"105.6650","0.3369","6.0000"
"105.6850","0.3369","6.0000"
"105.7050","0.3369","5.9999"
"105.7250","0.3369","6.0000"
"105.7450","0.3369","6.0000"
"105.7650","0.3369","6.0000"
"105.7850","0.3369","6.0000"
"105.8050","0.3369","5.9999"
"105.8250","0.3369","6.0000"
"105.8450","0.3369","6.0000"
"105.8650","0.3369","6.0001"
"105.8850","0.3369","5.9999"
"105.9050","0.3369","5.9999"
"105.9250","0.3369","5.9999"
"105.9450","0.3369","5.9999"
"105.9650","0.3369","5.9999"
"105.9850","0.3369","6.0000"
"106.0050","0.3369","6.0000"
"106.0250","0.3369","6.0000"
"106.0450","0.3369","5.9999"
"106.0650","0.3369","5.9999"
"106.0850","0.3369","6.0000"
"106.1050","0.3369","5.9999"
"106.1250","0.3369","5.9999"
"106.1450","0.3369","6.0000"
"106.1650","0.3369","6.0000"
"106.1850","0.3369","6.0000"
"106.2050","0.3369","5.9999"
"106.2250","0.3369","5.9999"
"106.2450","0.3369","5.9999"
"106.2650","0.3369","5.9999"
"106.2850","0.3369","5.9999"
"106.3050","0.3369","5.9999"
"106.3250","0.3369","5.9999"
"106.3450","0.3369","5.9999"
"106.3650","0.3369","5.9999"
"106.3850","0.3369","6.0001"
"106.4050","0.3369","6.0001"
"106.4250","0.3369","6.0000"
"106.4450","0.3369","6.0000"
"106.4650","0.3369","6.0000"
"106.4850","0.3369","6.0000"
"106.5050","0.3369","6.0000"
"106.5250","0.3370","6.0000"
"106.5450","0.3370","5.9999"
"106.5650","0.3370","6.0000"
"106.5850","0.3370","6.0001"
"106.6050","0.3370","6.0001"
"106.6250","0.3370","6.0000"
"106.6450","0.3370","5.9999"
"106.6650","0.3370","5.9999"
"106.6850","0.3370","5.9999"
"106.7050","0.3370","6.0000"
"106.7250","0.3370","6.0000"
"106.7450","0.3370","6.0000"
"106.7650","0.3370","6.0000"
"106.7850","0.3370","5.9999"
"106.8050","0.3370","5.9999"
"106.8250","0.3370","6.0000"
"106.8450","0.3370","6.0000"
"106.8650","0.3370","6.0000"
"106.8850","0.3370","6.0000"
"106.9050","0.3370","6.0000"
"106.9250","0.3370","6.0000"
"106.9450","0.3370","6.0000"
"106.9650","0.3370","6.0000"
"106.9850","0.3370","6.0000"
"107.0050","0.3370","6.0000"
"107.0250","0.3370","6.0001"
"107.0450","0.3370","6.0000"
"107.0650","0.3370","6.0000"
"107.0850","0.3370","6.0000"
"107.1050","0.3370","6.0000"
"107.1250","0.3370","6.0000"
"107.1450","0.3370","5.9999"
"107.1650","0.3370","5.9999"
"107.1850","0.3370","6.0000"
"107.2050","0.3370","6.0000"
"107.2250","0.3370","6.0001"
"107.2450","0.3370","6.0001"
"107.2650","0.3370","6.0000"
"107.2850","0.3370","6.0000"
"107.3050","0.3370","6.0000"
"107.3250","0.3370","6.0000"
"107.3450","0.3370","6.0000"
"107.3650","0.3370","6.0000"
"107.3850","0.3370","6.0000"
"107.4050","0.3370","6.0000"
"107.4250","0.3370","6.0000"
"107.4450","0.3370","6.0001"
"107.4650","0.3370","6.0001"
"107.4850","0.3370","6.0001"
"107.5050","0.3370","6.0000"
"107.5250","0.3370","6.0000"
"107.5450","0.3370","6.0000"
"107.5650","0.3370","5.9999"
"107.5850","0.3370","6.0000"
"107.6050","0.3370","6.0000"
"107.6250","0.3370","6.0000"
"107.6450","0.3370","5.9999"
"107.6650","0.3370","5.9999"
"107.6850","0.3370","5.9999"
"107.7050","0.3370","6.0000"
"107.7250","0.3370","6.0000"
"107.7450","0.3370","6.0000"
"107.7650","0.3370","5.9999"
"107.7850","0.3370","5.9999"
"107.8050","0.3370","5.9999"
"107.8250","0.3370","6.0000"
"107.8450","0.3370","5.9999"
"107.8650","0.3370","6.0000"
"107.8850","0.3370","6.0000"
"107.9050","0.3370","6.0000"
"107.9250","0.3370","6.0000"
"107.9450","0.3370","6.0000"
"107.9650","0.3370","6.0000"
"107.9850","0.3370","6.0000"
"108.0050","0.3370","6.0000"
"108.0250","0.3370","6.0000"
"108.0450","0.3371","5.9999"
"108.0650","0.3371","6.0000"
"108.0850","0.3371","6.0000"
"108.1050","0.3371","6.0000"
"108.1250","0.3371","5.9999"
"108.1450","0.3371","5.9999"
"108.1650","0.3371","6.0000"
"108.1850","0.3371","6.0001"
"108.2050","0.3371","6.0001"
"108.2250","0.3371","6.0000"
"108.2450","0.3371","6.0000"
"108.2650","0.3371","6.0000"
"108.2850","0.3371","6.0000"
"108.3050","0.3371","6.0000"
"108.3250","0.3371","6.0000"
"108.3450","0.3371","6.0000"
"108.3650","0.3371","6.0000"
"108.3850","0.3371","6.0000"
"108.4050","0.3371","5.9999"
"108.4250","0.3371","6.0000"
"108.4450","0.3371","5.9999"
"108.4650","0.3371","5.9999"
"108.4850","0.3371","6.0000"
"108.5050","0.3371","5.9999"
"108.5250","0.3371","6.0000"
"108.5450","0.3371","5.9999"
"108.5650","0.3371","5.9998"
"108.5850","0.3371","5.9998"
"108.6050","0.3371","5.9999"
"108.6250","0.3371","5.9999"
"108.6450","0.3371","6.0000"
"108.6650","0.3371","5.9999"
"108.6850","0.3371","5.9999"
"108.7050","0.3371","5.9999"
"108.7250","0.3371","6.0000"
"108.7450","0.3371","6.0000"
"108.7650","0.3371","6.0000"
"108.7850","0.3371","6.0000"
"108.8050","0.3371","6.0000"
"108.8250","0.3371","6.0000"
"108.8450","0.3371","6.0000"
"108.8650","0.3371","6.0000"
"108.8850","0.3371","6.0000"
"108.9050","0.3371","6.0000"
"108.9250","0.3371","6.0000"
"108.9450","0.3371","6.0000"
"108.9650","0.3371","5.9999"
"108.9850","0.3371","6.0000"
"109.0050","0.3371","6.0000"
"109.0250","0.3371","6.0000"
"109.0450","0.3371","6.0000"
"109.0650","0.3371","6.0000"
"109.0850","0.3371","6.0000"
"109.1050","0.3371","6.0000"
"109.1250","0.3371","6.0000"
"109.1450","0.3371","6.0000"
"109.1650","0.3371","6.0000"
"109.1850","0.3371","6.0000"
"109.2050","0.3371","6.0000"
"109.2250","0.3371","6.0001"
"109.2450","0.3371","5.9999"
"109.2650","0.3371","6.0000"
"109.2850","0.3371","6.0001"
"109.3050","0.3371","6.0000"
"109.3250","0.3371","6.0000"
"109.3450","0.3371","6.0000"
"109.3650","0.3371","5.9999"
"109.3850","0.3371","5.9999"
"109.4050","0.3371","5.9999"
"109.4250","0.3371","6.0000"
"109.4450","0.3371","6.0000"
"109.4650","0.3371","6.0001"
"109.4850","0.3371","6.0001"
"109.5050","0.3371","6.0001"
"109.5250","0.3371","6.0001"
"109.5450","0.3371","6.0000"
"109.5650","0.3372","6.0000"
"109.5850","0.3372","6.0000"
"109.6050","0.3372","5.9999"
"109.6250","0.3372","5.9999"
"109.6450","0.3372","6.0000"
"109.6650","0.3372","6.0000"
"109.6850","0.3372","6.0000"
"109.7050","0.3372","6.0000"
"109.7250","0.3372","6.0000"
"109.7450","0.3372","6.0000"
"109.7650","0.3372","6.0000"
"109.7850","0.3372","6.0000"
"109.8050","0.3372","6.0000"
"109.8250","0.3372","6.0000"
"109.8450","0.3372","6.0000"
"109.8650","0.3372","6.0000"
"109.8850","0.3372","6.0001"
"109.9050","0.3372","6.0000"
"109.9250","0.3372","6.0000"
"109.9450","0.3372","6.0001"
"109.9650","0.3372","6.0000"
"109.9850","0.3372","6.0000"
"110.0050","0.3372","6.0001"
"110.0250","0.3372","6.0000"
"110.0450","0.3372","6.0000"
"110.0650","0.3372","6.0000"
"110.0850","0.3372","6.0000"
"110.1050","0.3372","5.9999"
"110.1250","0.3372","6.0000"
"110.1450","0.3372","6.0000"
"110.1650","0.3372","6.0000"
"110.1850","0.3372","6.0000"
"110.2050","0.3372","6.0000"
"110.2250","0.3372","5.9999"
"110.2450","0.3372","5.9999"
"110.2650","0.3372","5.9999"
"110.2850","0.3372","6.0000"
"110.3050","0.3372","6.0001"
"110.3250","0.3372","6.0001"
"110.3450","0.3372","6.0001"
"110.3650","0.3372","6.0000"
"110.3850","0.3372","5.9999"
"110.4050","0.3372","6.0000"
"110.4250","0.3372","6.0000"
"110.4450","0.3372","6.0000"
"110.4650","0.3372","6.0000"
"110.4850","0.3372","6.0000"
"110.5050","0.3372","6.0000"
"110.5250","0.3372","6.0000"
"110.5450","0.3372","6.0000"
"110.5650","0.3372","6.0000"
"110.5850","0.3372","6.0000"
"110.6050","0.3372","6.0001"
"110.6250","0.3372","6.0000"
"110.6450","0.3372","6.0001"
"110.6650","0.3372","6.0000"
"110.6850","0.3372","6.0000"
"110.7050","0.3372","6.0000"
"110.7250","0.3372","6.0000"
"110.7450","0.3372","6.0000"
"110.7650","0.3372","6.0000"
"110.7850","0.3372","6.0000"
"110.8050","0.3372","5.9999"
"110.8250","0.3372","5.9999"
"110.8450","0.3372","5.9999"
"110.8650","0.3372","6.0000"
"110.8850","0.3372","6.0000"
"110.9050","0.3372","5.9999"
"110.9250","0.3372","6.0000"
"110.9450","0.3372","6.0001"
"110.9650","0.3372","6.0000"
"110.9850","0.3372","6.0000"
"111.0050","0.3372","6.0001"
"111.0250","0.3372","6.0000"
"111.0450","0.3372","6.0000"
"111.0650","0.3372","6.0000"
"111.0850","0.3372","5.9999"
"111.1050","0.3372","5.9999"
"111.1250","0.3372","6.0001"
"111.1450","0.3373","6.0001"
"111.1650","0.3373","6.0000"
"111.1850","0.3373","6.0000"
"111.2050","0.3373","6.0000"
"111.2250","0.3373","6.0001"
"111.2450","0.3373","6.0001"
"111.2650","0.3373","6.0000"
"111.2850","0.3373","6.0000"
"111.3050","0.3373","6.0000"
"111.3250","0.3373","6.0000"
"111.3450","0.3373","6.0001"
"111.3650","0.3373","6.0000"
"111.3850","0.3373","6.0000"
"111.4050","0.3373","6.0000"
"111.4250","0.3373","6.0001"
"111.4450","0.3373","6.0000"
"111.4650","0.3373","6.0000"
"111.4850","0.3373","6.0000"
"111.5050","0.3373","6.0000"
"111.5250","0.3373","6.0000"
"111.5450","0.3373","6.0000"
"111.5650","0.3373","5.9999"
"111.5850","0.3373","5.9999"
"111.6050","0.3373","5.9999"
"111.6250","0.3373","5.9999"
"111.6450","0.3373","6.0000"
"111.6650","0.3373","6.0001"
"111.6850","0.3373","6.0000"
"111.7050","0.3373","6.0000"
"111.7250","0.3373","5.9999"
"111.7450","0.3373","6.0000"
"111.7650","0.3373","6.0001"
"111.7850","0.3373","6.0000"
"111.8050","0.3373","6.0000"
"111.8250","0.3373","6.0000"
"111.8450","0.3373","6.0001"
"111.8650","0.3373","6.0000"
"111.8850","0.3373","5.9999"
"111.9050","0.3373","5.9999"
"111.9250","0.3373","6.0000"
"111.9450","0.3373","6.0000"
"111.9650","0.3373","6.0000"
"111.9850","0.3373","6.0000"
"112.0050","0.3373","6.0000"
"112.0250","0.3373","6.0000"
"112.0450","0.3373","5.9999"
"112.0650","0.3373","5.9999"
"112.0850","0.3373","6.0000"
"112.1050","0.3373","6.0001"
"112.1250","0.3373","6.0001"
"112.1450","0.3373","6.0000"
"112.1650","0.3373","5.9999"
"112.1850","0.3373","5.9999"
"112.2050","0.3373","6.0000"
"112.2250","0.3373","6.0001"
"112.2450","0.3373","6.0001"
"112.2650","0.3373","6.0000"
"112.2850","0.3373","6.0000"
"112.3050","0.3373","6.0000"
"112.3250","0.3373","6.0000"
"112.3450","0.3373","6.0000"
"112.3650","0.3373","6.0000"
"112.3850","0.3373","6.0000"
"112.4050","0.3373","6.0000"
"112.4250","0.3373","6.0000"
"112.4450","0.3373","5.9999"
"112.4650","0.3373","6.0000"
"112.4850","0.3373","6.0000"
"112.5050","0.3373","6.0000"
"112.5250","0.3373","6.0000"
"112.5450","0.3373","6.0000"
"112.5650","0.3373","6.0001"
"112.5850","0.3373","6.0000"
"112.6050","0.3373","6.0000"
"112.6250","0.3373","6.0000"
"112.6450","0.3373","6.0000"
"112.6650","0.3373","6.0000"
"112.6850","0.3374","6.0001"
"112.7050","0.3374","6.0001"
"112.7250","0.3374","6.0000"
"112.7450","0.3374","6.0000"
"112.7650","0.3374","6.0000"
"112.7850","0.3374","6.0000"
"112.8050","0.3374","6.0000"
"112.8250","0.3374","6.0001"
"112.8450","0.3374","6.0001"
"112.8650","0.3374","6.0001"
"112.8850","0.3374","6.0001"
"112.9050","0.3374","6.0001"
"112.9250","0.3374","6.0000"
"112.9450","0.3374","6.0000"
"112.9650","0.3374","6.0001"
"112.9850","0.3374","6.0000"
"113.0050","0.3374","6.0000"
"113.0250","0.3374","6.0000"
"113.0450","0.3374","6.0000"
"113.0650","0.3374","6.0000"
"113.0850","0.3374","6.0000"
"113.1050","0.3374","6.0000"
"113.1250","0.3374","6.0000"
"113.1450","0.3374","5.9999"
"113.1650","0.3374","5.9999"
"113.1850","0.3374","5.9999"
"113.2050","0.3374","6.0000"
"113.2250","0.3374","6.0000"
"113.2450","0.3374","6.0000"
"113.2650","0.3374","6.0001"
"113.2850","0.3374","6.0000"
"113.3050","0.3374","6.0000"
"113.3250","0.3374","6.0000"
"113.3450","0.3374","6.0000"
"113.3650","0.3374","6.0000"
"113.3850","0.3374","6.0000"
"113.4050","0.3374","5.9999"
"113.4250","0.3374","5.9999"
"113.4450","0.3374","6.0000"
"113.4650","0.3374","6.0000"
"113.4850","0.3374","6.0000"
"113.5050","0.3374","6.0001"
"113.5250","0.3374","6.0000"
"113.5450","0.3374","6.0000"
"113.5650","0.3374","6.0000"
"113.5850","0.3374","6.0001"
"113.6050","0.3374","6.0000"
"113.6250","0.3374","6.0000"
"113.6450","0.3374","6.0000"
"113.6650","0.3374","6.0000"
"113.6850","0.3374","6.0000"
"113.7050","0.3374","6.0001"
"113.7250","0.3374","6.0000"
"113.7450","0.3374","6.0000"
"113.7650","0.3374","5.9999"
"113.7850","0.3374","5.9999"
"113.8050","0.3374","5.9999"
"113.8250","0.3374","6.0000"
"113.8450","0.3374","6.0001"
"113.8650","0.3374","6.0001"
"113.8850","0.3374","6.0001"
"113.9050","0.3374","6.0001"
"113.9250","0.3374","6.0001"
"113.9450","0.3374","6.0001"
"113.9650","0.3374","6.0001"
"113.9850","0.3374","6.0000"
"114.0050","0.3374","6.0000"
"114.0250","0.3374","5.9999"
"114.0450","0.3374","6.0000"
"114.0650","0.3374","6.0001"
"114.0850","0.3374","6.0000"
"114.1050","0.3374","5.9999"
"114.1250","0.3374","5.9999"
"114.1450","0.3374","5.9999"
"114.1650","0.3374","5.9999"
"114.1850","0.3374","5.9999"
"114.2050","0.3374","5.9999"
"114.2250","0.3374","5.9999"
"114.2450","0.3374","6.0000"
"114.2650","0.3374","5.9999"
"114.2850","0.3374","5.9999"
"114.3050","0.3374","6.0000"
"114.3250","0.3375","5.9999"
"114.3450","0.3375","6.0000"
"114.3650","0.3375","6.0001"
"114.3850","0.3375","6.0000"
"114.4050","0.3375","6.0001"
"114.4250","0.3375","6.0000"
"114.4450","0.3375","6.0001"
"114.4650","0.3375","6.0000"
"114.4850","0.3375","6.0000"
"114.5050","0.3375","6.0000"
"114.5250","0.3375","6.0000"
"114.5450","0.3375","6.0000"
"114.5650","0.3375","6.0000"
"114.5850","0.3375","6.0001"
"114.6050","0.3375","6.0001"
"114.6250","0.3375","6.0000"
"114.6450","0.3375","6.0000"
"114.6650","0.3375","6.0000"
"114.6850","0.3375","6.0000"
"114.7050","0.3375","6.0000"
"114.7250","0.3375","6.0000"
"114.7450","0.3375","6.0000"
"114.7650","0.3375","5.9999"
"114.7850","0.3375","6.0000"
"114.8050","0.3375","6.0001"
"114.8250","0.3375","6.0000"
"114.8450","0.3375","6.0000"
"114.8650","0.3375","6.0001"
"114.8850","0.3375","6.0000"
"114.9050","0.3375","6.0000"
"114.9250","0.3375","6.0001"
"114.9450","0.3375","6.0001"
"114.9650","0.3375","5.9999"
"114.9850","0.3375","6.0000"
"115.0050","0.3375","6.0000"
"115.0250","0.3375","6.0000"
"115.0450","0.3375","6.0000"
"115.0650","0.3375","6.0000"
"115.0850","0.3375","5.9999"
"115.1050","0.3375","5.9999"
"115.1250","0.3375","5.9999"
"115.1450","0.3375","5.9999"
"115.1650","0.3375","6.0000"
"115.1850","0.3375","6.0000"
"115.2050","0.3375","6.0000"
"115.2250","0.3375","6.0000"
"115.2450","0.3375","6.0000"
"115.2650","0.3375","5.9999"
"115.2850","0.3375","5.9999"
"115.3050","0.3375","6.0000"
"115.3250","0.3375","6.0000"
"115.3450","0.3375","6.0000"
"115.3650","0.3375","6.0001"
"115.3850","0.3375","6.0000"
"115.4050","0.3375","6.0000"
"115.4250","0.3375","6.0000"
"115.4450","0.3375","5.9999"
"115.4650","0.3375","6.0000"
"115.4850","0.3375","6.0000"
"115.5050","0.3375","6.0000"
"115.5250","0.3375","6.0000"
"115.5450","0.3375","6.0000"
"115.5650","0.3375","5.9999"
"115.5850","0.3375","6.0000"
"115.6050","0.3375","5.9999"
"115.6250","0.3375","5.9999"
"115.6450","0.3375","6.0000"
"115.6650","0.3375","6.0001"
"115.6850","0.3375","6.0001"
"115.7050","0.3375","6.0001"
"115.7250","0.3375","6.0000"
"115.7450","0.3375","6.0000"
"115.7650","0.3375","6.0001"
"115.7850","0.3375","6.0001"
"115.8050","0.3375","6.0000"
"115.8250","0.3375","6.0000"
"115.8450","0.3375","6.0000"
"115.8650","0.3375","6.0000"
"115.8850","0.3375","6.0000"
"115.9050","0.3375","6.0000"
"115.9250","0.3375","5.9999"
"115.9450","0.3375","5.9999"
"115.9650","0.3375","5.9999"
"115.9850","0.3375","6.0000"
"116.0050","0.3376","6.0000"
"116.0250","0.3376","5.9999"
"116.0450","0.3376","6.0000"
"116.0650","0.3376","6.0000"
"116.0850","0.3376","6.0000"
"116.1050","0.3376","6.0000"
"116.1250","0.3376","5.9999"
"116.1450","0.3376","6.0000"
"116.1650","0.3376","6.0000"
"116.1850","0.3376","6.0000"
"116.2050","0.3376","6.0000"
"116.2250","0.3376","6.0000"
"116.2450","0.3376","6.0000"
"116.2650","0.3376","6.0000"
"116.2850","0.3376","5.9999"
"116.3050","0.3376","6.0000"
"116.3250","0.3376","6.0001"
"116.3450","0.3376","6.0000"
"116.3650","0.3376","5.9999"
"116.3850","0.3376","5.9999"
"116.4050","0.3376","5.9999"
"116.4250","0.3376","6.0000"
"116.4450","0.3376","6.0001"
"116.4650","0.3376","6.0001"
"116.4850","0.3376","6.0000"
"116.5050","0.3376","5.9999"
"116.5250","0.3376","5.9999"
"116.5450","0.3376","6.0000"
"116.5650","0.3376","6.0000"
"116.5850","0.3376","6.0000"
"116.6050","0.3376","6.0001"
"116.6250","0.3376","6.0000"
"116.6450","0.3376","6.0000"
"116.6650","0.3376","6.0001"
"116.6850","0.3376","6.0000"
"116.7050","0.3376","6.0000"
"116.7250","0.3376","5.9999"
"116.7450","0.3376","6.0000"
"116.7650","0.3376","6.0000"
"116.7850","0.3376","6.0000"
"116.8050","0.3376","6.0000"
"116.8250","0.3376","6.0000"
"116.8450","0.3376","6.0000"
"116.8650","0.3376","5.9999"
"116.8850","0.3376","6.0000"
"116.9050","0.3376","6.0000"
"116.9250","0.3376","6.0000"
"116.9450","0.3376","5.9999"
"116.9650","0.3376","6.0000"
"116.9850","0.3376","6.0000"
"117.0050","0.3376","6.0000"
"117.0250","0.3376","5.9999"
"117.0450","0.3376","5.9999"
"117.0650","0.3376","5.9999"
"117.0850","0.3376","6.0000"
"117.1050","0.3376","5.9999"
"117.1250","0.3376","6.0000"
"117.1450","0.3376","6.0000"
"117.1650","0.3376","6.0000"
"117.1850","0.3376","6.0000"
"117.2050","0.3376","6.0000"
"117.2250","0.3376","5.9999"
"117.2450","0.3376","5.9999"
"117.2650","0.3376","5.9999"
"117.2850","0.3376","5.9999"
"117.3050","0.3376","5.9999"
"117.3250","0.3376","5.9999"
"117.3450","0.3376","6.0000"
"117.3650","0.3376","5.9999"
"117.3850","0.3376","6.0000"
"117.4050","0.3376","6.0001"
"117.4250","0.3376","6.0000"
"117.4450","0.3376","6.0000"
"117.4650","0.3376","6.0000"
"117.4850","0.3376","6.0000"
"117.5050","0.3376","5.9999"
"117.5250","0.3376","5.9999"
"117.5450","0.3376","5.9999"
"117.5650","0.3376","6.0000"
"117.5850","0.3376","6.0000"
"117.6050","0.3376","6.0000"
"117.6250","0.3376","6.0000"
"117.6450","0.3376","6.0000"
"117.6650","0.3377","6.0000"
"117.6850","0.3377","6.0001"
"117.7050","0.3377","6.0001"
"117.7250","0.3377","6.0001"
"117.7450","0.3377","6.0000"
"117.7650","0.3377","6.0000"
"117.7850","0.3377","6.0000"
"117.8050","0.3377","6.0001"
"117.8250","0.3377","6.0001"
"117.8450","0.3377","6.0000"
"117.8650","0.3377","5.9999"
"117.8850","0.3377","5.9999"
"117.9050","0.3377","5.9999"
"117.9250","0.3377","5.9999"
"117.9450","0.3377","6.0000"
"117.9650","0.3377","6.0000"
"117.9850","0.3377","6.0001"
"118.0050","0.3377","6.0001"
"118.0250","0.3377","6.0000"
"118.0450","0.3377","5.9999"
"118.0650","0.3377","5.9999"
"118.0850","0.3377","5.9999"
"118.1050","0.3377","6.0000"
"118.1250","0.3377","6.0000"
"118.1450","0.3377","5.9999"
"118.1650","0.3377","5.9999"
"118.1850","0.3377","6.0000"
"118.2050","0.3377","5.9999"
"118.2250","0.3377","5.9999"
"118.2450","0.3377","6.0000"
"118.2650","0.3377","6.0000"
"118.2850","0.3377","6.0001"
"118.3050","0.3377","6.0000"
"118.3250","0.3377","5.9999"
"118.3450","0.3377","5.9999"
"118.3650","0.3377","5.9999"
"118.3850","0.3377","5.9999"
"118.4050","0.3377","5.9999"
"118.4250","0.3377","5.9999"
"118.4450","0.3377","6.0000"
"118.4650","0.3377","6.0000"
"118.4850","0.3377","6.0000"
"118.5050","0.3377","6.0000"
"118.5250","0.3377","5.9999"
"118.5450","0.3377","5.9999"
"118.5650","0.3377","6.0000"
"118.5850","0.3377","5.9999"
"118.6050","0.3377","5.9999"
"118.6250","0.3377","5.9999"
"118.6450","0.3377","6.0000"
"118.6650","0.3377","5.9999"
"118.6850","0.3377","5.9999"
"118.7050","0.3377","5.9999"
"118.7250","0.3377","6.0000"
"118.7450","0.3377","6.0000"
"118.7650","0.3377","6.0000"
"118.7850","0.3377","6.0000"
"118.8050","0.3377","6.0000"
"118.8250","0.3377","6.0000"
"118.8450","0.3377","6.0000"
"118.8650","0.3377","6.0000"
"118.8850","0.3377","6.0000"
"118.9050","0.3377","6.0000"
"118.9250","0.3377","6.0000"
"118.9450","0.3377","6.0000"
"118.9650","0.3377","6.0000"
"118.9850","0.3377","6.0000"
"119.0050","0.3377","6.0000"
"119.0250","0.3377","6.0000"
"119.0450","0.3377","6.0000"
"119.0650","0.3377","5.9999"
"119.0850","0.3377","5.9999"
"119.1050","0.3377","5.9999"
"119.1250","0.3377","6.0000"
"119.1450","0.3377","6.0000"
"119.1650","0.3377","6.0000"
"119.1850","0.3377","6.0000"
"119.2050","0.3377","6.0000"
"119.2250","0.3377","6.0000"
"119.2450","0.3377","6.0000"
"119.2650","0.3377","6.0000"
"119.2850","0.3377","6.0000"
"119.3050","0.3377","6.0000"
"119.3250","0.3377","6.0000"
"119.3450","0.3377","5.9999"
"119.3650","0.3377","6.0000"
"119.3850","0.3377","6.0000"
"119.4050","0.3377","6.0000"
"119.4250","0.3377","6.0000"
"119.4450","0.3377","6.0000"
"119.4650","0.3377","6.0000"
"119.4850","0.3378","6.0000"
"119.5050","0.3378","6.0000"
"119.5250","0.3378","6.0000"
"119.5450","0.3378","6.0000"
"119.5650","0.3378","6.0000"
"119.5850","0.3378","6.0000"
"119.6050","0.3378","6.0000"
"119.6250","0.3378","6.0001"
"119.6450","0.3378","6.0000"
"119.6650","0.3378","6.0000"
"119.6850","0.3378","6.0000"
"119.7050","0.3378","6.0000"
"119.7250","0.3378","6.0001"
"119.7450","0.3378","6.0001"
"119.7650","0.3378","6.0000"
"119.7850","0.3378","6.0000"
"119.8050","0.3378","6.0000"
"119.8250","0.3378","6.0000"
"119.8450","0.3378","6.0000"
"119.8650","0.3378","6.0000"
"119.8850","0.3378","5.9999"
"119.9050","0.3378","5.9999"
"119.9250","0.3378","6.0000"
"119.9450","0.3378","6.0001"
"119.9650","0.3378","6.0000"
"119.9850","0.3378","5.9999"
"120.0050","0.3378","6.0000"
"120.0250","0.3378","6.0001"
"120.0450","0.3378","6.0001"
"120.0650","0.3378","6.0000"
"120.0850","0.3378","6.0000"
"120.1050","0.3378","5.9999"
"120.1250","0.3378","5.9999"
"120.1450","0.3378","5.9999"
"120.1650","0.3378","5.9999"
"120.1850","0.3378","5.9999"
"120.2050","0.3378","5.9999"
"120.2250","0.3378","5.9999"
"120.2450","0.3378","5.9999"
"120.2650","0.3378","5.9999"
"120.2850","0.3378","6.0000"
"120.3050","0.3378","6.0000"
"120.3250","0.3378","6.0000"
"120.3450","0.3378","6.0000"
"120.3650","0.3378","5.9999"
"120.3850","0.3378","5.9999"
"120.4050","0.3378","6.0000"
"120.4250","0.3378","6.0001"
"120.4450","0.3378","6.0000"
"120.4650","0.3378","5.9999"
"120.4850","0.3378","5.9999"
"120.5050","0.3378","6.0000"
"120.5250","0.3378","5.9999"
"120.5450","0.3378","6.0000"
"120.5650","0.3378","6.0000"
"120.5850","0.3378","6.0000"
"120.6050","0.3378","6.0000"
"120.6250","0.3378","6.0000"
"120.6450","0.3378","6.0000"
"120.6650","0.3378","6.0000"
"120.6850","0.3378","6.0001"
"120.7050","0.3378","6.0001"
"120.7250","0.3378","6.0000"
"120.7450","0.3378","6.0000"
"120.7650","0.3378","5.9999"
"120.7850","0.3378","6.0000"
"120.8050","0.3378","6.0000"
"120.8250","0.3378","5.9999"
"120.8450","0.3378","6.0000"
"120.8650","0.3378","6.0000"
"120.8850","0.3378","6.0000"
"120.9050","0.3378","5.9999"
"120.9250","0.3378","5.9999"
"120.9450","0.3378","5.9999"
"120.9650","0.3378","5.9999"
"120.9850","0.3378","5.9999"
"121.0050","0.3378","6.0000"
"121.0250","0.3378","6.0000"
"121.0450","0.3378","6.0000"
"121.0650","0.3378","6.0000"
"121.0850","0.3378","6.0000"
"121.1050","0.3378","5.9999"
"121.1250","0.3378","5.9999"
"121.1450","0.3378","6.0000"
"121.1650","0.3378","6.0000"
"121.1850","0.3378","6.0001"
"121.2050","0.3378","6.0000"
"121.2250","0.3378","6.0000"
"121.2450","0.3379","6.0000"
"121.2650","0.3379","5.9999"
"121.2850","0.3379","6.0000"
"121.3050","0.3379","6.0000"
"121.3250","0.3379","6.0000"
"121.3450","0.3379","5.9999"
"121.3650","0.3379","5.9999"
"121.3850","0.3379","5.9999"
"121.4050","0.3379","5.9999"
"121.4250","0.3379","6.0000"
"121.4450","0.3379","6.0000"
"121.4650","0.3379","6.0000"
"121.4850","0.3379","5.9999"
"121.5050","0.3379","5.9999"
"121.5250","0.3379","5.9999"
"121.5450","0.3379","5.9999"
"121.5650","0.3379","5.9999"
"121.5850","0.3379","6.0000"
"121.6050","0.3379","6.0000"
"121.6250","0.3379","6.0000"
"121.6450","0.3379","6.0000"
"121.6650","0.3379","6.0000"
"121.6850","0.3379","6.0000"
"121.7050","0.3379","6.0000"
"121.7250","0.3379","6.0000"
"121.7450","0.3379","5.9999"
"121.7650","0.3379","6.0000"
"121.7850","0.3379","5.9999"
"121.8050","0.3379","6.0000"
"121.8250","0.3379","5.9999"
"121.8450","0.3379","5.9999"
"121.8650","0.3379","6.0000"
"121.8850","0.3379","6.0001"
"121.9050","0.3379","6.0000"
"121.9250","0.3379","6.0000"
"121.9450","0.3379","6.0000"
"121.9650","0.3379","6.0000"
"121.9850","0.3379","5.9999"
"122.0050","0.3379","5.9999"
"122.0250","0.3379","6.0000"
"122.0450","0.3379","6.0000"
"122.0650","0.3379","6.0000"
"122.0850","0.3379","6.0000"
"122.1050","0.3379","6.0000"
"122.1250","0.3379","6.0000"
"122.1450","0.3379","6.0000"
"122.1650","0.3379","5.9999"
"122.1850","0.3379","5.9999"
"122.2050","0.3379","5.9999"
"122.2250","0.3379","6.0000"
"122.2450","0.3379","6.0000"
"122.2650","0.3379","6.0000"
"122.2850","0.3379","6.0000"
"122.3050","0.3379","6.0000"
"122.3250","0.3379","6.0000"
"122.3450","0.3379","6.0000"
"122.3650","0.3379","6.0000"
"122.3850","0.3379","6.0000"
"122.4050","0.3379","6.0000"
"122.4250","0.3379","6.0000"
"122.4450","0.3379","6.0000"
"122.4650","0.3379","6.0000"
"122.4850","0.3379","5.9999"
"122.5050","0.3379","5.9999"
"122.5250","0.3379","5.9999"
"122.5450","0.3379","5.9999"
"122.5650","0.3379","6.0000"
"122.5850","0.3379","6.0000"
"122.6050","0.3379","6.0000"
"122.6250","0.3379","6.0000"
"122.6450","0.3379","6.0000"
"122.6650","0.3379","6.0000"
"122.6850","0.3379","5.9999"
"122.7050","0.3379","6.0000"
"122.7250","0.3379","6.0000"
"122.7450","0.3379","6.0000"
"122.7650","0.3379","6.0000"
"122.7850","0.3379","6.0000"
"122.8050","0.3379","6.0000"
"122.8250","0.3379","6.0000"
"122.8450","0.3379","6.0000"
"122.8650","0.3379","6.0000"
"122.8850","0.3379","6.0000"
"122.9050","0.3379","5.9999"
"122.9250","0.3379","6.0000"
"122.9450","0.3379","6.0000"
"122.9650","0.3379","6.0000"
"122.9850","0.3379","6.0000"
"123.0050","0.3379","6.0000"
"123.0250","0.3379","6.0000"
"123.0450","0.3380","6.0001"
"123.0650","0.3380","6.0001"
"123.0850","0.3380","6.0001"
"123.1050","0.3380","6.0000"
"123.1250","0.3380","6.0000"
"123.1450","0.3380","6.0000"
"123.1650","0.3380","6.0000"
"123.1850","0.3380","6.0001"
"123.2050","0.3380","6.0000"
"123.2250","0.3380","6.0000"
"123.2450","0.3380","5.9999"
"123.2650","0.3380","5.9999"
"123.2850","0.3380","5.9999"
"123.3050","0.3380","6.0000"
"123.3250","0.3380","6.0000"
"123.3450","0.3380","5.9999"
"123.3650","0.3380","6.0000"
"123.3850","0.3380","5.9999"
"123.4050","0.3380","5.9999"
"123.4250","0.3380","5.9999"
"123.4450","0.3380","5.9999"
"123.4650","0.3380","5.9999"
"123.4850","0.3380","5.9999"
"123.5050","0.3380","5.9999"
"123.5250","0.3380","6.0000"
"123.5450","0.3380","6.0000"
"123.5650","0.3380","5.9999"
"123.5850","0.3380","6.0000"
"123.6050","0.3380","6.0001"
"123.6250","0.3380","6.0000"
"123.6450","0.3380","5.9999"
"123.6650","0.3380","5.9999"
"123.6850","0.3380","6.0000"
"123.7050","0.3380","5.9999"
"123.7250","0.3380","5.9999"
"123.7450","0.3380","6.0000"
"123.7650","0.3380","6.0000"
"123.7850","0.3380","5.9999"
"123.8050","0.3380","5.9999"
"123.8250","0.3380","6.0000"
"123.8450","0.3380","6.0000"
"123.8650","0.3380","5.9999"
"123.8850","0.3380","6.0000"
"123.9050","0.3380","6.0000"
"123.9250","0.3380","6.0000"
"123.9450","0.3380","6.0000"
"123.9650","0.3380","6.0000"
"123.9850","0.3380","6.0000"
"124.0050","0.3380","6.0001"
"124.0250","0.3380","6.0001"
"124.0450","0.3380","6.0001"
"124.0650","0.3380","6.0000"
"124.0850","0.3380","6.0000"
"124.1050","0.3380","6.0000"
"124.1250","0.3380","6.0000"
"124.1450","0.3380","6.0000"
"124.1650","0.3380","6.0000"
"124.1850","0.3380","5.9999"
"124.2050","0.3380","5.9999"
"124.2250","0.3380","5.9999"
"124.2450","0.3380","6.0000"
"124.2650","0.3380","6.0000"
"124.2850","0.3380","6.0000"
"124.3050","0.3380","5.9999"
"124.3250","0.3380","5.9999"
"124.3450","0.3380","5.9999"
"124.3650","0.3380","5.9999"
"124.3850","0.3380","5.9999"
"124.4050","0.3380","5.9999"
"124.4250","0.3380","6.0000"
"124.4450","0.3380","6.0000"
"124.4650","0.3380","6.0000"
"124.4850","0.3380","5.9999"
"124.5050","0.3380","6.0000"
"124.5250","0.3380","6.0000"
"124.5450","0.3380","6.0000"
"124.5650","0.3380","5.9999"
"124.5850","0.3380","5.9999"
"124.6050","0.3380","5.9999"
"124.6250","0.3380","6.0000"
"124.6450","0.3380","6.0000"
"124.6650","0.3380","5.9999"
"124.6850","0.3380","5.9999"
"124.7050","0.3380","5.9999"
"124.7250","0.3380","6.0000"
"124.7450","0.3380","6.0001"
"124.7650","0.3380","6.0000"
"124.7850","0.3380","6.0000"
"124.8050","0.3380","6.0000"
"124.8250","0.3380","5.9999"
"124.8450","0.3380","5.9999"
"124.8650","0.3381","6.0000"
"124.8850","0.3381","5.9999"
"124.9050","0.3381","5.9999"
"124.9250","0.3381","5.9999"
"124.9450","0.3381","6.0000"
"124.9650","0.3381","6.0000"
"124.9850","0.3381","6.0000"
"125.0050","0.3381","6.0000"
"125.0250","0.3381","6.0000"
"125.0450","0.3381","6.0000"
"125.0650","0.3381","6.0000"
"125.0850","0.3381","6.0000"
"125.1050","0.3381","6.0001"
"125.1250","0.3381","6.0000"
"125.1450","0.3381","6.0000"
"125.1650","0.3381","6.0000"
"125.1850","0.3381","6.0000"
"125.2050","0.3381","5.9999"
"125.2250","0.3381","5.9999"
"125.2450","0.3381","6.0000"
"125.2650","0.3381","6.0000"
"125.2850","0.3381","6.0000"
"125.3050","0.3381","6.0000"
"125.3250","0.3381","6.0000"
"125.3450","0.3381","6.0000"
"125.3650","0.3381","5.9999"
"125.3850","0.3381","5.9999"
"125.4050","0.3381","5.9999"
"125.4250","0.3381","6.0000"
"125.4450","0.3381","6.0000"
"125.4650","0.3381","6.0001"
"125.4850","0.3381","6.0001"
"125.5050","0.3381","6.0000"
"125.5250","0.3381","6.0000"
"125.5450","0.3381","5.9999"
"125.5650","0.3381","5.9999"
"125.5850","0.3381","5.9999"
"125.6050","0.3381","6.0000"
"125.6250","0.3381","6.0000"
"125.6450","0.3381","6.0000"
"125.6650","0.3381","6.0000"
"125.6850","0.3381","6.0000"
"125.7050","0.3381","5.9999"
"125.7250","0.3381","5.9999"
"125.7450","0.3381","5.9999"
"125.7650","0.3381","6.0000"
"125.7850","0.3381","6.0000"
"125.8050","0.3381","6.0000"
"125.8250","0.3381","6.0000"
"125.8450","0.3381","6.0000"
"125.8650","0.3381","6.0000"
"125.8850","0.3381","5.9999"
"125.9050","0.3381","5.9999"
"125.9250","0.3381","6.0000"
"125.9450","0.3381","6.0000"
"125.9650","0.3381","5.9999"
"125.9850","0.3381","5.9999"
"126.0050","0.3381","5.9999"
"126.0250","0.3381","5.9999"
"126.0450","0.3381","6.0000"
"126.0650","0.3381","5.9999"
"126.0850","0.3381","5.9999"
"126.1050","0.3381","6.0000"
"126.1250","0.3381","6.0000"
"126.1450","0.3381","6.0000"
"126.1650","0.3381","6.0000"
"126.1850","0.3381","6.0000"
"126.2050","0.3381","6.0000"
"126.2250","0.3381","6.0000"
"126.2450","0.3381","6.0000"
"126.2650","0.3381","6.0000"
"126.2850","0.3381","6.0000"
"126.3050","0.3381","6.0000"
"126.3250","0.3381","6.0000"
"126.3450","0.3381","6.0001"
"126.3650","0.3381","6.0000"
"126.3850","0.3381","6.0001"
"126.4050","0.3381","6.0000"
"126.4250","0.3381","6.0000"
"126.4450","0.3381","6.0000"
"126.4650","0.3381","6.0000"
"126.4850","0.3381","5.9999"
"126.5050","0.3381","6.0000"
"126.5250","0.3381","6.0000"
"126.5450","0.3381","6.0000"
"126.5650","0.3381","6.0000"
"126.5850","0.3381","6.0000"
"126.6050","0.3381","6.0000"
"126.6250","0.3381","5.9999"
"126.6450","0.3381","5.9999"
"126.6650","0.3381","5.9999"
"126.6850","0.3381","5.9999"
"126.7050","0.3381","5.9999"
"126.7250","0.3381","6.0000"
"126.7450","0.3381","5.9999"
"126.7650","0.3381","5.9999"
"126.7850","0.3381","6.0000"
"126.8050","0.3382","6.0000"
"126.8250","0.3382","6.0000"
"126.8450","0.3382","6.0000"
"126.8650","0.3382","5.9999"
"126.8850","0.3382","5.9999"
"126.9050","0.3382","5.9999"
"126.9250","0.3382","6.0000"
"126.9450","0.3382","6.0000"
"126.9650","0.3382","5.9999"
"126.9850","0.3382","5.9999"
"127.0050","0.3382","5.9999"
"127.0250","0.3382","5.9999"
"127.0450","0.3382","5.9999"
"127.0650","0.3382","6.0000"
"127.0850","0.3382","6.0000"
"127.1050","0.3382","6.0000"
"127.1250","0.3382","6.0000"
"127.1450","0.3382","6.0000"
"127.1650","0.3382","6.0000"
"127.1850","0.3382","6.0001"
"127.2050","0.3382","6.0000"
"127.2250","0.3382","6.0000"
"127.2450","0.3382","6.0000"
"127.2650","0.3382","5.9999"
"127.2850","0.3382","6.0000"
"127.3050","0.3382","6.0000"
"127.3250","0.3382","6.0000"
"127.3450","0.3382","6.0001"
"127.3650","0.3382","6.0000"
"127.3850","0.3382","6.0000"
"127.4050","0.3382","6.0000"
"127.4250","0.3382","6.0000"
"127.4450","0.3382","6.0000"
"127.4650","0.3382","6.0001"
"127.4850","0.3382","6.0001"
"127.5050","0.3382","6.0000"
"127.5250","0.3382","5.9999"
"127.5450","0.3382","5.9999"
"127.5650","0.3382","5.9999"
"127.5850","0.3382","5.9999"
"127.6050","0.3382","5.9999"
"127.6250","0.3382","6.0000"
"127.6450","0.3382","6.0000"
"127.6650","0.3382","6.0000"
"127.6850","0.3382","5.9999"
"127.7050","0.3382","6.0000"
"127.7250","0.3382","6.0000"
"127.7450","0.3382","5.9999"
"127.7650","0.3382","5.9999"
"127.7850","0.3382","5.9999"
"127.8050","0.3382","5.9999"
"127.8250","0.3382","6.0000"
"127.8450","0.3382","5.9999"
"127.8650","0.3382","6.0000"
"127.8850","0.3382","5.9999"
"127.9050","0.3382","5.9999"
"127.9250","0.3382","6.0000"
"127.9450","0.3382","6.0000"
"127.9650","0.3382","6.0000"
"127.9850","0.3382","5.9999"
"128.0050","0.3382","5.9999"
"128.0250","0.3382","5.9999"
"128.0450","0.3382","6.0000"
"128.0650","0.3382","6.0000"
"128.0850","0.3382","6.0000"
"128.1050","0.3382","6.0000"
"128.1250","0.3382","6.0000"
"128.1450","0.3382","5.9999"
"128.1650","0.3382","6.0000"
"128.1850","0.3382","6.0000"
"128.2050","0.3382","6.0000"
"128.2250","0.3382","6.0000"
"128.2450","0.3382","6.0000"
"128.2650","0.3382","6.0000"
"128.2850","0.3382","6.0000"
"128.3050","0.3382","6.0000"
"128.3250","0.3382","5.9999"
"128.3450","0.3382","5.9999"
"128.3650","0.3382","5.9999"
"128.3850","0.3382","5.9999"
"128.4050","0.3382","5.9999"
"128.4250","0.3382","5.9999"
"128.4450","0.3382","6.0000"
"128.4650","0.3382","6.0000"
"128.4850","0.3382","6.0000"
"128.5050","0.3382","6.0000"
"128.5250","0.3382","6.0000"
"128.5450","0.3382","5.9999"
"128.5650","0.3382","6.0000"
"128.5850","0.3382","6.0001"
"128.6050","0.3382","6.0000"
"128.6250","0.3382","6.0000"
"128.6450","0.3382","6.0000"
"128.6650","0.3382","6.0000"
"128.6850","0.3383","6.0000"
"128.7050","0.3383","5.9999"
"128.7250","0.3383","5.9999"
"128.7450","0.3383","5.9999"
"128.7650","0.3383","6.0000"
"128.7850","0.3383","6.0000"
"128.8050","0.3383","6.0000"
"128.8250","0.3383","6.0000"
"128.8450","0.3383","5.9999"
"128.8650","0.3383","6.0000"
"128.8850","0.3383","5.9999"
"128.9050","0.3383","5.9999"
"128.9250","0.3383","5.9998"
"128.9450","0.3383","6.0000"
"128.9650","0.3383","6.0000"
"128.9850","0.3383","6.0000"
"129.0050","0.3383","6.0000"
"129.0250","0.3383","6.0000"
"129.0450","0.3383","5.9999"
"129.0650","0.3383","6.0000"
"129.0850","0.3383","6.0000"
"129.1050","0.3383","5.9999"
"129.1250","0.3383","5.9999"
"129.1450","0.3383","6.0000"
"129.1650","0.3383","5.9999"
"129.1850","0.3383","5.9999"
"129.2050","0.3383","5.9999"
"129.2250","0.3383","5.9999"
"129.2450","0.3383","6.0000"
"129.2650","0.3383","6.0000"
"129.2850","0.3383","6.0000"
"129.3050","0.3383","6.0000"
"129.3250","0.3383","5.9999"
"129.3450","0.3383","5.9999"
"129.3650","0.3383","5.9999"
"129.3850","0.3383","5.9999"
"129.4050","0.3383","5.9999"
"129.4250","0.3383","5.9999"
"129.4450","0.3383","6.0000"
"129.4650","0.3383","5.9999"
"129.4850","0.3383","6.0000"
"129.5050","0.3383","6.0000"
"129.5250","0.3383","6.0000"
"129.5450","0.3383","5.9999"
"129.5650","0.3383","6.0000"
"129.5850","0.3383","6.0000"
"129.6050","0.3383","6.0000"
"129.6250","0.3383","6.0000"
"129.6450","0.3383","6.0000"
"129.6650","0.3383","6.0000"
"129.6850","0.3383","5.9999"
"129.7050","0.3383","5.9999"
"129.7250","0.3383","5.9999"
"129.7450","0.3383","6.0000"
"129.7650","0.3383","6.0000"
"129.7850","0.3383","6.0000"
"129.8050","0.3383","6.0000"
"129.8250","0.3383","6.0000"
"129.8450","0.3383","6.0000"
"129.8650","0.3383","6.0000"
"129.8850","0.3383","6.0000"
"129.9050","0.3383","6.0000"
"129.9250","0.3383","6.0000"
"129.9450","0.3383","6.0000"
"129.9650","0.3383","6.0000"
"129.9850","0.3383","6.0000"
"130.0050","0.3383","6.0000"
"130.0250","0.3383","6.0000"
"130.0450","0.3383","5.9999"
"130.0650","0.3383","5.9999"
"130.0850","0.3383","5.9999"
"130.1050","0.3383","5.9999"
"130.1250","0.3383","6.0000"
"130.1450","0.3383","6.0000"
"130.1650","0.3383","5.9999"
"130.1850","0.3383","6.0000"
"130.2050","0.3383","6.0000"
"130.2250","0.3383","6.0000"
"130.2450","0.3383","6.0000"
"130.2650","0.3383","5.9999"
"130.2850","0.3383","5.9999"
"130.3050","0.3383","5.9999"
"130.3250","0.3383","6.0000"
"130.3450","0.3383","6.0000"
"130.3650","0.3383","5.9999"
"130.3850","0.3383","5.9999"
"130.4050","0.3383","5.9999"
"130.4250","0.3383","5.9999"
"130.4450","0.3383","5.9999"
"130.4650","0.3383","5.9999"
"130.4850","0.3383","5.9999"
"130.5050","0.3383","5.9999"
"130.5250","0.3383","5.9999"
"130.5450","0.3383","5.9999"
"130.5650","0.3383","5.9999"
"130.5850","0.3383","5.9999"
"130.6050","0.3383","5.9999"
"130.6250","0.3384","5.9999"
"130.6450","0.3384","6.0000"
"130.6650","0.3384","6.0000"
"130.6850","0.3384","6.0000"
"130.7050","0.3384","6.0000"
"130.7250","0.3384","5.9999"
"130.7450","0.3384","5.9999"
"130.7650","0.3384","6.0000"
"130.7850","0.3384","6.0000"
"130.8050","0.3384","6.0000"
"130.8250","0.3384","6.0000"
"130.8450","0.3384","6.0000"
"130.8650","0.3384","6.0000"
"130.8850","0.3384","6.0000"
"130.9050","0.3384","5.9999"
"130.9250","0.3384","6.0000"
"130.9450","0.3384","5.9999"
"130.9650","0.3384","5.9999"
"130.9850","0.3384","5.9999"
"131.0050","0.3384","5.9999"
"131.0250","0.3384","5.9999"
"131.0450","0.3384","5.9999"
"131.0650","0.3384","5.9999"
"131.0850","0.3384","5.9999"
"131.1050","0.3384","5.9999"
"131.1250","0.3384","5.9999"
"131.1450","0.3384","6.0000"
"131.1650","0.3384","6.0000"
"131.1850","0.3384","5.9999"
"131.2050","0.3384","5.9999"
"131.2250","0.3384","5.9999"
"131.2450","0.3384","6.0000"
"131.2650","0.3384","6.0000"
"131.2850","0.3384","6.0000"
"131.3050","0.3384","6.0000"
"131.3250","0.3384","5.9999"
"131.3450","0.3384","5.9999"
"131.3650","0.3384","6.0000"
"131.3850","0.3384","5.9999"
"131.4050","0.3384","5.9999"
"131.4250","0.3384","6.0000"
"131.4450","0.3384","5.9999"
"131.4650","0.3384","5.9999"
"131.4850","0.3384","5.9999"
"131.5050","0.3384","5.9999"
"131.5250","0.3384","5.9999"
"131.5450","0.3384","6.0000"
"131.5650","0.3384","6.0000"
"131.5850","0.3384","5.9999"
"131.6050","0.3384","5.9999"
"131.6250","0.3384","6.0000"
"131.6450","0.3384","6.0000"
"131.6650","0.3384","6.0000"
"131.6850","0.3384","6.0000"
"131.7050","0.3384","6.0000"
"131.7250","0.3384","6.0000"
"131.7450","0.3384","6.0000"
"131.7650","0.3384","6.0000"
"131.7850","0.3384","6.0000"
"131.8050","0.3384","6.0000"
"131.8250","0.3384","6.0001"
"131.8450","0.3384","6.0001"
"131.8650","0.3384","6.0000"
"131.8850","0.3384","5.9999"
"131.9050","0.3384","6.0000"
"131.9250","0.3384","6.0000"
"131.9450","0.3384","6.0000"
"131.9650","0.3384","5.9999"
"131.9850","0.3384","5.9998"
"132.0050","0.3384","5.9999"
"132.0250","0.3384","6.0000"
"132.0450","0.3384","5.9999"
"132.0650","0.3384","5.9999"
"132.0850","0.3384","5.9999"
"132.1050","0.3384","6.0000"
"132.1250","0.3384","5.9999"
"132.1450","0.3384","5.9999"
"132.1650","0.3384","5.9999"
"132.1850","0.3384","5.9999"
"132.2050","0.3384","5.9999"
"132.2250","0.3384","5.9999"
"132.2450","0.3384","6.0000"
"132.2650","0.3384","5.9999"
"132.2850","0.3384","5.9999"
"132.3050","0.3384","5.9999"
"132.3250","0.3384","5.9999"
"132.3450","0.3384","5.9999"
"132.3650","0.3384","5.9999"
"132.3850","0.3384","6.0000"
"132.4050","0.3384","5.9999"
"132.4250","0.3384","5.9999"
"132.4450","0.3384","6.0000"
"132.4650","0.3384","5.9999"
"132.4850","0.3384","5.9999"
"132.5050","0.3384","6.0000"
"132.5250","0.3384","6.0000"
"132.5450","0.3384","6.0000"
"132.5650","0.3384","6.0000"
"132.5850","0.3385","6.0000"
"132.6050","0.3385","5.9999"
"132.6250","0.3385","6.0000"
"132.6450","0.3385","6.0000"
"132.6650","0.3385","6.0000"
"132.6850","0.3385","6.0000"
"132.7050","0.3385","6.0000"
"132.7250","0.3385","6.0000"
"132.7450","0.3385","5.9999"
"132.7650","0.3385","5.9999"
"132.7850","0.3385","5.9999"
"132.8050","0.3385","5.9999"
"132.8250","0.3385","6.0000"
"132.8450","0.3385","6.0000"
"132.8650","0.3385","5.9999"
"132.8850","0.3385","5.9999"
"132.9050","0.3385","5.9999"
"132.9250","0.3385","6.0000"
"132.9450","0.3385","6.0001"
"132.9650","0.3385","6.0000"
"132.9850","0.3385","6.0000"
"133.0050","0.3385","5.9999"
"133.0250","0.3385","5.9999"
"133.0450","0.3385","5.9999"
"133.0650","0.3385","6.0000"
"133.0850","0.3385","5.9999"
"133.1050","0.3385","5.9999"
"133.1250","0.3385","5.9999"
"133.1450","0.3385","5.9999"
"133.1650","0.3385","6.0000"
"133.1850","0.3385","5.9999"
"133.2050","0.3385","5.9999"
"133.2250","0.3385","6.0000"
"133.2450","0.3385","6.0000"
"133.2650","0.3385","6.0000"
"133.2850","0.3385","5.9999"
"133.3050","0.3385","5.9999"
"133.3250","0.3385","5.9999"
"133.3450","0.3385","6.0000"
"133.3650","0.3385","5.9999"
"133.3850","0.3385","5.9999"
"133.4050","0.3385","5.9999"
"133.4250","0.3385","6.0000"
"133.4450","0.3385","6.0000"
"133.4650","0.3385","5.9999"
"133.4850","0.3385","5.9999"
"133.5050","0.3385","5.9999"
"133.5250","0.3385","5.9999"
"133.5450","0.3385","5.9999"
"133.5650","0.3385","6.0000"
"133.5850","0.3385","6.0000"
"133.6050","0.3385","6.0000"
"133.6250","0.3385","6.0000"
"133.6450","0.3385","6.0000"
"133.6650","0.3385","6.0000"
"133.6850","0.3385","5.9999"
"133.7050","0.3385","6.0000"
"133.7250","0.3385","5.9999"
"133.7450","0.3385","5.9999"
"133.7650","0.3385","5.9999"
"133.7850","0.3385","5.9999"
"133.8050","0.3385","5.9999"
"133.8250","0.3385","6.0000"
"133.8450","0.3385","6.0000"
"133.8650","0.3385","6.0000"
"133.8850","0.3385","6.0000"
"133.9050","0.3385","6.0000"
"133.9250","0.3385","5.9999"
"133.9450","0.3385","5.9998"
"133.9650","0.3385","5.9999"
"133.9850","0.3385","5.9999"
"134.0050","0.3385","6.0000"
"134.0250","0.3385","6.0000"
"134.0450","0.3385","6.0000"
"134.0650","0.3385","5.9999"
"134.0850","0.3385","6.0000"
"134.1050","0.3385","6.0000"
"134.1250","0.3385","6.0000"
"134.1450","0.3385","6.0000"
"134.1650","0.3385","6.0000"
"134.1850","0.3385","6.0000"
"134.2050","0.3385","5.9999"
"134.2250","0.3385","6.0000"
"134.2450","0.3385","6.0001"
"134.2650","0.3385","6.0001"
"134.2850","0.3385","6.0000"
"134.3050","0.3385","6.0000"
"134.3250","0.3385","6.0000"
"134.3450","0.3385","5.9999"
"134.3650","0.3385","5.9999"
"134.3850","0.3385","5.9999"
"134.4050","0.3385","6.0000"
"134.4250","0.3385","6.0000"
"134.4450","0.3385","6.0000"
"134.4650","0.3385","6.0000"
"134.4850","0.3385","6.0000"
"134.5050","0.3385","6.0000"
"134.5250","0.3385","5.9999"
"134.5450","0.3385","5.9999"
"134.5650","0.3385","5.9999"
"134.5850","0.3386","5.9999"
"134.6050","0.3386","6.0000"
"134.6250","0.3386","5.9999"
"134.6450","0.3386","6.0000"
"134.6650","0.3386","6.0000"
"134.6850","0.3386","5.9999"
"134.7050","0.3386","5.9999"
"134.7250","0.3386","6.0000"
"134.7450","0.3386","6.0000"
"134.7650","0.3386","5.9999"
"134.7850","0.3386","5.9998"
"134.8050","0.3386","5.9999"
"134.8250","0.3386","6.0000"
"134.8450","0.3386","5.9999"
"134.8650","0.3386","6.0000"
"134.8850","0.3386","6.0000"
"134.9050","0.3386","6.0000"
"134.9250","0.3386","6.0000"
"134.9450","0.3386","6.0000"
"134.9650","0.3386","6.0000"
"134.9850","0.3386","5.9999"
"135.0050","0.3386","5.9999"
"135.0250","0.3386","5.9999"
"135.0450","0.3386","5.9999"
"135.0650","0.3386","6.0000"
"135.0850","0.3386","5.9999"
"135.1050","0.3386","6.0000"
"135.1250","0.3386","6.0000"
"135.1450","0.3386","6.0000"
"135.1650","0.3386","5.9999"
"135.1850","0.3386","5.9999"
"135.2050","0.3386","5.9998"
"135.2250","0.3386","5.9999"
"135.2450","0.3386","6.0000"
"135.2650","0.3386","6.0000"
"135.2850","0.3386","6.0001"
"135.3050","0.3386","6.0001"
"135.3250","0.3386","6.0000"
"135.3450","0.3386","6.0000"
"135.3650","0.3386","5.9999"
"135.3850","0.3386","6.0000"
"135.4050","0.3386","6.0000"
"135.4250","0.3386","6.0000"
"135.4450","0.3386","6.0000"
"135.4650","0.3386","6.0000"
"135.4850","0.3386","6.0000"
"135.5050","0.3386","6.0000"
"135.5250","0.3386","5.9999"
"135.5450","0.3386","5.9998"
"135.5650","0.3386","5.9999"
"135.5850","0.3386","6.0000"
"135.6050","0.3386","6.0000"
"135.6250","0.3386","6.0000"
"135.6450","0.3386","5.9999"
"135.6650","0.3386","6.0000"
"135.6850","0.3386","5.9999"
"135.7050","0.3386","6.0000"
"135.7250","0.3386","6.0000"
"135.7450","0.3386","5.9999"
"135.7650","0.3386","5.9998"
"135.7850","0.3386","5.9999"
"135.8050","0.3386","5.9999"
"135.8250","0.3386","5.9999"
"135.8450","0.3386","5.9999"
"135.8650","0.3386","5.9999"
"135.8850","0.3386","6.0000"
"135.9050","0.3386","6.0000"
"135.9250","0.3386","5.9999"
"135.9450","0.3386","5.9999"
"135.9650","0.3386","5.9999"
"135.9850","0.3386","5.9999"
"136.0050","0.3386","5.9998"
"136.0250","0.3386","5.9999"
"136.0450","0.3386","6.0000"
"136.0650","0.3386","6.0000"
"136.0850","0.3386","5.9999"
"136.1050","0.3386","5.9999"
"136.1250","0.3386","5.9999"
"136.1450","0.3386","5.9999"
"136.1650","0.3386","5.9998"
"136.1850","0.3386","5.9999"
"136.2050","0.3386","5.9999"
"136.2250","0.3386","5.9999"
"136.2450","0.3386","5.9999"
"136.2650","0.3386","5.9999"
"136.2850","0.3386","5.9998"
"136.3050","0.3386","5.9999"
"136.3250","0.3386","5.9999"
"136.3450","0.3386","6.0000"
"136.3650","0.3386","5.9999"
"136.3850","0.3386","5.9999"
"136.4050","0.3386","5.9999"
"136.4250","0.3386","5.9999"
"136.4450","0.3386","6.0000"
"136.4650","0.3386","6.0000"
"136.4850","0.3386","6.0000"
"136.5050","0.3386","5.9999"
"136.5250","0.3386","5.9999"
"136.5450","0.3386","5.9999"
"136.5650","0.3386","6.0000"
"136.5850","0.3387","6.0000"
"136.6050","0.3387","6.0000"
"136.6250","0.3387","6.0000"
"136.6450","0.3387","6.0000"
"136.6650","0.3387","6.0000"
"136.6850","0.3387","6.0000"
"136.7050","0.3387","6.0000"
"136.7250","0.3387","6.0000"
"136.7450","0.3387","5.9999"
"136.7650","0.3387","5.9999"
"136.7850","0.3387","5.9999"
"136.8050","0.3387","5.9999"
"136.8250","0.3387","5.9999"
"136.8450","0.3387","6.0000"
"136.8650","0.3387","6.0000"
"136.8850","0.3387","5.9999"
"136.9050","0.3387","5.9999"
"136.9250","0.3387","5.9999"
"136.9450","0.3387","6.0000"
"136.9650","0.3387","6.0000"
"136.9850","0.3387","5.9999"
"137.0050","0.3387","5.9999"
"137.0250","0.3387","5.9999"
"137.0450","0.3387","5.9999"
"137.0650","0.3387","5.9999"
"137.0850","0.3387","5.9999"
"137.1050","0.3387","5.9999"
"137.1250","0.3387","5.9999"
"137.1450","0.3387","5.9999"
"137.1650","0.3387","5.9999"
"137.1850","0.3387","5.9999"
"137.2050","0.3387","5.9999"
"137.2250","0.3387","5.9999"
"137.2450","0.3387","5.9998"
"137.2650","0.3387","5.9999"
"137.2850","0.3387","6.0000"
"137.3050","0.3387","5.9999"
"137.3250","0.3387","5.9999"
"137.3450","0.3387","6.0000"
"137.3650","0.3387","5.9999"
"137.3850","0.3387","5.9999"
"137.4050","0.3387","5.9999"
"137.4250","0.3387","5.9999"
"137.4450","0.3387","6.0000"
"137.4650","0.3387","5.9999"
"137.4850","0.3387","5.9999"
"137.5050","0.3387","5.9998"
"137.5250","0.3387","5.9999"
"137.5450","0.3387","5.9999"
"137.5650","0.3387","6.0000"
"137.5850","0.3387","6.0000"
"137.6050","0.3387","5.9999"
"137.6250","0.3387","5.9999"
"137.6450","0.3387","5.9999"
"137.6650","0.3387","6.0000"
"137.6850","0.3387","5.9999"
"137.7050","0.3387","5.9999"
"137.7250","0.3387","6.0000"
"137.7450","0.3387","6.0000"
"137.7650","0.3387","6.0000"
"137.7850","0.3387","6.0000"
"137.8050","0.3387","5.9999"
"137.8250","0.3387","5.9999"
"137.8450","0.3387","5.9999"
"137.8650","0.3387","5.9999"
"137.8850","0.3387","6.0000"
"137.9050","0.3387","6.0000"
"137.9250","0.3387","5.9999"
"137.9450","0.3387","6.0000"
"137.9650","0.3387","6.0000"
"137.9850","0.3387","6.0000"
"138.0050","0.3387","6.0000"
"138.0250","0.3387","6.0000"
"138.0450","0.3387","6.0000"
"138.0650","0.3387","6.0000"
"138.0850","0.3387","6.0000"
"138.1050","0.3387","6.0000"
"138.1250","0.3387","6.0000"
"138.1450","0.3387","5.9999"
"138.1650","0.3387","5.9999"
"138.1850","0.3387","5.9999"
"138.2050","0.3387","6.0000"
"138.2250","0.3387","6.0000"
"138.2450","0.3387","5.9999"
"138.2650","0.3387","5.9999"
"138.2850","0.3387","5.9999"
"138.3050","0.3387","5.9999"
"138.3250","0.3387","5.9999"
"138.3450","0.3387","5.9998"
"138.3650","0.3387","5.9999"
"138.3850","0.3387","5.9999"
"138.4050","0.3387","5.9999"
"138.4250","0.3387","6.0000"
"138.4450","0.3387","6.0000"
"138.4650","0.3387","6.0000"
"138.4850","0.3387","5.9999"
"138.5050","0.3387","5.9999"
"138.5250","0.3387","5.9999"
"138.5450","0.3387","6.0000"
"138.5650","0.3387","6.0000"
"138.5850","0.3387","5.9999"
"138.6050","0.3387","5.9999"
"138.6250","0.3387","5.9999"
"138.6450","0.3387","5.9999"
"138.6650","0.3387","5.9999"
"138.6850","0.3388","5.9999"
"138.7050","0.3388","5.9999"
"138.7250","0.3388","5.9999"
"138.7450","0.3388","6.0000"
"138.7650","0.3388","5.9999"
"138.7850","0.3388","5.9999"
"138.8050","0.3388","5.9999"
"138.8250","0.3388","6.0000"
"138.8450","0.3388","6.0000"
"138.8650","0.3388","6.0000"
"138.8850","0.3388","6.0000"
"138.9050","0.3388","5.9999"
"138.9250","0.3388","5.9999"
"138.9450","0.3388","5.9999"
"138.9650","0.3388","5.9999"
"138.9850","0.3388","5.9999"
"139.0050","0.3388","5.9999"
"139.0250","0.3388","5.9999"
"139.0450","0.3388","6.0000"
"139.0650","0.3388","5.9999"
"139.0850","0.3388","5.9999"
"139.1050","0.3388","5.9999"
"139.1250","0.3388","6.0000"
"139.1450","0.3388","6.0000"
"139.1650","0.3388","6.0000"
"139.1850","0.3388","6.0001"
"139.2050","0.3388","6.0000"
"139.2250","0.3388","6.0000"
"139.2450","0.3388","6.0000"
"139.2650","0.3388","6.0000"
"139.2850","0.3388","6.0000"
"139.3050","0.3388","6.0000"
"139.3250","0.3388","6.0000"
"139.3450","0.3388","6.0000"
"139.3650","0.3388","6.0000"
"139.3850","0.3388","6.0000"
"139.4050","0.3388","6.0000"
"139.4250","0.3388","5.9999"
"139.4450","0.3388","5.9999"
"139.4650","0.3388","5.9999"
"139.4850","0.3388","5.9999"
"139.5050","0.3388","5.9998"
"139.5250","0.3388","5.9999"
"139.5450","0.3388","6.0000"
"139.5650","0.3388","6.0000"
"139.5850","0.3388","5.9999"
"139.6050","0.3388","5.9998"
"139.6250","0.3388","5.9998"
"139.6450","0.3388","5.9999"
"139.6650","0.3388","5.9999"
"139.6850","0.3388","5.9999"
"139.7050","0.3388","6.0000"
"139.7250","0.3388","5.9999"
"139.7450","0.3388","5.9999"
"139.7650","0.3388","6.0000"
"139.7850","0.3388","5.9999"
"139.8050","0.3388","5.9999"
"139.8250","0.3388","6.0000"
"139.8450","0.3388","6.0000"
"139.8650","0.3388","6.0000"
"139.8850","0.3388","6.0000"
"139.9050","0.3388","6.0000"
"139.9250","0.3388","6.0000"
"139.9450","0.3388","5.9999"
"139.9650","0.3388","5.9999"
"139.9850","0.3388","5.9999"
"140.0050","0.3388","5.9999"
"140.0250","0.3388","6.0000"
"140.0450","0.3388","5.9999"
"140.0650","0.3388","5.9999"
"140.0850","0.3388","5.9999"
"140.1050","0.3388","5.9998"
"140.1250","0.3388","5.9999"
"140.1450","0.3388","6.0000"
"140.1650","0.3388","5.9999"
"140.1850","0.3388","5.9999"
"140.2050","0.3388","6.0000"
"140.2250","0.3388","6.0000"
"140.2450","0.3388","5.9999"
"140.2650","0.3388","5.9999"
"140.2850","0.3388","6.0000"
"140.3050","0.3388","6.0000"
"140.3250","0.3388","5.9999"
"140.3450","0.3388","5.9999"
"140.3650","0.3388","5.9999"
"140.3850","0.3388","6.0000"
"140.4050","0.3388","6.0000"
"140.4250","0.3388","5.9999"
"140.4450","0.3388","5.9999"
"140.4650","0.3388","5.9998"
"140.4850","0.3388","5.9999"
"140.5050","0.3388","5.9999"
"140.5250","0.3388","5.9999"
"140.5450","0.3388","6.0000"
"140.5650","0.3388","6.0000"
"140.5850","0.3388","5.9999"
"140.6050","0.3388","5.9999"
"140.6250","0.3388","5.9999"
"140.6450","0.3388","6.0000"
"140.6650","0.3388","6.0000"
"140.6850","0.3388","6.0000"
"140.7050","0.3388","5.9998"
"140.7250","0.3388","5.9998"
"140.7450","0.3388","5.9999"
"140.7650","0.3388","6.0001"
"140.7850","0.3388","6.0001"
"140.8050","0.3388","6.0000"
"140.8250","0.3389","6.0000"
"140.8450","0.3389","6.0001"
"140.8650","0.3389","5.9999"
"140.8850","0.3389","5.9999"
"140.9050","0.3389","5.9999"
"140.9250","0.3389","5.9999"
"140.9450","0.3389","5.9999"
"140.9650","0.3389","5.9999"
"140.9850","0.3389","6.0000"
"141.0050","0.3389","5.9999"
"141.0250","0.3389","5.9999"
"141.0450","0.3389","6.0000"
"141.0650","0.3389","6.0000"
"141.0850","0.3389","6.0000"
"141.1050","0.3389","6.0000"
"141.1250","0.3389","6.0000"
"141.1450","0.3389","5.9999"
"141.1650","0.3389","6.0000"
"141.1850","0.3389","6.0000"
"141.2050","0.3389","6.0000"
"141.2250","0.3389","6.0000"
"141.2450","0.3389","6.0000"
"141.2650","0.3389","5.9999"
"141.2850","0.3389","5.9998"
"141.3050","0.3389","5.9998"
"141.3250","0.3389","5.9998"
"141.3450","0.3389","5.9999"
"141.3650","0.3389","6.0000"
"141.3850","0.3389","6.0000"
"141.4050","0.3389","5.9999"
"141.4250","0.3389","5.9999"
"141.4450","0.3389","5.9998"
"141.4650","0.3389","5.9999"
"141.4850","0.3389","6.0000"
"141.5050","0.3389","5.9999"
"141.5250","0.3389","5.9999"
"141.5450","0.3389","5.9999"
"141.5650","0.3389","5.9999"
"141.5850","0.3389","6.0000"
"141.6050","0.3389","5.9999"
"141.6250","0.3389","5.9999"
"141.6450","0.3389","5.9999"
"141.6650","0.3389","5.9999"
"141.6850","0.3389","5.9999"
"141.7050","0.3389","6.0000"
"141.7250","0.3389","6.0000"
"141.7450","0.3389","6.0000"
"141.7650","0.3389","5.9999"
"141.7850","0.3389","5.9999"
"141.8050","0.3389","6.0000"
"141.8250","0.3389","5.9999"
"141.8450","0.3389","5.9999"
"141.8650","0.3389","5.9999"
"141.8850","0.3389","6.0000"
"141.9050","0.3389","5.9999"
"141.9250","0.3389","5.9999"
"141.9450","0.3389","5.9999"
"141.9650","0.3389","5.9999"
"141.9850","0.3389","5.9999"
"142.0050","0.3389","5.9999"
"142.0250","0.3389","5.9999"
"142.0450","0.3389","5.9998"
"142.0650","0.3389","5.9999"
"142.0850","0.3389","5.9999"
"142.1050","0.3389","5.9998"
"142.1250","0.3389","5.9998"
"142.1450","0.3389","5.9998"
"142.1650","0.3389","5.9999"
"142.1850","0.3389","5.9999"
"142.2050","0.3389","5.9999"
"142.2250","0.3389","5.9999"
"142.2450","0.3389","5.9999"
"142.2650","0.3389","5.9999"
"142.2850","0.3389","5.9999"
"142.3050","0.3389","5.9999"
"142.3250","0.3389","5.9998"
"142.3450","0.3389","5.9999"
"142.3650","0.3389","5.9999"
"142.3850","0.3389","5.9999"
"142.4050","0.3389","5.9999"
"142.4250","0.3389","5.9999"
"142.4450","0.3389","6.0000"
"142.4650","0.3389","5.9999"
"142.4850","0.3389","6.0000"
"142.5050","0.3389","6.0000"
"142.5250","0.3389","6.0000"
"142.5450","0.3389","5.9999"
"142.5650","0.3389","5.9999"
"142.5850","0.3389","5.9999"
"142.6050","0.3389","5.9999"
"142.6250","0.3389","6.0000"
"142.6450","0.3389","6.0000"
"142.6650","0.3389","6.0000"
"142.6850","0.3389","6.0000"
"142.7050","0.3389","6.0000"
"142.7250","0.3389","6.0000"
"142.7450","0.3389","6.0000"
"142.7650","0.3389","5.9999"
"142.7850","0.3389","6.0000"
"142.8050","0.3389","5.9999"
"142.8250","0.3389","5.9999"
"142.8450","0.3389","5.9999"
"142.8650","0.3389","5.9999"
"142.8850","0.3389","6.0000"
"142.9050","0.3389","6.0000"
"142.9250","0.3389","6.0000"
"142.9450","0.3389","5.9999"
"142.9650","0.3390","5.9998"
"142.9850","0.3390","6.0000"
"143.0050","0.3390","6.0000"
"143.0250","0.3390","6.0000"
"143.0450","0.3390","6.0000"
"143.0650","0.3390","6.0000"
"143.0850","0.3390","5.9999"
"143.1050","0.3390","5.9999"
"143.1250","0.3390","5.9999"
"143.1450","0.3390","5.9999"
"143.1650","0.3390","5.9999"
"143.1850","0.3390","5.9999"
"143.2050","0.3390","5.9999"
"143.2250","0.3390","5.9999"
"143.2450","0.3390","5.9999"
"143.2650","0.3390","5.9999"
"143.2850","0.3390","5.9999"
"143.3050","0.3390","5.9999"
"143.3250","0.3390","5.9999"
"143.3450","0.3390","5.9999"
"143.3650","0.3390","5.9999"
"143.3850","0.3390","5.9999"
"143.4050","0.3390","5.9999"
"143.4250","0.3390","5.9999"
"143.4450","0.3390","5.9999"
"143.4650","0.3390","5.9999"
"143.4850","0.3390","5.9999"
"143.5050","0.3390","6.0000"
"143.5250","0.3390","5.9999"
"143.5450","0.3390","6.0000"
"143.5650","0.3390","6.0000"
"143.5850","0.3390","6.0000"
"143.6050","0.3390","5.9999"
"143.6250","0.3390","5.9999"
"143.6450","0.3390","5.9999"
"143.6650","0.3390","5.9999"
"143.6850","0.3390","5.9999"
"143.7050","0.3390","5.9999"
"143.7250","0.3390","6.0000"
"143.7450","0.3390","5.9999"
"143.7650","0.3390","5.9998"
"143.7850","0.3390","5.9999"
"143.8050","0.3390","5.9999"
"143.8250","0.3390","5.9999"
"143.8450","0.3390","6.0000"
"143.8650","0.3390","6.0000"
"143.8850","0.3390","5.9999"
"143.9050","0.3390","5.9999"
"143.9250","0.3390","5.9999"
"143.9450","0.3390","5.9999"
"143.9650","0.3390","5.9999"
"143.9850","0.3390","6.0000"
"144.0050","0.3390","6.0000"
"144.0250","0.3390","6.0000"
"144.0450","0.3390","5.9999"
"144.0650","0.3390","5.9999"
"144.0850","0.3390","5.9999"
"144.1050","0.3390","6.0000"
"144.1250","0.3390","5.9999"
"144.1450","0.3390","5.9999"
"144.1650","0.3390","5.9999"
"144.1850","0.3390","5.9999"
"144.2050","0.3390","5.9999"
"144.2250","0.3390","6.0000"
"144.2450","0.3390","6.0000"
"144.2650","0.3390","5.9999"
"144.2850","0.3390","5.9999"
"144.3050","0.3390","5.9999"
"144.3250","0.3390","6.0000"
"144.3450","0.3390","6.0000"
"144.3650","0.3390","6.0000"
"144.3850","0.3390","5.9999"
"144.4050","0.3390","5.9999"
"144.4250","0.3390","6.0000"
"144.4450","0.3390","5.9999"
"144.4650","0.3390","5.9999"
"144.4850","0.3390","5.9999"
"144.5050","0.3390","5.9999"
"144.5250","0.3390","5.9999"
"144.5450","0.3390","5.9999"
"144.5650","0.3390","5.9999"
"144.5850","0.3390","5.9999"
"144.6050","0.3390","5.9999"
"144.6250","0.3390","6.0000"
"144.6450","0.3390","5.9999"
"144.6650","0.3390","5.9999"
"144.6850","0.3390","5.9999"
"144.7050","0.3390","5.9999"
"144.7250","0.3390","5.9999"
"144.7450","0.3390","5.9999"
"144.7650","0.3390","5.9999"
"144.7850","0.3390","5.9998"
"144.8050","0.3390","5.9998"
"144.8250","0.3390","5.9999"
"144.8450","0.3390","6.0000"
"144.8650","0.3390","5.9999"
"144.8850","0.3390","5.9999"
"144.9050","0.3390","5.9999"
"144.9250","0.3390","5.9999"
"144.9450","0.3390","6.0000"
"144.9650","0.3390","6.0000"
"144.9850","0.3390","5.9999"
"145.0050","0.3390","5.9999"
"145.0250","0.3390","5.9999"
"145.0450","0.3390","5.9999"
"145.0650","0.3390","6.0000"
"145.0850","0.3390","5.9999"
"145.1050","0.3390","5.9999"
"145.1250","0.3390","5.9999"
"145.1450","0.3390","5.9999"
"145.1650","0.3391","5.9999"
"145.1850","0.3391","6.0000"
"145.2050","0.3391","5.9999"
"145.2250","0.3391","5.9999"
"145.2450","0.3391","5.9999"
"145.2650","0.3391","5.9998"
"145.2850","0.3391","5.9999"
"145.3050","0.3391","5.9999"
"145.3250","0.3391","5.9999"
"145.3450","0.3391","5.9999"
"145.3650","0.3391","5.9999"
"145.3850","0.3391","5.9999"
"145.4050","0.3391","6.0000"
"145.4250","0.3391","6.0000"
"145.4450","0.3391","6.0000"
"145.4650","0.3391","5.9999"
"145.4850","0.3391","5.9999"
"145.5050","0.3391","6.0000"
"145.5250","0.3391","6.0000"
"145.5450","0.3391","5.9999"
"145.5650","0.3391","5.9999"
"145.5850","0.3391","5.9999"
"145.6050","0.3391","5.9999"
"145.6250","0.3391","5.9998"
"145.6450","0.3391","5.9999"
"145.6650","0.3391","5.9999"
"145.6850","0.3391","5.9999"
"145.7050","0.3391","5.9999"
"145.7250","0.3391","5.9999"
"145.7450","0.3391","5.9999"
"145.7650","0.3391","6.0000"
"145.7850","0.3391","6.0000"
"145.8050","0.3391","6.0000"
"145.8250","0.3391","5.9999"
"145.8450","0.3391","5.9999"
"145.8650","0.3391","5.9998"
"145.8850","0.3391","5.9999"
"145.9050","0.3391","5.9999"
"145.9250","0.3391","5.9999"
"145.9450","0.3391","5.9999"
"145.9650","0.3391","5.9999"
"145.9850","0.3391","5.9999"
"146.0050","0.3391","5.9999"
"146.0250","0.3391","5.9999"
"146.0450","0.3391","5.9998"
"146.0650","0.3391","6.0000"
"146.0850","0.3391","5.9999"
"146.1050","0.3391","5.9999"
"146.1250","0.3391","6.0000"
"146.1450","0.3391","6.0000"
"146.1650","0.3391","6.0000"
"146.1850","0.3391","5.9998"
"146.2050","0.3391","5.9998"
"146.2250","0.3391","5.9998"
"146.2450","0.3391","5.9998"
"146.2650","0.3391","5.9999"
"146.2850","0.3391","5.9998"
"146.3050","0.3391","5.9999"
"146.3250","0.3391","5.9999"
"146.3450","0.3391","5.9999"
"146.3650","0.3391","5.9999"
"146.3850","0.3391","5.9998"
"146.4050","0.3391","5.9999"
"146.4250","0.3391","5.9999"
"146.4450","0.3391","5.9999"
"146.4650","0.3391","5.9999"
"146.4850","0.3391","5.9999"
"146.5050","0.3391","6.0000"
"146.5250","0.3391","5.9999"
"146.5450","0.3391","5.9999"
"146.5650","0.3391","5.9999"
"146.5850","0.3391","5.9999"
"146.6050","0.3391","5.9999"
"146.6250","0.3391","6.0000"
"146.6450","0.3391","5.9999"
"146.6650","0.3391","6.0000"
"146.6850","0.3391","6.0000"
"146.7050","0.3391","5.9999"
"146.7250","0.3391","5.9999"
"146.7450","0.3391","5.9999"
"146.7650","0.3391","6.0000"
"146.7850","0.3391","6.0000"
"146.8050","0.3391","6.0000"
"146.8250","0.3391","6.0000"
"146.8450","0.3391","6.0000"
"146.8650","0.3391","6.0000"
"146.8850","0.3391","6.0000"
"146.9050","0.3391","6.0000"
"146.9250","0.3391","6.0000"
"146.9450","0.3391","5.9999"
"146.9650","0.3391","5.9999"
"146.9850","0.3391","5.9999"
"147.0050","0.3391","6.0000"
"147.0250","0.3391","6.0000"
"147.0450","0.3391","5.9999"
"147.0650","0.3391","5.9999"
"147.0850","0.3391","5.9998"
"147.1050","0.3391","5.9999"
"147.1250","0.3391","5.9998"
"147.1450","0.3391","5.9998"
"147.1650","0.3391","5.9999"
"147.1850","0.3391","5.9999"
"147.2050","0.3391","5.9999"
"147.2250","0.3391","6.0000"
"147.2450","0.3391","6.0000"
"147.2650","0.3391","5.9999"
"147.2850","0.3391","5.9998"
"147.3050","0.3391","5.9999"
"147.3250","0.3391","5.9999"
"147.3450","0.3391","6.0000"
"147.3650","0.3391","6.0000"
"147.3850","0.3391","5.9999"
"147.4050","0.3391","5.9998"
"147.4250","0.3392","5.9998"
"147.4450","0.3392","5.9998"
"147.4650","0.3392","5.9999"
"147.4850","0.3392","6.0000"
"147.5050","0.3392","6.0000"
"147.5250","0.3392","5.9999"
"147.5450","0.3392","5.9999"
"147.5650","0.3392","5.9998"
"147.5850","0.3392","5.9998"
"147.6050","0.3392","5.9999"
"147.6250","0.3392","5.9999"
"147.6450","0.3392","5.9999"
"147.6650","0.3392","5.9998"
"147.6850","0.3392","5.9999"
"147.7050","0.3392","5.9998"
"147.7250","0.3392","5.9998"
"147.7450","0.3392","5.9999"
"147.7650","0.3392","5.9999"
"147.7850","0.3392","5.9999"
"147.8050","0.3392","5.9999"
"147.8250","0.3392","6.0000"
"147.8450","0.3392","5.9999"
"147.8650","0.3392","5.9999"
"147.8850","0.3392","5.9998"
"147.9050","0.3392","5.9998"
"147.9250","0.3392","5.9999"
"147.9450","0.3392","5.9999"
"147.9650","0.3392","5.9999"
"147.9850","0.3392","5.9999"
"148.0050","0.3392","5.9999"
"148.0250","0.3392","5.9999"
"148.0450","0.3392","5.9999"
"148.0650","0.3392","5.9999"
"148.0850","0.3392","5.9999"
"148.1050","0.3392","5.9998"
"148.1250","0.3392","5.9999"
"148.1450","0.3392","5.9999"
"148.1650","0.3392","6.0000"
"148.1850","0.3392","6.0000"
"148.2050","0.3392","5.9999"
"148.2250","0.3392","5.9999"
"148.2450","0.3392","6.0000"
"148.2650","0.3392","5.9999"
"148.2850","0.3392","5.9999"
"148.3050","0.3392","5.9999"
"148.3250","0.3392","6.0000"
"148.3450","0.3392","5.9999"
"148.3650","0.3392","5.9999"
"148.3850","0.3392","5.9998"
"148.4050","0.3392","5.9999"
"148.4250","0.3392","5.9999"
"148.4450","0.3392","5.9999"
"148.4650","0.3392","5.9999"
"148.4850","0.3392","5.9999"
"148.5050","0.3392","5.9999"
"148.5250","0.3392","5.9999"
"148.5450","0.3392","5.9999"
"148.5650","0.3392","5.9999"
"148.5850","0.3392","5.9999"
"148.6050","0.3392","5.9999"
"148.6250","0.3392","5.9999"
"148.6450","0.3392","5.9999"
"148.6650","0.3392","5.9999"
"148.6850","0.3392","5.9999"
"148.7050","0.3392","5.9999"
"148.7250","0.3392","5.9999"
"148.7450","0.3392","5.9999"
"148.7650","0.3392","5.9999"
"148.7850","0.3392","5.9999"
"148.8050","0.3392","5.9999"
"148.8250","0.3392","5.9999"
"148.8450","0.3392","6.0000"
"148.8650","0.3392","6.0000"
"148.8850","0.3392","5.9999"
"148.9050","0.3392","6.0000"
"148.9250","0.3392","5.9999"
"148.9450","0.3392","6.0000"
"148.9650","0.3392","6.0000"
"148.9850","0.3392","5.9999"
"149.0050","0.3392","5.9998"
"149.0250","0.3392","5.9998"
"149.0450","0.3392","5.9999"
"149.0650","0.3392","5.9999"
"149.0850","0.3392","5.9999"
"149.1050","0.3392","5.9999"
"149.1250","0.3392","5.9999"
"149.1450","0.3392","5.9999"
"149.1650","0.3392","6.0000"
"149.1850","0.3392","6.0000"
"149.2050","0.3392","6.0000"
"149.2250","0.3392","6.0000"
"149.2450","0.3392","5.9999"
"149.2650","0.3392","5.9999"
"149.2850","0.3392","5.9999"
"149.3050","0.3392","6.0000"
"149.3250","0.3392","6.0000"
"149.3450","0.3392","5.9999"
"149.3650","0.3392","5.9999"
"149.3850","0.3392","5.9998"
"149.4050","0.3392","5.9999"
"149.4250","0.3392","5.9999"
"149.4450","0.3392","5.9998"
"149.4650","0.3392","5.9998"
"149.4850","0.3392","6.0000"
"149.5050","0.3392","6.0000"
"149.5250","0.3392","5.9999"
"149.5450","0.3392","5.9999"
"149.5650","0.3392","5.9999"
"149.5850","0.3392","5.9999"
"149.6050","0.3392","5.9999"
"149.6250","0.3392","5.9999"
"149.6450","0.3392","5.9999"
"149.6650","0.3392","5.9999"
"149.6850","0.3393","5.9999"
"149.7050","0.3393","5.9999"
"149.7250","0.3393","5.9999"
"149.7450","0.3393","5.9999"
"149.7650","0.3393","5.9999"
"149.7850","0.3393","5.9999"
"149.8050","0.3393","5.9998"
"149.8250","0.3393","5.9998"
"149.8450","0.3393","5.9999"
"149.8650","0.3393","5.9999"
"149.8850","0.3393","5.9999"
"149.9050","0.3393","5.9999"
"149.9250","0.3393","5.9999"
"149.9450","0.3393","5.9999"
"149.9650","0.3393","5.9998"
"149.9850","0.3393","5.9999"
"150.0050","0.3393","5.9999"
"150.0250","0.3393","6.0000"
"150.0450","0.3393","5.9999"
"150.0650","0.3393","5.9999"
"150.0850","0.3393","5.9998"
"150.1050","0.3393","5.9999"
"150.1250","0.3393","5.9998"
"150.1450","0.3393","5.9998"
"150.1650","0.3393","5.9999"
"150.1850","0.3393","5.9998"
"150.2050","0.3393","5.9999"
"150.2250","0.3393","5.9999"
"150.2450","0.3393","5.9999"
"150.2650","0.3393","5.9999"
"150.2850","0.3393","5.9999"
"150.3050","0.3393","5.9999"
"150.3250","0.3393","5.9999"
"150.3450","0.3393","5.9998"
"150.3650","0.3393","5.9998"
"150.3850","0.3393","5.9999"
"150.4050","0.3393","5.9998"
"150.4250","0.3393","5.9998"
"150.4450","0.3393","5.9999"
"150.4650","0.3393","5.9999"
"150.4850","0.3393","5.9999"
"150.5050","0.3393","5.9998"
"150.5250","0.3393","5.9998"
"150.5450","0.3393","5.9999"
"150.5650","0.3393","5.9999"
"150.5850","0.3393","5.9999"
"150.6050","0.3393","5.9999"
"150.6250","0.3393","6.0000"
"150.6450","0.3393","6.0000"
"150.6650","0.3393","5.9999"
"150.6850","0.3393","5.9999"
"150.7050","0.3393","5.9999"
"150.7250","0.3393","5.9998"
"150.7450","0.3393","5.9999"
"150.7650","0.3393","6.0000"
"150.7850","0.3393","6.0000"
"150.8050","0.3393","6.0000"
"150.8250","0.3393","6.0000"
"150.8450","0.3393","5.9999"
"150.8650","0.3393","5.9999"
"150.8850","0.3393","5.9999"
"150.9050","0.3393","5.9999"
"150.9250","0.3393","5.9999"
"150.9450","0.3393","5.9999"
"150.9650","0.3393","5.9999"
"150.9850","0.3393","5.9999"
"151.0050","0.3393","6.0000"
"151.0250","0.3393","6.0000"
"151.0450","0.3393","5.9999"
"151.0650","0.3393","5.9999"
"151.0850","0.3393","5.9998"
"151.1050","0.3393","5.9999"
"151.1250","0.3393","5.9999"
"151.1450","0.3393","5.9999"
"151.1650","0.3393","5.9999"
"151.1850","0.3393","5.9999"
"151.2050","0.3393","5.9999"
"151.2250","0.3393","5.9999"
"151.2450","0.3393","5.9999"
"151.2650","0.3393","5.9999"
"151.2850","0.3393","5.9999"
"151.3050","0.3393","5.9999"
"151.3250","0.3393","5.9999"
"151.3450","0.3393","5.9999"
"151.3650","0.3393","5.9999"
"151.3850","0.3393","5.9999"
"151.4050","0.3393","5.9999"
"151.4250","0.3393","5.9999"
"151.4450","0.3393","5.9999"
"151.4650","0.3393","5.9999"
"151.4850","0.3393","6.0000"
"151.5050","0.3393","5.9999"
"151.5250","0.3393","5.9998"
"151.5450","0.3393","5.9998"
"151.5650","0.3393","5.9998"
"151.5850","0.3393","5.9998"
"151.6050","0.3393","5.9999"
"151.6250","0.3393","5.9999"
"151.6450","0.3393","5.9999"
"151.6650","0.3393","5.9998"
"151.6850","0.3393","5.9998"
"151.7050","0.3393","5.9999"
"151.7250","0.3393","5.9999"
"151.7450","0.3393","5.9999"
"151.7650","0.3393","5.9999"
"151.7850","0.3393","5.9998"
"151.8050","0.3393","5.9998"
"151.8250","0.3393","5.9999"
"151.8450","0.3393","5.9999"
"151.8650","0.3393","5.9998"
"151.8850","0.3393","5.9999"
"151.9050","0.3393","5.9999"
"151.9250","0.3393","5.9999"
"151.9450","0.3393","5.9999"
"151.9650","0.3393","5.9999"
"151.9850","0.3393","5.9999"
"152.0050","0.3393","5.9999"
"152.0250","0.3394","5.9999"
"152.0450","0.3394","5.9999"
"152.0650","0.3394","5.9999"
"152.0850","0.3394","5.9999"
"152.1050","0.3394","5.9999"
"152.1250","0.3394","5.9999"
"152.1450","0.3394","5.9999"
"152.1650","0.3394","5.9999"
"152.1850","0.3394","5.9999"
"152.2050","0.3394","5.9998"
"152.2250","0.3394","5.9998"
"152.2450","0.3394","5.9999"
"152.2650","0.3394","6.0000"
"152.2850","0.3394","5.9999"
"152.3050","0.3394","5.9999"
"152.3250","0.3394","5.9998"
"152.3450","0.3394","5.9998"
"152.3650","0.3394","5.9999"
"152.3850","0.3394","5.9999"
"152.4050","0.3394","5.9999"
"152.4250","0.3394","5.9999"
"152.4450","0.3394","5.9999"
"152.4650","0.3394","5.9999"
"152.4850","0.3394","5.9999"
"152.5050","0.3394","6.0000"
"152.5250","0.3394","5.9999"
"152.5450","0.3394","5.9998"
"152.5650","0.3394","5.9998"
"152.5850","0.3394","5.9999"
"152.6050","0.3394","5.9998"
"152.6250","0.3394","5.9998"
"152.6450","0.3394","5.9998"
"152.6650","0.3394","5.9999"
"152.6850","0.3394","5.9999"
"152.7050","0.3394","5.9998"
"152.7250","0.3394","5.9998"
"152.7450","0.3394","5.9998"
"152.7650","0.3394","5.9999"
"152.7850","0.3394","5.9999"
"152.8050","0.3394","6.0000"
"152.8250","0.3394","5.9999"
"152.8450","0.3394","5.9999"
"152.8650","0.3394","5.9999"
"152.8850","0.3394","5.9999"
"152.9050","0.3394","5.9999"
"152.9250","0.3394","5.9999"
"152.9450","0.3394","5.9998"
"152.9650","0.3394","5.9998"
"152.9850","0.3394","5.9998"
"153.0050","0.3394","5.9999"
"153.0250","0.3394","5.9999"
"153.0450","0.3394","5.9999"
"153.0650","0.3394","5.9999"
"153.0850","0.3394","5.9999"
"153.1050","0.3394","5.9999"
"153.1250","0.3394","5.9999"
"153.1450","0.3394","5.9999"
"153.1650","0.3394","6.0000"
"153.1850","0.3394","5.9999"
"153.2050","0.3394","5.9999"
"153.2250","0.3394","5.9999"
"153.2450","0.3394","5.9999"
"153.2650","0.3394","5.9999"
"153.2850","0.3394","5.9999"
"153.3050","0.3394","6.0000"
"153.3250","0.3394","5.9999"
"153.3450","0.3394","5.9999"
"153.3650","0.3394","5.9999"
"153.3850","0.3394","6.0000"
"153.4050","0.3394","6.0000"
"153.4250","0.3394","5.9999"
"153.4450","0.3394","5.9999"
"153.4650","0.3394","5.9999"
"153.4850","0.3394","5.9999"
"153.5050","0.3394","5.9999"
"153.5250","0.3394","5.9999"
"153.5450","0.3394","5.9999"
"153.5650","0.3394","5.9998"
"153.5850","0.3394","5.9999"
"153.6050","0.3394","5.9999"
"153.6250","0.3394","6.0000"
"153.6450","0.3394","5.9999"
"153.6650","0.3394","5.9999"
"153.6850","0.3394","5.9999"
"153.7050","0.3394","5.9999"
"153.7250","0.3394","5.9999"
"153.7450","0.3394","5.9998"
"153.7650","0.3394","5.9998"
"153.7850","0.3394","5.9999"
"153.8050","0.3394","5.9998"
"153.8250","0.3394","5.9998"
"153.8450","0.3394","5.9999"
"153.8650","0.3394","5.9999"
"153.8850","0.3394","5.9999"
"153.9050","0.3394","5.9998"
"153.9250","0.3394","5.9998"
"153.9450","0.3394","5.9999"
"153.9650","0.3394","5.9999"
"153.9850","0.3394","5.9999"
"154.0050","0.3394","5.9999"
"154.0250","0.3394","5.9999"
"154.0450","0.3394","5.9999"
"154.0650","0.3394","5.9998"
"154.0850","0.3394","5.9998"
"154.1050","0.3394","5.9999"
"154.1250","0.3394","5.9999"
"154.1450","0.3394","5.9999"
"154.1650","0.3394","5.9999"
"154.1850","0.3394","5.9999"
"154.2050","0.3394","6.0000"
"154.2250","0.3394","5.9999"
"154.2450","0.3394","5.9999"
"154.2650","0.3394","6.0000"
"154.2850","0.3394","5.9999"
"154.3050","0.3394","5.9999"
"154.3250","0.3394","5.9999"
"154.3450","0.3394","6.0000"
"154.3650","0.3394","6.0000"
"154.3850","0.3394","5.9999"
"154.4050","0.3395","5.9999"
"154.4250","0.3395","6.0000"
"154.4450","0.3395","6.0000"
"154.4650","0.3395","5.9999"
"154.4850","0.3395","5.9999"
"154.5050","0.3395","6.0000"
"154.5250","0.3395","5.9999"
"154.5450","0.3395","5.9999"
"154.5650","0.3395","5.9998"
"154.5850","0.3395","5.9998"
"154.6050","0.3395","5.9998"
"154.6250","0.3395","5.9998"
"154.6450","0.3395","5.9999"
"154.6650","0.3395","5.9999"
"154.6850","0.3395","5.9999"
"154.7050","0.3395","5.9999"
"154.7250","0.3395","5.9999"
"154.7450","0.3395","5.9999"
"154.7650","0.3395","5.9999"
"154.7850","0.3395","5.9999"
"154.8050","0.3395","5.9999"
"154.8250","0.3395","5.9998"
"154.8450","0.3395","5.9998"
"154.8650","0.3395","5.9997"
"154.8850","0.3395","5.9998"
"154.9050","0.3395","5.9999"
"154.9250","0.3395","5.9999"
"154.9450","0.3395","6.0000"
"154.9650","0.3395","6.0000"
"154.9850","0.3395","5.9999"
"155.0050","0.3395","5.9999"
"155.0250","0.3395","5.9999"
"155.0450","0.3395","5.9999"
"155.0650","0.3395","5.9999"
"155.0850","0.3395","5.9999"
"155.1050","0.3395","6.0000"
"155.1250","0.3395","6.0000"
"155.1450","0.3395","5.9999"
"155.1650","0.3395","5.9999"
"155.1850","0.3395","5.9999"
"155.2050","0.3395","5.9998"
"155.2250","0.3395","5.9998"
"155.2450","0.3395","5.9998"
"155.2650","0.3395","5.9998"
"155.2850","0.3395","5.9998"
"155.3050","0.3395","5.9999"
"155.3250","0.3395","5.9999"
"155.3450","0.3395","5.9999"
"155.3650","0.3395","5.9998"
"155.3850","0.3395","5.9998"
"155.4050","0.3395","5.9998"
"155.4250","0.3395","5.9998"
"155.4450","0.3395","5.9998"
"155.4650","0.3395","5.9998"
"155.4850","0.3395","5.9998"
"155.5050","0.3395","5.9998"
"155.5250","0.3395","5.9998"
"155.5450","0.3395","5.9998"
"155.5650","0.3395","5.9998"
"155.5850","0.3395","5.9998"
"155.6050","0.3395","5.9997"
"155.6250","0.3395","5.9998"
"155.6450","0.3395","5.9998"
"155.6650","0.3395","5.9998"
"155.6850","0.3395","5.9999"
"155.7050","0.3395","5.9999"
"155.7250","0.3395","5.9999"
"155.7450","0.3395","5.9999"
"155.7650","0.3395","5.9998"
"155.7850","0.3395","5.9998"
"155.8050","0.3395","5.9998"
"155.8250","0.3395","5.9998"
"155.8450","0.3395","5.9998"
"155.8650","0.3395","5.9999"
"155.8850","0.3395","5.9999"
"155.9050","0.3395","5.9998"
"155.9250","0.3395","5.9998"
"155.9450","0.3395","5.9998"
"155.9650","0.3395","5.9998"
"155.9850","0.3395","5.9998"
"156.0050","0.3395","5.9999"
"156.0250","0.3395","5.9999"
"156.0450","0.3395","5.9998"
"156.0650","0.3395","5.9998"
"156.0850","0.3395","5.9998"
"156.1050","0.3395","5.9998"
"156.1250","0.3395","5.9998"
"156.1450","0.3395","5.9998"
"156.1650","0.3395","5.9999"
"156.1850","0.3395","5.9999"
"156.2050","0.3395","5.9999"
"156.2250","0.3395","5.9999"
"156.2450","0.3395","5.9999"
"156.2650","0.3395","5.9999"
"156.2850","0.3395","5.9998"
"156.3050","0.3395","5.9999"
"156.3250","0.3395","5.9998"
"156.3450","0.3395","5.9998"
"156.3650","0.3395","5.9999"
"156.3850","0.3395","5.9999"
"156.4050","0.3395","5.9999"
"156.4250","0.3395","5.9999"
"156.4450","0.3395","5.9998"
"156.4650","0.3395","5.9998"
"156.4850","0.3395","5.9999"
"156.5050","0.3395","5.9999"
"156.5250","0.3395","5.9999"
"156.5450","0.3395","5.9999"
"156.5650","0.3395","5.9999"
"156.5850","0.3395","5.9999"
"156.6050","0.3395","5.9999"
"156.6250","0.3395","5.9999"
"156.6450","0.3395","5.9999"
"156.6650","0.3395","5.9999"
"156.6850","0.3395","5.9998"
"156.7050","0.3395","5.9997"
"156.7250","0.3395","5.9998"
"156.7450","0.3395","5.9998"
"156.7650","0.3395","6.0000"
"156.7850","0.3395","5.9999"
"156.8050","0.3396","5.9999"
"156.8250","0.3396","5.9999"
"156.8450","0.3396","5.9998"
"156.8650","0.3396","5.9998"
"156.8850","0.3396","5.9998"
"156.9050","0.3396","5.9998"
"156.9250","0.3396","5.9998"
"156.9450","0.3396","5.9999"
"156.9650","0.3396","6.0000"
"156.9850","0.3396","6.0000"
"157.0050","0.3396","5.9999"
"157.0250","0.3396","5.9999"
"157.0450","0.3396","5.9998"
"157.0650","0.3396","5.9998"
"157.0850","0.3396","5.9998"
"157.1050","0.3396","5.9999"
"157.1250","0.3396","5.9999"
"157.1450","0.3396","5.9998"
"157.1650","0.3396","5.9998"
"157.1850","0.3396","5.9999"
"157.2050","0.3396","5.9999"
"157.2250","0.3396","5.9999"
"157.2450","0.3396","5.9999"
"157.2650","0.3396","5.9998"
"157.2850","0.3396","5.9999"
"157.3050","0.3396","5.9999"
"157.3250","0.3396","5.9999"
"157.3450","0.3396","5.9999"
"157.3650","0.3396","5.9999"
"157.3850","0.3396","5.9998"
"157.4050","0.3396","5.9998"
"157.4250","0.3396","5.9998"
"157.4450","0.3396","5.9998"
"157.4650","0.3396","5.9999"
"157.4850","0.3396","5.9999"
"157.5050","0.3396","5.9998"
"157.5250","0.3396","5.9998"
"157.5450","0.3396","5.9998"
"157.5650","0.3396","5.9998"
"157.5850","0.3396","5.9998"
"157.6050","0.3396","5.9998"
"157.6250","0.3396","5.9999"
"157.6450","0.3396","5.9999"
"157.6650","0.3396","5.9999"
"157.6850","0.3396","5.9999"
"157.7050","0.3396","5.9999"
"157.7250","0.3396","5.9999"
"157.7450","0.3396","5.9999"
"157.7650","0.3396","5.9999"
"157.7850","0.3396","5.9999"
"157.8050","0.3396","5.9999"
"157.8250","0.3396","6.0000"
"157.8450","0.3396","6.0000"
"157.8650","0.3396","5.9999"
"157.8850","0.3396","5.9999"
"157.9050","0.3396","5.9999"
"157.9250","0.3396","5.9999"
"157.9450","0.3396","5.9999"
"157.9650","0.3396","5.9999"
"157.9850","0.3396","5.9998"
"158.0050","0.3396","5.9998"
"158.0250","0.3396","5.9999"
"158.0450","0.3396","5.9999"
"158.0650","0.3396","5.9999"
"158.0850","0.3396","5.9999"
"158.1050","0.3396","5.9999"
"158.1250","0.3396","5.9999"
"158.1450","0.3396","5.9999"
"158.1650","0.3396","5.9998"
"158.1850","0.3396","5.9998"
"158.2050","0.3396","5.9998"
"158.2250","0.3396","5.9998"
"158.2450","0.3396","5.9999"
"158.2650","0.3396","5.9999"
"158.2850","0.3396","5.9999"
"158.3050","0.3396","5.9998"
"158.3250","0.3396","5.9998"
"158.3450","0.3396","5.9998"
"158.3650","0.3396","5.9998"
"158.3850","0.3396","5.9999"
"158.4050","0.3396","5.9999"
"158.4250","0.3396","5.9998"
"158.4450","0.3396","5.9998"
"158.4650","0.3396","5.9998"
"158.4850","0.3396","5.9999"
"158.5050","0.3396","5.9999"
"158.5250","0.3396","5.9999"
"158.5450","0.3396","5.9998"
"158.5650","0.3396","5.9997"
"158.5850","0.3396","5.9998"
"158.6050","0.3396","5.9998"
"158.6250","0.3396","5.9999"
"158.6450","0.3396","6.0000"
"158.6650","0.3396","5.9999"
"158.6850","0.3396","5.9999"
"158.7050","0.3396","5.9999"
"158.7250","0.3396","5.9999"
"158.7450","0.3396","5.9998"
"158.7650","0.3396","5.9999"
"158.7850","0.3396","5.9999"
"158.8050","0.3396","5.9999"
"158.8250","0.3396","5.9999"
"158.8450","0.3396","5.9999"
"158.8650","0.3396","5.9999"
"158.8850","0.3396","5.9998"
"158.9050","0.3396","5.9998"
"158.9250","0.3396","5.9998"
"158.9450","0.3396","5.9999"
"158.9650","0.3396","5.9999"
"158.9850","0.3396","5.9999"
"159.0050","0.3396","5.9999"
"159.0250","0.3396","5.9999"
"159.0450","0.3396","5.9999"
"159.0650","0.3396","5.9999"
"159.0850","0.3396","5.9999"
"159.1050","0.3396","5.9998"
"159.1250","0.3396","5.9999"
"159.1450","0.3396","5.9999"
"159.1650","0.3396","5.9999"
"159.1850","0.3396","5.9999"
"159.2050","0.3397","6.0000"
"159.2250","0.3397","6.0000"
"159.2450","0.3397","6.0000"
"159.2650","0.3397","6.0000"
"159.2850","0.3397","6.0000"
"159.3050","0.3397","5.9999"
"159.3250","0.3397","5.9998"
"159.3450","0.3397","5.9999"
"159.3650","0.3397","5.9999"
"159.3850","0.3397","5.9999"
"159.4050","0.3397","5.9999"
"159.4250","0.3397","5.9999"
"159.4450","0.3397","6.0000"
"159.4650","0.3397","5.9999"
"159.4850","0.3397","5.9999"
"159.5050","0.3397","5.9999"
"159.5250","0.3397","5.9999"
"159.5450","0.3397","5.9998"
"159.5650","0.3397","5.9999"
"159.5850","0.3397","5.9998"
"159.6050","0.3397","5.9999"
"159.6250","0.3397","5.9999"
"159.6450","0.3397","5.9999"
"159.6650","0.3397","5.9999"
"159.6850","0.3397","5.9999"
"159.7050","0.3397","5.9998"
"159.7250","0.3397","5.9998"
"159.7450","0.3397","5.9998"
"159.7650","0.3397","5.9999"
"159.7850","0.3397","5.9999"
"159.8050","0.3397","5.9998"
"159.8250","0.3397","5.9999"
"159.8450","0.3397","5.9999"
"159.8650","0.3397","5.9999"
"159.8850","0.3397","5.9999"
"159.9050","0.3397","5.9999"
"159.9250","0.3397","5.9999"
"159.9450","0.3397","5.9999"
"159.9650","0.3397","5.9999"
"159.9850","0.3397","5.9999"
"160.0050","0.3397","6.0000"
"160.0250","0.3397","5.9999"
"160.0450","0.3397","5.9999"
"160.0650","0.3397","5.9999"
"160.0850","0.3397","5.9999"
"160.1050","0.3397","5.9999"
"160.1250","0.3397","5.9999"
"160.1450","0.3397","5.9999"
"160.1650","0.3397","5.9998"
"160.1850","0.3397","5.9998"
"160.2050","0.3397","5.9999"
"160.2250","0.3397","5.9999"
"160.2450","0.3397","5.9999"
"160.2650","0.3397","5.9999"
"160.2850","0.3397","5.9999"
"160.3050","0.3397","5.9999"
"160.3250","0.3397","5.9998"
"160.3450","0.3397","5.9999"
"160.3650","0.3397","5.9999"
"160.3850","0.3397","5.9998"
"160.4050","0.3397","5.9998"
"160.4250","0.3397","5.9999"
"160.4450","0.3397","5.9998"
"160.4650","0.3397","5.9998"
"160.4850","0.3397","5.9999"
"160.5050","0.3397","5.9999"
"160.5250","0.3397","5.9999"
"160.5450","0.3397","5.9999"
"160.5650","0.3397","5.9999"
"160.5850","0.3397","5.9999"
"160.6050","0.3397","5.9999"
"160.6250","0.3397","5.9999"
"160.6450","0.3397","5.9998"
"160.6650","0.3397","5.9999"
"160.6850","0.3397","5.9998"
"160.7050","0.3397","5.9999"
"160.7250","0.3397","5.9999"
"160.7450","0.3397","5.9999"
"160.7650","0.3397","5.9999"
"160.7850","0.3397","5.9999"
"160.8050","0.3397","5.9998"
"160.8250","0.3397","5.9998"
"160.8450","0.3397","5.9998"
"160.8650","0.3397","5.9999"
"160.8850","0.3397","6.0000"
"160.9050","0.3397","6.0000"
"160.9250","0.3397","5.9999"
"160.9450","0.3397","5.9999"
"160.9650","0.3397","6.0000"
"160.9850","0.3397","6.0000"
"161.0050","0.3397","6.0000"
"161.0250","0.3397","6.0000"
"161.0450","0.3397","5.9999"
"161.0650","0.3397","5.9999"
"161.0850","0.3397","5.9999"
"161.1050","0.3397","5.9999"
"161.1250","0.3397","5.9999"
"161.1450","0.3397","5.9998"
"161.1650","0.3397","5.9998"
"161.1850","0.3397","5.9999"
"161.2050","0.3397","5.9999"
"161.2250","0.3397","5.9998"
"161.2450","0.3397","5.9998"
"161.2650","0.3397","5.9999"
"161.2850","0.3397","5.9999"
"161.3050","0.3397","5.9998"
"161.3250","0.3397","5.9997"
"161.3450","0.3397","5.9998"
"161.3650","0.3397","5.9998"
"161.3850","0.3397","5.9998"
"161.4050","0.3397","5.9999"
"161.4250","0.3397","5.9999"
"161.4450","0.3397","5.9998"
"161.4650","0.3397","5.9998"
"161.4850","0.3397","5.9998"
"161.5050","0.3397","5.9998"
"161.5250","0.3397","5.9998"
"161.5450","0.3397","5.9998"
"161.5650","0.3397","5.9998"
"161.5850","0.3397","5.9998"
"161.6050","0.3397","5.9998"
"161.6250","0.3397","5.9999"
"161.6450","0.3397","5.9999"
"161.6650","0.3397","5.9999"
"161.6850","0.3398","5.9998"
"161.7050","0.3398","5.9998"
"161.7250","0.3398","5.9998"
"161.7450","0.3398","5.9998"
"161.7650","0.3398","5.9999"
"161.7850","0.3398","5.9998"
"161.8050","0.3398","5.9998"
"161.8250","0.3398","5.9999"
"161.8450","0.3398","6.0000"
"161.8650","0.3398","5.9999"
"161.8850","0.3398","5.9998"
"161.9050","0.3398","5.9999"
"161.9250","0.3398","5.9999"
"161.9450","0.3398","5.9999"
"161.9650","0.3398","5.9999"
"161.9850","0.3398","5.9999"
"162.0050","0.3398","5.9999"
"162.0250","0.3398","5.9999"
"162.0450","0.3398","6.0000"
"162.0650","0.3398","5.9999"
"162.0850","0.3398","5.9999"
"162.1050","0.3398","6.0000"
"162.1250","0.3398","6.0000"
"162.1450","0.3398","5.9999"
"162.1650","0.3398","5.9999"
"162.1850","0.3398","5.9999"
"162.2050","0.3398","5.9999"
"162.2250","0.3398","6.0000"
"162.2450","0.3398","6.0000"
"162.2650","0.3398","5.9999"
"162.2850","0.3398","5.9999"
"162.3050","0.3398","5.9999"
"162.3250","0.3398","5.9999"
"162.3450","0.3398","5.9999"
"162.3650","0.3398","5.9998"
"162.3850","0.3398","5.9999"
"162.4050","0.3398","5.9999"
"162.4250","0.3398","5.9999"
"162.4450","0.3398","5.9999"
"162.4650","0.3398","6.0000"
"162.4850","0.3398","5.9999"
"162.5050","0.3398","5.9999"
"162.5250","0.3398","5.9998"
"162.5450","0.3398","5.9998"
"162.5650","0.3398","5.9998"
"162.5850","0.3398","5.9999"
"162.6050","0.3398","5.9998"
"162.6250","0.3398","5.9998"
"162.6450","0.3398","5.9998"
"162.6650","0.3398","5.9998"
"162.6850","0.3398","5.9998"
"162.7050","0.3398","5.9999"
"162.7250","0.3398","5.9999"
"162.7450","0.3398","5.9998"
"162.7650","0.3398","5.9998"
"162.7850","0.3398","5.9998"
"162.8050","0.3398","5.9999"
"162.8250","0.3398","5.9999"
"162.8450","0.3398","5.9998"
"162.8650","0.3398","5.9998"
"162.8850","0.3398","5.9998"
"162.9050","0.3398","5.9999"
"162.9250","0.3398","5.9998"
"162.9450","0.3398","5.9998"
"162.9650","0.3398","5.9998"
"162.9850","0.3398","5.9997"
"163.0050","0.3398","5.9998"
"163.0250","0.3398","5.9999"
"163.0450","0.3398","5.9999"
"163.0650","0.3398","5.9999"
"163.0850","0.3398","5.9998"
"163.1050","0.3398","5.9997"
"163.1250","0.3398","5.9998"
"163.1450","0.3398","5.9999"
"163.1650","0.3398","5.9999"
"163.1850","0.3398","5.9998"
"163.2050","0.3398","5.9998"
"163.2250","0.3398","5.9998"
"163.2450","0.3398","5.9999"
"163.2650","0.3398","5.9999"
"163.2850","0.3398","5.9998"
"163.3050","0.3398","5.9998"
"163.3250","0.3398","5.9998"
"163.3450","0.3398","5.9999"
"163.3650","0.3398","5.9998"
"163.3850","0.3398","5.9999"
"163.4050","0.3398","5.9999"
"163.4250","0.3398","5.9999"
"163.4450","0.3398","5.9998"
"163.4650","0.3398","5.9998"
"163.4850","0.3398","5.9999"
"163.5050","0.3398","5.9999"
"163.5250","0.3398","5.9999"
"163.5450","0.3398","5.9999"
"163.5650","0.3398","5.9998"
"163.5850","0.3398","5.9998"
"163.6050","0.3398","5.9999"
"163.6250","0.3398","5.9999"
"163.6450","0.3398","5.9999"
"163.6650","0.3398","6.0000"
"163.6850","0.3398","6.0000"
"163.7050","0.3398","5.9999"
"163.7250","0.3398","5.9999"
"163.7450","0.3398","5.9999"
"163.7650","0.3398","5.9999"
"163.7850","0.3398","5.9999"
"163.8050","0.3398","5.9999"
"163.8250","0.3398","6.0000"
"163.8450","0.3398","5.9999"
"163.8650","0.3398","5.9999"
"163.8850","0.3398","5.9998"
"163.9050","0.3398","5.9998"
"163.9250","0.3398","5.9998"
"163.9450","0.3398","5.9998"
"163.9650","0.3398","5.9999"
"163.9850","0.3398","5.9999"
"164.0050","0.3398","6.0000"
"164.0250","0.3398","5.9999"
"164.0450","0.3398","5.9998"
"164.0650","0.3398","5.9998"
"164.0850","0.3398","5.9998"
"164.1050","0.3398","5.9998"
"164.1250","0.3398","5.9999"
"164.1450","0.3398","5.9998"
"164.1650","0.3398","5.9998"
"164.1850","0.3398","5.9998"
"164.2050","0.3398","5.9999"
"164.2250","0.3399","5.9998"
"164.2450","0.3399","5.9998"
"164.2650","0.3399","5.9998"
"164.2850","0.3399","5.9998"
"164.3050","0.3399","5.9998"
"164.3250","0.3399","5.9998"
"164.3450","0.3399","5.9999"
"164.3650","0.3399","5.9999"
"164.3850","0.3399","5.9999"
"164.4050","0.3399","5.9999"
"164.4250","0.3399","5.9998"
"164.4450","0.3399","5.9998"
"164.4650","0.3399","5.9999"
"164.4850","0.3399","5.9999"
"164.5050","0.3399","5.9999"
"164.5250","0.3399","5.9999"
"164.5450","0.3399","5.9998"
"164.5650","0.3399","5.9998"
"164.5850","0.3399","5.9998"
"164.6050","0.3399","5.9998"
"164.6250","0.3399","5.9999"
"164.6450","0.3399","5.9999"
"164.6650","0.3399","5.9998"
"164.6850","0.3399","5.9998"
"164.7050","0.3399","5.9998"
"164.7250","0.3399","5.9999"
"164.7450","0.3399","5.9998"
"164.7650","0.3399","5.9998"
"164.7850","0.3399","5.9998"
"164.8050","0.3399","5.9999"
"164.8250","0.3399","5.9999"
"164.8450","0.3399","5.9999"
"164.8650","0.3399","5.9999"
"164.8850","0.3399","5.9998"
"164.9050","0.3399","5.9998"
"164.9250","0.3399","5.9999"
"164.9450","0.3399","5.9999"
"164.9650","0.3399","5.9998"
"164.9850","0.3399","5.9998"
"165.0050","0.3399","5.9999"
"165.0250","0.3399","5.9999"
"165.0450","0.3399","5.9999"
"165.0650","0.3399","6.0000"
"165.0850","0.3399","6.0000"
"165.1050","0.3399","5.9999"
"165.1250","0.3399","5.9999"
"165.1450","0.3399","5.9999"
"165.1650","0.3399","5.9998"
"165.1850","0.3399","5.9998"
"165.2050","0.3399","5.9999"
"165.2250","0.3399","5.9999"
"165.2450","0.3399","5.9998"
"165.2650","0.3399","5.9998"
"165.2850","0.3399","5.9998"
"165.3050","0.3399","5.9998"
"165.3250","0.3399","5.9999"
"165.3450","0.3399","6.0000"
"165.3650","0.3399","5.9999"
"165.3850","0.3399","5.9999"
"165.4050","0.3399","5.9998"
"165.4250","0.3399","5.9998"
"165.4450","0.3399","5.9999"
"165.4650","0.3399","5.9999"
"165.4850","0.3399","5.9998"
"165.5050","0.3399","5.9997"
"165.5250","0.3399","5.9997"
"165.5450","0.3399","5.9998"
"165.5650","0.3399","5.9998"
"165.5850","0.3399","5.9999"
"165.6050","0.3399","5.9999"
"165.6250","0.3399","5.9999"
"165.6450","0.3399","5.9999"
"165.6650","0.3399","5.9998"
"165.6850","0.3399","5.9998"
"165.7050","0.3399","5.9998"
"165.7250","0.3399","5.9998"
"165.7450","0.3399","5.9998"
"165.7650","0.3399","5.9999"
"165.7850","0.3399","5.9999"
"165.8050","0.3399","5.9998"
"165.8250","0.3399","5.9998"
"165.8450","0.3399","5.9999"
"165.8650","0.3399","5.9998"
"165.8850","0.3399","5.9998"
"165.9050","0.3399","5.9999"
"165.9250","0.3399","5.9999"
"165.9450","0.3399","5.9999"
"165.9650","0.3399","5.9999"
"165.9850","0.3399","5.9999"
"166.0050","0.3399","5.9999"
"166.0250","0.3399","5.9998"
"166.0450","0.3399","5.9999"
"166.0650","0.3399","5.9999"
"166.0850","0.3399","5.9999"
"166.1050","0.3399","5.9998"
"166.1250","0.3399","5.9998"
"166.1450","0.3399","5.9998"
"166.1650","0.3399","5.9999"
"166.1850","0.3399","5.9998"
"166.2050","0.3399","5.9999"
"166.2250","0.3399","5.9999"
"166.2450","0.3399","5.9998"
"166.2650","0.3399","5.9998"
"166.2850","0.3399","5.9999"
"166.3050","0.3399","5.9999"
"166.3250","0.3399","5.9999"
"166.3450","0.3399","5.9998"
"166.3650","0.3399","5.9998"
"166.3850","0.3399","5.9998"
"166.4050","0.3399","5.9998"
"166.4250","0.3399","5.9999"
"166.4450","0.3399","6.0000"
"166.4650","0.3399","5.9999"
"166.4850","0.3399","5.9998"
"166.5050","0.3399","6.0000"
"166.5250","0.3399","6.0000"
"166.5450","0.3399","5.9999"
"166.5650","0.3399","5.9999"
"166.5850","0.3399","5.9998"
"166.6050","0.3399","5.9998"
"166.6250","0.3399","5.9998"
"166.6450","0.3399","5.9999"
"166.6650","0.3399","5.9999"
"166.6850","0.3399","5.9999"
"166.7050","0.3400","5.9999"
"166.7250","0.3400","6.0000"
"166.7450","0.3400","6.0000"
"166.7650","0.3400","5.9999"
"166.7850","0.3400","5.9999"
"166.8050","0.3400","5.9999"
"166.8250","0.3400","5.9999"
"166.8450","0.3400","5.9999"
"166.8650","0.3400","5.9999"
"166.8850","0.3400","5.9999"
"166.9050","0.3400","5.9999"
"166.9250","0.3400","5.9999"
"166.9450","0.3400","5.9999"
"166.9650","0.3400","5.9998"
"166.9850","0.3400","5.9998"
"167.0050","0.3400","5.9998"
"167.0250","0.3400","5.9998"
"167.0450","0.3400","5.9999"
"167.0650","0.3400","5.9999"
"167.0850","0.3400","5.9998"
"167.1050","0.3400","5.9999"
"167.1250","0.3400","5.9999"
"167.1450","0.3400","5.9998"
"167.1650","0.3400","5.9998"
"167.1850","0.3400","5.9998"
"167.2050","0.3400","5.9998"
"167.2250","0.3400","5.9998"
"167.2450","0.3400","5.9998"
"167.2650","0.3400","5.9999"
"167.2850","0.3400","5.9999"
"167.3050","0.3400","5.9998"
"167.3250","0.3400","5.9998"
"167.3450","0.3400","5.9998"
"167.3650","0.3400","5.9998"
"167.3850","0.3400","5.9999"
"167.4050","0.3400","5.9998"
"167.4250","0.3400","5.9998"
"167.4450","0.3400","5.9998"
"167.4650","0.3400","5.9998"
"167.4850","0.3400","5.9999"
"167.5050","0.3400","5.9999"
"167.5250","0.3400","5.9998"
"167.5450","0.3400","5.9997"
"167.5650","0.3400","5.9998"
"167.5850","0.3400","5.9998"
"167.6050","0.3400","5.9998"
"167.6250","0.3400","5.9998"
"167.6450","0.3400","5.9998"
"167.6650","0.3400","5.9998"
"167.6850","0.3400","5.9999"
"167.7050","0.3400","5.9999"
"167.7250","0.3400","5.9998"
"167.7450","0.3400","5.9999"
"167.7650","0.3400","5.9999"
"167.7850","0.3400","5.9998"
"167.8050","0.3400","5.9999"
"167.8250","0.3400","5.9999"
"167.8450","0.3400","5.9999"
"167.8650","0.3400","5.9998"
"167.8850","0.3400","5.9997"
"167.9050","0.3400","5.9998"
"167.9250","0.3400","5.9999"
"167.9450","0.3400","5.9999"
"167.9650","0.3400","5.9999"
"167.9850","0.3400","5.9999"
"168.0050","0.3400","5.9999"
"168.0250","0.3400","5.9999"
"168.0450","0.3400","5.9999"
"168.0650","0.3400","5.9999"
"168.0850","0.3400","5.9999"
"168.1050","0.3400","6.0000"
"168.1250","0.3400","5.9999"
"168.1450","0.3400","5.9999"
"168.1650","0.3400","5.9998"
"168.1850","0.3400","5.9998"
"168.2050","0.3400","5.9999"
"168.2250","0.3400","5.9999"
"168.2450","0.3400","5.9999"
"168.2650","0.3400","5.9998"
"168.2850","0.3400","5.9998"
"168.3050","0.3400","5.9999"
"168.3250","0.3400","5.9999"
"168.3450","0.3400","5.9999"
"168.3650","0.3400","5.9999"
"168.3850","0.3400","5.9999"
"168.4050","0.3400","5.9999"
"168.4250","0.3400","5.9998"
"168.4450","0.3400","5.9999"
"168.4650","0.3400","5.9999"
"168.4850","0.3400","5.9999"
"168.5050","0.3400","5.9999"
"168.5250","0.3400","5.9998"
"168.5450","0.3400","5.9999"
"168.5650","0.3400","5.9999"
"168.5850","0.3400","6.0000"
"168.6050","0.3400","5.9999"
"168.6250","0.3400","5.9999"
"168.6450","0.3400","5.9998"
"168.6650","0.3400","5.9998"
"168.6850","0.3400","5.9998"
"168.7050","0.3400","5.9998"
"168.7250","0.3400","5.9998"
"168.7450","0.3400","5.9999"
"168.7650","0.3400","5.9998"
"168.7850","0.3400","5.9999"
"168.8050","0.3400","5.9998"
"168.8250","0.3400","5.9998"
"168.8450","0.3400","5.9998"
"168.8650","0.3400","5.9999"
"168.8850","0.3400","5.9999"
"168.9050","0.3400","5.9999"
"168.9250","0.3400","5.9998"
"168.9450","0.3400","5.9998"
"168.9650","0.3400","5.9999"
"168.9850","0.3400","5.9999"
"169.0050","0.3400","6.0000"
"169.0250","0.3400","5.9999"
"169.0450","0.3400","5.9999"
"169.0650","0.3400","6.0000"
"169.0850","0.3400","5.9999"
"169.1050","0.3400","5.9998"
"169.1250","0.3400","5.9999"
"169.1450","0.3400","5.9998"
"169.1650","0.3400","5.9998"
"169.1850","0.3400","5.9999"
"169.2050","0.3400","5.9999"
"169.2250","0.3400","5.9999"
"169.2450","0.3400","5.9999"
"169.2650","0.3400","5.9999"
"169.2850","0.3400","5.9999"
"169.3050","0.3400","5.9999"
"169.3250","0.3400","5.9999"
"169.3450","0.3400","5.9999"
"169.3650","0.3400","5.9999"
"169.3850","0.3401","5.9999"
"169.4050","0.3401","5.9999"
"169.4250","0.3401","5.9998"
"169.4450","0.3401","5.9999"
"169.4650","0.3401","5.9999"
"169.4850","0.3401","5.9998"
"169.5050","0.3401","5.9998"
"169.5250","0.3401","5.9998"
"169.5450","0.3401","5.9999"
"169.5650","0.3401","5.9999"
"169.5850","0.3401","5.9998"
"169.6050","0.3401","5.9999"
"169.6250","0.3401","5.9999"
"169.6450","0.3401","5.9999"
"169.6650","0.3401","5.9999"
"169.6850","0.3401","5.9998"
"169.7050","0.3401","5.9998"
"169.7250","0.3401","5.9998"
"169.7450","0.3401","5.9999"
"169.7650","0.3401","5.9998"
"169.7850","0.3401","5.9998"
"169.8050","0.3401","5.9999"
"169.8250","0.3401","5.9999"
"169.8450","0.3401","5.9999"
"169.8650","0.3401","5.9998"
"169.8850","0.3401","5.9998"
"169.9050","0.3401","5.9999"
"169.9250","0.3401","6.0000"
"169.9450","0.3401","5.9999"
"169.9650","0.3401","5.9998"
"169.9850","0.3401","5.9999"
"170.0050","0.3401","5.9999"
"170.0250","0.3401","5.9999"
"170.0450","0.3401","5.9999"
"170.0650","0.3401","5.9998"
"170.0850","0.3401","5.9998"
"170.1050","0.3401","5.9999"
"170.1250","0.3401","5.9998"
"170.1450","0.3401","5.9999"
"170.1650","0.3401","5.9999"
"170.1850","0.3401","5.9999"
"170.2050","0.3401","5.9999"
"170.2250","0.3401","5.9999"
"170.2450","0.3401","5.9998"
"170.2650","0.3401","5.9998"
"170.2850","0.3401","5.9998"
"170.3050","0.3401","5.9998"
"170.3250","0.3401","5.9998"
"170.3450","0.3401","5.9998"
"170.3650","0.3401","5.9998"
"170.3850","0.3401","5.9999"
"170.4050","0.3401","5.9998"
"170.4250","0.3401","5.9998"
"170.4450","0.3401","5.9999"
"170.4650","0.3401","5.9999"
"170.4850","0.3401","5.9999"
"170.5050","0.3401","5.9998"
"170.5250","0.3401","5.9998"
"170.5450","0.3401","5.9998"
"170.5650","0.3401","5.9998"
"170.5850","0.3401","5.9998"
"170.6050","0.3401","5.9999"
"170.6250","0.3401","5.9999"
"170.6450","0.3401","5.9999"
"170.6650","0.3401","5.9999"
"170.6850","0.3401","5.9999"
"170.7050","0.3401","5.9999"
"170.7250","0.3401","5.9998"
"170.7450","0.3401","5.9999"
"170.7650","0.3401","5.9998"
"170.7850","0.3401","5.9999"
"170.8050","0.3401","5.9998"
"170.8250","0.3401","5.9998"
"170.8450","0.3401","5.9998"
"170.8650","0.3401","5.9998"
"170.8850","0.3401","5.9999"
"170.9050","0.3401","5.9998"
"170.9250","0.3401","5.9998"
"170.9450","0.3401","5.9998"
"170.9650","0.3401","5.9998"
"170.9850","0.3401","5.9999"
"171.0050","0.3401","5.9999"
"171.0250","0.3401","5.9999"
"171.0450","0.3401","5.9999"
"171.0650","0.3401","5.9999"
"171.0850","0.3401","5.9999"
"171.1050","0.3401","5.9999"
"171.1250","0.3401","5.9999"
"171.1450","0.3401","5.9998"
"171.1650","0.3401","5.9999"
"171.1850","0.3401","5.9999"
"171.2050","0.3401","5.9999"
"171.2250","0.3401","5.9999"
"171.2450","0.3401","5.9999"
"171.2650","0.3401","5.9999"
"171.2850","0.3401","5.9999"
"171.3050","0.3401","5.9998"
"171.3250","0.3401","5.9999"
"171.3450","0.3401","5.9999"
"171.3650","0.3401","5.9999"
"171.3850","0.3401","5.9998"
"171.4050","0.3401","6.0000"
"171.4250","0.3401","6.0000"
"171.4450","0.3401","6.0000"
"171.4650","0.3401","6.0000"
"171.4850","0.3401","6.0000"
"171.5050","0.3401","5.9999"
"171.5250","0.3401","6.0000"
"171.5450","0.3401","5.9999"
"171.5650","0.3401","5.9999"
"171.5850","0.3401","5.9999"
"171.6050","0.3401","5.9999"
"171.6250","0.3401","5.9998"
"171.6450","0.3401","5.9999"
"171.6650","0.3401","5.9999"
"171.6850","0.3401","6.0000"
"171.7050","0.3401","5.9999"
"171.7250","0.3401","5.9999"
"171.7450","0.3401","5.9998"
"171.7650","0.3401","5.9998"
"171.7850","0.3401","5.9998"
"171.8050","0.3401","5.9998"
"171.8250","0.3401","5.9999"
"171.8450","0.3401","5.9998"
"171.8650","0.3401","5.9998"
"171.8850","0.3401","5.9998"
"171.9050","0.3401","5.9999"
"171.9250","0.3401","5.9999"
"171.9450","0.3401","5.9999"
"171.9650","0.3401","5.9999"
"171.9850","0.3401","5.9998"
"172.0050","0.3401","5.9997"
"172.0250","0.3401","5.9997"
"172.0450","0.3401","5.9998"
"172.0650","0.3401","5.9998"
"172.0850","0.3402","5.9998"
"172.1050","0.3402","5.9999"
"172.1250","0.3402","6.0000"
"172.1450","0.3402","5.9999"
"172.1650","0.3402","5.9999"
"172.1850","0.3402","5.9998"
"172.2050","0.3402","5.9998"
"172.2250","0.3402","5.9998"
"172.2450","0.3402","5.9998"
"172.2650","0.3402","5.9999"
"172.2850","0.3402","5.9999"
"172.3050","0.3402","5.9999"
"172.3250","0.3402","5.9999"
"172.3450","0.3402","5.9999"
"172.3650","0.3402","5.9999"
"172.3850","0.3402","5.9999"
"172.4050","0.3402","5.9999"
"172.4250","0.3402","5.9999"
"172.4450","0.3402","5.9999"
"172.4650","0.3402","5.9999"
"172.4850","0.3402","5.9999"
"172.5050","0.3402","5.9999"
"172.5250","0.3402","5.9999"
"172.5450","0.3402","5.9998"
"172.5650","0.3402","5.9999"
"172.5850","0.3402","5.9999"
"172.6050","0.3402","5.9998"
"172.6250","0.3402","5.9998"
"172.6450","0.3402","5.9999"
"172.6650","0.3402","5.9999"
"172.6850","0.3402","5.9999"
"172.7050","0.3402","5.9999"
"172.7250","0.3402","5.9998"
"172.7450","0.3402","5.9999"
"172.7650","0.3402","5.9999"
"172.7850","0.3402","5.9999"
"172.8050","0.3402","5.9999"
"172.8250","0.3402","5.9999"
"172.8450","0.3402","5.9999"
"172.8650","0.3402","5.9999"
"172.8850","0.3402","5.9999"
"172.9050","0.3402","5.9999"
"172.9250","0.3402","5.9999"
"172.9450","0.3402","5.9999"
"172.9650","0.3402","5.9999"
"172.9850","0.3402","5.9999"
"173.0050","0.3402","5.9999"
"173.0250","0.3402","5.9999"
"173.0450","0.3402","5.9999"
"173.0650","0.3402","5.9999"
"173.0850","0.3402","5.9999"
"173.1050","0.3402","6.0000"
"173.1250","0.3402","6.0000"
"173.1450","0.3402","5.9999"
"173.1650","0.3402","5.9998"
"173.1850","0.3402","5.9999"
"173.2050","0.3402","5.9998"
"173.2250","0.3402","5.9998"
"173.2450","0.3402","5.9998"
"173.2650","0.3402","5.9998"
"173.2850","0.3402","5.9999"
"173.3050","0.3402","5.9998"
"173.3250","0.3402","5.9998"
"173.3450","0.3402","5.9999"
"173.3650","0.3402","5.9999"
"173.3850","0.3402","5.9999"
"173.4050","0.3402","5.9998"
"173.4250","0.3402","5.9999"
"173.4450","0.3402","5.9998"
"173.4650","0.3402","5.9998"
"173.4850","0.3402","5.9998"
"173.5050","0.3402","5.9998"
"173.5250","0.3402","5.9999"
"173.5450","0.3402","5.9999"
"173.5650","0.3402","5.9998"
"173.5850","0.3402","5.9998"
"173.6050","0.3402","5.9998"
"173.6250","0.3402","5.9998"
"173.6450","0.3402","5.9998"
"173.6650","0.3402","5.9999"
"173.6850","0.3402","5.9999"
"173.7050","0.3402","5.9999"
"173.7250","0.3402","5.9998"
"173.7450","0.3402","5.9998"
"173.7650","0.3402","5.9999"
"173.7850","0.3402","5.9999"
"173.8050","0.3402","5.9999"
"173.8250","0.3402","5.9999"
"173.8450","0.3402","5.9999"
"173.8650","0.3402","5.9998"
"173.8850","0.3402","5.9998"
"173.9050","0.3402","5.9998"
"173.9250","0.3402","5.9999"
"173.9450","0.3402","5.9999"
"173.9650","0.3402","5.9998"
"173.9850","0.3402","5.9998"
"174.0050","0.3402","5.9999"
"174.0250","0.3402","5.9999"
"174.0450","0.3402","5.9999"
"174.0650","0.3402","6.0000"
"174.0850","0.3402","6.0000"
"174.1050","0.3402","6.0000"
"174.1250","0.3402","6.0000"
"174.1450","0.3402","5.9999"
"174.1650","0.3402","5.9999"
"174.1850","0.3402","5.9999"
"174.2050","0.3402","5.9999"
"174.2250","0.3402","6.0000"
"174.2450","0.3402","5.9999"
"174.2650","0.3402","5.9999"
"174.2850","0.3402","5.9999"
"174.3050","0.3402","5.9998"
"174.3250","0.3402","5.9997"
"174.3450","0.3402","5.9998"
"174.3650","0.3402","5.9999"
"174.3850","0.3402","5.9999"
"174.4050","0.3402","5.9999"
"174.4250","0.3402","5.9998"
"174.4450","0.3402","5.9998"
"174.4650","0.3402","5.9999"
"174.4850","0.3402","6.0000"
"174.5050","0.3402","5.9999"
"174.5250","0.3402","5.9999"
"174.5450","0.3402","5.9999"
"174.5650","0.3402","5.9999"
"174.5850","0.3402","5.9999"
"174.6050","0.3402","5.9999"
"174.6250","0.3402","5.9999"
"174.6450","0.3402","6.0000"
"174.6650","0.3402","5.9999"
"174.6850","0.3402","6.0000"
"174.7050","0.3402","5.9999"
"174.7250","0.3402","5.9999"
"174.7450","0.3402","5.9999"
"174.7650","0.3402","5.9999"
"174.7850","0.3402","6.0000"
"174.8050","0.3402","5.9999"
"174.8250","0.3402","5.9999"
"174.8450","0.3403","5.9999"
"174.8650","0.3403","5.9998"
"174.8850","0.3403","5.9999"
"174.9050","0.3403","5.9999"
"174.9250","0.3403","5.9999"
"174.9450","0.3403","5.9999"
"174.9650","0.3403","5.9999"
"174.9850","0.3403","5.9998"
"175.0050","0.3403","5.9998"
"175.0250","0.3403","5.9997"
"175.0450","0.3403","5.9999"
"175.0650","0.3403","5.9999"
"175.0850","0.3403","5.9999"
"175.1050","0.3403","5.9999"
"175.1250","0.3403","5.9998"
"175.1450","0.3403","5.9998"
"175.1650","0.3403","5.9998"
"175.1850","0.3403","5.9998"
"175.2050","0.3403","5.9998"
"175.2250","0.3403","5.9998"
"175.2450","0.3403","5.9998"
"175.2650","0.3403","5.9999"
"175.2850","0.3403","5.9998"
"175.3050","0.3403","5.9998"
"175.3250","0.3403","5.9999"
"175.3450","0.3403","5.9998"
"175.3650","0.3403","5.9998"
"175.3850","0.3403","5.9998"
"175.4050","0.3403","5.9998"
"175.4250","0.3403","5.9998"
"175.4450","0.3403","5.9999"
"175.4650","0.3403","5.9998"
"175.4850","0.3403","5.9998"
"175.5050","0.3403","5.9998"
"175.5250","0.3403","5.9999"
"175.5450","0.3403","5.9999"
"175.5650","0.3403","5.9999"
"175.5850","0.3403","5.9999"
"175.6050","0.3403","5.9998"
"175.6250","0.3403","5.9999"
"175.6450","0.3403","5.9999"
"175.6650","0.3403","5.9998"
"175.6850","0.3403","5.9998"
"175.7050","0.3403","5.9999"
"175.7250","0.3403","6.0000"
"175.7450","0.3403","5.9999"
"175.7650","0.3403","5.9999"
"175.7850","0.3403","5.9999"
"175.8050","0.3403","5.9998"
"175.8250","0.3403","5.9998"
"175.8450","0.3403","5.9998"
"175.8650","0.3403","6.0000"
"175.8850","0.3403","6.0000"
"175.9050","0.3403","5.9998"
"175.9250","0.3403","5.9998"
"175.9450","0.3403","5.9999"
"175.9650","0.3403","5.9999"
"175.9850","0.3403","5.9999"
"176.0050","0.3403","5.9998"
"176.0250","0.3403","5.9999"
"176.0450","0.3403","5.9999"
"176.0650","0.3403","5.9998"
"176.0850","0.3403","5.9998"
"176.1050","0.3403","5.9998"
"176.1250","0.3403","5.9999"
"176.1450","0.3403","5.9999"
"176.1650","0.3403","5.9999"
"176.1850","0.3403","5.9999"
"176.2050","0.3403","5.9999"
"176.2250","0.3403","5.9999"
"176.2450","0.3403","5.9999"
"176.2650","0.3403","5.9999"
"176.2850","0.3403","5.9999"
"176.3050","0.3403","5.9999"
"176.3250","0.3403","5.9999"
"176.3450","0.3403","5.9999"
"176.3650","0.3403","5.9999"
"176.3850","0.3403","6.0000"
"176.4050","0.3403","5.9999"
"176.4250","0.3403","5.9999"
"176.4450","0.3403","5.9998"
"176.4650","0.3403","5.9998"
"176.4850","0.3403","5.9998"
"176.5050","0.3403","5.9998"
"176.5250","0.3403","5.9998"
"176.5450","0.3403","5.9999"
"176.5650","0.3403","5.9999"
"176.5850","0.3403","5.9998"
"176.6050","0.3403","5.9998"
"176.6250","0.3403","6.0000"
"176.6450","0.3403","5.9999"
"176.6650","0.3403","5.9999"
"176.6850","0.3403","5.9998"
"176.7050","0.3403","5.9998"
"176.7250","0.3403","5.9998"
"176.7450","0.3403","5.9998"
"176.7650","0.3403","5.9998"
"176.7850","0.3403","5.9998"
"176.8050","0.3403","5.9999"
"176.8250","0.3403","5.9999"
"176.8450","0.3403","5.9999"
"176.8650","0.3403","5.9999"
"176.8850","0.3403","5.9999"
"176.9050","0.3403","5.9999"
"176.9250","0.3403","5.9999"
"176.9450","0.3403","5.9999"
"176.9650","0.3403","5.9998"
"176.9850","0.3403","5.9998"
"177.0050","0.3403","5.9998"
"177.0250","0.3403","5.9998"
"177.0450","0.3403","5.9999"
"177.0650","0.3403","5.9999"
"177.0850","0.3403","5.9999"
"177.1050","0.3403","5.9998"
"177.1250","0.3403","5.9999"
"177.1450","0.3403","5.9999"
"177.1650","0.3403","5.9999"
"177.1850","0.3403","5.9999"
"177.2050","0.3403","5.9999"
"177.2250","0.3403","6.0000"
"177.2450","0.3403","5.9999"
"177.2650","0.3403","5.9999"
"177.2850","0.3403","5.9999"
"177.3050","0.3403","5.9999"
"177.3250","0.3403","5.9999"
"177.3450","0.3403","5.9999"
"177.3650","0.3403","5.9998"
"177.3850","0.3403","5.9998"
"177.4050","0.3403","5.9998"
"177.4250","0.3403","5.9999"
"177.4450","0.3403","5.9999"
"177.4650","0.3403","5.9998"
"177.4850","0.3403","5.9999"
"177.5050","0.3403","5.9999"
"177.5250","0.3404","5.9998"
"177.5450","0.3404","5.9998"
"177.5650","0.3404","5.9999"
"177.5850","0.3404","5.9998"
"177.6050","0.3404","5.9999"
"177.6250","0.3404","5.9998"
"177.6450","0.3404","5.9998"
"177.6650","0.3404","5.9999"
"177.6850","0.3404","5.9999"
"177.7050","0.3404","5.9999"
"177.7250","0.3404","5.9999"
"177.7450","0.3404","5.9999"
"177.7650","0.3404","5.9999"
"177.7850","0.3404","5.9999"
"177.8050","0.3404","5.9999"
"177.8250","0.3404","5.9999"
"177.8450","0.3404","5.9999"
"177.8650","0.3404","5.9999"
"177.8850","0.3404","5.9999"
"177.9050","0.3404","6.0000"
"177.9250","0.3404","5.9999"
"177.9450","0.3404","5.9999"
"177.9650","0.3404","5.9999"
"177.9850","0.3404","6.0000"
"178.0050","0.3404","5.9999"
"178.0250","0.3404","5.9999"
"178.0450","0.3404","5.9999"
"178.0650","0.3404","6.0000"
"178.0850","0.3404","6.0000"
"178.1050","0.3404","5.9999"
"178.1250","0.3404","5.9999"
"178.1450","0.3404","5.9999"
"178.1650","0.3404","5.9998"
"178.1850","0.3404","5.9999"
"178.2050","0.3404","5.9999"
"178.2250","0.3404","5.9999"
"178.2450","0.3404","5.9999"
"178.2650","0.3404","5.9999"
"178.2850","0.3404","5.9998"
"178.3050","0.3404","5.9998"
"178.3250","0.3404","5.9998"
"178.3450","0.3404","5.9998"
"178.3650","0.3404","5.9999"
"178.3850","0.3404","5.9999"
"178.4050","0.3404","6.0000"
"178.4250","0.3404","5.9999"
"178.4450","0.3404","5.9998"
"178.4650","0.3404","5.9998"
"178.4850","0.3404","5.9999"
"178.5050","0.3404","5.9999"
"178.5250","0.3404","5.9999"
"178.5450","0.3404","5.9999"
"178.5650","0.3404","5.9998"
"178.5850","0.3404","5.9998"
"178.6050","0.3404","5.9998"
"178.6250","0.3404","5.9998"
"178.6450","0.3404","5.9998"
"178.6650","0.3404","5.9998"
"178.6850","0.3404","5.9998"
"178.7050","0.3404","5.9998"
"178.7250","0.3404","5.9998"
"178.7450","0.3404","5.9999"
"178.7650","0.3404","5.9999"
"178.7850","0.3404","5.9998"
"178.8050","0.3404","5.9998"
"178.8250","0.3404","5.9998"
"178.8450","0.3404","5.9999"
"178.8650","0.3404","5.9999"
"178.8850","0.3404","5.9999"
"178.9050","0.3404","5.9998"
"178.9250","0.3404","5.9998"
"178.9450","0.3404","5.9998"
"178.9650","0.3404","5.9999"
"178.9850","0.3404","5.9999"
"179.0050","0.3404","5.9999"
"179.0250","0.3404","5.9998"
"179.0450","0.3404","5.9998"
"179.0650","0.3404","5.9998"
"179.0850","0.3404","5.9999"
"179.1050","0.3404","5.9999"
"179.1250","0.3404","5.9999"
"179.1450","0.3404","5.9999"
"179.1650","0.3404","5.9999"
"179.1850","0.3404","5.9999"
"179.2050","0.3404","5.9999"
"179.2250","0.3404","6.0000"
"179.2450","0.3404","5.9999"
"179.2650","0.3404","6.0000"
"179.2850","0.3404","5.9999"
"179.3050","0.3404","5.9999"
"179.3250","0.3404","5.9999"
"179.3450","0.3404","5.9999"
"179.3650","0.3404","5.9999"
"179.3850","0.3404","5.9999"
"179.4050","0.3404","5.9999"
"179.4250","0.3404","5.9998"
"179.4450","0.3404","5.9998"
"179.4650","0.3404","5.9999"
"179.4850","0.3404","5.9999"
"179.5050","0.3404","6.0000"
"179.5250","0.3404","5.9999"
"179.5450","0.3404","5.9998"
"179.5650","0.3404","5.9999"
"179.5850","0.3404","6.0000"
"179.6050","0.3404","6.0000"
"179.6250","0.3404","6.0000"
"179.6450","0.3404","5.9999"
"179.6650","0.3404","5.9998"
"179.6850","0.3404","5.9999"
"179.7050","0.3404","6.0000"
"179.7250","0.3404","6.0000"
"179.7450","0.3404","5.9999"
"179.7650","0.3404","5.9998"
"179.7850","0.3404","5.9998"
"179.8050","0.3404","5.9999"
"179.8250","0.3404","5.9999"
"179.8450","0.3404","5.9999"
"179.8650","0.3404","5.9999"
"179.8850","0.3404","5.9999"
"179.9050","0.3404","5.9999"
"179.9250","0.3404","5.9999"
"179.9450","0.3404","5.9999"
"179.9650","0.3404","5.9999"
"179.9850","0.3404","6.0000"
"180.0050","0.3404","5.9999"
"180.0250","0.3404","5.9999"
"180.0450","0.3404","6.0000"
"180.0650","0.3404","6.0000"
"180.0850","0.3404","5.9999"
"180.1050","0.3404","5.9999"
"180.1250","0.3404","5.9999"
"180.1450","0.3404","6.0000"
"180.1650","0.3404","5.9999"
"180.1850","0.3404","5.9998"
"180.2050","0.3404","5.9999"
"180.2250","0.3404","5.9999"
"180.2450","0.3404","5.9999"
"180.2650","0.3405","5.9999"
"180.2850","0.3405","5.9999"
"180.3050","0.3405","5.9998"
"180.3250","0.3405","5.9999"
"180.3450","0.3405","5.9998"
"180.3650","0.3405","5.9998"
"180.3850","0.3405","5.9999"
"180.4050","0.3405","5.9999"
"180.4250","0.3405","5.9999"
"180.4450","0.3405","5.9999"
"180.4650","0.3405","5.9999"
"180.4850","0.3405","5.9999"
"180.5050","0.3405","5.9999"
"180.5250","0.3405","5.9999"
"180.5450","0.3405","5.9999"
"180.5650","0.3405","5.9999"
"180.5850","0.3405","5.9999"
"180.6050","0.3405","5.9999"
"180.6250","0.3405","5.9999"
"180.6450","0.3405","5.9998"
"180.6650","0.3405","5.9998"
"180.6850","0.3405","5.9999"
"180.7050","0.3405","5.9999"
"180.7250","0.3405","5.9999"
"180.7450","0.3405","5.9999"
"180.7650","0.3405","5.9999"
"180.7850","0.3405","5.9998"
"180.8050","0.3405","5.9999"
"180.8250","0.3405","6.0000"
"180.8450","0.3405","6.0000"
"180.8650","0.3405","5.9999"
"180.8850","0.3405","5.9999"
"180.9050","0.3405","5.9998"
"180.9250","0.3405","5.9999"
"180.9450","0.3405","6.0000"
"180.9650","0.3405","6.0000"
"180.9850","0.3405","5.9999"
"181.0050","0.3405","5.9999"
"181.0250","0.3405","5.9999"
"181.0450","0.3405","5.9999"
"181.0650","0.3405","5.9999"
"181.0850","0.3405","6.0000"
"181.1050","0.3405","6.0000"
"181.1250","0.3405","6.0000"
"181.1450","0.3405","5.9999"
"181.1650","0.3405","6.0000"
"181.1850","0.3405","5.9999"
"181.2050","0.3405","5.9999"
"181.2250","0.3405","5.9999"
"181.2450","0.3405","5.9999"
"181.2650","0.3405","6.0000"
"181.2850","0.3405","6.0000"
"181.3050","0.3405","6.0000"
"181.3250","0.3405","5.9999"
"181.3450","0.3405","6.0000"
"181.3650","0.3405","5.9999"
"181.3850","0.3405","5.9999"
"181.4050","0.3405","5.9999"
"181.4250","0.3405","5.9999"
"181.4450","0.3405","5.9999"
"181.4650","0.3405","5.9999"
"181.4850","0.3405","5.9998"
"181.5050","0.3405","5.9999"
"181.5250","0.3405","6.0000"
"181.5450","0.3405","5.9999"
"181.5650","0.3405","5.9999"
"181.5850","0.3405","5.9999"
"181.6050","0.3405","5.9998"
"181.6250","0.3405","5.9999"
"181.6450","0.3405","5.9999"
"181.6650","0.3405","5.9999"
"181.6850","0.3405","5.9999"
"181.7050","0.3405","5.9999"
"181.7250","0.3405","5.9999"
"181.7450","0.3405","5.9999"
"181.7650","0.3405","5.9999"
"181.7850","0.3405","5.9998"
"181.8050","0.3405","5.9998"
"181.8250","0.3405","5.9998"
"181.8450","0.3405","5.9998"
"181.8650","0.3405","5.9999"
"181.8850","0.3405","5.9999"
"181.9050","0.3405","5.9999"
"181.9250","0.3405","5.9999"
"181.9450","0.3405","5.9999"
"181.9650","0.3405","5.9999"
"181.9850","0.3405","5.9999"
"182.0050","0.3405","5.9998"
"182.0250","0.3405","5.9998"
"182.0450","0.3405","5.9999"
"182.0650","0.3405","6.0000"
"182.0850","0.3405","5.9999"
"182.1050","0.3405","5.9999"
"182.1250","0.3405","6.0000"
"182.1450","0.3405","5.9999"
"182.1650","0.3405","5.9998"
"182.1850","0.3405","5.9998"
"182.2050","0.3405","5.9999"
"182.2250","0.3405","5.9999"
"182.2450","0.3405","5.9999"
"182.2650","0.3405","5.9998"
"182.2850","0.3405","5.9999"
"182.3050","0.3405","5.9999"
"182.3250","0.3405","6.0000"
"182.3450","0.3405","5.9999"
"182.3650","0.3405","5.9999"
"182.3850","0.3405","6.0000"
"182.4050","0.3405","5.9999"
"182.4250","0.3405","5.9999"
"182.4450","0.3405","5.9999"
"182.4650","0.3405","5.9999"
"182.4850","0.3405","5.9999"
"182.5050","0.3405","5.9999"
"182.5250","0.3405","5.9999"
"182.5450","0.3405","5.9999"
"182.5650","0.3405","5.9999"
"182.5850","0.3405","5.9999"
"182.6050","0.3405","5.9999"
"182.6250","0.3405","5.9999"
"182.6450","0.3405","5.9999"
"182.6650","0.3405","6.0000"
"182.6850","0.3405","5.9999"
"182.7050","0.3405","6.0000"
"182.7250","0.3405","6.0000"
"182.7450","0.3405","6.0000"
"182.7650","0.3405","5.9999"
"182.7850","0.3405","5.9999"
"182.8050","0.3405","5.9999"
"182.8250","0.3405","5.9999"
"182.8450","0.3405","5.9999"
"182.8650","0.3405","5.9999"
"182.8850","0.3405","6.0000"
"182.9050","0.3405","6.0000"
"182.9250","0.3405","5.9999"
"182.9450","0.3405","5.9999"
"182.9650","0.3405","5.9999"
"182.9850","0.3405","5.9999"
"183.0050","0.3405","5.9999"
"183.0250","0.3405","5.9999"
"183.0450","0.3405","5.9999"
"183.0650","0.3405","5.9998"
"183.0850","0.3405","5.9998"
"183.1050","0.3405","5.9999"
"183.1250","0.3405","5.9999"
"183.1450","0.3405","5.9999"
"183.1650","0.3406","5.9999"
"183.1850","0.3406","5.9999"
"183.2050","0.3406","5.9999"
"183.2250","0.3406","5.9999"
"183.2450","0.3406","5.9999"
"183.2650","0.3406","5.9999"
"183.2850","0.3406","5.9999"
"183.3050","0.3406","5.9999"
"183.3250","0.3406","5.9999"
"183.3450","0.3406","5.9999"
"183.3650","0.3406","5.9999"
"183.3850","0.3406","5.9999"
"183.4050","0.3406","5.9999"
"183.4250","0.3406","5.9999"
"183.4450","0.3406","5.9999"
"183.4650","0.3406","5.9999"
"183.4850","0.3406","5.9999"
"183.5050","0.3406","5.9998"
"183.5250","0.3406","5.9999"
"183.5450","0.3406","5.9999"
"183.5650","0.3406","5.9999"
"183.5850","0.3406","5.9999"
"183.6050","0.3406","5.9999"
"183.6250","0.3406","5.9999"
"183.6450","0.3406","5.9999"
"183.6650","0.3406","5.9999"
"183.6850","0.3406","5.9999"
"183.7050","0.3406","5.9999"
"183.7250","0.3406","5.9999"
"183.7450","0.3406","5.9999"
"183.7650","0.3406","5.9998"
"183.7850","0.3406","5.9999"
"183.8050","0.3406","5.9999"
"183.8250","0.3406","5.9999"
"183.8450","0.3406","6.0000"
"183.8650","0.3406","5.9999"
"183.8850","0.3406","5.9998"
"183.9050","0.3406","5.9999"
"183.9250","0.3406","6.0000"
"183.9450","0.3406","5.9999"
"183.9650","0.3406","5.9999"
"183.9850","0.3406","5.9999"
"184.0050","0.3406","5.9999"
"184.0250","0.3406","5.9998"
"184.0450","0.3406","6.0000"
"184.0650","0.3406","5.9999"
"184.0850","0.3406","5.9999"
"184.1050","0.3406","6.0000"
"184.1250","0.3406","5.9999"
"184.1450","0.3406","5.9999"
"184.1650","0.3406","5.9999"
"184.1850","0.3406","5.9999"
"184.2050","0.3406","5.9998"
"184.2250","0.3406","5.9999"
"184.2450","0.3406","5.9999"
"184.2650","0.3406","5.9999"
"184.2850","0.3406","5.9999"
"184.3050","0.3406","5.9999"
"184.3250","0.3406","5.9999"
"184.3450","0.3406","5.9999"
"184.3650","0.3406","5.9999"
"184.3850","0.3406","5.9999"
"184.4050","0.3406","5.9999"
"184.4250","0.3406","5.9999"
"184.4450","0.3406","5.9999"
"184.4650","0.3406","6.0000"
"184.4850","0.3406","6.0000"
"184.5050","0.3406","6.0000"
"184.5250","0.3406","6.0000"
"184.5450","0.3406","6.0000"
"184.5650","0.3406","6.0000"
"184.5850","0.3406","6.0000"
"184.6050","0.3406","6.0000"
"184.6250","0.3406","5.9999"
"184.6450","0.3406","5.9999"
"184.6650","0.3406","5.9999"
"184.6850","0.3406","5.9999"
"184.7050","0.3406","5.9999"
"184.7250","0.3406","5.9999"
"184.7450","0.3406","5.9999"
"184.7650","0.3406","5.9999"
"184.7850","0.3406","6.0000"
"184.8050","0.3406","6.0000"
"184.8250","0.3406","5.9999"
"184.8450","0.3406","5.9999"
"184.8650","0.3406","5.9999"
"184.8850","0.3406","5.9998"
"184.9050","0.3406","5.9998"
"184.9250","0.3406","5.9998"
"184.9450","0.3406","5.9999"
"184.9650","0.3406","6.0000"
"184.9850","0.3406","5.9999"
"185.0050","0.3406","5.9999"
"185.0250","0.3406","5.9999"
"185.0450","0.3406","5.9999"
"185.0650","0.3406","5.9999"
"185.0850","0.3406","5.9999"
"185.1050","0.3406","5.9999"
"185.1250","0.3406","5.9999"
"185.1450","0.3406","5.9999"
"185.1650","0.3406","5.9999"
"185.1850","0.3406","5.9999"
"185.2050","0.3406","5.9999"
"185.2250","0.3406","5.9999"
"185.2450","0.3406","5.9999"
"185.2650","0.3406","5.9999"
"185.2850","0.3406","5.9999"
"185.3050","0.3406","5.9999"
"185.3250","0.3406","5.9999"
"185.3450","0.3406","5.9999"
"185.3650","0.3406","5.9999"
"185.3850","0.3406","6.0000"
"185.4050","0.3406","6.0000"
"185.4250","0.3406","6.0001"
"185.4450","0.3406","6.0000"
"185.4650","0.3406","5.9999"
"185.4850","0.3406","5.9999"
"185.5050","0.3406","5.9999"
"185.5250","0.3406","5.9999"
"185.5450","0.3406","5.9999"
"185.5650","0.3406","5.9999"
"185.5850","0.3406","5.9998"
"185.6050","0.3406","5.9999"
"185.6250","0.3406","6.0000"
"185.6450","0.3406","6.0000"
"185.6650","0.3406","6.0000"
"185.6850","0.3406","6.0000"
"185.7050","0.3406","6.0001"
"185.7250","0.3406","5.9999"
"185.7450","0.3406","5.9999"
"185.7650","0.3406","5.9999"
"185.7850","0.3406","6.0000"
"185.8050","0.3406","5.9999"
"185.8250","0.3406","5.9999"
"185.8450","0.3406","6.0000"
"185.8650","0.3406","6.0000"
"185.8850","0.3406","6.0000"
"185.9050","0.3406","6.0000"
"185.9250","0.3406","6.0000"
"185.9450","0.3406","5.9999"
"185.9650","0.3406","5.9999"
"185.9850","0.3406","5.9999"
"186.0050","0.3406","5.9999"
"186.0250","0.3407","5.9999"
"186.0450","0.3407","5.9999"
"186.0650","0.3407","5.9999"
"186.0850","0.3407","6.0000"
"186.1050","0.3407","5.9999"
"186.1250","0.3407","5.9999"
"186.1450","0.3407","5.9999"
"186.1650","0.3407","5.9999"
"186.1850","0.3407","5.9999"
"186.2050","0.3407","6.0000"
"186.2250","0.3407","6.0000"
"186.2450","0.3407","6.0000"
"186.2650","0.3407","6.0000"
"186.2850","0.3407","6.0000"
"186.3050","0.3407","5.9999"
"186.3250","0.3407","5.9999"
"186.3450","0.3407","6.0000"
"186.3650","0.3407","6.0000"
"186.3850","0.3407","6.0000"
"186.4050","0.3407","6.0000"
"186.4250","0.3407","5.9999"
"186.4450","0.3407","5.9999"
"186.4650","0.3407","5.9999"
"186.4850","0.3407","5.9999"
"186.5050","0.3407","5.9998"
"186.5250","0.3407","5.9999"
"186.5450","0.3407","6.0000"
"186.5650","0.3407","5.9999"
"186.5850","0.3407","5.9999"
"186.6050","0.3407","5.9998"
"186.6250","0.3407","5.9999"
"186.6450","0.3407","5.9999"
"186.6650","0.3407","5.9999"
"186.6850","0.3407","5.9999"
"186.7050","0.3407","5.9999"
"186.7250","0.3407","5.9998"
"186.7450","0.3407","5.9998"
"186.7650","0.3407","5.9998"
"186.7850","0.3407","5.9999"
"186.8050","0.3407","5.9999"
"186.8250","0.3407","6.0000"
"186.8450","0.3407","5.9999"
"186.8650","0.3407","5.9999"
"186.8850","0.3407","5.9999"
"186.9050","0.3407","5.9999"
"186.9250","0.3407","5.9999"
"186.9450","0.3407","5.9999"
"186.9650","0.3407","5.9998"
"186.9850","0.3407","5.9998"
"187.0050","0.3407","5.9999"
"187.0250","0.3407","5.9999"
"187.0450","0.3407","5.9999"
"187.0650","0.3407","5.9999"
"187.0850","0.3407","5.9999"
"187.1050","0.3407","5.9999"
"187.1250","0.3407","6.0000"
"187.1450","0.3407","5.9999"
"187.1650","0.3407","5.9998"
"187.1850","0.3407","5.9999"
"187.2050","0.3407","5.9999"
"187.2250","0.3407","5.9999"
"187.2450","0.3407","6.0000"
"187.2650","0.3407","6.0000"
"187.2850","0.3407","5.9999"
"187.3050","0.3407","5.9999"
"187.3250","0.3407","5.9999"
"187.3450","0.3407","6.0000"
"187.3650","0.3407","5.9999"
"187.3850","0.3407","5.9999"
"187.4050","0.3407","5.9999"
"187.4250","0.3407","5.9999"
"187.4450","0.3407","5.9999"
"187.4650","0.3407","5.9999"
"187.4850","0.3407","5.9999"
"187.5050","0.3407","5.9999"
"187.5250","0.3407","6.0000"
"187.5450","0.3407","6.0000"
"187.5650","0.3407","6.0000"
"187.5850","0.3407","6.0000"
"187.6050","0.3407","6.0000"
"187.6250","0.3407","6.0000"
"187.6450","0.3407","5.9999"
"187.6650","0.3407","6.0000"
"187.6850","0.3407","6.0000"
"187.7050","0.3407","6.0000"
"187.7250","0.3407","6.0000"
"187.7450","0.3407","6.0000"
"187.7650","0.3407","6.0000"
"187.7850","0.3407","6.0000"
"187.8050","0.3407","5.9999"
"187.8250","0.3407","5.9999"
"187.8450","0.3407","5.9999"
"187.8650","0.3407","5.9999"
"187.8850","0.3407","5.9999"
"187.9050","0.3407","5.9999"
"187.9250","0.3407","5.9999"
"187.9450","0.3407","6.0000"
"187.9650","0.3407","5.9999"
"187.9850","0.3407","5.9999"
"188.0050","0.3407","5.9999"
"188.0250","0.3407","5.9999"
"188.0450","0.3407","6.0000"
"188.0650","0.3407","6.0000"
"188.0850","0.3407","6.0000"
"188.1050","0.3407","6.0000"
"188.1250","0.3407","6.0000"
"188.1450","0.3407","5.9999"
"188.1650","0.3407","6.0000"
"188.1850","0.3407","6.0000"
"188.2050","0.3407","6.0000"
"188.2250","0.3407","6.0000"
"188.2450","0.3407","6.0000"
"188.2650","0.3407","6.0000"
"188.2850","0.3407","5.9999"
"188.3050","0.3407","5.9999"
"188.3250","0.3407","5.9999"
"188.3450","0.3407","6.0000"
"188.3650","0.3407","5.9999"
"188.3850","0.3407","5.9999"
"188.4050","0.3407","5.9999"
"188.4250","0.3407","5.9999"
"188.4450","0.3407","5.9999"
"188.4650","0.3407","5.9999"
"188.4850","0.3407","5.9999"
"188.5050","0.3407","5.9999"
"188.5250","0.3407","6.0000"
"188.5450","0.3407","6.0000"
"188.5650","0.3407","6.0000"
"188.5850","0.3407","6.0000"
"188.6050","0.3407","6.0000"
"188.6250","0.3407","5.9999"
"188.6450","0.3407","5.9999"
"188.6650","0.3407","5.9999"
"188.6850","0.3407","5.9999"
"188.7050","0.3407","5.9998"
"188.7250","0.3407","5.9998"
"188.7450","0.3407","5.9998"
"188.7650","0.3407","5.9999"
"188.7850","0.3407","5.9999"
"188.8050","0.3407","5.9999"
"188.8250","0.3407","5.9998"
"188.8450","0.3407","5.9999"
"188.8650","0.3407","5.9999"
"188.8850","0.3407","5.9999"
"188.9050","0.3407","5.9999"
"188.9250","0.3407","6.0000"
"188.9450","0.3407","6.0000"
"188.9650","0.3407","6.0000"
"188.9850","0.3408","5.9999"
"189.0050","0.3408","5.9999"
"189.0250","0.3408","5.9998"
"189.0450","0.3408","5.9998"
"189.0650","0.3408","5.9998"
"189.0850","0.3408","5.9998"
"189.1050","0.3408","6.0000"
"189.1250","0.3408","6.0000"
"189.1450","0.3408","5.9999"
"189.1650","0.3408","5.9999"
"189.1850","0.3408","5.9999"
"189.2050","0.3408","5.9999"
"189.2250","0.3408","6.0000"
"189.2450","0.3408","6.0000"
"189.2650","0.3408","6.0000"
"189.2850","0.3408","6.0000"
"189.3050","0.3408","5.9999"
"189.3250","0.3408","5.9999"
"189.3450","0.3408","6.0000"
"189.3650","0.3408","5.9999"
"189.3850","0.3408","5.9999"
"189.4050","0.3408","5.9999"
"189.4250","0.3408","6.0000"
"189.4450","0.3408","5.9999"
"189.4650","0.3408","5.9998"
"189.4850","0.3408","5.9999"
"189.5050","0.3408","5.9999"
"189.5250","0.3408","6.0000"
"189.5450","0.3408","6.0000"
"189.5650","0.3408","6.0000"
"189.5850","0.3408","5.9999"
"189.6050","0.3408","5.9999"
"189.6250","0.3408","5.9999"
"189.6450","0.3408","6.0000"
"189.6650","0.3408","6.0000"
"189.6850","0.3408","6.0000"
"189.7050","0.3408","6.0000"
"189.7250","0.3408","6.0000"
"189.7450","0.3408","6.0000"
"189.7650","0.3408","6.0000"
"189.7850","0.3408","6.0000"
"189.8050","0.3408","5.9999"
"189.8250","0.3408","5.9999"
"189.8450","0.3408","5.9999"
"189.8650","0.3408","6.0000"
"189.8850","0.3408","6.0000"
"189.9050","0.3408","5.9999"
"189.9250","0.3408","5.9999"
"189.9450","0.3408","5.9999"
"189.9650","0.3408","5.9998"
"189.9850","0.3408","5.9998"
"190.0050","0.3408","5.9998"
"190.0250","0.3408","5.9999"
"190.0450","0.3408","5.9999"
"190.0650","0.3408","5.9999"
"190.0850","0.3408","5.9999"
"190.1050","0.3408","5.9999"
"190.1250","0.3408","5.9999"
"190.1450","0.3408","5.9999"
"190.1650","0.3408","5.9999"
"190.1850","0.3408","5.9999"
"190.2050","0.3408","5.9999"
"190.2250","0.3408","5.9999"
"190.2450","0.3408","5.9999"
"190.2650","0.3408","5.9999"
"190.2850","0.3408","6.0000"
"190.3050","0.3408","5.9999"
"190.3250","0.3408","5.9999"
"190.3450","0.3408","5.9999"
"190.3650","0.3408","5.9999"
"190.3850","0.3408","5.9999"
"190.4050","0.3408","5.9999"
"190.4250","0.3408","5.9999"
"190.4450","0.3408","5.9999"
"190.4650","0.3408","5.9999"
"190.4850","0.3408","5.9999"
"190.5050","0.3408","5.9999"
"190.5250","0.3408","5.9999"
"190.5450","0.3408","5.9999"
"190.5650","0.3408","5.9999"
"190.5850","0.3408","5.9998"
"190.6050","0.3408","5.9999"
"190.6250","0.3408","6.0000"
"190.6450","0.3408","6.0000"
"190.6650","0.3408","6.0000"
"190.6850","0.3408","6.0000"
"190.7050","0.3408","6.0000"
"190.7250","0.3408","6.0000"
"190.7450","0.3408","6.0000"
"190.7650","0.3408","6.0000"
"190.7850","0.3408","5.9999"
"190.8050","0.3408","6.0000"
"190.8250","0.3408","6.0000"
"190.8450","0.3408","6.0000"
"190.8650","0.3408","6.0000"
"190.8850","0.3408","6.0000"
"190.9050","0.3408","6.0000"
"190.9250","0.3408","6.0000"
"190.9450","0.3408","6.0001"
"190.9650","0.3408","6.0000"
"190.9850","0.3408","5.9999"
"191.0050","0.3408","5.9999"
"191.0250","0.3408","5.9999"
"191.0450","0.3408","5.9999"
"191.0650","0.3408","6.0000"
"191.0850","0.3408","5.9999"
"191.1050","0.3408","5.9999"
"191.1250","0.3408","5.9999"
"191.1450","0.3408","6.0000"
"191.1650","0.3408","6.0000"
"191.1850","0.3408","6.0000"
"191.2050","0.3408","5.9999"
"191.2250","0.3408","5.9999"
"191.2450","0.3408","5.9999"
"191.2650","0.3408","6.0000"
"191.2850","0.3408","6.0000"
"191.3050","0.3408","6.0000"
"191.3250","0.3408","6.0000"
"191.3450","0.3408","6.0000"
"191.3650","0.3408","6.0000"
"191.3850","0.3408","6.0000"
"191.4050","0.3408","6.0000"
"191.4250","0.3408","6.0000"
"191.4450","0.3408","6.0000"
"191.4650","0.3408","6.0000"
"191.4850","0.3408","6.0000"
"191.5050","0.3408","6.0000"
"191.5250","0.3408","6.0000"
"191.5450","0.3408","5.9999"
"191.5650","0.3408","5.9999"
"191.5850","0.3408","5.9999"
"191.6050","0.3408","6.0001"
"191.6250","0.3408","6.0000"
"191.6450","0.3408","6.0000"
"191.6650","0.3408","6.0000"
"191.6850","0.3408","6.0000"
"191.7050","0.3408","6.0000"
"191.7250","0.3408","5.9999"
"191.7450","0.3408","5.9999"
"191.7650","0.3408","6.0000"
"191.7850","0.3408","5.9999"
"191.8050","0.3408","6.0000"
"191.8250","0.3408","5.9999"
"191.8450","0.3408","5.9999"
"191.8650","0.3408","6.0000"
"191.8850","0.3408","6.0000"
"191.9050","0.3408","6.0000"
"191.9250","0.3408","5.9999"
"191.9450","0.3408","5.9999"
"191.9650","0.3408","5.9999"
"191.9850","0.3408","5.9999"
"192.0050","0.3408","5.9999"
"192.0250","0.3408","5.9999"
"192.0450","0.3408","5.9999"
"192.0650","0.3409","5.9998"
"192.0850","0.3409","5.9999"
"192.1050","0.3409","5.9999"
"192.1250","0.3409","6.0000"
"192.1450","0.3409","5.9999"
"192.1650","0.3409","5.9999"
"192.1850","0.3409","5.9999"
"192.2050","0.3409","5.9999"
"192.2250","0.3409","5.9999"
"192.2450","0.3409","5.9999"
"192.2650","0.3409","5.9999"
"192.2850","0.3409","5.9999"
"192.3050","0.3409","5.9998"
"192.3250","0.3409","5.9998"
"192.3450","0.3409","5.9999"
"192.3650","0.3409","6.0000"
"192.3850","0.3409","6.0000"
"192.4050","0.3409","6.0000"
"192.4250","0.3409","6.0000"
"192.4450","0.3409","6.0000"
"192.4650","0.3409","6.0000"
"192.4850","0.3409","6.0000"
"192.5050","0.3409","6.0000"
"192.5250","0.3409","6.0000"
"192.5450","0.3409","5.9999"
"192.5650","0.3409","5.9998"
"192.5850","0.3409","6.0000"
"192.6050","0.3409","5.9998"
"192.6250","0.3409","5.9999"
"192.6450","0.3409","5.9999"
"192.6650","0.3409","5.9999"
"192.6850","0.3409","5.9999"
"192.7050","0.3409","5.9999"
"192.7250","0.3409","6.0000"
"192.7450","0.3409","6.0000"
"192.7650","0.3409","5.9999"
"192.7850","0.3409","5.9999"
"192.8050","0.3409","5.9999"
"192.8250","0.3409","5.9999"
"192.8450","0.3409","6.0000"
"192.8650","0.3409","6.0000"
"192.8850","0.3409","5.9999"
"192.9050","0.3409","6.0000"
"192.9250","0.3409","6.0000"
"192.9450","0.3409","6.0000"
"192.9650","0.3409","6.0000"
"192.9850","0.3409","5.9999"
"193.0050","0.3409","6.0000"
"193.0250","0.3409","6.0000"
"193.0450","0.3409","6.0001"
"193.0650","0.3409","6.0001"
"193.0850","0.3409","6.0000"
"193.1050","0.3409","6.0000"
"193.1250","0.3409","6.0000"
"193.1450","0.3409","6.0000"
"193.1650","0.3409","6.0000"
"193.1850","0.3409","6.0000"
"193.2050","0.3409","6.0000"
"193.2250","0.3409","6.0000"
"193.2450","0.3409","6.0000"
"193.2650","0.3409","5.9999"
"193.2850","0.3409","6.0000"
"193.3050","0.3409","6.0001"
"193.3250","0.3409","6.0000"
"193.3450","0.3409","6.0000"
"193.3650","0.3409","5.9999"
"193.3850","0.3409","6.0000"
"193.4050","0.3409","6.0000"
"193.4250","0.3409","6.0000"
"193.4450","0.3409","6.0000"
"193.4650","0.3409","6.0001"
"193.4850","0.3409","6.0000"
"193.5050","0.3409","6.0000"
"193.5250","0.3409","6.0000"
"193.5450","0.3409","6.0000"
"193.5650","0.3409","6.0000"
"193.5850","0.3409","6.0000"
"193.6050","0.3409","5.9999"
"193.6250","0.3409","6.0000"
"193.6450","0.3409","6.0000"
"193.6650","0.3409","5.9999"
"193.6850","0.3409","6.0000"
"193.7050","0.3409","6.0000"
"193.7250","0.3409","5.9999"
"193.7450","0.3409","5.9999"
"193.7650","0.3409","5.9999"
"193.7850","0.3409","5.9999"
"193.8050","0.3409","5.9999"
"193.8250","0.3409","5.9998"
"193.8450","0.3409","5.9999"
"193.8650","0.3409","6.0000"
"193.8850","0.3409","6.0000"
"193.9050","0.3409","6.0000"
"193.9250","0.3409","5.9999"
"193.9450","0.3409","5.9999"
"193.9650","0.3409","6.0000"
"193.9850","0.3409","5.9999"
"194.0050","0.3409","6.0000"
"194.0250","0.3409","6.0000"
"194.0450","0.3409","5.9999"
"194.0650","0.3409","5.9999"
"194.0850","0.3409","5.9999"
"194.1050","0.3409","6.0000"
"194.1250","0.3409","6.0000"
"194.1450","0.3409","5.9999"
"194.1650","0.3409","5.9999"
"194.1850","0.3409","5.9999"
"194.2050","0.3409","6.0000"
"194.2250","0.3409","5.9999"
"194.2450","0.3409","5.9999"
"194.2650","0.3409","5.9999"
"194.2850","0.3409","6.0000"
"194.3050","0.3409","6.0000"
"194.3250","0.3409","6.0000"
"194.3450","0.3409","6.0000"
"194.3650","0.3409","5.9999"
"194.3850","0.3409","5.9999"
"194.4050","0.3409","5.9999"
"194.4250","0.3409","5.9999"
"194.4450","0.3409","6.0000"
"194.4650","0.3409","6.0000"
"194.4850","0.3409","6.0000"
"194.5050","0.3409","5.9999"
"194.5250","0.3409","5.9999"
"194.5450","0.3409","5.9999"
"194.5650","0.3409","5.9999"
"194.5850","0.3409","6.0000"
"194.6050","0.3409","5.9999"
"194.6250","0.3409","5.9999"
"194.6450","0.3409","5.9999"
"194.6650","0.3409","6.0000"
"194.6850","0.3409","5.9999"
"194.7050","0.3409","5.9999"
"194.7250","0.3409","6.0000"
"194.7450","0.3409","6.0000"
"194.7650","0.3409","5.9999"
"194.7850","0.3409","6.0000"
"194.8050","0.3409","6.0000"
"194.8250","0.3409","5.9999"
"194.8450","0.3409","5.9999"
"194.8650","0.3409","5.9999"
"194.8850","0.3409","5.9999"
"194.9050","0.3409","6.0000"
"194.9250","0.3409","6.0001"
"194.9450","0.3409","6.0001"
"194.9650","0.3409","6.0000"
"194.9850","0.3409","6.0000"
"195.0050","0.3409","5.9999"
"195.0250","0.3410","5.9999"
"195.0450","0.3410","6.0000"
"195.0650","0.3410","6.0000"
"195.0850","0.3410","6.0000"
"195.1050","0.3410","6.0000"
"195.1250","0.3410","6.0000"
"195.1450","0.3410","6.0000"
"195.1650","0.3410","6.0000"
"195.1850","0.3410","6.0000"
"195.2050","0.3410","6.0000"
"195.2250","0.3410","6.0000"
"195.2450","0.3410","5.9999"
"195.2650","0.3410","6.0000"
"195.2850","0.3410","6.0000"
"195.3050","0.3410","6.0000"
"195.3250","0.3410","6.0000"
"195.3450","0.3410","6.0000"
"195.3650","0.3410","6.0000"
"195.3850","0.3410","6.0001"
"195.4050","0.3410","6.0001"
"195.4250","0.3410","6.0000"
"195.4450","0.3410","6.0000"
"195.4650","0.3410","5.9999"
"195.4850","0.3410","5.9999"
"195.5050","0.3410","5.9999"
"195.5250","0.3410","5.9999"
"195.5450","0.3410","5.9999"
"195.5650","0.3410","6.0000"
"195.5850","0.3410","5.9999"
"195.6050","0.3410","5.9999"
"195.6250","0.3410","6.0000"
"195.6450","0.3410","6.0000"
"195.6650","0.3410","6.0000"
"195.6850","0.3410","5.9999"
"195.7050","0.3410","5.9999"
"195.7250","0.3410","6.0000"
"195.7450","0.3410","6.0000"
"195.7650","0.3410","6.0000"
"195.7850","0.3410","5.9999"
"195.8050","0.3410","5.9999"
"195.8250","0.3410","6.0000"
"195.8450","0.3410","5.9999"
"195.8650","0.3410","5.9999"
"195.8850","0.3410","6.0000"
"195.9050","0.3410","6.0000"
"195.9250","0.3410","6.0000"
"195.9450","0.3410","6.0000"
"195.9650","0.3410","6.0001"
"195.9850","0.3410","6.0000"
"196.0050","0.3410","6.0000"
"196.0250","0.3410","5.9999"
"196.0450","0.3410","5.9999"
"196.0650","0.3410","5.9999"
"196.0850","0.3410","5.9999"
"196.1050","0.3410","6.0000"
"196.1250","0.3410","6.0000"
"196.1450","0.3410","6.0000"
"196.1650","0.3410","5.9999"
"196.1850","0.3410","5.9999"
"196.2050","0.3410","5.9999"
"196.2250","0.3410","5.9999"
"196.2450","0.3410","5.9999"
"196.2650","0.3410","6.0000"
"196.2850","0.3410","6.0001"
"196.3050","0.3410","6.0000"
"196.3250","0.3410","6.0000"
"196.3450","0.3410","5.9999"
"196.3650","0.3410","6.0000"
"196.3850","0.3410","6.0000"
"196.4050","0.3410","6.0000"
"196.4250","0.3410","6.0000"
"196.4450","0.3410","5.9999"
"196.4650","0.3410","5.9998"
"196.4850","0.3410","5.9999"
"196.5050","0.3410","6.0000"
"196.5250","0.3410","6.0000"
"196.5450","0.3410","5.9999"
"196.5650","0.3410","5.9999"
"196.5850","0.3410","6.0000"
"196.6050","0.3410","6.0000"
"196.6250","0.3410","6.0000"
"196.6450","0.3410","6.0000"
"196.6650","0.3410","6.0000"
"196.6850","0.3410","5.9999"
"196.7050","0.3410","6.0000"
"196.7250","0.3410","6.0000"
"196.7450","0.3410","6.0000"
"196.7650","0.3410","6.0000"
"196.7850","0.3410","6.0001"
"196.8050","0.3410","6.0001"
"196.8250","0.3410","6.0000"
"196.8450","0.3410","6.0000"
"196.8650","0.3410","6.0000"
"196.8850","0.3410","6.0000"
"196.9050","0.3410","6.0000"
"196.9250","0.3410","5.9999"
"196.9450","0.3410","6.0000"
"196.9650","0.3410","6.0000"
"196.9850","0.3410","6.0000"
"197.0050","0.3410","6.0001"
"197.0250","0.3410","6.0000"
"197.0450","0.3410","6.0000"
"197.0650","0.3410","6.0000"
"197.0850","0.3410","5.9999"
"197.1050","0.3410","5.9999"
"197.1250","0.3410","6.0000"
"197.1450","0.3410","6.0001"
"197.1650","0.3410","6.0001"
"197.1850","0.3410","6.0000"
"197.2050","0.3410","5.9999"
"197.2250","0.3410","5.9999"
"197.2450","0.3410","5.9999"
"197.2650","0.3410","5.9999"
"197.2850","0.3410","5.9999"
"197.3050","0.3410","5.9999"
"197.3250","0.3410","6.0000"
"197.3450","0.3410","6.0000"
"197.3650","0.3410","5.9999"
"197.3850","0.3410","5.9998"
"197.4050","0.3410","5.9998"
"197.4250","0.3410","5.9999"
"197.4450","0.3410","6.0000"
"197.4650","0.3410","6.0000"
"197.4850","0.3410","5.9999"
"197.5050","0.3410","5.9999"
"197.5250","0.3410","6.0000"
"197.5450","0.3410","5.9999"
"197.5650","0.3410","6.0000"
"197.5850","0.3410","6.0000"
"197.6050","0.3410","6.0000"
"197.6250","0.3410","6.0000"
"197.6450","0.3410","6.0000"
"197.6650","0.3410","6.0000"
"197.6850","0.3410","5.9999"
"197.7050","0.3410","5.9999"
"197.7250","0.3410","5.9999"
"197.7450","0.3410","6.0000"
"197.7650","0.3410","6.0000"
"197.7850","0.3410","6.0000"
"197.8050","0.3410","6.0000"
"197.8250","0.3410","5.9999"
"197.8450","0.3410","5.9999"
"197.8650","0.3410","5.9999"
"197.8850","0.3410","5.9999"
"197.9050","0.3410","5.9999"
"197.9250","0.3410","5.9999"
"197.9450","0.3410","6.0000"
"197.9650","0.3410","6.0000"
"197.9850","0.3410","5.9999"
"198.0050","0.3410","5.9999"
"198.0250","0.3410","6.0000"
"198.0450","0.3410","6.0000"
"198.0650","0.3410","6.0001"
"198.0850","0.3410","6.0000"
"198.1050","0.3410","6.0000"
"198.1250","0.3410","5.9999"
"198.1450","0.3410","6.0000"
"198.1650","0.3410","6.0000"
"198.1850","0.3410","6.0000"
"198.2050","0.3410","6.0000"
"198.2250","0.3410","6.0000"
"198.2450","0.3410","5.9999"
"198.2650","0.3410","6.0000"
"198.2850","0.3410","5.9999"
"198.3050","0.3411","5.9999"
"198.3250","0.3411","5.9999"
"198.3450","0.3411","6.0000"
"198.3650","0.3411","6.0000"
"198.3850","0.3411","5.9999"
"198.4050","0.3411","5.9999"
"198.4250","0.3411","6.0000"
"198.4450","0.3411","6.0000"
"198.4650","0.3411","6.0000"
"198.4850","0.3411","6.0000"
"198.5050","0.3411","6.0000"
"198.5250","0.3411","6.0000"
"198.5450","0.3411","6.0000"
"198.5650","0.3411","6.0000"
"198.5850","0.3411","5.9999"
"198.6050","0.3411","5.9999"
"198.6250","0.3411","6.0000"
"198.6450","0.3411","6.0000"
"198.6650","0.3411","6.0001"
"198.6850","0.3411","6.0000"
"198.7050","0.3411","6.0000"
"198.7250","0.3411","6.0000"
"198.7450","0.3411","6.0000"
"198.7650","0.3411","6.0000"
"198.7850","0.3411","6.0000"
"198.8050","0.3411","6.0000"
"198.8250","0.3411","6.0000"
"198.8450","0.3411","6.0000"
"198.8650","0.3411","6.0000"
"198.8850","0.3411","6.0000"
"198.9050","0.3411","6.0000"
"198.9250","0.3411","6.0000"
"198.9450","0.3411","6.0000"
"198.9650","0.3411","6.0000"
"198.9850","0.3411","6.0000"
"199.0050","0.3411","6.0000"
"199.0250","0.3411","6.0000"
"199.0450","0.3411","6.0000"
"199.0650","0.3411","5.9999"
"199.0850","0.3411","5.9999"
"199.1050","0.3411","6.0000"
"199.1250","0.3411","6.0000"
"199.1450","0.3411","6.0000"
"199.1650","0.3411","6.0000"
"199.1850","0.3411","6.0000"
"199.2050","0.3411","6.0000"
"199.2250","0.3411","5.9999"
"199.2450","0.3411","5.9999"
"199.2650","0.3411","5.9999"
"199.2850","0.3411","5.9999"
"199.3050","0.3411","5.9999"
"199.3250","0.3411","6.0000"
"199.3450","0.3411","6.0000"
"199.3650","0.3411","6.0000"
"199.3850","0.3411","6.0000"
"199.4050","0.3411","6.0000"
"199.4250","0.3411","6.0001"
"199.4450","0.3411","6.0000"
"199.4650","0.3411","6.0000"
"199.4850","0.3411","5.9999"
"199.5050","0.3411","5.9999"
"199.5250","0.3411","5.9999"
"199.5450","0.3411","6.0000"
"199.5650","0.3411","6.0000"
"199.5850","0.3411","6.0000"
"199.6050","0.3411","6.0001"
"199.6250","0.3411","6.0001"
"199.6450","0.3411","6.0000"
"199.6650","0.3411","5.9999"
"199.6850","0.3411","5.9999"
"199.7050","0.3411","5.9999"
"199.7250","0.3411","6.0001"
"199.7450","0.3411","6.0001"
"199.7650","0.3411","6.0000"
"199.7850","0.3411","6.0000"
"199.8050","0.3411","6.0000"
"199.8250","0.3411","6.0000"
"199.8450","0.3411","6.0001"
"199.8650","0.3411","6.0001"
"199.8850","0.3411","6.0000"
"199.9050","0.3411","6.0000"
"199.9250","0.3411","6.0000"
"199.9450","0.3411","6.0000"
"199.9650","0.3411","5.9999"
"199.9850","0.3411","6.0000"
"200.0050","0.3411","6.0000"
"200.0250","0.3411","6.0000"
"200.0450","0.3411","6.0000"
"200.0650","0.3411","5.9999"
"200.0850","0.3411","6.0000"
"200.1050","0.3411","6.0000"
"200.1250","0.3411","6.0000"
"200.1450","0.3411","6.0000"
"200.1650","0.3411","6.0000"
"200.1850","0.3411","6.0000"
"200.2050","0.3411","6.0000"
"200.2250","0.3411","5.9999"
"200.2450","0.3411","5.9999"
"200.2650","0.3411","5.9999"
"200.2850","0.3411","6.0000"
"200.3050","0.3411","6.0000"
"200.3250","0.3411","5.9999"
"200.3450","0.3411","6.0000"
"200.3650","0.3411","6.0000"
"200.3850","0.3411","6.0000"
"200.4050","0.3411","6.0000"
"200.4250","0.3411","6.0000"
"200.4450","0.3411","6.0000"
"200.4650","0.3411","6.0001"
"200.4850","0.3411","6.0000"
"200.5050","0.3411","6.0000"
"200.5250","0.3411","6.0000"
"200.5450","0.3411","6.0000"
"200.5650","0.3411","6.0000"
"200.5850","0.3411","5.9999"
"200.6050","0.3411","5.9999"
"200.6250","0.3411","6.0000"
"200.6450","0.3411","6.0000"
"200.6650","0.3411","6.0000"
"200.6850","0.3411","6.0000"
"200.7050","0.3411","6.0000"
"200.7250","0.3411","6.0000"
"200.7450","0.3411","6.0000"
"200.7650","0.3411","6.0000"
"200.7850","0.3411","6.0000"
"200.8050","0.3411","6.0000"
"200.8250","0.3411","6.0000"
"200.8450","0.3411","6.0000"
"200.8650","0.3411","6.0001"
"200.8850","0.3411","6.0000"
"200.9050","0.3411","6.0000"
"200.9250","0.3411","6.0000"
"200.9450","0.3411","6.0001"
"200.9650","0.3411","6.0000"
"200.9850","0.3411","6.0000"
"201.0050","0.3411","6.0000"
"201.0250","0.3411","6.0000"
"201.0450","0.3411","5.9999"
"201.0650","0.3411","5.9999"
"201.0850","0.3411","5.9998"
"201.1050","0.3411","5.9999"
"201.1250","0.3411","5.9999"
"201.1450","0.3411","5.9999"
"201.1650","0.3411","5.9999"
"201.1850","0.3411","5.9999"
"201.2050","0.3411","6.0000"
"201.2250","0.3411","6.0000"
"201.2450","0.3411","6.0000"
"201.2650","0.3411","6.0000"
"201.2850","0.3411","6.0000"
"201.3050","0.3411","6.0000"
"201.3250","0.3411","5.9999"
"201.3450","0.3411","5.9999"
"201.3650","0.3411","5.9999"
"201.3850","0.3411","5.9999"
"201.4050","0.3411","6.0000"
"201.4250","0.3411","6.0000"
"201.4450","0.3411","6.0000"
"201.4650","0.3412","6.0000"
"201.4850","0.3412","6.0000"
"201.5050","0.3412","6.0000"
"201.5250","0.3412","5.9999"
"201.5450","0.3412","5.9999"
"201.5650","0.3412","6.0000"
"201.5850","0.3412","6.0000"
"201.6050","0.3412","6.0000"
"201.6250","0.3412","6.0000"
"201.6450","0.3412","5.9999"
"201.6650","0.3412","5.9999"
"201.6850","0.3412","5.9999"
"201.7050","0.3412","5.9999"
"201.7250","0.3412","6.0000"
"201.7450","0.3412","6.0000"
"201.7650","0.3412","6.0000"
"201.7850","0.3412","6.0000"
"201.8050","0.3412","6.0001"
"201.8250","0.3412","6.0001"
"201.8450","0.3412","6.0000"
"201.8650","0.3412","6.0000"
"201.8850","0.3412","5.9999"
"201.9050","0.3412","6.0000"
"201.9250","0.3412","6.0000"
"201.9450","0.3412","6.0001"
"201.9650","0.3412","6.0001"
"201.9850","0.3412","6.0000"
"202.0050","0.3412","5.9999"
"202.0250","0.3412","6.0000"
"202.0450","0.3412","6.0000"
"202.0650","0.3412","6.0000"
"202.0850","0.3412","6.0000"
"202.1050","0.3412","6.0000"
"202.1250","0.3412","5.9999"
"202.1450","0.3412","6.0000"
"202.1650","0.3412","6.0000"
"202.1850","0.3412","5.9999"
"202.2050","0.3412","5.9999"
"202.2250","0.3412","5.9999"
"202.2450","0.3412","6.0000"
"202.2650","0.3412","6.0001"
"202.2850","0.3412","6.0001"
"202.3050","0.3412","6.0000"
"202.3250","0.3412","6.0000"
"202.3450","0.3412","6.0000"
"202.3650","0.3412","6.0001"
"202.3850","0.3412","6.0001"
"202.4050","0.3412","6.0000"
"202.4250","0.3412","6.0000"
"202.4450","0.3412","6.0000"
"202.4650","0.3412","6.0000"
"202.4850","0.3412","6.0000"
"202.5050","0.3412","5.9999"
"202.5250","0.3412","6.0000"
"202.5450","0.3412","6.0000"
"202.5650","0.3412","6.0000"
"202.5850","0.3412","6.0000"
"202.6050","0.3412","6.0001"
"202.6250","0.3412","6.0000"
"202.6450","0.3412","6.0000"
"202.6650","0.3412","6.0000"
"202.6850","0.3412","6.0000"
"202.7050","0.3412","5.9999"
"202.7250","0.3412","6.0000"
"202.7450","0.3412","6.0001"
"202.7650","0.3412","6.0001"
"202.7850","0.3412","6.0000"
"202.8050","0.3412","6.0001"
"202.8250","0.3412","6.0000"
"202.8450","0.3412","6.0000"
"202.8650","0.3412","6.0000"
"202.8850","0.3412","6.0000"
"202.9050","0.3412","6.0000"
"202.9250","0.3412","6.0000"
"202.9450","0.3412","5.9999"
"202.9650","0.3412","5.9999"
"202.9850","0.3412","6.0000"
"203.0050","0.3412","6.0000"
"203.0250","0.3412","5.9999"
"203.0450","0.3412","5.9999"
"203.0650","0.3412","5.9999"
"203.0850","0.3412","6.0000"
"203.1050","0.3412","6.0001"
"203.1250","0.3412","6.0000"
"203.1450","0.3412","6.0000"
"203.1650","0.3412","5.9999"
"203.1850","0.3412","6.0000"
"203.2050","0.3412","6.0000"
"203.2250","0.3412","6.0000"
"203.2450","0.3412","5.9999"
"203.2650","0.3412","5.9999"
"203.2850","0.3412","5.9999"
"203.3050","0.3412","6.0000"
"203.3250","0.3412","6.0000"
"203.3450","0.3412","5.9999"
"203.3650","0.3412","5.9999"
"203.3850","0.3412","6.0000"
"203.4050","0.3412","6.0000"
"203.4250","0.3412","5.9999"
"203.4450","0.3412","5.9999"
"203.4650","0.3412","5.9999"
"203.4850","0.3412","6.0000"
"203.5050","0.3412","6.0000"
"203.5250","0.3412","5.9999"
"203.5450","0.3412","6.0000"
"203.5650","0.3412","6.0000"
"203.5850","0.3412","6.0000"
"203.6050","0.3412","5.9999"
"203.6250","0.3412","5.9999"
"203.6450","0.3412","5.9999"
"203.6650","0.3412","6.0000"
"203.6850","0.3412","6.0000"
"203.7050","0.3412","6.0000"
"203.7250","0.3412","6.0000"
"203.7450","0.3412","5.9999"
"203.7650","0.3412","5.9999"
"203.7850","0.3412","5.9999"
"203.8050","0.3412","5.9999"
"203.8250","0.3412","5.9999"
"203.8450","0.3412","5.9999"
"203.8650","0.3412","6.0000"
"203.8850","0.3412","5.9999"
"203.9050","0.3412","5.9999"
"203.9250","0.3412","6.0001"
"203.9450","0.3412","6.0000"
"203.9650","0.3412","6.0001"
"203.9850","0.3412","6.0000"
"204.0050","0.3412","6.0000"
"204.0250","0.3412","6.0000"
"204.0450","0.3412","6.0000"
"204.0650","0.3412","6.0000"
"204.0850","0.3412","6.0001"
"204.1050","0.3412","6.0001"
"204.1250","0.3412","6.0001"
"204.1450","0.3412","6.0000"
"204.1650","0.3412","6.0000"
"204.1850","0.3412","6.0000"
"204.2050","0.3412","6.0000"
"204.2250","0.3412","5.9999"
"204.2450","0.3412","6.0000"
"204.2650","0.3412","6.0000"
"204.2850","0.3412","6.0000"
"204.3050","0.3412","6.0001"
"204.3250","0.3412","6.0001"
"204.3450","0.3412","5.9999"
"204.3650","0.3412","6.0000"
"204.3850","0.3412","6.0000"
"204.4050","0.3412","6.0000"
"204.4250","0.3412","6.0001"
"204.4450","0.3412","6.0000"
"204.4650","0.3412","5.9999"
"204.4850","0.3412","5.9999"
"204.5050","0.3412","6.0000"
"204.5250","0.3412","6.0000"
"204.5450","0.3412","6.0000"
"204.5650","0.3412","5.9999"
"204.5850","0.3412","6.0000"
"204.6050","0.3412","6.0001"
"204.6250","0.3412","6.0001"
"204.6450","0.3412","6.0000"
"204.6650","0.3412","6.0000"
"204.6850","0.3413","6.0000"
"204.7050","0.3413","6.0000"
"204.7250","0.3413","6.0000"
"204.7450","0.3413","6.0000"
"204.7650","0.3413","6.0000"
"204.7850","0.3413","5.9999"
"204.8050","0.3413","6.0000"
"204.8250","0.3413","6.0000"
"204.8450","0.3413","5.9999"
"204.8650","0.3413","5.9999"
"204.8850","0.3413","5.9999"
"204.9050","0.3413","5.9999"
"204.9250","0.3413","5.9998"
"204.9450","0.3413","6.0000"
"204.9650","0.3413","6.0000"
"204.9850","0.3413","5.9999"
"205.0050","0.3413","5.9999"
"205.0250","0.3413","6.0000"
"205.0450","0.3413","6.0000"
"205.0650","0.3413","6.0000"
"205.0850","0.3413","6.0000"
"205.1050","0.3413","6.0000"
"205.1250","0.3413","6.0000"
"205.1450","0.3413","6.0000"
"205.1650","0.3413","6.0000"
"205.1850","0.3413","5.9999"
"205.2050","0.3413","5.9999"
"205.2250","0.3413","6.0000"
"205.2450","0.3413","5.9999"
"205.2650","0.3413","6.0000"
"205.2850","0.3413","6.0000"
"205.3050","0.3413","5.9999"
"205.3250","0.3413","5.9999"
"205.3450","0.3413","5.9999"
"205.3650","0.3413","6.0000"
"205.3850","0.3413","5.9999"
"205.4050","0.3413","5.9999"
"205.4250","0.3413","5.9999"
"205.4450","0.3413","6.0000"
"205.4650","0.3413","6.0000"
"205.4850","0.3413","6.0000"
"205.5050","0.3413","6.0000"
"205.5250","0.3413","6.0000"
"205.5450","0.3413","6.0000"
"205.5650","0.3413","6.0000"
"205.5850","0.3413","6.0000"
"205.6050","0.3413","6.0000"
"205.6250","0.3413","6.0000"
"205.6450","0.3413","6.0000"
"205.6650","0.3413","6.0001"
"205.6850","0.3413","6.0001"
"205.7050","0.3413","6.0000"
"205.7250","0.3413","6.0000"
"205.7450","0.3413","6.0000"
"205.7650","0.3413","6.0000"
"205.7850","0.3413","6.0000"
"205.8050","0.3413","6.0000"
"205.8250","0.3413","6.0001"
"205.8450","0.3413","6.0000"
"205.8650","0.3413","6.0000"
"205.8850","0.3413","6.0000"
"205.9050","0.3413","6.0001"
"205.9250","0.3413","6.0000"
"205.9450","0.3413","6.0001"
"205.9650","0.3413","6.0001"
"205.9850","0.3413","6.0000"
"206.0050","0.3413","6.0001"
"206.0250","0.3413","6.0002"
"206.0450","0.3413","6.0001"
"206.0650","0.3413","6.0000"
"206.0850","0.3413","5.9999"
"206.1050","0.3413","6.0000"
"206.1250","0.3413","6.0000"
"206.1450","0.3413","6.0001"
"206.1650","0.3413","6.0000"
"206.1850","0.3413","6.0000"
"206.2050","0.3413","6.0001"
"206.2250","0.3413","6.0000"
"206.2450","0.3413","6.0000"
"206.2650","0.3413","6.0000"
"206.2850","0.3413","6.0000"
"206.3050","0.3413","6.0000"
"206.3250","0.3413","6.0000"
"206.3450","0.3413","6.0000"
"206.3650","0.3413","6.0000"
"206.3850","0.3413","6.0000"
"206.4050","0.3413","6.0000"
"206.4250","0.3413","6.0000"
"206.4450","0.3413","6.0000"
"206.4650","0.3413","6.0000"
"206.4850","0.3413","6.0000"
"206.5050","0.3413","6.0000"
"206.5250","0.3413","6.0000"
"206.5450","0.3413","6.0000"
"206.5650","0.3413","6.0001"
"206.5850","0.3413","6.0001"
"206.6050","0.3413","6.0001"
"206.6250","0.3413","6.0000"
"206.6450","0.3413","6.0000"
"206.6650","0.3413","5.9999"
"206.6850","0.3413","5.9999"
"206.7050","0.3413","6.0000"
"206.7250","0.3413","6.0000"
"206.7450","0.3413","6.0001"
"206.7650","0.3413","6.0000"
"206.7850","0.3413","6.0000"
"206.8050","0.3413","6.0000"
"206.8250","0.3413","6.0000"
"206.8450","0.3413","6.0000"
"206.8650","0.3413","5.9999"
"206.8850","0.3413","5.9999"
"206.9050","0.3413","6.0000"
"206.9250","0.3413","5.9999"
"206.9450","0.3413","6.0000"
"206.9650","0.3413","6.0000"
"206.9850","0.3413","6.0000"
"207.0050","0.3413","5.9999"
"207.0250","0.3413","5.9999"
"207.0450","0.3413","5.9999"
"207.0650","0.3413","6.0000"
"207.0850","0.3413","6.0000"
"207.1050","0.3413","5.9999"
"207.1250","0.3413","5.9999"
"207.1450","0.3413","6.0000"
"207.1650","0.3413","6.0000"
"207.1850","0.3413","5.9999"
"207.2050","0.3413","6.0000"
"207.2250","0.3413","6.0000"
"207.2450","0.3413","6.0000"
"207.2650","0.3413","6.0000"
"207.2850","0.3413","6.0000"
"207.3050","0.3413","6.0001"
"207.3250","0.3413","6.0001"
"207.3450","0.3413","6.0000"
"207.3650","0.3413","5.9999"
"207.3850","0.3413","6.0000"
"207.4050","0.3413","6.0000"
"207.4250","0.3413","6.0000"
"207.4450","0.3413","6.0000"
"207.4650","0.3413","6.0000"
"207.4850","0.3413","6.0001"
"207.5050","0.3413","6.0001"
"207.5250","0.3413","6.0000"
"207.5450","0.3413","6.0000"
"207.5650","0.3413","5.9999"
"207.5850","0.3413","6.0000"
"207.6050","0.3413","6.0000"
"207.6250","0.3413","6.0000"
"207.6450","0.3413","6.0000"
"207.6650","0.3413","6.0000"
"207.6850","0.3413","6.0001"
"207.7050","0.3413","6.0001"
"207.7250","0.3413","6.0000"
"207.7450","0.3413","5.9999"
"207.7650","0.3413","5.9999"
"207.7850","0.3413","6.0000"
"207.8050","0.3413","6.0000"
"207.8250","0.3413","6.0000"
"207.8450","0.3413","6.0000"
"207.8650","0.3413","6.0000"
"207.8850","0.3413","6.0000"
"207.9050","0.3413","6.0001"
"207.9250","0.3413","6.0001"
"207.9450","0.3413","6.0000"
"207.9650","0.3413","6.0000"
"207.9850","0.3413","6.0000"
"208.0050","0.3414","6.0000"
"208.0250","0.3414","5.9999"
"208.0450","0.3414","6.0000"
"208.0650","0.3414","6.0000"
"208.0850","0.3414","6.0000"
"208.1050","0.3414","6.0000"
"208.1250","0.3414","6.0001"
"208.1450","0.3414","6.0001"
"208.1650","0.3414","6.0000"
"208.1850","0.3414","6.0000"
"208.2050","0.3414","6.0000"
"208.2250","0.3414","6.0000"
"208.2450","0.3414","6.0000"
"208.2650","0.3414","6.0000"
"208.2850","0.3414","6.0000"
"208.3050","0.3414","6.0000"
"208.3250","0.3414","6.0001"
"208.3450","0.3414","6.0000"
"208.3650","0.3414","6.0000"
"208.3850","0.3414","6.0000"
"208.4050","0.3414","6.0000"
"208.4250","0.3414","6.0000"
"208.4450","0.3414","6.0000"
"208.4650","0.3414","6.0000"
"208.4850","0.3414","6.0000"
"208.5050","0.3414","6.0000"
"208.5250","0.3414","6.0000"
"208.5450","0.3414","5.9999"
"208.5650","0.3414","6.0000"
"208.5850","0.3414","6.0000"
"208.6050","0.3414","6.0000"
"208.6250","0.3414","6.0000"
"208.6450","0.3414","6.0001"
"208.6650","0.3414","6.0000"
"208.6850","0.3414","6.0000"
"208.7050","0.3414","6.0001"
"208.7250","0.3414","6.0000"
"208.7450","0.3414","5.9999"
"208.7650","0.3414","5.9999"
"208.7850","0.3414","5.9999"
"208.8050","0.3414","5.9999"
"208.8250","0.3414","5.9999"
"208.8450","0.3414","5.9999"
"208.8650","0.3414","5.9999"
"208.8850","0.3414","5.9999"
"208.9050","0.3414","5.9999"
"208.9250","0.3414","6.0000"
"208.9450","0.3414","6.0001"
"208.9650","0.3414","6.0001"
"208.9850","0.3414","5.9999"
"209.0050","0.3414","6.0000"
"209.0250","0.3414","6.0000"
"209.0450","0.3414","6.0001"
"209.0650","0.3414","6.0001"
"209.0850","0.3414","6.0000"
"209.1050","0.3414","5.9999"
"209.1250","0.3414","5.9999"
"209.1450","0.3414","6.0000"
"209.1650","0.3414","6.0000"
"209.1850","0.3414","5.9999"
"209.2050","0.3414","5.9999"
"209.2250","0.3414","6.0000"
"209.2450","0.3414","6.0000"
"209.2650","0.3414","6.0000"
"209.2850","0.3414","6.0000"
"209.3050","0.3414","6.0001"
"209.3250","0.3414","6.0000"
"209.3450","0.3414","5.9999"
"209.3650","0.3414","5.9999"
"209.3850","0.3414","5.9999"
"209.4050","0.3414","5.9999"
"209.4250","0.3414","5.9999"
"209.4450","0.3414","6.0000"
"209.4650","0.3414","5.9999"
"209.4850","0.3414","5.9999"
"209.5050","0.3414","5.9999"
"209.5250","0.3414","6.0000"
"209.5450","0.3414","6.0000"
"209.5650","0.3414","6.0000"
"209.5850","0.3414","6.0000"
"209.6050","0.3414","6.0000"
"209.6250","0.3414","6.0000"
"209.6450","0.3414","6.0000"
"209.6650","0.3414","6.0000"
"209.6850","0.3414","6.0000"
"209.7050","0.3414","6.0000"
"209.7250","0.3414","6.0000"
"209.7450","0.3414","6.0000"
"209.7650","0.3414","6.0000"
"209.7850","0.3414","6.0001"
"209.8050","0.3414","6.0001"
"209.8250","0.3414","6.0000"
"209.8450","0.3414","6.0001"
"209.8650","0.3414","6.0000"
"209.8850","0.3414","6.0000"
"209.9050","0.3414","6.0000"
"209.9250","0.3414","6.0000"
"209.9450","0.3414","6.0000"
"209.9650","0.3414","6.0000"
"209.9850","0.3414","6.0000"
"210.0050","0.3414","6.0000"
"210.0250","0.3414","6.0000"
"210.0450","0.3414","6.0000"
"210.0650","0.3414","5.9999"
"210.0850","0.3414","6.0000"
"210.1050","0.3414","6.0000"
"210.1250","0.3414","6.0001"
"210.1450","0.3414","6.0000"
"210.1650","0.3414","6.0000"
"210.1850","0.3414","6.0000"
"210.2050","0.3414","6.0001"
"210.2250","0.3414","6.0001"
"210.2450","0.3414","6.0000"
"210.2650","0.3414","6.0000"
"210.2850","0.3414","6.0000"
"210.3050","0.3414","6.0001"
"210.3250","0.3414","6.0000"
"210.3450","0.3414","6.0000"
"210.3650","0.3414","6.0000"
"210.3850","0.3414","6.0000"
"210.4050","0.3414","6.0000"
"210.4250","0.3414","6.0000"
"210.4450","0.3414","6.0000"
"210.4650","0.3414","6.0000"
"210.4850","0.3414","6.0001"
"210.5050","0.3414","6.0001"
"210.5250","0.3414","6.0001"
"210.5450","0.3414","6.0001"
"210.5650","0.3414","6.0000"
"210.5850","0.3414","6.0000"
"210.6050","0.3414","6.0000"
"210.6250","0.3414","6.0000"
"210.6450","0.3414","6.0000"
"210.6650","0.3414","6.0000"
"210.6850","0.3414","6.0000"
"210.7050","0.3414","5.9999"
"210.7250","0.3414","6.0000"
"210.7450","0.3414","6.0000"
"210.7650","0.3414","6.0000"
"210.7850","0.3414","6.0000"
"210.8050","0.3414","6.0000"
"210.8250","0.3414","6.0000"
"210.8450","0.3414","6.0000"
"210.8650","0.3414","6.0001"
"210.8850","0.3414","6.0000"
"210.9050","0.3414","6.0000"
"210.9250","0.3414","6.0000"
"210.9450","0.3414","5.9999"
"210.9650","0.3414","5.9999"
"210.9850","0.3414","5.9999"
"211.0050","0.3414","5.9999"
"211.0250","0.3414","6.0000"
"211.0450","0.3414","6.0000"
"211.0650","0.3414","6.0000"
"211.0850","0.3414","5.9999"
"211.1050","0.3414","6.0000"
"211.1250","0.3414","6.0000"
"211.1450","0.3414","6.0000"
"211.1650","0.3414","5.9999"
"211.1850","0.3414","5.9999"
"211.2050","0.3414","5.9999"
"211.2250","0.3414","6.0000"
"211.2450","0.3414","6.0000"
"211.2650","0.3414","6.0000"
"211.2850","0.3414","6.0000"
"211.3050","0.3414","6.0000"
"211.3250","0.3414","6.0000"
"211.3450","0.3414","6.0001"
"211.3650","0.3415","6.0000"
"211.3850","0.3415","6.0000"
"211.4050","0.3415","5.9999"
"211.4250","0.3415","5.9999"
"211.4450","0.3415","6.0000"
"211.4650","0.3415","6.0000"
"211.4850","0.3415","6.0000"
"211.5050","0.3415","5.9999"
"211.5250","0.3415","6.0000"
"211.5450","0.3415","6.0000"
"211.5650","0.3415","6.0000"
"211.5850","0.3415","6.0000"
"211.6050","0.3415","6.0000"
"211.6250","0.3415","6.0000"
"211.6450","0.3415","6.0000"
"211.6650","0.3415","6.0000"
"211.6850","0.3415","6.0000"
"211.7050","0.3415","6.0000"
"211.7250","0.3415","6.0001"
"211.7450","0.3415","6.0000"
"211.7650","0.3415","6.0000"
"211.7850","0.3415","6.0000"
"211.8050","0.3415","6.0000"
"211.8250","0.3415","6.0000"
"211.8450","0.3415","6.0000"
"211.8650","0.3415","6.0000"
"211.8850","0.3415","6.0000"
"211.9050","0.3415","6.0000"
"211.9250","0.3415","6.0001"
"211.9450","0.3415","6.0001"
"211.9650","0.3415","6.0001"
"211.9850","0.3415","6.0000"
"212.0050","0.3415","6.0000"
"212.0250","0.3415","5.9999"
"212.0450","0.3415","6.0000"
"212.0650","0.3415","6.0001"
"212.0850","0.3415","6.0000"
"212.1050","0.3415","6.0000"
"212.1250","0.3415","6.0000"
"212.1450","0.3415","6.0001"
"212.1650","0.3415","6.0000"
"212.1850","0.3415","6.0001"
"212.2050","0.3415","6.0000"
"212.2250","0.3415","6.0000"
"212.2450","0.3415","6.0000"
"212.2650","0.3415","6.0001"
"212.2850","0.3415","6.0001"
"212.3050","0.3415","6.0000"
"212.3250","0.3415","6.0000"
"212.3450","0.3415","6.0000"
"212.3650","0.3415","6.0000"
"212.3850","0.3415","6.0000"
"212.4050","0.3415","6.0000"
"212.4250","0.3415","6.0001"
"212.4450","0.3415","6.0001"
"212.4650","0.3415","6.0001"
"212.4850","0.3415","6.0000"
"212.5050","0.3415","6.0000"
"212.5250","0.3415","6.0001"
"212.5450","0.3415","6.0000"
"212.5650","0.3415","6.0000"
"212.5850","0.3415","6.0000"
"212.6050","0.3415","6.0000"
"212.6250","0.3415","6.0000"
"212.6450","0.3415","5.9999"
"212.6650","0.3415","5.9999"
"212.6850","0.3415","5.9999"
"212.7050","0.3415","6.0000"
"212.7250","0.3415","6.0000"
"212.7450","0.3415","6.0000"
"212.7650","0.3415","6.0000"
"212.7850","0.3415","6.0000"
"212.8050","0.3415","5.9999"
"212.8250","0.3415","6.0000"
"212.8450","0.3415","6.0000"
"212.8650","0.3415","6.0000"
"212.8850","0.3415","6.0001"
"212.9050","0.3415","6.0000"
"212.9250","0.3415","6.0000"
"212.9450","0.3415","5.9999"
"212.9650","0.3415","5.9999"
"212.9850","0.3415","5.9999"
"213.0050","0.3415","6.0000"
"213.0250","0.3415","6.0000"
"213.0450","0.3415","6.0000"
"213.0650","0.3415","6.0000"
"213.0850","0.3415","6.0000"
"213.1050","0.3415","6.0000"
"213.1250","0.3415","5.9999"
"213.1450","0.3415","6.0000"
"213.1650","0.3415","6.0000"
"213.1850","0.3415","6.0000"
"213.2050","0.3415","6.0000"
"213.2250","0.3415","6.0000"
"213.2450","0.3415","6.0001"
"213.2650","0.3415","6.0000"
"213.2850","0.3415","6.0000"
"213.3050","0.3415","6.0000"
"213.3250","0.3415","6.0000"
"213.3450","0.3415","6.0000"
"213.3650","0.3415","6.0000"
"213.3850","0.3415","6.0000"
"213.4050","0.3415","6.0000"
"213.4250","0.3415","6.0000"
"213.4450","0.3415","6.0000"
"213.4650","0.3415","5.9999"
"213.4850","0.3415","5.9999"
"213.5050","0.3415","6.0000"
"213.5250","0.3415","6.0000"
"213.5450","0.3415","6.0000"
"213.5650","0.3415","6.0000"
"213.5850","0.3415","6.0000"
"213.6050","0.3415","5.9999"
"213.6250","0.3415","6.0000"
"213.6450","0.3415","6.0000"
"213.6650","0.3415","6.0000"
"213.6850","0.3415","6.0000"
"213.7050","0.3415","6.0001"
"213.7250","0.3415","6.0000"
"213.7450","0.3415","6.0000"
"213.7650","0.3415","6.0000"
"213.7850","0.3415","6.0000"
"213.8050","0.3415","6.0000"
"213.8250","0.3415","6.0000"
"213.8450","0.3415","6.0000"
"213.8650","0.3415","6.0001"
"213.8850","0.3415","6.0001"
"213.9050","0.3415","6.0000"
"213.9250","0.3415","6.0000"
"213.9450","0.3415","6.0000"
"213.9650","0.3415","6.0000"
"213.9850","0.3415","6.0001"
"214.0050","0.3415","6.0001"
"214.0250","0.3415","6.0000"
"214.0450","0.3415","6.0000"
"214.0650","0.3415","6.0001"
"214.0850","0.3415","6.0001"
"214.1050","0.3415","6.0001"
"214.1250","0.3415","6.0000"
"214.1450","0.3415","6.0000"
"214.1650","0.3415","6.0000"
"214.1850","0.3415","6.0000"
"214.2050","0.3415","6.0000"
"214.2250","0.3415","6.0001"
"214.2450","0.3415","6.0001"
"214.2650","0.3415","6.0001"
"214.2850","0.3415","6.0001"
"214.3050","0.3415","6.0001"
"214.3250","0.3415","6.0001"
"214.3450","0.3415","6.0000"
"214.3650","0.3415","6.0000"
"214.3850","0.3415","6.0000"
"214.4050","0.3415","6.0000"
"214.4250","0.3415","6.0000"
"214.4450","0.3415","6.0000"
"214.4650","0.3415","6.0001"
"214.4850","0.3415","6.0000"
"214.5050","0.3415","6.0000"
"214.5250","0.3415","6.0000"
"214.5450","0.3415","6.0001"
"214.5650","0.3415","6.0000"
"214.5850","0.3415","6.0000"
"214.6050","0.3415","6.0001"
"214.6250","0.3415","6.0000"
"214.6450","0.3415","5.9999"
"214.6650","0.3415","6.0000"
"214.6850","0.3415","6.0001"
"214.7050","0.3415","6.0000"
"214.7250","0.3415","6.0000"
"214.7450","0.3416","5.9999"
"214.7650","0.3416","6.0000"
"214.7850","0.3416","6.0000"
"214.8050","0.3416","6.0000"
"214.8250","0.3416","6.0000"
"214.8450","0.3416","6.0000"
"214.8650","0.3416","5.9999"
"214.8850","0.3416","5.9999"
"214.9050","0.3416","5.9999"
"214.9250","0.3416","5.9999"
"214.9450","0.3416","5.9999"
"214.9650","0.3416","6.0001"
"214.9850","0.3416","6.0001"
"215.0050","0.3416","6.0000"
"215.0250","0.3416","5.9999"
"215.0450","0.3416","5.9999"
"215.0650","0.3416","6.0000"
"215.0850","0.3416","6.0000"
"215.1050","0.3416","6.0001"
"215.1250","0.3416","6.0000"
"215.1450","0.3416","6.0000"
"215.1650","0.3416","6.0000"
"215.1850","0.3416","6.0000"
"215.2050","0.3416","6.0000"
"215.2250","0.3416","6.0000"
"215.2450","0.3416","5.9999"
"215.2650","0.3416","5.9999"
"215.2850","0.3416","6.0000"
"215.3050","0.3416","6.0000"
"215.3250","0.3416","6.0000"
"215.3450","0.3416","6.0000"
"215.3650","0.3416","6.0000"
"215.3850","0.3416","6.0000"
"215.4050","0.3416","6.0000"
"215.4250","0.3416","6.0000"
"215.4450","0.3416","6.0000"
"215.4650","0.3416","6.0000"
"215.4850","0.3416","6.0000"
"215.5050","0.3416","6.0000"
"215.5250","0.3416","6.0001"
"215.5450","0.3416","6.0001"
"215.5650","0.3416","6.0000"
"215.5850","0.3416","6.0000"
"215.6050","0.3416","6.0000"
"215.6250","0.3416","6.0000"
"215.6450","0.3416","6.0000"
"215.6650","0.3416","6.0000"
"215.6850","0.3416","6.0001"
"215.7050","0.3416","6.0001"
"215.7250","0.3416","6.0001"
"215.7450","0.3416","6.0001"
"215.7650","0.3416","6.0001"
"215.7850","0.3416","6.0000"
"215.8050","0.3416","6.0001"
"215.8250","0.3416","6.0001"
"215.8450","0.3416","6.0000"
"215.8650","0.3416","6.0000"
"215.8850","0.3416","6.0000"
"215.9050","0.3416","6.0001"
"215.9250","0.3416","6.0000"
"215.9450","0.3416","6.0000"
"215.9650","0.3416","6.0001"
"215.9850","0.3416","6.0000"
"216.0050","0.3416","6.0001"
"216.0250","0.3416","6.0000"
"216.0450","0.3416","6.0000"
"216.0650","0.3416","6.0000"
"216.0850","0.3416","6.0001"
"216.1050","0.3416","6.0001"
"216.1250","0.3416","6.0001"
"216.1450","0.3416","6.0002"
"216.1650","0.3416","6.0001"
"216.1850","0.3416","6.0000"
"216.2050","0.3416","6.0000"
"216.2250","0.3416","6.0000"
"216.2450","0.3416","6.0001"
"216.2650","0.3416","6.0000"
"216.2850","0.3416","6.0000"
"216.3050","0.3416","6.0001"
"216.3250","0.3416","6.0000"
"216.3450","0.3416","6.0000"
"216.3650","0.3416","6.0001"
"216.3850","0.3416","6.0001"
"216.4050","0.3416","6.0000"
"216.4250","0.3416","6.0000"
"216.4450","0.3416","6.0000"
"216.4650","0.3416","6.0000"
"216.4850","0.3416","6.0000"
"216.5050","0.3416","6.0000"
"216.5250","0.3416","6.0000"
"216.5450","0.3416","6.0000"
"216.5650","0.3416","6.0000"
"216.5850","0.3416","6.0000"
"216.6050","0.3416","6.0000"
"216.6250","0.3416","6.0001"
"216.6450","0.3416","6.0000"
"216.6650","0.3416","6.0000"
"216.6850","0.3416","6.0000"
"216.7050","0.3416","6.0000"
"216.7250","0.3416","6.0001"
"216.7450","0.3416","6.0000"
"216.7650","0.3416","5.9999"
"216.7850","0.3416","6.0000"
"216.8050","0.3416","6.0000"
"216.8250","0.3416","6.0001"
"216.8450","0.3416","6.0000"
"216.8650","0.3416","6.0000"
"216.8850","0.3416","6.0000"
"216.9050","0.3416","6.0000"
"216.9250","0.3416","6.0000"
"216.9450","0.3416","5.9999"
"216.9650","0.3416","5.9999"
"216.9850","0.3416","6.0000"
"217.0050","0.3416","6.0000"
"217.0250","0.3416","6.0000"
"217.0450","0.3416","6.0000"
"217.0650","0.3416","6.0001"
"217.0850","0.3416","6.0000"
"217.1050","0.3416","5.9999"
"217.1250","0.3416","6.0000"
"217.1450","0.3416","6.0000"
"217.1650","0.3416","6.0000"
"217.1850","0.3416","5.9999"
"217.2050","0.3416","5.9999"
"217.2250","0.3416","6.0000"
"217.2450","0.3416","6.0000"
"217.2650","0.3416","6.0000"
"217.2850","0.3416","6.0000"
"217.3050","0.3416","5.9999"
"217.3250","0.3416","5.9999"
"217.3450","0.3416","6.0000"
"217.3650","0.3416","6.0000"
"217.3850","0.3416","6.0000"
"217.4050","0.3416","6.0000"
"217.4250","0.3416","6.0001"
"217.4450","0.3416","6.0000"
"217.4650","0.3416","5.9999"
"217.4850","0.3416","5.9999"
"217.5050","0.3416","5.9999"
"217.5250","0.3416","6.0000"
"217.5450","0.3416","6.0000"
"217.5650","0.3416","6.0001"
"217.5850","0.3416","6.0001"
"217.6050","0.3416","6.0000"
"217.6250","0.3416","6.0000"
"217.6450","0.3416","6.0000"
"217.6650","0.3416","6.0000"
"217.6850","0.3416","6.0000"
"217.7050","0.3416","6.0000"
"217.7250","0.3416","6.0000"
"217.7450","0.3416","6.0000"
"217.7650","0.3416","6.0000"
"217.7850","0.3416","6.0000"
"217.8050","0.3416","6.0000"
"217.8250","0.3416","6.0000"
"217.8450","0.3416","6.0000"
"217.8650","0.3416","6.0000"
"217.8850","0.3416","6.0000"
"217.9050","0.3416","6.0001"
"217.9250","0.3416","6.0000"
"217.9450","0.3416","6.0000"
"217.9650","0.3416","5.9999"
"217.9850","0.3416","5.9999"
"218.0050","0.3416","5.9999"
"218.0250","0.3416","6.0000"
"218.0450","0.3416","6.0000"
"218.0650","0.3416","6.0000"
"218.0850","0.3416","6.0001"
"218.1050","0.3416","6.0000"
"218.1250","0.3416","6.0000"
"218.1450","0.3417","6.0000"
"218.1650","0.3417","6.0000"
"218.1850","0.3417","6.0000"
"218.2050","0.3417","6.0000"
"218.2250","0.3417","6.0000"
"218.2450","0.3417","6.0001"
"218.2650","0.3417","6.0001"
"218.2850","0.3417","6.0000"
"218.3050","0.3417","6.0000"
"218.3250","0.3417","6.0000"
"218.3450","0.3417","6.0000"
"218.3650","0.3417","6.0000"
"218.3850","0.3417","6.0000"
"218.4050","0.3417","6.0000"
"218.4250","0.3417","6.0000"
"218.4450","0.3417","6.0000"
"218.4650","0.3417","6.0000"
"218.4850","0.3417","6.0000"
"218.5050","0.3417","6.0000"
"218.5250","0.3417","6.0000"
"218.5450","0.3417","6.0000"
"218.5650","0.3417","6.0000"
"218.5850","0.3417","6.0001"
"218.6050","0.3417","6.0000"
"218.6250","0.3417","6.0000"
"218.6450","0.3417","6.0000"
"218.6650","0.3417","6.0000"
"218.6850","0.3417","5.9999"
"218.7050","0.3417","6.0000"
"218.7250","0.3417","6.0000"
"218.7450","0.3417","6.0000"
"218.7650","0.3417","6.0000"
"218.7850","0.3417","6.0000"
"218.8050","0.3417","6.0000"
"218.8250","0.3417","6.0000"
"218.8450","0.3417","6.0000"
"218.8650","0.3417","6.0000"
"218.8850","0.3417","6.0001"
"218.9050","0.3417","6.0000"
"218.9250","0.3417","6.0000"
"218.9450","0.3417","6.0000"
"218.9650","0.3417","6.0000"
"218.9850","0.3417","6.0000"
"219.0050","0.3417","6.0001"
"219.0250","0.3417","6.0001"
"219.0450","0.3417","6.0000"
"219.0650","0.3417","6.0000"
"219.0850","0.3417","6.0000"
"219.1050","0.3417","6.0000"
"219.1250","0.3417","6.0000"
"219.1450","0.3417","6.0001"
"219.1650","0.3417","6.0000"
"219.1850","0.3417","5.9999"
"219.2050","0.3417","6.0000"
"219.2250","0.3417","6.0000"
"219.2450","0.3417","6.0000"
"219.2650","0.3417","6.0000"
"219.2850","0.3417","6.0000"
"219.3050","0.3417","6.0000"
"219.3250","0.3417","6.0000"
"219.3450","0.3417","6.0000"
"219.3650","0.3417","6.0000"
"219.3850","0.3417","6.0000"
"219.4050","0.3417","6.0000"
"219.4250","0.3417","6.0000"
"219.4450","0.3417","6.0000"
"219.4650","0.3417","5.9999"
"219.4850","0.3417","6.0000"
"219.5050","0.3417","6.0000"
"219.5250","0.3417","5.9999"
"219.5450","0.3417","5.9999"
"219.5650","0.3417","6.0000"
"219.5850","0.3417","6.0000"
"219.6050","0.3417","6.0001"
"219.6250","0.3417","6.0001"
"219.6450","0.3417","6.0001"
"219.6650","0.3417","6.0001"
"219.6850","0.3417","6.0001"
"219.7050","0.3417","6.0000"
"219.7250","0.3417","5.9999"
"219.7450","0.3417","6.0000"
"219.7650","0.3417","6.0000"
"219.7850","0.3417","6.0000"
"219.8050","0.3417","6.0000"
"219.8250","0.3417","6.0000"
"219.8450","0.3417","6.0000"
"219.8650","0.3417","5.9999"
"219.8850","0.3417","6.0000"
"219.9050","0.3417","6.0001"
"219.9250","0.3417","6.0000"
"219.9450","0.3417","6.0000"
"219.9650","0.3417","6.0000"
"219.9850","0.3417","6.0000"
"220.0050","0.3417","5.9999"
"220.0250","0.3417","5.9999"
"220.0450","0.3417","6.0001"
"220.0650","0.3417","6.0000"
"220.0850","0.3417","6.0000"
"220.1050","0.3417","6.0000"
"220.1250","0.3417","6.0000"
"220.1450","0.3417","6.0000"
"220.1650","0.3417","6.0000"
"220.1850","0.3417","6.0000"
"220.2050","0.3417","6.0000"
"220.2250","0.3417","6.0001"
"220.2450","0.3417","6.0000"
"220.2650","0.3417","6.0000"
"220.2850","0.3417","6.0000"
"220.3050","0.3417","6.0001"
"220.3250","0.3417","6.0001"
"220.3450","0.3417","6.0001"
"220.3650","0.3417","6.0001"
"220.3850","0.3417","6.0000"
"220.4050","0.3417","6.0001"
"220.4250","0.3417","6.0001"
"220.4450","0.3417","6.0000"
"220.4650","0.3417","6.0001"
"220.4850","0.3417","6.0001"
"220.5050","0.3417","6.0001"
"220.5250","0.3417","6.0000"
"220.5450","0.3417","6.0000"
"220.5650","0.3417","6.0000"
"220.5850","0.3417","6.0000"
"220.6050","0.3417","6.0000"
"220.6250","0.3417","6.0000"
"220.6450","0.3417","6.0001"
"220.6650","0.3417","6.0001"
"220.6850","0.3417","6.0000"
"220.7050","0.3417","6.0000"
"220.7250","0.3417","6.0000"
"220.7450","0.3417","6.0001"
"220.7650","0.3417","6.0001"
"220.7850","0.3417","6.0000"
"220.8050","0.3417","6.0000"
"220.8250","0.3417","5.9999"
"220.8450","0.3417","5.9999"
"220.8650","0.3417","6.0000"
"220.8850","0.3417","5.9999"
"220.9050","0.3417","5.9999"
"220.9250","0.3417","5.9999"
"220.9450","0.3417","6.0000"
"220.9650","0.3417","6.0001"
"220.9850","0.3417","6.0000"
"221.0050","0.3417","6.0000"
"221.0250","0.3417","6.0000"
"221.0450","0.3417","6.0000"
"221.0650","0.3417","6.0000"
"221.0850","0.3417","6.0000"
"221.1050","0.3417","5.9999"
"221.1250","0.3417","5.9999"
"221.1450","0.3417","5.9999"
"221.1650","0.3417","5.9999"
"221.1850","0.3417","6.0000"
"221.2050","0.3417","5.9999"
"221.2250","0.3417","6.0000"
"221.2450","0.3417","6.0000"
"221.2650","0.3417","5.9999"
"221.2850","0.3417","6.0000"
"221.3050","0.3417","6.0000"
"221.3250","0.3417","5.9999"
"221.3450","0.3417","5.9999"
"221.3650","0.3417","6.0000"
"221.3850","0.3417","6.0000"
"221.4050","0.3417","6.0000"
"221.4250","0.3417","6.0000"
"221.4450","0.3417","6.0000"
"221.4650","0.3417","6.0000"
"221.4850","0.3417","6.0000"
"221.5050","0.3417","6.0001"
"221.5250","0.3417","6.0001"
"221.5450","0.3417","6.0000"
"221.5650","0.3417","6.0001"
"221.5850","0.3417","6.0001"
"221.6050","0.3417","6.0000"
"221.6250","0.3417","6.0000"
"221.6450","0.3417","6.0001"
"221.6650","0.3417","6.0001"
"221.6850","0.3417","6.0000"
"221.7050","0.3417","6.0000"
"221.7250","0.3417","6.0000"
"221.7450","0.3418","6.0001"
"221.7650","0.3418","6.0001"
"221.7850","0.3418","6.0001"
"221.8050","0.3418","6.0000"
"221.8250","0.3418","6.0000"
"221.8450","0.3418","5.9999"
"221.8650","0.3418","6.0000"
"221.8850","0.3418","6.0000"
"221.9050","0.3418","6.0000"
"221.9250","0.3418","6.0000"
"221.9450","0.3418","6.0000"
"221.9650","0.3418","6.0001"
"221.9850","0.3418","6.0000"
"222.0050","0.3418","6.0000"
"222.0250","0.3418","6.0001"
"222.0450","0.3418","6.0001"
"222.0650","0.3418","6.0000"
"222.0850","0.3418","6.0001"
"222.1050","0.3418","6.0001"
"222.1250","0.3418","6.0000"
"222.1450","0.3418","6.0000"
"222.1650","0.3418","6.0001"
"222.1850","0.3418","6.0001"
"222.2050","0.3418","6.0000"
"222.2250","0.3418","6.0000"
"222.2450","0.3418","6.0000"
"222.2650","0.3418","6.0001"
"222.2850","0.3418","6.0000"
"222.3050","0.3418","6.0000"
"222.3250","0.3418","6.0000"
"222.3450","0.3418","6.0000"
"222.3650","0.3418","6.0001"
"222.3850","0.3418","6.0001"
"222.4050","0.3418","6.0000"
"222.4250","0.3418","6.0000"
"222.4450","0.3418","6.0000"
"222.4650","0.3418","6.0000"
"222.4850","0.3418","6.0001"
"222.5050","0.3418","6.0000"
"222.5250","0.3418","6.0000"
"222.5450","0.3418","6.0000"
"222.5650","0.3418","6.0000"
"222.5850","0.3418","6.0000"
"222.6050","0.3418","6.0000"
"222.6250","0.3418","6.0001"
"222.6450","0.3418","6.0001"
"222.6650","0.3418","6.0000"
"222.6850","0.3418","6.0000"
"222.7050","0.3418","6.0001"
"222.7250","0.3418","6.0001"
"222.7450","0.3418","6.0001"
"222.7650","0.3418","6.0001"
"222.7850","0.3418","6.0000"
"222.8050","0.3418","6.0000"
"222.8250","0.3418","6.0001"
"222.8450","0.3418","6.0000"
"222.8650","0.3418","5.9999"
"222.8850","0.3418","6.0000"
"222.9050","0.3418","6.0001"
"222.9250","0.3418","6.0000"
"222.9450","0.3418","6.0000"
"222.9650","0.3418","6.0001"
"222.9850","0.3418","6.0001"
"223.0050","0.3418","6.0001"
"223.0250","0.3418","6.0000"
"223.0450","0.3418","5.9999"
"223.0650","0.3418","5.9999"
"223.0850","0.3418","5.9999"
"223.1050","0.3418","5.9999"
"223.1250","0.3418","6.0000"
"223.1450","0.3418","6.0001"
"223.1650","0.3418","6.0000"
"223.1850","0.3418","6.0000"
"223.2050","0.3418","5.9999"
"223.2250","0.3418","6.0000"
"223.2450","0.3418","6.0000"
"223.2650","0.3418","6.0000"
"223.2850","0.3418","6.0000"
"223.3050","0.3418","6.0000"
"223.3250","0.3418","6.0000"
"223.3450","0.3418","6.0000"
"223.3650","0.3418","6.0000"
"223.3850","0.3418","6.0000"
"223.4050","0.3418","5.9999"
"223.4250","0.3418","5.9999"
"223.4450","0.3418","6.0000"
"223.4650","0.3418","6.0000"
"223.4850","0.3418","5.9999"
"223.5050","0.3418","5.9999"
"223.5250","0.3418","5.9999"
"223.5450","0.3418","6.0000"
"223.5650","0.3418","6.0000"
"223.5850","0.3418","6.0000"
"223.6050","0.3418","6.0000"
"223.6250","0.3418","5.9999"
"223.6450","0.3418","5.9999"
"223.6650","0.3418","6.0000"
"223.6850","0.3418","6.0000"
"223.7050","0.3418","6.0000"
"223.7250","0.3418","6.0000"
"223.7450","0.3418","6.0001"
"223.7650","0.3418","6.0000"
"223.7850","0.3418","6.0000"
"223.8050","0.3418","6.0000"
"223.8250","0.3418","6.0000"
"223.8450","0.3418","6.0000"
"223.8650","0.3418","6.0000"
"223.8850","0.3418","6.0000"
"223.9050","0.3418","6.0000"
"223.9250","0.3418","6.0000"
"223.9450","0.3418","6.0000"
"223.9650","0.3418","6.0001"
"223.9850","0.3418","6.0000"
"224.0050","0.3418","6.0000"
"224.0250","0.3418","6.0000"
"224.0450","0.3418","6.0000"
"224.0650","0.3418","6.0000"
"224.0850","0.3418","6.0001"
"224.1050","0.3418","6.0000"
"224.1250","0.3418","6.0000"
"224.1450","0.3418","6.0000"
"224.1650","0.3418","6.0001"
"224.1850","0.3418","6.0000"
"224.2050","0.3418","6.0000"
"224.2250","0.3418","6.0000"
"224.2450","0.3418","6.0000"
"224.2650","0.3418","6.0000"
"224.2850","0.3418","6.0000"
"224.3050","0.3418","6.0001"
"224.3250","0.3418","6.0001"
"224.3450","0.3418","6.0001"
"224.3650","0.3418","6.0001"
"224.3850","0.3418","6.0001"
"224.4050","0.3418","6.0000"
"224.4250","0.3418","6.0000"
"224.4450","0.3418","6.0000"
"224.4650","0.3418","6.0000"
"224.4850","0.3418","6.0000"
"224.5050","0.3418","6.0000"
"224.5250","0.3418","6.0000"
"224.5450","0.3418","6.0000"
"224.5650","0.3418","6.0001"
"224.5850","0.3418","6.0001"
"224.6050","0.3418","6.0000"
"224.6250","0.3418","6.0001"
"224.6450","0.3418","6.0001"
"224.6650","0.3418","6.0001"
"224.6850","0.3418","6.0001"
"224.7050","0.3418","6.0001"
"224.7250","0.3418","6.0000"
"224.7450","0.3418","6.0000"
"224.7650","0.3418","6.0000"
"224.7850","0.3418","6.0001"
"224.8050","0.3418","6.0001"
"224.8250","0.3418","6.0000"
"224.8450","0.3418","6.0000"
"224.8650","0.3418","6.0000"
"224.8850","0.3418","6.0001"
"224.9050","0.3418","6.0000"
"224.9250","0.3418","6.0001"
"224.9450","0.3418","6.0000"
"224.9650","0.3418","6.0000"
"224.9850","0.3418","6.0000"
"225.0050","0.3418","6.0000"
"225.0250","0.3418","6.0001"
"225.0450","0.3418","6.0000"
"225.0650","0.3418","5.9999"
"225.0850","0.3418","6.0000"
"225.1050","0.3418","6.0001"
"225.1250","0.3418","6.0002"
"225.1450","0.3418","6.0001"
"225.1650","0.3418","6.0000"
"225.1850","0.3418","6.0000"
"225.2050","0.3418","6.0000"
"225.2250","0.3418","5.9999"
"225.2450","0.3418","6.0000"
"225.2650","0.3418","6.0000"
"225.2850","0.3418","6.0000"
"225.3050","0.3418","6.0000"
"225.3250","0.3418","6.0001"
"225.3450","0.3419","6.0001"
"225.3650","0.3419","6.0000"
"225.3850","0.3419","6.0000"
"225.4050","0.3419","5.9999"
"225.4250","0.3419","5.9999"
"225.4450","0.3419","6.0000"
"225.4650","0.3419","6.0001"
"225.4850","0.3419","6.0001"
"225.5050","0.3419","6.0000"
"225.5250","0.3419","6.0000"
"225.5450","0.3419","6.0000"
"225.5650","0.3419","6.0000"
"225.5850","0.3419","6.0000"
"225.6050","0.3419","6.0000"
"225.6250","0.3419","6.0000"
"225.6450","0.3419","6.0000"
"225.6650","0.3419","6.0000"
"225.6850","0.3419","6.0000"
"225.7050","0.3419","6.0000"
"225.7250","0.3419","6.0000"
"225.7450","0.3419","6.0001"
"225.7650","0.3419","6.0000"
"225.7850","0.3419","6.0000"
"225.8050","0.3419","6.0000"
"225.8250","0.3419","6.0000"
"225.8450","0.3419","6.0000"
"225.8650","0.3419","6.0001"
"225.8850","0.3419","6.0001"
"225.9050","0.3419","6.0000"
"225.9250","0.3419","5.9999"
"225.9450","0.3419","6.0000"
"225.9650","0.3419","6.0000"
"225.9850","0.3419","6.0000"
"226.0050","0.3419","5.9999"
"226.0250","0.3419","6.0000"
"226.0450","0.3419","6.0001"
"226.0650","0.3419","6.0001"
"226.0850","0.3419","6.0000"
"226.1050","0.3419","6.0000"
"226.1250","0.3419","6.0000"
"226.1450","0.3419","5.9999"
"226.1650","0.3419","5.9999"
"226.1850","0.3419","6.0000"
"226.2050","0.3419","6.0000"
"226.2250","0.3419","6.0001"
"226.2450","0.3419","6.0001"
"226.2650","0.3419","6.0001"
"226.2850","0.3419","6.0000"
"226.3050","0.3419","6.0000"
"226.3250","0.3419","6.0000"
"226.3450","0.3419","6.0000"
"226.3650","0.3419","6.0000"
"226.3850","0.3419","6.0001"
"226.4050","0.3419","6.0002"
"226.4250","0.3419","6.0002"
"226.4450","0.3419","6.0001"
"226.4650","0.3419","6.0001"
"226.4850","0.3419","6.0000"
"226.5050","0.3419","6.0000"
"226.5250","0.3419","6.0000"
"226.5450","0.3419","6.0000"
"226.5650","0.3419","6.0000"
"226.5850","0.3419","6.0001"
"226.6050","0.3419","6.0001"
"226.6250","0.3419","6.0000"
"226.6450","0.3419","6.0000"
"226.6650","0.3419","5.9999"
"226.6850","0.3419","6.0000"
"226.7050","0.3419","6.0001"
"226.7250","0.3419","6.0001"
"226.7450","0.3419","6.0001"
"226.7650","0.3419","6.0000"
"226.7850","0.3419","6.0000"
"226.8050","0.3419","6.0001"
"226.8250","0.3419","6.0000"
"226.8450","0.3419","6.0000"
"226.8650","0.3419","6.0000"
"226.8850","0.3419","6.0001"
"226.9050","0.3419","6.0000"
"226.9250","0.3419","6.0000"
"226.9450","0.3419","6.0000"
"226.9650","0.3419","6.0000"
"226.9850","0.3419","6.0001"
"227.0050","0.3419","6.0001"
"227.0250","0.3419","6.0001"
"227.0450","0.3419","6.0001"
"227.0650","0.3419","6.0001"
"227.0850","0.3419","6.0001"
"227.1050","0.3419","6.0000"
"227.1250","0.3419","6.0001"
"227.1450","0.3419","6.0001"
"227.1650","0.3419","6.0001"
"227.1850","0.3419","6.0001"
"227.2050","0.3419","6.0000"
"227.2250","0.3419","6.0000"
"227.2450","0.3419","6.0000"
"227.2650","0.3419","6.0000"
"227.2850","0.3419","6.0000"
"227.3050","0.3419","6.0001"
"227.3250","0.3419","6.0001"
"227.3450","0.3419","6.0001"
"227.3650","0.3419","6.0000"
"227.3850","0.3419","6.0000"
"227.4050","0.3419","6.0000"
"227.4250","0.3419","6.0001"
"227.4450","0.3419","6.0000"
"227.4650","0.3419","6.0000"
"227.4850","0.3419","6.0000"
"227.5050","0.3419","6.0000"
"227.5250","0.3419","6.0000"
"227.5450","0.3419","6.0000"
"227.5650","0.3419","5.9999"
"227.5850","0.3419","5.9999"
"227.6050","0.3419","6.0000"
"227.6250","0.3419","6.0000"
"227.6450","0.3419","6.0000"
"227.6650","0.3419","6.0000"
"227.6850","0.3419","6.0000"
"227.7050","0.3419","6.0000"
"227.7250","0.3419","6.0000"
"227.7450","0.3419","6.0000"
"227.7650","0.3419","6.0000"
"227.7850","0.3419","6.0000"
"227.8050","0.3419","5.9999"
"227.8250","0.3419","5.9999"
"227.8450","0.3419","6.0000"
"227.8650","0.3419","5.9999"
"227.8850","0.3419","6.0000"
"227.9050","0.3419","6.0001"
"227.9250","0.3419","6.0000"
"227.9450","0.3419","6.0000"
"227.9650","0.3419","6.0000"
"227.9850","0.3419","6.0000"
"228.0050","0.3419","6.0000"
"228.0250","0.3419","6.0001"
"228.0450","0.3419","6.0001"
"228.0650","0.3419","6.0000"
"228.0850","0.3419","6.0000"
"228.1050","0.3419","6.0000"
"228.1250","0.3419","6.0000"
"228.1450","0.3419","6.0000"
"228.1650","0.3419","6.0000"
"228.1850","0.3419","6.0001"
"228.2050","0.3419","6.0000"
"228.2250","0.3419","6.0000"
"228.2450","0.3419","5.9999"
"228.2650","0.3419","5.9999"
"228.2850","0.3419","6.0000"
"228.3050","0.3419","6.0001"
"228.3250","0.3419","6.0000"
"228.3450","0.3419","6.0000"
"228.3650","0.3419","6.0000"
"228.3850","0.3419","6.0000"
"228.4050","0.3419","6.0000"
"228.4250","0.3419","6.0000"
"228.4450","0.3419","5.9999"
"228.4650","0.3419","5.9999"
"228.4850","0.3419","6.0000"
"228.5050","0.3419","6.0001"
"228.5250","0.3419","6.0001"
"228.5450","0.3419","6.0000"
"228.5650","0.3419","6.0000"
"228.5850","0.3419","6.0000"
"228.6050","0.3419","6.0001"
"228.6250","0.3419","6.0000"
"228.6450","0.3419","6.0000"
"228.6650","0.3419","6.0001"
"228.6850","0.3419","6.0000"
"228.7050","0.3419","6.0000"
"228.7250","0.3419","6.0000"
"228.7450","0.3419","6.0000"
"228.7650","0.3419","6.0000"
"228.7850","0.3419","6.0001"
"228.8050","0.3419","6.0001"
"228.8250","0.3419","6.0001"
"228.8450","0.3419","6.0002"
"228.8650","0.3419","6.0001"
"228.8850","0.3419","6.0001"
"228.9050","0.3419","6.0000"
"228.9250","0.3420","6.0000"
"228.9450","0.3420","6.0000"
"228.9650","0.3420","6.0000"
"228.9850","0.3420","6.0000"
"229.0050","0.3420","6.0001"
"229.0250","0.3420","6.0000"
"229.0450","0.3420","6.0000"
"229.0650","0.3420","6.0000"
"229.0850","0.3420","6.0000"
"229.1050","0.3420","6.0001"
"229.1250","0.3420","6.0000"
"229.1450","0.3420","6.0001"
"229.1650","0.3420","6.0001"
"229.1850","0.3420","6.0001"
"229.2050","0.3420","6.0001"
"229.2250","0.3420","6.0001"
"229.2450","0.3420","6.0000"
"229.2650","0.3420","6.0000"
"229.2850","0.3420","6.0000"
"229.3050","0.3420","6.0001"
"229.3250","0.3420","6.0000"
"229.3450","0.3420","5.9999"
"229.3650","0.3420","6.0000"
"229.3850","0.3420","6.0000"
"229.4050","0.3420","5.9999"
"229.4250","0.3420","5.9999"
"229.4450","0.3420","6.0000"
"229.4650","0.3420","6.0000"
"229.4850","0.3420","6.0000"
"229.5050","0.3420","6.0000"
"229.5250","0.3420","5.9999"
"229.5450","0.3420","5.9999"
"229.5650","0.3420","6.0000"
"229.5850","0.3420","6.0000"
"229.6050","0.3420","6.0000"
"229.6250","0.3420","6.0000"
"229.6450","0.3420","6.0000"
"229.6650","0.3420","6.0000"
"229.6850","0.3420","6.0000"
"229.7050","0.3420","6.0001"
"229.7250","0.3420","6.0001"
"229.7450","0.3420","6.0001"
"229.7650","0.3420","6.0000"
"229.7850","0.3420","6.0000"
"229.8050","0.3420","6.0000"
"229.8250","0.3420","6.0000"
"229.8450","0.3420","6.0000"
"229.8650","0.3420","6.0000"
"229.8850","0.3420","6.0000"
"229.9050","0.3420","6.0000"
"229.9250","0.3420","6.0000"
"229.9450","0.3420","6.0000"
"229.9650","0.3420","6.0000"
"229.9850","0.3420","6.0001"
"230.0050","0.3420","6.0001"
"230.0250","0.3420","6.0001"
"230.0450","0.3420","6.0000"
"230.0650","0.3420","6.0000"
"230.0850","0.3420","5.9999"
"230.1050","0.3420","5.9999"
"230.1250","0.3420","5.9999"
"230.1450","0.3420","6.0000"
"230.1650","0.3420","6.0000"
"230.1850","0.3420","6.0000"
"230.2050","0.3420","5.9999"
"230.2250","0.3420","6.0000"
"230.2450","0.3420","6.0001"
"230.2650","0.3420","6.0000"
"230.2850","0.3420","6.0000"
"230.3050","0.3420","6.0000"
"230.3250","0.3420","6.0000"
"230.3450","0.3420","6.0001"
"230.3650","0.3420","6.0000"
"230.3850","0.3420","6.0000"
"230.4050","0.3420","6.0000"
"230.4250","0.3420","6.0000"
"230.4450","0.3420","6.0001"
"230.4650","0.3420","6.0001"
"230.4850","0.3420","6.0001"
"230.5050","0.3420","6.0001"
"230.5250","0.3420","6.0000"
"230.5450","0.3420","6.0001"
"230.5650","0.3420","6.0001"
"230.5850","0.3420","6.0001"
"230.6050","0.3420","6.0002"
"230.6250","0.3420","6.0002"
"230.6450","0.3420","6.0001"
"230.6650","0.3420","6.0000"
"230.6850","0.3420","6.0001"
"230.7050","0.3420","6.0001"
"230.7250","0.3420","6.0001"
"230.7450","0.3420","6.0001"
"230.7650","0.3420","6.0001"
"230.7850","0.3420","6.0000"
"230.8050","0.3420","6.0000"
"230.8250","0.3420","6.0001"
"230.8450","0.3420","6.0001"
"230.8650","0.3420","6.0000"
"230.8850","0.3420","6.0000"
"230.9050","0.3420","6.0000"
"230.9250","0.3420","6.0000"
"230.9450","0.3420","6.0001"
"230.9650","0.3420","6.0001"
"230.9850","0.3420","6.0001"
"231.0050","0.3420","6.0001"
"231.0250","0.3420","6.0001"
"231.0450","0.3420","6.0000"
"231.0650","0.3420","6.0001"
"231.0850","0.3420","6.0001"
"231.1050","0.3420","6.0001"
"231.1250","0.3420","6.0000"
"231.1450","0.3420","6.0000"
"231.1650","0.3420","6.0000"
"231.1850","0.3420","6.0000"
"231.2050","0.3420","6.0000"
"231.2250","0.3420","6.0001"
"231.2450","0.3420","6.0001"
"231.2650","0.3420","6.0001"
"231.2850","0.3420","6.0001"
"231.3050","0.3420","6.0001"
"231.3250","0.3420","6.0000"
"231.3450","0.3420","6.0001"
"231.3650","0.3420","6.0000"
"231.3850","0.3420","6.0000"
"231.4050","0.3420","6.0000"
"231.4250","0.3420","6.0000"
"231.4450","0.3420","6.0000"
"231.4650","0.3420","6.0000"
"231.4850","0.3420","6.0000"
"231.5050","0.3420","6.0000"
"231.5250","0.3420","6.0000"
"231.5450","0.3420","6.0000"
"231.5650","0.3420","6.0000"
"231.5850","0.3420","6.0000"
"231.6050","0.3420","5.9999"
"231.6250","0.3420","5.9999"
"231.6450","0.3420","5.9999"
"231.6650","0.3420","6.0000"
"231.6850","0.3420","5.9999"
"231.7050","0.3420","6.0000"
"231.7250","0.3420","6.0000"
"231.7450","0.3420","6.0000"
"231.7650","0.3420","6.0000"
"231.7850","0.3420","6.0000"
"231.8050","0.3420","6.0000"
"231.8250","0.3420","6.0001"
"231.8450","0.3420","6.0000"
"231.8650","0.3420","6.0000"
"231.8850","0.3420","6.0000"
"231.9050","0.3420","6.0000"
"231.9250","0.3420","6.0001"
"231.9450","0.3420","6.0001"
"231.9650","0.3420","6.0000"
"231.9850","0.3420","6.0000"
"232.0050","0.3420","6.0001"
"232.0250","0.3420","6.0000"
"232.0450","0.3420","6.0000"
"232.0650","0.3420","6.0001"
"232.0850","0.3420","6.0001"
"232.1050","0.3420","6.0000"
"232.1250","0.3420","6.0000"
"232.1450","0.3420","6.0001"
"232.1650","0.3420","6.0000"
"232.1850","0.3420","6.0000"
"232.2050","0.3420","6.0000"
"232.2250","0.3420","6.0000"
"232.2450","0.3420","6.0000"
"232.2650","0.3420","6.0000"
"232.2850","0.3420","6.0001"
"232.3050","0.3420","6.0001"
"232.3250","0.3420","6.0001"
"232.3450","0.3420","6.0001"
"232.3650","0.3420","6.0001"
"232.3850","0.3420","6.0000"
"232.4050","0.3420","6.0000"
"232.4250","0.3420","6.0001"
"232.4450","0.3420","6.0001"
"232.4650","0.3420","6.0001"
"232.4850","0.3420","6.0000"
"232.5050","0.3420","6.0000"
"232.5250","0.3420","6.0000"
"232.5450","0.3420","6.0000"
"232.5650","0.3420","6.0001"
"232.5850","0.3420","6.0000"
"232.6050","0.3420","6.0000"
"232.6250","0.3421","5.9999"
"232.6450","0.3421","5.9999"
"232.6650","0.3421","6.0000"
"232.6850","0.3421","6.0000"
"232.7050","0.3421","6.0000"
"232.7250","0.3421","6.0001"
"232.7450","0.3421","6.0001"
"232.7650","0.3421","6.0000"
"232.7850","0.3421","6.0000"
"232.8050","0.3421","6.0001"
"232.8250","0.3421","6.0001"
"232.8450","0.3421","6.0001"
"232.8650","0.3421","6.0000"
"232.8850","0.3421","6.0000"
"232.9050","0.3421","6.0001"
"232.9250","0.3421","6.0000"
"232.9450","0.3421","6.0000"
"232.9650","0.3421","6.0000"
"232.9850","0.3421","6.0000"
"233.0050","0.3421","6.0000"
"233.0250","0.3421","6.0000"
"233.0450","0.3421","6.0000"
"233.0650","0.3421","6.0000"
"233.0850","0.3421","6.0001"
"233.1050","0.3421","6.0001"
"233.1250","0.3421","6.0001"
"233.1450","0.3421","6.0000"
"233.1650","0.3421","6.0001"
"233.1850","0.3421","6.0002"
"233.2050","0.3421","6.0001"
"233.2250","0.3421","6.0000"
"233.2450","0.3421","6.0000"
"233.2650","0.3421","6.0000"
"233.2850","0.3421","6.0000"
"233.3050","0.3421","6.0001"
"233.3250","0.3421","6.0001"
"233.3450","0.3421","6.0001"
"233.3650","0.3421","6.0001"
"233.3850","0.3421","6.0000"
"233.4050","0.3421","6.0000"
"233.4250","0.3421","6.0000"
"233.4450","0.3421","6.0000"
"233.4650","0.3421","6.0000"
"233.4850","0.3421","6.0000"
"233.5050","0.3421","6.0001"
"233.5250","0.3421","6.0001"
"233.5450","0.3421","6.0001"
"233.5650","0.3421","6.0001"
"233.5850","0.3421","6.0001"
"233.6050","0.3421","6.0001"
"233.6250","0.3421","6.0001"
"233.6450","0.3421","6.0000"
"233.6650","0.3421","6.0000"
"233.6850","0.3421","6.0000"
"233.7050","0.3421","6.0000"
"233.7250","0.3421","6.0000"
"233.7450","0.3421","6.0000"
"233.7650","0.3421","6.0001"
"233.7850","0.3421","6.0000"
"233.8050","0.3421","6.0000"
"233.8250","0.3421","6.0000"
"233.8450","0.3421","5.9999"
"233.8650","0.3421","5.9999"
"233.8850","0.3421","5.9999"
"233.9050","0.3421","5.9999"
"233.9250","0.3421","5.9999"
"233.9450","0.3421","5.9999"
"233.9650","0.3421","6.0000"
"233.9850","0.3421","6.0000"
"234.0050","0.3421","6.0000"
"234.0250","0.3421","6.0000"
"234.0450","0.3421","5.9999"
"234.0650","0.3421","5.9999"
"234.0850","0.3421","6.0000"
"234.1050","0.3421","6.0000"
"234.1250","0.3421","6.0000"
"234.1450","0.3421","6.0000"
"234.1650","0.3421","6.0000"
"234.1850","0.3421","6.0000"
"234.2050","0.3421","6.0000"
"234.2250","0.3421","6.0000"
"234.2450","0.3421","6.0000"
"234.2650","0.3421","6.0000"
"234.2850","0.3421","5.9999"
"234.3050","0.3421","6.0000"
"234.3250","0.3421","5.9999"
"234.3450","0.3421","5.9999"
"234.3650","0.3421","6.0000"
"234.3850","0.3421","6.0001"
"234.4050","0.3421","6.0001"
"234.4250","0.3421","6.0000"
"234.4450","0.3421","5.9999"
"234.4650","0.3421","6.0000"
"234.4850","0.3421","6.0001"
"234.5050","0.3421","6.0001"
"234.5250","0.3421","6.0001"
"234.5450","0.3421","6.0001"
"234.5650","0.3421","6.0001"
"234.5850","0.3421","6.0001"
"234.6050","0.3421","6.0001"
"234.6250","0.3421","6.0001"
"234.6450","0.3421","6.0000"
"234.6650","0.3421","6.0000"
"234.6850","0.3421","6.0000"
"234.7050","0.3421","6.0000"
"234.7250","0.3421","6.0000"
"234.7450","0.3421","6.0000"
"234.7650","0.3421","6.0000"
"234.7850","0.3421","6.0000"
"234.8050","0.3421","6.0000"
"234.8250","0.3421","6.0000"
"234.8450","0.3421","6.0000"
"234.8650","0.3421","6.0000"
"234.8850","0.3421","5.9999"
"234.9050","0.3421","5.9999"
"234.9250","0.3421","6.0000"
"234.9450","0.3421","6.0001"
"234.9650","0.3421","6.0001"
"234.9850","0.3421","6.0001"
"235.0050","0.3421","6.0001"
"235.0250","0.3421","6.0001"
"235.0450","0.3421","6.0000"
"235.0650","0.3421","6.0000"
"235.0850","0.3421","6.0000"
"235.1050","0.3421","6.0000"
"235.1250","0.3421","6.0000"
"235.1450","0.3421","6.0001"
"235.1650","0.3421","6.0000"
"235.1850","0.3421","6.0000"
"235.2050","0.3421","6.0001"
"235.2250","0.3421","6.0001"
"235.2450","0.3421","6.0000"
"235.2650","0.3421","6.0000"
"235.2850","0.3421","6.0000"
"235.3050","0.3421","6.0000"
"235.3250","0.3421","6.0000"
"235.3450","0.3421","6.0001"
"235.3650","0.3421","6.0001"
"235.3850","0.3421","6.0001"
"235.4050","0.3421","6.0001"
"235.4250","0.3421","6.0001"
"235.4450","0.3421","6.0000"
"235.4650","0.3421","6.0000"
"235.4850","0.3421","6.0000"
"235.5050","0.3421","6.0000"
"235.5250","0.3421","6.0001"
"235.5450","0.3421","6.0001"
"235.5650","0.3421","6.0001"
"235.5850","0.3421","6.0000"
"235.6050","0.3421","6.0000"
"235.6250","0.3421","6.0000"
"235.6450","0.3421","6.0000"
"235.6650","0.3421","6.0000"
"235.6850","0.3421","6.0000"
"235.7050","0.3421","6.0002"
"235.7250","0.3421","6.0002"
"235.7450","0.3421","6.0001"
"235.7650","0.3421","5.9999"
"235.7850","0.3421","5.9999"
"235.8050","0.3421","6.0001"
"235.8250","0.3421","6.0000"
"235.8450","0.3421","5.9999"
"235.8650","0.3421","6.0000"
"235.8850","0.3421","6.0000"
"235.9050","0.3421","6.0000"
"235.9250","0.3421","6.0000"
"235.9450","0.3421","5.9999"
"235.9650","0.3421","6.0000"
"235.9850","0.3421","6.0000"
"236.0050","0.3421","6.0000"
"236.0250","0.3421","6.0000"
"236.0450","0.3421","6.0000"
"236.0650","0.3421","6.0000"
"236.0850","0.3421","6.0000"
"236.1050","0.3421","6.0000"
"236.1250","0.3421","6.0000"
"236.1450","0.3421","6.0000"
"236.1650","0.3421","6.0000"
"236.1850","0.3421","6.0001"
"236.2050","0.3421","6.0001"
"236.2250","0.3421","6.0000"
"236.2450","0.3421","6.0000"
"236.2650","0.3421","5.9999"
"236.2850","0.3421","5.9999"
"236.3050","0.3421","6.0000"
"236.3250","0.3421","6.0000"
"236.3450","0.3421","6.0000"
"236.3650","0.3421","6.0000"
"236.3850","0.3422","6.0000"
"236.4050","0.3422","6.0000"
"236.4250","0.3422","6.0000"
"236.4450","0.3422","5.9999"
"236.4650","0.3422","5.9999"
"236.4850","0.3422","6.0000"
"236.5050","0.3422","6.0000"
"236.5250","0.3422","6.0000"
"236.5450","0.3422","6.0000"
"236.5650","0.3422","6.0000"
"236.5850","0.3422","6.0001"
"236.6050","0.3422","6.0001"
"236.6250","0.3422","6.0001"
"236.6450","0.3422","6.0000"
"236.6650","0.3422","6.0001"
"236.6850","0.3422","6.0000"
"236.7050","0.3422","6.0000"
"236.7250","0.3422","6.0000"
"236.7450","0.3422","6.0000"
"236.7650","0.3422","6.0000"
"236.7850","0.3422","6.0000"
"236.8050","0.3422","6.0001"
"236.8250","0.3422","6.0000"
"236.8450","0.3422","6.0000"
"236.8650","0.3422","6.0000"
"236.8850","0.3422","6.0000"
"236.9050","0.3422","6.0000"
"236.9250","0.3422","6.0000"
"236.9450","0.3422","6.0001"
"236.9650","0.3422","6.0000"
"236.9850","0.3422","6.0000"
"237.0050","0.3422","6.0000"
"237.0250","0.3422","6.0000"
"237.0450","0.3422","6.0001"
"237.0650","0.3422","6.0001"
"237.0850","0.3422","6.0000"
"237.1050","0.3422","6.0000"
"237.1250","0.3422","6.0000"
"237.1450","0.3422","6.0000"
"237.1650","0.3422","6.0000"
"237.1850","0.3422","6.0000"
"237.2050","0.3422","6.0000"
"237.2250","0.3422","6.0001"
"237.2450","0.3422","6.0001"
"237.2650","0.3422","6.0001"
"237.2850","0.3422","6.0001"
"237.3050","0.3422","6.0000"
"237.3250","0.3422","6.0000"
"237.3450","0.3422","6.0000"
"237.3650","0.3422","6.0000"
"237.3850","0.3422","6.0000"
"237.4050","0.3422","5.9999"
"237.4250","0.3422","6.0000"
"237.4450","0.3422","6.0001"
"237.4650","0.3422","6.0000"
"237.4850","0.3422","6.0000"
"237.5050","0.3422","5.9999"
"237.5250","0.3422","6.0000"
"237.5450","0.3422","6.0001"
"237.5650","0.3422","6.0001"
"237.5850","0.3422","6.0002"
"237.6050","0.3422","6.0002"
"237.6250","0.3422","6.0002"
"237.6450","0.3422","6.0001"
"237.6650","0.3422","6.0001"
"237.6850","0.3422","6.0001"
"237.7050","0.3422","6.0001"
"237.7250","0.3422","6.0001"
"237.7450","0.3422","6.0000"
"237.7650","0.3422","6.0000"
"237.7850","0.3422","6.0000"
"237.8050","0.3422","6.0000"
"237.8250","0.3422","6.0001"
"237.8450","0.3422","6.0000"
"237.8650","0.3422","6.0000"
"237.8850","0.3422","6.0000"
"237.9050","0.3422","6.0001"
"237.9250","0.3422","6.0001"
"237.9450","0.3422","6.0001"
"237.9650","0.3422","6.0001"
"237.9850","0.3422","6.0001"
"238.0050","0.3422","6.0000"
"238.0250","0.3422","6.0000"
"238.0450","0.3422","6.0001"
"238.0650","0.3422","6.0000"
"238.0850","0.3422","6.0001"
"238.1050","0.3422","6.0000"
"238.1250","0.3422","6.0000"
"238.1450","0.3422","6.0001"
"238.1650","0.3422","6.0000"
"238.1850","0.3422","6.0000"
"238.2050","0.3422","6.0000"
"238.2250","0.3422","6.0000"
"238.2450","0.3422","6.0000"
"238.2650","0.3422","6.0000"
"238.2850","0.3422","6.0000"
"238.3050","0.3422","6.0000"
"238.3250","0.3422","6.0000"
"238.3450","0.3422","6.0000"
"238.3650","0.3422","6.0000"
"238.3850","0.3422","6.0000"
"238.4050","0.3422","5.9999"
"238.4250","0.3422","5.9999"
"238.4450","0.3422","6.0000"
"238.4650","0.3422","6.0000"
"238.4850","0.3422","6.0000"
"238.5050","0.3422","6.0000"
"238.5250","0.3422","6.0000"
"238.5450","0.3422","6.0000"
"238.5650","0.3422","6.0000"
"238.5850","0.3422","6.0000"
"238.6050","0.3422","6.0000"
"238.6250","0.3422","5.9999"
"238.6450","0.3422","5.9999"
"238.6650","0.3422","6.0000"
"238.6850","0.3422","6.0000"
"238.7050","0.3422","6.0001"
"238.7250","0.3422","6.0001"
"238.7450","0.3422","6.0000"
"238.7650","0.3422","6.0000"
"238.7850","0.3422","5.9999"
"238.8050","0.3422","6.0000"
"238.8250","0.3422","6.0001"
"238.8450","0.3422","6.0000"
"238.8650","0.3422","5.9999"
"238.8850","0.3422","5.9999"
"238.9050","0.3422","6.0000"
"238.9250","0.3422","6.0000"
"238.9450","0.3422","6.0001"
"238.9650","0.3422","6.0001"
"238.9850","0.3422","6.0000"
"239.0050","0.3422","6.0000"
"239.0250","0.3422","6.0000"
"239.0450","0.3422","6.0000"
"239.0650","0.3422","6.0001"
"239.0850","0.3422","6.0001"
"239.1050","0.3422","6.0001"
"239.1250","0.3422","6.0000"
"239.1450","0.3422","6.0000"
"239.1650","0.3422","6.0001"
"239.1850","0.3422","6.0000"
"239.2050","0.3422","6.0001"
"239.2250","0.3422","6.0000"
"239.2450","0.3422","6.0000"
"239.2650","0.3422","6.0000"
"239.2850","0.3422","6.0001"
"239.3050","0.3422","6.0001"
"239.3250","0.3422","6.0001"
"239.3450","0.3422","6.0000"
"239.3650","0.3422","6.0000"
"239.3850","0.3422","6.0000"
"239.4050","0.3422","6.0000"
"239.4250","0.3422","6.0000"
"239.4450","0.3422","6.0000"
"239.4650","0.3422","6.0000"
"239.4850","0.3422","6.0001"
"239.5050","0.3422","6.0002"
"239.5250","0.3422","6.0002"
"239.5450","0.3422","6.0001"
"239.5650","0.3422","6.0000"
"239.5850","0.3422","6.0000"
"239.6050","0.3422","6.0000"
"239.6250","0.3422","6.0001"
"239.6450","0.3422","6.0001"
"239.6650","0.3422","6.0001"
"239.6850","0.3422","6.0001"
"239.7050","0.3422","6.0001"
"239.7250","0.3422","6.0001"
"239.7450","0.3422","6.0000"
"239.7650","0.3422","6.0001"
"239.7850","0.3422","6.0001"
"239.8050","0.3422","6.0000"
"239.8250","0.3422","6.0001"
"239.8450","0.3422","6.0001"
"239.8650","0.3422","6.0001"
"239.8850","0.3422","6.0000"
"239.9050","0.3422","6.0000"
"239.9250","0.3422","6.0000"
"239.9450","0.3422","6.0000"
"239.9650","0.3422","6.0000"
"239.9850","0.3422","6.0001"
"240.0050","0.3422","6.0001"
"240.0250","0.3422","6.0001"
"240.0450","0.3422","6.0001"
"240.0650","0.3422","6.0001"
"240.0850","0.3422","6.0000"
"240.1050","0.3422","6.0001"
"240.1250","0.3422","6.0001"
"240.1450","0.3422","6.0001"
"240.1650","0.3422","6.0001"
"240.1850","0.3422","6.0001"
"240.2050","0.3422","6.0001"
"240.2250","0.3422","6.0001"
"240.2450","0.3422","6.0001"
"240.2650","0.3423","6.0000"
"240.2850","0.3423","6.0000"
"240.3050","0.3423","6.0000"
"240.3250","0.3423","6.0001"
"240.3450","0.3423","6.0001"
"240.3650","0.3423","6.0000"
"240.3850","0.3423","6.0001"
"240.4050","0.3423","6.0000"
"240.4250","0.3423","6.0000"
"240.4450","0.3423","6.0000"
"240.4650","0.3423","6.0000"
"240.4850","0.3423","6.0000"
"240.5050","0.3423","6.0000"
"240.5250","0.3423","6.0000"
"240.5450","0.3423","6.0001"
"240.5650","0.3423","6.0001"
"240.5850","0.3423","6.0001"
"240.6050","0.3423","6.0000"
"240.6250","0.3423","6.0000"
"240.6450","0.3423","6.0000"
"240.6650","0.3423","6.0000"
"240.6850","0.3423","6.0000"
"240.7050","0.3423","6.0000"
"240.7250","0.3423","6.0000"
"240.7450","0.3423","6.0000"
"240.7650","0.3423","6.0000"
"240.7850","0.3423","6.0000"
"240.8050","0.3423","6.0000"
"240.8250","0.3423","5.9999"
"240.8450","0.3423","5.9999"
"240.8650","0.3423","5.9999"
"240.8850","0.3423","6.0000"
"240.9050","0.3423","6.0001"
"240.9250","0.3423","6.0001"
"240.9450","0.3423","6.0001"
"240.9650","0.3423","6.0001"
"240.9850","0.3423","6.0000"
"241.0050","0.3423","5.9999"
"241.0250","0.3423","6.0000"
"241.0450","0.3423","6.0001"
"241.0650","0.3423","6.0000"
"241.0850","0.3423","6.0001"
"241.1050","0.3423","6.0000"
"241.1250","0.3423","6.0000"
"241.1450","0.3423","6.0000"
"241.1650","0.3423","6.0000"
"241.1850","0.3423","6.0000"
"241.2050","0.3423","6.0001"
"241.2250","0.3423","6.0002"
"241.2450","0.3423","6.0001"
"241.2650","0.3423","6.0000"
"241.2850","0.3423","6.0000"
"241.3050","0.3423","6.0000"
"241.3250","0.3423","6.0000"
"241.3450","0.3423","6.0000"
"241.3650","0.3423","6.0000"
"241.3850","0.3423","6.0001"
"241.4050","0.3423","6.0001"
"241.4250","0.3423","6.0000"
"241.4450","0.3423","6.0000"
"241.4650","0.3423","6.0000"
"241.4850","0.3423","6.0000"
"241.5050","0.3423","6.0000"
"241.5250","0.3423","6.0000"
"241.5450","0.3423","6.0000"
"241.5650","0.3423","6.0000"
"241.5850","0.3423","6.0000"
"241.6050","0.3423","6.0000"
"241.6250","0.3423","6.0000"
"241.6450","0.3423","6.0000"
"241.6650","0.3423","5.9999"
"241.6850","0.3423","6.0000"
"241.7050","0.3423","6.0001"
"241.7250","0.3423","6.0001"
"241.7450","0.3423","6.0000"
"241.7650","0.3423","6.0001"
"241.7850","0.3423","6.0000"
"241.8050","0.3423","6.0001"
"241.8250","0.3423","6.0001"
"241.8450","0.3423","6.0001"
"241.8650","0.3423","6.0001"
"241.8850","0.3423","6.0000"
"241.9050","0.3423","6.0000"
"241.9250","0.3423","6.0000"
"241.9450","0.3423","6.0001"
"241.9650","0.3423","6.0001"
"241.9850","0.3423","6.0000"
"242.0050","0.3423","6.0001"
"242.0250","0.3423","6.0000"
"242.0450","0.3423","6.0001"
"242.0650","0.3423","6.0001"
"242.0850","0.3423","6.0002"
"242.1050","0.3423","6.0001"
"242.1250","0.3423","6.0000"
"242.1450","0.3423","6.0000"
"242.1650","0.3423","6.0000"
"242.1850","0.3423","6.0000"
"242.2050","0.3423","6.0000"
"242.2250","0.3423","6.0001"
"242.2450","0.3423","6.0001"
"242.2650","0.3423","6.0001"
"242.2850","0.3423","6.0000"
"242.3050","0.3423","5.9999"
"242.3250","0.3423","6.0001"
"242.3450","0.3423","6.0001"
"242.3650","0.3423","6.0001"
"242.3850","0.3423","6.0001"
"242.4050","0.3423","6.0000"
"242.4250","0.3423","6.0000"
"242.4450","0.3423","6.0001"
"242.4650","0.3423","6.0001"
"242.4850","0.3423","6.0000"
"242.5050","0.3423","6.0000"
"242.5250","0.3423","6.0000"
"242.5450","0.3423","6.0000"
"242.5650","0.3423","6.0000"
"242.5850","0.3423","6.0000"
"242.6050","0.3423","6.0000"
"242.6250","0.3423","6.0000"
"242.6450","0.3423","6.0001"
"242.6650","0.3423","6.0001"
"242.6850","0.3423","6.0000"
"242.7050","0.3423","6.0000"
"242.7250","0.3423","6.0000"
"242.7450","0.3423","6.0000"
"242.7650","0.3423","6.0000"
"242.7850","0.3423","6.0000"
"242.8050","0.3423","6.0000"
"242.8250","0.3423","6.0000"
"242.8450","0.3423","5.9999"
"242.8650","0.3423","6.0000"
"242.8850","0.3423","6.0000"
"242.9050","0.3423","6.0000"
"242.9250","0.3423","6.0000"
"242.9450","0.3423","6.0000"
"242.9650","0.3423","6.0000"
"242.9850","0.3423","6.0000"
"243.0050","0.3423","6.0000"
"243.0250","0.3423","6.0001"
"243.0450","0.3423","6.0000"
"243.0650","0.3423","5.9999"
"243.0850","0.3423","5.9999"
"243.1050","0.3423","6.0000"
"243.1250","0.3423","6.0000"
"243.1450","0.3423","6.0000"
"243.1650","0.3423","6.0000"
"243.1850","0.3423","6.0001"
"243.2050","0.3423","6.0001"
"243.2250","0.3423","5.9999"
"243.2450","0.3423","5.9999"
"243.2650","0.3423","6.0000"
"243.2850","0.3423","6.0000"
"243.3050","0.3423","6.0000"
"243.3250","0.3423","6.0000"
"243.3450","0.3423","6.0000"
"243.3650","0.3423","6.0000"
"243.3850","0.3423","6.0000"
"243.4050","0.3423","6.0001"
"243.4250","0.3423","6.0000"
"243.4450","0.3423","6.0000"
"243.4650","0.3423","6.0000"
"243.4850","0.3423","6.0001"
"243.5050","0.3423","6.0000"
"243.5250","0.3423","6.0000"
"243.5450","0.3423","5.9999"
"243.5650","0.3423","5.9999"
"243.5850","0.3423","5.9999"
"243.6050","0.3423","6.0000"
"243.6250","0.3423","6.0000"
"243.6450","0.3423","6.0000"
"243.6650","0.3423","6.0000"
"243.6850","0.3423","6.0000"
"243.7050","0.3423","6.0001"
"243.7250","0.3423","6.0001"
"243.7450","0.3423","6.0001"
"243.7650","0.3423","6.0001"
"243.7850","0.3423","6.0001"
"243.8050","0.3423","6.0001"
"243.8250","0.3423","6.0000"
"243.8450","0.3423","6.0000"
"243.8650","0.3423","6.0001"
"243.8850","0.3423","6.0001"
"243.9050","0.3423","6.0000"
"243.9250","0.3423","6.0000"
"243.9450","0.3423","6.0001"
"243.9650","0.3423","6.0001"
"243.9850","0.3423","6.0001"
"244.0050","0.3423","6.0001"
"244.0250","0.3423","6.0001"
"244.0450","0.3423","6.0000"
"244.0650","0.3423","6.0000"
"244.0850","0.3423","5.9999"
"244.1050","0.3423","6.0000"
"244.1250","0.3423","6.0000"
"244.1450","0.3423","6.0000"
"244.1650","0.3423","6.0001"
"244.1850","0.3423","6.0001"
"244.2050","0.3424","6.0000"
"244.2250","0.3424","5.9999"
"244.2450","0.3424","6.0000"
"244.2650","0.3424","6.0001"
"244.2850","0.3424","6.0001"
"244.3050","0.3424","6.0001"
"244.3250","0.3424","6.0000"
"244.3450","0.3424","6.0001"
"244.3650","0.3424","6.0000"
"244.3850","0.3424","6.0000"
"244.4050","0.3424","6.0000"
"244.4250","0.3424","6.0000"
"244.4450","0.3424","6.0000"
"244.4650","0.3424","6.0001"
"244.4850","0.3424","6.0001"
"244.5050","0.3424","6.0000"
"244.5250","0.3424","6.0000"
"244.5450","0.3424","6.0001"
"244.5650","0.3424","6.0000"
"244.5850","0.3424","6.0001"
"244.6050","0.3424","6.0001"
"244.6250","0.3424","6.0001"
"244.6450","0.3424","6.0001"
"244.6650","0.3424","6.0000"
"244.6850","0.3424","6.0000"
"244.7050","0.3424","6.0001"
"244.7250","0.3424","6.0001"
"244.7450","0.3424","6.0000"
"244.7650","0.3424","6.0001"
"244.7850","0.3424","6.0001"
"244.8050","0.3424","6.0001"
"244.8250","0.3424","6.0001"
"244.8450","0.3424","6.0001"
"244.8650","0.3424","6.0000"
"244.8850","0.3424","6.0000"
"244.9050","0.3424","6.0000"
"244.9250","0.3424","6.0001"
"244.9450","0.3424","6.0001"
"244.9650","0.3424","6.0001"
"244.9850","0.3424","6.0000"
"245.0050","0.3424","6.0000"
"245.0250","0.3424","6.0000"
"245.0450","0.3424","6.0001"
"245.0650","0.3424","6.0000"
"245.0850","0.3424","5.9999"
"245.1050","0.3424","5.9999"
"245.1250","0.3424","6.0000"
"245.1450","0.3424","6.0000"
"245.1650","0.3424","6.0000"
"245.1850","0.3424","6.0000"
"245.2050","0.3424","6.0000"
"245.2250","0.3424","6.0000"
"245.2450","0.3424","6.0000"
"245.2650","0.3424","6.0000"
"245.2850","0.3424","6.0000"
"245.3050","0.3424","6.0000"
"245.3250","0.3424","6.0000"
"245.3450","0.3424","6.0000"
"245.3650","0.3424","6.0000"
"245.3850","0.3424","6.0000"
"245.4050","0.3424","6.0000"
"245.4250","0.3424","5.9999"
"245.4450","0.3424","6.0000"
"245.4650","0.3424","6.0000"
"245.4850","0.3424","6.0000"
"245.5050","0.3424","6.0000"
"245.5250","0.3424","6.0000"
"245.5450","0.3424","6.0001"
"245.5650","0.3424","6.0000"
"245.5850","0.3424","6.0000"
"245.6050","0.3424","6.0000"
"245.6250","0.3424","6.0000"
"245.6450","0.3424","6.0000"
"245.6650","0.3424","6.0000"
"245.6850","0.3424","6.0000"
"245.7050","0.3424","6.0000"
"245.7250","0.3424","6.0001"
"245.7450","0.3424","6.0001"
"245.7650","0.3424","6.0000"
"245.7850","0.3424","6.0000"
"245.8050","0.3424","6.0000"
"245.8250","0.3424","6.0000"
"245.8450","0.3424","6.0000"
"245.8650","0.3424","6.0001"
"245.8850","0.3424","6.0001"
"245.9050","0.3424","6.0001"
"245.9250","0.3424","6.0001"
"245.9450","0.3424","6.0001"
"245.9650","0.3424","6.0000"
"245.9850","0.3424","6.0000"
"246.0050","0.3424","6.0000"
"246.0250","0.3424","6.0001"
"246.0450","0.3424","6.0000"
"246.0650","0.3424","6.0000"
"246.0850","0.3424","6.0000"
"246.1050","0.3424","6.0000"
"246.1250","0.3424","6.0000"
"246.1450","0.3424","6.0000"
"246.1650","0.3424","6.0000"
"246.1850","0.3424","6.0001"
"246.2050","0.3424","6.0001"
"246.2250","0.3424","6.0000"
"246.2450","0.3424","6.0000"
"246.2650","0.3424","6.0000"
"246.2850","0.3424","6.0000"
"246.3050","0.3424","6.0000"
"246.3250","0.3424","6.0000"
"246.3450","0.3424","6.0000"
"246.3650","0.3424","6.0001"
"246.3850","0.3424","6.0000"
"246.4050","0.3424","6.0000"
"246.4250","0.3424","6.0000"
"246.4450","0.3424","6.0001"
"246.4650","0.3424","6.0001"
"246.4850","0.3424","6.0000"
"246.5050","0.3424","6.0001"
"246.5250","0.3424","6.0000"
"246.5450","0.3424","6.0000"
"246.5650","0.3424","6.0000"
"246.5850","0.3424","6.0000"
"246.6050","0.3424","6.0002"
"246.6250","0.3424","6.0002"
"246.6450","0.3424","6.0001"
"246.6650","0.3424","6.0001"
"246.6850","0.3424","6.0000"
"246.7050","0.3424","6.0000"
"246.7250","0.3424","6.0001"
"246.7450","0.3424","6.0000"
"246.7650","0.3424","6.0000"
"246.7850","0.3424","6.0000"
"246.8050","0.3424","6.0000"
"246.8250","0.3424","6.0001"
"246.8450","0.3424","6.0001"
"246.8650","0.3424","6.0001"
"246.8850","0.3424","6.0001"
"246.9050","0.3424","6.0000"
"246.9250","0.3424","6.0001"
"246.9450","0.3424","6.0002"
"246.9650","0.3424","6.0002"
"246.9850","0.3424","6.0002"
"247.0050","0.3424","6.0001"
"247.0250","0.3424","6.0001"
"247.0450","0.3424","6.0000"
"247.0650","0.3424","6.0000"
"247.0850","0.3424","6.0001"
"247.1050","0.3424","6.0002"
"247.1250","0.3424","6.0001"
"247.1450","0.3424","6.0001"
"247.1650","0.3424","6.0000"
"247.1850","0.3424","6.0001"
"247.2050","0.3424","6.0001"
"247.2250","0.3424","6.0001"
"247.2450","0.3424","6.0002"
"247.2650","0.3424","6.0001"
"247.2850","0.3424","6.0001"
"247.3050","0.3424","6.0001"
"247.3250","0.3424","6.0001"
"247.3450","0.3424","6.0001"
"247.3650","0.3424","6.0001"
"247.3850","0.3424","6.0001"
"247.4050","0.3424","6.0001"
"247.4250","0.3424","6.0001"
"247.4450","0.3424","6.0000"
"247.4650","0.3424","6.0000"
"247.4850","0.3424","6.0000"
"247.5050","0.3424","5.9999"
"247.5250","0.3424","6.0000"
"247.5450","0.3424","6.0000"
"247.5650","0.3424","6.0001"
"247.5850","0.3424","6.0001"
"247.6050","0.3424","6.0001"
"247.6250","0.3424","6.0001"
"247.6450","0.3424","6.0001"
"247.6650","0.3424","6.0000"
"247.6850","0.3424","5.9999"
"247.7050","0.3424","6.0000"
"247.7250","0.3424","6.0001"
"247.7450","0.3424","6.0001"
"247.7650","0.3424","6.0000"
"247.7850","0.3424","6.0000"
"247.8050","0.3424","6.0000"
"247.8250","0.3424","5.9999"
"247.8450","0.3424","6.0000"
"247.8650","0.3424","6.0000"
"247.8850","0.3424","6.0000"
"247.9050","0.3424","6.0000"
"247.9250","0.3424","6.0000"
"247.9450","0.3424","6.0000"
"247.9650","0.3424","6.0000"
"247.9850","0.3424","6.0000"
"248.0050","0.3424","6.0000"
"248.0250","0.3424","6.0000"
"248.0450","0.3424","5.9999"
"248.0650","0.3424","6.0000"
"248.0850","0.3424","6.0000"
"248.1050","0.3424","5.9999"
"248.1250","0.3425","5.9999"
"248.1450","0.3425","5.9999"
"248.1650","0.3425","6.0000"
"248.1850","0.3425","5.9999"
"248.2050","0.3425","6.0001"
"248.2250","0.3425","6.0001"
"248.2450","0.3425","6.0000"
"248.2650","0.3425","6.0000"
"248.2850","0.3425","6.0000"
"248.3050","0.3425","6.0001"
"248.3250","0.3425","6.0000"
"248.3450","0.3425","6.0000"
"248.3650","0.3425","6.0000"
"248.3850","0.3425","6.0000"
"248.4050","0.3425","6.0000"
"248.4250","0.3425","6.0001"
"248.4450","0.3425","6.0001"
"248.4650","0.3425","6.0000"
"248.4850","0.3425","6.0000"
"248.5050","0.3425","6.0001"
"248.5250","0.3425","6.0000"
"248.5450","0.3425","6.0000"
"248.5650","0.3425","6.0000"
"248.5850","0.3425","5.9999"
"248.6050","0.3425","6.0000"
"248.6250","0.3425","6.0000"
"248.6450","0.3425","6.0000"
"248.6650","0.3425","6.0000"
"248.6850","0.3425","6.0000"
"248.7050","0.3425","6.0001"
"248.7250","0.3425","6.0000"
"248.7450","0.3425","6.0000"
"248.7650","0.3425","6.0000"
"248.7850","0.3425","6.0000"
"248.8050","0.3425","6.0000"
"248.8250","0.3425","6.0000"
"248.8450","0.3425","6.0001"
"248.8650","0.3425","6.0001"
"248.8850","0.3425","6.0000"
"248.9050","0.3425","6.0000"
"248.9250","0.3425","6.0001"
"248.9450","0.3425","6.0001"
"248.9650","0.3425","6.0000"
"248.9850","0.3425","6.0000"
"249.0050","0.3425","6.0000"
"249.0250","0.3425","6.0000"
"249.0450","0.3425","6.0001"
"249.0650","0.3425","6.0001"
"249.0850","0.3425","6.0001"
"249.1050","0.3425","6.0000"
"249.1250","0.3425","6.0001"
"249.1450","0.3425","6.0000"
"249.1650","0.3425","6.0000"
"249.1850","0.3425","6.0000"
"249.2050","0.3425","6.0000"
"249.2250","0.3425","6.0000"
"249.2450","0.3425","6.0001"
"249.2650","0.3425","6.0001"
"249.2850","0.3425","6.0000"
"249.3050","0.3425","6.0000"
"249.3250","0.3425","6.0000"
"249.3450","0.3425","6.0000"
"249.3650","0.3425","6.0000"
"249.3850","0.3425","6.0000"
"249.4050","0.3425","6.0000"
"249.4250","0.3425","6.0000"
"249.4450","0.3425","6.0000"
"249.4650","0.3425","6.0001"
"249.4850","0.3425","6.0001"
"249.5050","0.3425","6.0001"
"249.5250","0.3425","6.0001"
"249.5450","0.3425","6.0000"
"249.5650","0.3425","6.0000"
"249.5850","0.3425","6.0000"
"249.6050","0.3425","6.0001"
"249.6250","0.3425","6.0000"
"249.6450","0.3425","6.0001"
"249.6650","0.3425","6.0001"
"249.6850","0.3425","6.0000"
"249.7050","0.3425","6.0000"
"249.7250","0.3425","6.0000"
"249.7450","0.3425","6.0001"
"249.7650","0.3425","6.0001"
"249.7850","0.3425","6.0000"
"249.8050","0.3425","6.0000"
"249.8250","0.3425","6.0000"
"249.8450","0.3425","6.0000"
"249.8650","0.3425","6.0000"
"249.8850","0.3425","6.0001"
"249.9050","0.3425","6.0001"
"249.9250","0.3425","6.0000"
"249.9450","0.3425","6.0000"
"249.9650","0.3425","6.0000"
"249.9850","0.3425","6.0000"
"250.0050","0.3425","6.0001"
"250.0250","0.3425","6.0000"
"250.0450","0.3425","5.9999"
"250.0650","0.3425","6.0000"
"250.0850","0.3425","6.0000"
"250.1050","0.3425","6.0001"
"250.1250","0.3425","6.0001"
"250.1450","0.3425","6.0000"
"250.1650","0.3425","6.0000"
"250.1850","0.3425","6.0000"
"250.2050","0.3425","6.0000"
"250.2250","0.3425","6.0000"
"250.2450","0.3425","6.0000"
"250.2650","0.3425","6.0000"
"250.2850","0.3425","6.0000"
"250.3050","0.3425","6.0001"
"250.3250","0.3425","6.0001"
"250.3450","0.3425","6.0000"
"250.3650","0.3425","6.0000"
"250.3850","0.3425","6.0000"
"250.4050","0.3425","6.0000"
"250.4250","0.3425","6.0000"
"250.4450","0.3425","6.0001"
"250.4650","0.3425","6.0001"
"250.4850","0.3425","6.0000"
"250.5050","0.3425","6.0000"
"250.5250","0.3425","6.0001"
"250.5450","0.3425","6.0000"
"250.5650","0.3425","6.0000"
"250.5850","0.3425","6.0000"
"250.6050","0.3425","6.0001"
"250.6250","0.3425","6.0001"
"250.6450","0.3425","6.0001"
"250.6650","0.3425","6.0001"
"250.6850","0.3425","6.0001"
"250.7050","0.3425","6.0000"
"250.7250","0.3425","5.9999"
"250.7450","0.3425","6.0001"
"250.7650","0.3425","6.0001"
"250.7850","0.3425","6.0001"
"250.8050","0.3425","6.0001"
"250.8250","0.3425","6.0000"
"250.8450","0.3425","6.0000"
"250.8650","0.3425","5.9999"
"250.8850","0.3425","5.9999"
"250.9050","0.3425","6.0000"
"250.9250","0.3425","6.0001"
"250.9450","0.3425","6.0000"
"250.9650","0.3425","6.0001"
"250.9850","0.3425","6.0001"
"251.0050","0.3425","6.0001"
"251.0250","0.3425","6.0001"
"251.0450","0.3425","6.0001"
"251.0650","0.3425","6.0000"
"251.0850","0.3425","6.0000"
"251.1050","0.3425","6.0000"
"251.1250","0.3425","6.0000"
"251.1450","0.3425","6.0000"
"251.1650","0.3425","6.0000"
"251.1850","0.3425","6.0001"
"251.2050","0.3425","6.0001"
"251.2250","0.3425","6.0000"
"251.2450","0.3425","6.0000"
"251.2650","0.3425","6.0000"
"251.2850","0.3425","6.0000"
"251.3050","0.3425","6.0000"
"251.3250","0.3425","5.9999"
"251.3450","0.3425","6.0000"
"251.3650","0.3425","6.0001"
"251.3850","0.3425","6.0001"
"251.4050","0.3425","6.0001"
"251.4250","0.3425","6.0001"
"251.4450","0.3425","6.0001"
"251.4650","0.3425","6.0001"
"251.4850","0.3425","6.0001"
"251.5050","0.3425","6.0000"
"251.5250","0.3425","6.0001"
"251.5450","0.3425","6.0001"
"251.5650","0.3425","6.0001"
"251.5850","0.3425","6.0001"
"251.6050","0.3425","6.0001"
"251.6250","0.3425","6.0000"
"251.6450","0.3425","6.0000"
"251.6650","0.3425","6.0000"
"251.6850","0.3425","6.0001"
"251.7050","0.3425","6.0001"
"251.7250","0.3425","6.0001"
"251.7450","0.3425","6.0001"
"251.7650","0.3425","6.0000"
"251.7850","0.3425","6.0001"
"251.8050","0.3425","6.0001"
"251.8250","0.3425","6.0001"
"251.8450","0.3425","6.0000"
"251.8650","0.3425","6.0000"
"251.8850","0.3425","6.0000"
"251.9050","0.3425","6.0001"
"251.9250","0.3425","6.0001"
"251.9450","0.3425","6.0000"
"251.9650","0.3425","6.0000"
"251.9850","0.3425","6.0000"
"252.0050","0.3425","6.0001"
"252.0250","0.3425","6.0002"
"252.0450","0.3425","6.0002"
"252.0650","0.3425","6.0001"
"252.0850","0.3425","6.0000"
"252.1050","0.3425","6.0000"
"252.1250","0.3425","6.0000"
"252.1450","0.3425","6.0000"
"252.1650","0.3425","6.0000"
"252.1850","0.3425","6.0000"
"252.2050","0.3425","6.0000"
"252.2250","0.3425","6.0001"
"252.2450","0.3426","6.0001"
"252.2650","0.3426","6.0000"
"252.2850","0.3426","5.9999"
"252.3050","0.3426","5.9999"
"252.3250","0.3426","6.0000"
"252.3450","0.3426","6.0000"
"252.3650","0.3426","6.0000"
"252.3850","0.3426","6.0000"
"252.4050","0.3426","5.9999"
"252.4250","0.3426","6.0000"
"252.4450","0.3426","6.0000"
"252.4650","0.3426","6.0001"
"252.4850","0.3426","6.0000"
"252.5050","0.3426","6.0000"
"252.5250","0.3426","6.0000"
"252.5450","0.3426","6.0000"
"252.5650","0.3426","6.0000"
"252.5850","0.3426","6.0000"
"252.6050","0.3426","6.0000"
"252.6250","0.3426","6.0000"
"252.6450","0.3426","6.0000"
"252.6650","0.3426","6.0000"
"252.6850","0.3426","5.9999"
"252.7050","0.3426","6.0000"
"252.7250","0.3426","6.0000"
"252.7450","0.3426","6.0000"
"252.7650","0.3426","6.0000"
"252.7850","0.3426","6.0000"
"252.8050","0.3426","6.0001"
"252.8250","0.3426","6.0000"
"252.8450","0.3426","6.0000"
"252.8650","0.3426","6.0000"
"252.8850","0.3426","6.0000"
"252.9050","0.3426","6.0000"
"252.9250","0.3426","5.9999"
"252.9450","0.3426","5.9999"
"252.9650","0.3426","6.0000"
"252.9850","0.3426","6.0000"
"253.0050","0.3426","6.0000"
"253.0250","0.3426","6.0000"
"253.0450","0.3426","6.0000"
"253.0650","0.3426","6.0000"
"253.0850","0.3426","6.0001"
"253.1050","0.3426","6.0000"
"253.1250","0.3426","6.0000"
"253.1450","0.3426","6.0000"
"253.1650","0.3426","5.9999"
"253.1850","0.3426","6.0000"
"253.2050","0.3426","6.0000"
"253.2250","0.3426","6.0000"
"253.2450","0.3426","6.0001"
"253.2650","0.3426","6.0000"
"253.2850","0.3426","6.0000"
"253.3050","0.3426","6.0000"
"253.3250","0.3426","6.0000"
"253.3450","0.3426","5.9999"
"253.3650","0.3426","6.0000"
"253.3850","0.3426","6.0000"
"253.4050","0.3426","6.0001"
"253.4250","0.3426","6.0000"
"253.4450","0.3426","5.9999"
"253.4650","0.3426","5.9999"
"253.4850","0.3426","6.0000"
"253.5050","0.3426","6.0000"
"253.5250","0.3426","6.0000"
"253.5450","0.3426","6.0001"
"253.5650","0.3426","6.0001"
"253.5850","0.3426","6.0001"
"253.6050","0.3426","6.0001"
"253.6250","0.3426","5.9999"
"253.6450","0.3426","6.0000"
"253.6650","0.3426","6.0000"
"253.6850","0.3426","6.0000"
"253.7050","0.3426","6.0000"
"253.7250","0.3426","6.0000"
"253.7450","0.3426","6.0000"
"253.7650","0.3426","6.0000"
"253.7850","0.3426","5.9999"
"253.8050","0.3426","6.0000"
"253.8250","0.3426","6.0001"
"253.8450","0.3426","6.0001"
"253.8650","0.3426","6.0000"
"253.8850","0.3426","6.0000"
"253.9050","0.3426","6.0000"
"253.9250","0.3426","6.0001"
"253.9450","0.3426","6.0002"
"253.9650","0.3426","6.0001"
"253.9850","0.3426","6.0000"
"254.0050","0.3426","6.0000"
"254.0250","0.3426","6.0000"
"254.0450","0.3426","6.0000"
"254.0650","0.3426","6.0001"
"254.0850","0.3426","6.0001"
"254.1050","0.3426","6.0001"
"254.1250","0.3426","6.0000"
"254.1450","0.3426","6.0000"
"254.1650","0.3426","6.0000"
"254.1850","0.3426","6.0001"
"254.2050","0.3426","6.0000"
"254.2250","0.3426","6.0000"
"254.2450","0.3426","6.0000"
"254.2650","0.3426","6.0000"
"254.2850","0.3426","6.0001"
"254.3050","0.3426","6.0000"
"254.3250","0.3426","6.0001"
"254.3450","0.3426","6.0001"
"254.3650","0.3426","6.0000"
"254.3850","0.3426","6.0000"
"254.4050","0.3426","6.0001"
"254.4250","0.3426","6.0000"
"254.4450","0.3426","6.0000"
"254.4650","0.3426","6.0000"
"254.4850","0.3426","6.0001"
"254.5050","0.3426","6.0001"
"254.5250","0.3426","6.0000"
"254.5450","0.3426","6.0000"
"254.5650","0.3426","6.0001"
"254.5850","0.3426","6.0001"
"254.6050","0.3426","6.0000"
"254.6250","0.3426","6.0001"
"254.6450","0.3426","6.0001"
"254.6650","0.3426","6.0001"
"254.6850","0.3426","6.0000"
"254.7050","0.3426","6.0000"
"254.7250","0.3426","6.0000"
"254.7450","0.3426","6.0000"
"254.7650","0.3426","5.9999"
"254.7850","0.3426","6.0000"
"254.8050","0.3426","6.0000"
"254.8250","0.3426","6.0000"
"254.8450","0.3426","5.9999"
"254.8650","0.3426","5.9999"
"254.8850","0.3426","6.0000"
"254.9050","0.3426","6.0001"
"254.9250","0.3426","6.0000"
"254.9450","0.3426","5.9999"
"254.9650","0.3426","5.9999"
"254.9850","0.3426","5.9999"
"255.0050","0.3426","6.0000"
"255.0250","0.3426","6.0000"
"255.0450","0.3426","6.0000"
"255.0650","0.3426","6.0000"
"255.0850","0.3426","6.0000"
"255.1050","0.3426","5.9999"
"255.1250","0.3426","5.9999"
"255.1450","0.3426","5.9999"
"255.1650","0.3426","6.0000"
"255.1850","0.3426","6.0000"
"255.2050","0.3426","6.0000"
"255.2250","0.3426","6.0000"
"255.2450","0.3426","6.0000"
"255.2650","0.3426","5.9999"
"255.2850","0.3426","5.9999"
"255.3050","0.3426","5.9999"
"255.3250","0.3426","5.9999"
"255.3450","0.3426","6.0000"
"255.3650","0.3426","6.0000"
"255.3850","0.3426","6.0000"
"255.4050","0.3426","6.0000"
"255.4250","0.3426","6.0000"
"255.4450","0.3426","6.0000"
"255.4650","0.3426","5.9999"
"255.4850","0.3426","5.9999"
"255.5050","0.3426","6.0000"
"255.5250","0.3426","6.0001"
"255.5450","0.3426","6.0000"
"255.5650","0.3426","6.0000"
"255.5850","0.3426","6.0000"
"255.6050","0.3426","6.0000"
"255.6250","0.3426","6.0000"
"255.6450","0.3426","6.0000"
"255.6650","0.3426","6.0000"
"255.6850","0.3426","6.0000"
"255.7050","0.3426","6.0000"
"255.7250","0.3426","6.0000"
"255.7450","0.3426","6.0000"
"255.7650","0.3426","6.0000"
"255.7850","0.3426","6.0000"
"255.8050","0.3426","6.0001"
"255.8250","0.3426","6.0001"
"255.8450","0.3426","6.0001"
"255.8650","0.3426","6.0000"
"255.8850","0.3426","6.0000"
"255.9050","0.3426","6.0000"
"255.9250","0.3426","6.0000"
"255.9450","0.3426","6.0000"
"255.9650","0.3426","6.0000"
"255.9850","0.3426","6.0000"
"256.0050","0.3426","6.0000"
"256.0250","0.3426","6.0001"
"256.0450","0.3426","6.0000"
"256.0650","0.3426","6.0000"
"256.0850","0.3426","6.0000"
"256.1050","0.3426","6.0000"
"256.1250","0.3426","6.0001"
"256.1450","0.3426","6.0002"
"256.1650","0.3426","6.0001"
"256.1850","0.3426","6.0000"
"256.2050","0.3426","6.0000"
"256.2250","0.3426","5.9999"
"256.2450","0.3426","6.0000"
"256.2650","0.3426","6.0000"
"256.2850","0.3426","6.0000"
"256.3050","0.3426","6.0000"
"256.3250","0.3427","6.0000"
"256.3450","0.3427","6.0001"
"256.3650","0.3427","6.0001"
"256.3850","0.3427","6.0001"
"256.4050","0.3427","6.0002"
"256.4250","0.3427","6.0001"
"256.4450","0.3427","6.0000"
"256.4650","0.3427","5.9999"
"256.4850","0.3427","6.0000"
"256.5050","0.3427","6.0001"
"256.5250","0.3427","6.0001"
"256.5450","0.3427","6.0001"
"256.5650","0.3427","6.0001"
"256.5850","0.3427","6.0001"
"256.6050","0.3427","6.0000"
"256.6250","0.3427","6.0001"
"256.6450","0.3427","6.0001"
"256.6650","0.3427","6.0001"
"256.6850","0.3427","6.0000"
"256.7050","0.3427","6.0001"
"256.7250","0.3427","6.0000"
"256.7450","0.3427","6.0000"
"256.7650","0.3427","6.0000"
"256.7850","0.3427","6.0000"
"256.8050","0.3427","6.0000"
"256.8250","0.3427","6.0000"
"256.8450","0.3427","6.0000"
"256.8650","0.3427","6.0000"
"256.8850","0.3427","6.0000"
"256.9050","0.3427","5.9999"
"256.9250","0.3427","6.0000"
"256.9450","0.3427","6.0000"
"256.9650","0.3427","6.0000"
"256.9850","0.3427","6.0000"
"257.0050","0.3427","6.0000"
"257.0250","0.3427","6.0000"
"257.0450","0.3427","6.0000"
"257.0650","0.3427","6.0000"
"257.0850","0.3427","6.0001"
"257.1050","0.3427","6.0001"
"257.1250","0.3427","6.0001"
"257.1450","0.3427","6.0000"
"257.1650","0.3427","6.0000"
"257.1850","0.3427","6.0000"
"257.2050","0.3427","6.0000"
"257.2250","0.3427","6.0001"
"257.2450","0.3427","6.0000"
"257.2650","0.3427","6.0000"
"257.2850","0.3427","6.0000"
"257.3050","0.3427","6.0000"
"257.3250","0.3427","6.0000"
"257.3450","0.3427","6.0000"
"257.3650","0.3427","6.0000"
"257.3850","0.3427","6.0000"
"257.4050","0.3427","5.9999"
"257.4250","0.3427","5.9999"
"257.4450","0.3427","6.0000"
"257.4650","0.3427","6.0000"
"257.4850","0.3427","6.0000"
"257.5050","0.3427","6.0000"
"257.5250","0.3427","5.9999"
"257.5450","0.3427","5.9999"
"257.5650","0.3427","5.9999"
"257.5850","0.3427","6.0000"
"257.6050","0.3427","6.0000"
"257.6250","0.3427","6.0000"
"257.6450","0.3427","5.9999"
"257.6650","0.3427","5.9999"
"257.6850","0.3427","5.9999"
"257.7050","0.3427","6.0000"
"257.7250","0.3427","6.0000"
"257.7450","0.3427","6.0000"
"257.7650","0.3427","5.9999"
"257.7850","0.3427","6.0000"
"257.8050","0.3427","6.0000"
"257.8250","0.3427","5.9999"
"257.8450","0.3427","5.9999"
"257.8650","0.3427","6.0000"
"257.8850","0.3427","6.0000"
"257.9050","0.3427","6.0000"
"257.9250","0.3427","6.0000"
"257.9450","0.3427","6.0000"
"257.9650","0.3427","6.0001"
"257.9850","0.3427","6.0000"
"258.0050","0.3427","6.0000"
"258.0250","0.3427","6.0001"
"258.0450","0.3427","6.0000"
"258.0650","0.3427","5.9999"
"258.0850","0.3427","5.9999"
"258.1050","0.3427","6.0000"
"258.1250","0.3427","6.0000"
"258.1450","0.3427","6.0000"
"258.1650","0.3427","6.0001"
"258.1850","0.3427","6.0001"
"258.2050","0.3427","6.0000"
"258.2250","0.3427","6.0000"
"258.2450","0.3427","6.0000"
"258.2650","0.3427","6.0000"
"258.2850","0.3427","5.9999"
"258.3050","0.3427","6.0000"
"258.3250","0.3427","6.0000"
"258.3450","0.3427","6.0000"
"258.3650","0.3427","6.0000"
"258.3850","0.3427","6.0000"
"258.4050","0.3427","6.0000"
"258.4250","0.3427","6.0000"
"258.4450","0.3427","6.0000"
"258.4650","0.3427","6.0000"
"258.4850","0.3427","6.0000"
"258.5050","0.3427","6.0000"
"258.5250","0.3427","6.0000"
"258.5450","0.3427","6.0001"
"258.5650","0.3427","6.0000"
"258.5850","0.3427","6.0000"
"258.6050","0.3427","6.0001"
"258.6250","0.3427","6.0001"
"258.6450","0.3427","6.0001"
"258.6650","0.3427","6.0001"
"258.6850","0.3427","6.0001"
"258.7050","0.3427","6.0001"
"258.7250","0.3427","6.0000"
"258.7450","0.3427","6.0000"
"258.7650","0.3427","6.0000"
"258.7850","0.3427","6.0000"
"258.8050","0.3427","6.0000"
"258.8250","0.3427","6.0000"
"258.8450","0.3427","6.0000"
"258.8650","0.3427","6.0000"
"258.8850","0.3427","6.0000"
"258.9050","0.3427","6.0000"
"258.9250","0.3427","6.0000"
"258.9450","0.3427","6.0000"
"258.9650","0.3427","6.0000"
"258.9850","0.3427","5.9999"
"259.0050","0.3427","6.0000"
"259.0250","0.3427","6.0000"
"259.0450","0.3427","6.0000"
"259.0650","0.3427","6.0000"
"259.0850","0.3427","6.0001"
"259.1050","0.3427","6.0001"
"259.1250","0.3427","6.0001"
"259.1450","0.3427","6.0001"
"259.1650","0.3427","6.0000"
"259.1850","0.3427","6.0001"
"259.2050","0.3427","6.0001"
"259.2250","0.3427","6.0001"
"259.2450","0.3427","6.0000"
"259.2650","0.3427","6.0000"
"259.2850","0.3427","6.0000"
"259.3050","0.3427","6.0000"
"259.3250","0.3427","6.0000"
"259.3450","0.3427","6.0000"
"259.3650","0.3427","6.0000"
"259.3850","0.3427","6.0001"
"259.4050","0.3427","6.0000"
"259.4250","0.3427","6.0001"
"259.4450","0.3427","6.0001"
"259.4650","0.3427","6.0001"
"259.4850","0.3427","6.0000"
"259.5050","0.3427","5.9999"
"259.5250","0.3427","6.0000"
"259.5450","0.3427","6.0000"
"259.5650","0.3427","6.0000"
"259.5850","0.3427","6.0000"
"259.6050","0.3427","6.0000"
"259.6250","0.3427","6.0000"
"259.6450","0.3427","6.0000"
"259.6650","0.3427","6.0000"
"259.6850","0.3427","6.0000"
"259.7050","0.3427","6.0000"
"259.7250","0.3427","6.0001"
"259.7450","0.3427","6.0001"
"259.7650","0.3427","6.0000"
"259.7850","0.3427","6.0000"
"259.8050","0.3427","6.0000"
"259.8250","0.3427","6.0000"
"259.8450","0.3427","6.0000"
"259.8650","0.3427","6.0000"
"259.8850","0.3427","6.0000"
"259.9050","0.3427","6.0000"
"259.9250","0.3427","6.0000"
"259.9450","0.3427","6.0000"
"259.9650","0.3427","5.9999"
"259.9850","0.3427","6.0000"
"260.0050","0.3427","6.0000"
"260.0250","0.3427","6.0000"
"260.0450","0.3427","6.0000"
"260.0650","0.3427","6.0000"
"260.0850","0.3427","6.0000"
"260.1050","0.3427","6.0000"
"260.1250","0.3427","6.0001"
"260.1450","0.3427","6.0001"
"260.1650","0.3427","6.0000"
"260.1850","0.3427","6.0000"
"260.2050","0.3427","6.0000"
"260.2250","0.3427","6.0000"
"260.2450","0.3427","6.0000"
"260.2650","0.3427","6.0000"
"260.2850","0.3427","6.0000"
"260.3050","0.3427","5.9999"
"260.3250","0.3427","6.0000"
"260.3450","0.3427","6.0000"
"260.3650","0.3427","6.0000"
"260.3850","0.3427","6.0000"
"260.4050","0.3427","6.0000"
"260.4250","0.3427","6.0000"
"260.4450","0.3427","6.0000"
"260.4650","0.3428","6.0000"
"260.4850","0.3428","6.0001"
"260.5050","0.3428","6.0001"
"260.5250","0.3428","6.0000"
"260.5450","0.3428","6.0000"
"260.5650","0.3428","5.9999"
"260.5850","0.3428","6.0000"
"260.6050","0.3428","6.0001"
"260.6250","0.3428","6.0001"
"260.6450","0.3428","6.0001"
"260.6650","0.3428","6.0001"
"260.6850","0.3428","6.0000"
"260.7050","0.3428","6.0000"
"260.7250","0.3428","6.0000"
"260.7450","0.3428","6.0000"
"260.7650","0.3428","6.0000"
"260.7850","0.3428","6.0000"
"260.8050","0.3428","6.0001"
"260.8250","0.3428","6.0001"
"260.8450","0.3428","6.0000"
"260.8650","0.3428","6.0001"
"260.8850","0.3428","6.0000"
"260.9050","0.3428","6.0000"
"260.9250","0.3428","6.0000"
"260.9450","0.3428","6.0000"
"260.9650","0.3428","6.0000"
"260.9850","0.3428","6.0000"
"261.0050","0.3428","6.0000"
"261.0250","0.3428","6.0000"
"261.0450","0.3428","6.0000"
"261.0650","0.3428","6.0000"
"261.0850","0.3428","6.0000"
"261.1050","0.3428","6.0000"
"261.1250","0.3428","6.0000"
"261.1450","0.3428","6.0001"
"261.1650","0.3428","6.0001"
"261.1850","0.3428","6.0001"
"261.2050","0.3428","6.0001"
"261.2250","0.3428","6.0001"
"261.2450","0.3428","6.0000"
"261.2650","0.3428","6.0001"
"261.2850","0.3428","6.0001"
"261.3050","0.3428","6.0000"
"261.3250","0.3428","6.0000"
"261.3450","0.3428","6.0000"
"261.3650","0.3428","6.0001"
"261.3850","0.3428","6.0001"
"261.4050","0.3428","6.0000"
"261.4250","0.3428","6.0000"
"261.4450","0.3428","6.0000"
"261.4650","0.3428","6.0001"
"261.4850","0.3428","6.0001"
"261.5050","0.3428","6.0001"
"261.5250","0.3428","6.0001"
"261.5450","0.3428","6.0001"
"261.5650","0.3428","6.0002"
"261.5850","0.3428","6.0001"
"261.6050","0.3428","6.0000"
"261.6250","0.3428","6.0000"
"261.6450","0.3428","6.0000"
"261.6650","0.3428","6.0001"
"261.6850","0.3428","6.0000"
"261.7050","0.3428","6.0000"
"261.7250","0.3428","6.0001"
"261.7450","0.3428","6.0002"
"261.7650","0.3428","6.0002"
"261.7850","0.3428","6.0002"
"261.8050","0.3428","6.0001"
"261.8250","0.3428","6.0000"
"261.8450","0.3428","6.0000"
"261.8650","0.3428","6.0000"
"261.8850","0.3428","6.0000"
"261.9050","0.3428","6.0001"
"261.9250","0.3428","6.0000"
"261.9450","0.3428","6.0000"
"261.9650","0.3428","6.0000"
"261.9850","0.3428","6.0000"
"262.0050","0.3428","6.0000"
"262.0250","0.3428","6.0000"
"262.0450","0.3428","6.0000"
"262.0650","0.3428","6.0000"
"262.0850","0.3428","6.0000"
"262.1050","0.3428","6.0000"
"262.1250","0.3428","6.0001"
"262.1450","0.3428","6.0000"
"262.1650","0.3428","5.9999"
"262.1850","0.3428","6.0000"
"262.2050","0.3428","6.0000"
"262.2250","0.3428","6.0000"
"262.2450","0.3428","6.0000"
"262.2650","0.3428","5.9999"
"262.2850","0.3428","5.9999"
"262.3050","0.3428","5.9999"
"262.3250","0.3428","6.0000"
"262.3450","0.3428","6.0000"
"262.3650","0.3428","6.0001"
"262.3850","0.3428","6.0000"
"262.4050","0.3428","5.9999"
"262.4250","0.3428","5.9999"
"262.4450","0.3428","6.0000"
"262.4650","0.3428","6.0000"
"262.4850","0.3428","6.0000"
"262.5050","0.3428","6.0000"
"262.5250","0.3428","5.9999"
"262.5450","0.3428","5.9999"
"262.5650","0.3428","5.9999"
"262.5850","0.3428","6.0000"
"262.6050","0.3428","5.9999"
"262.6250","0.3428","6.0000"
"262.6450","0.3428","5.9999"
"262.6650","0.3428","5.9999"
"262.6850","0.3428","5.9999"
"262.7050","0.3428","5.9999"
"262.7250","0.3428","5.9999"
"262.7450","0.3428","5.9999"
"262.7650","0.3428","6.0000"
"262.7850","0.3428","6.0000"
"262.8050","0.3428","5.9999"
"262.8250","0.3428","6.0000"
"262.8450","0.3428","6.0000"
"262.8650","0.3428","6.0000"
"262.8850","0.3428","5.9999"
"262.9050","0.3428","6.0000"
"262.9250","0.3428","6.0000"
"262.9450","0.3428","6.0000"
"262.9650","0.3428","5.9999"
"262.9850","0.3428","6.0000"
"263.0050","0.3428","6.0000"
"263.0250","0.3428","6.0000"
"263.0450","0.3428","6.0000"
"263.0650","0.3428","6.0000"
"263.0850","0.3428","6.0000"
"263.1050","0.3428","5.9999"
"263.1250","0.3428","6.0000"
"263.1450","0.3428","6.0001"
"263.1650","0.3428","6.0001"
"263.1850","0.3428","6.0000"
"263.2050","0.3428","6.0000"
"263.2250","0.3428","6.0001"
"263.2450","0.3428","6.0001"
"263.2650","0.3428","6.0000"
"263.2850","0.3428","6.0000"
"263.3050","0.3428","6.0000"
"263.3250","0.3428","6.0000"
"263.3450","0.3428","5.9999"
"263.3650","0.3428","5.9999"
"263.3850","0.3428","5.9999"
"263.4050","0.3428","6.0000"
"263.4250","0.3428","6.0000"
"263.4450","0.3428","6.0000"
"263.4650","0.3428","6.0000"
"263.4850","0.3428","6.0000"
"263.5050","0.3428","6.0000"
"263.5250","0.3428","6.0000"
"263.5450","0.3428","6.0000"
"263.5650","0.3428","6.0000"
"263.5850","0.3428","6.0000"
"263.6050","0.3428","6.0000"
"263.6250","0.3428","6.0000"
"263.6450","0.3428","6.0000"
"263.6650","0.3428","6.0000"
"263.6850","0.3428","6.0000"
"263.7050","0.3428","6.0000"
"263.7250","0.3428","6.0000"
"263.7450","0.3428","6.0000"
"263.7650","0.3428","5.9999"
"263.7850","0.3428","5.9999"
"263.8050","0.3428","6.0000"
"263.8250","0.3428","6.0000"
"263.8450","0.3428","6.0000"
"263.8650","0.3428","6.0001"
"263.8850","0.3428","6.0001"
"263.9050","0.3428","6.0001"
"263.9250","0.3428","6.0001"
"263.9450","0.3428","6.0000"
"263.9650","0.3428","6.0000"
"263.9850","0.3428","6.0000"
"264.0050","0.3428","6.0000"
"264.0250","0.3428","6.0001"
"264.0450","0.3428","6.0001"
"264.0650","0.3428","6.0001"
"264.0850","0.3428","6.0000"
"264.1050","0.3428","6.0000"
"264.1250","0.3428","6.0000"
"264.1450","0.3428","6.0001"
"264.1650","0.3428","6.0000"
"264.1850","0.3428","6.0000"
"264.2050","0.3428","6.0000"
"264.2250","0.3428","6.0000"
"264.2450","0.3428","5.9999"
"264.2650","0.3428","5.9999"
"264.2850","0.3428","6.0000"
"264.3050","0.3428","6.0000"
"264.3250","0.3428","6.0001"
"264.3450","0.3428","6.0000"
"264.3650","0.3428","6.0000"
"264.3850","0.3428","6.0001"
"264.4050","0.3428","6.0000"
"264.4250","0.3428","6.0000"
"264.4450","0.3428","6.0000"
"264.4650","0.3428","6.0000"
"264.4850","0.3428","6.0000"
"264.5050","0.3428","5.9999"
"264.5250","0.3428","6.0000"
"264.5450","0.3428","6.0001"
"264.5650","0.3428","6.0000"
"264.5850","0.3428","6.0000"
"264.6050","0.3428","6.0000"
"264.6250","0.3428","6.0000"
"264.6450","0.3428","6.0000"
"264.6650","0.3428","6.0000"
"264.6850","0.3428","6.0000"
"264.7050","0.3428","6.0000"
"264.7250","0.3428","6.0001"
"264.7450","0.3429","6.0001"
"264.7650","0.3429","6.0000"
"264.7850","0.3429","6.0000"
"264.8050","0.3429","6.0000"
"264.8250","0.3429","6.0000"
"264.8450","0.3429","6.0000"
"264.8650","0.3429","6.0001"
"264.8850","0.3429","6.0001"
"264.9050","0.3429","6.0001"
"264.9250","0.3429","6.0000"
"264.9450","0.3429","6.0000"
"264.9650","0.3429","6.0000"
"264.9850","0.3429","6.0000"
"265.0050","0.3429","6.0001"
"265.0250","0.3429","6.0001"
"265.0450","0.3429","6.0001"
"265.0650","0.3429","6.0001"
"265.0850","0.3429","6.0001"
"265.1050","0.3429","6.0001"
"265.1250","0.3429","6.0000"
"265.1450","0.3429","6.0000"
"265.1650","0.3429","6.0000"
"265.1850","0.3429","6.0000"
"265.2050","0.3429","6.0001"
"265.2250","0.3429","6.0000"
"265.2450","0.3429","6.0000"
"265.2650","0.3429","6.0000"
"265.2850","0.3429","6.0000"
"265.3050","0.3429","6.0000"
"265.3250","0.3429","5.9999"
"265.3450","0.3429","6.0000"
"265.3650","0.3429","6.0000"
"265.3850","0.3429","6.0001"
"265.4050","0.3429","6.0000"
"265.4250","0.3429","6.0000"
"265.4450","0.3429","5.9999"
"265.4650","0.3429","5.9999"
"265.4850","0.3429","6.0000"
"265.5050","0.3429","6.0001"
"265.5250","0.3429","6.0001"
"265.5450","0.3429","6.0001"
"265.5650","0.3429","6.0001"
"265.5850","0.3429","6.0000"
"265.6050","0.3429","6.0000"
"265.6250","0.3429","6.0000"
"265.6450","0.3429","6.0000"
"265.6650","0.3429","6.0000"
"265.6850","0.3429","6.0001"
"265.7050","0.3429","6.0001"
"265.7250","0.3429","6.0000"
"265.7450","0.3429","6.0000"
"265.7650","0.3429","6.0001"
"265.7850","0.3429","6.0002"
"265.8050","0.3429","6.0001"
"265.8250","0.3429","6.0000"
"265.8450","0.3429","6.0000"
"265.8650","0.3429","5.9999"
"265.8850","0.3429","6.0000"
"265.9050","0.3429","6.0000"
"265.9250","0.3429","6.0000"
"265.9450","0.3429","6.0000"
"265.9650","0.3429","6.0000"
"265.9850","0.3429","6.0000"
"266.0050","0.3429","6.0001"
"266.0250","0.3429","6.0001"
"266.0450","0.3429","6.0001"
"266.0650","0.3429","6.0000"
"266.0850","0.3429","6.0000"
"266.1050","0.3429","6.0000"
"266.1250","0.3429","6.0000"
"266.1450","0.3429","6.0000"
"266.1650","0.3429","6.0000"
"266.1850","0.3429","6.0000"
"266.2050","0.3429","6.0000"
"266.2250","0.3429","6.0000"
"266.2450","0.3429","5.9999"
"266.2650","0.3429","5.9999"
"266.2850","0.3429","6.0000"
"266.3050","0.3429","6.0000"
"266.3250","0.3429","6.0001"
"266.3450","0.3429","6.0001"
"266.3650","0.3429","6.0001"
"266.3850","0.3429","6.0001"
"266.4050","0.3429","6.0001"
"266.4250","0.3429","6.0000"
"266.4450","0.3429","6.0000"
"266.4650","0.3429","6.0000"
"266.4850","0.3429","6.0001"
"266.5050","0.3429","6.0001"
"266.5250","0.3429","6.0001"
"266.5450","0.3429","6.0000"
"266.5650","0.3429","6.0000"
"266.5850","0.3429","6.0002"
"266.6050","0.3429","6.0002"
"266.6250","0.3429","6.0001"
"266.6450","0.3429","6.0000"
"266.6650","0.3429","6.0000"
"266.6850","0.3429","6.0000"
"266.7050","0.3429","6.0001"
"266.7250","0.3429","6.0000"
"266.7450","0.3429","6.0000"
"266.7650","0.3429","6.0000"
"266.7850","0.3429","6.0000"
"266.8050","0.3429","6.0000"
"266.8250","0.3429","6.0001"
"266.8450","0.3429","6.0001"
"266.8650","0.3429","6.0000"
"266.8850","0.3429","6.0000"
"266.9050","0.3429","6.0000"
"266.9250","0.3429","6.0000"
"266.9450","0.3429","6.0000"
"266.9650","0.3429","6.0001"
"266.9850","0.3429","6.0000"
"267.0050","0.3429","6.0000"
"267.0250","0.3429","6.0001"
"267.0450","0.3429","6.0001"
"267.0650","0.3429","6.0000"
"267.0850","0.3429","5.9999"
"267.1050","0.3429","6.0000"
"267.1250","0.3429","6.0000"
"267.1450","0.3429","6.0000"
"267.1650","0.3429","6.0000"
"267.1850","0.3429","6.0000"
"267.2050","0.3429","6.0001"
"267.2250","0.3429","6.0001"
"267.2450","0.3429","6.0000"
"267.2650","0.3429","6.0000"
"267.2850","0.3429","5.9999"
"267.3050","0.3429","6.0000"
"267.3250","0.3429","6.0001"
"267.3450","0.3429","6.0000"
"267.3650","0.3429","5.9999"
"267.3850","0.3429","6.0000"
"267.4050","0.3429","6.0000"
"267.4250","0.3429","6.0000"
"267.4450","0.3429","6.0000"
"267.4650","0.3429","6.0001"
"267.4850","0.3429","6.0000"
"267.5050","0.3429","6.0000"
"267.5250","0.3429","6.0001"
"267.5450","0.3429","6.0000"
"267.5650","0.3429","5.9999"
"267.5850","0.3429","6.0000"
"267.6050","0.3429","6.0000"
"267.6250","0.3429","6.0000"
"267.6450","0.3429","6.0000"
"267.6650","0.3429","6.0000"
"267.6850","0.3429","6.0000"
"267.7050","0.3429","6.0000"
"267.7250","0.3429","5.9999"
"267.7450","0.3429","6.0001"
"267.7650","0.3429","6.0001"
"267.7850","0.3429","6.0001"
"267.8050","0.3429","6.0000"
"267.8250","0.3429","6.0000"
"267.8450","0.3429","6.0000"
"267.8650","0.3429","6.0000"
"267.8850","0.3429","6.0000"
"267.9050","0.3429","6.0000"
"267.9250","0.3429","6.0000"
"267.9450","0.3429","6.0000"
"267.9650","0.3429","6.0000"
"267.9850","0.3429","6.0000"
"268.0050","0.3429","5.9999"
"268.0250","0.3429","6.0000"
"268.0450","0.3429","6.0000"
"268.0650","0.3429","6.0000"
"268.0850","0.3429","6.0000"
"268.1050","0.3429","6.0000"
"268.1250","0.3429","6.0000"
"268.1450","0.3429","6.0000"
"268.1650","0.3429","6.0001"
"268.1850","0.3429","6.0000"
"268.2050","0.3429","6.0000"
"268.2250","0.3429","6.0000"
"268.2450","0.3429","6.0000"
"268.2650","0.3429","6.0000"
"268.2850","0.3429","6.0000"
"268.3050","0.3429","6.0000"
"268.3250","0.3429","5.9999"
"268.3450","0.3429","5.9999"
"268.3650","0.3429","6.0000"
"268.3850","0.3429","6.0001"
"268.4050","0.3429","6.0000"
"268.4250","0.3429","6.0000"
"268.4450","0.3429","6.0000"
"268.4650","0.3429","6.0001"
"268.4850","0.3429","6.0001"
"268.5050","0.3429","6.0001"
"268.5250","0.3429","6.0000"
"268.5450","0.3429","6.0001"
"268.5650","0.3429","6.0001"
"268.5850","0.3429","6.0001"
"268.6050","0.3429","6.0000"
"268.6250","0.3429","6.0000"
"268.6450","0.3429","6.0001"
"268.6650","0.3429","6.0000"
"268.6850","0.3429","6.0000"
"268.7050","0.3429","6.0000"
"268.7250","0.3429","6.0000"
"268.7450","0.3429","6.0000"
"268.7650","0.3429","6.0000"
"268.7850","0.3429","6.0000"
"268.8050","0.3429","6.0000"
"268.8250","0.3429","6.0000"
"268.8450","0.3429","6.0000"
"268.8650","0.3429","6.0000"
"268.8850","0.3429","6.0001"
"268.9050","0.3429","6.0001"
"268.9250","0.3429","6.0000"
"268.9450","0.3429","6.0000"
"268.9650","0.3429","6.0000"
"268.9850","0.3429","6.0001"
"269.0050","0.3429","6.0000"
"269.0250","0.3429","6.0000"
"269.0450","0.3429","6.0000"
"269.0650","0.3429","6.0000"
"269.0850","0.3429","6.0000"
"269.1050","0.3430","6.0000"
"269.1250","0.3430","6.0001"
"269.1450","0.3430","6.0001"
"269.1650","0.3430","6.0000"
"269.1850","0.3430","6.0000"
"269.2050","0.3430","6.0000"
"269.2250","0.3430","6.0001"
"269.2450","0.3430","6.0001"
"269.2650","0.3430","6.0001"
"269.2850","0.3430","6.0001"
"269.3050","0.3430","6.0001"
"269.3250","0.3430","6.0000"
"269.3450","0.3430","6.0000"
"269.3650","0.3430","5.9999"
"269.3850","0.3430","6.0000"
"269.4050","0.3430","6.0000"
"269.4250","0.3430","6.0000"
"269.4450","0.3430","6.0000"
"269.4650","0.3430","6.0000"
"269.4850","0.3430","6.0000"
"269.5050","0.3430","6.0000"
"269.5250","0.3430","5.9999"
"269.5450","0.3430","5.9999"
"269.5650","0.3430","5.9999"
"269.5850","0.3430","5.9999"
"269.6050","0.3430","5.9999"
"269.6250","0.3430","5.9999"
"269.6450","0.3430","5.9999"
"269.6650","0.3430","6.0000"
"269.6850","0.3430","5.9999"
"269.7050","0.3430","5.9999"
"269.7250","0.3430","6.0000"
"269.7450","0.3430","6.0000"
"269.7650","0.3430","5.9999"
"269.7850","0.3430","5.9999"
"269.8050","0.3430","6.0000"
"269.8250","0.3430","6.0000"
"269.8450","0.3430","6.0000"
"269.8650","0.3430","6.0000"
"269.8850","0.3430","6.0000"
"269.9050","0.3430","5.9999"
"269.9250","0.3430","5.9999"
"269.9450","0.3430","6.0000"
"269.9650","0.3430","6.0000"
"269.9850","0.3430","6.0000"
"270.0050","0.3430","6.0000"
"270.0250","0.3430","6.0000"
"270.0450","0.3430","6.0000"
"270.0650","0.3430","6.0001"
"270.0850","0.3430","6.0001"
"270.1050","0.3430","6.0001"
"270.1250","0.3430","6.0001"
"270.1450","0.3430","6.0000"
"270.1650","0.3430","5.9999"
"270.1850","0.3430","5.9999"
"270.2050","0.3430","6.0000"
"270.2250","0.3430","5.9999"
"270.2450","0.3430","6.0000"
"270.2650","0.3430","6.0000"
"270.2850","0.3430","5.9999"
"270.3050","0.3430","5.9999"
"270.3250","0.3430","5.9999"
"270.3450","0.3430","5.9999"
"270.3650","0.3430","5.9999"
"270.3850","0.3430","6.0000"
"270.4050","0.3430","5.9999"
"270.4250","0.3430","5.9999"
"270.4450","0.3430","5.9999"
"270.4650","0.3430","5.9999"
"270.4850","0.3430","6.0000"
"270.5050","0.3430","6.0000"
"270.5250","0.3430","6.0000"
"270.5450","0.3430","5.9999"
"270.5650","0.3430","5.9999"
"270.5850","0.3430","5.9999"
"270.6050","0.3430","6.0000"
"270.6250","0.3430","5.9999"
"270.6450","0.3430","5.9999"
"270.6650","0.3430","6.0000"
"270.6850","0.3430","6.0000"
"270.7050","0.3430","6.0000"
"270.7250","0.3430","6.0000"
"270.7450","0.3430","6.0000"
"270.7650","0.3430","6.0000"
"270.7850","0.3430","6.0000"
"270.8050","0.3430","5.9999"
"270.8250","0.3430","6.0000"
"270.8450","0.3430","6.0000"
"270.8650","0.3430","6.0000"
"270.8850","0.3430","6.0001"
"270.9050","0.3430","6.0001"
"270.9250","0.3430","6.0000"
"270.9450","0.3430","6.0000"
"270.9650","0.3430","6.0000"
"270.9850","0.3430","6.0000"
"271.0050","0.3430","6.0000"
"271.0250","0.3430","6.0001"
"271.0450","0.3430","6.0000"
"271.0650","0.3430","6.0000"
"271.0850","0.3430","5.9999"
"271.1050","0.3430","5.9999"
"271.1250","0.3430","6.0000"
"271.1450","0.3430","6.0000"
"271.1650","0.3430","6.0000"
"271.1850","0.3430","6.0001"
"271.2050","0.3430","6.0000"
"271.2250","0.3430","6.0000"
"271.2450","0.3430","6.0000"
"271.2650","0.3430","5.9999"
"271.2850","0.3430","6.0000"
"271.3050","0.3430","6.0001"
"271.3250","0.3430","6.0001"
"271.3450","0.3430","6.0000"
"271.3650","0.3430","6.0000"
"271.3850","0.3430","6.0000"
"271.4050","0.3430","6.0001"
"271.4250","0.3430","6.0000"
"271.4450","0.3430","6.0000"
"271.4650","0.3430","5.9999"
"271.4850","0.3430","6.0000"
"271.5050","0.3430","6.0001"
"271.5250","0.3430","6.0001"
"271.5450","0.3430","6.0001"
"271.5650","0.3430","6.0000"
"271.5850","0.3430","6.0000"
"271.6050","0.3430","6.0000"
"271.6250","0.3430","6.0000"
"271.6450","0.3430","6.0000"
"271.6650","0.3430","6.0000"
"271.6850","0.3430","6.0001"
"271.7050","0.3430","6.0001"
"271.7250","0.3430","6.0001"
"271.7450","0.3430","6.0001"
"271.7650","0.3430","6.0000"
"271.7850","0.3430","6.0000"
"271.8050","0.3430","6.0000"
"271.8250","0.3430","6.0001"
"271.8450","0.3430","6.0001"
"271.8650","0.3430","6.0000"
"271.8850","0.3430","6.0000"
"271.9050","0.3430","6.0000"
"271.9250","0.3430","6.0000"
"271.9450","0.3430","6.0000"
"271.9650","0.3430","6.0000"
"271.9850","0.3430","6.0000"
"272.0050","0.3430","6.0001"
"272.0250","0.3430","6.0001"
"272.0450","0.3430","6.0001"
"272.0650","0.3430","6.0001"
"272.0850","0.3430","6.0000"
"272.1050","0.3430","5.9999"
"272.1250","0.3430","6.0000"
"272.1450","0.3430","6.0000"
"272.1650","0.3430","6.0000"
"272.1850","0.3430","5.9999"
"272.2050","0.3430","5.9999"
"272.2250","0.3430","6.0000"
"272.2450","0.3430","5.9999"
"272.2650","0.3430","5.9999"
"272.2850","0.3430","6.0000"
"272.3050","0.3430","6.0000"
"272.3250","0.3430","6.0000"
"272.3450","0.3430","5.9999"
"272.3650","0.3430","5.9999"
"272.3850","0.3430","5.9999"
"272.4050","0.3430","6.0000"
"272.4250","0.3430","6.0000"
"272.4450","0.3430","5.9999"
"272.4650","0.3430","6.0000"
"272.4850","0.3430","6.0000"
"272.5050","0.3430","5.9999"
"272.5250","0.3430","5.9999"
"272.5450","0.3430","5.9999"
"272.5650","0.3430","6.0000"
"272.5850","0.3430","6.0000"
"272.6050","0.3430","6.0000"
"272.6250","0.3430","6.0000"
"272.6450","0.3430","6.0000"
"272.6650","0.3430","6.0000"
"272.6850","0.3430","6.0000"
"272.7050","0.3430","6.0000"
"272.7250","0.3430","6.0000"
"272.7450","0.3430","5.9999"
"272.7650","0.3430","6.0000"
"272.7850","0.3430","6.0000"
"272.8050","0.3430","5.9999"
"272.8250","0.3430","6.0000"
"272.8450","0.3430","6.0000"
"272.8650","0.3430","6.0000"
"272.8850","0.3430","5.9999"
"272.9050","0.3430","5.9999"
"272.9250","0.3430","5.9999"
"272.9450","0.3430","5.9999"
"272.9650","0.3430","6.0000"
"272.9850","0.3430","6.0000"
"273.0050","0.3430","5.9999"
"273.0250","0.3430","5.9999"
"273.0450","0.3430","6.0000"
"273.0650","0.3430","5.9999"
"273.0850","0.3430","6.0000"
"273.1050","0.3430","6.0000"
"273.1250","0.3430","5.9999"
"273.1450","0.3430","6.0000"
"273.1650","0.3430","6.0000"
"273.1850","0.3430","6.0000"
"273.2050","0.3430","5.9999"
"273.2250","0.3430","6.0000"
"273.2450","0.3430","6.0000"
"273.2650","0.3430","6.0000"
"273.2850","0.3430","6.0000"
"273.3050","0.3430","6.0000"
"273.3250","0.3430","6.0000"
"273.3450","0.3430","5.9999"
"273.3650","0.3430","6.0000"
"273.3850","0.3430","6.0000"
"273.4050","0.3430","6.0000"
"273.4250","0.3430","6.0000"
"273.4450","0.3430","6.0000"
"273.4650","0.3430","6.0000"
"273.4850","0.3430","6.0000"
"273.5050","0.3430","5.9999"
"273.5250","0.3430","5.9999"
"273.5450","0.3430","6.0000"
"273.5650","0.3430","6.0000"
"273.5850","0.3431","5.9999"
"273.6050","0.3431","5.9999"
"273.6250","0.3431","6.0000"
"273.6450","0.3431","6.0000"
"273.6650","0.3431","6.0000"
"273.6850","0.3431","6.0000"
"273.7050","0.3431","5.9999"
"273.7250","0.3431","6.0000"
"273.7450","0.3431","6.0000"
"273.7650","0.3431","5.9999"
"273.7850","0.3431","6.0000"
"273.8050","0.3431","6.0000"
"273.8250","0.3431","6.0000"
"273.8450","0.3431","6.0000"
"273.8650","0.3431","6.0000"
"273.8850","0.3431","6.0001"
"273.9050","0.3431","6.0000"
"273.9250","0.3431","6.0000"
"273.9450","0.3431","6.0001"
"273.9650","0.3431","6.0000"
"273.9850","0.3431","6.0000"
"274.0050","0.3431","6.0000"
"274.0250","0.3431","6.0000"
"274.0450","0.3431","6.0000"
"274.0650","0.3431","6.0000"
"274.0850","0.3431","6.0000"
"274.1050","0.3431","6.0000"
"274.1250","0.3431","6.0000"
"274.1450","0.3431","5.9999"
"274.1650","0.3431","5.9999"
"274.1850","0.3431","6.0000"
"274.2050","0.3431","6.0000"
"274.2250","0.3431","5.9999"
"274.2450","0.3431","5.9999"
"274.2650","0.3431","5.9999"
"274.2850","0.3431","5.9999"
"274.3050","0.3431","6.0000"
"274.3250","0.3431","6.0000"
"274.3450","0.3431","6.0000"
"274.3650","0.3431","6.0000"
"274.3850","0.3431","6.0000"
"274.4050","0.3431","6.0001"
"274.4250","0.3431","6.0000"
"274.4450","0.3431","6.0000"
"274.4650","0.3431","6.0000"
"274.4850","0.3431","6.0000"
"274.5050","0.3431","6.0001"
"274.5250","0.3431","6.0001"
"274.5450","0.3431","6.0000"
"274.5650","0.3431","6.0000"
"274.5850","0.3431","6.0000"
"274.6050","0.3431","6.0000"
"274.6250","0.3431","6.0000"
"274.6450","0.3431","6.0000"
"274.6650","0.3431","6.0000"
"274.6850","0.3431","6.0000"
"274.7050","0.3431","6.0000"
"274.7250","0.3431","5.9999"
"274.7450","0.3431","5.9999"
"274.7650","0.3431","6.0000"
"274.7850","0.3431","6.0000"
"274.8050","0.3431","6.0000"
"274.8250","0.3431","6.0000"
"274.8450","0.3431","5.9999"
"274.8650","0.3431","5.9999"
"274.8850","0.3431","5.9999"
"274.9050","0.3431","5.9999"
"274.9250","0.3431","6.0000"
"274.9450","0.3431","6.0000"
"274.9650","0.3431","6.0000"
"274.9850","0.3431","6.0000"
"275.0050","0.3431","6.0000"
"275.0250","0.3431","5.9999"
"275.0450","0.3431","5.9998"
"275.0650","0.3431","5.9999"
"275.0850","0.3431","5.9999"
"275.1050","0.3431","5.9999"
"275.1250","0.3431","5.9999"
"275.1450","0.3431","6.0000"
"275.1650","0.3431","5.9999"
"275.1850","0.3431","5.9999"
"275.2050","0.3431","6.0000"
"275.2250","0.3431","6.0000"
"275.2450","0.3431","6.0000"
"275.2650","0.3431","5.9999"
"275.2850","0.3431","5.9999"
"275.3050","0.3431","6.0000"
"275.3250","0.3431","6.0000"
"275.3450","0.3431","6.0000"
"275.3650","0.3431","6.0000"
"275.3850","0.3431","6.0000"
"275.4050","0.3431","6.0000"
"275.4250","0.3431","6.0000"
"275.4450","0.3431","6.0000"
"275.4650","0.3431","5.9999"
"275.4850","0.3431","5.9999"
"275.5050","0.3431","6.0000"
"275.5250","0.3431","6.0001"
"275.5450","0.3431","6.0000"
"275.5650","0.3431","6.0000"
"275.5850","0.3431","6.0000"
"275.6050","0.3431","6.0000"
"275.6250","0.3431","5.9999"
"275.6450","0.3431","6.0000"
"275.6650","0.3431","5.9999"
"275.6850","0.3431","5.9999"
"275.7050","0.3431","5.9999"
"275.7250","0.3431","5.9999"
"275.7450","0.3431","5.9999"
"275.7650","0.3431","6.0000"
"275.7850","0.3431","6.0000"
"275.8050","0.3431","6.0000"
"275.8250","0.3431","6.0000"
"275.8450","0.3431","6.0000"
"275.8650","0.3431","6.0000"
"275.8850","0.3431","6.0000"
"275.9050","0.3431","5.9999"
"275.9250","0.3431","5.9999"
"275.9450","0.3431","6.0000"
"275.9650","0.3431","6.0000"
"275.9850","0.3431","6.0000"
"276.0050","0.3431","6.0000"
"276.0250","0.3431","5.9999"
"276.0450","0.3431","5.9999"
"276.0650","0.3431","5.9999"
"276.0850","0.3431","6.0000"
"276.1050","0.3431","6.0000"
"276.1250","0.3431","6.0000"
"276.1450","0.3431","6.0000"
"276.1650","0.3431","5.9999"
"276.1850","0.3431","5.9999"
"276.2050","0.3431","6.0000"
"276.2250","0.3431","6.0000"
"276.2450","0.3431","6.0001"
"276.2650","0.3431","6.0001"
"276.2850","0.3431","6.0000"
"276.3050","0.3431","5.9999"
"276.3250","0.3431","5.9999"
"276.3450","0.3431","5.9999"
"276.3650","0.3431","6.0000"
"276.3850","0.3431","6.0000"
"276.4050","0.3431","6.0000"
"276.4250","0.3431","5.9999"
"276.4450","0.3431","6.0000"
"276.4650","0.3431","6.0000"
"276.4850","0.3431","6.0000"
"276.5050","0.3431","5.9999"
"276.5250","0.3431","6.0000"
"276.5450","0.3431","6.0001"
"276.5650","0.3431","6.0000"
"276.5850","0.3431","6.0000"
"276.6050","0.3431","5.9999"
"276.6250","0.3431","5.9999"
"276.6450","0.3431","5.9999"
"276.6650","0.3431","6.0000"
"276.6850","0.3431","6.0000"
"276.7050","0.3431","6.0000"
"276.7250","0.3431","5.9999"
"276.7450","0.3431","6.0000"
"276.7650","0.3431","6.0001"
"276.7850","0.3431","6.0001"
"276.8050","0.3431","6.0001"
"276.8250","0.3431","6.0000"
"276.8450","0.3431","6.0000"
"276.8650","0.3431","6.0000"
"276.8850","0.3431","5.9999"
"276.9050","0.3431","5.9999"
"276.9250","0.3431","6.0000"
"276.9450","0.3431","6.0001"
"276.9650","0.3431","6.0000"
"276.9850","0.3431","6.0000"
"277.0050","0.3431","6.0000"
"277.0250","0.3431","6.0001"
"277.0450","0.3431","6.0001"
"277.0650","0.3431","6.0001"
"277.0850","0.3431","6.0001"
"277.1050","0.3431","6.0000"
"277.1250","0.3431","6.0000"
"277.1450","0.3431","6.0000"
"277.1650","0.3431","6.0000"
"277.1850","0.3431","6.0001"
"277.2050","0.3431","6.0000"
"277.2250","0.3431","6.0000"
"277.2450","0.3431","6.0000"
"277.2650","0.3431","6.0001"
"277.2850","0.3431","6.0000"
"277.3050","0.3431","6.0000"
"277.3250","0.3431","6.0000"
"277.3450","0.3431","6.0000"
"277.3650","0.3431","6.0001"
"277.3850","0.3431","6.0000"
"277.4050","0.3431","6.0000"
"277.4250","0.3431","6.0000"
"277.4450","0.3431","6.0000"
"277.4650","0.3431","6.0000"
"277.4850","0.3431","6.0000"
"277.5050","0.3431","6.0000"
"277.5250","0.3431","6.0000"
"277.5450","0.3431","5.9999"
"277.5650","0.3431","6.0000"
"277.5850","0.3431","6.0000"
"277.6050","0.3431","6.0000"
"277.6250","0.3431","6.0000"
"277.6450","0.3431","5.9999"
"277.6650","0.3431","6.0000"
"277.6850","0.3431","6.0000"
"277.7050","0.3431","6.0000"
"277.7250","0.3431","6.0000"
"277.7450","0.3431","5.9999"
"277.7650","0.3431","5.9999"
"277.7850","0.3431","5.9999"
"277.8050","0.3431","6.0000"
"277.8250","0.3431","6.0000"
"277.8450","0.3431","6.0000"
"277.8650","0.3431","6.0000"
"277.8850","0.3431","6.0000"
"277.9050","0.3431","5.9999"
"277.9250","0.3431","6.0000"
"277.9450","0.3431","5.9999"
"277.9650","0.3431","5.9999"
"277.9850","0.3431","6.0000"
"278.0050","0.3431","6.0000"
"278.0250","0.3431","6.0000"
"278.0450","0.3431","6.0000"
"278.0650","0.3431","6.0000"
"278.0850","0.3432","5.9999"
"278.1050","0.3432","5.9999"
"278.1250","0.3432","6.0000"
"278.1450","0.3432","6.0000"
"278.1650","0.3432","6.0000"
"278.1850","0.3432","6.0000"
"278.2050","0.3432","5.9999"
"278.2250","0.3432","5.9999"
"278.2450","0.3432","6.0000"
"278.2650","0.3432","6.0000"
"278.2850","0.3432","6.0000"
"278.3050","0.3432","6.0000"
"278.3250","0.3432","6.0000"
"278.3450","0.3432","6.0000"
"278.3650","0.3432","6.0000"
"278.3850","0.3432","6.0000"
"278.4050","0.3432","6.0000"
"278.4250","0.3432","6.0000"
"278.4450","0.3432","6.0000"
"278.4650","0.3432","6.0000"
"278.4850","0.3432","6.0000"
"278.5050","0.3432","6.0000"
"278.5250","0.3432","6.0000"
"278.5450","0.3432","6.0000"
"278.5650","0.3432","6.0000"
"278.5850","0.3432","5.9999"
"278.6050","0.3432","5.9999"
"278.6250","0.3432","6.0000"
"278.6450","0.3432","6.0000"
"278.6650","0.3432","6.0000"
"278.6850","0.3432","6.0000"
"278.7050","0.3432","6.0000"
"278.7250","0.3432","6.0000"
"278.7450","0.3432","6.0000"
"278.7650","0.3432","6.0000"
"278.7850","0.3432","5.9999"
"278.8050","0.3432","6.0000"
"278.8250","0.3432","6.0000"
"278.8450","0.3432","6.0000"
"278.8650","0.3432","6.0001"
"278.8850","0.3432","6.0001"
"278.9050","0.3432","6.0000"
"278.9250","0.3432","6.0000"
"278.9450","0.3432","6.0000"
"278.9650","0.3432","6.0000"
"278.9850","0.3432","6.0000"
"279.0050","0.3432","6.0000"
"279.0250","0.3432","6.0000"
"279.0450","0.3432","6.0000"
"279.0650","0.3432","6.0000"
"279.0850","0.3432","6.0000"
"279.1050","0.3432","6.0000"
"279.1250","0.3432","6.0000"
"279.1450","0.3432","6.0000"
"279.1650","0.3432","6.0000"
"279.1850","0.3432","6.0000"
"279.2050","0.3432","6.0000"
"279.2250","0.3432","6.0000"
"279.2450","0.3432","6.0000"
"279.2650","0.3432","6.0000"
"279.2850","0.3432","6.0001"
"279.3050","0.3432","6.0000"
"279.3250","0.3432","6.0000"
"279.3450","0.3432","6.0000"
"279.3650","0.3432","5.9999"
"279.3850","0.3432","6.0000"
"279.4050","0.3432","6.0000"
"279.4250","0.3432","6.0001"
"279.4450","0.3432","6.0001"
"279.4650","0.3432","6.0000"
"279.4850","0.3432","5.9999"
"279.5050","0.3432","6.0000"
"279.5250","0.3432","6.0000"
"279.5450","0.3432","6.0000"
"279.5650","0.3432","6.0000"
"279.5850","0.3432","5.9999"
"279.6050","0.3432","5.9999"
"279.6250","0.3432","6.0000"
"279.6450","0.3432","6.0001"
"279.6650","0.3432","6.0000"
"279.6850","0.3432","5.9999"
"279.7050","0.3432","6.0000"
"279.7250","0.3432","5.9999"
"279.7450","0.3432","6.0000"
"279.7650","0.3432","6.0001"
"279.7850","0.3432","6.0000"
"279.8050","0.3432","6.0000"
"279.8250","0.3432","6.0000"
"279.8450","0.3432","5.9999"
"279.8650","0.3432","6.0000"
"279.8850","0.3432","6.0000"
"279.9050","0.3432","5.9999"
"279.9250","0.3432","6.0000"
"279.9450","0.3432","6.0000"
"279.9650","0.3432","6.0000"
"279.9850","0.3432","6.0000"
"280.0050","0.3432","6.0000"
"280.0250","0.3432","6.0000"
"280.0450","0.3432","6.0000"
"280.0650","0.3432","6.0001"
"280.0850","0.3432","6.0001"
"280.1050","0.3432","6.0000"
"280.1250","0.3432","6.0000"
"280.1450","0.3432","6.0000"
"280.1650","0.3432","6.0000"
"280.1850","0.3432","6.0000"
"280.2050","0.3432","6.0000"
"280.2250","0.3432","6.0000"
"280.2450","0.3432","6.0000"
"280.2650","0.3432","6.0000"
"280.2850","0.3432","5.9999"
"280.3050","0.3432","5.9999"
"280.3250","0.3432","6.0000"
"280.3450","0.3432","5.9999"
"280.3650","0.3432","5.9998"
"280.3850","0.3432","5.9999"
"280.4050","0.3432","6.0000"
"280.4250","0.3432","5.9999"
"280.4450","0.3432","6.0000"
"280.4650","0.3432","6.0000"
"280.4850","0.3432","6.0000"
"280.5050","0.3432","5.9999"
"280.5250","0.3432","5.9999"
"280.5450","0.3432","6.0000"
"280.5650","0.3432","6.0000"
"280.5850","0.3432","6.0000"
"280.6050","0.3432","6.0000"
"280.6250","0.3432","5.9999"
"280.6450","0.3432","5.9999"
"280.6650","0.3432","6.0000"
"280.6850","0.3432","5.9999"
"280.7050","0.3432","5.9999"
"280.7250","0.3432","5.9999"
"280.7450","0.3432","5.9999"
"280.7650","0.3432","5.9999"
"280.7850","0.3432","6.0000"
"280.8050","0.3432","6.0000"
"280.8250","0.3432","6.0000"
"280.8450","0.3432","5.9999"
"280.8650","0.3432","5.9999"
"280.8850","0.3432","6.0000"
"280.9050","0.3432","6.0000"
"280.9250","0.3432","5.9999"
"280.9450","0.3432","5.9999"
"280.9650","0.3432","5.9999"
"280.9850","0.3432","6.0000"
"281.0050","0.3432","6.0000"
"281.0250","0.3432","6.0000"
"281.0450","0.3432","6.0000"
"281.0650","0.3432","6.0000"
"281.0850","0.3432","6.0000"
"281.1050","0.3432","6.0000"
"281.1250","0.3432","6.0000"
"281.1450","0.3432","6.0000"
"281.1650","0.3432","6.0000"
"281.1850","0.3432","6.0000"
"281.2050","0.3432","6.0000"
"281.2250","0.3432","6.0000"
"281.2450","0.3432","5.9999"
"281.2650","0.3432","6.0000"
"281.2850","0.3432","6.0000"
"281.3050","0.3432","6.0000"
"281.3250","0.3432","6.0001"
"281.3450","0.3432","6.0001"
"281.3650","0.3432","6.0000"
"281.3850","0.3432","5.9999"
"281.4050","0.3432","6.0000"
"281.4250","0.3432","6.0001"
"281.4450","0.3432","6.0000"
"281.4650","0.3432","5.9999"
"281.4850","0.3432","6.0000"
"281.5050","0.3432","6.0000"
"281.5250","0.3432","6.0000"
"281.5450","0.3432","6.0000"
"281.5650","0.3432","6.0000"
"281.5850","0.3432","6.0001"
"281.6050","0.3432","6.0000"
"281.6250","0.3432","6.0000"
"281.6450","0.3432","6.0000"
"281.6650","0.3432","5.9999"
"281.6850","0.3432","5.9999"
"281.7050","0.3432","6.0000"
"281.7250","0.3432","6.0000"
"281.7450","0.3432","6.0000"
"281.7650","0.3432","6.0000"
"281.7850","0.3432","6.0000"
"281.8050","0.3432","6.0000"
"281.8250","0.3432","6.0000"
"281.8450","0.3432","6.0000"
"281.8650","0.3432","5.9999"
"281.8850","0.3432","5.9999"
"281.9050","0.3432","5.9999"
"281.9250","0.3432","6.0000"
"281.9450","0.3432","6.0000"
"281.9650","0.3432","6.0000"
"281.9850","0.3432","6.0000"
"282.0050","0.3432","6.0000"
"282.0250","0.3432","6.0000"
"282.0450","0.3432","5.9999"
"282.0650","0.3432","6.0000"
"282.0850","0.3432","6.0000"
"282.1050","0.3432","6.0000"
"282.1250","0.3432","6.0000"
"282.1450","0.3432","6.0000"
"282.1650","0.3432","6.0000"
"282.1850","0.3432","6.0000"
"282.2050","0.3432","5.9999"
"282.2250","0.3432","6.0000"
"282.2450","0.3432","6.0001"
"282.2650","0.3432","6.0001"
"282.2850","0.3432","6.0001"
"282.3050","0.3432","6.0000"
"282.3250","0.3432","6.0001"
"282.3450","0.3432","6.0001"
"282.3650","0.3432","6.0001"
"282.3850","0.3432","6.0000"
"282.4050","0.3432","6.0001"
"282.4250","0.3432","6.0000"
"282.4450","0.3432","6.0001"
"282.4650","0.3432","6.0001"
"282.4850","0.3432","6.0001"
"282.5050","0.3432","6.0000"
"282.5250","0.3432","6.0000"
"282.5450","0.3432","6.0000"
"282.5650","0.3432","6.0001"
"282.5850","0.3432","6.0001"
"282.6050","0.3432","6.0001"
"282.6250","0.3432","6.0000"
"282.6450","0.3432","6.0000"
"282.6650","0.3432","6.0000"
"282.6850","0.3432","6.0000"
"282.7050","0.3433","6.0000"
"282.7250","0.3433","6.0000"
"282.7450","0.3433","6.0000"
"282.7650","0.3433","6.0000"
"282.7850","0.3433","6.0001"
"282.8050","0.3433","6.0001"
"282.8250","0.3433","6.0000"
"282.8450","0.3433","5.9999"
"282.8650","0.3433","5.9999"
"282.8850","0.3433","6.0000"
"282.9050","0.3433","6.0000"
"282.9250","0.3433","6.0000"
"282.9450","0.3433","6.0000"
"282.9650","0.3433","6.0000"
"282.9850","0.3433","6.0001"
"283.0050","0.3433","6.0000"
"283.0250","0.3433","6.0000"
"283.0450","0.3433","5.9999"
"283.0650","0.3433","6.0000"
"283.0850","0.3433","6.0001"
"283.1050","0.3433","6.0001"
"283.1250","0.3433","6.0000"
"283.1450","0.3433","6.0000"
"283.1650","0.3433","6.0000"
"283.1850","0.3433","6.0000"
"283.2050","0.3433","5.9999"
"283.2250","0.3433","5.9999"
"283.2450","0.3433","6.0000"
"283.2650","0.3433","6.0000"
"283.2850","0.3433","5.9999"
"283.3050","0.3433","5.9999"
"283.3250","0.3433","5.9999"
"283.3450","0.3433","5.9999"
"283.3650","0.3433","5.9999"
"283.3850","0.3433","6.0000"
"283.4050","0.3433","6.0000"
"283.4250","0.3433","6.0000"
"283.4450","0.3433","5.9999"
"283.4650","0.3433","5.9999"
"283.4850","0.3433","6.0000"
"283.5050","0.3433","6.0000"
"283.5250","0.3433","6.0000"
"283.5450","0.3433","5.9999"
"283.5650","0.3433","5.9999"
"283.5850","0.3433","5.9999"
"283.6050","0.3433","6.0000"
"283.6250","0.3433","5.9999"
"283.6450","0.3433","6.0000"
"283.6650","0.3433","6.0000"
"283.6850","0.3433","6.0000"
"283.7050","0.3433","5.9999"
"283.7250","0.3433","5.9999"
"283.7450","0.3433","6.0000"
"283.7650","0.3433","6.0000"
"283.7850","0.3433","6.0000"
"283.8050","0.3433","6.0000"
"283.8250","0.3433","6.0000"
"283.8450","0.3433","6.0000"
"283.8650","0.3433","6.0000"
"283.8850","0.3433","6.0000"
"283.9050","0.3433","6.0000"
"283.9250","0.3433","5.9999"
"283.9450","0.3433","6.0000"
"283.9650","0.3433","6.0000"
"283.9850","0.3433","6.0000"
"284.0050","0.3433","6.0000"
"284.0250","0.3433","6.0000"
"284.0450","0.3433","6.0000"
"284.0650","0.3433","5.9999"
"284.0850","0.3433","5.9999"
"284.1050","0.3433","5.9999"
"284.1250","0.3433","6.0000"
"284.1450","0.3433","6.0000"
"284.1650","0.3433","6.0000"
"284.1850","0.3433","6.0000"
"284.2050","0.3433","6.0000"
"284.2250","0.3433","6.0000"
"284.2450","0.3433","6.0000"
"284.2650","0.3433","6.0000"
"284.2850","0.3433","5.9999"
"284.3050","0.3433","6.0000"
"284.3250","0.3433","6.0000"
"284.3450","0.3433","6.0000"
"284.3650","0.3433","5.9999"
"284.3850","0.3433","5.9999"
"284.4050","0.3433","6.0000"
"284.4250","0.3433","6.0000"
"284.4450","0.3433","6.0000"
"284.4650","0.3433","6.0000"
"284.4850","0.3433","6.0000"
"284.5050","0.3433","6.0000"
"284.5250","0.3433","6.0000"
"284.5450","0.3433","6.0000"
"284.5650","0.3433","6.0000"
"284.5850","0.3433","5.9999"
"284.6050","0.3433","6.0000"
"284.6250","0.3433","6.0000"
"284.6450","0.3433","6.0001"
"284.6650","0.3433","6.0001"
"284.6850","0.3433","6.0000"
"284.7050","0.3433","6.0000"
"284.7250","0.3433","6.0000"
"284.7450","0.3433","6.0000"
"284.7650","0.3433","6.0000"
"284.7850","0.3433","6.0000"
"284.8050","0.3433","6.0000"
"284.8250","0.3433","5.9999"
"284.8450","0.3433","6.0000"
"284.8650","0.3433","6.0000"
"284.8850","0.3433","6.0000"
"284.9050","0.3433","6.0000"
"284.9250","0.3433","6.0000"
"284.9450","0.3433","6.0000"
"284.9650","0.3433","6.0001"
"284.9850","0.3433","6.0002"
"285.0050","0.3433","6.0001"
"285.0250","0.3433","6.0001"
"285.0450","0.3433","6.0000"
"285.0650","0.3433","6.0000"
"285.0850","0.3433","6.0000"
"285.1050","0.3433","6.0000"
"285.1250","0.3433","5.9999"
"285.1450","0.3433","5.9999"
"285.1650","0.3433","5.9999"
"285.1850","0.3433","6.0000"
"285.2050","0.3433","6.0001"
"285.2250","0.3433","6.0001"
"285.2450","0.3433","6.0000"
"285.2650","0.3433","6.0000"
"285.2850","0.3433","6.0001"
"285.3050","0.3433","6.0001"
"285.3250","0.3433","6.0000"
"285.3450","0.3433","6.0000"
"285.3650","0.3433","6.0000"
"285.3850","0.3433","6.0000"
"285.4050","0.3433","6.0000"
"285.4250","0.3433","6.0000"
"285.4450","0.3433","6.0001"
"285.4650","0.3433","6.0001"
"285.4850","0.3433","6.0001"
"285.5050","0.3433","6.0000"
"285.5250","0.3433","6.0000"
"285.5450","0.3433","6.0001"
"285.5650","0.3433","6.0001"
"285.5850","0.3433","6.0000"
"285.6050","0.3433","5.9999"
"285.6250","0.3433","6.0000"
"285.6450","0.3433","5.9999"
"285.6650","0.3433","5.9999"
"285.6850","0.3433","5.9999"
"285.7050","0.3433","6.0000"
"285.7250","0.3433","5.9999"
"285.7450","0.3433","5.9999"
"285.7650","0.3433","5.9999"
"285.7850","0.3433","5.9999"
"285.8050","0.3433","5.9999"
"285.8250","0.3433","5.9999"
"285.8450","0.3433","5.9999"
"285.8650","0.3433","5.9999"
"285.8850","0.3433","5.9999"
"285.9050","0.3433","5.9999"
"285.9250","0.3433","6.0000"
"285.9450","0.3433","6.0000"
"285.9650","0.3433","6.0000"
"285.9850","0.3433","6.0000"
"286.0050","0.3433","5.9999"
"286.0250","0.3433","5.9999"
"286.0450","0.3433","6.0000"
"286.0650","0.3433","5.9999"
"286.0850","0.3433","5.9999"
"286.1050","0.3433","6.0000"
"286.1250","0.3433","5.9999"
"286.1450","0.3433","6.0000"
"286.1650","0.3433","6.0000"
"286.1850","0.3433","5.9999"
"286.2050","0.3433","6.0000"
"286.2250","0.3433","6.0000"
"286.2450","0.3433","6.0000"
"286.2650","0.3433","6.0000"
"286.2850","0.3433","5.9999"
"286.3050","0.3433","6.0000"
"286.3250","0.3433","6.0000"
"286.3450","0.3433","6.0000"
"286.3650","0.3433","5.9999"
"286.3850","0.3433","5.9999"
"286.4050","0.3433","6.0000"
"286.4250","0.3433","6.0000"
"286.4450","0.3433","5.9999"
"286.4650","0.3433","5.9999"
"286.4850","0.3433","5.9999"
"286.5050","0.3433","5.9999"
"286.5250","0.3433","5.9999"
"286.5450","0.3433","6.0000"
"286.5650","0.3433","5.9999"
"286.5850","0.3433","5.9999"
"286.6050","0.3433","6.0000"
"286.6250","0.3433","6.0000"
"286.6450","0.3433","5.9999"
"286.6650","0.3433","5.9999"
"286.6850","0.3433","5.9999"
"286.7050","0.3433","5.9999"
"286.7250","0.3433","5.9999"
"286.7450","0.3433","6.0000"
"286.7650","0.3433","6.0000"
"286.7850","0.3433","6.0000"
"286.8050","0.3433","6.0000"
"286.8250","0.3433","6.0000"
"286.8450","0.3433","5.9999"
"286.8650","0.3433","6.0000"
"286.8850","0.3433","6.0000"
"286.9050","0.3433","6.0000"
"286.9250","0.3433","6.0000"
"286.9450","0.3433","6.0000"
"286.9650","0.3433","5.9999"
"286.9850","0.3433","5.9999"
"287.0050","0.3433","5.9999"
"287.0250","0.3433","6.0000"
"287.0450","0.3433","6.0000"
"287.0650","0.3433","6.0000"
"287.0850","0.3433","6.0000"
"287.1050","0.3433","6.0000"
"287.1250","0.3433","6.0000"
"287.1450","0.3433","6.0000"
"287.1650","0.3433","6.0000"
"287.1850","0.3433","6.0000"
"287.2050","0.3433","6.0000"
"287.2250","0.3433","6.0000"
"287.2450","0.3433","6.0000"
"287.2650","0.3433","6.0000"
"287.2850","0.3433","6.0000"
"287.3050","0.3433","6.0000"
"287.3250","0.3433","6.0000"
"287.3450","0.3433","6.0000"
"287.3650","0.3434","6.0000"
"287.3850","0.3434","6.0000"
"287.4050","0.3434","6.0000"
"287.4250","0.3434","6.0000"
"287.4450","0.3434","6.0000"
"287.4650","0.3434","6.0000"
"287.4850","0.3434","6.0001"
"287.5050","0.3434","6.0000"
"287.5250","0.3434","6.0000"
"287.5450","0.3434","6.0000"
"287.5650","0.3434","6.0000"
"287.5850","0.3434","6.0000"
"287.6050","0.3434","6.0000"
"287.6250","0.3434","6.0000"
"287.6450","0.3434","5.9999"
"287.6650","0.3434","5.9999"
"287.6850","0.3434","6.0000"
"287.7050","0.3434","6.0001"
"287.7250","0.3434","6.0000"
"287.7450","0.3434","6.0000"
"287.7650","0.3434","6.0000"
"287.7850","0.3434","5.9999"
"287.8050","0.3434","6.0000"
"287.8250","0.3434","6.0000"
"287.8450","0.3434","6.0000"
"287.8650","0.3434","6.0001"
"287.8850","0.3434","6.0001"
"287.9050","0.3434","6.0000"
"287.9250","0.3434","6.0000"
"287.9450","0.3434","6.0000"
"287.9650","0.3434","6.0000"
"287.9850","0.3434","6.0000"
"288.0050","0.3434","6.0000"
"288.0250","0.3434","6.0000"
"288.0450","0.3434","6.0000"
"288.0650","0.3434","6.0000"
"288.0850","0.3434","6.0000"
"288.1050","0.3434","6.0000"
"288.1250","0.3434","6.0001"
"288.1450","0.3434","6.0000"
"288.1650","0.3434","6.0001"
"288.1850","0.3434","6.0000"
"288.2050","0.3434","5.9999"
"288.2250","0.3434","6.0000"
"288.2450","0.3434","6.0000"
"288.2650","0.3434","6.0000"
"288.2850","0.3434","5.9999"
"288.3050","0.3434","6.0000"
"288.3250","0.3434","6.0000"
"288.3450","0.3434","5.9999"
"288.3650","0.3434","6.0000"
"288.3850","0.3434","6.0000"
"288.4050","0.3434","6.0000"
"288.4250","0.3434","6.0000"
"288.4450","0.3434","6.0000"
"288.4650","0.3434","6.0000"
"288.4850","0.3434","6.0000"
"288.5050","0.3434","5.9999"
"288.5250","0.3434","5.9999"
"288.5450","0.3434","5.9999"
"288.5650","0.3434","5.9999"
"288.5850","0.3434","5.9999"
"288.6050","0.3434","6.0000"
"288.6250","0.3434","6.0000"
"288.6450","0.3434","6.0000"
"288.6650","0.3434","5.9999"
"288.6850","0.3434","5.9999"
"288.7050","0.3434","5.9999"
"288.7250","0.3434","5.9999"
"288.7450","0.3434","5.9999"
"288.7650","0.3434","6.0000"
"288.7850","0.3434","6.0000"
"288.8050","0.3434","6.0000"
"288.8250","0.3434","5.9999"
"288.8450","0.3434","5.9999"
"288.8650","0.3434","5.9999"
"288.8850","0.3434","5.9999"
"288.9050","0.3434","6.0000"
"288.9250","0.3434","5.9999"
"288.9450","0.3434","5.9999"
"288.9650","0.3434","6.0000"
"288.9850","0.3434","6.0000"
"289.0050","0.3434","6.0001"
"289.0250","0.3434","6.0000"
"289.0450","0.3434","6.0000"
"289.0650","0.3434","5.9999"
"289.0850","0.3434","5.9999"
"289.1050","0.3434","5.9999"
"289.1250","0.3434","5.9999"
"289.1450","0.3434","5.9999"
"289.1650","0.3434","6.0000"
"289.1850","0.3434","6.0000"
"289.2050","0.3434","6.0000"
"289.2250","0.3434","6.0000"
"289.2450","0.3434","6.0000"
"289.2650","0.3434","6.0000"
"289.2850","0.3434","6.0000"
"289.3050","0.3434","5.9999"
"289.3250","0.3434","5.9999"
"289.3450","0.3434","6.0000"
"289.3650","0.3434","6.0001"
"289.3850","0.3434","6.0000"
"289.4050","0.3434","6.0000"
"289.4250","0.3434","6.0000"
"289.4450","0.3434","6.0000"
"289.4650","0.3434","5.9999"
"289.4850","0.3434","6.0000"
"289.5050","0.3434","6.0000"
"289.5250","0.3434","6.0000"
"289.5450","0.3434","5.9999"
"289.5650","0.3434","5.9999"
"289.5850","0.3434","5.9999"
"289.6050","0.3434","6.0000"
"289.6250","0.3434","5.9999"
"289.6450","0.3434","6.0000"
"289.6650","0.3434","5.9999"
"289.6850","0.3434","5.9999"
"289.7050","0.3434","6.0000"
"289.7250","0.3434","5.9999"
"289.7450","0.3434","5.9999"
"289.7650","0.3434","5.9999"
"289.7850","0.3434","6.0000"
"289.8050","0.3434","6.0000"
"289.8250","0.3434","5.9999"
"289.8450","0.3434","5.9999"
"289.8650","0.3434","6.0000"
"289.8850","0.3434","6.0001"
"289.9050","0.3434","6.0000"
"289.9250","0.3434","5.9999"
"289.9450","0.3434","5.9999"
"289.9650","0.3434","6.0000"
"289.9850","0.3434","6.0000"
"290.0050","0.3434","6.0001"
"290.0250","0.3434","6.0000"
"290.0450","0.3434","6.0000"
"290.0650","0.3434","6.0000"
"290.0850","0.3434","6.0000"
"290.1050","0.3434","6.0000"
"290.1250","0.3434","6.0000"
"290.1450","0.3434","6.0000"
"290.1650","0.3434","6.0000"
"290.1850","0.3434","6.0000"
"290.2050","0.3434","6.0000"
"290.2250","0.3434","6.0000"
"290.2450","0.3434","6.0001"
"290.2650","0.3434","6.0001"
"290.2850","0.3434","6.0000"
"290.3050","0.3434","6.0000"
"290.3250","0.3434","5.9999"
"290.3450","0.3434","5.9999"
"290.3650","0.3434","5.9999"
"290.3850","0.3434","6.0000"
"290.4050","0.3434","6.0000"
"290.4250","0.3434","6.0001"
"290.4450","0.3434","6.0000"
"290.4650","0.3434","6.0000"
"290.4850","0.3434","6.0000"
"290.5050","0.3434","6.0000"
"290.5250","0.3434","6.0000"
"290.5450","0.3434","6.0000"
"290.5650","0.3434","6.0000"
"290.5850","0.3434","6.0000"
"290.6050","0.3434","6.0000"
"290.6250","0.3434","5.9999"
"290.6450","0.3434","5.9999"
"290.6650","0.3434","5.9999"
"290.6850","0.3434","5.9999"
"290.7050","0.3434","6.0000"
"290.7250","0.3434","6.0000"
"290.7450","0.3434","6.0000"
"290.7650","0.3434","6.0000"
"290.7850","0.3434","6.0001"
"290.8050","0.3434","6.0001"
"290.8250","0.3434","6.0001"
"290.8450","0.3434","6.0000"
"290.8650","0.3434","6.0000"
"290.8850","0.3434","6.0000"
"290.9050","0.3434","6.0000"
"290.9250","0.3434","6.0000"
"290.9450","0.3434","6.0000"
"290.9650","0.3434","5.9999"
"290.9850","0.3434","5.9999"
"291.0050","0.3434","6.0000"
"291.0250","0.3434","6.0001"
"291.0450","0.3434","6.0001"
"291.0650","0.3434","6.0001"
"291.0850","0.3434","6.0001"
"291.1050","0.3434","6.0000"
"291.1250","0.3434","5.9999"
"291.1450","0.3434","5.9999"
"291.1650","0.3434","6.0000"
"291.1850","0.3434","6.0000"
"291.2050","0.3434","6.0001"
"291.2250","0.3434","6.0000"
"291.2450","0.3434","6.0000"
"291.2650","0.3434","5.9999"
"291.2850","0.3434","6.0000"
"291.3050","0.3434","5.9999"
"291.3250","0.3434","5.9999"
"291.3450","0.3434","5.9999"
"291.3650","0.3434","5.9999"
"291.3850","0.3434","6.0000"
"291.4050","0.3434","6.0001"
"291.4250","0.3434","6.0000"
"291.4450","0.3434","6.0000"
"291.4650","0.3434","6.0000"
"291.4850","0.3434","5.9999"
"291.5050","0.3434","6.0000"
"291.5250","0.3434","5.9999"
"291.5450","0.3434","5.9999"
"291.5650","0.3434","5.9999"
"291.5850","0.3434","6.0000"
"291.6050","0.3434","6.0000"
"291.6250","0.3434","5.9999"
"291.6450","0.3434","5.9999"
"291.6650","0.3434","5.9999"
"291.6850","0.3434","5.9999"
"291.7050","0.3434","5.9999"
"291.7250","0.3434","5.9999"
"291.7450","0.3434","5.9999"
"291.7650","0.3434","5.9999"
"291.7850","0.3434","6.0000"
"291.8050","0.3434","6.0000"
"291.8250","0.3434","5.9999"
"291.8450","0.3434","5.9999"
"291.8650","0.3434","5.9999"
"291.8850","0.3434","5.9999"
"291.9050","0.3434","5.9999"
"291.9250","0.3434","5.9999"
"291.9450","0.3434","5.9999"
"291.9650","0.3434","5.9999"
"291.9850","0.3434","5.9999"
"292.0050","0.3434","6.0000"
"292.0250","0.3434","6.0000"
"292.0450","0.3434","5.9999"
"292.0650","0.3434","5.9999"
"292.0850","0.3434","5.9999"
"292.1050","0.3434","6.0000"
"292.1250","0.3434","6.0000"
"292.1450","0.3434","6.0000"
"292.1650","0.3434","5.9999"
"292.1850","0.3435","5.9999"
"292.2050","0.3435","6.0000"
"292.2250","0.3435","6.0000"
"292.2450","0.3435","6.0000"
"292.2650","0.3435","5.9999"
"292.2850","0.3435","6.0000"
"292.3050","0.3435","6.0000"
"292.3250","0.3435","5.9999"
"292.3450","0.3435","5.9999"
"292.3650","0.3435","6.0000"
"292.3850","0.3435","5.9999"
"292.4050","0.3435","6.0000"
"292.4250","0.3435","6.0000"
"292.4450","0.3435","6.0000"
"292.4650","0.3435","6.0000"
"292.4850","0.3435","5.9999"
"292.5050","0.3435","5.9999"
"292.5250","0.3435","5.9999"
"292.5450","0.3435","6.0000"
"292.5650","0.3435","6.0000"
"292.5850","0.3435","6.0000"
"292.6050","0.3435","6.0000"
"292.6250","0.3435","6.0000"
"292.6450","0.3435","6.0000"
"292.6650","0.3435","6.0000"
"292.6850","0.3435","6.0000"
"292.7050","0.3435","6.0000"
"292.7250","0.3435","6.0000"
"292.7450","0.3435","6.0000"
"292.7650","0.3435","6.0000"
"292.7850","0.3435","6.0000"
"292.8050","0.3435","6.0000"
"292.8250","0.3435","6.0001"
"292.8450","0.3435","6.0000"
"292.8650","0.3435","5.9999"
"292.8850","0.3435","5.9999"
"292.9050","0.3435","5.9999"
"292.9250","0.3435","6.0000"
"292.9450","0.3435","6.0000"
"292.9650","0.3435","6.0000"
"292.9850","0.3435","6.0000"
"293.0050","0.3435","6.0000"
"293.0250","0.3435","5.9999"
"293.0450","0.3435","5.9999"
"293.0650","0.3435","6.0000"
"293.0850","0.3435","6.0000"
"293.1050","0.3435","5.9999"
"293.1250","0.3435","6.0000"
"293.1450","0.3435","6.0000"
"293.1650","0.3435","6.0000"
"293.1850","0.3435","6.0000"
"293.2050","0.3435","5.9999"
"293.2250","0.3435","5.9999"
"293.2450","0.3435","6.0000"
"293.2650","0.3435","6.0000"
"293.2850","0.3435","6.0000"
"293.3050","0.3435","6.0000"
"293.3250","0.3435","6.0000"
"293.3450","0.3435","6.0000"
"293.3650","0.3435","6.0000"
"293.3850","0.3435","5.9999"
"293.4050","0.3435","6.0000"
"293.4250","0.3435","6.0000"
"293.4450","0.3435","6.0000"
"293.4650","0.3435","6.0000"
"293.4850","0.3435","6.0000"
"293.5050","0.3435","6.0000"
"293.5250","0.3435","6.0000"
"293.5450","0.3435","6.0000"
"293.5650","0.3435","6.0000"
"293.5850","0.3435","6.0000"
"293.6050","0.3435","6.0000"
"293.6250","0.3435","5.9999"
"293.6450","0.3435","6.0000"
"293.6650","0.3435","6.0000"
"293.6850","0.3435","6.0000"
"293.7050","0.3435","6.0000"
"293.7250","0.3435","6.0000"
"293.7450","0.3435","6.0000"
"293.7650","0.3435","6.0001"
"293.7850","0.3435","6.0000"
"293.8050","0.3435","6.0000"
"293.8250","0.3435","6.0000"
"293.8450","0.3435","6.0000"
"293.8650","0.3435","6.0001"
"293.8850","0.3435","6.0001"
"293.9050","0.3435","5.9999"
"293.9250","0.3435","5.9999"
"293.9450","0.3435","6.0000"
"293.9650","0.3435","6.0000"
"293.9850","0.3435","6.0000"
"294.0050","0.3435","5.9999"
"294.0250","0.3435","6.0000"
"294.0450","0.3435","5.9999"
"294.0650","0.3435","5.9999"
"294.0850","0.3435","5.9999"
"294.1050","0.3435","6.0000"
"294.1250","0.3435","6.0000"
"294.1450","0.3435","6.0000"
"294.1650","0.3435","6.0000"
"294.1850","0.3435","6.0000"
"294.2050","0.3435","6.0000"
"294.2250","0.3435","6.0000"
"294.2450","0.3435","6.0000"
"294.2650","0.3435","6.0000"
"294.2850","0.3435","6.0000"
"294.3050","0.3435","6.0000"
"294.3250","0.3435","5.9999"
"294.3450","0.3435","5.9999"
"294.3650","0.3435","5.9999"
"294.3850","0.3435","6.0000"
"294.4050","0.3435","6.0000"
"294.4250","0.3435","6.0001"
"294.4450","0.3435","6.0000"
"294.4650","0.3435","5.9999"
"294.4850","0.3435","5.9999"
"294.5050","0.3435","5.9999"
"294.5250","0.3435","6.0000"
"294.5450","0.3435","6.0000"
"294.5650","0.3435","6.0000"
"294.5850","0.3435","6.0000"
"294.6050","0.3435","6.0000"
"294.6250","0.3435","6.0000"
"294.6450","0.3435","6.0000"
"294.6650","0.3435","6.0000"
"294.6850","0.3435","6.0000"
"294.7050","0.3435","6.0000"
"294.7250","0.3435","6.0000"
"294.7450","0.3435","6.0000"
"294.7650","0.3435","5.9999"
"294.7850","0.3435","6.0000"
"294.8050","0.3435","5.9999"
"294.8250","0.3435","6.0000"
"294.8450","0.3435","6.0000"
"294.8650","0.3435","6.0000"
"294.8850","0.3435","6.0000"
"294.9050","0.3435","5.9999"
"294.9250","0.3435","5.9999"
"294.9450","0.3435","5.9999"
"294.9650","0.3435","5.9999"
"294.9850","0.3435","6.0000"
"295.0050","0.3435","6.0000"
"295.0250","0.3435","6.0000"
"295.0450","0.3435","6.0000"
"295.0650","0.3435","5.9999"
"295.0850","0.3435","5.9999"
"295.1050","0.3435","5.9999"
"295.1250","0.3435","6.0000"
"295.1450","0.3435","6.0000"
"295.1650","0.3435","5.9999"
"295.1850","0.3435","5.9999"
"295.2050","0.3435","6.0000"
"295.2250","0.3435","5.9999"
"295.2450","0.3435","6.0000"
"295.2650","0.3435","6.0000"
"295.2850","0.3435","5.9999"
"295.3050","0.3435","5.9999"
"295.3250","0.3435","5.9999"
"295.3450","0.3435","5.9999"
"295.3650","0.3435","5.9999"
"295.3850","0.3435","6.0000"
"295.4050","0.3435","6.0000"
"295.4250","0.3435","6.0001"
"295.4450","0.3435","6.0000"
"295.4650","0.3435","6.0000"
"295.4850","0.3435","5.9999"
"295.5050","0.3435","6.0000"
"295.5250","0.3435","6.0000"
"295.5450","0.3435","6.0000"
"295.5650","0.3435","5.9999"
"295.5850","0.3435","6.0000"
"295.6050","0.3435","6.0000"
"295.6250","0.3435","6.0000"
"295.6450","0.3435","6.0000"
"295.6650","0.3435","6.0000"
"295.6850","0.3435","5.9999"
"295.7050","0.3435","5.9999"
"295.7250","0.3435","5.9999"
"295.7450","0.3435","5.9999"
"295.7650","0.3435","6.0000"
"295.7850","0.3435","6.0000"
"295.8050","0.3435","5.9999"
"295.8250","0.3435","6.0000"
"295.8450","0.3435","6.0000"
"295.8650","0.3435","6.0000"
"295.8850","0.3435","6.0000"
"295.9050","0.3435","5.9999"
"295.9250","0.3435","5.9999"
"295.9450","0.3435","5.9999"
"295.9650","0.3435","6.0000"
"295.9850","0.3435","6.0000"
"296.0050","0.3435","6.0000"
"296.0250","0.3435","6.0000"
"296.0450","0.3435","6.0000"
"296.0650","0.3435","6.0000"
"296.0850","0.3435","6.0000"
"296.1050","0.3435","6.0000"
"296.1250","0.3435","6.0000"
"296.1450","0.3435","5.9999"
"296.1650","0.3435","5.9999"
"296.1850","0.3435","5.9999"
"296.2050","0.3435","5.9999"
"296.2250","0.3435","5.9999"
"296.2450","0.3435","5.9999"
"296.2650","0.3435","6.0000"
"296.2850","0.3435","6.0001"
"296.3050","0.3435","6.0000"
"296.3250","0.3435","6.0000"
"296.3450","0.3435","5.9999"
"296.3650","0.3435","6.0000"
"296.3850","0.3435","6.0000"
"296.4050","0.3435","6.0001"
"296.4250","0.3435","6.0000"
"296.4450","0.3435","6.0000"
"296.4650","0.3435","6.0000"
"296.4850","0.3435","6.0000"
"296.5050","0.3435","6.0001"
"296.5250","0.3435","6.0001"
"296.5450","0.3435","6.0000"
"296.5650","0.3435","6.0000"
"296.5850","0.3435","6.0000"
"296.6050","0.3435","6.0000"
"296.6250","0.3435","6.0000"
"296.6450","0.3435","6.0000"
"296.6650","0.3435","5.9999"
"296.6850","0.3435","5.9999"
"296.7050","0.3435","5.9999"
"296.7250","0.3435","6.0000"
"296.7450","0.3435","6.0000"
"296.7650","0.3435","6.0000"
"296.7850","0.3435","6.0000"
"296.8050","0.3435","6.0000"
"296.8250","0.3435","5.9999"
"296.8450","0.3435","5.9999"
"296.8650","0.3435","5.9999"
"296.8850","0.3435","6.0000"
"296.9050","0.3435","6.0000"
"296.9250","0.3435","5.9999"
"296.9450","0.3436","6.0000"
"296.9650","0.3436","6.0000"
"296.9850","0.3436","5.9999"
"297.0050","0.3436","6.0000"
"297.0250","0.3436","6.0000"
"297.0450","0.3436","5.9999"
"297.0650","0.3436","5.9999"
"297.0850","0.3436","5.9999"
"297.1050","0.3436","5.9999"
"297.1250","0.3436","5.9999"
"297.1450","0.3436","5.9999"
"297.1650","0.3436","6.0000"
"297.1850","0.3436","5.9999"
"297.2050","0.3436","5.9999"
"297.2250","0.3436","5.9999"
"297.2450","0.3436","6.0000"
"297.2650","0.3436","6.0000"
"297.2850","0.3436","6.0000"
"297.3050","0.3436","6.0000"
"297.3250","0.3436","6.0000"
"297.3450","0.3436","5.9999"
"297.3650","0.3436","6.0000"
"297.3850","0.3436","6.0000"
"297.4050","0.3436","6.0000"
"297.4250","0.3436","6.0000"
"297.4450","0.3436","5.9999"
"297.4650","0.3436","5.9999"
"297.4850","0.3436","6.0000"
"297.5050","0.3436","6.0000"
"297.5250","0.3436","6.0000"
"297.5450","0.3436","6.0001"
"297.5650","0.3436","6.0000"
"297.5850","0.3436","5.9999"
"297.6050","0.3436","5.9999"
"297.6250","0.3436","5.9999"
"297.6450","0.3436","5.9999"
"297.6650","0.3436","6.0000"
"297.6850","0.3436","6.0000"
"297.7050","0.3436","6.0000"
"297.7250","0.3436","6.0000"
"297.7450","0.3436","6.0000"
"297.7650","0.3436","5.9999"
"297.7850","0.3436","6.0000"
"297.8050","0.3436","6.0000"
"297.8250","0.3436","6.0000"
"297.8450","0.3436","6.0000"
"297.8650","0.3436","6.0000"
"297.8850","0.3436","5.9999"
"297.9050","0.3436","6.0000"
"297.9250","0.3436","6.0000"
"297.9450","0.3436","6.0000"
"297.9650","0.3436","6.0000"
"297.9850","0.3436","5.9999"
"298.0050","0.3436","6.0000"
"298.0250","0.3436","6.0000"
"298.0450","0.3436","6.0000"
"298.0650","0.3436","5.9999"
"298.0850","0.3436","6.0000"
"298.1050","0.3436","5.9999"
"298.1250","0.3436","5.9999"
"298.1450","0.3436","6.0000"
"298.1650","0.3436","6.0000"
"298.1850","0.3436","5.9999"
"298.2050","0.3436","5.9999"
"298.2250","0.3436","6.0000"
"298.2450","0.3436","6.0000"
"298.2650","0.3436","6.0000"
"298.2850","0.3436","6.0000"
"298.3050","0.3436","6.0000"
"298.3250","0.3436","6.0000"
"298.3450","0.3436","6.0000"
"298.3650","0.3436","6.0000"
"298.3850","0.3436","6.0000"
"298.4050","0.3436","6.0000"
"298.4250","0.3436","6.0000"
"298.4450","0.3436","6.0000"
"298.4650","0.3436","5.9999"
"298.4850","0.3436","5.9999"
"298.5050","0.3436","6.0000"
"298.5250","0.3436","6.0001"
"298.5450","0.3436","6.0001"
"298.5650","0.3436","6.0000"
"298.5850","0.3436","6.0000"
"298.6050","0.3436","5.9999"
"298.6250","0.3436","5.9999"
"298.6450","0.3436","5.9999"
"298.6650","0.3436","6.0000"
"298.6850","0.3436","6.0000"
"298.7050","0.3436","6.0000"
"298.7250","0.3436","5.9999"
"298.7450","0.3436","5.9999"
"298.7650","0.3436","5.9999"
"298.7850","0.3436","6.0000"
"298.8050","0.3436","6.0000"
"298.8250","0.3436","5.9999"
"298.8450","0.3436","5.9999"
"298.8650","0.3436","6.0000"
"298.8850","0.3436","6.0000"
"298.9050","0.3436","6.0000"
"298.9250","0.3436","6.0000"
"298.9450","0.3436","6.0001"
"298.9650","0.3436","6.0001"
"298.9850","0.3436","6.0000"
"299.0050","0.3436","6.0000"
"299.0250","0.3436","6.0000"
"299.0450","0.3436","6.0000"
"299.0650","0.3436","6.0000"
"299.0850","0.3436","6.0000"
"299.1050","0.3436","6.0000"
"299.1250","0.3436","6.0000"
"299.1450","0.3436","6.0000"
"299.1650","0.3436","5.9999"
"299.1850","0.3436","6.0000"
"299.2050","0.3436","6.0000"
"299.2250","0.3436","5.9999"
"299.2450","0.3436","6.0000"
"299.2650","0.3436","6.0000"
"299.2850","0.3436","5.9999"
"299.3050","0.3436","5.9999"
"299.3250","0.3436","6.0000"
"299.3450","0.3436","6.0001"
"299.3650","0.3436","6.0001"
"299.3850","0.3436","6.0001"
"299.4050","0.3436","6.0000"
"299.4250","0.3436","6.0000"
"299.4450","0.3436","6.0000"
"299.4650","0.3436","6.0000"
"299.4850","0.3436","6.0000"
"299.5050","0.3436","6.0000"
"299.5250","0.3436","6.0000"
"299.5450","0.3436","6.0000"
"299.5650","0.3436","6.0000"
"299.5850","0.3436","6.0000"
"299.6050","0.3436","6.0000"
"299.6250","0.3436","6.0001"
"299.6450","0.3436","6.0000"
"299.6650","0.3436","6.0000"
"299.6850","0.3436","6.0000"
"299.7050","0.3436","6.0000"
"299.7250","0.3436","6.0001"
"299.7450","0.3436","6.0001"
"299.7650","0.3436","6.0000"
"299.7850","0.3436","6.0000"
"299.8050","0.3436","6.0000"
"299.8250","0.3436","6.0000"
"299.8450","0.3436","6.0000"
"299.8650","0.3436","6.0000"
"299.8850","0.3436","6.0000"
"299.9050","0.3436","6.0000"
"299.9250","0.3436","6.0000"
"299.9450","0.3436","5.9999"
"299.9650","0.3436","5.9999"
"299.9850","0.3436","5.9999"
"300.0050","0.3436","6.0000"
"300.0250","0.3436","6.0000"
"300.0450","0.3436","5.9999"
"300.0650","0.3436","5.9999"
"300.0850","0.3436","5.9999"
"300.1050","0.3436","5.9999"
"300.1250","0.3436","5.9999"
"300.1450","0.3436","5.9999"
"300.1650","0.3436","5.9999"
"300.1850","0.3436","6.0000"
"300.2050","0.3436","6.0000"
"300.2250","0.3436","5.9999"
"300.2450","0.3436","6.0000"
"300.2650","0.3436","5.9999"
"300.2850","0.3436","5.9999"
"300.3050","0.3436","6.0000"
"300.3250","0.3436","6.0000"
"300.3450","0.3436","5.9999"
"300.3650","0.3436","5.9999"
"300.3850","0.3436","5.9999"
"300.4050","0.3436","6.0000"
"300.4250","0.3436","6.0000"
"300.4450","0.3436","6.0001"
"300.4650","0.3436","6.0001"
"300.4850","0.3436","6.0000"
"300.5050","0.3436","5.9999"
"300.5250","0.3436","5.9999"
"300.5450","0.3436","5.9999"
"300.5650","0.3436","5.9999"
"300.5850","0.3436","6.0000"
"300.6050","0.3436","6.0000"
"300.6250","0.3436","5.9999"
"300.6450","0.3436","5.9999"
"300.6650","0.3436","5.9999"
"300.6850","0.3436","6.0000"
"300.7050","0.3436","5.9999"
"300.7250","0.3436","6.0000"
"300.7450","0.3436","5.9999"
"300.7650","0.3436","5.9998"
"300.7850","0.3436","5.9999"
"300.8050","0.3436","5.9999"
"300.8250","0.3436","6.0000"
"300.8450","0.3436","6.0000"
"300.8650","0.3436","6.0000"
"300.8850","0.3436","6.0000"
"300.9050","0.3436","6.0000"
"300.9250","0.3436","5.9999"
"300.9450","0.3436","5.9999"
"300.9650","0.3436","5.9999"
"300.9850","0.3436","5.9999"
"301.0050","0.3436","5.9999"
"301.0250","0.3436","6.0000"
"301.0450","0.3436","6.0000"
"301.0650","0.3436","6.0000"
"301.0850","0.3436","6.0000"
"301.1050","0.3436","5.9999"
"301.1250","0.3436","5.9999"
"301.1450","0.3436","6.0000"
"301.1650","0.3436","5.9999"
"301.1850","0.3436","5.9999"
"301.2050","0.3436","5.9999"
"301.2250","0.3436","6.0000"
"301.2450","0.3436","5.9999"
"301.2650","0.3436","6.0000"
"301.2850","0.3436","6.0000"
"301.3050","0.3436","6.0000"
"301.3250","0.3436","6.0000"
"301.3450","0.3436","6.0000"
"301.3650","0.3436","6.0000"
"301.3850","0.3436","5.9999"
"301.4050","0.3436","5.9999"
"301.4250","0.3436","5.9999"
"301.4450","0.3436","6.0000"
"301.4650","0.3436","6.0000"
"301.4850","0.3436","6.0000"
"301.5050","0.3436","6.0000"
"301.5250","0.3436","6.0000"
"301.5450","0.3436","6.0000"
"301.5650","0.3436","6.0000"
"301.5850","0.3436","6.0000"
"301.6050","0.3436","6.0000"
"301.6250","0.3436","6.0000"
"301.6450","0.3436","6.0000"
"301.6650","0.3436","6.0000"
"301.6850","0.3436","6.0000"
"301.7050","0.3436","6.0001"
"301.7250","0.3436","6.0001"
"301.7450","0.3436","6.0000"
"301.7650","0.3436","6.0000"
"301.7850","0.3436","6.0000"
"301.8050","0.3436","6.0000"
"301.8250","0.3436","6.0000"
"301.8450","0.3436","6.0000"
"301.8650","0.3436","6.0000"
"301.8850","0.3436","6.0000"
"301.9050","0.3436","6.0000"
"301.9250","0.3437","6.0000"
"301.9450","0.3437","5.9999"
"301.9650","0.3437","5.9999"
"301.9850","0.3437","6.0000"
"302.0050","0.3437","5.9999"
"302.0250","0.3437","5.9999"
"302.0450","0.3437","6.0000"
"302.0650","0.3437","6.0000"
"302.0850","0.3437","6.0000"
"302.1050","0.3437","5.9999"
"302.1250","0.3437","5.9999"
"302.1450","0.3437","6.0000"
"302.1650","0.3437","6.0001"
"302.1850","0.3437","6.0001"
"302.2050","0.3437","6.0000"
"302.2250","0.3437","6.0000"
"302.2450","0.3437","5.9999"
"302.2650","0.3437","6.0000"
"302.2850","0.3437","6.0000"
"302.3050","0.3437","6.0000"
"302.3250","0.3437","5.9999"
"302.3450","0.3437","5.9999"
"302.3650","0.3437","6.0000"
"302.3850","0.3437","6.0001"
"302.4050","0.3437","6.0001"
"302.4250","0.3437","6.0000"
"302.4450","0.3437","6.0000"
"302.4650","0.3437","6.0000"
"302.4850","0.3437","6.0001"
"302.5050","0.3437","6.0000"
"302.5250","0.3437","6.0000"
"302.5450","0.3437","5.9999"
"302.5650","0.3437","6.0000"
"302.5850","0.3437","6.0001"
"302.6050","0.3437","6.0001"
"302.6250","0.3437","6.0001"
"302.6450","0.3437","6.0000"
"302.6650","0.3437","6.0000"
"302.6850","0.3437","6.0001"
"302.7050","0.3437","6.0001"
"302.7250","0.3437","6.0000"
"302.7450","0.3437","6.0000"
"302.7650","0.3437","5.9999"
"302.7850","0.3437","5.9999"
"302.8050","0.3437","6.0000"
"302.8250","0.3437","6.0000"
"302.8450","0.3437","6.0000"
"302.8650","0.3437","6.0000"
"302.8850","0.3437","6.0000"
"302.9050","0.3437","6.0000"
"302.9250","0.3437","6.0000"
"302.9450","0.3437","6.0000"
"302.9650","0.3437","6.0000"
"302.9850","0.3437","6.0000"
"303.0050","0.3437","6.0000"
"303.0250","0.3437","5.9999"
"303.0450","0.3437","5.9999"
"303.0650","0.3437","6.0000"
"303.0850","0.3437","6.0001"
"303.1050","0.3437","6.0000"
"303.1250","0.3437","5.9999"
"303.1450","0.3437","6.0001"
"303.1650","0.3437","6.0001"
"303.1850","0.3437","6.0000"
"303.2050","0.3437","5.9999"
"303.2250","0.3437","5.9999"
"303.2450","0.3437","5.9999"
"303.2650","0.3437","5.9999"
"303.2850","0.3437","6.0000"
"303.3050","0.3437","6.0000"
"303.3250","0.3437","6.0000"
"303.3450","0.3437","6.0000"
"303.3650","0.3437","5.9999"
"303.3850","0.3437","6.0000"
"303.4050","0.3437","6.0000"
"303.4250","0.3437","6.0001"
"303.4450","0.3437","6.0001"
"303.4650","0.3437","6.0000"
"303.4850","0.3437","5.9999"
"303.5050","0.3437","5.9999"
"303.5250","0.3437","5.9999"
"303.5450","0.3437","5.9997"
"303.5650","0.3437","5.9997"
"303.5850","0.3437","5.9999"
"303.6050","0.3437","6.0000"
"303.6250","0.3437","6.0002"
"303.6450","0.3437","6.0001"
"303.6650","0.3437","6.0001"
"303.6850","0.3437","6.0000"
"303.7050","0.3437","6.0000"
"303.7250","0.3437","6.0000"
"303.7450","0.3437","5.9999"
"303.7650","0.3437","5.9998"
"303.7850","0.3437","5.9998"
"303.8050","0.3437","6.0000"
"303.8250","0.3437","6.0000"
"303.8450","0.3437","6.0000"
"303.8650","0.3437","6.0001"
"303.8850","0.3437","6.0002"
"303.9050","0.3437","6.0001"
"303.9250","0.3437","6.0000"
"303.9450","0.3437","5.9998"
"303.9650","0.3437","5.9998"
"303.9850","0.3437","5.9999"
"304.0050","0.3437","5.9999"
"304.0250","0.3437","6.0000"
"304.0450","0.3437","6.0000"
"304.0650","0.3437","6.0000"
"304.0850","0.3437","6.0001"
"304.1050","0.3437","6.0001"
"304.1250","0.3437","6.0000"
"304.1450","0.3437","6.0000"
"304.1650","0.3437","5.9999"
"304.1850","0.3437","5.9999"
"304.2050","0.3437","6.0000"
"304.2250","0.3437","6.0000"
"304.2450","0.3437","6.0001"
"304.2650","0.3437","6.0001"
"304.2850","0.3437","6.0000"
"304.3050","0.3437","6.0000"
"304.3250","0.3437","5.9999"
"304.3450","0.3437","5.9999"
"304.3650","0.3437","5.9999"
"304.3850","0.3437","5.9998"
"304.4050","0.3437","5.9998"
"304.4250","0.3437","5.9999"
"304.4450","0.3437","6.0000"
"304.4650","0.3437","6.0001"
"304.4850","0.3437","6.0001"
"304.5050","0.3437","6.0001"
"304.5250","0.3437","6.0000"
"304.5450","0.3437","5.9999"
"304.5650","0.3437","5.9998"
"304.5850","0.3437","5.9998"
"304.6050","0.3437","5.9999"
"304.6250","0.3437","5.9999"
"304.6450","0.3437","6.0000"
"304.6650","0.3437","6.0001"
"304.6850","0.3437","6.0001"
"304.7050","0.3437","6.0000"
"304.7250","0.3437","6.0000"
"304.7450","0.3437","6.0000"
"304.7650","0.3437","5.9998"
"304.7850","0.3437","5.9998"
"304.8050","0.3437","5.9998"
"304.8250","0.3437","5.9999"
"304.8450","0.3437","6.0000"
"304.8650","0.3437","6.0002"
"304.8850","0.3437","6.0003"
"304.9050","0.3437","6.0003"
"304.9250","0.3437","6.0002"
"304.9450","0.3437","6.0001"
"304.9650","0.3437","6.0000"
"304.9850","0.3437","5.9999"
"305.0050","0.3437","5.9999"
"305.0250","0.3437","5.9999"
"305.0450","0.3437","5.9999"
"305.0650","0.3437","6.0000"
"305.0850","0.3437","6.0001"
"305.1050","0.3437","6.0002"
"305.1250","0.3437","6.0002"
"305.1450","0.3437","6.0001"
"305.1650","0.3437","6.0000"
"305.1850","0.3437","5.9999"
"305.2050","0.3437","5.9999"
"305.2250","0.3437","5.9999"
"305.2450","0.3437","6.0000"
"305.2650","0.3437","6.0000"
"305.2850","0.3437","6.0001"
"305.3050","0.3437","6.0001"
"305.3250","0.3437","6.0001"
"305.3450","0.3437","6.0001"
"305.3650","0.3437","6.0000"
"305.3850","0.3437","6.0000"
"305.4050","0.3437","5.9999"
"305.4250","0.3437","5.9999"
"305.4450","0.3437","5.9999"
"305.4650","0.3437","6.0000"
"305.4850","0.3437","6.0000"
"305.5050","0.3437","6.0001"
"305.5250","0.3437","6.0001"
"305.5450","0.3437","6.0001"
"305.5650","0.3437","6.0000"
"305.5850","0.3437","6.0000"
"305.6050","0.3437","5.9999"
"305.6250","0.3437","5.9999"
"305.6450","0.3437","5.9999"
"305.6650","0.3437","6.0000"
"305.6850","0.3437","6.0000"
"305.7050","0.3437","5.9999"
"305.7250","0.3437","5.9999"
"305.7450","0.3437","5.9999"
"305.7650","0.3437","5.9999"
"305.7850","0.3437","5.9999"
"305.8050","0.3437","5.9999"
"305.8250","0.3437","5.9999"
"305.8450","0.3437","5.9999"
"305.8650","0.3437","5.9999"
"305.8850","0.3437","5.9999"
"305.9050","0.3437","5.9999"
"305.9250","0.3437","6.0000"
"305.9450","0.3437","6.0000"
"305.9650","0.3437","6.0000"
"305.9850","0.3437","5.9999"
"306.0050","0.3437","5.9998"
"306.0250","0.3437","5.9999"
"306.0450","0.3437","5.9999"
"306.0650","0.3437","5.9998"
"306.0850","0.3437","5.9999"
"306.1050","0.3437","5.9999"
"306.1250","0.3437","6.0000"
"306.1450","0.3437","6.0001"
"306.1650","0.3437","6.0000"
"306.1850","0.3437","6.0000"
"306.2050","0.3437","5.9999"
"306.2250","0.3437","5.9999"
"306.2450","0.3437","5.9999"
"306.2650","0.3437","5.9999"
"306.2850","0.3437","5.9999"
"306.3050","0.3437","5.9999"
"306.3250","0.3437","6.0000"
"306.3450","0.3437","6.0002"
"306.3650","0.3437","6.0001"
"306.3850","0.3437","6.0000"
"306.4050","0.3437","6.0000"
"306.4250","0.3437","5.9998"
"306.4450","0.3437","5.9998"
"306.4650","0.3437","5.9999"
"306.4850","0.3437","5.9999"
"306.5050","0.3437","6.0001"
"306.5250","0.3437","6.0001"
"306.5450","0.3437","6.0001"
"306.5650","0.3437","6.0001"
"306.5850","0.3437","6.0000"
"306.6050","0.3437","5.9999"
"306.6250","0.3437","5.9999"
"306.6450","0.3437","5.9998"
"306.6650","0.3437","5.9998"
"306.6850","0.3437","5.9998"
"306.7050","0.3437","5.9999"
"306.7250","0.3437","6.0000"
"306.7450","0.3437","6.0000"
"306.7650","0.3437","6.0001"
"306.7850","0.3437","6.0000"
"306.8050","0.3437","6.0000"
"306.8250","0.3437","5.9999"
"306.8450","0.3437","5.9999"
"306.8650","0.3437","5.9998"
"306.8850","0.3438","5.9999"
"306.9050","0.3438","5.9999"
"306.9250","0.3438","5.9999"
"306.9450","0.3438","5.9999"
"306.9650","0.3438","6.0000"
"306.9850","0.3438","6.0001"
"307.0050","0.3438","6.0000"
"307.0250","0.3438","6.0000"
"307.0450","0.3438","6.0000"
"307.0650","0.3438","6.0000"
"307.0850","0.3438","5.9999"
"307.1050","0.3438","5.9999"
"307.1250","0.3438","6.0000"
"307.1450","0.3438","6.0000"
"307.1650","0.3438","6.0000"
"307.1850","0.3438","6.0000"
"307.2050","0.3438","6.0000"
"307.2250","0.3438","6.0000"
"307.2450","0.3438","6.0000"
"307.2650","0.3438","6.0000"
"307.2850","0.3438","5.9999"
"307.3050","0.3438","5.9999"
"307.3250","0.3438","6.0000"
"307.3450","0.3438","6.0001"
"307.3650","0.3438","6.0001"
"307.3850","0.3438","6.0000"
"307.4050","0.3438","5.9999"
"307.4250","0.3438","6.0000"
"307.4450","0.3438","5.9999"
"307.4650","0.3438","6.0000"
"307.4850","0.3438","6.0000"
"307.5050","0.3438","6.0000"
"307.5250","0.3438","6.0000"
"307.5450","0.3438","6.0000"
"307.5650","0.3438","6.0001"
"307.5850","0.3438","6.0001"
"307.6050","0.3438","6.0001"
"307.6250","0.3438","6.0001"
"307.6450","0.3438","6.0000"
"307.6650","0.3438","5.9999"
"307.6850","0.3438","6.0000"
"307.7050","0.3438","6.0000"
"307.7250","0.3438","6.0000"
"307.7450","0.3438","6.0000"
"307.7650","0.3438","6.0000"
"307.7850","0.3438","6.0001"
"307.8050","0.3438","6.0000"
"307.8250","0.3438","6.0000"
"307.8450","0.3438","6.0000"
"307.8650","0.3438","6.0000"
"307.8850","0.3438","5.9999"
"307.9050","0.3438","5.9999"
"307.9250","0.3438","5.9999"
"307.9450","0.3438","5.9999"
"307.9650","0.3438","6.0000"
"307.9850","0.3438","6.0001"
"308.0050","0.3438","6.0001"
"308.0250","0.3438","6.0001"
"308.0450","0.3438","6.0000"
"308.0650","0.3438","6.0000"
"308.0850","0.3438","5.9999"
"308.1050","0.3438","5.9999"
"308.1250","0.3438","5.9998"
"308.1450","0.3438","5.9999"
"308.1650","0.3438","6.0000"
"308.1850","0.3438","6.0001"
"308.2050","0.3438","6.0000"
"308.2250","0.3438","6.0000"
"308.2450","0.3438","6.0001"
"308.2650","0.3438","6.0001"
"308.2850","0.3438","6.0000"
"308.3050","0.3438","6.0000"
"308.3250","0.3438","5.9999"
"308.3450","0.3438","5.9998"
"308.3650","0.3438","5.9999"
"308.3850","0.3438","6.0001"
"308.4050","0.3438","6.0001"
"308.4250","0.3438","6.0002"
"308.4450","0.3438","6.0001"
"308.4650","0.3438","6.0000"
"308.4850","0.3438","6.0000"
"308.5050","0.3438","6.0000"
"308.5250","0.3438","6.0000"
"308.5450","0.3438","5.9999"
"308.5650","0.3438","5.9999"
"308.5850","0.3438","6.0000"
"308.6050","0.3438","6.0001"
"308.6250","0.3438","6.0001"
"308.6450","0.3438","6.0000"
"308.6650","0.3438","6.0000"
"308.6850","0.3438","6.0000"
"308.7050","0.3438","6.0000"
"308.7250","0.3438","6.0000"
"308.7450","0.3438","5.9999"
"308.7650","0.3438","6.0000"
"308.7850","0.3438","6.0001"
"308.8050","0.3438","6.0000"
"308.8250","0.3438","6.0000"
"308.8450","0.3438","5.9999"
"308.8650","0.3438","5.9999"
"308.8850","0.3438","5.9999"
"308.9050","0.3438","5.9999"
"308.9250","0.3438","5.9999"
"308.9450","0.3438","5.9999"
"308.9650","0.3438","6.0000"
"308.9850","0.3438","5.9999"
"309.0050","0.3438","6.0000"
"309.0250","0.3438","6.0000"
"309.0450","0.3438","6.0000"
"309.0650","0.3438","5.9999"
"309.0850","0.3438","6.0000"
"309.1050","0.3438","5.9999"
"309.1250","0.3438","5.9999"
"309.1450","0.3438","5.9999"
"309.1650","0.3438","5.9998"
"309.1850","0.3438","5.9999"
"309.2050","0.3438","6.0000"
"309.2250","0.3438","6.0000"
"309.2450","0.3438","6.0000"
"309.2650","0.3438","6.0001"
"309.2850","0.3438","6.0000"
"309.3050","0.3438","5.9999"
"309.3250","0.3438","5.9999"
"309.3450","0.3438","5.9999"
"309.3650","0.3438","5.9999"
"309.3850","0.3438","5.9999"
"309.4050","0.3438","5.9999"
"309.4250","0.3438","6.0000"
"309.4450","0.3438","6.0000"
"309.4650","0.3438","6.0000"
"309.4850","0.3438","5.9999"
"309.5050","0.3438","5.9999"
"309.5250","0.3438","5.9999"
"309.5450","0.3438","5.9999"
"309.5650","0.3438","5.9999"
"309.5850","0.3438","5.9999"
"309.6050","0.3438","6.0000"
"309.6250","0.3438","6.0000"
"309.6450","0.3438","6.0000"
"309.6650","0.3438","6.0000"
"309.6850","0.3438","5.9999"
"309.7050","0.3438","5.9999"
"309.7250","0.3438","6.0000"
"309.7450","0.3438","5.9999"
"309.7650","0.3438","5.9999"
"309.7850","0.3438","5.9999"
"309.8050","0.3438","5.9999"
"309.8250","0.3438","5.9999"
"309.8450","0.3438","5.9999"
"309.8650","0.3438","6.0000"
"309.8850","0.3438","6.0000"
"309.9050","0.3438","6.0000"
"309.9250","0.3438","5.9999"
"309.9450","0.3438","5.9998"
"309.9650","0.3438","5.9999"
"309.9850","0.3438","5.9999"
"310.0050","0.3438","6.0000"
"310.0250","0.3438","6.0000"
"310.0450","0.3438","5.9999"
"310.0650","0.3438","6.0000"
"310.0850","0.3438","6.0001"
"310.1050","0.3438","6.0000"
"310.1250","0.3438","6.0000"
"310.1450","0.3438","6.0000"
"310.1650","0.3438","6.0000"
"310.1850","0.3438","5.9999"
"310.2050","0.3438","5.9999"
"310.2250","0.3438","6.0000"
"310.2450","0.3438","6.0000"
"310.2650","0.3438","5.9999"
"310.2850","0.3438","5.9999"
"310.3050","0.3438","5.9999"
"310.3250","0.3438","5.9999"
"310.3450","0.3438","6.0000"
"310.3650","0.3438","6.0000"
"310.3850","0.3438","5.9999"
"310.4050","0.3438","5.9999"
"310.4250","0.3438","6.0000"
"310.4450","0.3438","6.0000"
"310.4650","0.3438","6.0000"
"310.4850","0.3438","6.0000"
"310.5050","0.3438","6.0000"
"310.5250","0.3438","6.0000"
"310.5450","0.3438","5.9999"
"310.5650","0.3438","5.9999"
"310.5850","0.3438","5.9999"
"310.6050","0.3438","5.9999"
"310.6250","0.3438","6.0000"
"310.6450","0.3438","6.0000"
"310.6650","0.3438","6.0001"
"310.6850","0.3438","6.0000"
"310.7050","0.3438","6.0000"
"310.7250","0.3438","6.0000"
"310.7450","0.3438","5.9999"
"310.7650","0.3438","5.9999"
"310.7850","0.3438","6.0000"
"310.8050","0.3438","6.0000"
"310.8250","0.3438","6.0000"
"310.8450","0.3438","6.0000"
"310.8650","0.3438","5.9999"
"310.8850","0.3438","6.0000"
"310.9050","0.3438","6.0000"
"310.9250","0.3438","6.0000"
"310.9450","0.3438","6.0001"
"310.9650","0.3438","6.0000"
"310.9850","0.3438","6.0000"
"311.0050","0.3438","6.0000"
"311.0250","0.3438","6.0000"
"311.0450","0.3438","6.0000"
"311.0650","0.3438","6.0000"
"311.0850","0.3438","6.0001"
"311.1050","0.3438","6.0001"
"311.1250","0.3438","6.0000"
"311.1450","0.3438","6.0000"
"311.1650","0.3438","5.9999"
"311.1850","0.3438","6.0000"
"311.2050","0.3438","6.0000"
"311.2250","0.3438","6.0000"
"311.2450","0.3438","6.0000"
"311.2650","0.3438","6.0000"
"311.2850","0.3438","6.0000"
"311.3050","0.3438","6.0000"
"311.3250","0.3438","6.0000"
"311.3450","0.3438","6.0000"
"311.3650","0.3438","6.0000"
"311.3850","0.3438","6.0000"
"311.4050","0.3438","6.0000"
"311.4250","0.3438","5.9999"
"311.4450","0.3438","5.9999"
"311.4650","0.3438","5.9999"
"311.4850","0.3438","6.0000"
"311.5050","0.3438","6.0000"
"311.5250","0.3438","6.0000"
"311.5450","0.3438","6.0001"
"311.5650","0.3438","6.0001"
"311.5850","0.3438","6.0000"
"311.6050","0.3438","6.0000"
"311.6250","0.3438","6.0000"
"311.6450","0.3438","5.9999"
"311.6650","0.3438","6.0000"
"311.6850","0.3438","6.0000"
"311.7050","0.3438","6.0000"
"311.7250","0.3438","5.9999"
"311.7450","0.3438","5.9999"
"311.7650","0.3438","6.0000"
"311.7850","0.3438","6.0001"
"311.8050","0.3438","6.0001"
"311.8250","0.3438","6.0001"
"311.8450","0.3438","6.0000"
"311.8650","0.3438","6.0000"
"311.8850","0.3438","5.9999"
"311.9050","0.3438","5.9999"
"311.9250","0.3438","5.9999"
"311.9450","0.3438","5.9999"
"311.9650","0.3438","5.9999"
"311.9850","0.3438","5.9999"
"312.0050","0.3438","5.9999"
"312.0250","0.3438","6.0000"
"312.0450","0.3438","6.0000"
"312.0650","0.3438","5.9999"
"312.0850","0.3438","5.9999"
"312.1050","0.3439","5.9999"
"312.1250","0.3439","5.9999"
"312.1450","0.3439","6.0000"
"312.1650","0.3439","5.9999"
"312.1850","0.3439","5.9999"
"312.2050","0.3439","5.9998"
"312.2250","0.3439","5.9998"
"312.2450","0.3439","5.9999"
"312.2650","0.3439","5.9999"
"312.2850","0.3439","5.9999"
"312.3050","0.3439","6.0000"
"312.3250","0.3439","6.0001"
"312.3450","0.3439","6.0000"
"312.3650","0.3439","6.0000"
"312.3850","0.3439","6.0000"
"312.4050","0.3439","5.9999"
"312.4250","0.3439","5.9999"
"312.4450","0.3439","5.9999"
"312.4650","0.3439","5.9999"
"312.4850","0.3439","5.9999"
"312.5050","0.3439","5.9999"
"312.5250","0.3439","5.9999"
"312.5450","0.3439","6.0000"
"312.5650","0.3439","6.0001"
"312.5850","0.3439","6.0000"
"312.6050","0.3439","5.9999"
"312.6250","0.3439","5.9999"
"312.6450","0.3439","5.9999"
"312.6650","0.3439","5.9999"
"312.6850","0.3439","5.9999"
"312.7050","0.3439","5.9999"
"312.7250","0.3439","5.9999"
"312.7450","0.3439","6.0000"
"312.7650","0.3439","6.0001"
"312.7850","0.3439","6.0000"
"312.8050","0.3439","6.0000"
"312.8250","0.3439","6.0000"
"312.8450","0.3439","6.0000"
"312.8650","0.3439","5.9999"
"312.8850","0.3439","5.9999"
"312.9050","0.3439","5.9999"
"312.9250","0.3439","5.9999"
"312.9450","0.3439","6.0000"
"312.9650","0.3439","6.0000"
"312.9850","0.3439","6.0000"
"313.0050","0.3439","6.0000"
"313.0250","0.3439","6.0001"
"313.0450","0.3439","6.0000"
"313.0650","0.3439","6.0000"
"313.0850","0.3439","6.0000"
"313.1050","0.3439","6.0000"
"313.1250","0.3439","6.0000"
"313.1450","0.3439","6.0001"
"313.1650","0.3439","6.0000"
"313.1850","0.3439","6.0000"
"313.2050","0.3439","6.0000"
"313.2250","0.3439","6.0000"
"313.2450","0.3439","6.0000"
"313.2650","0.3439","6.0000"
"313.2850","0.3439","6.0000"
"313.3050","0.3439","6.0000"
"313.3250","0.3439","6.0000"
"313.3450","0.3439","6.0000"
"313.3650","0.3439","6.0000"
"313.3850","0.3439","6.0000"
"313.4050","0.3439","6.0000"
"313.4250","0.3439","5.9999"
"313.4450","0.3439","5.9999"
"313.4650","0.3439","6.0000"
"313.4850","0.3439","6.0000"
"313.5050","0.3439","6.0000"
"313.5250","0.3439","6.0001"
"313.5450","0.3439","6.0000"
"313.5650","0.3439","6.0000"
"313.5850","0.3439","5.9999"
"313.6050","0.3439","6.0000"
"313.6250","0.3439","6.0001"
"313.6450","0.3439","6.0000"
"313.6650","0.3439","6.0000"
"313.6850","0.3439","6.0000"
"313.7050","0.3439","6.0000"
"313.7250","0.3439","5.9999"
"313.7450","0.3439","5.9999"
"313.7650","0.3439","5.9999"
"313.7850","0.3439","6.0000"
"313.8050","0.3439","6.0000"
"313.8250","0.3439","6.0000"
"313.8450","0.3439","6.0000"
"313.8650","0.3439","6.0000"
"313.8850","0.3439","6.0000"
"313.9050","0.3439","6.0001"
"313.9250","0.3439","6.0000"
"313.9450","0.3439","5.9999"
"313.9650","0.3439","6.0000"
"313.9850","0.3439","6.0000"
"314.0050","0.3439","6.0001"
"314.0250","0.3439","6.0000"
"314.0450","0.3439","6.0000"
"314.0650","0.3439","6.0000"
"314.0850","0.3439","6.0000"
"314.1050","0.3439","6.0000"
"314.1250","0.3439","6.0000"
"314.1450","0.3439","5.9999"
"314.1650","0.3439","5.9999"
"314.1850","0.3439","5.9999"
"314.2050","0.3439","6.0001"
"314.2250","0.3439","6.0001"
"314.2450","0.3439","6.0002"
"314.2650","0.3439","6.0002"
"314.2850","0.3439","6.0000"
"314.3050","0.3439","6.0000"
"314.3250","0.3439","5.9999"
"314.3450","0.3439","5.9999"
"314.3650","0.3439","6.0000"
"314.3850","0.3439","6.0000"
"314.4050","0.3439","6.0000"
"314.4250","0.3439","6.0001"
"314.4450","0.3439","6.0001"
"314.4650","0.3439","6.0001"
"314.4850","0.3439","6.0000"
"314.5050","0.3439","6.0000"
"314.5250","0.3439","5.9999"
"314.5450","0.3439","6.0000"
"314.5650","0.3439","6.0000"
"314.5850","0.3439","6.0000"
"314.6050","0.3439","5.9999"
"314.6250","0.3439","5.9999"
"314.6450","0.3439","5.9999"
"314.6650","0.3439","6.0000"
"314.6850","0.3439","6.0000"
"314.7050","0.3439","6.0000"
"314.7250","0.3439","6.0000"
"314.7450","0.3439","6.0000"
"314.7650","0.3439","6.0000"
"314.7850","0.3439","6.0000"
"314.8050","0.3439","6.0000"
"314.8250","0.3439","6.0001"
"314.8450","0.3439","6.0000"
"314.8650","0.3439","6.0000"
"314.8850","0.3439","5.9999"
"314.9050","0.3439","5.9998"
"314.9250","0.3439","5.9998"
"314.9450","0.3439","5.9999"
"314.9650","0.3439","5.9999"
"314.9850","0.3439","5.9999"
"315.0050","0.3439","6.0000"
"315.0250","0.3439","6.0000"
"315.0450","0.3439","6.0000"
"315.0650","0.3439","6.0000"
"315.0850","0.3439","6.0000"
"315.1050","0.3439","5.9999"
"315.1250","0.3439","5.9999"
"315.1450","0.3439","5.9999"
"315.1650","0.3439","5.9999"
"315.1850","0.3439","5.9999"
"315.2050","0.3439","5.9999"
"315.2250","0.3439","6.0000"
"315.2450","0.3439","6.0000"
"315.2650","0.3439","6.0000"
"315.2850","0.3439","5.9999"
"315.3050","0.3439","5.9999"
"315.3250","0.3439","5.9998"
"315.3450","0.3439","5.9999"
"315.3650","0.3439","6.0000"
"315.3850","0.3439","6.0000"
"315.4050","0.3439","6.0000"
"315.4250","0.3439","6.0000"
"315.4450","0.3439","6.0000"
"315.4650","0.3439","6.0000"
"315.4850","0.3439","6.0000"
"315.5050","0.3439","5.9999"
"315.5250","0.3439","5.9999"
"315.5450","0.3439","6.0000"
"315.5650","0.3439","5.9999"
"315.5850","0.3439","6.0000"
"315.6050","0.3439","5.9999"
"315.6250","0.3439","5.9999"
"315.6450","0.3439","5.9999"
"315.6650","0.3439","5.9999"
"315.6850","0.3439","5.9999"
"315.7050","0.3439","5.9999"
"315.7250","0.3439","6.0000"
"315.7450","0.3439","6.0000"
"315.7650","0.3439","6.0000"
"315.7850","0.3439","6.0000"
"315.8050","0.3439","5.9999"
"315.8250","0.3439","5.9999"
"315.8450","0.3439","5.9999"
"315.8650","0.3439","6.0000"
"315.8850","0.3439","6.0000"
"315.9050","0.3439","6.0000"
"315.9250","0.3439","6.0000"
"315.9450","0.3439","6.0000"
"315.9650","0.3439","5.9999"
"315.9850","0.3439","5.9999"
"316.0050","0.3439","6.0000"
"316.0250","0.3439","6.0000"
"316.0450","0.3439","6.0000"
"316.0650","0.3439","6.0000"
"316.0850","0.3439","6.0000"
"316.1050","0.3439","6.0000"
"316.1250","0.3439","6.0000"
"316.1450","0.3439","6.0000"
"316.1650","0.3439","6.0000"
"316.1850","0.3439","6.0000"
"316.2050","0.3439","6.0000"
"316.2250","0.3439","5.9999"
"316.2450","0.3439","6.0000"
"316.2650","0.3439","6.0000"
"316.2850","0.3439","6.0000"
"316.3050","0.3439","5.9999"
"316.3250","0.3439","5.9999"
"316.3450","0.3439","6.0000"
"316.3650","0.3439","6.0000"
"316.3850","0.3439","6.0000"
"316.4050","0.3439","6.0000"
"316.4250","0.3439","5.9999"
"316.4450","0.3439","6.0000"
"316.4650","0.3439","6.0000"
"316.4850","0.3439","6.0000"
"316.5050","0.3439","6.0000"
"316.5250","0.3439","6.0000"
"316.5450","0.3439","6.0000"
"316.5650","0.3439","6.0000"
"316.5850","0.3439","6.0000"
"316.6050","0.3439","5.9999"
"316.6250","0.3439","6.0000"
"316.6450","0.3439","5.9999"
"316.6650","0.3439","6.0000"
"316.6850","0.3439","5.9999"
"316.7050","0.3439","6.0000"
"316.7250","0.3439","5.9999"
"316.7450","0.3439","6.0000"
"316.7650","0.3439","5.9999"
"316.7850","0.3439","6.0000"
"316.8050","0.3439","6.0000"
"316.8250","0.3439","5.9999"
"316.8450","0.3439","5.9999"
"316.8650","0.3439","6.0000"
"316.8850","0.3439","6.0000"
"316.9050","0.3439","6.0000"
"316.9250","0.3439","6.0001"
"316.9450","0.3439","6.0000"
"316.9650","0.3439","6.0000"
"316.9850","0.3439","6.0000"
"317.0050","0.3439","6.0000"
"317.0250","0.3439","6.0000"
"317.0450","0.3439","5.9999"
"317.0650","0.3439","6.0000"
"317.0850","0.3439","6.0000"
"317.1050","0.3439","6.0000"
"317.1250","0.3439","6.0000"
"317.1450","0.3440","6.0000"
"317.1650","0.3440","6.0000"
"317.1850","0.3440","6.0000"
"317.2050","0.3440","6.0000"
"317.2250","0.3440","6.0001"
"317.2450","0.3440","6.0001"
"317.2650","0.3440","6.0000"
"317.2850","0.3440","6.0000"
"317.3050","0.3440","6.0000"
"317.3250","0.3440","6.0000"
"317.3450","0.3440","6.0000"
"317.3650","0.3440","6.0000"
"317.3850","0.3440","6.0000"
"317.4050","0.3440","6.0000"
"317.4250","0.3440","6.0000"
"317.4450","0.3440","6.0000"
"317.4650","0.3440","6.0000"
"317.4850","0.3440","6.0000"
"317.5050","0.3440","6.0001"
"317.5250","0.3440","6.0001"
"317.5450","0.3440","6.0000"
"317.5650","0.3440","6.0000"
"317.5850","0.3440","5.9999"
"317.6050","0.3440","5.9999"
"317.6250","0.3440","5.9999"
"317.6450","0.3440","6.0000"
"317.6650","0.3440","6.0000"
"317.6850","0.3440","6.0000"
"317.7050","0.3440","6.0001"
"317.7250","0.3440","6.0000"
"317.7450","0.3440","6.0000"
"317.7650","0.3440","6.0000"
"317.7850","0.3440","6.0000"
"317.8050","0.3440","5.9999"
"317.8250","0.3440","5.9999"
"317.8450","0.3440","6.0000"
"317.8650","0.3440","6.0000"
"317.8850","0.3440","6.0000"
"317.9050","0.3440","6.0000"
"317.9250","0.3440","6.0000"
"317.9450","0.3440","6.0000"
"317.9650","0.3440","6.0000"
"317.9850","0.3440","6.0000"
"318.0050","0.3440","6.0000"
"318.0250","0.3440","5.9999"
"318.0450","0.3440","5.9999"
"318.0650","0.3440","5.9999"
"318.0850","0.3440","5.9999"
"318.1050","0.3440","5.9999"
"318.1250","0.3440","5.9999"
"318.1450","0.3440","5.9999"
"318.1650","0.3440","5.9999"
"318.1850","0.3440","6.0000"
"318.2050","0.3440","5.9999"
"318.2250","0.3440","5.9999"
"318.2450","0.3440","5.9999"
"318.2650","0.3440","5.9999"
"318.2850","0.3440","6.0000"
"318.3050","0.3440","6.0000"
"318.3250","0.3440","6.0000"
"318.3450","0.3440","6.0000"
"318.3650","0.3440","6.0000"
"318.3850","0.3440","5.9999"
"318.4050","0.3440","5.9999"
"318.4250","0.3440","5.9999"
"318.4450","0.3440","6.0000"
"318.4650","0.3440","6.0000"
"318.4850","0.3440","6.0000"
"318.5050","0.3440","5.9999"
"318.5250","0.3440","5.9999"
"318.5450","0.3440","5.9999"
"318.5650","0.3440","6.0000"
"318.5850","0.3440","6.0000"
"318.6050","0.3440","5.9999"
"318.6250","0.3440","6.0000"
"318.6450","0.3440","6.0000"
"318.6650","0.3440","6.0000"
"318.6850","0.3440","6.0000"
"318.7050","0.3440","6.0000"
"318.7250","0.3440","5.9999"
"318.7450","0.3440","6.0000"
"318.7650","0.3440","6.0000"
"318.7850","0.3440","6.0000"
"318.8050","0.3440","6.0000"
"318.8250","0.3440","6.0001"
"318.8450","0.3440","6.0000"
"318.8650","0.3440","5.9999"
"318.8850","0.3440","5.9999"
"318.9050","0.3440","5.9998"
"318.9250","0.3440","5.9999"
"318.9450","0.3440","5.9999"
"318.9650","0.3440","6.0000"
"318.9850","0.3440","6.0000"
"319.0050","0.3440","6.0000"
"319.0250","0.3440","6.0000"
"319.0450","0.3440","6.0000"
"319.0650","0.3440","6.0000"
"319.0850","0.3440","6.0000"
"319.1050","0.3440","5.9999"
"319.1250","0.3440","6.0000"
"319.1450","0.3440","6.0000"
"319.1650","0.3440","5.9999"
"319.1850","0.3440","6.0000"
"319.2050","0.3440","6.0000"
"319.2250","0.3440","6.0000"
"319.2450","0.3440","5.9999"
"319.2650","0.3440","6.0000"
"319.2850","0.3440","6.0000"
"319.3050","0.3440","6.0000"
"319.3250","0.3440","5.9999"
"319.3450","0.3440","5.9999"
"319.3650","0.3440","5.9999"
"319.3850","0.3440","5.9999"
"319.4050","0.3440","5.9999"
"319.4250","0.3440","6.0000"
"319.4450","0.3440","6.0001"
"319.4650","0.3440","6.0001"
"319.4850","0.3440","6.0000"
"319.5050","0.3440","6.0000"
"319.5250","0.3440","6.0000"
"319.5450","0.3440","6.0001"
"319.5650","0.3440","6.0002"
"319.5850","0.3440","6.0001"
"319.6050","0.3440","6.0000"
"319.6250","0.3440","6.0001"
"319.6450","0.3440","6.0000"
"319.6650","0.3440","6.0000"
"319.6850","0.3440","6.0001"
"319.7050","0.3440","6.0001"
"319.7250","0.3440","6.0000"
"319.7450","0.3440","6.0001"
"319.7650","0.3440","6.0000"
"319.7850","0.3440","6.0000"
"319.8050","0.3440","6.0000"
"319.8250","0.3440","6.0000"
"319.8450","0.3440","6.0000"
"319.8650","0.3440","6.0000"
"319.8850","0.3440","6.0000"
"319.9050","0.3440","6.0000"
"319.9250","0.3440","6.0000"
"319.9450","0.3440","6.0000"
"319.9650","0.3440","6.0000"
"319.9850","0.3440","6.0000"
"320.0050","0.3440","6.0000"
"320.0250","0.3440","6.0000"
"320.0450","0.3440","6.0000"
"320.0650","0.3440","6.0001"
"320.0850","0.3440","6.0000"
"320.1050","0.3440","6.0000"
"320.1250","0.3440","5.9999"
"320.1450","0.3440","6.0000"
"320.1650","0.3440","6.0000"
"320.1850","0.3440","6.0000"
"320.2050","0.3440","6.0000"
"320.2250","0.3440","6.0001"
"320.2450","0.3440","6.0001"
"320.2650","0.3440","6.0000"
"320.2850","0.3440","6.0000"
"320.3050","0.3440","6.0000"
"320.3250","0.3440","5.9999"
"320.3450","0.3440","6.0000"
"320.3650","0.3440","6.0001"
"320.3850","0.3440","6.0001"
"320.4050","0.3440","6.0001"
"320.4250","0.3440","6.0000"
"320.4450","0.3440","6.0000"
"320.4650","0.3440","6.0001"
"320.4850","0.3440","6.0000"
"320.5050","0.3440","6.0000"
"320.5250","0.3440","6.0000"
"320.5450","0.3440","6.0000"
"320.5650","0.3440","6.0000"
"320.5850","0.3440","6.0000"
"320.6050","0.3440","6.0000"
"320.6250","0.3440","6.0000"
"320.6450","0.3440","6.0000"
"320.6650","0.3440","6.0000"
"320.6850","0.3440","6.0000"
"320.7050","0.3440","6.0000"
"320.7250","0.3440","6.0000"
"320.7450","0.3440","6.0000"
"320.7650","0.3440","6.0000"
"320.7850","0.3440","5.9999"
"320.8050","0.3440","6.0000"
"320.8250","0.3440","5.9999"
"320.8450","0.3440","6.0000"
"320.8650","0.3440","5.9999"
"320.8850","0.3440","6.0000"
"320.9050","0.3440","6.0000"
"320.9250","0.3440","6.0000"
"320.9450","0.3440","5.9999"
"320.9650","0.3440","6.0000"
"320.9850","0.3440","6.0000"
"321.0050","0.3440","5.9999"
"321.0250","0.3440","5.9999"
"321.0450","0.3440","5.9999"
"321.0650","0.3440","5.9999"
"321.0850","0.3440","5.9999"
"321.1050","0.3440","5.9999"
"321.1250","0.3440","5.9999"
"321.1450","0.3440","5.9999"
"321.1650","0.3440","5.9999"
"321.1850","0.3440","5.9999"
"321.2050","0.3440","5.9999"
"321.2250","0.3440","5.9999"
"321.2450","0.3440","5.9999"
"321.2650","0.3440","5.9999"
"321.2850","0.3440","5.9999"
"321.3050","0.3440","5.9999"
"321.3250","0.3440","6.0000"
"321.3450","0.3440","5.9999"
"321.3650","0.3440","5.9999"
"321.3850","0.3440","5.9998"
"321.4050","0.3440","5.9999"
"321.4250","0.3440","6.0000"
"321.4450","0.3440","5.9999"
"321.4650","0.3440","5.9999"
"321.4850","0.3440","5.9999"
"321.5050","0.3440","6.0000"
"321.5250","0.3440","5.9999"
"321.5450","0.3440","5.9999"
"321.5650","0.3440","5.9999"
"321.5850","0.3440","5.9999"
"321.6050","0.3440","6.0000"
"321.6250","0.3440","6.0000"
"321.6450","0.3440","6.0000"
"321.6650","0.3440","6.0001"
"321.6850","0.3440","6.0000"
"321.7050","0.3440","6.0000"
"321.7250","0.3440","6.0000"
"321.7450","0.3440","6.0000"
"321.7650","0.3440","6.0000"
"321.7850","0.3440","6.0000"
"321.8050","0.3440","6.0000"
"321.8250","0.3440","6.0000"
"321.8450","0.3440","5.9999"
"321.8650","0.3440","6.0000"
"321.8850","0.3440","6.0000"
"321.9050","0.3440","6.0000"
"321.9250","0.3440","6.0000"
"321.9450","0.3440","6.0000"
"321.9650","0.3440","6.0000"
"321.9850","0.3440","6.0000"
"322.0050","0.3440","6.0001"
"322.0250","0.3440","6.0001"
"322.0450","0.3440","6.0000"
"322.0650","0.3440","6.0000"
"322.0850","0.3440","6.0000"
"322.1050","0.3440","6.0000"
"322.1250","0.3440","6.0000"
"322.1450","0.3440","6.0000"
"322.1650","0.3440","6.0000"
"322.1850","0.3440","5.9999"
"322.2050","0.3440","6.0000"
"322.2250","0.3440","6.0000"
"322.2450","0.3440","6.0000"
"322.2650","0.3440","6.0000"
"322.2850","0.3440","6.0000"
"322.3050","0.3440","6.0000"
"322.3250","0.3440","5.9999"
"322.3450","0.3440","5.9999"
"322.3650","0.3440","5.9999"
"322.3850","0.3440","6.0000"
"322.4050","0.3440","6.0000"
"322.4250","0.3440","6.0000"
"322.4450","0.3440","6.0000"
"322.4650","0.3441","6.0000"
"322.4850","0.3441","6.0000"
"322.5050","0.3441","6.0000"
"322.5250","0.3441","6.0000"
"322.5450","0.3441","5.9999"
"322.5650","0.3441","6.0000"
"322.5850","0.3441","6.0000"
"322.6050","0.3441","6.0000"
"322.6250","0.3441","6.0000"
"322.6450","0.3441","5.9999"
"322.6650","0.3441","6.0000"
"322.6850","0.3441","6.0000"
"322.7050","0.3441","6.0001"
"322.7250","0.3441","6.0000"
"322.7450","0.3441","6.0000"
"322.7650","0.3441","6.0000"
"322.7850","0.3441","5.9999"
"322.8050","0.3441","6.0000"
"322.8250","0.3441","5.9999"
"322.8450","0.3441","6.0000"
"322.8650","0.3441","6.0000"
"322.8850","0.3441","6.0000"
"322.9050","0.3441","6.0000"
"322.9250","0.3441","5.9999"
"322.9450","0.3441","5.9999"
"322.9650","0.3441","5.9999"
"322.9850","0.3441","6.0000"
"323.0050","0.3441","6.0000"
"323.0250","0.3441","6.0000"
"323.0450","0.3441","6.0000"
"323.0650","0.3441","6.0000"
"323.0850","0.3441","6.0000"
"323.1050","0.3441","6.0000"
"323.1250","0.3441","6.0000"
"323.1450","0.3441","6.0001"
"323.1650","0.3441","6.0001"
"323.1850","0.3441","6.0000"
"323.2050","0.3441","6.0000"
"323.2250","0.3441","6.0000"
"323.2450","0.3441","5.9999"
"323.2650","0.3441","5.9999"
"323.2850","0.3441","5.9999"
"323.3050","0.3441","6.0000"
"323.3250","0.3441","6.0000"
"323.3450","0.3441","6.0000"
"323.3650","0.3441","6.0001"
"323.3850","0.3441","6.0001"
"323.4050","0.3441","6.0000"
"323.4250","0.3441","6.0000"
"323.4450","0.3441","6.0000"
"323.4650","0.3441","6.0000"
"323.4850","0.3441","6.0001"
"323.5050","0.3441","6.0001"
"323.5250","0.3441","6.0001"
"323.5450","0.3441","6.0001"
"323.5650","0.3441","6.0000"
"323.5850","0.3441","5.9999"
"323.6050","0.3441","6.0000"
"323.6250","0.3441","6.0000"
"323.6450","0.3441","6.0000"
"323.6650","0.3441","6.0000"
"323.6850","0.3441","6.0000"
"323.7050","0.3441","6.0000"
"323.7250","0.3441","6.0000"
"323.7450","0.3441","6.0000"
"323.7650","0.3441","6.0000"
"323.7850","0.3441","6.0000"
"323.8050","0.3441","6.0001"
"323.8250","0.3441","6.0000"
"323.8450","0.3441","6.0000"
"323.8650","0.3441","6.0000"
"323.8850","0.3441","6.0000"
"323.9050","0.3441","5.9999"
"323.9250","0.3441","6.0000"
"323.9450","0.3441","6.0000"
"323.9650","0.3441","6.0000"
"323.9850","0.3441","6.0000"
"324.0050","0.3441","6.0000"
"324.0250","0.3441","5.9999"
"324.0450","0.3441","6.0000"
"324.0650","0.3441","6.0000"
"324.0850","0.3441","6.0000"
"324.1050","0.3441","6.0001"
"324.1250","0.3441","6.0000"
"324.1450","0.3441","5.9999"
"324.1650","0.3441","6.0000"
"324.1850","0.3441","6.0000"
"324.2050","0.3441","5.9999"
"324.2250","0.3441","5.9999"
"324.2450","0.3441","6.0000"
"324.2650","0.3441","6.0000"
"324.2850","0.3441","6.0000"
"324.3050","0.3441","6.0000"
"324.3250","0.3441","6.0000"
"324.3450","0.3441","6.0000"
"324.3650","0.3441","6.0000"
"324.3850","0.3441","6.0000"
"324.4050","0.3441","5.9999"
"324.4250","0.3441","5.9999"
"324.4450","0.3441","5.9999"
"324.4650","0.3441","5.9998"
"324.4850","0.3441","5.9999"
"324.5050","0.3441","5.9999"
"324.5250","0.3441","5.9999"
"324.5450","0.3441","6.0000"
"324.5650","0.3441","6.0000"
"324.5850","0.3441","6.0000"
"324.6050","0.3441","5.9999"
"324.6250","0.3441","5.9999"
"324.6450","0.3441","5.9998"
"324.6650","0.3441","5.9998"
"324.6850","0.3441","5.9999"
"324.7050","0.3441","5.9999"
"324.7250","0.3441","6.0000"
"324.7450","0.3441","6.0000"
"324.7650","0.3441","6.0000"
"324.7850","0.3441","6.0000"
"324.8050","0.3441","6.0000"
"324.8250","0.3441","6.0001"
"324.8450","0.3441","6.0000"
"324.8650","0.3441","5.9999"
"324.8850","0.3441","5.9999"
"324.9050","0.3441","5.9999"
"324.9250","0.3441","5.9999"
"324.9450","0.3441","6.0000"
"324.9650","0.3441","6.0000"
"324.9850","0.3441","6.0000"
"325.0050","0.3441","6.0000"
"325.0250","0.3441","6.0001"
"325.0450","0.3441","6.0001"
"325.0650","0.3441","6.0000"
"325.0850","0.3441","6.0001"
"325.1050","0.3441","6.0000"
"325.1250","0.3441","5.9999"
"325.1450","0.3441","6.0000"
"325.1650","0.3441","6.0000"
"325.1850","0.3441","6.0000"
"325.2050","0.3441","6.0000"
"325.2250","0.3441","6.0000"
"325.2450","0.3441","6.0000"
"325.2650","0.3441","5.9999"
"325.2850","0.3441","5.9999"
"325.3050","0.3441","5.9999"
"325.3250","0.3441","6.0000"
"325.3450","0.3441","6.0000"
"325.3650","0.3441","6.0000"
"325.3850","0.3441","6.0000"
"325.4050","0.3441","6.0000"
"325.4250","0.3441","6.0000"
"325.4450","0.3441","6.0000"
"325.4650","0.3441","6.0000"
"325.4850","0.3441","6.0000"
"325.5050","0.3441","6.0000"
"325.5250","0.3441","6.0000"
"325.5450","0.3441","5.9999"
"325.5650","0.3441","5.9999"
"325.5850","0.3441","6.0000"
"325.6050","0.3441","6.0000"
"325.6250","0.3441","6.0001"
"325.6450","0.3441","6.0000"
"325.6650","0.3441","6.0000"
"325.6850","0.3441","5.9999"
"325.7050","0.3441","5.9999"
"325.7250","0.3441","5.9999"
"325.7450","0.3441","6.0000"
"325.7650","0.3441","6.0000"
"325.7850","0.3441","6.0000"
"325.8050","0.3441","6.0000"
"325.8250","0.3441","6.0000"
"325.8450","0.3441","6.0001"
"325.8650","0.3441","6.0000"
"325.8850","0.3441","6.0000"
"325.9050","0.3441","6.0000"
"325.9250","0.3441","6.0000"
"325.9450","0.3441","6.0000"
"325.9650","0.3441","6.0000"
"325.9850","0.3441","6.0000"
"326.0050","0.3441","6.0001"
"326.0250","0.3441","6.0001"
"326.0450","0.3441","6.0000"
"326.0650","0.3441","6.0000"
"326.0850","0.3441","6.0000"
"326.1050","0.3441","6.0000"
"326.1250","0.3441","6.0000"
"326.1450","0.3441","6.0001"
"326.1650","0.3441","6.0001"
"326.1850","0.3441","6.0000"
"326.2050","0.3441","6.0000"
"326.2250","0.3441","5.9999"
"326.2450","0.3441","5.9999"
"326.2650","0.3441","5.9999"
"326.2850","0.3441","6.0000"
"326.3050","0.3441","6.0000"
"326.3250","0.3441","6.0000"
"326.3450","0.3441","6.0000"
"326.3650","0.3441","6.0001"
"326.3850","0.3441","6.0001"
"326.4050","0.3441","6.0000"
"326.4250","0.3441","6.0000"
"326.4450","0.3441","6.0000"
"326.4650","0.3441","6.0000"
"326.4850","0.3441","6.0000"
"326.5050","0.3441","6.0000"
"326.5250","0.3441","6.0000"
"326.5450","0.3441","6.0000"
"326.5650","0.3441","6.0001"
"326.5850","0.3441","6.0001"
"326.6050","0.3441","6.0000"
"326.6250","0.3441","6.0000"
"326.6450","0.3441","5.9999"
"326.6650","0.3441","6.0000"
"326.6850","0.3441","6.0001"
"326.7050","0.3441","6.0000"
"326.7250","0.3441","5.9999"
"326.7450","0.3441","5.9999"
"326.7650","0.3441","6.0000"
"326.7850","0.3441","6.0000"
"326.8050","0.3441","6.0001"
"326.8250","0.3441","6.0000"
"326.8450","0.3441","6.0000"
"326.8650","0.3441","6.0001"
"326.8850","0.3441","6.0001"
"326.9050","0.3441","6.0000"
"326.9250","0.3441","6.0000"
"326.9450","0.3441","5.9999"
"326.9650","0.3441","6.0000"
"326.9850","0.3441","6.0001"
"327.0050","0.3441","6.0000"
"327.0250","0.3441","6.0000"
"327.0450","0.3441","6.0000"
"327.0650","0.3441","6.0001"
"327.0850","0.3441","6.0000"
"327.1050","0.3441","6.0000"
"327.1250","0.3441","5.9999"
"327.1450","0.3441","5.9999"
"327.1650","0.3441","6.0000"
"327.1850","0.3441","6.0000"
"327.2050","0.3441","6.0000"
"327.2250","0.3441","6.0000"
"327.2450","0.3441","5.9999"
"327.2650","0.3441","6.0000"
"327.2850","0.3441","6.0000"
"327.3050","0.3441","6.0000"
"327.3250","0.3441","6.0000"
"327.3450","0.3441","6.0000"
"327.3650","0.3441","6.0000"
"327.3850","0.3441","5.9999"
"327.4050","0.3441","5.9999"
"327.4250","0.3441","5.9999"
"327.4450","0.3441","6.0000"
"327.4650","0.3441","5.9999"
"327.4850","0.3441","5.9999"
"327.5050","0.3441","5.9998"
"327.5250","0.3441","5.9999"
"327.5450","0.3441","5.9999"
"327.5650","0.3441","5.9999"
"327.5850","0.3441","5.9999"
"327.6050","0.3441","5.9999"
"327.6250","0.3441","5.9999"
"327.6450","0.3441","5.9999"
"327.6650","0.3441","5.9999"
"327.6850","0.3441","5.9999"
"327.7050","0.3441","6.0000"
"327.7250","0.3441","6.0000"
"327.7450","0.3441","6.0000"
"327.7650","0.3441","6.0000"
"327.7850","0.3441","5.9999"
"327.8050","0.3441","5.9998"
"327.8250","0.3442","5.9999"
"327.8450","0.3442","5.9999"
"327.8650","0.3442","6.0000"
"327.8850","0.3442","6.0001"
"327.9050","0.3442","6.0000"
"327.9250","0.3442","6.0000"
"327.9450","0.3442","6.0000"
"327.9650","0.3442","6.0000"
"327.9850","0.3442","6.0000"
"328.0050","0.3442","5.9999"
"328.0250","0.3442","5.9999"
"328.0450","0.3442","6.0000"
"328.0650","0.3442","6.0000"
"328.0850","0.3442","5.9999"
"328.1050","0.3442","6.0000"
"328.1250","0.3442","6.0000"
"328.1450","0.3442","6.0000"
"328.1650","0.3442","6.0001"
"328.1850","0.3442","6.0000"
"328.2050","0.3442","5.9998"
"328.2250","0.3442","5.9999"
"328.2450","0.3442","6.0000"
"328.2650","0.3442","6.0000"
"328.2850","0.3442","5.9999"
"328.3050","0.3442","5.9999"
"328.3250","0.3442","5.9999"
"328.3450","0.3442","6.0000"
"328.3650","0.3442","6.0000"
"328.3850","0.3442","6.0000"
"328.4050","0.3442","6.0000"
"328.4250","0.3442","6.0000"
"328.4450","0.3442","5.9999"
"328.4650","0.3442","6.0000"
"328.4850","0.3442","6.0001"
"328.5050","0.3442","6.0001"
"328.5250","0.3442","6.0000"
"328.5450","0.3442","6.0000"
"328.5650","0.3442","6.0000"
"328.5850","0.3442","5.9999"
"328.6050","0.3442","5.9999"
"328.6250","0.3442","5.9999"
"328.6450","0.3442","5.9999"
"328.6650","0.3442","5.9999"
"328.6850","0.3442","5.9999"
"328.7050","0.3442","6.0000"
"328.7250","0.3442","6.0000"
"328.7450","0.3442","6.0000"
"328.7650","0.3442","5.9999"
"328.7850","0.3442","5.9999"
"328.8050","0.3442","6.0000"
"328.8250","0.3442","5.9999"
"328.8450","0.3442","6.0000"
"328.8650","0.3442","6.0000"
"328.8850","0.3442","6.0000"
"328.9050","0.3442","6.0000"
"328.9250","0.3442","6.0000"
"328.9450","0.3442","6.0000"
"328.9650","0.3442","6.0001"
"328.9850","0.3442","6.0000"
"329.0050","0.3442","6.0000"
"329.0250","0.3442","5.9999"
"329.0450","0.3442","5.9999"
"329.0650","0.3442","6.0000"
"329.0850","0.3442","6.0000"
"329.1050","0.3442","6.0000"
"329.1250","0.3442","6.0000"
"329.1450","0.3442","6.0000"
"329.1650","0.3442","6.0000"
"329.1850","0.3442","6.0000"
"329.2050","0.3442","6.0000"
"329.2250","0.3442","6.0000"
"329.2450","0.3442","6.0000"
"329.2650","0.3442","5.9999"
"329.2850","0.3442","6.0000"
"329.3050","0.3442","6.0000"
"329.3250","0.3442","5.9999"
"329.3450","0.3442","6.0000"
"329.3650","0.3442","6.0000"
"329.3850","0.3442","6.0000"
"329.4050","0.3442","5.9999"
"329.4250","0.3442","5.9999"
"329.4450","0.3442","6.0000"
"329.4650","0.3442","6.0000"
"329.4850","0.3442","6.0000"
"329.5050","0.3442","6.0001"
"329.5250","0.3442","6.0000"
"329.5450","0.3442","6.0000"
"329.5650","0.3442","6.0000"
"329.5850","0.3442","6.0000"
"329.6050","0.3442","6.0000"
"329.6250","0.3442","6.0001"
"329.6450","0.3442","6.0001"
"329.6650","0.3442","6.0001"
"329.6850","0.3442","6.0000"
"329.7050","0.3442","6.0000"
"329.7250","0.3442","6.0000"
"329.7450","0.3442","6.0001"
"329.7650","0.3442","6.0000"
"329.7850","0.3442","6.0000"
"329.8050","0.3442","6.0000"
"329.8250","0.3442","6.0001"
"329.8450","0.3442","6.0001"
"329.8650","0.3442","6.0001"
"329.8850","0.3442","6.0001"
"329.9050","0.3442","6.0000"
"329.9250","0.3442","6.0001"
"329.9450","0.3442","6.0000"
"329.9650","0.3442","5.9999"
"329.9850","0.3442","5.9999"
"330.0050","0.3442","5.9999"
"330.0250","0.3442","5.9999"
"330.0450","0.3442","6.0000"
"330.0650","0.3442","6.0000"
"330.0840","0.3442","6.0000"

