Time,Displacement,Force
(s),(mm),(kN)
"0.0000","0.0000","-0.0002"
"0.0200","0.0000","-0.0002"
"0.0400","0.0001","0.0001"
"0.0600","0.0001","0.0003"
"0.0800","0.0001","0.0004"
"0.1000","0.0001","0.0003"
"0.1200","0.0002","0.0004"
"0.1400","0.0002","0.0004"
"0.1600","0.0002","0.0005"
"0.1800","0.0002","0.0006"
"0.2000","0.0003","0.0008"
"0.2200","0.0003","0.0009"
"0.2400","0.0003","0.0011"
"0.2600","0.0004","0.0011"
"0.2800","0.0004","0.0011"
"0.3000","0.0004","0.0013"
"0.3200","0.0005","0.0014"
"0.3400","0.0005","0.0015"
"0.3600","0.0005","0.0017"
"0.3800","0.0006","0.0018"
"0.4000","0.0006","0.0019"
"0.4200","0.0007","0.0021"
"0.4400","0.0007","0.0023"
"0.4600","0.0008","0.0025"
"0.4800","0.0008","0.0026"
"0.5000","0.0009","0.0028"
"0.5200","0.0009","0.0029"
"0.5400","0.0010","0.0032"
"0.5600","0.0010","0.0034"
"0.5800","0.0011","0.0037"
"0.6000","0.0012","0.0040"
"0.6200","0.0012","0.0041"
"0.6400","0.0013","0.0044"
"0.6600","0.0014","0.0047"
"0.6800","0.0014","0.0049"
"0.7000","0.0015","0.0053"
"0.7200","0.0016","0.0056"
"0.7400","0.0017","0.0059"
"0.7600","0.0018","0.0062"
"0.7800","0.0018","0.0065"
"0.8000","0.0019","0.0068"
"0.8200","0.0020","0.0072"
"0.8400","0.0021","0.0076"
"0.8600","0.0022","0.0079"
"0.8800","0.0023","0.0081"
"0.9000","0.0024","0.0086"
"0.9200","0.0025","0.0090"
"0.9400","0.0027","0.0095"
"0.9600","0.0028","0.0099"
"0.9800","0.0029","0.0103"
"1.0000","0.0030","0.0108"
"1.0200","0.0031","0.0111"
"1.0400","0.0033","0.0116"
"1.0600","0.0034","0.0123"
"1.0800","0.0035","0.0128"
"1.1000","0.0037","0.0134"
"1.1200","0.0039","0.0140"
"1.1400","0.0040","0.0148"
"1.1600","0.0042","0.0155"
"1.1800","0.0044","0.0164"
"1.2000","0.0047","0.0174"
"1.2200","0.0049","0.0185"
"1.2400","0.0052","0.0199"
"1.2600","0.0056","0.0212"
"1.2800","0.0059","0.0225"
"1.3000","0.0062","0.0237"
"1.3200","0.0066","0.0250"
"1.3400","0.0069","0.0264"
"1.3600","0.0072","0.0277"
"1.3800","0.0076","0.0292"
"1.4000","0.0080","0.0308"
"1.4200","0.0084","0.0327"
"1.4400","0.0089","0.0346"
"1.4600","0.0093","0.0365"
"1.4800","0.0098","0.0383"
"1.5000","0.0102","0.0401"
"1.5200","0.0107","0.0419"
"1.5400","0.0111","0.0437"
"1.5600","0.0115","0.0453"
"1.5800","0.0119","0.0467"
"1.6000","0.0123","0.0480"
"1.6200","0.0127","0.0494"
"1.6400","0.0130","0.0506"
"1.6600","0.0133","0.0519"
"1.6800","0.0137","0.0532"
"1.7000","0.0140","0.0546"
"1.7200","0.0144","0.0560"
"1.7400","0.0148","0.0575"
"1.7600","0.0151","0.0589"
"1.7800","0.0155","0.0605"
"1.8000","0.0159","0.0621"
"1.8200","0.0163","0.0638"
"1.8400","0.0167","0.0653"
"1.8600","0.0171","0.0667"
"1.8800","0.0175","0.0683"
"1.9000","0.0179","0.0699"
"1.9200","0.0184","0.0716"
"1.9400","0.0188","0.0733"
"1.9600","0.0192","0.0747"
"1.9800","0.0196","0.0759"
"2.0000","0.0199","0.0771"
"2.0200","0.0203","0.0783"
"2.0400","0.0206","0.0793"
"2.0600","0.0210","0.0805"
"2.0800","0.0213","0.0816"
"2.1000","0.0216","0.0826"
"2.1200","0.0219","0.0835"
"2.1400","0.0222","0.0845"
"2.1600","0.0226","0.0855"
"2.1800","0.0229","0.0865"
"2.2000","0.0232","0.0874"
"2.2200","0.0235","0.0883"
"2.2400","0.0238","0.0894"
"2.2600","0.0241","0.0906"
"2.2800","0.0245","0.0921"
"2.3000","0.0249","0.0936"
"2.3200","0.0254","0.0953"
"2.3400","0.0258","0.0971"
"2.3600","0.0263","0.0988"
"2.3800","0.0267","0.1002"
"2.4000","0.0271","0.1013"
"2.4200","0.0275","0.1025"
"2.4400","0.0279","0.1037"
"2.4600","0.0283","0.1049"
"2.4800","0.0286","0.1062"
"2.5000","0.0290","0.1073"
"2.5200","0.0294","0.1083"
"2.5400","0.0297","0.1092"
"2.5600","0.0301","0.1103"
"2.5800","0.0304","0.1112"
"2.6000","0.0307","0.1122"
"2.6200","0.0310","0.1133"
"2.6400","0.0314","0.1144"
"2.6600","0.0317","0.1155"
"2.6800","0.0321","0.1167"
"2.7000","0.0324","0.1178"
"2.7200","0.0328","0.1189"
"2.7400","0.0331","0.1199"
"2.7600","0.0334","0.1209"
"2.7800","0.0338","0.1221"
"2.8000","0.0341","0.1233"
"2.8200","0.0345","0.1246"
"2.8400","0.0348","0.1259"
"2.8600","0.0352","0.1274"
"2.8800","0.0356","0.1287"
"2.9000","0.0360","0.1301"
"2.9200","0.0363","0.1312"
"2.9400","0.0366","0.1320"
"2.9600","0.0369","0.1328"
"2.9800","0.0372","0.1337"
"3.0000","0.0375","0.1347"
"3.0200","0.0379","0.1358"
"3.0400","0.0382","0.1370"
"3.0600","0.0385","0.1383"
"3.0800","0.0389","0.1395"
"3.1000","0.0392","0.1406"
"3.1200","0.0395","0.1418"
"3.1400","0.0399","0.1431"
"3.1600","0.0402","0.1445"
"3.1800","0.0406","0.1459"
"3.2000","0.0409","0.1474"
"3.2200","0.0413","0.1490"
"3.2400","0.0417","0.1505"
"3.2600","0.0421","0.1520"
"3.2800","0.0425","0.1534"
"3.3000","0.0428","0.1546"
"3.3200","0.0432","0.1557"
"3.3400","0.0435","0.1568"
"3.3600","0.0438","0.1578"
"3.3800","0.0441","0.1590"
"3.4000","0.0444","0.1602"
"3.4200","0.0448","0.1614"
"3.4400","0.0451","0.1627"
"3.4600","0.0454","0.1641"
"3.4800","0.0458","0.1653"
"3.5000","0.0461","0.1663"
"3.5200","0.0464","0.1673"
"3.5400","0.0466","0.1681"
"3.5600","0.0469","0.1689"
"3.5800","0.0472","0.1697"
"3.6000","0.0474","0.1705"
"3.6200","0.0477","0.1715"
"3.6400","0.0479","0.1725"
"3.6600","0.0482","0.1736"
"3.6800","0.0485","0.1748"
"3.7000","0.0488","0.1761"
"3.7200","0.0491","0.1774"
"3.7400","0.0494","0.1786"
"3.7600","0.0497","0.1798"
"3.7800","0.0500","0.1810"
"3.8000","0.0503","0.1822"
"3.8200","0.0505","0.1835"
"3.8400","0.0508","0.1846"
"3.8600","0.0511","0.1859"
"3.8800","0.0514","0.1871"
"3.9000","0.0517","0.1883"
"3.9200","0.0520","0.1893"
"3.9400","0.0522","0.1903"
"3.9600","0.0525","0.1912"
"3.9800","0.0527","0.1920"
"4.0000","0.0530","0.1928"
"4.0200","0.0532","0.1935"
"4.0400","0.0534","0.1942"
"4.0600","0.0536","0.1950"
"4.0800","0.0538","0.1958"
"4.1000","0.0540","0.1966"
"4.1200","0.0543","0.1975"
"4.1400","0.0545","0.1986"
"4.1600","0.0547","0.1996"
"4.1800","0.0550","0.2006"
"4.2000","0.0552","0.2017"
"4.2200","0.0555","0.2028"
"4.2400","0.0557","0.2040"
"4.2600","0.0559","0.2052"
"4.2800","0.0562","0.2062"
"4.3000","0.0564","0.2071"
"4.3200","0.0567","0.2081"
"4.3400","0.0569","0.2091"
"4.3600","0.0571","0.2101"
"4.3800","0.0573","0.2112"
"4.4000","0.0576","0.2123"
"4.4200","0.0579","0.2137"
"4.4400","0.0581","0.2152"
"4.4600","0.0584","0.2167"
"4.4800","0.0587","0.2183"
"4.5000","0.0590","0.2197"
"4.5200","0.0593","0.2209"
"4.5400","0.0595","0.2221"
"4.5600","0.0598","0.2233"
"4.5800","0.0600","0.2244"
"4.6000","0.0603","0.2254"
"4.6200","0.0605","0.2266"
"4.6400","0.0608","0.2276"
"4.6600","0.0610","0.2286"
"4.6800","0.0612","0.2296"
"4.7000","0.0615","0.2306"
"4.7200","0.0617","0.2315"
"4.7400","0.0619","0.2325"
"4.7600","0.0621","0.2335"
"4.7800","0.0623","0.2344"
"4.8000","0.0625","0.2352"
"4.8200","0.0627","0.2360"
"4.8400","0.0629","0.2367"
"4.8600","0.0631","0.2375"
"4.8800","0.0633","0.2381"
"4.9000","0.0635","0.2389"
"4.9200","0.0636","0.2396"
"4.9400","0.0638","0.2404"
"4.9600","0.0640","0.2413"
"4.9800","0.0642","0.2423"
"5.0000","0.0644","0.2433"
"5.0200","0.0646","0.2445"
"5.0400","0.0648","0.2457"
"5.0600","0.0651","0.2467"
"5.0800","0.0653","0.2480"
"5.1000","0.0655","0.2493"
"5.1200","0.0657","0.2506"
"5.1400","0.0660","0.2517"
"5.1600","0.0662","0.2529"
"5.1800","0.0664","0.2540"
"5.2000","0.0666","0.2550"
"5.2200","0.0668","0.2560"
"5.2400","0.0670","0.2569"
"5.2600","0.0672","0.2578"
"5.2800","0.0674","0.2588"
"5.3000","0.0676","0.2599"
"5.3200","0.0678","0.2610"
"5.3400","0.0680","0.2622"
"5.3600","0.0683","0.2635"
"5.3800","0.0685","0.2647"
"5.4000","0.0687","0.2660"
"5.4200","0.0689","0.2673"
"5.4400","0.0692","0.2685"
"5.4600","0.0694","0.2696"
"5.4800","0.0696","0.2707"
"5.5000","0.0698","0.2717"
"5.5200","0.0700","0.2728"
"5.5400","0.0702","0.2740"
"5.5600","0.0704","0.2751"
"5.5800","0.0707","0.2762"
"5.6000","0.0709","0.2775"
"5.6200","0.0711","0.2786"
"5.6400","0.0713","0.2797"
"5.6600","0.0715","0.2809"
"5.6800","0.0717","0.2820"
"5.7000","0.0719","0.2831"
"5.7200","0.0721","0.2843"
"5.7400","0.0723","0.2853"
"5.7600","0.0725","0.2863"
"5.7800","0.0727","0.2872"
"5.8000","0.0729","0.2881"
"5.8200","0.0731","0.2890"
"5.8400","0.0733","0.2898"
"5.8600","0.0734","0.2906"
"5.8800","0.0736","0.2914"
"5.9000","0.0738","0.2922"
"5.9200","0.0739","0.2931"
"5.9400","0.0741","0.2940"
"5.9600","0.0743","0.2950"
"5.9800","0.0745","0.2961"
"6.0000","0.0747","0.2971"
"6.0200","0.0748","0.2982"
"6.0400","0.0750","0.2993"
"6.0600","0.0752","0.3004"
"6.0800","0.0754","0.3016"
"6.1000","0.0756","0.3028"
"6.1200","0.0758","0.3039"
"6.1400","0.0760","0.3050"
"6.1600","0.0762","0.3061"
"6.1800","0.0764","0.3071"
"6.2000","0.0766","0.3080"
"6.2200","0.0767","0.3088"
"6.2400","0.0769","0.3097"
"6.2600","0.0771","0.3106"
"6.2800","0.0772","0.3114"
"6.3000","0.0774","0.3123"
"6.3200","0.0776","0.3132"
"6.3400","0.0777","0.3143"
"6.3600","0.0779","0.3154"
"6.3800","0.0781","0.3165"
"6.4000","0.0783","0.3177"
"6.4200","0.0785","0.3189"
"6.4400","0.0787","0.3201"
"6.4600","0.0789","0.3213"
"6.4800","0.0791","0.3225"
"6.5000","0.0792","0.3236"
"6.5200","0.0794","0.3247"
"6.5400","0.0796","0.3257"
"6.5600","0.0798","0.3267"
"6.5800","0.0800","0.3277"
"6.6000","0.0801","0.3289"
"6.6200","0.0803","0.3300"
"6.6400","0.0805","0.3311"
"6.6600","0.0807","0.3322"
"6.6800","0.0809","0.3333"
"6.7000","0.0811","0.3345"
"6.7200","0.0812","0.3356"
"6.7400","0.0814","0.3366"
"6.7600","0.0816","0.3376"
"6.7800","0.0818","0.3387"
"6.8000","0.0819","0.3396"
"6.8200","0.0821","0.3405"
"6.8400","0.0823","0.3414"
"6.8600","0.0824","0.3422"
"6.8800","0.0826","0.3430"
"6.9000","0.0827","0.3437"
"6.9200","0.0829","0.3444"
"6.9400","0.0830","0.3450"
"6.9600","0.0831","0.3457"
"6.9800","0.0833","0.3464"
"7.0000","0.0834","0.3471"
"7.0200","0.0836","0.3478"
"7.0400","0.0837","0.3486"
"7.0600","0.0838","0.3493"
"7.0800","0.0840","0.3501"
"7.1000","0.0841","0.3510"
"7.1200","0.0843","0.3520"
"7.1400","0.0844","0.3531"
"7.1600","0.0846","0.3541"
"7.1800","0.0848","0.3553"
"7.2000","0.0849","0.3564"
"7.2200","0.0851","0.3575"
"7.2400","0.0853","0.3586"
"7.2600","0.0854","0.3599"
"7.2800","0.0856","0.3611"
"7.3000","0.0858","0.3623"
"7.3200","0.0859","0.3634"
"7.3400","0.0861","0.3645"
"7.3600","0.0863","0.3655"
"7.3800","0.0864","0.3663"
"7.4000","0.0866","0.3672"
"7.4200","0.0867","0.3681"
"7.4400","0.0869","0.3690"
"7.4600","0.0870","0.3699"
"7.4800","0.0872","0.3708"
"7.5000","0.0873","0.3718"
"7.5200","0.0875","0.3728"
"7.5400","0.0876","0.3738"
"7.5600","0.0878","0.3749"
"7.5800","0.0880","0.3761"
"7.6000","0.0882","0.3774"
"7.6200","0.0883","0.3787"
"7.6400","0.0885","0.3800"
"7.6600","0.0887","0.3813"
"7.6800","0.0889","0.3826"
"7.7000","0.0891","0.3839"
"7.7200","0.0892","0.3851"
"7.7400","0.0894","0.3862"
"7.7600","0.0896","0.3873"
"7.7800","0.0897","0.3883"
"7.8000","0.0899","0.3894"
"7.8200","0.0901","0.3904"
"7.8400","0.0902","0.3913"
"7.8600","0.0904","0.3922"
"7.8800","0.0905","0.3931"
"7.9000","0.0907","0.3942"
"7.9200","0.0908","0.3951"
"7.9400","0.0910","0.3961"
"7.9600","0.0911","0.3969"
"7.9800","0.0913","0.3977"
"8.0000","0.0914","0.3985"
"8.0200","0.0916","0.3994"
"8.0400","0.0917","0.4002"
"8.0600","0.0918","0.4009"
"8.0800","0.0920","0.4018"
"8.1000","0.0921","0.4026"
"8.1200","0.0923","0.4034"
"8.1400","0.0924","0.4041"
"8.1600","0.0925","0.4048"
"8.1800","0.0926","0.4055"
"8.2000","0.0928","0.4062"
"8.2200","0.0929","0.4069"
"8.2400","0.0930","0.4076"
"8.2600","0.0931","0.4083"
"8.2800","0.0933","0.4090"
"8.3000","0.0934","0.4097"
"8.3200","0.0935","0.4104"
"8.3400","0.0936","0.4112"
"8.3600","0.0938","0.4121"
"8.3800","0.0939","0.4129"
"8.4000","0.0940","0.4138"
"8.4200","0.0942","0.4147"
"8.4400","0.0943","0.4157"
"8.4600","0.0944","0.4167"
"8.4800","0.0946","0.4177"
"8.5000","0.0947","0.4188"
"8.5200","0.0949","0.4200"
"8.5400","0.0950","0.4211"
"8.5600","0.0952","0.4223"
"8.5800","0.0953","0.4235"
"8.6000","0.0955","0.4247"
"8.6200","0.0956","0.4258"
"8.6400","0.0958","0.4271"
"8.6600","0.0960","0.4283"
"8.6800","0.0961","0.4295"
"8.7000","0.0963","0.4307"
"8.7200","0.0964","0.4318"
"8.7400","0.0966","0.4329"
"8.7600","0.0967","0.4339"
"8.7800","0.0969","0.4350"
"8.8000","0.0970","0.4359"
"8.8200","0.0972","0.4370"
"8.8400","0.0973","0.4382"
"8.8600","0.0975","0.4393"
"8.8800","0.0976","0.4405"
"8.9000","0.0978","0.4418"
"8.9200","0.0980","0.4431"
"8.9400","0.0981","0.4444"
"8.9600","0.0983","0.4458"
"8.9800","0.0985","0.4472"
"9.0000","0.0987","0.4486"
"9.0200","0.0988","0.4498"
"9.0400","0.0990","0.4510"
"9.0600","0.0992","0.4522"
"9.0800","0.0993","0.4533"
"9.1000","0.0995","0.4543"
"9.1200","0.0996","0.4552"
"9.1400","0.0998","0.4562"
"9.1600","0.0999","0.4572"
"9.1800","0.1001","0.4581"
"9.2000","0.1002","0.4590"
"9.2200","0.1003","0.4599"
"9.2400","0.1005","0.4608"
"9.2600","0.1006","0.4617"
"9.2800","0.1008","0.4627"
"9.3000","0.1009","0.4636"
"9.3200","0.1010","0.4645"
"9.3400","0.1012","0.4655"
"9.3600","0.1013","0.4664"
"9.3800","0.1014","0.4673"
"9.4000","0.1016","0.4682"
"9.4200","0.1017","0.4691"
"9.4400","0.1019","0.4700"
"9.4600","0.1020","0.4709"
"9.4800","0.1021","0.4719"
"9.5000","0.1023","0.4729"
"9.5200","0.1024","0.4738"
"9.5400","0.1025","0.4747"
"9.5600","0.1027","0.4754"
"9.5800","0.1028","0.4763"
"9.6000","0.1029","0.4772"
"9.6200","0.1030","0.4780"
"9.6400","0.1032","0.4789"
"9.6600","0.1033","0.4798"
"9.6800","0.1034","0.4806"
"9.7000","0.1035","0.4814"
"9.7200","0.1037","0.4823"
"9.7400","0.1038","0.4833"
"9.7600","0.1039","0.4844"
"9.7800","0.1041","0.4854"
"9.8000","0.1042","0.4865"
"9.8200","0.1044","0.4877"
"9.8400","0.1045","0.4889"
"9.8600","0.1047","0.4901"
"9.8800","0.1048","0.4915"
"9.9000","0.1050","0.4929"
"9.9200","0.1051","0.4943"
"9.9400","0.1053","0.4956"
"9.9600","0.1055","0.4970"
"9.9800","0.1056","0.4984"
"10.0000","0.1058","0.4998"
"10.0200","0.1059","0.5011"
"10.0400","0.1061","0.5024"
"10.0600","0.1063","0.5035"
"10.0800","0.1064","0.5045"
"10.1000","0.1065","0.5055"
"10.1200","0.1067","0.5065"
"10.1400","0.1068","0.5074"
"10.1600","0.1070","0.5083"
"10.1800","0.1071","0.5091"
"10.2000","0.1072","0.5100"
"10.2200","0.1074","0.5108"
"10.2400","0.1075","0.5117"
"10.2600","0.1076","0.5125"
"10.2800","0.1077","0.5134"
"10.3000","0.1079","0.5145"
"10.3200","0.1080","0.5155"
"10.3400","0.1081","0.5164"
"10.3600","0.1083","0.5174"
"10.3800","0.1084","0.5184"
"10.4000","0.1086","0.5194"
"10.4200","0.1087","0.5204"
"10.4400","0.1088","0.5215"
"10.4600","0.1090","0.5224"
"10.4800","0.1091","0.5233"
"10.5000","0.1092","0.5241"
"10.5200","0.1093","0.5250"
"10.5400","0.1095","0.5259"
"10.5600","0.1096","0.5267"
"10.5800","0.1097","0.5276"
"10.6000","0.1098","0.5283"
"10.6200","0.1099","0.5291"
"10.6400","0.1101","0.5299"
"10.6600","0.1102","0.5307"
"10.6800","0.1103","0.5316"
"10.7000","0.1104","0.5325"
"10.7200","0.1105","0.5333"
"10.7400","0.1107","0.5342"
"10.7600","0.1108","0.5351"
"10.7800","0.1109","0.5361"
"10.8000","0.1110","0.5371"
"10.8200","0.1112","0.5380"
"10.8400","0.1113","0.5390"
"10.8600","0.1114","0.5400"
"10.8800","0.1116","0.5410"
"10.9000","0.1117","0.5420"
"10.9200","0.1118","0.5430"
"10.9400","0.1119","0.5441"
"10.9600","0.1121","0.5451"
"10.9800","0.1122","0.5462"
"11.0000","0.1123","0.5472"
"11.0200","0.1125","0.5482"
"11.0400","0.1126","0.5492"
"11.0600","0.1127","0.5502"
"11.0800","0.1128","0.5511"
"11.1000","0.1130","0.5521"
"11.1200","0.1131","0.5530"
"11.1400","0.1132","0.5539"
"11.1600","0.1133","0.5548"
"11.1800","0.1135","0.5558"
"11.2000","0.1136","0.5568"
"11.2200","0.1137","0.5578"
"11.2400","0.1139","0.5588"
"11.2600","0.1140","0.5598"
"11.2800","0.1141","0.5608"
"11.3000","0.1143","0.5620"
"11.3200","0.1144","0.5631"
"11.3400","0.1145","0.5643"
"11.3600","0.1147","0.5654"
"11.3800","0.1148","0.5667"
"11.4000","0.1149","0.5678"
"11.4200","0.1151","0.5689"
"11.4400","0.1152","0.5702"
"11.4600","0.1154","0.5714"
"11.4800","0.1155","0.5725"
"11.5000","0.1156","0.5736"
"11.5200","0.1158","0.5748"
"11.5400","0.1159","0.5759"
"11.5600","0.1161","0.5769"
"11.5800","0.1162","0.5779"
"11.6000","0.1163","0.5788"
"11.6200","0.1164","0.5797"
"11.6400","0.1166","0.5806"
"11.6600","0.1167","0.5815"
"11.6800","0.1168","0.5823"
"11.7000","0.1169","0.5830"
"11.7200","0.1171","0.5838"
"11.7400","0.1172","0.5846"
"11.7600","0.1173","0.5855"
"11.7800","0.1174","0.5864"
"11.8000","0.1175","0.5872"
"11.8200","0.1177","0.5882"
"11.8400","0.1178","0.5891"
"11.8600","0.1179","0.5902"
"11.8800","0.1181","0.5912"
"11.9000","0.1182","0.5922"
"11.9200","0.1183","0.5934"
"11.9400","0.1184","0.5944"
"11.9600","0.1186","0.5954"
"11.9800","0.1187","0.5964"
"12.0000","0.1188","0.5974"
"12.0200","0.1190","0.5985"
"12.0400","0.1191","0.5995"
"12.0600","0.1192","0.6004"
"12.0800","0.1193","0.6014"
"12.1000","0.1195","0.6023"
"12.1200","0.1196","0.6033"
"12.1400","0.1197","0.6042"
"12.1600","0.1198","0.6051"
"12.1800","0.1200","0.6061"
"12.2000","0.1201","0.6070"
"12.2200","0.1202","0.6080"
"12.2400","0.1204","0.6090"
"12.2600","0.1205","0.6101"
"12.2800","0.1206","0.6111"
"12.3000","0.1208","0.6122"
"12.3200","0.1209","0.6134"
"12.3400","0.1210","0.6145"
"12.3600","0.1212","0.6156"
"12.3800","0.1213","0.6167"
"12.4000","0.1214","0.6177"
"12.4200","0.1216","0.6188"
"12.4400","0.1217","0.6199"
"12.4600","0.1218","0.6210"
"12.4800","0.1220","0.6221"
"12.5000","0.1221","0.6232"
"12.5200","0.1222","0.6242"
"12.5400","0.1224","0.6252"
"12.5600","0.1225","0.6262"
"12.5800","0.1226","0.6271"
"12.6000","0.1228","0.6280"
"12.6200","0.1229","0.6290"
"12.6400","0.1230","0.6298"
"12.6600","0.1231","0.6307"
"12.6800","0.1233","0.6315"
"12.7000","0.1234","0.6324"
"12.7200","0.1235","0.6332"
"12.7400","0.1236","0.6340"
"12.7600","0.1237","0.6349"
"12.7800","0.1239","0.6358"
"12.8000","0.1240","0.6367"
"12.8200","0.1241","0.6376"
"12.8400","0.1242","0.6386"
"12.8600","0.1244","0.6396"
"12.8800","0.1245","0.6406"
"12.9000","0.1246","0.6416"
"12.9200","0.1247","0.6427"
"12.9400","0.1249","0.6437"
"12.9600","0.1250","0.6447"
"12.9800","0.1251","0.6459"
"13.0000","0.1253","0.6470"
"13.0200","0.1254","0.6481"
"13.0400","0.1255","0.6492"
"13.0600","0.1257","0.6503"
"13.0800","0.1258","0.6513"
"13.1000","0.1259","0.6523"
"13.1200","0.1261","0.6533"
"13.1400","0.1262","0.6543"
"13.1600","0.1263","0.6552"
"13.1800","0.1265","0.6561"
"13.2000","0.1266","0.6570"
"13.2200","0.1267","0.6578"
"13.2400","0.1268","0.6586"
"13.2600","0.1270","0.6594"
"13.2800","0.1271","0.6602"
"13.3000","0.1272","0.6610"
"13.3200","0.1273","0.6618"
"13.3400","0.1274","0.6626"
"13.3600","0.1276","0.6634"
"13.3800","0.1277","0.6644"
"13.4000","0.1278","0.6653"
"13.4200","0.1279","0.6664"
"13.4400","0.1281","0.6674"
"13.4600","0.1282","0.6685"
"13.4800","0.1283","0.6698"
"13.5000","0.1285","0.6709"
"13.5200","0.1286","0.6722"
"13.5400","0.1288","0.6734"
"13.5600","0.1289","0.6746"
"13.5800","0.1291","0.6758"
"13.6000","0.1292","0.6771"
"13.6200","0.1294","0.6783"
"13.6400","0.1295","0.6795"
"13.6600","0.1296","0.6806"
"13.6800","0.1298","0.6817"
"13.7000","0.1299","0.6828"
"13.7200","0.1301","0.6838"
"13.7400","0.1302","0.6850"
"13.7600","0.1304","0.6862"
"13.7800","0.1305","0.6873"
"13.8000","0.1307","0.6883"
"13.8200","0.1308","0.6894"
"13.8400","0.1309","0.6907"
"13.8600","0.1311","0.6917"
"13.8800","0.1312","0.6929"
"13.9000","0.1314","0.6940"
"13.9200","0.1315","0.6951"
"13.9400","0.1317","0.6961"
"13.9600","0.1318","0.6971"
"13.9800","0.1320","0.6982"
"14.0000","0.1321","0.6993"
"14.0200","0.1323","0.7002"
"14.0400","0.1324","0.7013"
"14.0600","0.1325","0.7022"
"14.0800","0.1327","0.7031"
"14.1000","0.1328","0.7039"
"14.1200","0.1330","0.7048"
"14.1400","0.1331","0.7055"
"14.1600","0.1332","0.7064"
"14.1800","0.1334","0.7072"
"14.2000","0.1335","0.7079"
"14.2200","0.1336","0.7086"
"14.2400","0.1337","0.7095"
"14.2600","0.1339","0.7103"
"14.2800","0.1340","0.7111"
"14.3000","0.1341","0.7119"
"14.3200","0.1343","0.7128"
"14.3400","0.1344","0.7138"
"14.3600","0.1346","0.7147"
"14.3800","0.1347","0.7157"
"14.4000","0.1348","0.7167"
"14.4200","0.1350","0.7178"
"14.4400","0.1351","0.7189"
"14.4600","0.1353","0.7200"
"14.4800","0.1354","0.7211"
"14.5000","0.1356","0.7223"
"14.5200","0.1357","0.7234"
"14.5400","0.1359","0.7244"
"14.5600","0.1360","0.7256"
"14.5800","0.1362","0.7267"
"14.6000","0.1363","0.7277"
"14.6200","0.1364","0.7285"
"14.6400","0.1366","0.7295"
"14.6600","0.1367","0.7303"
"14.6800","0.1369","0.7312"
"14.7000","0.1370","0.7321"
"14.7200","0.1372","0.7329"
"14.7400","0.1373","0.7337"
"14.7600","0.1374","0.7346"
"14.7800","0.1376","0.7355"
"14.8000","0.1377","0.7365"
"14.8200","0.1379","0.7376"
"14.8400","0.1380","0.7387"
"14.8600","0.1382","0.7400"
"14.8800","0.1383","0.7412"
"14.9000","0.1385","0.7425"
"14.9200","0.1387","0.7438"
"14.9400","0.1388","0.7451"
"14.9600","0.1390","0.7462"
"14.9800","0.1391","0.7473"
"15.0000","0.1393","0.7484"
"15.0200","0.1395","0.7494"
"15.0400","0.1396","0.7504"
"15.0600","0.1398","0.7513"
"15.0800","0.1399","0.7523"
"15.1000","0.1401","0.7533"
"15.1200","0.1402","0.7542"
"15.1400","0.1404","0.7552"
"15.1600","0.1405","0.7561"
"15.1800","0.1407","0.7572"
"15.2000","0.1409","0.7581"
"15.2200","0.1410","0.7591"
"15.2400","0.1412","0.7602"
"15.2600","0.1413","0.7611"
"15.2800","0.1415","0.7620"
"15.3000","0.1416","0.7629"
"15.3200","0.1418","0.7639"
"15.3400","0.1419","0.7648"
"15.3600","0.1421","0.7657"
"15.3800","0.1422","0.7666"
"15.4000","0.1424","0.7675"
"15.4200","0.1425","0.7684"
"15.4400","0.1427","0.7693"
"15.4600","0.1428","0.7701"
"15.4800","0.1430","0.7708"
"15.5000","0.1431","0.7715"
"15.5200","0.1433","0.7722"
"15.5400","0.1434","0.7729"
"15.5600","0.1435","0.7736"
"15.5800","0.1437","0.7744"
"15.6000","0.1438","0.7753"
"15.6200","0.1440","0.7762"
"15.6400","0.1441","0.7770"
"15.6600","0.1443","0.7780"
"15.6800","0.1444","0.7790"
"15.7000","0.1446","0.7801"
"15.7200","0.1447","0.7812"
"15.7400","0.1449","0.7824"
"15.7600","0.1451","0.7837"
"15.7800","0.1452","0.7849"
"15.8000","0.1454","0.7862"
"15.8200","0.1456","0.7874"
"15.8400","0.1457","0.7886"
"15.8600","0.1459","0.7899"
"15.8800","0.1461","0.7910"
"15.9000","0.1463","0.7921"
"15.9200","0.1464","0.7932"
"15.9400","0.1466","0.7941"
"15.9600","0.1467","0.7950"
"15.9800","0.1469","0.7958"
"16.0000","0.1471","0.7966"
"16.0200","0.1472","0.7975"
"16.0400","0.1474","0.7983"
"16.0600","0.1475","0.7988"
"16.0800","0.1476","0.7989"
"16.1000","0.1478","0.7990"
"16.1200","0.1479","0.7991"
"16.1400","0.1480","0.7992"
"16.1600","0.1481","0.7993"
"16.1800","0.1482","0.7995"
"16.2000","0.1483","0.7997"
"16.2200","0.1484","0.7999"
"16.2330","0.1485","0.8000"
"16.2340","0.1485","0.8000"
"16.2350","0.1485","0.8000"
"16.2550","0.1486","0.8001"
"16.2750","0.1487","0.7998"
"16.2950","0.1488","0.7988"
"16.3150","0.1488","0.7973"
"16.3350","0.1488","0.7956"
"16.3550","0.1488","0.7940"
"16.3750","0.1488","0.7923"
"16.3950","0.1488","0.7907"
"16.4150","0.1488","0.7892"
"16.4350","0.1488","0.7876"
"16.4550","0.1488","0.7862"
"16.4750","0.1488","0.7849"
"16.4950","0.1488","0.7837"
"16.5150","0.1488","0.7825"
"16.5350","0.1488","0.7812"
"16.5550","0.1488","0.7800"
"16.5750","0.1488","0.7789"
"16.5950","0.1488","0.7780"
"16.6150","0.1488","0.7769"
"16.6350","0.1488","0.7758"
"16.6550","0.1488","0.7749"
"16.6750","0.1488","0.7739"
"16.6950","0.1488","0.7730"
"16.7150","0.1488","0.7720"
"16.7350","0.1488","0.7712"
"16.7550","0.1488","0.7704"
"16.7750","0.1488","0.7695"
"16.7950","0.1488","0.7686"
"16.8150","0.1488","0.7678"
"16.8350","0.1488","0.7671"
"16.8550","0.1488","0.7662"
"16.8750","0.1488","0.7654"
"16.8950","0.1488","0.7647"
"16.9150","0.1488","0.7641"
"16.9350","0.1488","0.7633"
"16.9550","0.1488","0.7627"
"16.9750","0.1488","0.7619"
"16.9950","0.1488","0.7613"
"17.0150","0.1488","0.7606"
"17.0350","0.1488","0.7599"
"17.0550","0.1488","0.7593"
"17.0750","0.1488","0.7587"
"17.0950","0.1488","0.7581"
"17.1150","0.1488","0.7575"
"17.1350","0.1488","0.7569"
"17.1550","0.1488","0.7563"
"17.1750","0.1488","0.7557"
"17.1950","0.1488","0.7551"
"17.2150","0.1488","0.7546"
"17.2350","0.1488","0.7540"
"17.2550","0.1488","0.7535"
"17.2750","0.1488","0.7530"
"17.2950","0.1487","0.7524"
"17.3150","0.1487","0.7519"
"17.3350","0.1487","0.7514"
"17.3550","0.1487","0.7509"
"17.3750","0.1487","0.7504"
"17.3950","0.1487","0.7500"
"17.4150","0.1487","0.7494"
"17.4350","0.1487","0.7489"
"17.4550","0.1487","0.7485"
"17.4750","0.1487","0.7480"
"17.4950","0.1487","0.7475"
"17.5150","0.1487","0.7471"
"17.5350","0.1487","0.7467"
"17.5550","0.1487","0.7462"
"17.5750","0.1487","0.7457"
"17.5950","0.1487","0.7451"
"17.6150","0.1487","0.7448"
"17.6350","0.1487","0.7445"
"17.6550","0.1487","0.7440"
"17.6750","0.1487","0.7436"
"17.6950","0.1487","0.7431"
"17.7150","0.1487","0.7428"
"17.7350","0.1487","0.7424"
"17.7550","0.1487","0.7420"
"17.7750","0.1487","0.7416"
"17.7950","0.1487","0.7412"
"17.8150","0.1487","0.7408"
"17.8350","0.1487","0.7404"
"17.8550","0.1487","0.7400"
"17.8750","0.1487","0.7396"
"17.8950","0.1487","0.7393"
"17.9150","0.1487","0.7390"
"17.9350","0.1487","0.7386"
"17.9550","0.1487","0.7382"
"17.9750","0.1487","0.7378"
"17.9950","0.1487","0.7375"
"18.0150","0.1487","0.7370"
"18.0350","0.1487","0.7368"
"18.0550","0.1487","0.7365"
"18.0750","0.1487","0.7361"
"18.0950","0.1487","0.7358"
"18.1150","0.1487","0.7354"
"18.1350","0.1487","0.7350"
"18.1550","0.1487","0.7348"
"18.1750","0.1487","0.7344"
"18.1950","0.1487","0.7340"
"18.2150","0.1487","0.7338"
"18.2350","0.1487","0.7334"
"18.2550","0.1487","0.7331"
"18.2750","0.1487","0.7327"
"18.2950","0.1487","0.7324"
"18.3150","0.1487","0.7321"
"18.3350","0.1487","0.7318"
"18.3550","0.1487","0.7316"
"18.3750","0.1487","0.7313"
"18.3950","0.1487","0.7310"
"18.4150","0.1487","0.7307"
"18.4350","0.1487","0.7304"
"18.4550","0.1487","0.7302"
"18.4750","0.1487","0.7298"
"18.4950","0.1487","0.7295"
"18.5150","0.1487","0.7291"
"18.5350","0.1487","0.7289"
"18.5550","0.1487","0.7286"
"18.5750","0.1487","0.7283"
"18.5950","0.1487","0.7280"
"18.6150","0.1487","0.7278"
"18.6350","0.1487","0.7275"
"18.6550","0.1487","0.7272"
"18.6750","0.1487","0.7270"
"18.6950","0.1487","0.7268"
"18.7150","0.1487","0.7264"
"18.7350","0.1487","0.7261"
"18.7550","0.1487","0.7259"
"18.7750","0.1487","0.7256"
"18.7950","0.1487","0.7254"
"18.8150","0.1487","0.7251"
"18.8350","0.1487","0.7248"
"18.8550","0.1487","0.7245"
"18.8750","0.1487","0.7242"
"18.8950","0.1487","0.7240"
"18.9150","0.1487","0.7238"
"18.9350","0.1487","0.7237"
"18.9550","0.1487","0.7234"
"18.9750","0.1487","0.7231"
"18.9950","0.1487","0.7228"
"19.0150","0.1487","0.7227"
"19.0350","0.1487","0.7224"
"19.0550","0.1487","0.7220"
"19.0750","0.1487","0.7217"
"19.0950","0.1487","0.7216"
"19.1150","0.1487","0.7213"
"19.1350","0.1487","0.7211"
"19.1550","0.1487","0.7210"
"19.1750","0.1487","0.7208"
"19.1950","0.1487","0.7205"
"19.2150","0.1487","0.7203"
"19.2350","0.1487","0.7201"
"19.2550","0.1487","0.7198"
"19.2750","0.1487","0.7196"
"19.2950","0.1487","0.7193"
"19.3150","0.1487","0.7191"
"19.3350","0.1487","0.7190"
"19.3550","0.1487","0.7188"
"19.3750","0.1487","0.7185"
"19.3950","0.1487","0.7183"
"19.4150","0.1487","0.7180"
"19.4350","0.1487","0.7178"
"19.4550","0.1487","0.7176"
"19.4750","0.1487","0.7174"
"19.4950","0.1487","0.7172"
"19.5150","0.1487","0.7169"
"19.5350","0.1487","0.7167"
"19.5550","0.1487","0.7165"
"19.5750","0.1487","0.7164"
"19.5950","0.1487","0.7162"
"19.6150","0.1487","0.7160"
"19.6350","0.1487","0.7157"
"19.6550","0.1487","0.7155"
"19.6750","0.1486","0.7153"
"19.6950","0.1486","0.7151"
"19.7150","0.1486","0.7149"
"19.7350","0.1486","0.7146"
"19.7550","0.1486","0.7144"
"19.7750","0.1486","0.7143"
"19.7950","0.1486","0.7141"
"19.8150","0.1486","0.7139"
"19.8350","0.1486","0.7137"
"19.8550","0.1486","0.7135"
"19.8750","0.1486","0.7133"
"19.8950","0.1486","0.7131"
"19.9150","0.1486","0.7129"
"19.9350","0.1486","0.7128"
"19.9550","0.1486","0.7126"
"19.9750","0.1486","0.7124"
"19.9950","0.1486","0.7121"
"20.0150","0.1486","0.7118"
"20.0350","0.1486","0.7118"
"20.0550","0.1486","0.7117"
"20.0750","0.1486","0.7115"
"20.0950","0.1486","0.7112"
"20.1150","0.1486","0.7110"
"20.1350","0.1486","0.7108"
"20.1550","0.1486","0.7106"
"20.1750","0.1486","0.7104"
"20.1950","0.1486","0.7103"
"20.2150","0.1486","0.7102"
"20.2350","0.1486","0.7100"
"20.2550","0.1486","0.7097"
"20.2750","0.1486","0.7095"
"20.2950","0.1486","0.7094"
"20.3150","0.1486","0.7092"
"20.3350","0.1486","0.7091"
"20.3550","0.1486","0.7089"
"20.3750","0.1486","0.7088"
"20.3950","0.1486","0.7086"
"20.4150","0.1486","0.7084"
"20.4350","0.1486","0.7082"
"20.4550","0.1486","0.7081"
"20.4750","0.1486","0.7079"
"20.4950","0.1486","0.7076"
"20.5150","0.1486","0.7075"
"20.5350","0.1486","0.7074"
"20.5550","0.1486","0.7072"
"20.5750","0.1486","0.7071"
"20.5950","0.1486","0.7069"
"20.6150","0.1486","0.7068"
"20.6350","0.1486","0.7066"
"20.6550","0.1486","0.7063"
"20.6750","0.1486","0.7061"
"20.6950","0.1486","0.7061"
"20.7150","0.1486","0.7060"
"20.7350","0.1486","0.7057"
"20.7550","0.1486","0.7055"
"20.7750","0.1486","0.7054"
"20.7950","0.1486","0.7053"
"20.8150","0.1486","0.7052"
"20.8350","0.1486","0.7050"
"20.8550","0.1486","0.7049"
"20.8750","0.1486","0.7047"
"20.8950","0.1486","0.7045"
"20.9150","0.1486","0.7043"
"20.9350","0.1486","0.7042"
"20.9550","0.1486","0.7040"
"20.9750","0.1486","0.7038"
"20.9950","0.1486","0.7036"
"21.0150","0.1486","0.7035"
"21.0350","0.1486","0.7033"
"21.0550","0.1486","0.7033"
"21.0750","0.1486","0.7031"
"21.0950","0.1486","0.7029"
"21.1150","0.1486","0.7027"
"21.1350","0.1486","0.7025"
"21.1550","0.1486","0.7025"
"21.1750","0.1486","0.7024"
"21.1950","0.1486","0.7022"
"21.2150","0.1486","0.7021"
"21.2350","0.1486","0.7020"
"21.2550","0.1486","0.7017"
"21.2750","0.1486","0.7015"
"21.2950","0.1486","0.7014"
"21.3150","0.1486","0.7013"
"21.3350","0.1486","0.7012"
"21.3550","0.1486","0.7010"
"21.3750","0.1486","0.7008"
"21.3950","0.1486","0.7007"
"21.4150","0.1486","0.7006"
"21.4350","0.1486","0.7005"
"21.4550","0.1486","0.7003"
"21.4750","0.1486","0.7001"
"21.4950","0.1486","0.6999"
"21.5150","0.1486","0.6998"
"21.5350","0.1486","0.6997"
"21.5550","0.1486","0.6996"
"21.5750","0.1486","0.6995"
"21.5950","0.1486","0.6994"
"21.6150","0.1486","0.6993"
"21.6350","0.1486","0.6991"
"21.6550","0.1486","0.6989"
"21.6750","0.1486","0.6988"
"21.6950","0.1486","0.6986"
"21.7150","0.1486","0.6984"
"21.7350","0.1486","0.6984"
"21.7550","0.1486","0.6982"
"21.7750","0.1486","0.6981"
"21.7950","0.1486","0.6980"
"21.8150","0.1486","0.6979"
"21.8350","0.1486","0.6977"
"21.8550","0.1486","0.6975"
"21.8750","0.1486","0.6974"
"21.8950","0.1486","0.6972"
"21.9150","0.1486","0.6971"
"21.9350","0.1486","0.6969"
"21.9550","0.1486","0.6969"
"21.9750","0.1486","0.6967"
"21.9950","0.1486","0.6965"
"22.0150","0.1486","0.6964"
"22.0350","0.1486","0.6963"
"22.0550","0.1486","0.6961"
"22.0750","0.1486","0.6960"
"22.0950","0.1486","0.6959"
"22.1150","0.1486","0.6958"
"22.1350","0.1486","0.6957"
"22.1550","0.1486","0.6955"
"22.1750","0.1486","0.6954"
"22.1950","0.1486","0.6953"
"22.2150","0.1486","0.6952"
"22.2350","0.1486","0.6950"
"22.2550","0.1486","0.6949"
"22.2750","0.1486","0.6947"
"22.2950","0.1486","0.6947"
"22.3150","0.1486","0.6946"
"22.3350","0.1486","0.6945"
"22.3550","0.1486","0.6944"
"22.3750","0.1486","0.6942"
"22.3950","0.1486","0.6941"
"22.4150","0.1486","0.6940"
"22.4350","0.1486","0.6939"
"22.4550","0.1486","0.6937"
"22.4750","0.1486","0.6936"
"22.4950","0.1486","0.6935"
"22.5150","0.1486","0.6933"
"22.5350","0.1486","0.6932"
"22.5550","0.1486","0.6931"
"22.5750","0.1486","0.6930"
"22.5950","0.1486","0.6929"
"22.6150","0.1486","0.6927"
"22.6350","0.1486","0.6926"
"22.6550","0.1486","0.6926"
"22.6750","0.1486","0.6924"
"22.6950","0.1486","0.6922"
"22.7150","0.1486","0.6921"
"22.7350","0.1486","0.6920"
"22.7550","0.1486","0.6920"
"22.7750","0.1486","0.6918"
"22.7950","0.1486","0.6917"
"22.8150","0.1486","0.6916"
"22.8350","0.1486","0.6915"
"22.8550","0.1486","0.6913"
"22.8750","0.1486","0.6912"
"22.8950","0.1486","0.6910"
"22.9150","0.1486","0.6909"
"22.9350","0.1486","0.6908"
"22.9550","0.1486","0.6906"
"22.9750","0.1486","0.6906"
"22.9950","0.1486","0.6906"
"23.0150","0.1486","0.6905"
"23.0350","0.1486","0.6903"
"23.0550","0.1486","0.6901"
"23.0750","0.1486","0.6900"
"23.0950","0.1486","0.6899"
"23.1150","0.1486","0.6898"
"23.1350","0.1486","0.6898"
"23.1550","0.1486","0.6896"
"23.1750","0.1486","0.6895"
"23.1950","0.1486","0.6895"
"23.2150","0.1486","0.6894"
"23.2350","0.1486","0.6892"
"23.2550","0.1486","0.6891"
"23.2750","0.1486","0.6889"
"23.2950","0.1486","0.6888"
"23.3150","0.1486","0.6888"
"23.3350","0.1486","0.6886"
"23.3550","0.1486","0.6886"
"23.3750","0.1486","0.6885"
"23.3950","0.1486","0.6883"
"23.4150","0.1486","0.6882"
"23.4350","0.1486","0.6881"
"23.4550","0.1486","0.6879"
"23.4750","0.1486","0.6878"
"23.4950","0.1486","0.6878"
"23.5150","0.1486","0.6877"
"23.5350","0.1486","0.6875"
"23.5550","0.1486","0.6874"
"23.5750","0.1486","0.6874"
"23.5950","0.1486","0.6873"
"23.6150","0.1486","0.6871"
"23.6350","0.1486","0.6870"
"23.6550","0.1486","0.6870"
"23.6750","0.1486","0.6868"
"23.6950","0.1486","0.6867"
"23.7150","0.1486","0.6866"
"23.7350","0.1486","0.6865"
"23.7550","0.1486","0.6864"
"23.7750","0.1486","0.6862"
"23.7950","0.1486","0.6861"
"23.8150","0.1486","0.6860"
"23.8350","0.1486","0.6860"
"23.8550","0.1486","0.6859"
"23.8750","0.1486","0.6858"
"23.8950","0.1486","0.6856"
"23.9150","0.1486","0.6856"
"23.9350","0.1486","0.6854"
"23.9550","0.1486","0.6853"
"23.9750","0.1486","0.6852"
"23.9950","0.1486","0.6852"
"24.0150","0.1486","0.6851"
"24.0350","0.1486","0.6850"
"24.0550","0.1486","0.6850"
"24.0750","0.1486","0.6848"
"24.0950","0.1486","0.6846"
"24.1150","0.1486","0.6846"
"24.1350","0.1486","0.6845"
"24.1550","0.1486","0.6843"
"24.1750","0.1486","0.6842"
"24.1950","0.1486","0.6842"
"24.2150","0.1486","0.6842"
"24.2350","0.1486","0.6841"
"24.2550","0.1486","0.6839"
"24.2750","0.1486","0.6838"
"24.2950","0.1486","0.6836"
"24.3150","0.1486","0.6836"
"24.3350","0.1486","0.6834"
"24.3550","0.1486","0.6834"
"24.3750","0.1486","0.6834"
"24.3950","0.1486","0.6832"
"24.4150","0.1486","0.6831"
"24.4350","0.1486","0.6830"
"24.4550","0.1486","0.6829"
"24.4750","0.1486","0.6828"
"24.4950","0.1486","0.6828"
"24.5150","0.1486","0.6827"
"24.5350","0.1486","0.6826"
"24.5550","0.1486","0.6824"
"24.5750","0.1486","0.6823"
"24.5950","0.1486","0.6823"
"24.6150","0.1486","0.6822"
"24.6350","0.1486","0.6821"
"24.6550","0.1486","0.6820"
"24.6750","0.1486","0.6819"
"24.6950","0.1486","0.6818"
"24.7150","0.1486","0.6818"
"24.7350","0.1486","0.6816"
"24.7550","0.1486","0.6815"
"24.7750","0.1486","0.6814"
"24.7950","0.1486","0.6813"
"24.8150","0.1486","0.6811"
"24.8350","0.1486","0.6810"
"24.8550","0.1486","0.6811"
"24.8750","0.1486","0.6811"
"24.8950","0.1486","0.6809"
"24.9150","0.1486","0.6808"
"24.9350","0.1486","0.6807"
"24.9550","0.1486","0.6807"
"24.9750","0.1486","0.6805"
"24.9950","0.1486","0.6804"
"25.0150","0.1486","0.6802"
"25.0350","0.1486","0.6801"
"25.0550","0.1486","0.6800"
"25.0750","0.1486","0.6800"
"25.0950","0.1486","0.6800"
"25.1150","0.1486","0.6799"
"25.1350","0.1486","0.6798"
"25.1550","0.1486","0.6797"
"25.1750","0.1486","0.6796"
"25.1950","0.1486","0.6796"
"25.2150","0.1486","0.6795"
"25.2350","0.1486","0.6794"
"25.2550","0.1486","0.6793"
"25.2750","0.1486","0.6792"
"25.2950","0.1486","0.6791"
"25.3150","0.1486","0.6790"
"25.3350","0.1486","0.6789"
"25.3550","0.1486","0.6789"
"25.3750","0.1486","0.6788"
"25.3950","0.1486","0.6787"
"25.4150","0.1486","0.6786"
"25.4350","0.1486","0.6785"
"25.4550","0.1486","0.6784"
"25.4750","0.1486","0.6783"
"25.4950","0.1486","0.6782"
"25.5150","0.1486","0.6781"
"25.5350","0.1486","0.6780"
"25.5550","0.1486","0.6779"
"25.5750","0.1486","0.6778"
"25.5950","0.1486","0.6778"
"25.6150","0.1486","0.6777"
"25.6350","0.1486","0.6776"
"25.6550","0.1486","0.6775"
"25.6750","0.1486","0.6775"
"25.6950","0.1486","0.6774"
"25.7150","0.1486","0.6773"
"25.7350","0.1486","0.6771"
"25.7550","0.1486","0.6770"
"25.7750","0.1486","0.6770"
"25.7950","0.1486","0.6769"
"25.8150","0.1486","0.6768"
"25.8350","0.1486","0.6767"
"25.8550","0.1486","0.6766"
"25.8750","0.1486","0.6766"
"25.8950","0.1486","0.6765"
"25.9150","0.1486","0.6764"
"25.9350","0.1486","0.6764"
"25.9550","0.1486","0.6763"
"25.9750","0.1486","0.6762"
"25.9950","0.1486","0.6761"
"26.0150","0.1486","0.6760"
"26.0350","0.1486","0.6760"
"26.0550","0.1486","0.6759"
"26.0750","0.1486","0.6757"
"26.0950","0.1486","0.6757"
"26.1150","0.1486","0.6757"
"26.1350","0.1486","0.6756"
"26.1550","0.1486","0.6755"
"26.1750","0.1486","0.6754"
"26.1950","0.1486","0.6753"
"26.2150","0.1486","0.6752"
"26.2350","0.1486","0.6751"
"26.2550","0.1486","0.6750"
"26.2750","0.1486","0.6750"
"26.2950","0.1486","0.6749"
"26.3150","0.1486","0.6749"
"26.3350","0.1486","0.6748"
"26.3550","0.1486","0.6747"
"26.3750","0.1486","0.6746"
"26.3950","0.1486","0.6745"
"26.4150","0.1486","0.6745"
"26.4350","0.1486","0.6744"
"26.4550","0.1486","0.6743"
"26.4750","0.1486","0.6742"
"26.4950","0.1486","0.6741"
"26.5150","0.1486","0.6741"
"26.5350","0.1486","0.6741"
"26.5550","0.1486","0.6739"
"26.5750","0.1486","0.6738"
"26.5950","0.1486","0.6736"
"26.6150","0.1486","0.6736"
"26.6350","0.1486","0.6735"
"26.6550","0.1486","0.6734"
"26.6750","0.1486","0.6733"
"26.6950","0.1486","0.6734"
"26.7150","0.1486","0.6734"
"26.7350","0.1486","0.6733"
"26.7550","0.1486","0.6732"
"26.7750","0.1486","0.6730"
"26.7950","0.1486","0.6730"
"26.8150","0.1486","0.6728"
"26.8350","0.1486","0.6727"
"26.8550","0.1486","0.6727"
"26.8750","0.1486","0.6727"
"26.8950","0.1486","0.6726"
"26.9150","0.1486","0.6726"
"26.9350","0.1486","0.6725"
"26.9550","0.1486","0.6724"
"26.9750","0.1486","0.6722"
"26.9950","0.1486","0.6721"
"27.0150","0.1486","0.6721"
"27.0350","0.1486","0.6720"
"27.0550","0.1486","0.6719"
"27.0750","0.1486","0.6719"
"27.0950","0.1486","0.6719"
"27.1150","0.1486","0.6718"
"27.1350","0.1486","0.6718"
"27.1550","0.1486","0.6716"
"27.1750","0.1486","0.6715"
"27.1950","0.1486","0.6714"
"27.2150","0.1486","0.6713"
"27.2350","0.1486","0.6713"
"27.2550","0.1486","0.6713"
"27.2750","0.1486","0.6712"
"27.2950","0.1486","0.6711"
"27.3150","0.1486","0.6710"
"27.3350","0.1486","0.6709"
"27.3550","0.1486","0.6708"
"27.3750","0.1486","0.6707"
"27.3950","0.1486","0.6707"
"27.4150","0.1486","0.6706"
"27.4350","0.1486","0.6706"
"27.4550","0.1486","0.6704"
"27.4750","0.1486","0.6705"
"27.4950","0.1486","0.6704"
"27.5150","0.1486","0.6703"
"27.5350","0.1486","0.6702"
"27.5550","0.1486","0.6701"
"27.5750","0.1486","0.6701"
"27.5950","0.1486","0.6699"
"27.6150","0.1486","0.6698"
"27.6350","0.1486","0.6698"
"27.6550","0.1486","0.6697"
"27.6750","0.1486","0.6697"
"27.6950","0.1486","0.6695"
"27.7150","0.1486","0.6695"
"27.7350","0.1486","0.6694"
"27.7550","0.1486","0.6693"
"27.7750","0.1486","0.6694"
"27.7950","0.1486","0.6693"
"27.8150","0.1486","0.6692"
"27.8350","0.1486","0.6691"
"27.8550","0.1486","0.6691"
"27.8750","0.1486","0.6690"
"27.8950","0.1486","0.6689"
"27.9150","0.1486","0.6689"
"27.9350","0.1486","0.6689"
"27.9550","0.1486","0.6688"
"27.9750","0.1486","0.6687"
"27.9950","0.1486","0.6686"
"28.0150","0.1486","0.6686"
"28.0350","0.1486","0.6685"
"28.0550","0.1486","0.6684"
"28.0750","0.1486","0.6682"
"28.0950","0.1486","0.6682"
"28.1150","0.1486","0.6682"
"28.1350","0.1486","0.6681"
"28.1550","0.1486","0.6680"
"28.1750","0.1486","0.6679"
"28.1950","0.1486","0.6679"
"28.2150","0.1486","0.6679"
"28.2350","0.1486","0.6678"
"28.2550","0.1486","0.6677"
"28.2750","0.1486","0.6677"
"28.2950","0.1486","0.6676"
"28.3150","0.1486","0.6675"
"28.3350","0.1486","0.6674"
"28.3550","0.1486","0.6674"
"28.3750","0.1486","0.6673"
"28.3950","0.1486","0.6672"
"28.4150","0.1486","0.6671"
"28.4350","0.1486","0.6671"
"28.4550","0.1486","0.6670"
"28.4750","0.1486","0.6669"
"28.4950","0.1486","0.6669"
"28.5150","0.1486","0.6668"
"28.5350","0.1486","0.6668"
"28.5550","0.1486","0.6667"
"28.5750","0.1486","0.6666"
"28.5950","0.1486","0.6665"
"28.6150","0.1486","0.6664"
"28.6350","0.1486","0.6664"
"28.6550","0.1486","0.6664"
"28.6750","0.1486","0.6663"
"28.6950","0.1486","0.6662"
"28.7150","0.1486","0.6662"
"28.7350","0.1486","0.6661"
"28.7550","0.1486","0.6660"
"28.7750","0.1486","0.6660"
"28.7950","0.1486","0.6659"
"28.8150","0.1486","0.6658"
"28.8350","0.1486","0.6658"
"28.8550","0.1486","0.6657"
"28.8750","0.1486","0.6656"
"28.8950","0.1486","0.6655"
"28.9150","0.1486","0.6655"
"28.9350","0.1486","0.6655"
"28.9550","0.1486","0.6654"
"28.9750","0.1486","0.6653"
"28.9950","0.1486","0.6652"
"29.0150","0.1486","0.6652"
"29.0350","0.1486","0.6652"
"29.0550","0.1486","0.6651"
"29.0750","0.1486","0.6650"
"29.0950","0.1486","0.6648"
"29.1150","0.1486","0.6648"
"29.1350","0.1486","0.6647"
"29.1550","0.1486","0.6647"
"29.1750","0.1486","0.6646"
"29.1950","0.1486","0.6646"
"29.2150","0.1486","0.6646"
"29.2350","0.1486","0.6645"
"29.2550","0.1486","0.6644"
"29.2750","0.1486","0.6643"
"29.2950","0.1486","0.6643"
"29.3150","0.1486","0.6641"
"29.3350","0.1486","0.6642"
"29.3550","0.1486","0.6641"
"29.3750","0.1486","0.6640"
"29.3950","0.1486","0.6640"
"29.4150","0.1486","0.6639"
"29.4350","0.1486","0.6638"
"29.4550","0.1486","0.6638"
"29.4750","0.1486","0.6638"
"29.4950","0.1486","0.6637"
"29.5150","0.1486","0.6637"
"29.5350","0.1486","0.6636"
"29.5550","0.1486","0.6635"
"29.5750","0.1486","0.6634"
"29.5950","0.1486","0.6634"
"29.6150","0.1486","0.6633"
"29.6350","0.1486","0.6632"
"29.6550","0.1486","0.6631"
"29.6750","0.1486","0.6631"
"29.6950","0.1486","0.6631"
"29.7150","0.1486","0.6629"
"29.7350","0.1486","0.6629"
"29.7550","0.1486","0.6629"
"29.7750","0.1486","0.6628"
"29.7950","0.1486","0.6627"
"29.8150","0.1486","0.6626"
"29.8350","0.1486","0.6625"
"29.8550","0.1486","0.6625"
"29.8750","0.1486","0.6625"
"29.8950","0.1486","0.6624"
"29.9150","0.1486","0.6624"
"29.9350","0.1486","0.6622"
"29.9550","0.1486","0.6622"
"29.9750","0.1486","0.6622"
"29.9950","0.1486","0.6622"
"30.0150","0.1486","0.6622"
"30.0350","0.1486","0.6620"
"30.0550","0.1486","0.6619"
"30.0750","0.1486","0.6619"
"30.0950","0.1486","0.6619"
"30.1150","0.1486","0.6618"
"30.1350","0.1486","0.6616"
"30.1550","0.1486","0.6616"
"30.1750","0.1486","0.6616"
"30.1950","0.1486","0.6616"
"30.2150","0.1486","0.6616"
"30.2350","0.1486","0.6615"
"30.2550","0.1486","0.6614"
"30.2750","0.1486","0.6613"
"30.2950","0.1486","0.6612"
"30.3150","0.1486","0.6611"
"30.3350","0.1486","0.6612"
"30.3550","0.1486","0.6611"
"30.3750","0.1486","0.6610"
"30.3950","0.1486","0.6609"
"30.4150","0.1486","0.6609"
"30.4350","0.1486","0.6608"
"30.4550","0.1486","0.6608"
"30.4750","0.1486","0.6608"
"30.4950","0.1486","0.6607"
"30.5150","0.1486","0.6606"
"30.5350","0.1486","0.6606"
"30.5550","0.1486","0.6605"
"30.5750","0.1486","0.6605"
"30.5950","0.1486","0.6605"
"30.6150","0.1486","0.6604"
"30.6350","0.1486","0.6603"
"30.6550","0.1486","0.6602"
"30.6750","0.1486","0.6602"
"30.6950","0.1486","0.6601"
"30.7150","0.1486","0.6601"
"30.7350","0.1486","0.6600"
"30.7550","0.1486","0.6600"
"30.7750","0.1486","0.6598"
"30.7950","0.1486","0.6597"
"30.8150","0.1486","0.6597"
"30.8350","0.1486","0.6598"
"30.8550","0.1486","0.6597"
"30.8750","0.1486","0.6596"
"30.8950","0.1486","0.6595"
"30.9150","0.1486","0.6595"
"30.9350","0.1486","0.6594"
"30.9550","0.1486","0.6593"
"30.9750","0.1486","0.6592"
"30.9950","0.1486","0.6592"
"31.0150","0.1486","0.6592"
"31.0350","0.1486","0.6593"
"31.0550","0.1486","0.6592"
"31.0750","0.1486","0.6591"
"31.0950","0.1486","0.6590"
"31.1150","0.1486","0.6589"
"31.1350","0.1486","0.6589"
"31.1550","0.1486","0.6588"
"31.1750","0.1486","0.6587"
"31.1950","0.1486","0.6586"
"31.2150","0.1486","0.6585"
"31.2350","0.1486","0.6586"
"31.2550","0.1486","0.6586"
"31.2750","0.1486","0.6585"
"31.2950","0.1486","0.6584"
"31.3150","0.1486","0.6582"
"31.3350","0.1486","0.6582"
"31.3550","0.1486","0.6583"
"31.3750","0.1486","0.6583"
"31.3950","0.1486","0.6582"
"31.4150","0.1486","0.6581"
"31.4350","0.1486","0.6580"
"31.4550","0.1486","0.6579"
"31.4750","0.1486","0.6579"
"31.4950","0.1486","0.6579"
"31.5150","0.1486","0.6579"
"31.5350","0.1486","0.6578"
"31.5550","0.1486","0.6578"
"31.5750","0.1486","0.6576"
"31.5950","0.1486","0.6576"
"31.6150","0.1486","0.6576"
"31.6350","0.1486","0.6576"
"31.6550","0.1486","0.6575"
"31.6750","0.1486","0.6574"
"31.6950","0.1486","0.6574"
"31.7150","0.1486","0.6572"
"31.7350","0.1486","0.6571"
"31.7550","0.1486","0.6571"
"31.7750","0.1486","0.6571"
"31.7950","0.1486","0.6570"
"31.8150","0.1486","0.6570"
"31.8350","0.1486","0.6569"
"31.8550","0.1486","0.6569"
"31.8750","0.1486","0.6568"
"31.8950","0.1486","0.6568"
"31.9150","0.1486","0.6568"
"31.9350","0.1486","0.6567"
"31.9550","0.1486","0.6566"
"31.9750","0.1486","0.6566"
"31.9950","0.1486","0.6565"
"32.0150","0.1486","0.6564"
"32.0350","0.1486","0.6564"
"32.0550","0.1486","0.6563"
"32.0750","0.1486","0.6563"
"32.0950","0.1486","0.6563"
"32.1150","0.1486","0.6563"
"32.1350","0.1486","0.6562"
"32.1550","0.1486","0.6561"
"32.1750","0.1486","0.6561"
"32.1950","0.1486","0.6561"
"32.2150","0.1486","0.6560"
"32.2350","0.1486","0.6559"
"32.2550","0.1486","0.6559"
"32.2750","0.1486","0.6558"
"32.2950","0.1486","0.6558"
"32.3150","0.1486","0.6558"
"32.3350","0.1486","0.6557"
"32.3550","0.1486","0.6557"
"32.3750","0.1486","0.6556"
"32.3950","0.1486","0.6556"
"32.4150","0.1486","0.6555"
"32.4350","0.1486","0.6554"
"32.4550","0.1486","0.6553"
"32.4750","0.1486","0.6552"
"32.4950","0.1486","0.6552"
"32.5150","0.1486","0.6551"
"32.5350","0.1486","0.6551"
"32.5550","0.1486","0.6551"
"32.5750","0.1486","0.6551"
"32.5950","0.1486","0.6550"
"32.6150","0.1486","0.6549"
"32.6350","0.1486","0.6549"
"32.6550","0.1486","0.6548"
"32.6750","0.1486","0.6548"
"32.6950","0.1486","0.6547"
"32.7150","0.1486","0.6546"
"32.7350","0.1486","0.6546"
"32.7550","0.1486","0.6546"
"32.7750","0.1486","0.6545"
"32.7950","0.1486","0.6544"
"32.8150","0.1486","0.6544"
"32.8350","0.1486","0.6543"
"32.8550","0.1486","0.6543"
"32.8750","0.1486","0.6543"
"32.8950","0.1486","0.6542"
"32.9150","0.1486","0.6541"
"32.9350","0.1486","0.6541"
"32.9550","0.1486","0.6540"
"32.9750","0.1486","0.6540"
"32.9950","0.1486","0.6540"
"33.0150","0.1486","0.6540"
"33.0350","0.1486","0.6539"
"33.0550","0.1486","0.6538"
"33.0750","0.1486","0.6538"
"33.0950","0.1486","0.6537"
"33.1150","0.1486","0.6537"
"33.1350","0.1486","0.6536"
"33.1550","0.1486","0.6536"
"33.1750","0.1486","0.6535"
"33.1950","0.1486","0.6534"
"33.2150","0.1486","0.6534"
"33.2350","0.1486","0.6534"
"33.2550","0.1486","0.6533"
"33.2750","0.1486","0.6533"
"33.2950","0.1486","0.6532"
"33.3150","0.1486","0.6532"
"33.3350","0.1486","0.6532"
"33.3550","0.1486","0.6531"
"33.3750","0.1486","0.6530"
"33.3950","0.1486","0.6530"
"33.4150","0.1486","0.6529"
"33.4350","0.1486","0.6529"
"33.4550","0.1486","0.6529"
"33.4750","0.1486","0.6528"
"33.4950","0.1486","0.6526"
"33.5150","0.1486","0.6526"
"33.5350","0.1486","0.6525"
"33.5550","0.1486","0.6526"
"33.5750","0.1486","0.6527"
"33.5950","0.1486","0.6526"
"33.6150","0.1486","0.6524"
"33.6350","0.1486","0.6523"
"33.6550","0.1486","0.6523"
"33.6750","0.1486","0.6523"
"33.6950","0.1486","0.6523"
"33.7150","0.1486","0.6523"
"33.7350","0.1486","0.6522"
"33.7550","0.1486","0.6521"
"33.7750","0.1486","0.6520"
"33.7950","0.1486","0.6521"
"33.8150","0.1486","0.6520"
"33.8350","0.1486","0.6520"
"33.8550","0.1486","0.6519"
"33.8750","0.1486","0.6518"
"33.8950","0.1486","0.6518"
"33.9150","0.1486","0.6517"
"33.9350","0.1486","0.6517"
"33.9550","0.1486","0.6518"
"33.9750","0.1486","0.6517"
"33.9950","0.1486","0.6516"
"34.0150","0.1486","0.6516"
"34.0350","0.1486","0.6515"
"34.0550","0.1486","0.6514"
"34.0750","0.1486","0.6513"
"34.0950","0.1486","0.6514"
"34.1150","0.1486","0.6513"
"34.1350","0.1486","0.6512"
"34.1550","0.1486","0.6512"
"34.1750","0.1486","0.6511"
"34.1950","0.1486","0.6510"
"34.2150","0.1486","0.6510"
"34.2350","0.1486","0.6511"
"34.2550","0.1486","0.6510"
"34.2750","0.1486","0.6509"
"34.2950","0.1486","0.6509"
"34.3150","0.1486","0.6508"
"34.3350","0.1486","0.6507"
"34.3550","0.1486","0.6507"
"34.3750","0.1486","0.6507"
"34.3950","0.1486","0.6507"
"34.4150","0.1486","0.6506"
"34.4350","0.1486","0.6505"
"34.4550","0.1486","0.6504"
"34.4750","0.1486","0.6504"
"34.4950","0.1486","0.6505"
"34.5150","0.1486","0.6504"
"34.5350","0.1486","0.6504"
"34.5550","0.1486","0.6503"
"34.5750","0.1486","0.6502"
"34.5950","0.1486","0.6502"
"34.6150","0.1486","0.6501"
"34.6350","0.1486","0.6500"
"34.6550","0.1486","0.6500"
"34.6750","0.1486","0.6499"
"34.6950","0.1486","0.6499"
"34.7150","0.1486","0.6499"
"34.7350","0.1486","0.6498"
"34.7550","0.1486","0.6499"
"34.7750","0.1486","0.6499"
"34.7950","0.1486","0.6498"
"34.8150","0.1486","0.6498"
"34.8350","0.1486","0.6496"
"34.8550","0.1486","0.6495"
"34.8750","0.1486","0.6495"
"34.8950","0.1486","0.6496"
"34.9150","0.1486","0.6495"
"34.9350","0.1486","0.6493"
"34.9550","0.1486","0.6492"
"34.9750","0.1486","0.6493"
"34.9950","0.1486","0.6492"
"35.0150","0.1486","0.6492"
"35.0350","0.1486","0.6491"
"35.0550","0.1486","0.6491"
"35.0750","0.1486","0.6491"
"35.0950","0.1486","0.6491"
"35.1150","0.1486","0.6490"
"35.1350","0.1486","0.6490"
"35.1550","0.1486","0.6489"
"35.1750","0.1486","0.6488"
"35.1950","0.1486","0.6488"
"35.2150","0.1486","0.6487"
"35.2350","0.1486","0.6487"
"35.2550","0.1486","0.6488"
"35.2750","0.1486","0.6487"
"35.2950","0.1486","0.6485"
"35.3150","0.1486","0.6485"
"35.3350","0.1486","0.6484"
"35.3550","0.1486","0.6484"
"35.3750","0.1486","0.6484"
"35.3950","0.1486","0.6483"
"35.4150","0.1486","0.6483"
"35.4350","0.1486","0.6483"
"35.4550","0.1486","0.6482"
"35.4750","0.1486","0.6482"
"35.4950","0.1486","0.6481"
"35.5150","0.1486","0.6481"
"35.5350","0.1486","0.6480"
"35.5550","0.1486","0.6480"
"35.5750","0.1486","0.6479"
"35.5950","0.1486","0.6479"
"35.6150","0.1486","0.6479"
"35.6350","0.1486","0.6479"
"35.6550","0.1486","0.6479"
"35.6750","0.1486","0.6478"
"35.6950","0.1486","0.6476"
"35.7150","0.1486","0.6476"
"35.7350","0.1486","0.6476"
"35.7550","0.1486","0.6476"
"35.7750","0.1486","0.6476"
"35.7950","0.1486","0.6475"
"35.8150","0.1486","0.6475"
"35.8350","0.1486","0.6474"
"35.8550","0.1486","0.6474"
"35.8750","0.1486","0.6474"
"35.8950","0.1486","0.6474"
"35.9150","0.1486","0.6473"
"35.9350","0.1486","0.6472"
"35.9550","0.1486","0.6472"
"35.9750","0.1486","0.6471"
"35.9950","0.1486","0.6470"
"36.0150","0.1486","0.6469"
"36.0350","0.1486","0.6469"
"36.0550","0.1486","0.6469"
"36.0750","0.1486","0.6469"
"36.0950","0.1486","0.6469"
"36.1150","0.1486","0.6469"
"36.1350","0.1486","0.6469"
"36.1550","0.1486","0.6468"
"36.1750","0.1486","0.6468"
"36.1950","0.1486","0.6466"
"36.2150","0.1486","0.6466"
"36.2350","0.1486","0.6466"
"36.2550","0.1486","0.6465"
"36.2750","0.1486","0.6465"
"36.2950","0.1486","0.6465"
"36.3150","0.1486","0.6464"
"36.3350","0.1486","0.6464"
"36.3550","0.1486","0.6463"
"36.3750","0.1486","0.6462"
"36.3950","0.1486","0.6462"
"36.4150","0.1486","0.6463"
"36.4350","0.1486","0.6462"
"36.4550","0.1486","0.6461"
"36.4750","0.1486","0.6461"
"36.4950","0.1486","0.6460"
"36.5150","0.1486","0.6460"
"36.5350","0.1486","0.6459"
"36.5550","0.1486","0.6459"
"36.5750","0.1486","0.6459"
"36.5950","0.1486","0.6457"
"36.6150","0.1486","0.6457"
"36.6350","0.1486","0.6457"
"36.6550","0.1486","0.6457"
"36.6750","0.1486","0.6456"
"36.6950","0.1486","0.6456"
"36.7150","0.1486","0.6455"
"36.7350","0.1486","0.6455"
"36.7550","0.1486","0.6454"
"36.7750","0.1486","0.6454"
"36.7950","0.1486","0.6454"
"36.8150","0.1486","0.6454"
"36.8350","0.1486","0.6453"
"36.8550","0.1486","0.6452"
"36.8750","0.1486","0.6451"
"36.8950","0.1486","0.6452"
"36.9150","0.1486","0.6451"
"36.9350","0.1486","0.6452"
"36.9550","0.1486","0.6452"
"36.9750","0.1486","0.6452"
"36.9950","0.1486","0.6451"
"37.0150","0.1486","0.6449"
"37.0350","0.1486","0.6449"
"37.0550","0.1486","0.6449"
"37.0750","0.1486","0.6449"
"37.0950","0.1486","0.6448"
"37.1150","0.1486","0.6447"
"37.1350","0.1486","0.6447"
"37.1550","0.1486","0.6447"
"37.1750","0.1486","0.6446"
"37.1950","0.1486","0.6445"
"37.2150","0.1486","0.6445"
"37.2350","0.1486","0.6445"
"37.2550","0.1486","0.6445"
"37.2750","0.1486","0.6444"
"37.2950","0.1486","0.6444"
"37.3150","0.1486","0.6444"
"37.3350","0.1486","0.6443"
"37.3550","0.1486","0.6443"
"37.3750","0.1486","0.6442"
"37.3950","0.1486","0.6442"
"37.4150","0.1486","0.6442"
"37.4350","0.1486","0.6442"
"37.4550","0.1486","0.6441"
"37.4750","0.1486","0.6440"
"37.4950","0.1486","0.6440"
"37.5150","0.1486","0.6440"
"37.5350","0.1486","0.6440"
"37.5550","0.1486","0.6439"
"37.5750","0.1486","0.6438"
"37.5950","0.1486","0.6438"
"37.6150","0.1486","0.6438"
"37.6350","0.1486","0.6438"
"37.6550","0.1486","0.6437"
"37.6750","0.1486","0.6437"
"37.6950","0.1486","0.6437"
"37.7150","0.1486","0.6436"
"37.7350","0.1486","0.6435"
"37.7550","0.1486","0.6435"
"37.7750","0.1486","0.6434"
"37.7950","0.1486","0.6433"
"37.8150","0.1486","0.6433"
"37.8350","0.1486","0.6433"
"37.8550","0.1486","0.6433"
"37.8750","0.1486","0.6433"
"37.8950","0.1486","0.6432"
"37.9150","0.1486","0.6432"
"37.9350","0.1486","0.6431"
"37.9550","0.1486","0.6431"
"37.9750","0.1486","0.6430"
"37.9950","0.1486","0.6430"
"38.0150","0.1486","0.6430"
"38.0350","0.1486","0.6430"
"38.0550","0.1486","0.6429"
"38.0750","0.1486","0.6429"
"38.0950","0.1486","0.6428"
"38.1150","0.1486","0.6428"
"38.1350","0.1486","0.6427"
"38.1550","0.1486","0.6427"
"38.1750","0.1486","0.6428"
"38.1950","0.1486","0.6427"
"38.2150","0.1486","0.6427"
"38.2350","0.1486","0.6426"
"38.2550","0.1486","0.6425"
"38.2750","0.1486","0.6425"
"38.2950","0.1486","0.6425"
"38.3150","0.1486","0.6424"
"38.3350","0.1486","0.6423"
"38.3550","0.1486","0.6423"
"38.3750","0.1486","0.6423"
"38.3950","0.1486","0.6422"
"38.4150","0.1486","0.6423"
"38.4350","0.1486","0.6422"
"38.4550","0.1486","0.6421"
"38.4750","0.1486","0.6421"
"38.4950","0.1486","0.6421"
"38.5150","0.1486","0.6420"
"38.5350","0.1486","0.6420"
"38.5550","0.1486","0.6420"
"38.5750","0.1486","0.6419"
"38.5950","0.1486","0.6418"
"38.6150","0.1486","0.6418"
"38.6350","0.1486","0.6417"
"38.6550","0.1486","0.6417"
"38.6750","0.1486","0.6417"
"38.6950","0.1486","0.6416"
"38.7150","0.1486","0.6416"
"38.7350","0.1486","0.6416"
"38.7550","0.1486","0.6415"
"38.7750","0.1486","0.6415"
"38.7950","0.1486","0.6414"
"38.8150","0.1486","0.6414"
"38.8350","0.1486","0.6413"
"38.8550","0.1486","0.6413"
"38.8750","0.1486","0.6413"
"38.8950","0.1486","0.6413"
"38.9150","0.1486","0.6413"
"38.9350","0.1486","0.6413"
"38.9550","0.1486","0.6412"
"38.9750","0.1486","0.6411"
"38.9950","0.1486","0.6411"
"39.0150","0.1486","0.6411"
"39.0350","0.1486","0.6411"
"39.0550","0.1486","0.6410"
"39.0750","0.1486","0.6409"
"39.0950","0.1486","0.6408"
"39.1150","0.1486","0.6408"
"39.1350","0.1486","0.6408"
"39.1550","0.1486","0.6408"
"39.1750","0.1486","0.6408"
"39.1950","0.1486","0.6408"
"39.2150","0.1486","0.6407"
"39.2350","0.1486","0.6407"
"39.2550","0.1486","0.6406"
"39.2750","0.1486","0.6406"
"39.2950","0.1486","0.6406"
"39.3150","0.1486","0.6405"
"39.3350","0.1486","0.6405"
"39.3550","0.1486","0.6404"
"39.3750","0.1486","0.6404"
"39.3950","0.1486","0.6403"
"39.4150","0.1486","0.6403"
"39.4350","0.1486","0.6404"
"39.4550","0.1486","0.6402"
"39.4750","0.1486","0.6402"
"39.4950","0.1486","0.6402"
"39.5150","0.1486","0.6403"
"39.5350","0.1486","0.6403"
"39.5550","0.1486","0.6402"
"39.5750","0.1486","0.6401"
"39.5950","0.1486","0.6400"
"39.6150","0.1486","0.6399"
"39.6350","0.1486","0.6399"
"39.6550","0.1486","0.6399"
"39.6750","0.1486","0.6399"
"39.6950","0.1486","0.6399"
"39.7150","0.1486","0.6398"
"39.7350","0.1486","0.6398"
"39.7550","0.1486","0.6399"
"39.7750","0.1486","0.6397"
"39.7950","0.1486","0.6397"
"39.8150","0.1486","0.6397"
"39.8350","0.1486","0.6395"
"39.8550","0.1486","0.6395"
"39.8750","0.1486","0.6395"
"39.8950","0.1486","0.6394"
"39.9150","0.1486","0.6394"
"39.9350","0.1486","0.6395"
"39.9550","0.1486","0.6395"
"39.9750","0.1486","0.6394"
"39.9950","0.1486","0.6394"
"40.0150","0.1486","0.6393"
"40.0350","0.1486","0.6393"
"40.0550","0.1486","0.6393"
"40.0750","0.1486","0.6392"
"40.0950","0.1486","0.6392"
"40.1150","0.1486","0.6391"
"40.1350","0.1486","0.6390"
"40.1550","0.1486","0.6390"
"40.1750","0.1486","0.6390"
"40.1950","0.1486","0.6389"
"40.2150","0.1486","0.6389"
"40.2350","0.1486","0.6389"
"40.2550","0.1486","0.6388"
"40.2750","0.1486","0.6387"
"40.2950","0.1486","0.6388"
"40.3150","0.1486","0.6388"
"40.3350","0.1486","0.6388"
"40.3550","0.1486","0.6386"
"40.3750","0.1486","0.6386"
"40.3950","0.1486","0.6387"
"40.4150","0.1486","0.6386"
"40.4350","0.1486","0.6385"
"40.4550","0.1486","0.6385"
"40.4750","0.1486","0.6385"
"40.4950","0.1486","0.6384"
"40.5150","0.1486","0.6385"
"40.5350","0.1486","0.6384"
"40.5550","0.1486","0.6383"
"40.5750","0.1486","0.6383"
"40.5950","0.1486","0.6382"
"40.6150","0.1486","0.6381"
"40.6350","0.1486","0.6382"
"40.6550","0.1486","0.6382"
"40.6750","0.1486","0.6381"
"40.6950","0.1486","0.6381"
"40.7150","0.1486","0.6381"
"40.7350","0.1486","0.6380"
"40.7550","0.1486","0.6380"
"40.7750","0.1486","0.6380"
"40.7950","0.1486","0.6379"
"40.8150","0.1486","0.6379"
"40.8350","0.1486","0.6378"
"40.8550","0.1486","0.6378"
"40.8750","0.1486","0.6378"
"40.8950","0.1486","0.6377"
"40.9150","0.1486","0.6378"
"40.9350","0.1486","0.6377"
"40.9550","0.1486","0.6377"
"40.9750","0.1486","0.6377"
"40.9950","0.1486","0.6376"
"41.0150","0.1486","0.6375"
"41.0350","0.1486","0.6376"
"41.0550","0.1486","0.6374"
"41.0750","0.1486","0.6374"
"41.0950","0.1486","0.6374"
"41.1150","0.1486","0.6373"
"41.1350","0.1486","0.6373"
"41.1550","0.1486","0.6373"
"41.1750","0.1486","0.6373"
"41.1950","0.1486","0.6373"
"41.2150","0.1486","0.6373"
"41.2350","0.1486","0.6372"
"41.2550","0.1486","0.6371"
"41.2750","0.1486","0.6371"
"41.2950","0.1486","0.6370"
"41.3150","0.1486","0.6370"
"41.3350","0.1486","0.6370"
"41.3550","0.1486","0.6369"
"41.3750","0.1486","0.6369"
"41.3950","0.1486","0.6369"
"41.4150","0.1486","0.6368"
"41.4350","0.1486","0.6367"
"41.4550","0.1486","0.6368"
"41.4750","0.1486","0.6367"
"41.4950","0.1486","0.6368"
"41.5150","0.1486","0.6367"
"41.5350","0.1486","0.6367"
"41.5550","0.1486","0.6366"
"41.5750","0.1486","0.6366"
"41.5950","0.1486","0.6366"
"41.6150","0.1486","0.6365"
"41.6350","0.1486","0.6365"
"41.6550","0.1486","0.6364"
"41.6750","0.1486","0.6365"
"41.6950","0.1486","0.6364"
"41.7150","0.1486","0.6364"
"41.7350","0.1486","0.6363"
"41.7550","0.1486","0.6362"
"41.7750","0.1486","0.6362"
"41.7950","0.1486","0.6362"
"41.8150","0.1486","0.6361"
"41.8350","0.1486","0.6361"
"41.8550","0.1486","0.6361"
"41.8750","0.1486","0.6361"
"41.8950","0.1486","0.6360"
"41.9150","0.1486","0.6361"
"41.9350","0.1486","0.6361"
"41.9550","0.1486","0.6360"
"41.9750","0.1486","0.6359"
"41.9950","0.1486","0.6358"
"42.0150","0.1486","0.6358"
"42.0350","0.1486","0.6358"
"42.0550","0.1486","0.6358"
"42.0750","0.1486","0.6357"
"42.0950","0.1486","0.6358"
"42.1150","0.1486","0.6357"
"42.1350","0.1486","0.6357"
"42.1550","0.1486","0.6356"
"42.1750","0.1486","0.6356"
"42.1950","0.1486","0.6355"
"42.2150","0.1486","0.6355"
"42.2350","0.1486","0.6354"
"42.2550","0.1486","0.6354"
"42.2750","0.1486","0.6354"
"42.2950","0.1486","0.6355"
"42.3150","0.1486","0.6354"
"42.3350","0.1486","0.6354"
"42.3550","0.1486","0.6353"
"42.3750","0.1486","0.6353"
"42.3950","0.1486","0.6353"
"42.4150","0.1486","0.6353"
"42.4350","0.1486","0.6352"
"42.4550","0.1486","0.6351"
"42.4750","0.1486","0.6351"
"42.4950","0.1486","0.6351"
"42.5150","0.1486","0.6351"
"42.5350","0.1486","0.6351"
"42.5550","0.1486","0.6351"
"42.5750","0.1486","0.6350"
"42.5950","0.1486","0.6350"
"42.6150","0.1486","0.6349"
"42.6350","0.1486","0.6349"
"42.6550","0.1486","0.6349"
"42.6750","0.1486","0.6348"
"42.6950","0.1486","0.6347"
"42.7150","0.1486","0.6347"
"42.7350","0.1486","0.6347"
"42.7550","0.1486","0.6347"
"42.7750","0.1486","0.6346"
"42.7950","0.1486","0.6346"
"42.8150","0.1486","0.6346"
"42.8350","0.1486","0.6346"
"42.8550","0.1486","0.6345"
"42.8750","0.1486","0.6345"
"42.8950","0.1486","0.6345"
"42.9150","0.1486","0.6344"
"42.9350","0.1486","0.6344"
"42.9550","0.1486","0.6344"
"42.9750","0.1486","0.6344"
"42.9950","0.1486","0.6343"
"43.0150","0.1486","0.6342"
"43.0350","0.1486","0.6342"
"43.0550","0.1486","0.6341"
"43.0750","0.1486","0.6342"
"43.0950","0.1486","0.6342"
"43.1150","0.1486","0.6342"
"43.1350","0.1486","0.6341"
"43.1550","0.1486","0.6341"
"43.1750","0.1486","0.6340"
"43.1950","0.1486","0.6340"
"43.2150","0.1486","0.6339"
"43.2350","0.1486","0.6339"
"43.2550","0.1486","0.6338"
"43.2750","0.1486","0.6338"
"43.2950","0.1486","0.6338"
"43.3150","0.1486","0.6338"
"43.3350","0.1486","0.6337"
"43.3550","0.1486","0.6337"
"43.3750","0.1486","0.6336"
"43.3950","0.1486","0.6336"
"43.4150","0.1486","0.6336"
"43.4350","0.1486","0.6336"
"43.4550","0.1486","0.6336"
"43.4750","0.1486","0.6335"
"43.4950","0.1486","0.6334"
"43.5150","0.1486","0.6334"
"43.5350","0.1486","0.6334"
"43.5550","0.1486","0.6334"
"43.5750","0.1486","0.6334"
"43.5950","0.1486","0.6334"
"43.6150","0.1486","0.6333"
"43.6350","0.1486","0.6333"
"43.6550","0.1486","0.6334"
"43.6750","0.1486","0.6333"
"43.6950","0.1486","0.6332"
"43.7150","0.1486","0.6331"
"43.7350","0.1486","0.6331"
"43.7550","0.1486","0.6331"
"43.7750","0.1486","0.6331"
"43.7950","0.1486","0.6331"
"43.8150","0.1486","0.6331"
"43.8350","0.1486","0.6330"
"43.8550","0.1486","0.6330"
"43.8750","0.1486","0.6329"
"43.8950","0.1486","0.6329"
"43.9150","0.1486","0.6328"
"43.9350","0.1486","0.6327"
"43.9550","0.1486","0.6327"
"43.9750","0.1486","0.6327"
"43.9950","0.1486","0.6327"
"44.0150","0.1486","0.6327"
"44.0350","0.1486","0.6327"
"44.0550","0.1486","0.6327"
"44.0750","0.1486","0.6326"
"44.0950","0.1486","0.6325"
"44.1150","0.1486","0.6325"
"44.1350","0.1486","0.6325"
"44.1550","0.1486","0.6325"
"44.1750","0.1486","0.6324"
"44.1950","0.1486","0.6323"
"44.2150","0.1486","0.6323"
"44.2350","0.1486","0.6323"
"44.2550","0.1486","0.6323"
"44.2750","0.1486","0.6323"
"44.2950","0.1486","0.6324"
"44.3150","0.1486","0.6324"
"44.3350","0.1486","0.6322"
"44.3550","0.1486","0.6321"
"44.3750","0.1486","0.6321"
"44.3950","0.1486","0.6321"
"44.4150","0.1486","0.6321"
"44.4350","0.1486","0.6321"
"44.4550","0.1486","0.6320"
"44.4750","0.1486","0.6320"
"44.4950","0.1486","0.6320"
"44.5150","0.1486","0.6319"
"44.5350","0.1486","0.6319"
"44.5550","0.1486","0.6318"
"44.5750","0.1486","0.6319"
"44.5950","0.1486","0.6318"
"44.6150","0.1486","0.6318"
"44.6350","0.1486","0.6317"
"44.6550","0.1486","0.6317"
"44.6750","0.1486","0.6318"
"44.6950","0.1486","0.6317"
"44.7150","0.1486","0.6316"
"44.7350","0.1486","0.6317"
"44.7550","0.1486","0.6317"
"44.7750","0.1486","0.6316"
"44.7950","0.1486","0.6316"
"44.8150","0.1486","0.6315"
"44.8350","0.1486","0.6314"
"44.8550","0.1486","0.6315"
"44.8750","0.1486","0.6315"
"44.8950","0.1486","0.6314"
"44.9150","0.1486","0.6314"
"44.9350","0.1486","0.6313"
"44.9550","0.1486","0.6313"
"44.9750","0.1486","0.6312"
"44.9950","0.1486","0.6311"
"45.0150","0.1486","0.6311"
"45.0350","0.1486","0.6311"
"45.0550","0.1486","0.6312"
"45.0750","0.1486","0.6311"
"45.0950","0.1486","0.6311"
"45.1150","0.1486","0.6311"
"45.1350","0.1486","0.6311"
"45.1550","0.1486","0.6309"
"45.1750","0.1486","0.6309"
"45.1950","0.1486","0.6308"
"45.2150","0.1486","0.6309"
"45.2350","0.1486","0.6309"
"45.2550","0.1486","0.6309"
"45.2750","0.1486","0.6309"
"45.2950","0.1486","0.6309"
"45.3150","0.1486","0.6309"
"45.3350","0.1486","0.6308"
"45.3550","0.1486","0.6307"
"45.3750","0.1486","0.6307"
"45.3950","0.1486","0.6307"
"45.4150","0.1486","0.6306"
"45.4350","0.1486","0.6307"
"45.4550","0.1486","0.6306"
"45.4750","0.1486","0.6306"
"45.4950","0.1486","0.6306"
"45.5150","0.1486","0.6304"
"45.5350","0.1486","0.6304"
"45.5550","0.1486","0.6304"
"45.5750","0.1486","0.6304"
"45.5950","0.1486","0.6303"
"45.6150","0.1486","0.6303"
"45.6350","0.1486","0.6304"
"45.6550","0.1486","0.6304"
"45.6750","0.1486","0.6303"
"45.6950","0.1486","0.6302"
"45.7150","0.1486","0.6302"
"45.7350","0.1486","0.6302"
"45.7550","0.1486","0.6302"
"45.7750","0.1486","0.6301"
"45.7950","0.1486","0.6301"
"45.8150","0.1486","0.6300"
"45.8350","0.1486","0.6300"
"45.8550","0.1486","0.6301"
"45.8750","0.1486","0.6300"
"45.8950","0.1486","0.6300"
"45.9150","0.1486","0.6299"
"45.9350","0.1486","0.6300"
"45.9550","0.1486","0.6300"
"45.9750","0.1486","0.6299"
"45.9950","0.1486","0.6298"
"46.0150","0.1486","0.6297"
"46.0350","0.1486","0.6297"
"46.0550","0.1486","0.6298"
"46.0750","0.1486","0.6297"
"46.0950","0.1486","0.6296"
"46.1150","0.1486","0.6296"
"46.1350","0.1486","0.6296"
"46.1550","0.1486","0.6295"
"46.1750","0.1486","0.6296"
"46.1950","0.1486","0.6295"
"46.2150","0.1486","0.6295"
"46.2350","0.1486","0.6294"
"46.2550","0.1486","0.6294"
"46.2750","0.1486","0.6294"
"46.2950","0.1486","0.6294"
"46.3150","0.1486","0.6294"
"46.3350","0.1486","0.6293"
"46.3550","0.1486","0.6292"
"46.3750","0.1486","0.6292"
"46.3950","0.1486","0.6292"
"46.4150","0.1486","0.6292"
"46.4350","0.1486","0.6291"
"46.4550","0.1486","0.6291"
"46.4750","0.1486","0.6290"
"46.4950","0.1486","0.6291"
"46.5150","0.1486","0.6290"
"46.5350","0.1486","0.6290"
"46.5550","0.1486","0.6291"
"46.5750","0.1486","0.6290"
"46.5950","0.1486","0.6289"
"46.6150","0.1486","0.6288"
"46.6350","0.1486","0.6288"
"46.6550","0.1486","0.6288"
"46.6750","0.1486","0.6289"
"46.6950","0.1486","0.6289"
"46.7150","0.1486","0.6288"
"46.7350","0.1486","0.6287"
"46.7550","0.1486","0.6287"
"46.7750","0.1486","0.6287"
"46.7950","0.1486","0.6287"
"46.8150","0.1486","0.6287"
"46.8350","0.1486","0.6286"
"46.8550","0.1486","0.6286"
"46.8750","0.1486","0.6286"
"46.8950","0.1486","0.6285"
"46.9150","0.1486","0.6284"
"46.9350","0.1486","0.6285"
"46.9550","0.1486","0.6285"
"46.9750","0.1486","0.6285"
"46.9950","0.1486","0.6284"
"47.0150","0.1486","0.6284"
"47.0350","0.1486","0.6284"
"47.0550","0.1486","0.6283"
"47.0750","0.1486","0.6282"
"47.0950","0.1486","0.6282"
"47.1150","0.1486","0.6282"
"47.1350","0.1486","0.6283"
"47.1550","0.1486","0.6283"
"47.1750","0.1486","0.6282"
"47.1950","0.1486","0.6282"
"47.2150","0.1486","0.6281"
"47.2350","0.1486","0.6281"
"47.2550","0.1486","0.6280"
"47.2750","0.1486","0.6279"
"47.2950","0.1486","0.6280"
"47.3150","0.1486","0.6280"
"47.3350","0.1486","0.6279"
"47.3550","0.1486","0.6279"
"47.3750","0.1486","0.6279"
"47.3950","0.1486","0.6278"
"47.4150","0.1486","0.6279"
"47.4350","0.1486","0.6278"
"47.4550","0.1486","0.6278"
"47.4750","0.1486","0.6277"
"47.4950","0.1486","0.6277"
"47.5150","0.1486","0.6277"
"47.5350","0.1486","0.6277"
"47.5550","0.1486","0.6277"
"47.5750","0.1486","0.6277"
"47.5950","0.1486","0.6277"
"47.6150","0.1486","0.6276"
"47.6350","0.1486","0.6275"
"47.6550","0.1486","0.6275"
"47.6750","0.1486","0.6275"
"47.6950","0.1486","0.6275"
"47.7150","0.1486","0.6274"
"47.7350","0.1486","0.6273"
"47.7550","0.1486","0.6274"
"47.7750","0.1486","0.6274"
"47.7950","0.1486","0.6273"
"47.8150","0.1486","0.6273"
"47.8350","0.1486","0.6273"
"47.8550","0.1486","0.6273"
"47.8750","0.1486","0.6273"
"47.8950","0.1486","0.6272"
"47.9150","0.1486","0.6271"
"47.9350","0.1486","0.6271"
"47.9550","0.1486","0.6271"
"47.9750","0.1486","0.6271"
"47.9950","0.1486","0.6270"
"48.0150","0.1486","0.6269"
"48.0350","0.1486","0.6269"
"48.0550","0.1486","0.6270"
"48.0750","0.1486","0.6269"
"48.0950","0.1486","0.6270"
"48.1150","0.1486","0.6269"
"48.1350","0.1486","0.6269"
"48.1550","0.1486","0.6269"
"48.1750","0.1486","0.6268"
"48.1950","0.1486","0.6267"
"48.2150","0.1486","0.6267"
"48.2350","0.1486","0.6266"
"48.2550","0.1486","0.6267"
"48.2750","0.1486","0.6267"
"48.2950","0.1486","0.6266"
"48.3150","0.1486","0.6266"
"48.3350","0.1486","0.6266"
"48.3550","0.1486","0.6266"
"48.3750","0.1486","0.6265"
"48.3950","0.1486","0.6265"
"48.4150","0.1486","0.6265"
"48.4350","0.1486","0.6265"
"48.4550","0.1486","0.6265"
"48.4750","0.1486","0.6265"
"48.4950","0.1486","0.6264"
"48.5150","0.1486","0.6263"
"48.5350","0.1486","0.6264"
"48.5550","0.1486","0.6264"
"48.5750","0.1486","0.6263"
"48.5950","0.1486","0.6263"
"48.6150","0.1486","0.6262"
"48.6350","0.1486","0.6262"
"48.6550","0.1486","0.6262"
"48.6750","0.1486","0.6261"
"48.6950","0.1486","0.6261"
"48.7150","0.1486","0.6260"
"48.7350","0.1486","0.6261"
"48.7550","0.1486","0.6261"
"48.7750","0.1486","0.6261"
"48.7950","0.1486","0.6261"
"48.8150","0.1486","0.6259"
"48.8350","0.1486","0.6259"
"48.8550","0.1486","0.6260"
"48.8750","0.1486","0.6259"
"48.8950","0.1486","0.6258"
"48.9150","0.1486","0.6258"
"48.9350","0.1486","0.6258"
"48.9550","0.1486","0.6257"
"48.9750","0.1486","0.6257"
"48.9950","0.1486","0.6257"
"49.0150","0.1486","0.6256"
"49.0350","0.1486","0.6256"
"49.0550","0.1486","0.6256"
"49.0750","0.1486","0.6257"
"49.0950","0.1486","0.6256"
"49.1150","0.1486","0.6256"
"49.1350","0.1486","0.6256"
"49.1550","0.1486","0.6255"
"49.1750","0.1486","0.6256"
"49.1950","0.1486","0.6255"
"49.2150","0.1486","0.6254"
"49.2350","0.1486","0.6254"
"49.2550","0.1486","0.6254"
"49.2750","0.1486","0.6254"
"49.2950","0.1486","0.6254"
"49.3150","0.1486","0.6253"
"49.3350","0.1486","0.6254"
"49.3550","0.1486","0.6253"
"49.3750","0.1486","0.6253"
"49.3950","0.1486","0.6252"
"49.4150","0.1486","0.6251"
"49.4350","0.1486","0.6251"
"49.4550","0.1486","0.6251"
"49.4750","0.1486","0.6251"
"49.4950","0.1486","0.6251"
"49.5150","0.1486","0.6250"
"49.5350","0.1486","0.6250"
"49.5550","0.1486","0.6251"
"49.5750","0.1486","0.6250"
"49.5950","0.1486","0.6250"
"49.6150","0.1486","0.6250"
"49.6350","0.1486","0.6249"
"49.6550","0.1486","0.6249"
"49.6750","0.1486","0.6248"
"49.6950","0.1486","0.6248"
"49.7150","0.1486","0.6247"
"49.7350","0.1486","0.6248"
"49.7550","0.1486","0.6248"
"49.7750","0.1486","0.6247"
"49.7950","0.1486","0.6247"
"49.8150","0.1486","0.6246"
"49.8350","0.1486","0.6246"
"49.8550","0.1486","0.6246"
"49.8750","0.1486","0.6246"
"49.8950","0.1486","0.6246"
"49.9150","0.1486","0.6245"
"49.9350","0.1486","0.6245"
"49.9550","0.1486","0.6245"
"49.9750","0.1486","0.6245"
"49.9950","0.1486","0.6245"
"50.0150","0.1486","0.6245"
"50.0350","0.1486","0.6244"
"50.0550","0.1486","0.6244"
"50.0750","0.1486","0.6244"
"50.0950","0.1486","0.6242"
"50.1150","0.1486","0.6243"
"50.1350","0.1486","0.6243"
"50.1550","0.1486","0.6243"
"50.1750","0.1486","0.6243"
"50.1950","0.1486","0.6242"
"50.2150","0.1486","0.6241"
"50.2350","0.1486","0.6241"
"50.2550","0.1486","0.6242"
"50.2750","0.1486","0.6242"
"50.2950","0.1486","0.6242"
"50.3150","0.1486","0.6241"
"50.3350","0.1486","0.6240"
"50.3550","0.1486","0.6241"
"50.3750","0.1486","0.6241"
"50.3950","0.1486","0.6240"
"50.4150","0.1486","0.6240"
"50.4350","0.1486","0.6239"
"50.4550","0.1486","0.6239"
"50.4750","0.1486","0.6238"
"50.4950","0.1486","0.6239"
"50.5150","0.1486","0.6238"
"50.5350","0.1486","0.6238"
"50.5550","0.1486","0.6237"
"50.5750","0.1486","0.6237"
"50.5950","0.1486","0.6237"
"50.6150","0.1486","0.6237"
"50.6350","0.1486","0.6236"
"50.6550","0.1486","0.6236"
"50.6750","0.1486","0.6236"
"50.6950","0.1486","0.6236"
"50.7150","0.1486","0.6236"
"50.7350","0.1486","0.6236"
"50.7550","0.1486","0.6235"
"50.7750","0.1486","0.6234"
"50.7950","0.1486","0.6234"
"50.8150","0.1486","0.6234"
"50.8350","0.1486","0.6234"
"50.8550","0.1486","0.6234"
"50.8750","0.1486","0.6234"
"50.8950","0.1486","0.6233"
"50.9150","0.1486","0.6232"
"50.9350","0.1486","0.6232"
"50.9550","0.1486","0.6234"
"50.9750","0.1486","0.6233"
"50.9950","0.1486","0.6232"
"51.0150","0.1486","0.6232"
"51.0350","0.1486","0.6232"
"51.0550","0.1486","0.6233"
"51.0750","0.1486","0.6232"
"51.0950","0.1486","0.6231"
"51.1150","0.1486","0.6231"
"51.1350","0.1486","0.6230"
"51.1550","0.1486","0.6230"
"51.1750","0.1486","0.6229"
"51.1950","0.1486","0.6229"
"51.2150","0.1486","0.6229"
"51.2350","0.1486","0.6230"
"51.2550","0.1486","0.6230"
"51.2750","0.1486","0.6229"
"51.2950","0.1486","0.6228"
"51.3150","0.1486","0.6228"
"51.3350","0.1486","0.6228"
"51.3550","0.1486","0.6227"
"51.3750","0.1486","0.6226"
"51.3950","0.1486","0.6226"
"51.4150","0.1486","0.6226"
"51.4350","0.1486","0.6227"
"51.4550","0.1486","0.6226"
"51.4750","0.1486","0.6226"
"51.4950","0.1486","0.6226"
"51.5150","0.1486","0.6226"
"51.5350","0.1486","0.6225"
"51.5550","0.1486","0.6226"
"51.5750","0.1486","0.6226"
"51.5950","0.1486","0.6225"
"51.6150","0.1486","0.6224"
"51.6350","0.1486","0.6223"
"51.6550","0.1486","0.6224"
"51.6750","0.1486","0.6224"
"51.6950","0.1486","0.6224"
"51.7150","0.1486","0.6223"
"51.7350","0.1486","0.6223"
"51.7550","0.1486","0.6223"
"51.7750","0.1486","0.6222"
"51.7950","0.1486","0.6222"
"51.8150","0.1486","0.6222"
"51.8350","0.1486","0.6222"
"51.8550","0.1486","0.6222"
"51.8750","0.1486","0.6222"
"51.8950","0.1486","0.6222"
"51.9150","0.1486","0.6221"
"51.9350","0.1486","0.6221"
"51.9550","0.1486","0.6220"
"51.9750","0.1486","0.6220"
"51.9950","0.1486","0.6221"
"52.0150","0.1486","0.6220"
"52.0350","0.1486","0.6219"
"52.0550","0.1486","0.6219"
"52.0750","0.1486","0.6219"
"52.0950","0.1486","0.6219"
"52.1150","0.1486","0.6218"
"52.1350","0.1486","0.6218"
"52.1550","0.1486","0.6218"
"52.1750","0.1486","0.6218"
"52.1950","0.1486","0.6217"
"52.2150","0.1486","0.6217"
"52.2350","0.1486","0.6217"
"52.2550","0.1486","0.6217"
"52.2750","0.1486","0.6217"
"52.2950","0.1486","0.6218"
"52.3150","0.1486","0.6217"
"52.3350","0.1486","0.6217"
"52.3550","0.1486","0.6216"
"52.3750","0.1486","0.6215"
"52.3950","0.1486","0.6215"
"52.4150","0.1486","0.6215"
"52.4350","0.1486","0.6215"
"52.4550","0.1486","0.6215"
"52.4750","0.1486","0.6215"
"52.4950","0.1486","0.6214"
"52.5150","0.1486","0.6213"
"52.5350","0.1486","0.6213"
"52.5550","0.1486","0.6214"
"52.5750","0.1486","0.6214"
"52.5950","0.1486","0.6214"
"52.6150","0.1486","0.6214"
"52.6350","0.1486","0.6213"
"52.6550","0.1486","0.6212"
"52.6750","0.1486","0.6211"
"52.6950","0.1486","0.6211"
"52.7150","0.1486","0.6212"
"52.7350","0.1486","0.6211"
"52.7550","0.1486","0.6210"
"52.7750","0.1486","0.6210"
"52.7950","0.1486","0.6210"
"52.8150","0.1486","0.6210"
"52.8350","0.1486","0.6210"
"52.8550","0.1486","0.6210"
"52.8750","0.1486","0.6210"
"52.8950","0.1486","0.6209"
"52.9150","0.1486","0.6209"
"52.9350","0.1486","0.6209"
"52.9550","0.1486","0.6209"
"52.9750","0.1486","0.6209"
"52.9950","0.1486","0.6209"
"53.0150","0.1486","0.6208"
"53.0350","0.1486","0.6207"
"53.0550","0.1486","0.6207"
"53.0750","0.1486","0.6207"
"53.0950","0.1486","0.6207"
"53.1150","0.1486","0.6206"
"53.1350","0.1486","0.6207"
"53.1550","0.1486","0.6207"
"53.1750","0.1486","0.6206"
"53.1950","0.1486","0.6206"
"53.2150","0.1486","0.6206"
"53.2350","0.1486","0.6206"
"53.2550","0.1486","0.6206"
"53.2750","0.1486","0.6205"
"53.2950","0.1486","0.6205"
"53.3150","0.1486","0.6205"
"53.3350","0.1486","0.6204"
"53.3550","0.1486","0.6205"
"53.3750","0.1486","0.6204"
"53.3950","0.1486","0.6203"
"53.4150","0.1486","0.6204"
"53.4350","0.1486","0.6204"
"53.4550","0.1486","0.6204"
"53.4750","0.1486","0.6204"
"53.4950","0.1486","0.6203"
"53.5150","0.1486","0.6202"
"53.5350","0.1486","0.6201"
"53.5550","0.1486","0.6201"
"53.5750","0.1486","0.6201"
"53.5950","0.1486","0.6202"
"53.6150","0.1486","0.6202"
"53.6350","0.1486","0.6201"
"53.6550","0.1486","0.6200"
"53.6750","0.1486","0.6200"
"53.6950","0.1486","0.6201"
"53.7150","0.1486","0.6201"
"53.7350","0.1486","0.6200"
"53.7550","0.1486","0.6200"
"53.7750","0.1486","0.6199"
"53.7950","0.1486","0.6199"
"53.8150","0.1486","0.6199"
"53.8350","0.1486","0.6199"
"53.8550","0.1486","0.6198"
"53.8750","0.1486","0.6199"
"53.8950","0.1486","0.6198"
"53.9150","0.1486","0.6198"
"53.9350","0.1486","0.6198"
"53.9550","0.1486","0.6198"
"53.9750","0.1486","0.6198"
"53.9950","0.1486","0.6197"
"54.0150","0.1486","0.6197"
"54.0350","0.1486","0.6197"
"54.0550","0.1486","0.6197"
"54.0750","0.1486","0.6196"
"54.0950","0.1486","0.6196"
"54.1150","0.1486","0.6196"
"54.1350","0.1486","0.6196"
"54.1550","0.1486","0.6195"
"54.1750","0.1486","0.6195"
"54.1950","0.1486","0.6195"
"54.2150","0.1486","0.6194"
"54.2350","0.1486","0.6194"
"54.2550","0.1486","0.6194"
"54.2750","0.1486","0.6194"
"54.2950","0.1486","0.6193"
"54.3150","0.1486","0.6193"
"54.3350","0.1486","0.6193"
"54.3550","0.1486","0.6193"
"54.3750","0.1486","0.6193"
"54.3950","0.1486","0.6193"
"54.4150","0.1486","0.6193"
"54.4350","0.1486","0.6193"
"54.4550","0.1486","0.6192"
"54.4750","0.1486","0.6191"
"54.4950","0.1486","0.6192"
"54.5150","0.1486","0.6192"
"54.5350","0.1486","0.6191"
"54.5550","0.1486","0.6191"
"54.5750","0.1486","0.6191"
"54.5950","0.1486","0.6191"
"54.6150","0.1486","0.6191"
"54.6350","0.1486","0.6190"
"54.6550","0.1486","0.6189"
"54.6750","0.1486","0.6189"
"54.6950","0.1486","0.6189"
"54.7150","0.1486","0.6189"
"54.7350","0.1486","0.6189"
"54.7550","0.1486","0.6189"
"54.7750","0.1486","0.6189"
"54.7950","0.1486","0.6188"
"54.8150","0.1486","0.6188"
"54.8350","0.1486","0.6188"
"54.8550","0.1486","0.6188"
"54.8750","0.1486","0.6188"
"54.8950","0.1486","0.6188"
"54.9150","0.1486","0.6187"
"54.9350","0.1486","0.6187"
"54.9550","0.1486","0.6186"
"54.9750","0.1486","0.6187"
"54.9950","0.1486","0.6187"
"55.0150","0.1486","0.6187"
"55.0350","0.1486","0.6186"
"55.0550","0.1486","0.6185"
"55.0750","0.1486","0.6185"
"55.0950","0.1486","0.6185"
"55.1150","0.1486","0.6185"
"55.1350","0.1486","0.6185"
"55.1550","0.1486","0.6185"
"55.1750","0.1486","0.6184"
"55.1950","0.1486","0.6184"
"55.2150","0.1486","0.6184"
"55.2350","0.1486","0.6184"
"55.2550","0.1486","0.6183"
"55.2750","0.1486","0.6183"
"55.2950","0.1486","0.6183"
"55.3150","0.1486","0.6184"
"55.3350","0.1486","0.6183"
"55.3550","0.1486","0.6182"
"55.3750","0.1486","0.6182"
"55.3950","0.1486","0.6182"
"55.4150","0.1486","0.6182"
"55.4350","0.1486","0.6182"
"55.4550","0.1486","0.6181"
"55.4750","0.1486","0.6180"
"55.4950","0.1486","0.6180"
"55.5150","0.1486","0.6180"
"55.5350","0.1486","0.6181"
"55.5550","0.1486","0.6181"
"55.5750","0.1486","0.6181"
"55.5950","0.1486","0.6180"
"55.6150","0.1486","0.6179"
"55.6350","0.1486","0.6179"
"55.6550","0.1486","0.6179"
"55.6750","0.1486","0.6178"
"55.6950","0.1486","0.6179"
"55.7150","0.1486","0.6179"
"55.7350","0.1486","0.6178"
"55.7550","0.1486","0.6177"
"55.7750","0.1486","0.6177"
"55.7950","0.1486","0.6177"
"55.8150","0.1486","0.6177"
"55.8350","0.1486","0.6177"
"55.8550","0.1486","0.6176"
"55.8750","0.1486","0.6177"
"55.8950","0.1486","0.6177"
"55.9150","0.1486","0.6176"
"55.9350","0.1486","0.6176"
"55.9550","0.1486","0.6176"
"55.9750","0.1486","0.6176"
"55.9950","0.1486","0.6176"
"56.0150","0.1486","0.6175"
"56.0350","0.1486","0.6175"
"56.0550","0.1486","0.6174"
"56.0750","0.1486","0.6175"
"56.0950","0.1486","0.6175"
"56.1150","0.1486","0.6175"
"56.1350","0.1486","0.6174"
"56.1550","0.1486","0.6173"
"56.1750","0.1486","0.6173"
"56.1950","0.1486","0.6172"
"56.2150","0.1486","0.6172"
"56.2350","0.1486","0.6172"
"56.2550","0.1486","0.6172"
"56.2750","0.1486","0.6172"
"56.2950","0.1486","0.6172"
"56.3150","0.1486","0.6172"
"56.3350","0.1486","0.6172"
"56.3550","0.1486","0.6172"
"56.3750","0.1486","0.6172"
"56.3950","0.1486","0.6171"
"56.4150","0.1486","0.6171"
"56.4350","0.1486","0.6170"
"56.4550","0.1486","0.6170"
"56.4750","0.1486","0.6170"
"56.4950","0.1486","0.6170"
"56.5150","0.1486","0.6169"
"56.5350","0.1486","0.6169"
"56.5550","0.1486","0.6169"
"56.5750","0.1486","0.6169"
"56.5950","0.1486","0.6168"
"56.6150","0.1486","0.6167"
"56.6350","0.1486","0.6168"
"56.6550","0.1486","0.6168"
"56.6750","0.1486","0.6169"
"56.6950","0.1486","0.6168"
"56.7150","0.1486","0.6168"
"56.7350","0.1486","0.6167"
"56.7550","0.1486","0.6167"
"56.7750","0.1486","0.6167"
"56.7950","0.1486","0.6166"
"56.8150","0.1486","0.6166"
"56.8350","0.1486","0.6167"
"56.8550","0.1486","0.6167"
"56.8750","0.1486","0.6166"
"56.8950","0.1486","0.6166"
"56.9150","0.1486","0.6165"
"56.9350","0.1486","0.6165"
"56.9550","0.1486","0.6165"
"56.9750","0.1486","0.6165"
"56.9950","0.1486","0.6163"
"57.0150","0.1486","0.6163"
"57.0350","0.1486","0.6163"
"57.0550","0.1486","0.6165"
"57.0750","0.1486","0.6164"
"57.0950","0.1486","0.6164"
"57.1150","0.1486","0.6164"
"57.1350","0.1486","0.6163"
"57.1550","0.1486","0.6163"
"57.1750","0.1486","0.6163"
"57.1950","0.1486","0.6163"
"57.2150","0.1486","0.6162"
"57.2350","0.1486","0.6162"
"57.2550","0.1486","0.6162"
"57.2750","0.1486","0.6162"
"57.2950","0.1486","0.6162"
"57.3150","0.1486","0.6161"
"57.3350","0.1486","0.6161"
"57.3550","0.1486","0.6160"
"57.3750","0.1486","0.6161"
"57.3950","0.1486","0.6162"
"57.4150","0.1486","0.6161"
"57.4350","0.1486","0.6160"
"57.4550","0.1486","0.6161"
"57.4750","0.1486","0.6161"
"57.4950","0.1486","0.6160"
"57.5150","0.1486","0.6161"
"57.5350","0.1486","0.6160"
"57.5550","0.1486","0.6160"
"57.5750","0.1486","0.6159"
"57.5950","0.1486","0.6158"
"57.6150","0.1486","0.6158"
"57.6350","0.1486","0.6158"
"57.6550","0.1486","0.6158"
"57.6750","0.1486","0.6158"
"57.6950","0.1486","0.6158"
"57.7150","0.1486","0.6158"
"57.7350","0.1486","0.6157"
"57.7550","0.1486","0.6156"
"57.7750","0.1486","0.6155"
"57.7950","0.1486","0.6156"
"57.8150","0.1486","0.6156"
"57.8350","0.1486","0.6155"
"57.8550","0.1486","0.6156"
"57.8750","0.1486","0.6156"
"57.8950","0.1486","0.6156"
"57.9150","0.1486","0.6156"
"57.9350","0.1486","0.6155"
"57.9550","0.1486","0.6154"
"57.9750","0.1486","0.6154"
"57.9950","0.1486","0.6155"
"58.0150","0.1486","0.6155"
"58.0350","0.1486","0.6154"
"58.0550","0.1486","0.6154"
"58.0750","0.1486","0.6154"
"58.0950","0.1486","0.6154"
"58.1150","0.1486","0.6154"
"58.1350","0.1486","0.6153"
"58.1550","0.1486","0.6153"
"58.1750","0.1486","0.6153"
"58.1950","0.1486","0.6153"
"58.2150","0.1486","0.6152"
"58.2350","0.1486","0.6151"
"58.2550","0.1486","0.6152"
"58.2750","0.1486","0.6152"
"58.2950","0.1486","0.6152"
"58.3150","0.1486","0.6151"
"58.3350","0.1486","0.6150"
"58.3550","0.1486","0.6151"
"58.3750","0.1486","0.6151"
"58.3950","0.1486","0.6151"
"58.4150","0.1486","0.6150"
"58.4350","0.1486","0.6150"
"58.4550","0.1486","0.6150"
"58.4750","0.1486","0.6149"
"58.4950","0.1486","0.6148"
"58.5150","0.1486","0.6148"
"58.5350","0.1486","0.6148"
"58.5550","0.1486","0.6149"
"58.5750","0.1486","0.6149"
"58.5950","0.1486","0.6148"
"58.6150","0.1486","0.6148"
"58.6350","0.1486","0.6147"
"58.6550","0.1486","0.6148"
"58.6750","0.1486","0.6148"
"58.6950","0.1486","0.6148"
"58.7150","0.1486","0.6147"
"58.7350","0.1486","0.6146"
"58.7550","0.1486","0.6147"
"58.7750","0.1486","0.6147"
"58.7950","0.1486","0.6146"
"58.8150","0.1486","0.6146"
"58.8350","0.1486","0.6146"
"58.8550","0.1486","0.6145"
"58.8750","0.1486","0.6145"
"58.8950","0.1486","0.6146"
"58.9150","0.1486","0.6146"
"58.9350","0.1486","0.6145"
"58.9550","0.1486","0.6145"
"58.9750","0.1486","0.6145"
"58.9950","0.1486","0.6145"
"59.0150","0.1486","0.6144"
"59.0350","0.1486","0.6145"
"59.0550","0.1486","0.6144"
"59.0750","0.1486","0.6143"
"59.0950","0.1486","0.6143"
"59.1150","0.1486","0.6142"
"59.1350","0.1486","0.6142"
"59.1550","0.1486","0.6143"
"59.1750","0.1486","0.6143"
"59.1950","0.1486","0.6142"
"59.2150","0.1486","0.6143"
"59.2350","0.1486","0.6142"
"59.2550","0.1486","0.6141"
"59.2750","0.1486","0.6141"
"59.2950","0.1486","0.6141"
"59.3150","0.1486","0.6142"
"59.3350","0.1486","0.6141"
"59.3550","0.1486","0.6141"
"59.3750","0.1486","0.6141"
"59.3950","0.1486","0.6140"
"59.4150","0.1486","0.6140"
"59.4350","0.1486","0.6140"
"59.4550","0.1486","0.6139"
"59.4750","0.1486","0.6140"
"59.4950","0.1486","0.6139"
"59.5150","0.1486","0.6139"
"59.5350","0.1486","0.6138"
"59.5550","0.1486","0.6138"
"59.5750","0.1486","0.6138"
"59.5950","0.1486","0.6138"
"59.6150","0.1486","0.6138"
"59.6350","0.1486","0.6138"
"59.6550","0.1486","0.6137"
"59.6750","0.1486","0.6137"
"59.6950","0.1486","0.6137"
"59.7150","0.1486","0.6137"
"59.7350","0.1486","0.6137"
"59.7550","0.1486","0.6137"
"59.7750","0.1486","0.6138"
"59.7950","0.1486","0.6137"
"59.8150","0.1486","0.6136"
"59.8350","0.1486","0.6136"
"59.8550","0.1486","0.6136"
"59.8750","0.1486","0.6134"
"59.8950","0.1486","0.6134"
"59.9150","0.1486","0.6134"
"59.9350","0.1486","0.6134"
"59.9550","0.1486","0.6134"
"59.9750","0.1486","0.6134"
"59.9950","0.1486","0.6135"
"60.0150","0.1486","0.6134"
"60.0350","0.1486","0.6135"
"60.0550","0.1486","0.6134"
"60.0750","0.1486","0.6134"
"60.0950","0.1486","0.6133"
"60.1150","0.1486","0.6134"
"60.1350","0.1486","0.6134"
"60.1550","0.1486","0.6133"
"60.1750","0.1486","0.6132"
"60.1950","0.1486","0.6132"
"60.2150","0.1486","0.6132"
"60.2350","0.1486","0.6132"
"60.2550","0.1486","0.6132"
"60.2750","0.1486","0.6132"
"60.2950","0.1486","0.6131"
"60.3150","0.1486","0.6131"
"60.3350","0.1486","0.6131"
"60.3550","0.1486","0.6130"
"60.3750","0.1486","0.6131"
"60.3950","0.1486","0.6130"
"60.4150","0.1486","0.6129"
"60.4350","0.1486","0.6130"
"60.4550","0.1486","0.6130"
"60.4750","0.1486","0.6129"
"60.4950","0.1486","0.6129"
"60.5150","0.1486","0.6129"
"60.5350","0.1486","0.6129"
"60.5550","0.1486","0.6129"
"60.5750","0.1486","0.6129"
"60.5950","0.1486","0.6129"
"60.6150","0.1486","0.6128"
"60.6350","0.1486","0.6129"
"60.6550","0.1486","0.6129"
"60.6750","0.1486","0.6128"
"60.6950","0.1486","0.6127"
"60.7150","0.1486","0.6128"
"60.7350","0.1486","0.6128"
"60.7550","0.1486","0.6128"
"60.7750","0.1486","0.6127"
"60.7950","0.1486","0.6127"
"60.8150","0.1486","0.6127"
"60.8350","0.1486","0.6126"
"60.8550","0.1486","0.6126"
"60.8750","0.1486","0.6126"
"60.8950","0.1486","0.6126"
"60.9150","0.1486","0.6126"
"60.9350","0.1486","0.6126"
"60.9550","0.1486","0.6126"
"60.9750","0.1486","0.6126"
"60.9950","0.1486","0.6125"
"61.0150","0.1486","0.6124"
"61.0350","0.1486","0.6123"
"61.0550","0.1486","0.6123"
"61.0750","0.1486","0.6123"
"61.0950","0.1486","0.6124"
"61.1150","0.1486","0.6124"
"61.1350","0.1486","0.6124"
"61.1550","0.1486","0.6125"
"61.1750","0.1486","0.6124"
"61.1950","0.1486","0.6123"
"61.2150","0.1486","0.6123"
"61.2350","0.1486","0.6123"
"61.2550","0.1486","0.6123"
"61.2750","0.1486","0.6122"
"61.2950","0.1486","0.6121"
"61.3150","0.1486","0.6121"
"61.3350","0.1486","0.6122"
"61.3550","0.1486","0.6121"
"61.3750","0.1486","0.6121"
"61.3950","0.1486","0.6121"
"61.4150","0.1486","0.6121"
"61.4350","0.1486","0.6120"
"61.4550","0.1486","0.6121"
"61.4750","0.1486","0.6121"
"61.4950","0.1486","0.6120"
"61.5150","0.1486","0.6119"
"61.5350","0.1486","0.6119"
"61.5550","0.1486","0.6119"
"61.5750","0.1486","0.6119"
"61.5950","0.1486","0.6120"
"61.6150","0.1486","0.6119"
"61.6350","0.1486","0.6119"
"61.6550","0.1486","0.6119"
"61.6750","0.1486","0.6118"
"61.6950","0.1486","0.6118"
"61.7150","0.1486","0.6117"
"61.7350","0.1486","0.6117"
"61.7550","0.1486","0.6118"
"61.7750","0.1486","0.6117"
"61.7950","0.1486","0.6117"
"61.8150","0.1486","0.6117"
"61.8350","0.1486","0.6117"
"61.8550","0.1486","0.6116"
"61.8750","0.1486","0.6116"
"61.8950","0.1486","0.6117"
"61.9150","0.1486","0.6116"
"61.9350","0.1486","0.6116"
"61.9550","0.1486","0.6116"
"61.9750","0.1486","0.6115"
"61.9950","0.1486","0.6115"
"62.0150","0.1486","0.6115"
"62.0350","0.1486","0.6115"
"62.0550","0.1486","0.6115"
"62.0750","0.1486","0.6114"
"62.0950","0.1486","0.6114"
"62.1150","0.1486","0.6115"
"62.1350","0.1486","0.6115"
"62.1550","0.1486","0.6114"
"62.1750","0.1486","0.6113"
"62.1950","0.1486","0.6113"
"62.2150","0.1486","0.6113"
"62.2350","0.1486","0.6113"
"62.2550","0.1486","0.6113"
"62.2750","0.1486","0.6113"
"62.2950","0.1486","0.6113"
"62.3150","0.1486","0.6113"
"62.3350","0.1486","0.6113"
"62.3550","0.1486","0.6113"
"62.3750","0.1486","0.6112"
"62.3950","0.1486","0.6111"
"62.4150","0.1486","0.6112"
"62.4350","0.1486","0.6112"
"62.4550","0.1486","0.6111"
"62.4750","0.1486","0.6111"
"62.4950","0.1486","0.6111"
"62.5150","0.1486","0.6110"
"62.5350","0.1486","0.6111"
"62.5550","0.1486","0.6110"
"62.5750","0.1486","0.6111"
"62.5950","0.1486","0.6110"
"62.6150","0.1486","0.6110"
"62.6350","0.1486","0.6110"
"62.6550","0.1486","0.6110"
"62.6750","0.1486","0.6110"
"62.6950","0.1486","0.6109"
"62.7150","0.1486","0.6108"
"62.7350","0.1486","0.6108"
"62.7550","0.1486","0.6109"
"62.7750","0.1486","0.6109"
"62.7950","0.1486","0.6109"
"62.8150","0.1486","0.6108"
"62.8350","0.1486","0.6107"
"62.8550","0.1486","0.6107"
"62.8750","0.1486","0.6107"
"62.8950","0.1486","0.6107"
"62.9150","0.1486","0.6107"
"62.9350","0.1486","0.6107"
"62.9550","0.1486","0.6107"
"62.9750","0.1486","0.6106"
"62.9950","0.1486","0.6106"
"63.0150","0.1486","0.6105"
"63.0350","0.1486","0.6105"
"63.0550","0.1486","0.6106"
"63.0750","0.1486","0.6106"
"63.0950","0.1486","0.6105"
"63.1150","0.1486","0.6105"
"63.1350","0.1486","0.6105"
"63.1550","0.1486","0.6105"
"63.1750","0.1486","0.6105"
"63.1950","0.1486","0.6105"
"63.2150","0.1486","0.6105"
"63.2350","0.1486","0.6104"
"63.2550","0.1486","0.6104"
"63.2750","0.1486","0.6104"
"63.2950","0.1486","0.6104"
"63.3150","0.1486","0.6104"
"63.3350","0.1486","0.6103"
"63.3550","0.1486","0.6102"
"63.3750","0.1486","0.6103"
"63.3950","0.1486","0.6103"
"63.4150","0.1486","0.6103"
"63.4350","0.1486","0.6103"
"63.4550","0.1486","0.6103"
"63.4750","0.1486","0.6102"
"63.4950","0.1486","0.6102"
"63.5150","0.1486","0.6101"
"63.5350","0.1486","0.6101"
"63.5550","0.1486","0.6101"
"63.5750","0.1486","0.6101"
"63.5950","0.1486","0.6101"
"63.6150","0.1486","0.6101"
"63.6350","0.1486","0.6101"
"63.6550","0.1486","0.6100"
"63.6750","0.1486","0.6100"
"63.6950","0.1486","0.6099"
"63.7150","0.1486","0.6100"
"63.7350","0.1486","0.6099"
"63.7550","0.1486","0.6099"
"63.7750","0.1486","0.6099"
"63.7950","0.1486","0.6100"
"63.8150","0.1486","0.6099"
"63.8350","0.1486","0.6099"
"63.8550","0.1486","0.6099"
"63.8750","0.1486","0.6098"
"63.8950","0.1486","0.6097"
"63.9150","0.1486","0.6097"
"63.9350","0.1486","0.6097"
"63.9550","0.1486","0.6096"
"63.9750","0.1486","0.6097"
"63.9950","0.1486","0.6098"
"64.0150","0.1486","0.6098"
"64.0350","0.1486","0.6098"
"64.0550","0.1486","0.6098"
"64.0750","0.1486","0.6097"
"64.0950","0.1486","0.6097"
"64.1150","0.1486","0.6097"
"64.1350","0.1486","0.6096"
"64.1550","0.1486","0.6096"
"64.1750","0.1486","0.6097"
"64.1950","0.1486","0.6096"
"64.2150","0.1486","0.6095"
"64.2350","0.1486","0.6095"
"64.2550","0.1486","0.6095"
"64.2750","0.1486","0.6095"
"64.2950","0.1486","0.6095"
"64.3150","0.1486","0.6095"
"64.3350","0.1486","0.6094"
"64.3550","0.1486","0.6094"
"64.3750","0.1486","0.6094"
"64.3950","0.1486","0.6093"
"64.4150","0.1486","0.6093"
"64.4350","0.1486","0.6094"
"64.4550","0.1486","0.6094"
"64.4750","0.1486","0.6093"
"64.4950","0.1486","0.6092"
"64.5150","0.1486","0.6092"
"64.5350","0.1486","0.6092"
"64.5550","0.1486","0.6093"
"64.5750","0.1486","0.6092"
"64.5950","0.1486","0.6092"
"64.6150","0.1486","0.6092"
"64.6350","0.1486","0.6092"
"64.6550","0.1486","0.6091"
"64.6750","0.1486","0.6091"
"64.6950","0.1486","0.6091"
"64.7150","0.1486","0.6091"
"64.7350","0.1486","0.6090"
"64.7550","0.1486","0.6091"
"64.7750","0.1486","0.6090"
"64.7950","0.1486","0.6090"
"64.8150","0.1486","0.6091"
"64.8350","0.1486","0.6090"
"64.8550","0.1486","0.6090"
"64.8750","0.1486","0.6090"
"64.8950","0.1486","0.6090"
"64.9150","0.1486","0.6089"
"64.9350","0.1486","0.6089"
"64.9550","0.1486","0.6089"
"64.9750","0.1486","0.6089"
"64.9950","0.1486","0.6088"
"65.0150","0.1486","0.6089"
"65.0350","0.1486","0.6088"
"65.0550","0.1486","0.6088"
"65.0750","0.1486","0.6088"
"65.0950","0.1486","0.6087"
"65.1150","0.1486","0.6087"
"65.1350","0.1486","0.6088"
"65.1550","0.1486","0.6088"
"65.1750","0.1486","0.6087"
"65.1950","0.1486","0.6087"
"65.2150","0.1486","0.6087"
"65.2350","0.1486","0.6087"
"65.2550","0.1486","0.6088"
"65.2750","0.1486","0.6088"
"65.2950","0.1486","0.6087"
"65.3150","0.1486","0.6086"
"65.3350","0.1486","0.6085"
"65.3550","0.1486","0.6086"
"65.3750","0.1486","0.6086"
"65.3950","0.1486","0.6086"
"65.4150","0.1486","0.6085"
"65.4350","0.1486","0.6085"
"65.4550","0.1486","0.6084"
"65.4750","0.1486","0.6084"
"65.4950","0.1486","0.6084"
"65.5150","0.1486","0.6084"
"65.5350","0.1486","0.6084"
"65.5550","0.1486","0.6084"
"65.5750","0.1486","0.6084"
"65.5950","0.1486","0.6084"
"65.6150","0.1486","0.6084"
"65.6350","0.1486","0.6083"
"65.6550","0.1486","0.6082"
"65.6750","0.1486","0.6083"
"65.6950","0.1486","0.6083"
"65.7150","0.1486","0.6083"
"65.7350","0.1486","0.6082"
"65.7550","0.1486","0.6082"
"65.7750","0.1486","0.6081"
"65.7950","0.1486","0.6081"
"65.8150","0.1486","0.6081"
"65.8350","0.1486","0.6081"
"65.8550","0.1486","0.6082"
"65.8750","0.1486","0.6081"
"65.8950","0.1486","0.6081"
"65.9150","0.1486","0.6081"
"65.9350","0.1486","0.6081"
"65.9550","0.1486","0.6081"
"65.9750","0.1486","0.6081"
"65.9950","0.1486","0.6080"
"66.0150","0.1486","0.6080"
"66.0350","0.1486","0.6079"
"66.0550","0.1486","0.6080"
"66.0750","0.1486","0.6080"
"66.0950","0.1486","0.6079"
"66.1150","0.1486","0.6078"
"66.1350","0.1486","0.6078"
"66.1550","0.1486","0.6079"
"66.1750","0.1486","0.6079"
"66.1950","0.1486","0.6079"
"66.2150","0.1486","0.6078"
"66.2350","0.1486","0.6078"
"66.2550","0.1486","0.6078"
"66.2750","0.1486","0.6078"
"66.2950","0.1486","0.6078"
"66.3150","0.1486","0.6078"
"66.3350","0.1486","0.6078"
"66.3550","0.1486","0.6077"
"66.3750","0.1486","0.6077"
"66.3950","0.1486","0.6077"
"66.4150","0.1486","0.6076"
"66.4350","0.1486","0.6076"
"66.4550","0.1486","0.6077"
"66.4750","0.1486","0.6077"
"66.4950","0.1486","0.6076"
"66.5150","0.1486","0.6075"
"66.5350","0.1486","0.6075"
"66.5550","0.1486","0.6074"
"66.5750","0.1486","0.6075"
"66.5950","0.1486","0.6075"
"66.6150","0.1486","0.6075"
"66.6350","0.1486","0.6075"
"66.6550","0.1486","0.6075"
"66.6750","0.1486","0.6074"
"66.6950","0.1486","0.6074"
"66.7150","0.1486","0.6075"
"66.7350","0.1486","0.6074"
"66.7550","0.1486","0.6074"
"66.7750","0.1486","0.6074"
"66.7950","0.1486","0.6074"
"66.8150","0.1486","0.6073"
"66.8350","0.1486","0.6073"
"66.8550","0.1486","0.6073"
"66.8750","0.1486","0.6073"
"66.8950","0.1486","0.6074"
"66.9150","0.1486","0.6073"
"66.9350","0.1486","0.6073"
"66.9550","0.1486","0.6072"
"66.9750","0.1486","0.6072"
"66.9950","0.1486","0.6071"
"67.0150","0.1486","0.6072"
"67.0350","0.1486","0.6072"
"67.0550","0.1486","0.6071"
"67.0750","0.1486","0.6072"
"67.0950","0.1486","0.6071"
"67.1150","0.1486","0.6071"
"67.1350","0.1486","0.6072"
"67.1550","0.1486","0.6072"
"67.1750","0.1486","0.6071"
"67.1950","0.1486","0.6071"
"67.2150","0.1486","0.6070"
"67.2350","0.1486","0.6070"
"67.2550","0.1486","0.6070"
"67.2750","0.1486","0.6070"
"67.2950","0.1486","0.6069"
"67.3150","0.1486","0.6069"
"67.3350","0.1486","0.6069"
"67.3550","0.1486","0.6068"
"67.3750","0.1486","0.6068"
"67.3950","0.1486","0.6068"
"67.4150","0.1486","0.6068"
"67.4350","0.1486","0.6068"
"67.4550","0.1486","0.6068"
"67.4750","0.1486","0.6068"
"67.4950","0.1486","0.6068"
"67.5150","0.1486","0.6067"
"67.5350","0.1486","0.6067"
"67.5550","0.1486","0.6067"
"67.5750","0.1486","0.6067"
"67.5950","0.1486","0.6067"
"67.6150","0.1486","0.6067"
"67.6350","0.1486","0.6067"
"67.6550","0.1486","0.6067"
"67.6750","0.1486","0.6067"
"67.6950","0.1486","0.6066"
"67.7150","0.1486","0.6066"
"67.7350","0.1486","0.6066"
"67.7550","0.1486","0.6065"
"67.7750","0.1486","0.6065"
"67.7950","0.1486","0.6065"
"67.8150","0.1486","0.6066"
"67.8350","0.1486","0.6065"
"67.8550","0.1486","0.6065"
"67.8750","0.1486","0.6065"
"67.8950","0.1486","0.6065"
"67.9150","0.1486","0.6064"
"67.9350","0.1486","0.6063"
"67.9550","0.1486","0.6063"
"67.9750","0.1486","0.6064"
"67.9950","0.1486","0.6064"
"68.0150","0.1486","0.6063"
"68.0350","0.1486","0.6064"
"68.0550","0.1486","0.6063"
"68.0750","0.1486","0.6063"
"68.0950","0.1486","0.6063"
"68.1150","0.1486","0.6063"
"68.1350","0.1486","0.6063"
"68.1550","0.1486","0.6062"
"68.1750","0.1486","0.6061"
"68.1950","0.1486","0.6061"
"68.2150","0.1486","0.6061"
"68.2350","0.1486","0.6060"
"68.2550","0.1486","0.6061"
"68.2750","0.1486","0.6062"
"68.2950","0.1486","0.6062"
"68.3150","0.1486","0.6061"
"68.3350","0.1486","0.6061"
"68.3550","0.1486","0.6061"
"68.3750","0.1486","0.6061"
"68.3950","0.1486","0.6061"
"68.4150","0.1486","0.6060"
"68.4350","0.1486","0.6060"
"68.4550","0.1486","0.6060"
"68.4750","0.1486","0.6060"
"68.4950","0.1486","0.6060"
"68.5150","0.1486","0.6060"
"68.5350","0.1486","0.6059"
"68.5550","0.1486","0.6059"
"68.5750","0.1486","0.6059"
"68.5950","0.1486","0.6059"
"68.6150","0.1486","0.6059"
"68.6350","0.1486","0.6059"
"68.6550","0.1486","0.6058"
"68.6750","0.1486","0.6058"
"68.6950","0.1486","0.6057"
"68.7150","0.1486","0.6057"
"68.7350","0.1486","0.6056"
"68.7550","0.1486","0.6058"
"68.7750","0.1486","0.6057"
"68.7950","0.1486","0.6057"
"68.8150","0.1486","0.6057"
"68.8350","0.1486","0.6057"
"68.8550","0.1486","0.6056"
"68.8750","0.1486","0.6056"
"68.8950","0.1486","0.6057"
"68.9150","0.1486","0.6057"
"68.9350","0.1486","0.6056"
"68.9550","0.1486","0.6056"
"68.9750","0.1486","0.6056"
"68.9950","0.1486","0.6057"
"69.0150","0.1486","0.6055"
"69.0350","0.1486","0.6055"
"69.0550","0.1486","0.6055"
"69.0750","0.1486","0.6055"
"69.0950","0.1486","0.6055"
"69.1150","0.1486","0.6055"
"69.1350","0.1486","0.6055"
"69.1550","0.1486","0.6054"
"69.1750","0.1486","0.6054"
"69.1950","0.1486","0.6054"
"69.2150","0.1486","0.6054"
"69.2350","0.1486","0.6054"
"69.2550","0.1486","0.6054"
"69.2750","0.1486","0.6053"
"69.2950","0.1486","0.6054"
"69.3150","0.1486","0.6053"
"69.3350","0.1486","0.6053"
"69.3550","0.1486","0.6052"
"69.3750","0.1486","0.6052"
"69.3950","0.1486","0.6052"
"69.4150","0.1486","0.6053"
"69.4350","0.1486","0.6052"
"69.4550","0.1486","0.6052"
"69.4750","0.1486","0.6051"
"69.4950","0.1486","0.6051"
"69.5150","0.1486","0.6051"
"69.5350","0.1486","0.6051"
"69.5550","0.1486","0.6052"
"69.5750","0.1486","0.6051"
"69.5950","0.1486","0.6050"
"69.6150","0.1486","0.6050"
"69.6350","0.1486","0.6050"
"69.6550","0.1486","0.6050"
"69.6750","0.1486","0.6050"
"69.6950","0.1486","0.6050"
"69.7150","0.1486","0.6050"
"69.7350","0.1486","0.6050"
"69.7550","0.1486","0.6050"
"69.7750","0.1486","0.6050"
"69.7950","0.1486","0.6049"
"69.8150","0.1486","0.6049"
"69.8350","0.1486","0.6048"
"69.8550","0.1486","0.6048"
"69.8750","0.1486","0.6048"
"69.8950","0.1486","0.6048"
"69.9150","0.1486","0.6049"
"69.9350","0.1486","0.6048"
"69.9550","0.1486","0.6048"
"69.9750","0.1486","0.6048"
"69.9950","0.1486","0.6048"
"70.0150","0.1486","0.6048"
"70.0350","0.1486","0.6047"
"70.0550","0.1486","0.6047"
"70.0750","0.1486","0.6047"
"70.0950","0.1486","0.6048"
"70.1150","0.1486","0.6048"
"70.1350","0.1486","0.6047"
"70.1550","0.1486","0.6046"
"70.1750","0.1486","0.6046"
"70.1950","0.1486","0.6046"
"70.2150","0.1486","0.6047"
"70.2350","0.1486","0.6047"
"70.2550","0.1486","0.6046"
"70.2750","0.1486","0.6045"
"70.2950","0.1486","0.6045"
"70.3150","0.1486","0.6046"
"70.3350","0.1486","0.6046"
"70.3550","0.1486","0.6045"
"70.3750","0.1486","0.6045"
"70.3950","0.1486","0.6045"
"70.4150","0.1486","0.6045"
"70.4350","0.1486","0.6045"
"70.4550","0.1486","0.6044"
"70.4750","0.1486","0.6044"
"70.4950","0.1486","0.6044"
"70.5150","0.1486","0.6044"
"70.5350","0.1486","0.6044"
"70.5550","0.1486","0.6043"
"70.5750","0.1486","0.6043"
"70.5950","0.1486","0.6043"
"70.6150","0.1486","0.6043"
"70.6350","0.1486","0.6043"
"70.6550","0.1486","0.6042"
"70.6750","0.1486","0.6042"
"70.6950","0.1486","0.6042"
"70.7150","0.1486","0.6042"
"70.7350","0.1486","0.6042"
"70.7550","0.1486","0.6042"
"70.7750","0.1486","0.6041"
"70.7950","0.1486","0.6041"
"70.8150","0.1486","0.6041"
"70.8350","0.1486","0.6042"
"70.8550","0.1486","0.6042"
"70.8750","0.1486","0.6041"
"70.8950","0.1486","0.6041"
"70.9150","0.1486","0.6041"
"70.9350","0.1486","0.6041"
"70.9550","0.1486","0.6040"
"70.9750","0.1486","0.6040"
"70.9950","0.1486","0.6040"
"71.0150","0.1486","0.6039"
"71.0350","0.1486","0.6039"
"71.0550","0.1486","0.6039"
"71.0750","0.1486","0.6039"
"71.0950","0.1486","0.6039"
"71.1150","0.1486","0.6039"
"71.1350","0.1486","0.6039"
"71.1550","0.1486","0.6039"
"71.1750","0.1486","0.6039"
"71.1950","0.1486","0.6039"
"71.2150","0.1486","0.6038"
"71.2350","0.1486","0.6038"
"71.2550","0.1486","0.6039"
"71.2750","0.1486","0.6038"
"71.2950","0.1486","0.6037"
"71.3150","0.1486","0.6038"
"71.3350","0.1486","0.6038"
"71.3550","0.1486","0.6037"
"71.3750","0.1486","0.6037"
"71.3950","0.1486","0.6037"
"71.4150","0.1486","0.6037"
"71.4350","0.1486","0.6037"
"71.4550","0.1486","0.6036"
"71.4750","0.1486","0.6036"
"71.4950","0.1486","0.6037"
"71.5150","0.1486","0.6036"
"71.5350","0.1486","0.6036"
"71.5550","0.1486","0.6036"
"71.5750","0.1486","0.6036"
"71.5950","0.1486","0.6036"
"71.6150","0.1486","0.6036"
"71.6350","0.1486","0.6035"
"71.6550","0.1486","0.6035"
"71.6750","0.1486","0.6035"
"71.6950","0.1486","0.6035"
"71.7150","0.1486","0.6034"
"71.7350","0.1486","0.6034"
"71.7550","0.1486","0.6034"
"71.7750","0.1486","0.6034"
"71.7950","0.1486","0.6034"
"71.8150","0.1486","0.6033"
"71.8350","0.1486","0.6034"
"71.8550","0.1486","0.6032"
"71.8750","0.1486","0.6033"
"71.8950","0.1486","0.6034"
"71.9150","0.1486","0.6033"
"71.9350","0.1486","0.6032"
"71.9550","0.1486","0.6032"
"71.9750","0.1486","0.6032"
"71.9950","0.1486","0.6033"
"72.0150","0.1486","0.6032"
"72.0350","0.1486","0.6032"
"72.0550","0.1486","0.6031"
"72.0750","0.1486","0.6031"
"72.0950","0.1486","0.6032"
"72.1150","0.1486","0.6032"
"72.1350","0.1486","0.6032"
"72.1550","0.1486","0.6031"
"72.1750","0.1486","0.6031"
"72.1950","0.1486","0.6031"
"72.2150","0.1486","0.6030"
"72.2350","0.1486","0.6030"
"72.2550","0.1486","0.6030"
"72.2750","0.1486","0.6030"
"72.2950","0.1486","0.6029"
"72.3150","0.1486","0.6030"
"72.3350","0.1486","0.6030"
"72.3550","0.1486","0.6030"
"72.3750","0.1486","0.6029"
"72.3950","0.1486","0.6029"
"72.4150","0.1486","0.6029"
"72.4350","0.1486","0.6029"
"72.4550","0.1486","0.6028"
"72.4750","0.1486","0.6029"
"72.4950","0.1486","0.6029"
"72.5150","0.1486","0.6028"
"72.5350","0.1486","0.6028"
"72.5550","0.1486","0.6028"
"72.5750","0.1486","0.6028"
"72.5950","0.1486","0.6028"
"72.6150","0.1486","0.6028"
"72.6350","0.1486","0.6027"
"72.6550","0.1486","0.6027"
"72.6750","0.1486","0.6027"
"72.6950","0.1486","0.6026"
"72.7150","0.1486","0.6026"
"72.7350","0.1486","0.6026"
"72.7550","0.1486","0.6026"
"72.7750","0.1486","0.6027"
"72.7950","0.1486","0.6027"
"72.8150","0.1486","0.6026"
"72.8350","0.1486","0.6026"
"72.8550","0.1486","0.6025"
"72.8750","0.1486","0.6026"
"72.8950","0.1486","0.6026"
"72.9150","0.1486","0.6025"
"72.9350","0.1486","0.6025"
"72.9550","0.1486","0.6025"
"72.9750","0.1486","0.6026"
"72.9950","0.1486","0.6025"
"73.0150","0.1486","0.6024"
"73.0350","0.1486","0.6024"
"73.0550","0.1486","0.6023"
"73.0750","0.1486","0.6024"
"73.0950","0.1486","0.6025"
"73.1150","0.1486","0.6024"
"73.1350","0.1486","0.6024"
"73.1550","0.1486","0.6023"
"73.1750","0.1486","0.6023"
"73.1950","0.1486","0.6023"
"73.2150","0.1486","0.6023"
"73.2350","0.1486","0.6023"
"73.2550","0.1486","0.6023"
"73.2750","0.1486","0.6022"
"73.2950","0.1486","0.6022"
"73.3150","0.1486","0.6022"
"73.3350","0.1486","0.6022"
"73.3550","0.1486","0.6022"
"73.3750","0.1486","0.6022"
"73.3950","0.1486","0.6022"
"73.4150","0.1486","0.6021"
"73.4350","0.1486","0.6021"
"73.4550","0.1486","0.6021"
"73.4750","0.1486","0.6022"
"73.4950","0.1486","0.6022"
"73.5150","0.1486","0.6021"
"73.5350","0.1486","0.6021"
"73.5550","0.1486","0.6021"
"73.5750","0.1486","0.6021"
"73.5950","0.1486","0.6020"
"73.6150","0.1486","0.6021"
"73.6350","0.1486","0.6021"
"73.6550","0.1486","0.6020"
"73.6750","0.1486","0.6020"
"73.6950","0.1486","0.6020"
"73.7150","0.1486","0.6020"
"73.7350","0.1486","0.6019"
"73.7550","0.1486","0.6019"
"73.7750","0.1486","0.6019"
"73.7950","0.1486","0.6019"
"73.8150","0.1486","0.6019"
"73.8350","0.1486","0.6018"
"73.8550","0.1486","0.6018"
"73.8750","0.1486","0.6018"
"73.8950","0.1486","0.6018"
"73.9150","0.1486","0.6018"
"73.9350","0.1486","0.6018"
"73.9550","0.1486","0.6018"
"73.9750","0.1486","0.6018"
"73.9950","0.1486","0.6017"
"74.0150","0.1486","0.6017"
"74.0350","0.1486","0.6017"
"74.0550","0.1486","0.6017"
"74.0750","0.1486","0.6017"
"74.0950","0.1486","0.6016"
"74.1150","0.1486","0.6016"
"74.1350","0.1486","0.6016"
"74.1550","0.1486","0.6016"
"74.1750","0.1486","0.6015"
"74.1950","0.1486","0.6015"
"74.2150","0.1486","0.6015"
"74.2350","0.1486","0.6016"
"74.2550","0.1486","0.6015"
"74.2750","0.1486","0.6015"
"74.2950","0.1486","0.6015"
"74.3150","0.1486","0.6015"
"74.3350","0.1486","0.6015"
"74.3550","0.1486","0.6016"
"74.3750","0.1486","0.6015"
"74.3950","0.1486","0.6015"
"74.4150","0.1486","0.6014"
"74.4350","0.1486","0.6014"
"74.4550","0.1486","0.6014"
"74.4750","0.1486","0.6015"
"74.4950","0.1486","0.6014"
"74.5150","0.1486","0.6013"
"74.5350","0.1486","0.6014"
"74.5550","0.1486","0.6013"
"74.5750","0.1486","0.6013"
"74.5950","0.1486","0.6014"
"74.6150","0.1486","0.6013"
"74.6350","0.1486","0.6012"
"74.6550","0.1486","0.6012"
"74.6750","0.1486","0.6013"
"74.6950","0.1486","0.6012"
"74.7150","0.1486","0.6012"
"74.7350","0.1486","0.6012"
"74.7550","0.1486","0.6012"
"74.7750","0.1486","0.6011"
"74.7950","0.1486","0.6011"
"74.8150","0.1486","0.6012"
"74.8350","0.1486","0.6012"
"74.8550","0.1486","0.6011"
"74.8750","0.1486","0.6011"
"74.8950","0.1486","0.6011"
"74.9150","0.1486","0.6011"
"74.9350","0.1486","0.6012"
"74.9550","0.1486","0.6011"
"74.9750","0.1486","0.6011"
"74.9950","0.1486","0.6009"
"75.0150","0.1486","0.6009"
"75.0350","0.1486","0.6009"
"75.0550","0.1486","0.6009"
"75.0750","0.1486","0.6009"
"75.0950","0.1486","0.6010"
"75.1150","0.1486","0.6010"
"75.1350","0.1486","0.6010"
"75.1550","0.1486","0.6009"
"75.1750","0.1486","0.6009"
"75.1950","0.1486","0.6009"
"75.2150","0.1486","0.6009"
"75.2350","0.1486","0.6009"
"75.2550","0.1486","0.6008"
"75.2750","0.1486","0.6008"
"75.2950","0.1486","0.6007"
"75.3150","0.1486","0.6007"
"75.3350","0.1486","0.6007"
"75.3550","0.1486","0.6007"
"75.3750","0.1486","0.6006"
"75.3950","0.1486","0.6007"
"75.4150","0.1486","0.6007"
"75.4350","0.1486","0.6007"
"75.4550","0.1486","0.6006"
"75.4750","0.1486","0.6006"
"75.4950","0.1486","0.6006"
"75.5150","0.1486","0.6007"
"75.5350","0.1486","0.6006"
"75.5550","0.1486","0.6006"
"75.5750","0.1486","0.6006"
"75.5950","0.1486","0.6007"
"75.6150","0.1486","0.6007"
"75.6350","0.1486","0.6006"
"75.6550","0.1486","0.6006"
"75.6750","0.1486","0.6005"
"75.6950","0.1486","0.6005"
"75.7150","0.1486","0.6005"
"75.7350","0.1486","0.6005"
"75.7550","0.1486","0.6005"
"75.7750","0.1486","0.6005"
"75.7950","0.1486","0.6004"
"75.8150","0.1486","0.6005"
"75.8350","0.1486","0.6004"
"75.8550","0.1486","0.6004"
"75.8750","0.1486","0.6004"
"75.8950","0.1486","0.6003"
"75.9150","0.1486","0.6003"
"75.9350","0.1486","0.6003"
"75.9550","0.1486","0.6003"
"75.9750","0.1486","0.6003"
"75.9950","0.1486","0.6003"
"76.0150","0.1486","0.6002"
"76.0350","0.1486","0.6003"
"76.0550","0.1486","0.6003"
"76.0750","0.1486","0.6002"
"76.0950","0.1486","0.6002"
"76.1150","0.1486","0.6003"
"76.1350","0.1486","0.6002"
"76.1550","0.1486","0.6001"
"76.1750","0.1486","0.6002"
"76.1950","0.1486","0.6002"
"76.2150","0.1486","0.6001"
"76.2350","0.1486","0.6001"
"76.2550","0.1486","0.6001"
"76.2750","0.1486","0.6001"
"76.2950","0.1486","0.6002"
"76.3150","0.1486","0.6001"
"76.3350","0.1486","0.6001"
"76.3550","0.1486","0.6001"
"76.3750","0.1486","0.6001"
"76.3950","0.1486","0.6001"
"76.4150","0.1486","0.6001"
"76.4350","0.1486","0.6000"
"76.4550","0.1486","0.6000"
"76.4750","0.1486","0.6000"
"76.4950","0.1486","0.6000"
"76.5150","0.1486","0.5999"
"76.5350","0.1486","0.6000"
"76.5550","0.1486","0.6000"
"76.5750","0.1486","0.6000"
"76.5950","0.1486","0.5999"
"76.6150","0.1486","0.5999"
"76.6350","0.1486","0.5999"
"76.6550","0.1486","0.5998"
"76.6750","0.1486","0.5998"
"76.6950","0.1486","0.5998"
"76.7150","0.1486","0.5998"
"76.7350","0.1486","0.5998"
"76.7550","0.1486","0.5999"
"76.7750","0.1486","0.5999"
"76.7950","0.1486","0.5998"
"76.8150","0.1486","0.5997"
"76.8350","0.1486","0.5997"
"76.8550","0.1486","0.5997"
"76.8750","0.1486","0.5997"
"76.8950","0.1486","0.5997"
"76.9150","0.1486","0.5997"
"76.9350","0.1486","0.5996"
"76.9550","0.1486","0.5997"
"76.9750","0.1486","0.5996"
"76.9950","0.1486","0.5996"
"77.0150","0.1486","0.5996"
"77.0350","0.1486","0.5996"
"77.0550","0.1486","0.5996"
"77.0750","0.1486","0.5995"
"77.0950","0.1486","0.5996"
"77.1150","0.1486","0.5995"
"77.1350","0.1486","0.5995"
"77.1550","0.1486","0.5995"
"77.1750","0.1486","0.5995"
"77.1950","0.1486","0.5996"
"77.2150","0.1486","0.5996"
"77.2350","0.1486","0.5996"
"77.2550","0.1486","0.5996"
"77.2750","0.1486","0.5994"
"77.2950","0.1486","0.5994"
"77.3150","0.1486","0.5994"
"77.3350","0.1486","0.5994"
"77.3550","0.1486","0.5994"
"77.3750","0.1486","0.5994"
"77.3950","0.1486","0.5993"
"77.4150","0.1486","0.5993"
"77.4350","0.1486","0.5993"
"77.4550","0.1486","0.5993"
"77.4750","0.1486","0.5993"
"77.4950","0.1486","0.5993"
"77.5150","0.1486","0.5993"
"77.5350","0.1486","0.5993"
"77.5550","0.1486","0.5992"
"77.5750","0.1486","0.5992"
"77.5950","0.1486","0.5992"
"77.6150","0.1486","0.5992"
"77.6350","0.1486","0.5991"
"77.6550","0.1486","0.5991"
"77.6750","0.1486","0.5991"
"77.6950","0.1486","0.5992"
"77.7150","0.1486","0.5992"
"77.7350","0.1486","0.5991"
"77.7550","0.1486","0.5991"
"77.7750","0.1486","0.5991"
"77.7950","0.1486","0.5990"
"77.8150","0.1486","0.5990"
"77.8350","0.1486","0.5990"
"77.8550","0.1486","0.5990"
"77.8750","0.1486","0.5990"
"77.8950","0.1486","0.5989"
"77.9150","0.1486","0.5989"
"77.9350","0.1486","0.5989"
"77.9550","0.1486","0.5990"
"77.9750","0.1486","0.5991"
"77.9950","0.1486","0.5990"
"78.0150","0.1486","0.5988"
"78.0350","0.1486","0.5988"
"78.0550","0.1486","0.5988"
"78.0750","0.1486","0.5989"
"78.0950","0.1486","0.5989"
"78.1150","0.1486","0.5989"
"78.1350","0.1486","0.5989"
"78.1550","0.1486","0.5989"
"78.1750","0.1486","0.5988"
"78.1950","0.1486","0.5988"
"78.2150","0.1486","0.5988"
"78.2350","0.1486","0.5988"
"78.2550","0.1486","0.5988"
"78.2750","0.1486","0.5988"
"78.2950","0.1486","0.5988"
"78.3150","0.1486","0.5987"
"78.3350","0.1486","0.5987"
"78.3550","0.1486","0.5987"
"78.3750","0.1486","0.5987"
"78.3950","0.1486","0.5987"
"78.4150","0.1486","0.5987"
"78.4350","0.1486","0.5986"
"78.4550","0.1486","0.5986"
"78.4750","0.1486","0.5986"
"78.4950","0.1486","0.5986"
"78.5150","0.1486","0.5986"
"78.5350","0.1486","0.5986"
"78.5550","0.1486","0.5986"
"78.5750","0.1486","0.5986"
"78.5950","0.1486","0.5986"
"78.6150","0.1486","0.5985"
"78.6350","0.1486","0.5984"
"78.6550","0.1486","0.5984"
"78.6750","0.1486","0.5985"
"78.6950","0.1486","0.5985"
"78.7150","0.1486","0.5984"
"78.7350","0.1486","0.5984"
"78.7550","0.1486","0.5984"
"78.7750","0.1486","0.5983"
"78.7950","0.1486","0.5983"
"78.8150","0.1486","0.5983"
"78.8350","0.1486","0.5983"
"78.8550","0.1486","0.5984"
"78.8750","0.1486","0.5983"
"78.8950","0.1486","0.5983"
"78.9150","0.1486","0.5983"
"78.9350","0.1486","0.5982"
"78.9550","0.1486","0.5983"
"78.9750","0.1486","0.5982"
"78.9950","0.1486","0.5982"
"79.0150","0.1486","0.5982"
"79.0350","0.1486","0.5982"
"79.0550","0.1486","0.5983"
"79.0750","0.1486","0.5982"
"79.0950","0.1486","0.5981"
"79.1150","0.1486","0.5981"
"79.1350","0.1486","0.5981"
"79.1550","0.1486","0.5981"
"79.1750","0.1486","0.5981"
"79.1950","0.1486","0.5981"
"79.2150","0.1486","0.5981"
"79.2350","0.1486","0.5981"
"79.2550","0.1486","0.5980"
"79.2750","0.1486","0.5980"
"79.2950","0.1486","0.5980"
"79.3150","0.1486","0.5980"
"79.3350","0.1486","0.5980"
"79.3550","0.1486","0.5979"
"79.3750","0.1486","0.5979"
"79.3950","0.1486","0.5980"
"79.4150","0.1486","0.5980"
"79.4350","0.1486","0.5980"
"79.4550","0.1486","0.5979"
"79.4750","0.1486","0.5978"
"79.4950","0.1486","0.5979"
"79.5150","0.1486","0.5979"
"79.5350","0.1486","0.5979"
"79.5550","0.1486","0.5979"
"79.5750","0.1486","0.5979"
"79.5950","0.1486","0.5979"
"79.6150","0.1486","0.5979"
"79.6350","0.1486","0.5979"
"79.6550","0.1486","0.5979"
"79.6750","0.1486","0.5978"
"79.6950","0.1486","0.5978"
"79.7150","0.1486","0.5977"
"79.7350","0.1486","0.5977"
"79.7550","0.1486","0.5977"
"79.7750","0.1486","0.5977"
"79.7950","0.1486","0.5977"
"79.8150","0.1486","0.5977"
"79.8350","0.1486","0.5977"
"79.8550","0.1486","0.5976"
"79.8750","0.1486","0.5976"
"79.8950","0.1486","0.5976"
"79.9150","0.1486","0.5976"
"79.9350","0.1486","0.5976"
"79.9550","0.1486","0.5975"
"79.9750","0.1486","0.5976"
"79.9950","0.1486","0.5975"
"80.0150","0.1486","0.5975"
"80.0350","0.1486","0.5975"
"80.0550","0.1486","0.5975"
"80.0750","0.1486","0.5975"
"80.0950","0.1486","0.5976"
"80.1150","0.1486","0.5975"
"80.1350","0.1486","0.5975"
"80.1550","0.1486","0.5974"
"80.1750","0.1486","0.5974"
"80.1950","0.1486","0.5975"
"80.2150","0.1486","0.5975"
"80.2350","0.1486","0.5974"
"80.2550","0.1486","0.5974"
"80.2750","0.1486","0.5974"
"80.2950","0.1486","0.5974"
"80.3150","0.1486","0.5974"
"80.3350","0.1486","0.5973"
"80.3550","0.1486","0.5973"
"80.3750","0.1486","0.5973"
"80.3950","0.1486","0.5973"
"80.4150","0.1486","0.5973"
"80.4350","0.1486","0.5973"
"80.4550","0.1486","0.5972"
"80.4750","0.1486","0.5972"
"80.4950","0.1486","0.5972"
"80.5150","0.1486","0.5972"
"80.5350","0.1486","0.5972"
"80.5550","0.1486","0.5972"
"80.5750","0.1486","0.5972"
"80.5950","0.1486","0.5973"
"80.6150","0.1486","0.5972"
"80.6350","0.1486","0.5971"
"80.6550","0.1486","0.5971"
"80.6750","0.1486","0.5971"
"80.6950","0.1486","0.5971"
"80.7150","0.1486","0.5971"
"80.7350","0.1486","0.5970"
"80.7550","0.1486","0.5970"
"80.7750","0.1486","0.5969"
"80.7950","0.1486","0.5971"
"80.8150","0.1486","0.5972"
"80.8350","0.1486","0.5971"
"80.8550","0.1486","0.5971"
"80.8750","0.1486","0.5971"
"80.8950","0.1486","0.5970"
"80.9150","0.1486","0.5969"
"80.9350","0.1486","0.5969"
"80.9550","0.1486","0.5969"
"80.9750","0.1486","0.5969"
"80.9950","0.1486","0.5970"
"81.0150","0.1486","0.5969"
"81.0350","0.1486","0.5969"
"81.0550","0.1486","0.5968"
"81.0750","0.1486","0.5968"
"81.0950","0.1486","0.5968"
"81.1150","0.1486","0.5968"
"81.1350","0.1486","0.5968"
"81.1550","0.1486","0.5969"
"81.1750","0.1486","0.5968"
"81.1950","0.1486","0.5967"
"81.2150","0.1486","0.5967"
"81.2350","0.1486","0.5967"
"81.2550","0.1486","0.5967"
"81.2750","0.1486","0.5966"
"81.2950","0.1486","0.5967"
"81.3150","0.1486","0.5967"
"81.3350","0.1486","0.5967"
"81.3550","0.1486","0.5968"
"81.3750","0.1486","0.5968"
"81.3950","0.1486","0.5967"
"81.4150","0.1486","0.5966"
"81.4350","0.1486","0.5966"
"81.4550","0.1486","0.5966"
"81.4750","0.1486","0.5967"
"81.4950","0.1486","0.5967"
"81.5150","0.1486","0.5967"
"81.5350","0.1486","0.5966"
"81.5550","0.1486","0.5966"
"81.5750","0.1486","0.5966"
"81.5950","0.1486","0.5966"
"81.6150","0.1486","0.5965"
"81.6350","0.1486","0.5965"
"81.6550","0.1486","0.5965"
"81.6750","0.1486","0.5965"
"81.6950","0.1486","0.5965"
"81.7150","0.1486","0.5964"
"81.7350","0.1486","0.5964"
"81.7550","0.1486","0.5964"
"81.7750","0.1486","0.5964"
"81.7950","0.1486","0.5964"
"81.8150","0.1486","0.5964"
"81.8350","0.1486","0.5964"
"81.8550","0.1486","0.5963"
"81.8750","0.1486","0.5964"
"81.8950","0.1486","0.5963"
"81.9150","0.1486","0.5963"
"81.9350","0.1486","0.5963"
"81.9550","0.1486","0.5964"
"81.9750","0.1486","0.5964"
"81.9950","0.1486","0.5963"
"82.0150","0.1486","0.5963"
"82.0350","0.1486","0.5963"
"82.0550","0.1486","0.5962"
"82.0750","0.1486","0.5962"
"82.0950","0.1486","0.5962"
"82.1150","0.1486","0.5962"
"82.1350","0.1486","0.5962"
"82.1550","0.1486","0.5962"
"82.1750","0.1486","0.5962"
"82.1950","0.1486","0.5962"
"82.2150","0.1486","0.5961"
"82.2350","0.1486","0.5962"
"82.2550","0.1486","0.5962"
"82.2750","0.1486","0.5962"
"82.2950","0.1486","0.5962"
"82.3150","0.1486","0.5962"
"82.3350","0.1486","0.5960"
"82.3550","0.1486","0.5960"
"82.3750","0.1486","0.5960"
"82.3950","0.1486","0.5960"
"82.4150","0.1486","0.5961"
"82.4350","0.1486","0.5960"
"82.4550","0.1486","0.5960"
"82.4750","0.1486","0.5960"
"82.4950","0.1486","0.5959"
"82.5150","0.1486","0.5959"
"82.5350","0.1486","0.5959"
"82.5550","0.1486","0.5959"
"82.5750","0.1486","0.5959"
"82.5950","0.1486","0.5959"
"82.6150","0.1486","0.5958"
"82.6350","0.1486","0.5958"
"82.6550","0.1486","0.5959"
"82.6750","0.1486","0.5958"
"82.6950","0.1486","0.5959"
"82.7150","0.1486","0.5959"
"82.7350","0.1486","0.5958"
"82.7550","0.1486","0.5958"
"82.7750","0.1486","0.5958"
"82.7950","0.1486","0.5958"
"82.8150","0.1486","0.5958"
"82.8350","0.1486","0.5958"
"82.8550","0.1486","0.5957"
"82.8750","0.1486","0.5956"
"82.8950","0.1486","0.5957"
"82.9150","0.1486","0.5957"
"82.9350","0.1486","0.5957"
"82.9550","0.1486","0.5957"
"82.9750","0.1486","0.5957"
"82.9950","0.1486","0.5956"
"83.0150","0.1486","0.5956"
"83.0350","0.1486","0.5957"
"83.0550","0.1486","0.5956"
"83.0750","0.1486","0.5955"
"83.0950","0.1486","0.5955"
"83.1150","0.1486","0.5955"
"83.1350","0.1486","0.5956"
"83.1550","0.1486","0.5956"
"83.1750","0.1486","0.5955"
"83.1950","0.1486","0.5954"
"83.2150","0.1486","0.5954"
"83.2350","0.1486","0.5955"
"83.2550","0.1486","0.5954"
"83.2750","0.1486","0.5954"
"83.2950","0.1486","0.5955"
"83.3150","0.1486","0.5954"
"83.3350","0.1486","0.5954"
"83.3550","0.1486","0.5954"
"83.3750","0.1486","0.5954"
"83.3950","0.1486","0.5954"
"83.4150","0.1486","0.5954"
"83.4350","0.1486","0.5954"
"83.4550","0.1486","0.5953"
"83.4750","0.1486","0.5953"
"83.4950","0.1486","0.5953"
"83.5150","0.1486","0.5953"
"83.5350","0.1486","0.5953"
"83.5550","0.1486","0.5953"
"83.5750","0.1486","0.5954"
"83.5950","0.1486","0.5953"
"83.6150","0.1486","0.5953"
"83.6350","0.1486","0.5953"
"83.6550","0.1486","0.5953"
"83.6750","0.1486","0.5953"
"83.6950","0.1486","0.5953"
"83.7150","0.1486","0.5952"
"83.7350","0.1486","0.5951"
"83.7550","0.1486","0.5951"
"83.7750","0.1486","0.5951"
"83.7950","0.1486","0.5952"
"83.8150","0.1486","0.5952"
"83.8350","0.1486","0.5952"
"83.8550","0.1486","0.5951"
"83.8750","0.1486","0.5951"
"83.8950","0.1486","0.5951"
"83.9150","0.1486","0.5951"
"83.9350","0.1486","0.5951"
"83.9550","0.1486","0.5951"
"83.9750","0.1486","0.5951"
"83.9950","0.1486","0.5951"
"84.0150","0.1486","0.5950"
"84.0350","0.1486","0.5950"
"84.0550","0.1486","0.5950"
"84.0750","0.1486","0.5949"
"84.0950","0.1486","0.5949"
"84.1150","0.1486","0.5950"
"84.1350","0.1486","0.5950"
"84.1550","0.1486","0.5950"
"84.1750","0.1486","0.5950"
"84.1950","0.1486","0.5950"
"84.2150","0.1486","0.5950"
"84.2350","0.1486","0.5949"
"84.2550","0.1486","0.5949"
"84.2750","0.1486","0.5948"
"84.2950","0.1486","0.5948"
"84.3150","0.1486","0.5949"
"84.3350","0.1486","0.5948"
"84.3550","0.1486","0.5948"
"84.3750","0.1486","0.5948"
"84.3950","0.1486","0.5947"
"84.4150","0.1486","0.5947"
"84.4350","0.1486","0.5947"
"84.4550","0.1486","0.5948"
"84.4750","0.1486","0.5948"
"84.4950","0.1486","0.5948"
"84.5150","0.1486","0.5947"
"84.5350","0.1486","0.5946"
"84.5550","0.1486","0.5946"
"84.5750","0.1486","0.5946"
"84.5950","0.1486","0.5946"
"84.6150","0.1486","0.5946"
"84.6350","0.1486","0.5945"
"84.6550","0.1486","0.5946"
"84.6750","0.1486","0.5946"
"84.6950","0.1486","0.5947"
"84.7150","0.1486","0.5946"
"84.7350","0.1486","0.5945"
"84.7550","0.1486","0.5945"
"84.7750","0.1486","0.5945"
"84.7950","0.1486","0.5945"
"84.8150","0.1486","0.5944"
"84.8350","0.1486","0.5944"
"84.8550","0.1486","0.5944"
"84.8750","0.1486","0.5945"
"84.8950","0.1486","0.5944"
"84.9150","0.1486","0.5943"
"84.9350","0.1486","0.5943"
"84.9550","0.1486","0.5944"
"84.9750","0.1486","0.5943"
"84.9950","0.1486","0.5943"
"85.0150","0.1486","0.5943"
"85.0350","0.1486","0.5943"
"85.0550","0.1486","0.5943"
"85.0750","0.1486","0.5944"
"85.0950","0.1486","0.5943"
"85.1150","0.1486","0.5943"
"85.1350","0.1486","0.5943"
"85.1550","0.1486","0.5943"
"85.1750","0.1486","0.5943"
"85.1950","0.1486","0.5943"
"85.2150","0.1486","0.5943"
"85.2350","0.1486","0.5942"
"85.2550","0.1486","0.5942"
"85.2750","0.1486","0.5943"
"85.2950","0.1486","0.5942"
"85.3150","0.1486","0.5942"
"85.3350","0.1486","0.5941"
"85.3550","0.1486","0.5941"
"85.3750","0.1486","0.5941"
"85.3950","0.1486","0.5940"
"85.4150","0.1486","0.5941"
"85.4350","0.1486","0.5941"
"85.4550","0.1486","0.5940"
"85.4750","0.1486","0.5940"
"85.4950","0.1486","0.5940"
"85.5150","0.1486","0.5941"
"85.5350","0.1486","0.5941"
"85.5550","0.1486","0.5941"
"85.5750","0.1486","0.5941"
"85.5950","0.1486","0.5940"
"85.6150","0.1486","0.5939"
"85.6350","0.1486","0.5940"
"85.6550","0.1486","0.5940"
"85.6750","0.1486","0.5940"
"85.6950","0.1486","0.5940"
"85.7150","0.1486","0.5940"
"85.7350","0.1486","0.5940"
"85.7550","0.1486","0.5940"
"85.7750","0.1486","0.5940"
"85.7950","0.1486","0.5939"
"85.8150","0.1486","0.5939"
"85.8350","0.1486","0.5939"
"85.8550","0.1486","0.5938"
"85.8750","0.1486","0.5939"
"85.8950","0.1486","0.5939"
"85.9150","0.1486","0.5938"
"85.9350","0.1486","0.5938"
"85.9550","0.1486","0.5938"
"85.9750","0.1486","0.5939"
"85.9950","0.1486","0.5938"
"86.0150","0.1486","0.5938"
"86.0350","0.1486","0.5938"
"86.0550","0.1486","0.5938"
"86.0750","0.1486","0.5938"
"86.0950","0.1486","0.5937"
"86.1150","0.1486","0.5935"
"86.1350","0.1486","0.5936"
"86.1550","0.1486","0.5937"
"86.1750","0.1486","0.5938"
"86.1950","0.1486","0.5937"
"86.2150","0.1486","0.5936"
"86.2350","0.1486","0.5936"
"86.2550","0.1486","0.5937"
"86.2750","0.1486","0.5936"
"86.2950","0.1486","0.5937"
"86.3150","0.1486","0.5936"
"86.3350","0.1486","0.5935"
"86.3550","0.1486","0.5936"
"86.3750","0.1486","0.5936"
"86.3950","0.1486","0.5937"
"86.4150","0.1486","0.5936"
"86.4350","0.1486","0.5934"
"86.4550","0.1486","0.5934"
"86.4750","0.1486","0.5935"
"86.4950","0.1486","0.5934"
"86.5150","0.1486","0.5934"
"86.5350","0.1486","0.5935"
"86.5550","0.1486","0.5935"
"86.5750","0.1486","0.5934"
"86.5950","0.1486","0.5934"
"86.6150","0.1486","0.5934"
"86.6350","0.1486","0.5934"
"86.6550","0.1486","0.5934"
"86.6750","0.1486","0.5935"
"86.6950","0.1486","0.5934"
"86.7150","0.1486","0.5934"
"86.7350","0.1486","0.5934"
"86.7550","0.1486","0.5934"
"86.7750","0.1486","0.5933"
"86.7950","0.1486","0.5933"
"86.8150","0.1486","0.5934"
"86.8350","0.1486","0.5934"
"86.8550","0.1486","0.5933"
"86.8750","0.1486","0.5932"
"86.8950","0.1486","0.5933"
"86.9150","0.1486","0.5933"
"86.9350","0.1486","0.5932"
"86.9550","0.1486","0.5933"
"86.9750","0.1486","0.5932"
"86.9950","0.1486","0.5932"
"87.0150","0.1486","0.5932"
"87.0350","0.1486","0.5932"
"87.0550","0.1486","0.5931"
"87.0750","0.1486","0.5931"
"87.0950","0.1486","0.5930"
"87.1150","0.1486","0.5931"
"87.1350","0.1486","0.5932"
"87.1550","0.1486","0.5931"
"87.1750","0.1486","0.5931"
"87.1950","0.1486","0.5931"
"87.2150","0.1486","0.5931"
"87.2350","0.1486","0.5930"
"87.2550","0.1486","0.5930"
"87.2750","0.1486","0.5931"
"87.2950","0.1486","0.5931"
"87.3150","0.1486","0.5931"
"87.3350","0.1486","0.5931"
"87.3550","0.1486","0.5930"
"87.3750","0.1486","0.5929"
"87.3950","0.1486","0.5928"
"87.4150","0.1486","0.5929"
"87.4350","0.1486","0.5929"
"87.4550","0.1486","0.5929"
"87.4750","0.1486","0.5929"
"87.4950","0.1486","0.5928"
"87.5150","0.1486","0.5929"
"87.5350","0.1486","0.5929"
"87.5550","0.1486","0.5929"
"87.5750","0.1486","0.5929"
"87.5950","0.1486","0.5928"
"87.6150","0.1486","0.5928"
"87.6350","0.1486","0.5928"
"87.6550","0.1486","0.5929"
"87.6750","0.1486","0.5929"
"87.6950","0.1486","0.5928"
"87.7150","0.1486","0.5928"
"87.7350","0.1486","0.5928"
"87.7550","0.1486","0.5928"
"87.7750","0.1486","0.5928"
"87.7950","0.1486","0.5927"
"87.8150","0.1486","0.5927"
"87.8350","0.1486","0.5927"
"87.8550","0.1486","0.5926"
"87.8750","0.1486","0.5926"
"87.8950","0.1486","0.5926"
"87.9150","0.1486","0.5927"
"87.9350","0.1486","0.5928"
"87.9550","0.1486","0.5927"
"87.9750","0.1486","0.5926"
"87.9950","0.1486","0.5926"
"88.0150","0.1486","0.5927"
"88.0350","0.1486","0.5927"
"88.0550","0.1486","0.5926"
"88.0750","0.1486","0.5926"
"88.0950","0.1486","0.5926"
"88.1150","0.1486","0.5925"
"88.1350","0.1486","0.5925"
"88.1550","0.1486","0.5926"
"88.1750","0.1486","0.5926"
"88.1950","0.1486","0.5925"
"88.2150","0.1486","0.5925"
"88.2350","0.1486","0.5925"
"88.2550","0.1486","0.5924"
"88.2750","0.1486","0.5924"
"88.2950","0.1486","0.5925"
"88.3150","0.1486","0.5924"
"88.3350","0.1486","0.5924"
"88.3550","0.1486","0.5923"
"88.3750","0.1486","0.5924"
"88.3950","0.1486","0.5924"
"88.4150","0.1486","0.5924"
"88.4350","0.1486","0.5924"
"88.4550","0.1486","0.5923"
"88.4750","0.1486","0.5923"
"88.4950","0.1486","0.5923"
"88.5150","0.1486","0.5924"
"88.5350","0.1486","0.5923"
"88.5550","0.1486","0.5923"
"88.5750","0.1486","0.5923"
"88.5950","0.1486","0.5923"
"88.6150","0.1486","0.5923"
"88.6350","0.1486","0.5923"
"88.6550","0.1486","0.5922"
"88.6750","0.1486","0.5922"
"88.6950","0.1486","0.5922"
"88.7150","0.1486","0.5922"
"88.7350","0.1486","0.5921"
"88.7550","0.1486","0.5922"
"88.7750","0.1486","0.5922"
"88.7950","0.1486","0.5922"
"88.8150","0.1486","0.5921"
"88.8350","0.1486","0.5921"
"88.8550","0.1486","0.5921"
"88.8750","0.1486","0.5921"
"88.8950","0.1486","0.5921"
"88.9150","0.1486","0.5920"
"88.9350","0.1486","0.5920"
"88.9550","0.1486","0.5920"
"88.9750","0.1486","0.5920"
"88.9950","0.1486","0.5921"
"89.0150","0.1486","0.5920"
"89.0350","0.1486","0.5920"
"89.0550","0.1486","0.5919"
"89.0750","0.1486","0.5920"
"89.0950","0.1486","0.5920"
"89.1150","0.1486","0.5919"
"89.1350","0.1486","0.5919"
"89.1550","0.1486","0.5920"
"89.1750","0.1486","0.5920"
"89.1950","0.1486","0.5919"
"89.2150","0.1486","0.5919"
"89.2350","0.1486","0.5919"
"89.2550","0.1486","0.5919"
"89.2750","0.1486","0.5918"
"89.2950","0.1486","0.5919"
"89.3150","0.1486","0.5919"
"89.3350","0.1486","0.5919"
"89.3550","0.1486","0.5919"
"89.3750","0.1486","0.5918"
"89.3950","0.1486","0.5918"
"89.4150","0.1486","0.5918"
"89.4350","0.1486","0.5918"
"89.4550","0.1486","0.5918"
"89.4750","0.1486","0.5918"
"89.4950","0.1486","0.5917"
"89.5150","0.1486","0.5917"
"89.5350","0.1486","0.5917"
"89.5550","0.1486","0.5917"
"89.5750","0.1486","0.5917"
"89.5950","0.1486","0.5917"
"89.6150","0.1486","0.5917"
"89.6350","0.1486","0.5917"
"89.6550","0.1486","0.5917"
"89.6750","0.1486","0.5917"
"89.6950","0.1486","0.5916"
"89.7150","0.1486","0.5916"
"89.7350","0.1486","0.5915"
"89.7550","0.1486","0.5916"
"89.7750","0.1486","0.5915"
"89.7950","0.1486","0.5916"
"89.8150","0.1486","0.5916"
"89.8350","0.1486","0.5915"
"89.8550","0.1486","0.5916"
"89.8750","0.1486","0.5916"
"89.8950","0.1486","0.5915"
"89.9150","0.1486","0.5914"
"89.9350","0.1486","0.5914"
"89.9550","0.1486","0.5914"
"89.9750","0.1486","0.5915"
"89.9950","0.1486","0.5915"
"90.0150","0.1486","0.5915"
"90.0350","0.1486","0.5915"
"90.0550","0.1486","0.5914"
"90.0750","0.1486","0.5914"
"90.0950","0.1486","0.5914"
"90.1150","0.1486","0.5915"
"90.1350","0.1486","0.5915"
"90.1550","0.1486","0.5914"
"90.1750","0.1486","0.5914"
"90.1950","0.1486","0.5914"
"90.2150","0.1486","0.5913"
"90.2350","0.1486","0.5913"
"90.2550","0.1486","0.5913"
"90.2750","0.1486","0.5913"
"90.2950","0.1486","0.5913"
"90.3150","0.1486","0.5914"
"90.3350","0.1486","0.5914"
"90.3550","0.1486","0.5913"
"90.3750","0.1486","0.5913"
"90.3950","0.1486","0.5913"
"90.4150","0.1486","0.5913"
"90.4350","0.1486","0.5913"
"90.4550","0.1486","0.5912"
"90.4750","0.1486","0.5912"
"90.4950","0.1486","0.5912"
"90.5150","0.1486","0.5912"
"90.5350","0.1486","0.5911"
"90.5550","0.1486","0.5911"
"90.5750","0.1486","0.5912"
"90.5950","0.1486","0.5912"
"90.6150","0.1486","0.5912"
"90.6350","0.1486","0.5911"
"90.6550","0.1486","0.5910"
"90.6750","0.1486","0.5910"
"90.6950","0.1486","0.5910"
"90.7150","0.1486","0.5911"
"90.7350","0.1486","0.5911"
"90.7550","0.1486","0.5910"
"90.7750","0.1486","0.5910"
"90.7950","0.1486","0.5910"
"90.8150","0.1486","0.5910"
"90.8350","0.1486","0.5910"
"90.8550","0.1486","0.5910"
"90.8750","0.1486","0.5909"
"90.8950","0.1486","0.5909"
"90.9150","0.1486","0.5909"
"90.9350","0.1486","0.5909"
"90.9550","0.1486","0.5910"
"90.9750","0.1486","0.5910"
"90.9950","0.1486","0.5909"
"91.0150","0.1486","0.5909"
"91.0350","0.1486","0.5909"
"91.0550","0.1486","0.5909"
"91.0750","0.1486","0.5909"
"91.0950","0.1486","0.5909"
"91.1150","0.1486","0.5909"
"91.1350","0.1486","0.5908"
"91.1550","0.1486","0.5908"
"91.1750","0.1486","0.5908"
"91.1950","0.1486","0.5909"
"91.2150","0.1486","0.5908"
"91.2350","0.1486","0.5908"
"91.2550","0.1486","0.5908"
"91.2750","0.1486","0.5908"
"91.2950","0.1486","0.5908"
"91.3150","0.1486","0.5908"
"91.3350","0.1486","0.5907"
"91.3550","0.1486","0.5906"
"91.3750","0.1486","0.5907"
"91.3950","0.1486","0.5907"
"91.4150","0.1486","0.5906"
"91.4350","0.1486","0.5906"
"91.4550","0.1486","0.5906"
"91.4750","0.1486","0.5906"
"91.4950","0.1486","0.5906"
"91.5150","0.1486","0.5905"
"91.5350","0.1486","0.5905"
"91.5550","0.1486","0.5905"
"91.5750","0.1486","0.5905"
"91.5950","0.1486","0.5905"
"91.6150","0.1486","0.5906"
"91.6350","0.1486","0.5906"
"91.6550","0.1486","0.5905"
"91.6750","0.1486","0.5904"
"91.6950","0.1486","0.5904"
"91.7150","0.1486","0.5905"
"91.7350","0.1486","0.5905"
"91.7550","0.1486","0.5905"
"91.7750","0.1486","0.5904"
"91.7950","0.1486","0.5904"
"91.8150","0.1486","0.5904"
"91.8350","0.1486","0.5904"
"91.8550","0.1486","0.5904"
"91.8750","0.1486","0.5904"
"91.8950","0.1486","0.5904"
"91.9150","0.1486","0.5904"
"91.9350","0.1486","0.5903"
"91.9550","0.1486","0.5902"
"91.9750","0.1486","0.5903"
"91.9950","0.1486","0.5904"
"92.0150","0.1486","0.5904"
"92.0350","0.1486","0.5903"
"92.0550","0.1486","0.5902"
"92.0750","0.1486","0.5903"
"92.0950","0.1486","0.5903"
"92.1150","0.1486","0.5903"
"92.1350","0.1486","0.5902"
"92.1550","0.1486","0.5902"
"92.1750","0.1486","0.5902"
"92.1950","0.1486","0.5903"
"92.2150","0.1486","0.5903"
"92.2350","0.1486","0.5902"
"92.2550","0.1486","0.5902"
"92.2750","0.1486","0.5903"
"92.2950","0.1486","0.5902"
"92.3150","0.1486","0.5902"
"92.3350","0.1486","0.5902"
"92.3550","0.1486","0.5902"
"92.3750","0.1486","0.5902"
"92.3950","0.1486","0.5902"
"92.4150","0.1486","0.5901"
"92.4350","0.1486","0.5901"
"92.4550","0.1486","0.5901"
"92.4750","0.1486","0.5901"
"92.4950","0.1486","0.5900"
"92.5150","0.1486","0.5901"
"92.5350","0.1486","0.5901"
"92.5550","0.1486","0.5900"
"92.5750","0.1486","0.5900"
"92.5950","0.1486","0.5900"
"92.6150","0.1486","0.5899"
"92.6350","0.1486","0.5900"
"92.6550","0.1486","0.5900"
"92.6750","0.1486","0.5900"
"92.6950","0.1486","0.5899"
"92.7150","0.1486","0.5899"
"92.7350","0.1486","0.5899"
"92.7550","0.1486","0.5899"
"92.7750","0.1486","0.5899"
"92.7950","0.1486","0.5900"
"92.8150","0.1486","0.5899"
"92.8350","0.1486","0.5899"
"92.8550","0.1486","0.5898"
"92.8750","0.1486","0.5899"
"92.8950","0.1486","0.5899"
"92.9150","0.1486","0.5899"
"92.9350","0.1486","0.5898"
"92.9550","0.1486","0.5898"
"92.9750","0.1486","0.5898"
"92.9950","0.1486","0.5898"
"93.0150","0.1486","0.5898"
"93.0350","0.1486","0.5898"
"93.0550","0.1486","0.5897"
"93.0750","0.1486","0.5897"
"93.0950","0.1486","0.5897"
"93.1150","0.1486","0.5898"
"93.1350","0.1486","0.5898"
"93.1550","0.1486","0.5898"
"93.1750","0.1486","0.5897"
"93.1950","0.1486","0.5897"
"93.2150","0.1486","0.5896"
"93.2350","0.1486","0.5897"
"93.2550","0.1486","0.5898"
"93.2750","0.1486","0.5897"
"93.2950","0.1486","0.5897"
"93.3150","0.1486","0.5896"
"93.3350","0.1486","0.5896"
"93.3550","0.1486","0.5896"
"93.3750","0.1486","0.5896"
"93.3950","0.1486","0.5896"
"93.4150","0.1486","0.5896"
"93.4350","0.1486","0.5896"
"93.4550","0.1486","0.5895"
"93.4750","0.1486","0.5895"
"93.4950","0.1486","0.5894"
"93.5150","0.1486","0.5896"
"93.5350","0.1486","0.5895"
"93.5550","0.1486","0.5895"
"93.5750","0.1486","0.5896"
"93.5950","0.1486","0.5895"
"93.6150","0.1486","0.5895"
"93.6350","0.1486","0.5895"
"93.6550","0.1486","0.5895"
"93.6750","0.1486","0.5895"
"93.6950","0.1486","0.5895"
"93.7150","0.1486","0.5895"
"93.7350","0.1486","0.5895"
"93.7550","0.1486","0.5894"
"93.7750","0.1486","0.5895"
"93.7950","0.1486","0.5895"
"93.8150","0.1486","0.5894"
"93.8350","0.1486","0.5893"
"93.8550","0.1486","0.5893"
"93.8750","0.1486","0.5893"
"93.8950","0.1486","0.5893"
"93.9150","0.1486","0.5893"
"93.9350","0.1486","0.5894"
"93.9550","0.1486","0.5893"
"93.9750","0.1486","0.5893"
"93.9950","0.1486","0.5893"
"94.0150","0.1486","0.5893"
"94.0350","0.1486","0.5893"
"94.0550","0.1486","0.5893"
"94.0750","0.1486","0.5892"
"94.0950","0.1486","0.5892"
"94.1150","0.1486","0.5892"
"94.1350","0.1486","0.5892"
"94.1550","0.1486","0.5892"
"94.1750","0.1486","0.5892"
"94.1950","0.1486","0.5892"
"94.2150","0.1486","0.5892"
"94.2350","0.1486","0.5892"
"94.2550","0.1486","0.5891"
"94.2750","0.1486","0.5890"
"94.2950","0.1486","0.5891"
"94.3150","0.1486","0.5891"
"94.3350","0.1486","0.5890"
"94.3550","0.1486","0.5890"
"94.3750","0.1486","0.5890"
"94.3950","0.1486","0.5890"
"94.4150","0.1486","0.5891"
"94.4350","0.1486","0.5891"
"94.4550","0.1486","0.5891"
"94.4750","0.1486","0.5891"
"94.4950","0.1486","0.5890"
"94.5150","0.1486","0.5890"
"94.5350","0.1486","0.5890"
"94.5550","0.1486","0.5890"
"94.5750","0.1486","0.5889"
"94.5950","0.1486","0.5889"
"94.6150","0.1486","0.5889"
"94.6350","0.1486","0.5890"
"94.6550","0.1486","0.5889"
"94.6750","0.1486","0.5889"
"94.6950","0.1486","0.5888"
"94.7150","0.1486","0.5888"
"94.7350","0.1486","0.5887"
"94.7550","0.1486","0.5889"
"94.7750","0.1486","0.5889"
"94.7950","0.1486","0.5889"
"94.8150","0.1486","0.5889"
"94.8350","0.1486","0.5888"
"94.8550","0.1486","0.5888"
"94.8750","0.1486","0.5888"
"94.8950","0.1486","0.5889"
"94.9150","0.1486","0.5888"
"94.9350","0.1486","0.5887"
"94.9550","0.1486","0.5888"
"94.9750","0.1486","0.5888"
"94.9950","0.1486","0.5888"
"95.0150","0.1486","0.5887"
"95.0350","0.1486","0.5888"
"95.0550","0.1486","0.5887"
"95.0750","0.1486","0.5888"
"95.0950","0.1486","0.5888"
"95.1150","0.1486","0.5888"
"95.1350","0.1486","0.5887"
"95.1550","0.1486","0.5887"
"95.1750","0.1486","0.5886"
"95.1950","0.1486","0.5886"
"95.2150","0.1486","0.5886"
"95.2350","0.1486","0.5887"
"95.2550","0.1486","0.5887"
"95.2750","0.1486","0.5886"
"95.2950","0.1486","0.5886"
"95.3150","0.1486","0.5886"
"95.3350","0.1486","0.5886"
"95.3550","0.1486","0.5886"
"95.3750","0.1486","0.5886"
"95.3950","0.1486","0.5886"
"95.4150","0.1486","0.5885"
"95.4350","0.1486","0.5885"
"95.4550","0.1486","0.5885"
"95.4750","0.1486","0.5885"
"95.4950","0.1486","0.5885"
"95.5150","0.1486","0.5885"
"95.5350","0.1486","0.5885"
"95.5550","0.1486","0.5885"
"95.5750","0.1486","0.5886"
"95.5950","0.1486","0.5885"
"95.6150","0.1486","0.5884"
"95.6350","0.1486","0.5884"
"95.6550","0.1486","0.5883"
"95.6750","0.1486","0.5884"
"95.6950","0.1486","0.5884"
"95.7150","0.1486","0.5884"
"95.7350","0.1486","0.5883"
"95.7550","0.1486","0.5883"
"95.7750","0.1486","0.5884"
"95.7950","0.1486","0.5883"
"95.8150","0.1486","0.5883"
"95.8350","0.1486","0.5883"
"95.8550","0.1486","0.5883"
"95.8750","0.1486","0.5883"
"95.8950","0.1486","0.5883"
"95.9150","0.1486","0.5883"
"95.9350","0.1486","0.5883"
"95.9550","0.1486","0.5883"
"95.9750","0.1486","0.5883"
"95.9950","0.1486","0.5882"
"96.0150","0.1486","0.5881"
"96.0350","0.1486","0.5882"
"96.0550","0.1486","0.5882"
"96.0750","0.1486","0.5882"
"96.0950","0.1486","0.5882"
"96.1150","0.1486","0.5882"
"96.1350","0.1486","0.5882"
"96.1550","0.1486","0.5881"
"96.1750","0.1486","0.5880"
"96.1950","0.1486","0.5881"
"96.2150","0.1486","0.5881"
"96.2350","0.1486","0.5881"
"96.2550","0.1486","0.5882"
"96.2750","0.1486","0.5882"
"96.2950","0.1486","0.5882"
"96.3150","0.1486","0.5881"
"96.3350","0.1486","0.5880"
"96.3550","0.1486","0.5879"
"96.3750","0.1486","0.5880"
"96.3950","0.1486","0.5880"
"96.4150","0.1486","0.5880"
"96.4350","0.1486","0.5880"
"96.4550","0.1486","0.5880"
"96.4750","0.1486","0.5879"
"96.4950","0.1486","0.5879"
"96.5150","0.1486","0.5879"
"96.5350","0.1486","0.5878"
"96.5550","0.1486","0.5878"
"96.5750","0.1486","0.5879"
"96.5950","0.1486","0.5879"
"96.6150","0.1486","0.5879"
"96.6350","0.1486","0.5880"
"96.6550","0.1486","0.5879"
"96.6750","0.1486","0.5879"
"96.6950","0.1486","0.5879"
"96.7150","0.1486","0.5879"
"96.7350","0.1486","0.5879"
"96.7550","0.1486","0.5879"
"96.7750","0.1486","0.5879"
"96.7950","0.1486","0.5878"
"96.8150","0.1486","0.5879"
"96.8350","0.1486","0.5879"
"96.8550","0.1486","0.5879"
"96.8750","0.1486","0.5877"
"96.8950","0.1486","0.5877"
"96.9150","0.1486","0.5877"
"96.9350","0.1486","0.5877"
"96.9550","0.1486","0.5877"
"96.9750","0.1486","0.5877"
"96.9950","0.1486","0.5878"
"97.0150","0.1486","0.5878"
"97.0350","0.1486","0.5878"
"97.0550","0.1486","0.5877"
"97.0750","0.1486","0.5877"
"97.0950","0.1486","0.5876"
"97.1150","0.1486","0.5876"
"97.1350","0.1486","0.5876"
"97.1550","0.1486","0.5877"
"97.1750","0.1486","0.5876"
"97.1950","0.1486","0.5875"
"97.2150","0.1486","0.5874"
"97.2350","0.1486","0.5875"
"97.2550","0.1486","0.5876"
"97.2750","0.1486","0.5876"
"97.2950","0.1486","0.5876"
"97.3150","0.1486","0.5876"
"97.3350","0.1486","0.5875"
"97.3550","0.1486","0.5875"
"97.3750","0.1486","0.5875"
"97.3950","0.1486","0.5875"
"97.4150","0.1486","0.5874"
"97.4350","0.1486","0.5874"
"97.4550","0.1486","0.5875"
"97.4750","0.1486","0.5875"
"97.4950","0.1486","0.5875"
"97.5150","0.1486","0.5875"
"97.5350","0.1486","0.5875"
"97.5550","0.1486","0.5874"
"97.5750","0.1486","0.5874"
"97.5950","0.1486","0.5875"
"97.6150","0.1486","0.5875"
"97.6350","0.1486","0.5874"
"97.6550","0.1486","0.5874"
"97.6750","0.1486","0.5873"
"97.6950","0.1486","0.5873"
"97.7150","0.1486","0.5874"
"97.7350","0.1486","0.5874"
"97.7550","0.1486","0.5874"
"97.7750","0.1486","0.5874"
"97.7950","0.1486","0.5873"
"97.8150","0.1486","0.5873"
"97.8350","0.1486","0.5872"
"97.8550","0.1486","0.5873"
"97.8750","0.1486","0.5873"
"97.8950","0.1486","0.5873"
"97.9150","0.1486","0.5873"
"97.9350","0.1486","0.5873"
"97.9550","0.1486","0.5872"
"97.9750","0.1486","0.5872"
"97.9950","0.1486","0.5872"
"98.0150","0.1486","0.5872"
"98.0350","0.1486","0.5871"
"98.0550","0.1486","0.5871"
"98.0750","0.1486","0.5871"
"98.0950","0.1486","0.5871"
"98.1150","0.1486","0.5871"
"98.1350","0.1486","0.5871"
"98.1550","0.1486","0.5871"
"98.1750","0.1486","0.5870"
"98.1950","0.1486","0.5870"
"98.2150","0.1486","0.5870"
"98.2350","0.1486","0.5870"
"98.2550","0.1486","0.5869"
"98.2750","0.1486","0.5870"
"98.2950","0.1486","0.5871"
"98.3150","0.1486","0.5871"
"98.3350","0.1486","0.5870"
"98.3550","0.1486","0.5870"
"98.3750","0.1486","0.5870"
"98.3950","0.1486","0.5870"
"98.4150","0.1486","0.5871"
"98.4350","0.1486","0.5870"
"98.4550","0.1486","0.5869"
"98.4750","0.1486","0.5870"
"98.4950","0.1486","0.5870"
"98.5150","0.1486","0.5869"
"98.5350","0.1486","0.5869"
"98.5550","0.1486","0.5869"
"98.5750","0.1486","0.5869"
"98.5950","0.1486","0.5870"
"98.6150","0.1486","0.5869"
"98.6350","0.1486","0.5869"
"98.6550","0.1486","0.5869"
"98.6750","0.1486","0.5868"
"98.6950","0.1486","0.5869"
"98.7150","0.1486","0.5869"
"98.7350","0.1486","0.5869"
"98.7550","0.1486","0.5869"
"98.7750","0.1486","0.5868"
"98.7950","0.1486","0.5868"
"98.8150","0.1486","0.5868"
"98.8350","0.1486","0.5868"
"98.8550","0.1486","0.5868"
"98.8750","0.1486","0.5868"
"98.8950","0.1486","0.5868"
"98.9150","0.1486","0.5867"
"98.9350","0.1486","0.5867"
"98.9550","0.1486","0.5867"
"98.9750","0.1486","0.5867"
"98.9950","0.1486","0.5867"
"99.0150","0.1486","0.5867"
"99.0350","0.1486","0.5867"
"99.0550","0.1486","0.5867"
"99.0750","0.1486","0.5867"
"99.0950","0.1486","0.5867"
"99.1150","0.1486","0.5866"
"99.1350","0.1486","0.5866"
"99.1550","0.1486","0.5866"
"99.1750","0.1486","0.5866"
"99.1950","0.1486","0.5865"
"99.2150","0.1486","0.5865"
"99.2350","0.1486","0.5866"
"99.2550","0.1486","0.5865"
"99.2750","0.1486","0.5864"
"99.2950","0.1486","0.5864"
"99.3150","0.1486","0.5864"
"99.3350","0.1486","0.5865"
"99.3550","0.1486","0.5865"
"99.3750","0.1486","0.5865"
"99.3950","0.1486","0.5865"
"99.4150","0.1486","0.5865"
"99.4350","0.1486","0.5865"
"99.4550","0.1486","0.5865"
"99.4750","0.1486","0.5864"
"99.4950","0.1486","0.5864"
"99.5150","0.1486","0.5864"
"99.5350","0.1486","0.5865"
"99.5550","0.1486","0.5864"
"99.5750","0.1486","0.5864"
"99.5950","0.1486","0.5864"
"99.6150","0.1486","0.5864"
"99.6350","0.1486","0.5864"
"99.6550","0.1486","0.5863"
"99.6750","0.1486","0.5862"
"99.6950","0.1486","0.5863"
"99.7150","0.1486","0.5863"
"99.7350","0.1486","0.5864"
"99.7550","0.1486","0.5864"
"99.7750","0.1486","0.5864"
"99.7950","0.1486","0.5863"
"99.8150","0.1486","0.5863"
"99.8350","0.1486","0.5863"
"99.8550","0.1486","0.5863"
"99.8750","0.1486","0.5863"
"99.8950","0.1486","0.5862"
"99.9150","0.1486","0.5863"
"99.9350","0.1486","0.5862"
"99.9550","0.1486","0.5862"
"99.9750","0.1486","0.5863"
"99.9950","0.1486","0.5863"
"100.0150","0.1486","0.5862"
"100.0350","0.1486","0.5862"
"100.0550","0.1486","0.5862"
"100.0750","0.1486","0.5862"
"100.0950","0.1486","0.5861"
"100.1150","0.1486","0.5861"
"100.1350","0.1486","0.5861"
"100.1550","0.1486","0.5861"
"100.1750","0.1486","0.5861"
"100.1950","0.1486","0.5861"
"100.2150","0.1486","0.5861"
"100.2350","0.1486","0.5861"
"100.2550","0.1486","0.5861"
"100.2750","0.1486","0.5860"
"100.2950","0.1486","0.5860"
"100.3150","0.1486","0.5861"
"100.3350","0.1486","0.5860"
"100.3550","0.1486","0.5860"
"100.3750","0.1486","0.5860"
"100.3950","0.1486","0.5859"
"100.4150","0.1486","0.5859"
"100.4350","0.1486","0.5860"
"100.4550","0.1486","0.5860"
"100.4750","0.1486","0.5860"
"100.4950","0.1486","0.5861"
"100.5150","0.1486","0.5860"
"100.5350","0.1486","0.5860"
"100.5550","0.1486","0.5859"
"100.5750","0.1486","0.5859"
"100.5950","0.1486","0.5859"
"100.6150","0.1486","0.5859"
"100.6350","0.1486","0.5859"
"100.6550","0.1486","0.5858"
"100.6750","0.1486","0.5859"
"100.6950","0.1486","0.5858"
"100.7150","0.1486","0.5859"
"100.7350","0.1486","0.5859"
"100.7550","0.1486","0.5858"
"100.7750","0.1486","0.5858"
"100.7950","0.1486","0.5858"
"100.8150","0.1486","0.5858"
"100.8350","0.1486","0.5858"
"100.8550","0.1486","0.5858"
"100.8750","0.1486","0.5858"
"100.8950","0.1486","0.5857"
"100.9150","0.1486","0.5857"
"100.9350","0.1486","0.5857"
"100.9550","0.1486","0.5857"
"100.9750","0.1486","0.5857"
"100.9950","0.1486","0.5858"
"101.0150","0.1486","0.5857"
"101.0350","0.1486","0.5857"
"101.0550","0.1486","0.5856"
"101.0750","0.1486","0.5856"
"101.0950","0.1486","0.5856"
"101.1150","0.1486","0.5856"
"101.1350","0.1486","0.5856"
"101.1550","0.1486","0.5856"
"101.1750","0.1486","0.5856"
"101.1950","0.1486","0.5856"
"101.2150","0.1486","0.5856"
"101.2350","0.1486","0.5856"
"101.2550","0.1486","0.5856"
"101.2750","0.1486","0.5856"
"101.2950","0.1486","0.5855"
"101.3150","0.1486","0.5856"
"101.3350","0.1486","0.5855"
"101.3550","0.1486","0.5855"
"101.3750","0.1486","0.5855"
"101.3950","0.1486","0.5856"
"101.4150","0.1486","0.5856"
"101.4350","0.1486","0.5855"
"101.4550","0.1486","0.5854"
"101.4750","0.1486","0.5855"
"101.4950","0.1486","0.5855"
"101.5150","0.1486","0.5854"
"101.5350","0.1486","0.5854"
"101.5550","0.1486","0.5853"
"101.5750","0.1486","0.5854"
"101.5950","0.1486","0.5855"
"101.6150","0.1486","0.5854"
"101.6350","0.1486","0.5855"
"101.6550","0.1486","0.5854"
"101.6750","0.1486","0.5854"
"101.6950","0.1486","0.5855"
"101.7150","0.1486","0.5855"
"101.7350","0.1486","0.5853"
"101.7550","0.1486","0.5853"
"101.7750","0.1486","0.5853"
"101.7950","0.1486","0.5854"
"101.8150","0.1486","0.5854"
"101.8350","0.1486","0.5854"
"101.8550","0.1486","0.5854"
"101.8750","0.1486","0.5853"
"101.8950","0.1486","0.5853"
"101.9150","0.1486","0.5853"
"101.9350","0.1486","0.5853"
"101.9550","0.1486","0.5853"
"101.9750","0.1486","0.5853"
"101.9950","0.1486","0.5853"
"102.0150","0.1486","0.5852"
"102.0350","0.1486","0.5852"
"102.0550","0.1486","0.5852"
"102.0750","0.1486","0.5852"
"102.0950","0.1486","0.5852"
"102.1150","0.1486","0.5851"
"102.1350","0.1486","0.5851"
"102.1550","0.1486","0.5852"
"102.1750","0.1486","0.5852"
"102.1950","0.1486","0.5851"
"102.2150","0.1486","0.5851"
"102.2350","0.1486","0.5852"
"102.2550","0.1486","0.5852"
"102.2750","0.1486","0.5851"
"102.2950","0.1486","0.5852"
"102.3150","0.1486","0.5851"
"102.3350","0.1486","0.5851"
"102.3550","0.1486","0.5850"
"102.3750","0.1486","0.5850"
"102.3950","0.1486","0.5850"
"102.4150","0.1486","0.5851"
"102.4350","0.1486","0.5851"
"102.4550","0.1486","0.5851"
"102.4750","0.1486","0.5851"
"102.4950","0.1486","0.5850"
"102.5150","0.1486","0.5849"
"102.5350","0.1486","0.5850"
"102.5550","0.1486","0.5850"
"102.5750","0.1486","0.5849"
"102.5950","0.1486","0.5849"
"102.6150","0.1486","0.5850"
"102.6350","0.1486","0.5850"
"102.6550","0.1486","0.5849"
"102.6750","0.1486","0.5849"
"102.6950","0.1486","0.5849"
"102.7150","0.1486","0.5849"
"102.7350","0.1486","0.5848"
"102.7550","0.1486","0.5848"
"102.7750","0.1486","0.5848"
"102.7950","0.1486","0.5848"
"102.8150","0.1486","0.5848"
"102.8350","0.1486","0.5848"
"102.8550","0.1486","0.5848"
"102.8750","0.1486","0.5848"
"102.8950","0.1486","0.5848"
"102.9150","0.1486","0.5849"
"102.9350","0.1486","0.5848"
"102.9550","0.1486","0.5847"
"102.9750","0.1486","0.5847"
"102.9950","0.1486","0.5847"
"103.0150","0.1486","0.5847"
"103.0350","0.1486","0.5847"
"103.0550","0.1486","0.5847"
"103.0750","0.1486","0.5848"
"103.0950","0.1486","0.5848"
"103.1150","0.1486","0.5847"
"103.1350","0.1486","0.5846"
"103.1550","0.1486","0.5846"
"103.1750","0.1486","0.5846"
"103.1950","0.1486","0.5847"
"103.2150","0.1486","0.5846"
"103.2350","0.1486","0.5846"
"103.2550","0.1486","0.5846"
"103.2750","0.1486","0.5846"
"103.2950","0.1486","0.5846"
"103.3150","0.1486","0.5846"
"103.3350","0.1486","0.5846"
"103.3550","0.1486","0.5846"
"103.3750","0.1486","0.5846"
"103.3950","0.1486","0.5846"
"103.4150","0.1486","0.5845"
"103.4350","0.1486","0.5845"
"103.4550","0.1486","0.5844"
"103.4750","0.1486","0.5845"
"103.4950","0.1486","0.5845"
"103.5150","0.1486","0.5845"
"103.5350","0.1486","0.5844"
"103.5550","0.1486","0.5844"
"103.5750","0.1486","0.5844"
"103.5950","0.1486","0.5844"
"103.6150","0.1486","0.5844"
"103.6350","0.1486","0.5845"
"103.6550","0.1486","0.5845"
"103.6750","0.1486","0.5845"
"103.6950","0.1486","0.5845"
"103.7150","0.1486","0.5844"
"103.7350","0.1486","0.5844"
"103.7550","0.1486","0.5844"
"103.7750","0.1486","0.5843"
"103.7950","0.1486","0.5843"
"103.8150","0.1486","0.5844"
"103.8350","0.1486","0.5845"
"103.8550","0.1486","0.5845"
"103.8750","0.1486","0.5845"
"103.8950","0.1486","0.5844"
"103.9150","0.1486","0.5843"
"103.9350","0.1486","0.5843"
"103.9550","0.1486","0.5844"
"103.9750","0.1486","0.5844"
"103.9950","0.1486","0.5843"
"104.0150","0.1486","0.5842"
"104.0350","0.1486","0.5843"
"104.0550","0.1486","0.5842"
"104.0750","0.1486","0.5842"
"104.0950","0.1486","0.5842"
"104.1150","0.1486","0.5842"
"104.1350","0.1486","0.5843"
"104.1550","0.1486","0.5843"
"104.1750","0.1486","0.5842"
"104.1950","0.1486","0.5843"
"104.2150","0.1486","0.5843"
"104.2350","0.1486","0.5842"
"104.2550","0.1486","0.5841"
"104.2750","0.1486","0.5841"
"104.2950","0.1486","0.5841"
"104.3150","0.1486","0.5842"
"104.3350","0.1486","0.5842"
"104.3550","0.1486","0.5841"
"104.3750","0.1486","0.5840"
"104.3950","0.1486","0.5841"
"104.4150","0.1486","0.5840"
"104.4350","0.1486","0.5841"
"104.4550","0.1486","0.5841"
"104.4750","0.1486","0.5840"
"104.4950","0.1486","0.5840"
"104.5150","0.1486","0.5840"
"104.5350","0.1486","0.5840"
"104.5550","0.1486","0.5841"
"104.5750","0.1486","0.5840"
"104.5950","0.1486","0.5839"
"104.6150","0.1486","0.5839"
"104.6350","0.1486","0.5840"
"104.6550","0.1486","0.5839"
"104.6750","0.1486","0.5838"
"104.6950","0.1486","0.5839"
"104.7150","0.1486","0.5839"
"104.7350","0.1486","0.5839"
"104.7550","0.1486","0.5839"
"104.7750","0.1486","0.5839"
"104.7950","0.1486","0.5840"
"104.8150","0.1486","0.5839"
"104.8350","0.1486","0.5839"
"104.8550","0.1486","0.5839"
"104.8750","0.1486","0.5839"
"104.8950","0.1486","0.5838"
"104.9150","0.1486","0.5839"
"104.9350","0.1486","0.5838"
"104.9550","0.1486","0.5838"
"104.9750","0.1486","0.5838"
"104.9950","0.1486","0.5837"
"105.0150","0.1486","0.5836"
"105.0350","0.1486","0.5838"
"105.0550","0.1486","0.5838"
"105.0750","0.1486","0.5838"
"105.0950","0.1486","0.5837"
"105.1150","0.1486","0.5837"
"105.1350","0.1486","0.5836"
"105.1550","0.1486","0.5837"
"105.1750","0.1486","0.5837"
"105.1950","0.1486","0.5838"
"105.2150","0.1486","0.5837"
"105.2350","0.1486","0.5837"
"105.2550","0.1486","0.5838"
"105.2750","0.1486","0.5838"
"105.2950","0.1486","0.5837"
"105.3150","0.1486","0.5836"
"105.3350","0.1486","0.5836"
"105.3550","0.1486","0.5836"
"105.3750","0.1486","0.5836"
"105.3950","0.1486","0.5836"
"105.4150","0.1486","0.5836"
"105.4350","0.1486","0.5836"
"105.4550","0.1486","0.5835"
"105.4750","0.1486","0.5835"
"105.4950","0.1486","0.5836"
"105.5150","0.1486","0.5836"
"105.5350","0.1486","0.5837"
"105.5550","0.1486","0.5837"
"105.5750","0.1486","0.5836"
"105.5950","0.1486","0.5836"
"105.6150","0.1486","0.5835"
"105.6350","0.1486","0.5835"
"105.6550","0.1486","0.5835"
"105.6750","0.1486","0.5834"
"105.6950","0.1486","0.5834"
"105.7150","0.1486","0.5834"
"105.7350","0.1486","0.5835"
"105.7550","0.1486","0.5835"
"105.7750","0.1486","0.5835"
"105.7950","0.1486","0.5834"
"105.8150","0.1486","0.5834"
"105.8350","0.1486","0.5834"
"105.8550","0.1486","0.5834"
"105.8750","0.1486","0.5833"
"105.8950","0.1486","0.5833"
"105.9150","0.1486","0.5833"
"105.9350","0.1486","0.5834"
"105.9550","0.1486","0.5834"
"105.9750","0.1486","0.5834"
"105.9950","0.1486","0.5833"
"106.0150","0.1486","0.5833"
"106.0350","0.1486","0.5833"
"106.0550","0.1486","0.5832"
"106.0750","0.1486","0.5833"
"106.0950","0.1486","0.5833"
"106.1150","0.1486","0.5833"
"106.1350","0.1486","0.5833"
"106.1550","0.1486","0.5833"
"106.1750","0.1486","0.5833"
"106.1950","0.1486","0.5834"
"106.2150","0.1486","0.5833"
"106.2350","0.1486","0.5833"
"106.2550","0.1486","0.5832"
"106.2750","0.1486","0.5832"
"106.2950","0.1486","0.5832"
"106.3150","0.1486","0.5831"
"106.3350","0.1486","0.5832"
"106.3550","0.1486","0.5832"
"106.3750","0.1486","0.5831"
"106.3950","0.1486","0.5831"
"106.4150","0.1486","0.5831"
"106.4350","0.1486","0.5831"
"106.4550","0.1486","0.5832"
"106.4750","0.1486","0.5832"
"106.4950","0.1486","0.5831"
"106.5150","0.1486","0.5831"
"106.5350","0.1486","0.5831"
"106.5550","0.1486","0.5831"
"106.5750","0.1486","0.5831"
"106.5950","0.1486","0.5830"
"106.6150","0.1486","0.5830"
"106.6350","0.1486","0.5830"
"106.6550","0.1486","0.5830"
"106.6750","0.1486","0.5830"
"106.6950","0.1486","0.5831"
"106.7150","0.1486","0.5831"
"106.7350","0.1486","0.5830"
"106.7550","0.1486","0.5830"
"106.7750","0.1486","0.5831"
"106.7950","0.1486","0.5830"
"106.8150","0.1486","0.5829"
"106.8350","0.1486","0.5829"
"106.8550","0.1486","0.5830"
"106.8750","0.1486","0.5830"
"106.8950","0.1486","0.5829"
"106.9150","0.1486","0.5829"
"106.9350","0.1486","0.5829"
"106.9550","0.1486","0.5830"
"106.9750","0.1486","0.5829"
"106.9950","0.1486","0.5829"
"107.0150","0.1486","0.5829"
"107.0350","0.1486","0.5830"
"107.0550","0.1486","0.5829"
"107.0750","0.1486","0.5828"
"107.0950","0.1486","0.5828"
"107.1150","0.1486","0.5828"
"107.1350","0.1486","0.5829"
"107.1550","0.1486","0.5829"
"107.1750","0.1486","0.5827"
"107.1950","0.1486","0.5827"
"107.2150","0.1486","0.5827"
"107.2350","0.1486","0.5827"
"107.2550","0.1486","0.5828"
"107.2750","0.1486","0.5828"
"107.2950","0.1486","0.5828"
"107.3150","0.1486","0.5827"
"107.3350","0.1486","0.5828"
"107.3550","0.1486","0.5827"
"107.3750","0.1486","0.5827"
"107.3950","0.1486","0.5827"
"107.4150","0.1486","0.5827"
"107.4350","0.1486","0.5827"
"107.4550","0.1486","0.5827"
"107.4750","0.1486","0.5826"
"107.4950","0.1486","0.5827"
"107.5150","0.1486","0.5827"
"107.5350","0.1486","0.5827"
"107.5550","0.1486","0.5826"
"107.5750","0.1486","0.5826"
"107.5950","0.1486","0.5826"
"107.6150","0.1486","0.5826"
"107.6350","0.1486","0.5826"
"107.6550","0.1486","0.5826"
"107.6750","0.1486","0.5826"
"107.6950","0.1486","0.5825"
"107.7150","0.1486","0.5826"
"107.7350","0.1486","0.5826"
"107.7550","0.1486","0.5826"
"107.7750","0.1486","0.5825"
"107.7950","0.1486","0.5824"
"107.8150","0.1486","0.5824"
"107.8350","0.1486","0.5824"
"107.8550","0.1486","0.5825"
"107.8750","0.1486","0.5825"
"107.8950","0.1486","0.5824"
"107.9150","0.1486","0.5825"
"107.9350","0.1486","0.5825"
"107.9550","0.1486","0.5825"
"107.9750","0.1486","0.5824"
"107.9950","0.1486","0.5824"
"108.0150","0.1486","0.5825"
"108.0350","0.1486","0.5825"
"108.0550","0.1486","0.5824"
"108.0750","0.1486","0.5824"
"108.0950","0.1486","0.5824"
"108.1150","0.1486","0.5824"
"108.1350","0.1486","0.5824"
"108.1550","0.1486","0.5824"
"108.1750","0.1486","0.5823"
"108.1950","0.1486","0.5823"
"108.2150","0.1486","0.5823"
"108.2350","0.1486","0.5823"
"108.2550","0.1486","0.5822"
"108.2750","0.1486","0.5822"
"108.2950","0.1486","0.5822"
"108.3150","0.1486","0.5822"
"108.3350","0.1486","0.5823"
"108.3550","0.1486","0.5823"
"108.3750","0.1486","0.5823"
"108.3950","0.1486","0.5822"
"108.4150","0.1486","0.5823"
"108.4350","0.1486","0.5822"
"108.4550","0.1486","0.5823"
"108.4750","0.1486","0.5823"
"108.4950","0.1486","0.5822"
"108.5150","0.1486","0.5822"
"108.5350","0.1486","0.5822"
"108.5550","0.1486","0.5823"
"108.5750","0.1486","0.5823"
"108.5950","0.1486","0.5822"
"108.6150","0.1486","0.5822"
"108.6350","0.1486","0.5821"
"108.6550","0.1486","0.5821"
"108.6750","0.1486","0.5821"
"108.6950","0.1486","0.5821"
"108.7150","0.1486","0.5822"
"108.7350","0.1486","0.5821"
"108.7550","0.1486","0.5821"
"108.7750","0.1486","0.5820"
"108.7950","0.1486","0.5820"
"108.8150","0.1486","0.5821"
"108.8350","0.1486","0.5820"
"108.8550","0.1486","0.5820"
"108.8750","0.1486","0.5821"
"108.8950","0.1486","0.5820"
"108.9150","0.1486","0.5820"
"108.9350","0.1486","0.5820"
"108.9550","0.1486","0.5820"
"108.9750","0.1486","0.5819"
"108.9950","0.1486","0.5820"
"109.0150","0.1486","0.5820"
"109.0350","0.1486","0.5819"
"109.0550","0.1486","0.5818"
"109.0750","0.1486","0.5819"
"109.0950","0.1486","0.5819"
"109.1150","0.1486","0.5818"
"109.1350","0.1486","0.5818"
"109.1550","0.1486","0.5819"
"109.1750","0.1486","0.5819"
"109.1950","0.1486","0.5819"
"109.2150","0.1486","0.5819"
"109.2350","0.1486","0.5818"
"109.2550","0.1486","0.5819"
"109.2750","0.1486","0.5819"
"109.2950","0.1486","0.5818"
"109.3150","0.1486","0.5819"
"109.3350","0.1486","0.5819"
"109.3550","0.1486","0.5818"
"109.3750","0.1486","0.5817"
"109.3950","0.1486","0.5817"
"109.4150","0.1486","0.5817"
"109.4350","0.1486","0.5817"
"109.4550","0.1486","0.5818"
"109.4750","0.1486","0.5818"
"109.4950","0.1486","0.5817"
"109.5150","0.1486","0.5817"
"109.5350","0.1486","0.5817"
"109.5550","0.1486","0.5816"
"109.5750","0.1486","0.5816"
"109.5950","0.1486","0.5817"
"109.6150","0.1486","0.5816"
"109.6350","0.1486","0.5816"
"109.6550","0.1486","0.5817"
"109.6750","0.1486","0.5818"
"109.6950","0.1486","0.5818"
"109.7150","0.1486","0.5817"
"109.7350","0.1486","0.5817"
"109.7550","0.1486","0.5816"
"109.7750","0.1486","0.5816"
"109.7950","0.1486","0.5816"
"109.8150","0.1486","0.5816"
"109.8350","0.1486","0.5816"
"109.8550","0.1486","0.5816"
"109.8750","0.1486","0.5815"
"109.8950","0.1486","0.5816"
"109.9150","0.1486","0.5816"
"109.9350","0.1486","0.5816"
"109.9550","0.1486","0.5816"
"109.9750","0.1486","0.5815"
"109.9950","0.1486","0.5816"
"110.0150","0.1486","0.5816"
"110.0350","0.1486","0.5816"
"110.0550","0.1486","0.5815"
"110.0750","0.1486","0.5815"
"110.0950","0.1486","0.5816"
"110.1150","0.1486","0.5814"
"110.1350","0.1486","0.5814"
"110.1550","0.1486","0.5815"
"110.1750","0.1486","0.5814"
"110.1950","0.1486","0.5814"
"110.2150","0.1486","0.5813"
"110.2350","0.1486","0.5813"
"110.2550","0.1486","0.5814"
"110.2750","0.1486","0.5814"
"110.2950","0.1486","0.5814"
"110.3150","0.1486","0.5815"
"110.3350","0.1486","0.5814"
"110.3550","0.1486","0.5814"
"110.3750","0.1486","0.5814"
"110.3950","0.1486","0.5813"
"110.4150","0.1486","0.5813"
"110.4350","0.1486","0.5813"
"110.4550","0.1486","0.5812"
"110.4750","0.1486","0.5812"
"110.4950","0.1486","0.5813"
"110.5150","0.1486","0.5813"
"110.5350","0.1486","0.5814"
"110.5550","0.1486","0.5814"
"110.5750","0.1486","0.5813"
"110.5950","0.1486","0.5813"
"110.6150","0.1486","0.5813"
"110.6350","0.1486","0.5813"
"110.6550","0.1486","0.5812"
"110.6750","0.1486","0.5812"
"110.6950","0.1486","0.5812"
"110.7150","0.1486","0.5812"
"110.7350","0.1486","0.5812"
"110.7550","0.1486","0.5812"
"110.7750","0.1486","0.5812"
"110.7950","0.1486","0.5812"
"110.8150","0.1486","0.5812"
"110.8350","0.1486","0.5812"
"110.8550","0.1486","0.5812"
"110.8750","0.1486","0.5812"
"110.8950","0.1486","0.5812"
"110.9150","0.1486","0.5811"
"110.9350","0.1486","0.5810"
"110.9550","0.1486","0.5810"
"110.9750","0.1486","0.5811"
"110.9950","0.1486","0.5810"
"111.0150","0.1486","0.5810"
"111.0350","0.1486","0.5810"
"111.0550","0.1486","0.5809"
"111.0750","0.1486","0.5810"
"111.0950","0.1486","0.5810"
"111.1150","0.1486","0.5810"
"111.1350","0.1486","0.5810"
"111.1550","0.1486","0.5810"
"111.1750","0.1486","0.5809"
"111.1950","0.1486","0.5809"
"111.2150","0.1486","0.5810"
"111.2350","0.1486","0.5809"
"111.2550","0.1486","0.5809"
"111.2750","0.1486","0.5809"
"111.2950","0.1486","0.5809"
"111.3150","0.1486","0.5809"
"111.3350","0.1486","0.5809"
"111.3550","0.1486","0.5810"
"111.3750","0.1486","0.5810"
"111.3950","0.1486","0.5809"
"111.4150","0.1486","0.5809"
"111.4350","0.1486","0.5809"
"111.4550","0.1486","0.5809"
"111.4750","0.1486","0.5809"
"111.4950","0.1486","0.5808"
"111.5150","0.1486","0.5808"
"111.5350","0.1486","0.5808"
"111.5550","0.1486","0.5809"
"111.5750","0.1486","0.5809"
"111.5950","0.1486","0.5809"
"111.6150","0.1486","0.5808"
"111.6350","0.1486","0.5808"
"111.6550","0.1486","0.5808"
"111.6750","0.1486","0.5808"
"111.6950","0.1486","0.5807"
"111.7150","0.1486","0.5807"
"111.7350","0.1486","0.5807"
"111.7550","0.1486","0.5808"
"111.7750","0.1486","0.5807"
"111.7950","0.1486","0.5807"
"111.8150","0.1486","0.5807"
"111.8350","0.1486","0.5807"
"111.8550","0.1486","0.5808"
"111.8750","0.1486","0.5808"
"111.8950","0.1486","0.5807"
"111.9150","0.1486","0.5806"
"111.9350","0.1486","0.5806"
"111.9550","0.1486","0.5807"
"111.9750","0.1486","0.5807"
"111.9950","0.1486","0.5806"
"112.0150","0.1486","0.5806"
"112.0350","0.1486","0.5806"
"112.0550","0.1486","0.5806"
"112.0750","0.1486","0.5806"
"112.0950","0.1486","0.5805"
"112.1150","0.1486","0.5806"
"112.1350","0.1486","0.5806"
"112.1550","0.1486","0.5804"
"112.1750","0.1486","0.5804"
"112.1950","0.1486","0.5804"
"112.2150","0.1486","0.5804"
"112.2350","0.1486","0.5805"
"112.2550","0.1486","0.5805"
"112.2750","0.1486","0.5805"
"112.2950","0.1486","0.5806"
"112.3150","0.1486","0.5805"
"112.3350","0.1486","0.5805"
"112.3550","0.1486","0.5805"
"112.3750","0.1486","0.5805"
"112.3950","0.1486","0.5804"
"112.4150","0.1486","0.5804"
"112.4350","0.1486","0.5804"
"112.4550","0.1486","0.5805"
"112.4750","0.1486","0.5806"
"112.4950","0.1486","0.5804"
"112.5150","0.1486","0.5804"
"112.5350","0.1486","0.5804"
"112.5550","0.1486","0.5804"
"112.5750","0.1486","0.5804"
"112.5950","0.1486","0.5805"
"112.6150","0.1486","0.5805"
"112.6350","0.1486","0.5804"
"112.6550","0.1486","0.5804"
"112.6750","0.1486","0.5803"
"112.6950","0.1486","0.5803"
"112.7150","0.1486","0.5804"
"112.7350","0.1486","0.5804"
"112.7550","0.1486","0.5803"
"112.7750","0.1486","0.5804"
"112.7950","0.1486","0.5803"
"112.8150","0.1486","0.5803"
"112.8350","0.1486","0.5803"
"112.8550","0.1486","0.5802"
"112.8750","0.1486","0.5802"
"112.8950","0.1486","0.5802"
"112.9150","0.1486","0.5802"
"112.9350","0.1486","0.5802"
"112.9550","0.1486","0.5802"
"112.9750","0.1486","0.5802"
"112.9950","0.1486","0.5802"
"113.0150","0.1486","0.5802"
"113.0350","0.1486","0.5803"
"113.0550","0.1486","0.5802"
"113.0750","0.1486","0.5802"
"113.0950","0.1486","0.5803"
"113.1150","0.1486","0.5802"
"113.1350","0.1486","0.5802"
"113.1550","0.1486","0.5802"
"113.1750","0.1486","0.5801"
"113.1950","0.1486","0.5802"
"113.2150","0.1486","0.5801"
"113.2350","0.1486","0.5801"
"113.2550","0.1486","0.5801"
"113.2750","0.1486","0.5801"
"113.2950","0.1486","0.5801"
"113.3150","0.1486","0.5801"
"113.3350","0.1486","0.5800"
"113.3550","0.1486","0.5800"
"113.3750","0.1486","0.5800"
"113.3950","0.1486","0.5801"
"113.4150","0.1486","0.5801"
"113.4350","0.1486","0.5801"
"113.4550","0.1486","0.5801"
"113.4750","0.1486","0.5800"
"113.4950","0.1486","0.5800"
"113.5150","0.1486","0.5800"
"113.5350","0.1486","0.5800"
"113.5550","0.1486","0.5800"
"113.5750","0.1486","0.5800"
"113.5950","0.1486","0.5799"
"113.6150","0.1486","0.5800"
"113.6350","0.1486","0.5799"
"113.6550","0.1486","0.5799"
"113.6750","0.1486","0.5799"
"113.6950","0.1486","0.5799"
"113.7150","0.1486","0.5799"
"113.7350","0.1486","0.5799"
"113.7550","0.1486","0.5799"
"113.7750","0.1486","0.5798"
"113.7950","0.1486","0.5798"
"113.8150","0.1486","0.5798"
"113.8350","0.1486","0.5798"
"113.8550","0.1486","0.5798"
"113.8750","0.1486","0.5798"
"113.8950","0.1486","0.5798"
"113.9150","0.1486","0.5798"
"113.9350","0.1486","0.5799"
"113.9550","0.1486","0.5798"
"113.9750","0.1486","0.5798"
"113.9950","0.1486","0.5798"
"114.0150","0.1486","0.5798"
"114.0350","0.1486","0.5797"
"114.0550","0.1486","0.5797"
"114.0750","0.1486","0.5798"
"114.0950","0.1486","0.5799"
"114.1150","0.1486","0.5798"
"114.1350","0.1486","0.5798"
"114.1550","0.1486","0.5798"
"114.1750","0.1486","0.5797"
"114.1950","0.1486","0.5797"
"114.2150","0.1486","0.5797"
"114.2350","0.1486","0.5797"
"114.2550","0.1486","0.5798"
"114.2750","0.1486","0.5797"
"114.2950","0.1486","0.5797"
"114.3150","0.1486","0.5797"
"114.3350","0.1486","0.5797"
"114.3550","0.1486","0.5797"
"114.3750","0.1486","0.5796"
"114.3950","0.1486","0.5797"
"114.4150","0.1486","0.5796"
"114.4350","0.1486","0.5796"
"114.4550","0.1486","0.5796"
"114.4750","0.1486","0.5797"
"114.4950","0.1486","0.5797"
"114.5150","0.1486","0.5796"
"114.5350","0.1486","0.5796"
"114.5550","0.1486","0.5796"
"114.5750","0.1486","0.5795"
"114.5950","0.1486","0.5796"
"114.6150","0.1486","0.5796"
"114.6350","0.1486","0.5795"
"114.6550","0.1486","0.5795"
"114.6750","0.1486","0.5794"
"114.6950","0.1486","0.5795"
"114.7150","0.1486","0.5795"
"114.7350","0.1486","0.5795"
"114.7550","0.1486","0.5795"
"114.7750","0.1486","0.5795"
"114.7950","0.1486","0.5795"
"114.8150","0.1486","0.5795"
"114.8350","0.1486","0.5794"
"114.8550","0.1486","0.5794"
"114.8750","0.1486","0.5794"
"114.8950","0.1486","0.5794"
"114.9150","0.1486","0.5794"
"114.9350","0.1486","0.5794"
"114.9550","0.1486","0.5794"
"114.9750","0.1486","0.5794"
"114.9950","0.1486","0.5795"
"115.0150","0.1486","0.5795"
"115.0350","0.1486","0.5794"
"115.0550","0.1486","0.5794"
"115.0750","0.1486","0.5792"
"115.0950","0.1486","0.5793"
"115.1150","0.1486","0.5794"
"115.1350","0.1486","0.5794"
"115.1550","0.1486","0.5793"
"115.1750","0.1486","0.5793"
"115.1950","0.1486","0.5794"
"115.2150","0.1486","0.5794"
"115.2350","0.1486","0.5794"
"115.2550","0.1486","0.5793"
"115.2750","0.1486","0.5793"
"115.2950","0.1486","0.5794"
"115.3150","0.1486","0.5794"
"115.3350","0.1486","0.5793"
"115.3550","0.1486","0.5792"
"115.3750","0.1486","0.5792"
"115.3950","0.1486","0.5792"
"115.4150","0.1486","0.5791"
"115.4350","0.1486","0.5792"
"115.4550","0.1486","0.5792"
"115.4750","0.1486","0.5793"
"115.4950","0.1486","0.5792"
"115.5150","0.1486","0.5791"
"115.5350","0.1486","0.5791"
"115.5550","0.1486","0.5791"
"115.5750","0.1486","0.5791"
"115.5950","0.1486","0.5792"
"115.6150","0.1486","0.5792"
"115.6350","0.1486","0.5792"
"115.6550","0.1486","0.5791"
"115.6750","0.1486","0.5791"
"115.6950","0.1486","0.5791"
"115.7150","0.1486","0.5791"
"115.7350","0.1486","0.5791"
"115.7550","0.1486","0.5790"
"115.7750","0.1486","0.5790"
"115.7950","0.1486","0.5790"
"115.8150","0.1486","0.5790"
"115.8350","0.1486","0.5791"
"115.8550","0.1486","0.5791"
"115.8750","0.1486","0.5790"
"115.8950","0.1486","0.5790"
"115.9150","0.1486","0.5790"
"115.9350","0.1486","0.5791"
"115.9550","0.1486","0.5792"
"115.9750","0.1486","0.5791"
"115.9950","0.1486","0.5790"
"116.0150","0.1486","0.5789"
"116.0350","0.1486","0.5789"
"116.0550","0.1486","0.5790"
"116.0750","0.1486","0.5790"
"116.0950","0.1486","0.5789"
"116.1150","0.1486","0.5788"
"116.1350","0.1486","0.5789"
"116.1550","0.1486","0.5789"
"116.1750","0.1486","0.5789"
"116.1950","0.1486","0.5789"
"116.2150","0.1486","0.5789"
"116.2350","0.1486","0.5789"
"116.2550","0.1486","0.5789"
"116.2750","0.1486","0.5790"
"116.2950","0.1486","0.5789"
"116.3150","0.1486","0.5789"
"116.3350","0.1486","0.5788"
"116.3550","0.1486","0.5788"
"116.3750","0.1486","0.5789"
"116.3950","0.1486","0.5789"
"116.4150","0.1486","0.5789"
"116.4350","0.1486","0.5789"
"116.4550","0.1486","0.5788"
"116.4750","0.1486","0.5787"
"116.4950","0.1486","0.5786"
"116.5150","0.1486","0.5787"
"116.5350","0.1486","0.5787"
"116.5550","0.1486","0.5787"
"116.5750","0.1486","0.5787"
"116.5950","0.1486","0.5788"
"116.6150","0.1486","0.5788"
"116.6350","0.1486","0.5787"
"116.6550","0.1486","0.5788"
"116.6750","0.1486","0.5787"
"116.6950","0.1486","0.5787"
"116.7150","0.1486","0.5787"
"116.7350","0.1486","0.5786"
"116.7550","0.1486","0.5787"
"116.7750","0.1486","0.5786"
"116.7950","0.1486","0.5786"
"116.8150","0.1486","0.5786"
"116.8350","0.1486","0.5786"
"116.8550","0.1486","0.5786"
"116.8750","0.1486","0.5786"
"116.8950","0.1486","0.5786"
"116.9150","0.1486","0.5785"
"116.9350","0.1486","0.5785"
"116.9550","0.1486","0.5786"
"116.9750","0.1486","0.5786"
"116.9950","0.1486","0.5786"
"117.0150","0.1486","0.5787"
"117.0350","0.1486","0.5786"
"117.0550","0.1486","0.5786"
"117.0750","0.1486","0.5785"
"117.0950","0.1486","0.5786"
"117.1150","0.1486","0.5785"
"117.1350","0.1486","0.5785"
"117.1550","0.1486","0.5784"
"117.1750","0.1486","0.5784"
"117.1950","0.1486","0.5784"
"117.2150","0.1486","0.5784"
"117.2350","0.1486","0.5785"
"117.2550","0.1486","0.5784"
"117.2750","0.1486","0.5784"
"117.2950","0.1486","0.5785"
"117.3150","0.1486","0.5784"
"117.3350","0.1486","0.5784"
"117.3550","0.1486","0.5784"
"117.3750","0.1486","0.5783"
"117.3950","0.1486","0.5784"
"117.4150","0.1486","0.5784"
"117.4350","0.1486","0.5783"
"117.4550","0.1486","0.5783"
"117.4750","0.1486","0.5783"
"117.4950","0.1486","0.5782"
"117.5150","0.1486","0.5782"
"117.5350","0.1486","0.5783"
"117.5550","0.1486","0.5784"
"117.5750","0.1486","0.5784"
"117.5950","0.1486","0.5783"
"117.6150","0.1486","0.5784"
"117.6350","0.1486","0.5783"
"117.6550","0.1486","0.5783"
"117.6750","0.1486","0.5782"
"117.6950","0.1486","0.5783"
"117.7150","0.1486","0.5783"
"117.7350","0.1486","0.5783"
"117.7550","0.1486","0.5783"
"117.7750","0.1486","0.5783"
"117.7950","0.1486","0.5782"
"117.8150","0.1486","0.5782"
"117.8350","0.1486","0.5782"
"117.8550","0.1486","0.5782"
"117.8750","0.1486","0.5783"
"117.8950","0.1486","0.5782"
"117.9150","0.1486","0.5782"
"117.9350","0.1486","0.5782"
"117.9550","0.1486","0.5782"
"117.9750","0.1486","0.5782"
"117.9950","0.1486","0.5781"
"118.0150","0.1486","0.5782"
"118.0350","0.1486","0.5782"
"118.0550","0.1486","0.5782"
"118.0750","0.1486","0.5782"
"118.0950","0.1486","0.5781"
"118.1150","0.1486","0.5781"
"118.1350","0.1486","0.5782"
"118.1550","0.1486","0.5781"
"118.1750","0.1486","0.5780"
"118.1950","0.1486","0.5780"
"118.2150","0.1486","0.5780"
"118.2350","0.1486","0.5781"
"118.2550","0.1486","0.5781"
"118.2750","0.1486","0.5780"
"118.2950","0.1486","0.5780"
"118.3150","0.1486","0.5780"
"118.3350","0.1486","0.5780"
"118.3550","0.1486","0.5781"
"118.3750","0.1486","0.5781"
"118.3950","0.1486","0.5781"
"118.4150","0.1486","0.5780"
"118.4350","0.1486","0.5780"
"118.4550","0.1486","0.5780"
"118.4750","0.1486","0.5781"
"118.4950","0.1486","0.5780"
"118.5150","0.1486","0.5779"
"118.5350","0.1486","0.5779"
"118.5550","0.1486","0.5779"
"118.5750","0.1486","0.5779"
"118.5950","0.1486","0.5780"
"118.6150","0.1486","0.5780"
"118.6350","0.1486","0.5779"
"118.6550","0.1486","0.5779"
"118.6750","0.1486","0.5779"
"118.6950","0.1486","0.5779"
"118.7150","0.1486","0.5779"
"118.7350","0.1486","0.5779"
"118.7550","0.1486","0.5778"
"118.7750","0.1486","0.5778"
"118.7950","0.1486","0.5778"
"118.8150","0.1486","0.5779"
"118.8350","0.1486","0.5778"
"118.8550","0.1486","0.5778"
"118.8750","0.1486","0.5778"
"118.8950","0.1486","0.5778"
"118.9150","0.1486","0.5778"
"118.9350","0.1486","0.5779"
"118.9550","0.1486","0.5779"
"118.9750","0.1486","0.5778"
"118.9950","0.1486","0.5778"
"119.0150","0.1486","0.5778"
"119.0350","0.1486","0.5777"
"119.0550","0.1486","0.5777"
"119.0750","0.1486","0.5777"
"119.0950","0.1486","0.5778"
"119.1150","0.1486","0.5778"
"119.1350","0.1486","0.5777"
"119.1550","0.1486","0.5777"
"119.1750","0.1486","0.5776"
"119.1950","0.1486","0.5776"
"119.2150","0.1486","0.5777"
"119.2350","0.1486","0.5777"
"119.2550","0.1486","0.5778"
"119.2750","0.1486","0.5777"
"119.2950","0.1486","0.5776"
"119.3150","0.1486","0.5776"
"119.3350","0.1486","0.5776"
"119.3550","0.1486","0.5776"
"119.3750","0.1486","0.5776"
"119.3950","0.1486","0.5775"
"119.4150","0.1486","0.5776"
"119.4350","0.1486","0.5777"
"119.4550","0.1486","0.5776"
"119.4750","0.1486","0.5776"
"119.4950","0.1486","0.5776"
"119.5150","0.1486","0.5776"
"119.5350","0.1486","0.5776"
"119.5550","0.1486","0.5775"
"119.5750","0.1486","0.5775"
"119.5950","0.1486","0.5774"
"119.6150","0.1486","0.5775"
"119.6350","0.1486","0.5776"
"119.6550","0.1486","0.5775"
"119.6750","0.1486","0.5775"
"119.6950","0.1486","0.5775"
"119.7150","0.1486","0.5775"
"119.7350","0.1486","0.5775"
"119.7550","0.1486","0.5775"
"119.7750","0.1486","0.5775"
"119.7950","0.1486","0.5774"
"119.8150","0.1486","0.5774"
"119.8350","0.1486","0.5773"
"119.8550","0.1486","0.5773"
"119.8750","0.1486","0.5774"
"119.8950","0.1486","0.5774"
"119.9150","0.1486","0.5774"
"119.9350","0.1486","0.5774"
"119.9550","0.1486","0.5774"
"119.9750","0.1486","0.5774"
"119.9950","0.1486","0.5775"
"120.0150","0.1486","0.5774"
"120.0350","0.1486","0.5773"
"120.0550","0.1486","0.5773"
"120.0750","0.1486","0.5773"
"120.0950","0.1486","0.5773"
"120.1150","0.1486","0.5774"
"120.1350","0.1486","0.5774"
"120.1550","0.1486","0.5774"
"120.1750","0.1486","0.5774"
"120.1950","0.1486","0.5773"
"120.2150","0.1486","0.5773"
"120.2350","0.1486","0.5772"
"120.2550","0.1486","0.5772"
"120.2750","0.1486","0.5773"
"120.2950","0.1486","0.5773"
"120.3150","0.1486","0.5773"
"120.3350","0.1486","0.5773"
"120.3550","0.1486","0.5773"
"120.3750","0.1486","0.5773"
"120.3950","0.1486","0.5772"
"120.4150","0.1486","0.5773"
"120.4350","0.1486","0.5772"
"120.4550","0.1486","0.5772"
"120.4750","0.1486","0.5772"
"120.4950","0.1486","0.5772"
"120.5150","0.1486","0.5771"
"120.5350","0.1486","0.5771"
"120.5550","0.1486","0.5771"
"120.5750","0.1486","0.5772"
"120.5950","0.1486","0.5772"
"120.6150","0.1486","0.5771"
"120.6350","0.1486","0.5771"
"120.6550","0.1486","0.5772"
"120.6750","0.1486","0.5771"
"120.6950","0.1486","0.5771"
"120.7150","0.1486","0.5771"
"120.7350","0.1486","0.5771"
"120.7550","0.1486","0.5770"
"120.7750","0.1486","0.5771"
"120.7950","0.1486","0.5770"
"120.8150","0.1486","0.5770"
"120.8350","0.1486","0.5769"
"120.8550","0.1486","0.5770"
"120.8750","0.1486","0.5770"
"120.8950","0.1486","0.5770"
"120.9150","0.1486","0.5770"
"120.9350","0.1486","0.5769"
"120.9550","0.1486","0.5768"
"120.9750","0.1486","0.5769"
"120.9950","0.1486","0.5770"
"121.0150","0.1486","0.5771"
"121.0350","0.1486","0.5770"
"121.0550","0.1486","0.5769"
"121.0750","0.1486","0.5770"
"121.0950","0.1486","0.5769"
"121.1150","0.1486","0.5769"
"121.1350","0.1486","0.5770"
"121.1550","0.1486","0.5769"
"121.1750","0.1486","0.5770"
"121.1950","0.1486","0.5770"
"121.2150","0.1486","0.5770"
"121.2350","0.1486","0.5769"
"121.2550","0.1486","0.5769"
"121.2750","0.1486","0.5768"
"121.2950","0.1486","0.5768"
"121.3150","0.1486","0.5768"
"121.3350","0.1486","0.5769"
"121.3550","0.1486","0.5769"
"121.3750","0.1486","0.5768"
"121.3950","0.1486","0.5768"
"121.4150","0.1486","0.5768"
"121.4350","0.1486","0.5769"
"121.4550","0.1486","0.5768"
"121.4750","0.1486","0.5767"
"121.4950","0.1486","0.5767"
"121.5150","0.1486","0.5767"
"121.5350","0.1486","0.5767"
"121.5550","0.1486","0.5767"
"121.5750","0.1486","0.5767"
"121.5950","0.1486","0.5766"
"121.6150","0.1486","0.5767"
"121.6350","0.1486","0.5768"
"121.6550","0.1486","0.5767"
"121.6750","0.1486","0.5767"
"121.6950","0.1486","0.5767"
"121.7150","0.1486","0.5767"
"121.7350","0.1486","0.5768"
"121.7550","0.1486","0.5767"
"121.7750","0.1486","0.5767"
"121.7950","0.1486","0.5767"
"121.8150","0.1486","0.5767"
"121.8350","0.1486","0.5766"
"121.8550","0.1486","0.5766"
"121.8750","0.1486","0.5766"
"121.8950","0.1486","0.5766"
"121.9150","0.1486","0.5767"
"121.9350","0.1486","0.5766"
"121.9550","0.1486","0.5766"
"121.9750","0.1486","0.5766"
"121.9950","0.1486","0.5766"
"122.0150","0.1486","0.5766"
"122.0350","0.1486","0.5766"
"122.0550","0.1486","0.5766"
"122.0750","0.1486","0.5765"
"122.0950","0.1486","0.5765"
"122.1150","0.1486","0.5765"
"122.1350","0.1486","0.5765"
"122.1550","0.1486","0.5766"
"122.1750","0.1486","0.5766"
"122.1950","0.1486","0.5765"
"122.2150","0.1486","0.5766"
"122.2350","0.1486","0.5766"
"122.2550","0.1486","0.5765"
"122.2750","0.1486","0.5765"
"122.2950","0.1486","0.5765"
"122.3150","0.1486","0.5765"
"122.3350","0.1486","0.5765"
"122.3550","0.1486","0.5764"
"122.3750","0.1486","0.5764"
"122.3950","0.1486","0.5765"
"122.4150","0.1486","0.5765"
"122.4350","0.1486","0.5765"
"122.4550","0.1486","0.5765"
"122.4750","0.1486","0.5764"
"122.4950","0.1486","0.5764"
"122.5150","0.1486","0.5764"
"122.5350","0.1486","0.5764"
"122.5550","0.1486","0.5764"
"122.5750","0.1486","0.5764"
"122.5950","0.1486","0.5764"
"122.6150","0.1486","0.5764"
"122.6350","0.1486","0.5764"
"122.6550","0.1486","0.5765"
"122.6750","0.1486","0.5763"
"122.6950","0.1486","0.5763"
"122.7150","0.1486","0.5762"
"122.7350","0.1486","0.5762"
"122.7550","0.1486","0.5763"
"122.7750","0.1486","0.5763"
"122.7950","0.1486","0.5763"
"122.8150","0.1486","0.5762"
"122.8350","0.1486","0.5763"
"122.8550","0.1486","0.5763"
"122.8750","0.1486","0.5762"
"122.8950","0.1486","0.5763"
"122.9150","0.1486","0.5763"
"122.9350","0.1486","0.5763"
"122.9550","0.1486","0.5763"
"122.9750","0.1486","0.5762"
"122.9950","0.1486","0.5763"
"123.0150","0.1486","0.5763"
"123.0350","0.1486","0.5763"
"123.0550","0.1486","0.5763"
"123.0750","0.1486","0.5762"
"123.0950","0.1486","0.5762"
"123.1150","0.1486","0.5761"
"123.1350","0.1486","0.5761"
"123.1550","0.1486","0.5761"
"123.1750","0.1486","0.5761"
"123.1950","0.1486","0.5761"
"123.2150","0.1486","0.5761"
"123.2350","0.1486","0.5761"
"123.2550","0.1486","0.5761"
"123.2750","0.1486","0.5761"
"123.2950","0.1486","0.5761"
"123.3150","0.1486","0.5761"
"123.3350","0.1486","0.5761"
"123.3550","0.1486","0.5761"
"123.3750","0.1486","0.5761"
"123.3950","0.1486","0.5762"
"123.4150","0.1486","0.5761"
"123.4350","0.1486","0.5760"
"123.4550","0.1486","0.5761"
"123.4750","0.1486","0.5760"
"123.4950","0.1486","0.5760"
"123.5150","0.1486","0.5760"
"123.5350","0.1486","0.5759"
"123.5550","0.1486","0.5760"
"123.5750","0.1486","0.5760"
"123.5950","0.1486","0.5760"
"123.6150","0.1486","0.5760"
"123.6350","0.1486","0.5760"
"123.6550","0.1486","0.5760"
"123.6750","0.1486","0.5760"
"123.6950","0.1486","0.5760"
"123.7150","0.1486","0.5759"
"123.7350","0.1486","0.5760"
"123.7550","0.1486","0.5760"
"123.7750","0.1486","0.5759"
"123.7950","0.1486","0.5758"
"123.8150","0.1486","0.5758"
"123.8350","0.1486","0.5758"
"123.8550","0.1486","0.5759"
"123.8750","0.1486","0.5761"
"123.8950","0.1486","0.5759"
"123.9150","0.1486","0.5759"
"123.9350","0.1486","0.5758"
"123.9550","0.1486","0.5758"
"123.9750","0.1486","0.5758"
"123.9950","0.1486","0.5758"
"124.0150","0.1486","0.5758"
"124.0350","0.1486","0.5758"
"124.0550","0.1486","0.5759"
"124.0750","0.1486","0.5759"
"124.0950","0.1486","0.5758"
"124.1150","0.1486","0.5758"
"124.1350","0.1486","0.5758"
"124.1550","0.1486","0.5759"
"124.1750","0.1486","0.5758"
"124.1950","0.1486","0.5756"
"124.2150","0.1486","0.5756"
"124.2350","0.1486","0.5756"
"124.2550","0.1486","0.5757"
"124.2750","0.1486","0.5757"
"124.2950","0.1486","0.5757"
"124.3150","0.1486","0.5757"
"124.3350","0.1486","0.5757"
"124.3550","0.1486","0.5756"
"124.3750","0.1486","0.5757"
"124.3950","0.1486","0.5758"
"124.4150","0.1486","0.5757"
"124.4350","0.1486","0.5756"
"124.4550","0.1486","0.5756"
"124.4750","0.1486","0.5756"
"124.4950","0.1486","0.5756"
"124.5150","0.1486","0.5757"
"124.5350","0.1486","0.5757"
"124.5550","0.1486","0.5756"
"124.5750","0.1486","0.5756"
"124.5950","0.1486","0.5756"
"124.6150","0.1486","0.5756"
"124.6350","0.1486","0.5755"
"124.6550","0.1486","0.5755"
"124.6750","0.1486","0.5756"
"124.6950","0.1486","0.5755"
"124.7150","0.1486","0.5755"
"124.7350","0.1486","0.5755"
"124.7550","0.1486","0.5755"
"124.7750","0.1486","0.5755"
"124.7950","0.1486","0.5755"
"124.8150","0.1486","0.5755"
"124.8350","0.1486","0.5755"
"124.8550","0.1486","0.5755"
"124.8750","0.1486","0.5754"
"124.8950","0.1486","0.5755"
"124.9150","0.1486","0.5755"
"124.9350","0.1486","0.5755"
"124.9550","0.1486","0.5754"
"124.9750","0.1486","0.5755"
"124.9950","0.1486","0.5755"
"125.0150","0.1486","0.5755"
"125.0350","0.1486","0.5754"
"125.0550","0.1486","0.5754"
"125.0750","0.1486","0.5754"
"125.0950","0.1486","0.5754"
"125.1150","0.1486","0.5754"
"125.1350","0.1486","0.5754"
"125.1550","0.1486","0.5754"
"125.1750","0.1486","0.5754"
"125.1950","0.1486","0.5754"
"125.2150","0.1486","0.5754"
"125.2350","0.1486","0.5753"
"125.2550","0.1486","0.5753"
"125.2750","0.1486","0.5753"
"125.2950","0.1486","0.5753"
"125.3150","0.1486","0.5753"
"125.3350","0.1486","0.5752"
"125.3550","0.1486","0.5753"
"125.3750","0.1486","0.5753"
"125.3950","0.1486","0.5753"
"125.4150","0.1486","0.5752"
"125.4350","0.1486","0.5752"
"125.4550","0.1486","0.5752"
"125.4750","0.1486","0.5753"
"125.4950","0.1486","0.5753"
"125.5150","0.1486","0.5752"
"125.5350","0.1486","0.5753"
"125.5550","0.1486","0.5752"
"125.5750","0.1486","0.5752"
"125.5950","0.1486","0.5753"
"125.6150","0.1486","0.5752"
"125.6350","0.1486","0.5752"
"125.6550","0.1486","0.5752"
"125.6750","0.1486","0.5752"
"125.6950","0.1486","0.5752"
"125.7150","0.1486","0.5751"
"125.7350","0.1486","0.5751"
"125.7550","0.1486","0.5751"
"125.7750","0.1486","0.5752"
"125.7950","0.1486","0.5752"
"125.8150","0.1486","0.5752"
"125.8350","0.1486","0.5751"
"125.8550","0.1486","0.5751"
"125.8750","0.1486","0.5750"
"125.8950","0.1486","0.5751"
"125.9150","0.1486","0.5751"
"125.9350","0.1486","0.5751"
"125.9550","0.1486","0.5751"
"125.9750","0.1486","0.5751"
"125.9950","0.1486","0.5751"
"126.0150","0.1486","0.5750"
"126.0350","0.1486","0.5751"
"126.0550","0.1486","0.5750"
"126.0750","0.1486","0.5751"
"126.0950","0.1486","0.5751"
"126.1150","0.1486","0.5750"
"126.1350","0.1486","0.5749"
"126.1550","0.1486","0.5750"
"126.1750","0.1486","0.5751"
"126.1950","0.1486","0.5750"
"126.2150","0.1486","0.5750"
"126.2350","0.1486","0.5750"
"126.2550","0.1486","0.5750"
"126.2750","0.1486","0.5750"
"126.2950","0.1486","0.5749"
"126.3150","0.1486","0.5749"
"126.3350","0.1486","0.5749"
"126.3550","0.1486","0.5749"
"126.3750","0.1486","0.5749"
"126.3950","0.1486","0.5749"
"126.4150","0.1486","0.5750"
"126.4350","0.1486","0.5750"
"126.4550","0.1486","0.5750"
"126.4750","0.1486","0.5749"
"126.4950","0.1486","0.5749"
"126.5150","0.1486","0.5749"
"126.5350","0.1486","0.5749"
"126.5550","0.1486","0.5748"
"126.5750","0.1486","0.5748"
"126.5950","0.1486","0.5748"
"126.6150","0.1486","0.5748"
"126.6350","0.1486","0.5748"
"126.6550","0.1486","0.5748"
"126.6750","0.1486","0.5748"
"126.6950","0.1486","0.5749"
"126.7150","0.1486","0.5748"
"126.7350","0.1486","0.5748"
"126.7550","0.1486","0.5748"
"126.7750","0.1486","0.5748"
"126.7950","0.1486","0.5748"
"126.8150","0.1486","0.5748"
"126.8350","0.1486","0.5747"
"126.8550","0.1486","0.5746"
"126.8750","0.1486","0.5746"
"126.8950","0.1486","0.5747"
"126.9150","0.1486","0.5747"
"126.9350","0.1486","0.5747"
"126.9550","0.1486","0.5747"
"126.9750","0.1486","0.5747"
"126.9950","0.1486","0.5747"
"127.0150","0.1486","0.5746"
"127.0350","0.1486","0.5746"
"127.0550","0.1486","0.5747"
"127.0750","0.1486","0.5746"
"127.0950","0.1486","0.5747"
"127.1150","0.1486","0.5747"
"127.1350","0.1486","0.5747"
"127.1550","0.1486","0.5747"
"127.1750","0.1486","0.5747"
"127.1950","0.1486","0.5747"
"127.2150","0.1486","0.5746"
"127.2350","0.1486","0.5745"
"127.2550","0.1486","0.5746"
"127.2750","0.1486","0.5746"
"127.2950","0.1486","0.5746"
"127.3150","0.1486","0.5746"
"127.3350","0.1486","0.5745"
"127.3550","0.1486","0.5745"
"127.3750","0.1486","0.5745"
"127.3950","0.1486","0.5746"
"127.4150","0.1486","0.5745"
"127.4350","0.1486","0.5745"
"127.4550","0.1486","0.5746"
"127.4750","0.1486","0.5746"
"127.4950","0.1486","0.5746"
"127.5150","0.1486","0.5745"
"127.5350","0.1486","0.5745"
"127.5550","0.1486","0.5745"
"127.5750","0.1486","0.5745"
"127.5950","0.1486","0.5745"
"127.6150","0.1486","0.5745"
"127.6350","0.1486","0.5745"
"127.6550","0.1486","0.5744"
"127.6750","0.1486","0.5745"
"127.6950","0.1486","0.5745"
"127.7150","0.1486","0.5745"
"127.7350","0.1486","0.5744"
"127.7550","0.1486","0.5744"
"127.7750","0.1486","0.5744"
"127.7950","0.1486","0.5744"
"127.8150","0.1486","0.5744"
"127.8350","0.1486","0.5744"
"127.8550","0.1486","0.5744"
"127.8750","0.1486","0.5743"
"127.8950","0.1486","0.5744"
"127.9150","0.1486","0.5744"
"127.9350","0.1486","0.5744"
"127.9550","0.1486","0.5744"
"127.9750","0.1486","0.5743"
"127.9950","0.1486","0.5743"
"128.0150","0.1486","0.5742"
"128.0350","0.1486","0.5743"
"128.0550","0.1486","0.5744"
"128.0750","0.1486","0.5744"
"128.0950","0.1486","0.5744"
"128.1150","0.1486","0.5743"
"128.1350","0.1486","0.5743"
"128.1550","0.1486","0.5743"
"128.1750","0.1486","0.5742"
"128.1950","0.1486","0.5743"
"128.2150","0.1486","0.5743"
"128.2350","0.1486","0.5743"
"128.2550","0.1486","0.5743"
"128.2750","0.1486","0.5742"
"128.2950","0.1486","0.5741"
"128.3150","0.1486","0.5741"
"128.3350","0.1486","0.5742"
"128.3550","0.1486","0.5742"
"128.3750","0.1486","0.5741"
"128.3950","0.1486","0.5741"
"128.4150","0.1486","0.5741"
"128.4350","0.1486","0.5742"
"128.4550","0.1486","0.5742"
"128.4750","0.1486","0.5742"
"128.4950","0.1486","0.5741"
"128.5150","0.1486","0.5742"
"128.5350","0.1486","0.5741"
"128.5550","0.1486","0.5741"
"128.5750","0.1486","0.5742"
"128.5950","0.1486","0.5742"
"128.6150","0.1486","0.5742"
"128.6350","0.1486","0.5741"
"128.6550","0.1486","0.5740"
"128.6750","0.1486","0.5741"
"128.6950","0.1486","0.5740"
"128.7150","0.1486","0.5740"
"128.7350","0.1486","0.5741"
"128.7550","0.1486","0.5742"
"128.7750","0.1486","0.5742"
"128.7950","0.1486","0.5741"
"128.8150","0.1486","0.5740"
"128.8350","0.1486","0.5740"
"128.8550","0.1486","0.5739"
"128.8750","0.1486","0.5739"
"128.8950","0.1486","0.5740"
"128.9150","0.1486","0.5740"
"128.9350","0.1486","0.5740"
"128.9550","0.1486","0.5740"
"128.9750","0.1486","0.5741"
"128.9950","0.1486","0.5740"
"129.0150","0.1486","0.5739"
"129.0350","0.1486","0.5739"
"129.0550","0.1486","0.5739"
"129.0750","0.1486","0.5740"
"129.0950","0.1486","0.5740"
"129.1150","0.1486","0.5739"
"129.1350","0.1486","0.5739"
"129.1550","0.1486","0.5739"
"129.1750","0.1486","0.5739"
"129.1950","0.1486","0.5738"
"129.2150","0.1486","0.5738"
"129.2350","0.1486","0.5738"
"129.2550","0.1486","0.5739"
"129.2750","0.1486","0.5738"
"129.2950","0.1486","0.5739"
"129.3150","0.1486","0.5739"
"129.3350","0.1486","0.5739"
"129.3550","0.1486","0.5738"
"129.3750","0.1486","0.5738"
"129.3950","0.1486","0.5739"
"129.4150","0.1486","0.5739"
"129.4350","0.1486","0.5738"
"129.4550","0.1486","0.5738"
"129.4750","0.1486","0.5737"
"129.4950","0.1486","0.5738"
"129.5150","0.1486","0.5738"
"129.5350","0.1486","0.5738"
"129.5550","0.1486","0.5738"
"129.5750","0.1486","0.5738"
"129.5950","0.1486","0.5738"
"129.6150","0.1486","0.5738"
"129.6350","0.1486","0.5737"
"129.6550","0.1486","0.5737"
"129.6750","0.1486","0.5737"
"129.6950","0.1486","0.5737"
"129.7150","0.1486","0.5737"
"129.7350","0.1486","0.5738"
"129.7550","0.1486","0.5738"
"129.7750","0.1486","0.5737"
"129.7950","0.1486","0.5737"
"129.8150","0.1486","0.5737"
"129.8350","0.1486","0.5737"
"129.8550","0.1486","0.5737"
"129.8750","0.1486","0.5737"
"129.8950","0.1486","0.5737"
"129.9150","0.1486","0.5736"
"129.9350","0.1486","0.5736"
"129.9550","0.1486","0.5736"
"129.9750","0.1486","0.5736"
"129.9950","0.1486","0.5737"
"130.0150","0.1486","0.5737"
"130.0350","0.1486","0.5736"
"130.0550","0.1486","0.5736"
"130.0750","0.1486","0.5736"
"130.0950","0.1486","0.5736"
"130.1150","0.1486","0.5736"
"130.1350","0.1486","0.5735"
"130.1550","0.1486","0.5736"
"130.1750","0.1486","0.5736"
"130.1950","0.1486","0.5735"
"130.2150","0.1486","0.5735"
"130.2350","0.1486","0.5736"
"130.2550","0.1486","0.5736"
"130.2750","0.1486","0.5735"
"130.2950","0.1486","0.5736"
"130.3150","0.1486","0.5735"
"130.3350","0.1486","0.5735"
"130.3550","0.1486","0.5736"
"130.3750","0.1486","0.5736"
"130.3950","0.1486","0.5735"
"130.4150","0.1486","0.5734"
"130.4350","0.1486","0.5733"
"130.4550","0.1486","0.5734"
"130.4750","0.1486","0.5735"
"130.4950","0.1486","0.5734"
"130.5150","0.1486","0.5734"
"130.5350","0.1486","0.5734"
"130.5550","0.1486","0.5734"
"130.5750","0.1486","0.5733"
"130.5950","0.1486","0.5734"
"130.6150","0.1486","0.5734"
"130.6350","0.1486","0.5735"
"130.6550","0.1486","0.5735"
"130.6750","0.1486","0.5734"
"130.6950","0.1486","0.5734"
"130.7150","0.1486","0.5734"
"130.7350","0.1486","0.5733"
"130.7550","0.1486","0.5733"
"130.7750","0.1486","0.5733"
"130.7950","0.1486","0.5733"
"130.8150","0.1486","0.5733"
"130.8350","0.1486","0.5733"
"130.8550","0.1486","0.5733"
"130.8750","0.1486","0.5733"
"130.8950","0.1486","0.5733"
"130.9150","0.1486","0.5733"
"130.9350","0.1486","0.5733"
"130.9550","0.1486","0.5733"
"130.9750","0.1486","0.5733"
"130.9950","0.1486","0.5733"
"131.0150","0.1486","0.5732"
"131.0350","0.1486","0.5732"
"131.0550","0.1486","0.5732"
"131.0750","0.1486","0.5732"
"131.0950","0.1486","0.5732"
"131.1150","0.1486","0.5732"
"131.1350","0.1486","0.5732"
"131.1550","0.1486","0.5732"
"131.1750","0.1486","0.5731"
"131.1950","0.1486","0.5731"
"131.2150","0.1486","0.5731"
"131.2350","0.1486","0.5732"
"131.2550","0.1486","0.5732"
"131.2750","0.1486","0.5732"
"131.2950","0.1486","0.5732"
"131.3150","0.1486","0.5731"
"131.3350","0.1486","0.5731"
"131.3550","0.1486","0.5731"
"131.3750","0.1486","0.5732"
"131.3950","0.1486","0.5731"
"131.4150","0.1486","0.5732"
"131.4350","0.1486","0.5731"
"131.4550","0.1486","0.5731"
"131.4750","0.1486","0.5732"
"131.4950","0.1486","0.5731"
"131.5150","0.1486","0.5731"
"131.5350","0.1486","0.5730"
"131.5550","0.1486","0.5731"
"131.5750","0.1486","0.5730"
"131.5950","0.1486","0.5730"
"131.6150","0.1486","0.5730"
"131.6350","0.1486","0.5731"
"131.6550","0.1486","0.5731"
"131.6750","0.1486","0.5730"
"131.6950","0.1486","0.5730"
"131.7150","0.1486","0.5730"
"131.7350","0.1486","0.5729"
"131.7550","0.1486","0.5729"
"131.7750","0.1486","0.5730"
"131.7950","0.1486","0.5730"
"131.8150","0.1486","0.5730"
"131.8350","0.1486","0.5729"
"131.8550","0.1486","0.5729"
"131.8750","0.1486","0.5729"
"131.8950","0.1486","0.5730"
"131.9150","0.1486","0.5730"
"131.9350","0.1486","0.5730"
"131.9550","0.1486","0.5729"
"131.9750","0.1486","0.5730"
"131.9950","0.1486","0.5729"
"132.0150","0.1486","0.5729"
"132.0350","0.1486","0.5728"
"132.0550","0.1486","0.5729"
"132.0750","0.1486","0.5729"
"132.0950","0.1486","0.5729"
"132.1150","0.1486","0.5727"
"132.1350","0.1486","0.5727"
"132.1550","0.1486","0.5728"
"132.1750","0.1486","0.5728"
"132.1950","0.1486","0.5728"
"132.2150","0.1486","0.5729"
"132.2350","0.1486","0.5729"
"132.2550","0.1486","0.5728"
"132.2750","0.1486","0.5728"
"132.2950","0.1486","0.5729"
"132.3150","0.1486","0.5728"
"132.3350","0.1486","0.5728"
"132.3550","0.1486","0.5728"
"132.3750","0.1486","0.5727"
"132.3950","0.1486","0.5728"
"132.4150","0.1486","0.5728"
"132.4350","0.1486","0.5727"
"132.4550","0.1486","0.5727"
"132.4750","0.1486","0.5727"
"132.4950","0.1486","0.5726"
"132.5150","0.1486","0.5727"
"132.5350","0.1486","0.5727"
"132.5550","0.1486","0.5727"
"132.5750","0.1486","0.5726"
"132.5950","0.1486","0.5726"
"132.6150","0.1486","0.5726"
"132.6350","0.1486","0.5727"
"132.6550","0.1486","0.5727"
"132.6750","0.1486","0.5727"
"132.6950","0.1486","0.5727"
"132.7150","0.1486","0.5727"
"132.7350","0.1486","0.5726"
"132.7550","0.1486","0.5726"
"132.7750","0.1486","0.5726"
"132.7950","0.1486","0.5725"
"132.8150","0.1486","0.5726"
"132.8350","0.1486","0.5726"
"132.8550","0.1486","0.5726"
"132.8750","0.1486","0.5725"
"132.8950","0.1486","0.5726"
"132.9150","0.1486","0.5726"
"132.9350","0.1486","0.5726"
"132.9550","0.1486","0.5726"
"132.9750","0.1486","0.5725"
"132.9950","0.1486","0.5725"
"133.0150","0.1486","0.5725"
"133.0350","0.1486","0.5725"
"133.0550","0.1486","0.5725"
"133.0750","0.1486","0.5725"
"133.0950","0.1486","0.5726"
"133.1150","0.1486","0.5726"
"133.1350","0.1486","0.5726"
"133.1550","0.1486","0.5726"
"133.1750","0.1486","0.5726"
"133.1950","0.1486","0.5725"
"133.2150","0.1486","0.5725"
"133.2350","0.1486","0.5725"
"133.2550","0.1486","0.5725"
"133.2750","0.1486","0.5725"
"133.2950","0.1486","0.5725"
"133.3150","0.1486","0.5725"
"133.3350","0.1486","0.5725"
"133.3550","0.1486","0.5725"
"133.3750","0.1486","0.5724"
"133.3950","0.1486","0.5723"
"133.4150","0.1486","0.5723"
"133.4350","0.1486","0.5724"
"133.4550","0.1486","0.5724"
"133.4750","0.1486","0.5725"
"133.4950","0.1486","0.5724"
"133.5150","0.1486","0.5724"
"133.5350","0.1486","0.5723"
"133.5550","0.1486","0.5723"
"133.5750","0.1486","0.5724"
"133.5950","0.1486","0.5723"
"133.6150","0.1486","0.5723"
"133.6350","0.1486","0.5724"
"133.6550","0.1486","0.5724"
"133.6750","0.1486","0.5724"
"133.6950","0.1486","0.5723"
"133.7150","0.1486","0.5722"
"133.7350","0.1486","0.5723"
"133.7550","0.1486","0.5724"
"133.7750","0.1486","0.5723"
"133.7950","0.1486","0.5723"
"133.8150","0.1486","0.5722"
"133.8350","0.1486","0.5722"
"133.8550","0.1486","0.5722"
"133.8750","0.1486","0.5723"
"133.8950","0.1486","0.5723"
"133.9150","0.1486","0.5723"
"133.9350","0.1486","0.5722"
"133.9550","0.1486","0.5722"
"133.9750","0.1486","0.5722"
"133.9950","0.1486","0.5723"
"134.0150","0.1486","0.5723"
"134.0350","0.1486","0.5723"
"134.0550","0.1486","0.5722"
"134.0750","0.1486","0.5722"
"134.0950","0.1486","0.5722"
"134.1150","0.1486","0.5723"
"134.1350","0.1486","0.5722"
"134.1550","0.1486","0.5722"
"134.1750","0.1486","0.5722"
"134.1950","0.1486","0.5722"
"134.2150","0.1486","0.5721"
"134.2350","0.1486","0.5721"
"134.2550","0.1486","0.5721"
"134.2750","0.1486","0.5721"
"134.2950","0.1486","0.5721"
"134.3150","0.1486","0.5721"
"134.3350","0.1486","0.5721"
"134.3550","0.1486","0.5721"
"134.3750","0.1486","0.5720"
"134.3950","0.1486","0.5720"
"134.4150","0.1486","0.5720"
"134.4350","0.1486","0.5720"
"134.4550","0.1486","0.5719"
"134.4750","0.1486","0.5719"
"134.4950","0.1486","0.5720"
"134.5150","0.1486","0.5720"
"134.5350","0.1486","0.5721"
"134.5550","0.1486","0.5721"
"134.5750","0.1486","0.5720"
"134.5950","0.1486","0.5720"
"134.6150","0.1486","0.5720"
"134.6350","0.1486","0.5720"
"134.6550","0.1486","0.5720"
"134.6750","0.1486","0.5720"
"134.6950","0.1486","0.5720"
"134.7150","0.1486","0.5720"
"134.7350","0.1486","0.5719"
"134.7550","0.1486","0.5718"
"134.7750","0.1486","0.5719"
"134.7950","0.1486","0.5720"
"134.8150","0.1486","0.5719"
"134.8350","0.1486","0.5719"
"134.8550","0.1486","0.5718"
"134.8750","0.1486","0.5719"
"134.8950","0.1486","0.5718"
"134.9150","0.1486","0.5719"
"134.9350","0.1486","0.5719"
"134.9550","0.1486","0.5718"
"134.9750","0.1486","0.5718"
"134.9950","0.1486","0.5718"
"135.0150","0.1486","0.5720"
"135.0350","0.1486","0.5719"
"135.0550","0.1486","0.5718"
"135.0750","0.1486","0.5718"
"135.0950","0.1486","0.5718"
"135.1150","0.1486","0.5718"
"135.1350","0.1486","0.5718"
"135.1550","0.1486","0.5718"
"135.1750","0.1486","0.5718"
"135.1950","0.1486","0.5717"
"135.2150","0.1486","0.5718"
"135.2350","0.1486","0.5718"
"135.2550","0.1486","0.5718"
"135.2750","0.1486","0.5719"
"135.2950","0.1486","0.5718"
"135.3150","0.1486","0.5717"
"135.3350","0.1486","0.5717"
"135.3550","0.1486","0.5717"
"135.3750","0.1486","0.5717"
"135.3950","0.1486","0.5717"
"135.4150","0.1486","0.5717"
"135.4350","0.1486","0.5717"
"135.4550","0.1486","0.5717"
"135.4750","0.1486","0.5718"
"135.4950","0.1486","0.5717"
"135.5150","0.1486","0.5717"
"135.5350","0.1486","0.5717"
"135.5550","0.1486","0.5716"
"135.5750","0.1486","0.5716"
"135.5950","0.1486","0.5716"
"135.6150","0.1486","0.5717"
"135.6350","0.1486","0.5717"
"135.6550","0.1486","0.5716"
"135.6750","0.1486","0.5716"
"135.6950","0.1486","0.5717"
"135.7150","0.1486","0.5717"
"135.7350","0.1486","0.5717"
"135.7550","0.1486","0.5716"
"135.7750","0.1486","0.5716"
"135.7950","0.1486","0.5717"
"135.8150","0.1486","0.5717"
"135.8350","0.1486","0.5717"
"135.8550","0.1486","0.5715"
"135.8750","0.1486","0.5715"
"135.8950","0.1486","0.5715"
"135.9150","0.1486","0.5715"
"135.9350","0.1486","0.5716"
"135.9550","0.1486","0.5717"
"135.9750","0.1486","0.5716"
"135.9950","0.1486","0.5716"
"136.0150","0.1486","0.5715"
"136.0350","0.1486","0.5715"
"136.0550","0.1486","0.5715"
"136.0750","0.1486","0.5715"
"136.0950","0.1486","0.5715"
"136.1150","0.1486","0.5715"
"136.1350","0.1486","0.5715"
"136.1550","0.1486","0.5716"
"136.1750","0.1486","0.5715"
"136.1950","0.1486","0.5715"
"136.2150","0.1486","0.5714"
"136.2350","0.1486","0.5715"
"136.2550","0.1486","0.5715"
"136.2750","0.1486","0.5714"
"136.2950","0.1486","0.5714"
"136.3150","0.1486","0.5714"
"136.3350","0.1486","0.5714"
"136.3550","0.1486","0.5714"
"136.3750","0.1486","0.5714"
"136.3950","0.1486","0.5714"
"136.4150","0.1486","0.5714"
"136.4350","0.1486","0.5714"
"136.4550","0.1486","0.5714"
"136.4750","0.1486","0.5712"
"136.4950","0.1486","0.5713"
"136.5150","0.1486","0.5714"
"136.5350","0.1486","0.5714"
"136.5550","0.1486","0.5714"
"136.5750","0.1486","0.5714"
"136.5950","0.1486","0.5713"
"136.6150","0.1486","0.5713"
"136.6350","0.1486","0.5714"
"136.6550","0.1486","0.5714"
"136.6750","0.1486","0.5713"
"136.6950","0.1486","0.5713"
"136.7150","0.1486","0.5713"
"136.7350","0.1486","0.5713"
"136.7550","0.1486","0.5712"
"136.7750","0.1486","0.5712"
"136.7950","0.1486","0.5712"
"136.8150","0.1486","0.5712"
"136.8350","0.1486","0.5712"
"136.8550","0.1486","0.5711"
"136.8750","0.1486","0.5711"
"136.8950","0.1486","0.5712"
"136.9150","0.1486","0.5712"
"136.9350","0.1486","0.5712"
"136.9550","0.1486","0.5712"
"136.9750","0.1486","0.5712"
"136.9950","0.1486","0.5712"
"137.0150","0.1486","0.5711"
"137.0350","0.1486","0.5711"
"137.0550","0.1486","0.5711"
"137.0750","0.1486","0.5711"
"137.0950","0.1486","0.5712"
"137.1150","0.1486","0.5712"
"137.1350","0.1486","0.5712"
"137.1550","0.1486","0.5712"
"137.1750","0.1486","0.5711"
"137.1950","0.1486","0.5711"
"137.2150","0.1486","0.5711"
"137.2350","0.1486","0.5710"
"137.2550","0.1486","0.5711"
"137.2750","0.1486","0.5711"
"137.2950","0.1486","0.5711"
"137.3150","0.1486","0.5711"
"137.3350","0.1486","0.5711"
"137.3550","0.1486","0.5711"
"137.3750","0.1486","0.5711"
"137.3950","0.1486","0.5711"
"137.4150","0.1486","0.5710"
"137.4350","0.1486","0.5711"
"137.4550","0.1486","0.5711"
"137.4750","0.1486","0.5711"
"137.4950","0.1486","0.5710"
"137.5150","0.1486","0.5709"
"137.5350","0.1486","0.5709"
"137.5550","0.1486","0.5710"
"137.5750","0.1486","0.5710"
"137.5950","0.1486","0.5710"
"137.6150","0.1486","0.5709"
"137.6350","0.1486","0.5710"
"137.6550","0.1486","0.5711"
"137.6750","0.1486","0.5711"
"137.6950","0.1486","0.5710"
"137.7150","0.1486","0.5709"
"137.7350","0.1486","0.5709"
"137.7550","0.1486","0.5709"
"137.7750","0.1486","0.5709"
"137.7950","0.1486","0.5709"
"137.8150","0.1486","0.5709"
"137.8350","0.1486","0.5709"
"137.8550","0.1486","0.5709"
"137.8750","0.1486","0.5708"
"137.8950","0.1486","0.5709"
"137.9150","0.1486","0.5709"
"137.9350","0.1486","0.5709"
"137.9550","0.1486","0.5709"
"137.9750","0.1486","0.5708"
"137.9950","0.1486","0.5709"
"138.0150","0.1486","0.5709"
"138.0350","0.1486","0.5708"
"138.0550","0.1486","0.5708"
"138.0750","0.1486","0.5708"
"138.0950","0.1486","0.5708"
"138.1150","0.1486","0.5708"
"138.1350","0.1486","0.5708"
"138.1550","0.1486","0.5708"
"138.1750","0.1486","0.5707"
"138.1950","0.1486","0.5707"
"138.2150","0.1486","0.5707"
"138.2350","0.1486","0.5708"
"138.2550","0.1486","0.5708"
"138.2750","0.1486","0.5707"
"138.2950","0.1486","0.5707"
"138.3150","0.1486","0.5707"
"138.3350","0.1486","0.5708"
"138.3550","0.1486","0.5708"
"138.3750","0.1486","0.5708"
"138.3950","0.1486","0.5708"
"138.4150","0.1486","0.5708"
"138.4350","0.1486","0.5707"
"138.4550","0.1486","0.5707"
"138.4750","0.1486","0.5706"
"138.4950","0.1486","0.5706"
"138.5150","0.1486","0.5707"
"138.5350","0.1486","0.5707"
"138.5550","0.1486","0.5707"
"138.5750","0.1486","0.5706"
"138.5950","0.1486","0.5706"
"138.6150","0.1486","0.5707"
"138.6350","0.1486","0.5706"
"138.6550","0.1486","0.5706"
"138.6750","0.1486","0.5706"
"138.6950","0.1486","0.5706"
"138.7150","0.1486","0.5706"
"138.7350","0.1486","0.5706"
"138.7550","0.1486","0.5706"
"138.7750","0.1486","0.5706"
"138.7950","0.1486","0.5706"
"138.8150","0.1486","0.5706"
"138.8350","0.1486","0.5706"
"138.8550","0.1486","0.5706"
"138.8750","0.1486","0.5706"
"138.8950","0.1486","0.5707"
"138.9150","0.1486","0.5706"
"138.9350","0.1486","0.5706"
"138.9550","0.1486","0.5706"
"138.9750","0.1486","0.5706"
"138.9950","0.1486","0.5706"
"139.0150","0.1486","0.5706"
"139.0350","0.1486","0.5706"
"139.0550","0.1486","0.5704"
"139.0750","0.1486","0.5705"
"139.0950","0.1486","0.5705"
"139.1150","0.1486","0.5705"
"139.1350","0.1486","0.5705"
"139.1550","0.1486","0.5704"
"139.1750","0.1486","0.5703"
"139.1950","0.1486","0.5704"
"139.2150","0.1486","0.5705"
"139.2350","0.1486","0.5704"
"139.2550","0.1486","0.5705"
"139.2750","0.1486","0.5705"
"139.2950","0.1486","0.5704"
"139.3150","0.1486","0.5703"
"139.3350","0.1486","0.5703"
"139.3550","0.1486","0.5703"
"139.3750","0.1486","0.5704"
"139.3950","0.1486","0.5705"
"139.4150","0.1486","0.5705"
"139.4350","0.1486","0.5704"
"139.4550","0.1486","0.5704"
"139.4750","0.1486","0.5705"
"139.4950","0.1486","0.5705"
"139.5150","0.1486","0.5704"
"139.5350","0.1486","0.5703"
"139.5550","0.1486","0.5703"
"139.5750","0.1486","0.5704"
"139.5950","0.1486","0.5703"
"139.6150","0.1486","0.5703"
"139.6350","0.1486","0.5703"
"139.6550","0.1486","0.5703"
"139.6750","0.1486","0.5703"
"139.6950","0.1486","0.5703"
"139.7150","0.1486","0.5704"
"139.7350","0.1486","0.5704"
"139.7550","0.1486","0.5703"
"139.7750","0.1486","0.5702"
"139.7950","0.1486","0.5701"
"139.8150","0.1486","0.5702"
"139.8350","0.1486","0.5702"
"139.8550","0.1486","0.5702"
"139.8750","0.1486","0.5703"
"139.8950","0.1486","0.5702"
"139.9150","0.1486","0.5702"
"139.9350","0.1486","0.5703"
"139.9550","0.1486","0.5703"
"139.9750","0.1486","0.5703"
"139.9950","0.1486","0.5703"
"140.0150","0.1486","0.5702"
"140.0350","0.1486","0.5702"
"140.0550","0.1486","0.5702"
"140.0750","0.1486","0.5702"
"140.0950","0.1486","0.5701"
"140.1150","0.1486","0.5701"
"140.1350","0.1486","0.5702"
"140.1550","0.1486","0.5701"
"140.1750","0.1486","0.5700"
"140.1950","0.1486","0.5701"
"140.2150","0.1486","0.5701"
"140.2350","0.1486","0.5701"
"140.2550","0.1486","0.5701"
"140.2750","0.1486","0.5701"
"140.2950","0.1486","0.5701"
"140.3150","0.1486","0.5700"
"140.3350","0.1486","0.5700"
"140.3550","0.1486","0.5701"
"140.3750","0.1486","0.5700"
"140.3950","0.1486","0.5700"
"140.4150","0.1486","0.5701"
"140.4350","0.1486","0.5701"
"140.4550","0.1486","0.5700"
"140.4750","0.1486","0.5700"
"140.4950","0.1486","0.5700"
"140.5150","0.1486","0.5700"
"140.5350","0.1486","0.5700"
"140.5550","0.1486","0.5700"
"140.5750","0.1486","0.5700"
"140.5950","0.1486","0.5700"
"140.6150","0.1486","0.5700"
"140.6350","0.1486","0.5700"
"140.6550","0.1486","0.5699"
"140.6750","0.1486","0.5699"
"140.6950","0.1486","0.5699"
"140.7150","0.1486","0.5699"
"140.7350","0.1486","0.5699"
"140.7550","0.1486","0.5699"
"140.7750","0.1486","0.5699"
"140.7950","0.1486","0.5700"
"140.8150","0.1486","0.5699"
"140.8350","0.1486","0.5699"
"140.8550","0.1486","0.5698"
"140.8750","0.1486","0.5699"
"140.8950","0.1486","0.5700"
"140.9150","0.1486","0.5700"
"140.9350","0.1486","0.5699"
"140.9550","0.1486","0.5699"
"140.9750","0.1486","0.5699"
"140.9950","0.1486","0.5699"
"141.0150","0.1486","0.5698"
"141.0350","0.1486","0.5699"
"141.0550","0.1486","0.5698"
"141.0750","0.1486","0.5699"
"141.0950","0.1486","0.5699"
"141.1150","0.1486","0.5699"
"141.1350","0.1486","0.5698"
"141.1550","0.1486","0.5697"
"141.1750","0.1486","0.5698"
"141.1950","0.1486","0.5698"
"141.2150","0.1486","0.5698"
"141.2350","0.1486","0.5699"
"141.2550","0.1486","0.5698"
"141.2750","0.1486","0.5697"
"141.2950","0.1486","0.5697"
"141.3150","0.1486","0.5697"
"141.3350","0.1486","0.5697"
"141.3550","0.1486","0.5697"
"141.3750","0.1486","0.5696"
"141.3950","0.1486","0.5696"
"141.4150","0.1486","0.5696"
"141.4350","0.1486","0.5697"
"141.4550","0.1486","0.5697"
"141.4750","0.1486","0.5697"
"141.4950","0.1486","0.5698"
"141.5150","0.1486","0.5697"
"141.5350","0.1486","0.5697"
"141.5550","0.1486","0.5697"
"141.5750","0.1486","0.5697"
"141.5950","0.1486","0.5696"
"141.6150","0.1486","0.5697"
"141.6350","0.1486","0.5697"
"141.6550","0.1486","0.5696"
"141.6750","0.1486","0.5696"
"141.6950","0.1486","0.5696"
"141.7150","0.1486","0.5696"
"141.7350","0.1486","0.5696"
"141.7550","0.1486","0.5696"
"141.7750","0.1486","0.5696"
"141.7950","0.1486","0.5696"
"141.8150","0.1486","0.5696"
"141.8350","0.1486","0.5697"
"141.8550","0.1486","0.5697"
"141.8750","0.1486","0.5696"
"141.8950","0.1486","0.5695"
"141.9150","0.1486","0.5696"
"141.9350","0.1486","0.5696"
"141.9550","0.1486","0.5696"
"141.9750","0.1486","0.5695"
"141.9950","0.1486","0.5695"
"142.0150","0.1486","0.5695"
"142.0350","0.1486","0.5695"
"142.0550","0.1486","0.5695"
"142.0750","0.1486","0.5696"
"142.0950","0.1486","0.5696"
"142.1150","0.1486","0.5695"
"142.1350","0.1486","0.5694"
"142.1550","0.1486","0.5695"
"142.1750","0.1486","0.5695"
"142.1950","0.1486","0.5695"
"142.2150","0.1486","0.5695"
"142.2350","0.1486","0.5694"
"142.2550","0.1486","0.5693"
"142.2750","0.1486","0.5693"
"142.2950","0.1486","0.5694"
"142.3150","0.1486","0.5694"
"142.3350","0.1486","0.5694"
"142.3550","0.1486","0.5695"
"142.3750","0.1486","0.5694"
"142.3950","0.1486","0.5694"
"142.4150","0.1486","0.5694"
"142.4350","0.1486","0.5694"
"142.4550","0.1486","0.5695"
"142.4750","0.1486","0.5695"
"142.4950","0.1486","0.5694"
"142.5150","0.1486","0.5694"
"142.5350","0.1486","0.5693"
"142.5550","0.1486","0.5693"
"142.5750","0.1486","0.5694"
"142.5950","0.1486","0.5693"
"142.6150","0.1486","0.5693"
"142.6350","0.1486","0.5694"
"142.6550","0.1486","0.5693"
"142.6750","0.1486","0.5693"
"142.6950","0.1486","0.5693"
"142.7150","0.1486","0.5693"
"142.7350","0.1486","0.5692"
"142.7550","0.1486","0.5693"
"142.7750","0.1486","0.5693"
"142.7950","0.1486","0.5693"
"142.8150","0.1486","0.5693"
"142.8350","0.1486","0.5693"
"142.8550","0.1486","0.5693"
"142.8750","0.1486","0.5692"
"142.8950","0.1486","0.5692"
"142.9150","0.1486","0.5692"
"142.9350","0.1486","0.5692"
"142.9550","0.1486","0.5692"
"142.9750","0.1486","0.5692"
"142.9950","0.1486","0.5692"
"143.0150","0.1486","0.5691"
"143.0350","0.1486","0.5692"
"143.0550","0.1486","0.5692"
"143.0750","0.1486","0.5692"
"143.0950","0.1486","0.5692"
"143.1150","0.1486","0.5692"
"143.1350","0.1486","0.5691"
"143.1550","0.1486","0.5691"
"143.1750","0.1486","0.5692"
"143.1950","0.1486","0.5692"
"143.2150","0.1486","0.5691"
"143.2350","0.1486","0.5691"
"143.2550","0.1486","0.5691"
"143.2750","0.1486","0.5690"
"143.2950","0.1486","0.5690"
"143.3150","0.1486","0.5691"
"143.3350","0.1486","0.5690"
"143.3550","0.1486","0.5690"
"143.3750","0.1486","0.5691"
"143.3950","0.1486","0.5691"
"143.4150","0.1486","0.5690"
"143.4350","0.1486","0.5690"
"143.4550","0.1486","0.5691"
"143.4750","0.1486","0.5691"
"143.4950","0.1486","0.5690"
"143.5150","0.1486","0.5690"
"143.5350","0.1486","0.5690"
"143.5550","0.1486","0.5690"
"143.5750","0.1486","0.5690"
"143.5950","0.1486","0.5689"
"143.6150","0.1486","0.5689"
"143.6350","0.1486","0.5689"
"143.6550","0.1486","0.5689"
"143.6750","0.1486","0.5690"
"143.6950","0.1486","0.5691"
"143.7150","0.1486","0.5691"
"143.7350","0.1486","0.5691"
"143.7550","0.1486","0.5691"
"143.7750","0.1486","0.5690"
"143.7950","0.1486","0.5689"
"143.8150","0.1486","0.5689"
"143.8350","0.1486","0.5689"
"143.8550","0.1486","0.5689"
"143.8750","0.1486","0.5689"
"143.8950","0.1486","0.5689"
"143.9150","0.1486","0.5689"
"143.9350","0.1486","0.5689"
"143.9550","0.1486","0.5689"
"143.9750","0.1486","0.5688"
"143.9950","0.1486","0.5688"
"144.0150","0.1486","0.5688"
"144.0350","0.1486","0.5689"
"144.0550","0.1486","0.5689"
"144.0750","0.1486","0.5689"
"144.0950","0.1486","0.5689"
"144.1150","0.1486","0.5689"
"144.1350","0.1486","0.5688"
"144.1550","0.1486","0.5687"
"144.1750","0.1486","0.5688"
"144.1950","0.1486","0.5688"
"144.2150","0.1486","0.5688"
"144.2350","0.1486","0.5687"
"144.2550","0.1486","0.5687"
"144.2750","0.1486","0.5688"
"144.2950","0.1486","0.5688"
"144.3150","0.1486","0.5688"
"144.3350","0.1486","0.5688"
"144.3550","0.1486","0.5688"
"144.3750","0.1486","0.5688"
"144.3950","0.1486","0.5687"
"144.4150","0.1486","0.5687"
"144.4350","0.1486","0.5688"
"144.4550","0.1486","0.5688"
"144.4750","0.1486","0.5688"
"144.4950","0.1486","0.5687"
"144.5150","0.1486","0.5686"
"144.5350","0.1486","0.5686"
"144.5550","0.1486","0.5687"
"144.5750","0.1486","0.5687"
"144.5950","0.1486","0.5687"
"144.6150","0.1486","0.5687"
"144.6350","0.1486","0.5687"
"144.6550","0.1486","0.5686"
"144.6750","0.1486","0.5687"
"144.6950","0.1486","0.5687"
"144.7150","0.1486","0.5686"
"144.7350","0.1486","0.5686"
"144.7550","0.1486","0.5686"
"144.7750","0.1486","0.5686"
"144.7950","0.1486","0.5685"
"144.8150","0.1486","0.5686"
"144.8350","0.1486","0.5687"
"144.8550","0.1486","0.5688"
"144.8750","0.1486","0.5687"
"144.8950","0.1486","0.5686"
"144.9150","0.1486","0.5685"
"144.9350","0.1486","0.5685"
"144.9550","0.1486","0.5686"
"144.9750","0.1486","0.5686"
"144.9950","0.1486","0.5686"
"145.0150","0.1486","0.5686"
"145.0350","0.1486","0.5686"
"145.0550","0.1486","0.5686"
"145.0750","0.1486","0.5686"
"145.0950","0.1486","0.5686"
"145.1150","0.1486","0.5685"
"145.1350","0.1486","0.5685"
"145.1550","0.1486","0.5685"
"145.1750","0.1486","0.5685"
"145.1950","0.1486","0.5685"
"145.2150","0.1486","0.5685"
"145.2350","0.1486","0.5685"
"145.2550","0.1486","0.5685"
"145.2750","0.1486","0.5685"
"145.2950","0.1486","0.5684"
"145.3150","0.1486","0.5684"
"145.3350","0.1486","0.5684"
"145.3550","0.1486","0.5685"
"145.3750","0.1486","0.5685"
"145.3950","0.1486","0.5685"
"145.4150","0.1486","0.5684"
"145.4350","0.1486","0.5684"
"145.4550","0.1486","0.5683"
"145.4750","0.1486","0.5683"
"145.4950","0.1486","0.5683"
"145.5150","0.1486","0.5683"
"145.5350","0.1486","0.5684"
"145.5550","0.1486","0.5684"
"145.5750","0.1486","0.5684"
"145.5950","0.1486","0.5684"
"145.6150","0.1486","0.5684"
"145.6350","0.1486","0.5683"
"145.6550","0.1486","0.5684"
"145.6750","0.1486","0.5683"
"145.6950","0.1486","0.5683"
"145.7150","0.1486","0.5683"
"145.7350","0.1486","0.5684"
"145.7550","0.1486","0.5683"
"145.7750","0.1486","0.5683"
"145.7950","0.1486","0.5684"
"145.8150","0.1486","0.5684"
"145.8350","0.1486","0.5683"
"145.8550","0.1486","0.5683"
"145.8750","0.1486","0.5683"
"145.8950","0.1486","0.5683"
"145.9150","0.1486","0.5683"
"145.9350","0.1486","0.5683"
"145.9550","0.1486","0.5684"
"145.9750","0.1486","0.5683"
"145.9950","0.1486","0.5683"
"146.0150","0.1486","0.5683"
"146.0350","0.1486","0.5683"
"146.0550","0.1486","0.5682"
"146.0750","0.1486","0.5682"
"146.0950","0.1486","0.5683"
"146.1150","0.1486","0.5683"
"146.1350","0.1486","0.5682"
"146.1550","0.1486","0.5682"
"146.1750","0.1486","0.5682"
"146.1950","0.1486","0.5683"
"146.2150","0.1486","0.5682"
"146.2350","0.1486","0.5682"
"146.2550","0.1486","0.5682"
"146.2750","0.1486","0.5682"
"146.2950","0.1486","0.5681"
"146.3150","0.1486","0.5681"
"146.3350","0.1486","0.5682"
"146.3550","0.1486","0.5682"
"146.3750","0.1486","0.5682"
"146.3950","0.1486","0.5681"
"146.4150","0.1486","0.5681"
"146.4350","0.1486","0.5681"
"146.4550","0.1486","0.5681"
"146.4750","0.1486","0.5680"
"146.4950","0.1486","0.5680"
"146.5150","0.1486","0.5681"
"146.5350","0.1486","0.5681"
"146.5550","0.1486","0.5681"
"146.5750","0.1486","0.5681"
"146.5950","0.1486","0.5682"
"146.6150","0.1486","0.5682"
"146.6350","0.1486","0.5681"
"146.6550","0.1486","0.5680"
"146.6750","0.1486","0.5680"
"146.6950","0.1486","0.5680"
"146.7150","0.1486","0.5680"
"146.7350","0.1486","0.5680"
"146.7550","0.1486","0.5680"
"146.7750","0.1486","0.5680"
"146.7950","0.1486","0.5680"
"146.8150","0.1486","0.5680"
"146.8350","0.1486","0.5680"
"146.8550","0.1486","0.5680"
"146.8750","0.1486","0.5680"
"146.8950","0.1486","0.5680"
"146.9150","0.1486","0.5681"
"146.9350","0.1486","0.5680"
"146.9550","0.1486","0.5679"
"146.9750","0.1486","0.5679"
"146.9950","0.1486","0.5679"
"147.0150","0.1486","0.5679"
"147.0350","0.1486","0.5679"
"147.0550","0.1486","0.5679"
"147.0750","0.1486","0.5680"
"147.0950","0.1486","0.5679"
"147.1150","0.1486","0.5679"
"147.1350","0.1486","0.5679"
"147.1550","0.1486","0.5679"
"147.1750","0.1486","0.5678"
"147.1950","0.1486","0.5679"
"147.2150","0.1486","0.5680"
"147.2350","0.1486","0.5679"
"147.2550","0.1486","0.5679"
"147.2750","0.1486","0.5679"
"147.2950","0.1486","0.5679"
"147.3150","0.1486","0.5679"
"147.3350","0.1486","0.5679"
"147.3550","0.1486","0.5678"
"147.3750","0.1486","0.5678"
"147.3950","0.1486","0.5677"
"147.4150","0.1486","0.5677"
"147.4350","0.1486","0.5678"
"147.4550","0.1486","0.5678"
"147.4750","0.1486","0.5678"
"147.4950","0.1486","0.5678"
"147.5150","0.1486","0.5678"
"147.5350","0.1486","0.5678"
"147.5550","0.1486","0.5677"
"147.5750","0.1486","0.5677"
"147.5950","0.1486","0.5677"
"147.6150","0.1486","0.5678"
"147.6350","0.1486","0.5678"
"147.6550","0.1486","0.5678"
"147.6750","0.1486","0.5678"
"147.6950","0.1486","0.5678"
"147.7150","0.1486","0.5677"
"147.7350","0.1486","0.5678"
"147.7550","0.1486","0.5678"
"147.7750","0.1486","0.5677"
"147.7950","0.1486","0.5676"
"147.8150","0.1486","0.5677"
"147.8350","0.1486","0.5677"
"147.8550","0.1486","0.5677"
"147.8750","0.1486","0.5676"
"147.8950","0.1486","0.5676"
"147.9150","0.1486","0.5676"
"147.9350","0.1486","0.5676"
"147.9550","0.1486","0.5676"
"147.9750","0.1486","0.5676"
"147.9950","0.1486","0.5676"
"148.0150","0.1486","0.5677"
"148.0350","0.1486","0.5677"
"148.0550","0.1486","0.5677"
"148.0750","0.1486","0.5677"
"148.0950","0.1486","0.5675"
"148.1150","0.1486","0.5675"
"148.1350","0.1486","0.5676"
"148.1550","0.1486","0.5677"
"148.1750","0.1486","0.5676"
"148.1950","0.1486","0.5676"
"148.2150","0.1486","0.5676"
"148.2350","0.1486","0.5676"
"148.2550","0.1486","0.5675"
"148.2750","0.1486","0.5675"
"148.2950","0.1486","0.5675"
"148.3150","0.1486","0.5676"
"148.3350","0.1486","0.5675"
"148.3550","0.1486","0.5675"
"148.3750","0.1486","0.5675"
"148.3950","0.1486","0.5675"
"148.4150","0.1486","0.5675"
"148.4350","0.1486","0.5675"
"148.4550","0.1486","0.5675"
"148.4750","0.1486","0.5675"
"148.4950","0.1486","0.5675"
"148.5150","0.1486","0.5675"
"148.5350","0.1486","0.5674"
"148.5550","0.1486","0.5674"
"148.5750","0.1486","0.5674"
"148.5950","0.1486","0.5674"
"148.6150","0.1486","0.5674"
"148.6350","0.1486","0.5674"
"148.6550","0.1486","0.5675"
"148.6750","0.1486","0.5674"
"148.6950","0.1486","0.5673"
"148.7150","0.1486","0.5674"
"148.7350","0.1486","0.5675"
"148.7550","0.1486","0.5674"
"148.7750","0.1486","0.5674"
"148.7950","0.1486","0.5674"
"148.8150","0.1486","0.5674"
"148.8350","0.1486","0.5674"
"148.8550","0.1486","0.5675"
"148.8750","0.1486","0.5674"
"148.8950","0.1486","0.5674"
"148.9150","0.1486","0.5674"
"148.9350","0.1486","0.5674"
"148.9550","0.1486","0.5674"
"148.9750","0.1486","0.5675"
"148.9950","0.1486","0.5674"
"149.0150","0.1486","0.5673"
"149.0350","0.1486","0.5674"
"149.0550","0.1486","0.5674"
"149.0750","0.1486","0.5673"
"149.0950","0.1486","0.5674"
"149.1150","0.1486","0.5674"
"149.1350","0.1486","0.5673"
"149.1550","0.1486","0.5674"
"149.1750","0.1486","0.5673"
"149.1950","0.1486","0.5673"
"149.2150","0.1486","0.5673"
"149.2350","0.1486","0.5673"
"149.2550","0.1486","0.5673"
"149.2750","0.1486","0.5672"
"149.2950","0.1486","0.5672"
"149.3150","0.1486","0.5672"
"149.3350","0.1486","0.5672"
"149.3550","0.1486","0.5672"
"149.3750","0.1486","0.5672"
"149.3950","0.1486","0.5671"
"149.4150","0.1486","0.5671"
"149.4350","0.1486","0.5672"
"149.4550","0.1486","0.5672"
"149.4750","0.1486","0.5672"
"149.4950","0.1486","0.5672"
"149.5150","0.1486","0.5672"
"149.5350","0.1486","0.5672"
"149.5550","0.1486","0.5671"
"149.5750","0.1486","0.5671"
"149.5950","0.1486","0.5673"
"149.6150","0.1486","0.5673"
"149.6350","0.1486","0.5672"
"149.6550","0.1486","0.5671"
"149.6750","0.1486","0.5671"
"149.6950","0.1486","0.5672"
"149.7150","0.1486","0.5672"
"149.7350","0.1486","0.5671"
"149.7550","0.1486","0.5671"
"149.7750","0.1486","0.5670"
"149.7950","0.1486","0.5670"
"149.8150","0.1486","0.5671"
"149.8350","0.1486","0.5670"
"149.8550","0.1486","0.5670"
"149.8750","0.1486","0.5670"
"149.8950","0.1486","0.5670"
"149.9150","0.1486","0.5671"
"149.9350","0.1486","0.5672"
"149.9550","0.1486","0.5672"
"149.9750","0.1486","0.5671"
"149.9950","0.1486","0.5671"
"150.0150","0.1486","0.5670"
"150.0350","0.1486","0.5670"
"150.0550","0.1486","0.5670"
"150.0750","0.1486","0.5670"
"150.0950","0.1486","0.5670"
"150.1150","0.1486","0.5670"
"150.1350","0.1486","0.5669"
"150.1550","0.1486","0.5670"
"150.1750","0.1486","0.5670"
"150.1950","0.1486","0.5669"
"150.2150","0.1486","0.5670"
"150.2350","0.1486","0.5670"
"150.2550","0.1486","0.5669"
"150.2750","0.1486","0.5669"
"150.2950","0.1486","0.5669"
"150.3150","0.1486","0.5669"
"150.3350","0.1486","0.5670"
"150.3550","0.1486","0.5669"
"150.3750","0.1486","0.5669"
"150.3950","0.1486","0.5670"
"150.4150","0.1486","0.5669"
"150.4350","0.1486","0.5669"
"150.4550","0.1486","0.5669"
"150.4750","0.1486","0.5668"
"150.4950","0.1486","0.5668"
"150.5150","0.1486","0.5668"
"150.5350","0.1486","0.5668"
"150.5550","0.1486","0.5669"
"150.5750","0.1486","0.5669"
"150.5950","0.1486","0.5668"
"150.6150","0.1486","0.5668"
"150.6350","0.1486","0.5668"
"150.6550","0.1486","0.5668"
"150.6750","0.1486","0.5669"
"150.6950","0.1486","0.5668"
"150.7150","0.1486","0.5668"
"150.7350","0.1486","0.5668"
"150.7550","0.1486","0.5668"
"150.7750","0.1486","0.5668"
"150.7950","0.1486","0.5669"
"150.8150","0.1486","0.5668"
"150.8350","0.1486","0.5667"
"150.8550","0.1486","0.5667"
"150.8750","0.1486","0.5668"
"150.8950","0.1486","0.5668"
"150.9150","0.1486","0.5668"
"150.9350","0.1486","0.5668"
"150.9550","0.1486","0.5667"
"150.9750","0.1486","0.5667"
"150.9950","0.1486","0.5667"
"151.0150","0.1486","0.5667"
"151.0350","0.1486","0.5667"
"151.0550","0.1486","0.5667"
"151.0750","0.1486","0.5668"
"151.0950","0.1486","0.5667"
"151.1150","0.1486","0.5667"
"151.1350","0.1486","0.5668"
"151.1550","0.1486","0.5667"
"151.1750","0.1486","0.5666"
"151.1950","0.1486","0.5666"
"151.2150","0.1486","0.5666"
"151.2350","0.1486","0.5666"
"151.2550","0.1486","0.5667"
"151.2750","0.1486","0.5667"
"151.2950","0.1486","0.5666"
"151.3150","0.1486","0.5666"
"151.3350","0.1486","0.5666"
"151.3550","0.1486","0.5666"
"151.3750","0.1486","0.5666"
"151.3950","0.1486","0.5667"
"151.4150","0.1486","0.5666"
"151.4350","0.1486","0.5666"
"151.4550","0.1486","0.5665"
"151.4750","0.1486","0.5666"
"151.4950","0.1486","0.5666"
"151.5150","0.1486","0.5666"
"151.5350","0.1486","0.5666"
"151.5550","0.1486","0.5666"
"151.5750","0.1486","0.5666"
"151.5950","0.1486","0.5666"
"151.6150","0.1486","0.5665"
"151.6350","0.1486","0.5665"
"151.6550","0.1486","0.5666"
"151.6750","0.1486","0.5665"
"151.6950","0.1486","0.5665"
"151.7150","0.1486","0.5665"
"151.7350","0.1486","0.5666"
"151.7550","0.1486","0.5666"
"151.7750","0.1486","0.5665"
"151.7950","0.1486","0.5665"
"151.8150","0.1486","0.5665"
"151.8350","0.1486","0.5665"
"151.8550","0.1486","0.5665"
"151.8750","0.1486","0.5665"
"151.8950","0.1486","0.5665"
"151.9150","0.1486","0.5665"
"151.9350","0.1486","0.5665"
"151.9550","0.1486","0.5664"
"151.9750","0.1486","0.5665"
"151.9950","0.1486","0.5665"
"152.0150","0.1486","0.5665"
"152.0350","0.1486","0.5664"
"152.0550","0.1486","0.5665"
"152.0750","0.1486","0.5665"
"152.0950","0.1486","0.5665"
"152.1150","0.1486","0.5664"
"152.1350","0.1486","0.5664"
"152.1550","0.1486","0.5664"
"152.1750","0.1486","0.5664"
"152.1950","0.1486","0.5664"
"152.2150","0.1486","0.5664"
"152.2350","0.1486","0.5664"
"152.2550","0.1486","0.5664"
"152.2750","0.1486","0.5664"
"152.2950","0.1486","0.5664"
"152.3150","0.1486","0.5664"
"152.3350","0.1486","0.5664"
"152.3550","0.1486","0.5664"
"152.3750","0.1486","0.5663"
"152.3950","0.1486","0.5663"
"152.4150","0.1486","0.5664"
"152.4350","0.1486","0.5665"
"152.4550","0.1486","0.5664"
"152.4750","0.1486","0.5664"
"152.4950","0.1486","0.5664"
"152.5150","0.1486","0.5663"
"152.5350","0.1486","0.5663"
"152.5550","0.1486","0.5663"
"152.5750","0.1486","0.5663"
"152.5950","0.1486","0.5662"
"152.6150","0.1486","0.5663"
"152.6350","0.1486","0.5663"
"152.6550","0.1486","0.5663"
"152.6750","0.1486","0.5663"
"152.6950","0.1486","0.5663"
"152.7150","0.1486","0.5663"
"152.7350","0.1486","0.5663"
"152.7550","0.1486","0.5662"
"152.7750","0.1486","0.5662"
"152.7950","0.1486","0.5662"
"152.8150","0.1486","0.5662"
"152.8350","0.1486","0.5661"
"152.8550","0.1486","0.5661"
"152.8750","0.1486","0.5662"
"152.8950","0.1486","0.5663"
"152.9150","0.1486","0.5662"
"152.9350","0.1486","0.5661"
"152.9550","0.1486","0.5661"
"152.9750","0.1486","0.5661"
"152.9950","0.1486","0.5662"
"153.0150","0.1486","0.5662"
"153.0350","0.1486","0.5662"
"153.0550","0.1486","0.5662"
"153.0750","0.1486","0.5662"
"153.0950","0.1486","0.5662"
"153.1150","0.1486","0.5662"
"153.1350","0.1486","0.5661"
"153.1550","0.1486","0.5661"
"153.1750","0.1486","0.5661"
"153.1950","0.1486","0.5661"
"153.2150","0.1486","0.5661"
"153.2350","0.1486","0.5661"
"153.2550","0.1486","0.5661"
"153.2750","0.1486","0.5661"
"153.2950","0.1486","0.5661"
"153.3150","0.1486","0.5661"
"153.3350","0.1486","0.5660"
"153.3550","0.1486","0.5660"
"153.3750","0.1486","0.5660"
"153.3950","0.1486","0.5661"
"153.4150","0.1486","0.5660"
"153.4350","0.1486","0.5660"
"153.4550","0.1486","0.5660"
"153.4750","0.1486","0.5660"
"153.4950","0.1486","0.5661"
"153.5150","0.1486","0.5660"
"153.5350","0.1486","0.5660"
"153.5550","0.1486","0.5660"
"153.5750","0.1486","0.5660"
"153.5950","0.1486","0.5659"
"153.6150","0.1486","0.5659"
"153.6350","0.1486","0.5660"
"153.6550","0.1486","0.5660"
"153.6750","0.1486","0.5660"
"153.6950","0.1486","0.5660"
"153.7150","0.1486","0.5661"
"153.7350","0.1486","0.5660"
"153.7550","0.1486","0.5660"
"153.7750","0.1486","0.5660"
"153.7950","0.1486","0.5659"
"153.8150","0.1486","0.5659"
"153.8350","0.1486","0.5658"
"153.8550","0.1486","0.5658"
"153.8750","0.1486","0.5658"
"153.8950","0.1486","0.5658"
"153.9150","0.1486","0.5659"
"153.9350","0.1486","0.5659"
"153.9550","0.1486","0.5659"
"153.9750","0.1486","0.5660"
"153.9950","0.1486","0.5658"
"154.0150","0.1486","0.5659"
"154.0350","0.1486","0.5659"
"154.0550","0.1486","0.5659"
"154.0750","0.1486","0.5659"
"154.0950","0.1486","0.5658"
"154.1150","0.1486","0.5658"
"154.1350","0.1486","0.5658"
"154.1550","0.1486","0.5658"
"154.1750","0.1486","0.5659"
"154.1950","0.1486","0.5658"
"154.2150","0.1486","0.5658"
"154.2350","0.1486","0.5657"
"154.2550","0.1486","0.5657"
"154.2750","0.1486","0.5656"
"154.2950","0.1486","0.5656"
"154.3150","0.1486","0.5656"
"154.3350","0.1486","0.5657"
"154.3550","0.1486","0.5657"
"154.3750","0.1486","0.5657"
"154.3950","0.1486","0.5657"
"154.4150","0.1486","0.5657"
"154.4350","0.1486","0.5657"
"154.4550","0.1486","0.5658"
"154.4750","0.1486","0.5658"
"154.4950","0.1486","0.5658"
"154.5150","0.1486","0.5657"
"154.5350","0.1486","0.5657"
"154.5550","0.1486","0.5657"
"154.5750","0.1486","0.5657"
"154.5950","0.1486","0.5657"
"154.6150","0.1486","0.5657"
"154.6350","0.1486","0.5657"
"154.6550","0.1486","0.5657"
"154.6750","0.1486","0.5656"
"154.6950","0.1486","0.5656"
"154.7150","0.1486","0.5656"
"154.7350","0.1486","0.5656"
"154.7550","0.1486","0.5656"
"154.7750","0.1486","0.5656"
"154.7950","0.1486","0.5656"
"154.8150","0.1486","0.5657"
"154.8350","0.1486","0.5657"
"154.8550","0.1486","0.5657"
"154.8750","0.1486","0.5656"
"154.8950","0.1486","0.5656"
"154.9150","0.1486","0.5656"
"154.9350","0.1486","0.5656"
"154.9550","0.1486","0.5656"
"154.9750","0.1486","0.5656"
"154.9950","0.1486","0.5656"
"155.0150","0.1486","0.5656"
"155.0350","0.1486","0.5656"
"155.0550","0.1486","0.5655"
"155.0750","0.1486","0.5655"
"155.0950","0.1486","0.5656"
"155.1150","0.1486","0.5656"
"155.1350","0.1486","0.5656"
"155.1550","0.1486","0.5656"
"155.1750","0.1486","0.5655"
"155.1950","0.1486","0.5655"
"155.2150","0.1486","0.5656"
"155.2350","0.1486","0.5656"
"155.2550","0.1486","0.5655"
"155.2750","0.1486","0.5655"
"155.2950","0.1486","0.5655"
"155.3150","0.1486","0.5654"
"155.3350","0.1486","0.5655"
"155.3550","0.1486","0.5655"
"155.3750","0.1486","0.5655"
"155.3950","0.1486","0.5655"
"155.4150","0.1486","0.5656"
"155.4350","0.1486","0.5655"
"155.4550","0.1486","0.5654"
"155.4750","0.1486","0.5654"
"155.4950","0.1486","0.5654"
"155.5150","0.1486","0.5654"
"155.5350","0.1486","0.5653"
"155.5550","0.1486","0.5653"
"155.5750","0.1486","0.5654"
"155.5950","0.1486","0.5654"
"155.6150","0.1486","0.5654"
"155.6350","0.1486","0.5653"
"155.6550","0.1486","0.5653"
"155.6750","0.1486","0.5653"
"155.6950","0.1486","0.5654"
"155.7150","0.1486","0.5653"
"155.7350","0.1486","0.5654"
"155.7550","0.1486","0.5654"
"155.7750","0.1486","0.5653"
"155.7950","0.1486","0.5653"
"155.8150","0.1486","0.5653"
"155.8350","0.1486","0.5653"
"155.8550","0.1486","0.5653"
"155.8750","0.1486","0.5653"
"155.8950","0.1486","0.5653"
"155.9150","0.1486","0.5653"
"155.9350","0.1486","0.5652"
"155.9550","0.1486","0.5653"
"155.9750","0.1486","0.5653"
"155.9950","0.1486","0.5653"
"156.0150","0.1486","0.5653"
"156.0350","0.1486","0.5653"
"156.0550","0.1486","0.5653"
"156.0750","0.1486","0.5653"
"156.0950","0.1486","0.5652"
"156.1150","0.1486","0.5652"
"156.1350","0.1486","0.5652"
"156.1550","0.1486","0.5652"
"156.1750","0.1486","0.5652"
"156.1950","0.1486","0.5651"
"156.2150","0.1486","0.5651"
"156.2350","0.1486","0.5652"
"156.2550","0.1486","0.5653"
"156.2750","0.1486","0.5652"
"156.2950","0.1486","0.5651"
"156.3150","0.1486","0.5651"
"156.3350","0.1486","0.5652"
"156.3550","0.1486","0.5652"
"156.3750","0.1486","0.5652"
"156.3950","0.1486","0.5652"
"156.4150","0.1486","0.5652"
"156.4350","0.1486","0.5651"
"156.4550","0.1486","0.5651"
"156.4750","0.1486","0.5651"
"156.4950","0.1486","0.5651"
"156.5150","0.1486","0.5652"
"156.5350","0.1486","0.5652"
"156.5550","0.1486","0.5651"
"156.5750","0.1486","0.5651"
"156.5950","0.1486","0.5652"
"156.6150","0.1486","0.5651"
"156.6350","0.1486","0.5650"
"156.6550","0.1486","0.5651"
"156.6750","0.1486","0.5651"
"156.6950","0.1486","0.5651"
"156.7150","0.1486","0.5651"
"156.7350","0.1486","0.5651"
"156.7550","0.1486","0.5650"
"156.7750","0.1486","0.5651"
"156.7950","0.1486","0.5651"
"156.8150","0.1486","0.5651"
"156.8350","0.1486","0.5650"
"156.8550","0.1486","0.5651"
"156.8750","0.1486","0.5650"
"156.8950","0.1486","0.5650"
"156.9150","0.1486","0.5651"
"156.9350","0.1486","0.5650"
"156.9550","0.1486","0.5650"
"156.9750","0.1486","0.5650"
"156.9950","0.1486","0.5650"
"157.0150","0.1486","0.5651"
"157.0350","0.1486","0.5650"
"157.0550","0.1486","0.5650"
"157.0750","0.1486","0.5650"
"157.0950","0.1486","0.5650"
"157.1150","0.1486","0.5650"
"157.1350","0.1486","0.5650"
"157.1550","0.1486","0.5650"
"157.1750","0.1486","0.5649"
"157.1950","0.1486","0.5649"
"157.2150","0.1486","0.5649"
"157.2350","0.1486","0.5648"
"157.2550","0.1486","0.5648"
"157.2750","0.1486","0.5648"
"157.2950","0.1486","0.5648"
"157.3150","0.1486","0.5649"
"157.3350","0.1486","0.5650"
"157.3550","0.1486","0.5650"
"157.3750","0.1486","0.5650"
"157.3950","0.1486","0.5649"
"157.4150","0.1486","0.5649"
"157.4350","0.1486","0.5649"
"157.4550","0.1486","0.5648"
"157.4750","0.1486","0.5648"
"157.4950","0.1486","0.5649"
"157.5150","0.1486","0.5649"
"157.5350","0.1486","0.5649"
"157.5550","0.1486","0.5649"
"157.5750","0.1486","0.5649"
"157.5950","0.1486","0.5650"
"157.6150","0.1486","0.5649"
"157.6350","0.1486","0.5649"
"157.6550","0.1486","0.5648"
"157.6750","0.1486","0.5648"
"157.6950","0.1486","0.5648"
"157.7150","0.1486","0.5648"
"157.7350","0.1486","0.5648"
"157.7550","0.1486","0.5648"
"157.7750","0.1486","0.5648"
"157.7950","0.1486","0.5648"
"157.8150","0.1486","0.5647"
"157.8350","0.1486","0.5646"
"157.8550","0.1486","0.5648"
"157.8750","0.1486","0.5648"
"157.8950","0.1486","0.5647"
"157.9150","0.1486","0.5647"
"157.9350","0.1486","0.5648"
"157.9550","0.1486","0.5648"
"157.9750","0.1486","0.5648"
"157.9950","0.1486","0.5647"
"158.0150","0.1486","0.5647"
"158.0350","0.1486","0.5647"
"158.0550","0.1486","0.5647"
"158.0750","0.1486","0.5647"
"158.0950","0.1486","0.5647"
"158.1150","0.1486","0.5647"
"158.1350","0.1486","0.5647"
"158.1550","0.1486","0.5647"
"158.1750","0.1486","0.5647"
"158.1950","0.1486","0.5646"
"158.2150","0.1486","0.5646"
"158.2350","0.1486","0.5647"
"158.2550","0.1486","0.5647"
"158.2750","0.1486","0.5647"
"158.2950","0.1486","0.5647"
"158.3150","0.1486","0.5647"
"158.3350","0.1486","0.5647"
"158.3550","0.1486","0.5647"
"158.3750","0.1486","0.5646"
"158.3950","0.1486","0.5646"
"158.4150","0.1486","0.5646"
"158.4350","0.1486","0.5646"
"158.4550","0.1486","0.5646"
"158.4750","0.1486","0.5646"
"158.4950","0.1486","0.5646"
"158.5150","0.1486","0.5645"
"158.5350","0.1486","0.5645"
"158.5550","0.1486","0.5646"
"158.5750","0.1486","0.5646"
"158.5950","0.1486","0.5645"
"158.6150","0.1486","0.5645"
"158.6350","0.1486","0.5645"
"158.6550","0.1486","0.5646"
"158.6750","0.1486","0.5646"
"158.6950","0.1486","0.5646"
"158.7150","0.1486","0.5645"
"158.7350","0.1486","0.5645"
"158.7550","0.1486","0.5646"
"158.7750","0.1486","0.5645"
"158.7950","0.1486","0.5645"
"158.8150","0.1486","0.5645"
"158.8350","0.1486","0.5644"
"158.8550","0.1486","0.5645"
"158.8750","0.1486","0.5646"
"158.8950","0.1486","0.5646"
"158.9150","0.1486","0.5645"
"158.9350","0.1486","0.5645"
"158.9550","0.1486","0.5645"
"158.9750","0.1486","0.5645"
"158.9950","0.1486","0.5645"
"159.0150","0.1486","0.5645"
"159.0350","0.1486","0.5645"
"159.0550","0.1486","0.5645"
"159.0750","0.1486","0.5644"
"159.0950","0.1486","0.5644"
"159.1150","0.1486","0.5644"
"159.1350","0.1486","0.5644"
"159.1550","0.1486","0.5644"
"159.1750","0.1486","0.5644"
"159.1950","0.1486","0.5644"
"159.2150","0.1486","0.5644"
"159.2350","0.1486","0.5645"
"159.2550","0.1486","0.5644"
"159.2750","0.1486","0.5644"
"159.2950","0.1486","0.5644"
"159.3150","0.1486","0.5644"
"159.3350","0.1486","0.5644"
"159.3550","0.1486","0.5644"
"159.3750","0.1486","0.5644"
"159.3950","0.1486","0.5643"
"159.4150","0.1486","0.5643"
"159.4350","0.1486","0.5644"
"159.4550","0.1486","0.5644"
"159.4750","0.1486","0.5644"
"159.4950","0.1486","0.5643"
"159.5150","0.1486","0.5643"
"159.5350","0.1486","0.5643"
"159.5550","0.1486","0.5644"
"159.5750","0.1486","0.5643"
"159.5950","0.1486","0.5642"
"159.6150","0.1486","0.5643"
"159.6350","0.1486","0.5642"
"159.6550","0.1486","0.5642"
"159.6750","0.1486","0.5642"
"159.6950","0.1486","0.5643"
"159.7150","0.1486","0.5643"
"159.7350","0.1486","0.5642"
"159.7550","0.1486","0.5642"
"159.7750","0.1486","0.5642"
"159.7950","0.1486","0.5642"
"159.8150","0.1486","0.5642"
"159.8350","0.1486","0.5642"
"159.8550","0.1486","0.5643"
"159.8750","0.1486","0.5642"
"159.8950","0.1486","0.5642"
"159.9150","0.1486","0.5641"
"159.9350","0.1486","0.5641"
"159.9550","0.1486","0.5642"
"159.9750","0.1486","0.5642"
"159.9950","0.1486","0.5641"
"160.0150","0.1486","0.5641"
"160.0350","0.1486","0.5641"
"160.0550","0.1486","0.5641"
"160.0750","0.1486","0.5641"
"160.0950","0.1486","0.5641"
"160.1150","0.1486","0.5641"
"160.1350","0.1486","0.5640"
"160.1550","0.1486","0.5641"
"160.1750","0.1486","0.5642"
"160.1950","0.1486","0.5641"
"160.2150","0.1486","0.5640"
"160.2350","0.1486","0.5640"
"160.2550","0.1486","0.5641"
"160.2750","0.1486","0.5641"
"160.2950","0.1486","0.5641"
"160.3150","0.1486","0.5640"
"160.3350","0.1486","0.5639"
"160.3550","0.1486","0.5639"
"160.3750","0.1486","0.5640"
"160.3950","0.1486","0.5641"
"160.4150","0.1486","0.5640"
"160.4350","0.1486","0.5640"
"160.4550","0.1486","0.5640"
"160.4750","0.1486","0.5641"
"160.4950","0.1486","0.5641"
"160.5150","0.1486","0.5641"
"160.5350","0.1486","0.5640"
"160.5550","0.1486","0.5640"
"160.5750","0.1486","0.5640"
"160.5950","0.1486","0.5641"
"160.6150","0.1486","0.5641"
"160.6350","0.1486","0.5640"
"160.6550","0.1486","0.5640"
"160.6750","0.1486","0.5640"
"160.6950","0.1486","0.5640"
"160.7150","0.1486","0.5641"
"160.7350","0.1486","0.5640"
"160.7550","0.1486","0.5640"
"160.7750","0.1486","0.5640"
"160.7950","0.1486","0.5640"
"160.8150","0.1486","0.5639"
"160.8350","0.1486","0.5640"
"160.8550","0.1486","0.5640"
"160.8750","0.1486","0.5639"
"160.8950","0.1486","0.5639"
"160.9150","0.1486","0.5639"
"160.9350","0.1486","0.5639"
"160.9550","0.1486","0.5639"
"160.9750","0.1486","0.5639"
"160.9950","0.1486","0.5638"
"161.0150","0.1486","0.5639"
"161.0350","0.1486","0.5638"
"161.0550","0.1486","0.5638"
"161.0750","0.1486","0.5638"
"161.0950","0.1486","0.5638"
"161.1150","0.1486","0.5639"
"161.1350","0.1486","0.5639"
"161.1550","0.1486","0.5638"
"161.1750","0.1486","0.5638"
"161.1950","0.1486","0.5638"
"161.2150","0.1486","0.5639"
"161.2350","0.1486","0.5639"
"161.2550","0.1486","0.5638"
"161.2750","0.1486","0.5638"
"161.2950","0.1486","0.5638"
"161.3150","0.1486","0.5638"
"161.3350","0.1486","0.5638"
"161.3550","0.1486","0.5638"
"161.3750","0.1486","0.5638"
"161.3950","0.1486","0.5638"
"161.4150","0.1486","0.5638"
"161.4350","0.1486","0.5638"
"161.4550","0.1486","0.5638"
"161.4750","0.1486","0.5638"
"161.4950","0.1486","0.5638"
"161.5150","0.1486","0.5638"
"161.5350","0.1486","0.5638"
"161.5550","0.1486","0.5637"
"161.5750","0.1486","0.5637"
"161.5950","0.1486","0.5637"
"161.6150","0.1486","0.5637"
"161.6350","0.1486","0.5637"
"161.6550","0.1486","0.5637"
"161.6750","0.1486","0.5637"
"161.6950","0.1486","0.5637"
"161.7150","0.1486","0.5637"
"161.7350","0.1486","0.5637"
"161.7550","0.1486","0.5636"
"161.7750","0.1486","0.5637"
"161.7950","0.1486","0.5636"
"161.8150","0.1486","0.5637"
"161.8350","0.1486","0.5636"
"161.8550","0.1486","0.5636"
"161.8750","0.1486","0.5636"
"161.8950","0.1486","0.5637"
"161.9150","0.1486","0.5637"
"161.9350","0.1486","0.5637"
"161.9550","0.1486","0.5637"
"161.9750","0.1486","0.5637"
"161.9950","0.1486","0.5637"
"162.0150","0.1486","0.5637"
"162.0350","0.1486","0.5637"
"162.0550","0.1486","0.5637"
"162.0750","0.1486","0.5637"
"162.0950","0.1486","0.5637"
"162.1150","0.1486","0.5637"
"162.1350","0.1486","0.5636"
"162.1550","0.1486","0.5635"
"162.1750","0.1486","0.5635"
"162.1950","0.1486","0.5636"
"162.2150","0.1486","0.5636"
"162.2350","0.1486","0.5635"
"162.2550","0.1486","0.5635"
"162.2750","0.1486","0.5636"
"162.2950","0.1486","0.5635"
"162.3150","0.1486","0.5635"
"162.3350","0.1486","0.5634"
"162.3550","0.1486","0.5635"
"162.3750","0.1486","0.5634"
"162.3950","0.1486","0.5634"
"162.4150","0.1486","0.5635"
"162.4350","0.1486","0.5635"
"162.4550","0.1486","0.5635"
"162.4750","0.1486","0.5635"
"162.4950","0.1486","0.5635"
"162.5150","0.1486","0.5635"
"162.5350","0.1486","0.5635"
"162.5550","0.1486","0.5635"
"162.5750","0.1486","0.5635"
"162.5950","0.1486","0.5635"
"162.6150","0.1486","0.5635"
"162.6350","0.1486","0.5635"
"162.6550","0.1486","0.5635"
"162.6750","0.1486","0.5634"
"162.6950","0.1486","0.5634"
"162.7150","0.1486","0.5634"
"162.7350","0.1486","0.5634"
"162.7550","0.1486","0.5634"
"162.7750","0.1486","0.5634"
"162.7950","0.1486","0.5633"
"162.8150","0.1486","0.5633"
"162.8350","0.1486","0.5634"
"162.8550","0.1486","0.5634"
"162.8750","0.1486","0.5634"
"162.8950","0.1486","0.5634"
"162.9150","0.1486","0.5634"
"162.9350","0.1486","0.5634"
"162.9550","0.1486","0.5633"
"162.9750","0.1486","0.5633"
"162.9950","0.1486","0.5633"
"163.0150","0.1486","0.5633"
"163.0350","0.1486","0.5634"
"163.0550","0.1486","0.5634"
"163.0750","0.1486","0.5633"
"163.0950","0.1486","0.5633"
"163.1150","0.1486","0.5634"
"163.1350","0.1486","0.5633"
"163.1550","0.1486","0.5633"
"163.1750","0.1486","0.5634"
"163.1950","0.1486","0.5633"
"163.2150","0.1486","0.5633"
"163.2350","0.1486","0.5632"
"163.2550","0.1486","0.5633"
"163.2750","0.1486","0.5633"
"163.2950","0.1486","0.5632"
"163.3150","0.1486","0.5632"
"163.3350","0.1486","0.5632"
"163.3550","0.1486","0.5633"
"163.3750","0.1486","0.5632"
"163.3950","0.1486","0.5632"
"163.4150","0.1486","0.5632"
"163.4350","0.1486","0.5631"
"163.4550","0.1486","0.5632"
"163.4750","0.1486","0.5632"
"163.4950","0.1486","0.5632"
"163.5150","0.1486","0.5632"
"163.5350","0.1486","0.5631"
"163.5550","0.1486","0.5631"
"163.5750","0.1486","0.5631"
"163.5950","0.1486","0.5631"
"163.6150","0.1486","0.5632"
"163.6350","0.1486","0.5632"
"163.6550","0.1486","0.5631"
"163.6750","0.1486","0.5631"
"163.6950","0.1486","0.5631"
"163.7150","0.1486","0.5632"
"163.7350","0.1486","0.5632"
"163.7550","0.1486","0.5632"
"163.7750","0.1486","0.5631"
"163.7950","0.1486","0.5630"
"163.8150","0.1486","0.5630"
"163.8350","0.1486","0.5631"
"163.8550","0.1486","0.5631"
"163.8750","0.1486","0.5631"
"163.8950","0.1486","0.5630"
"163.9150","0.1486","0.5631"
"163.9350","0.1486","0.5631"
"163.9550","0.1486","0.5630"
"163.9750","0.1486","0.5630"
"163.9950","0.1486","0.5631"
"164.0150","0.1486","0.5631"
"164.0350","0.1486","0.5631"
"164.0550","0.1486","0.5631"
"164.0750","0.1486","0.5631"
"164.0950","0.1486","0.5631"
"164.1150","0.1486","0.5630"
"164.1350","0.1486","0.5631"
"164.1550","0.1486","0.5631"
"164.1750","0.1486","0.5631"
"164.1950","0.1486","0.5631"
"164.2150","0.1486","0.5631"
"164.2350","0.1486","0.5630"
"164.2550","0.1486","0.5630"
"164.2750","0.1486","0.5630"
"164.2950","0.1486","0.5630"
"164.3150","0.1486","0.5631"
"164.3350","0.1486","0.5630"
"164.3550","0.1486","0.5630"
"164.3750","0.1486","0.5630"
"164.3950","0.1486","0.5630"
"164.4150","0.1486","0.5630"
"164.4350","0.1486","0.5630"
"164.4550","0.1486","0.5630"
"164.4750","0.1486","0.5630"
"164.4950","0.1486","0.5629"
"164.5150","0.1486","0.5629"
"164.5350","0.1486","0.5629"
"164.5550","0.1486","0.5629"
"164.5750","0.1486","0.5629"
"164.5950","0.1486","0.5629"
"164.6150","0.1486","0.5629"
"164.6350","0.1486","0.5628"
"164.6550","0.1486","0.5629"
"164.6750","0.1486","0.5629"
"164.6950","0.1486","0.5628"
"164.7150","0.1486","0.5628"
"164.7350","0.1486","0.5628"
"164.7550","0.1486","0.5628"
"164.7750","0.1486","0.5629"
"164.7950","0.1486","0.5629"
"164.8150","0.1486","0.5629"
"164.8350","0.1486","0.5628"
"164.8550","0.1486","0.5629"
"164.8750","0.1486","0.5628"
"164.8950","0.1486","0.5628"
"164.9150","0.1486","0.5628"
"164.9350","0.1486","0.5628"
"164.9550","0.1486","0.5628"
"164.9750","0.1486","0.5628"
"164.9950","0.1486","0.5629"
"165.0150","0.1486","0.5628"
"165.0350","0.1486","0.5627"
"165.0550","0.1486","0.5627"
"165.0750","0.1486","0.5628"
"165.0950","0.1486","0.5627"
"165.1150","0.1486","0.5627"
"165.1350","0.1486","0.5628"
"165.1550","0.1486","0.5627"
"165.1750","0.1486","0.5627"
"165.1950","0.1486","0.5627"
"165.2150","0.1486","0.5627"
"165.2350","0.1486","0.5627"
"165.2550","0.1486","0.5627"
"165.2750","0.1486","0.5627"
"165.2950","0.1486","0.5627"
"165.3150","0.1486","0.5627"
"165.3350","0.1486","0.5627"
"165.3550","0.1486","0.5627"
"165.3750","0.1486","0.5627"
"165.3950","0.1486","0.5627"
"165.4150","0.1486","0.5627"
"165.4350","0.1486","0.5627"
"165.4550","0.1486","0.5627"
"165.4750","0.1486","0.5627"
"165.4950","0.1486","0.5627"
"165.5150","0.1486","0.5627"
"165.5350","0.1486","0.5627"
"165.5550","0.1486","0.5627"
"165.5750","0.1486","0.5627"
"165.5950","0.1486","0.5626"
"165.6150","0.1486","0.5627"
"165.6350","0.1486","0.5626"
"165.6550","0.1486","0.5626"
"165.6750","0.1486","0.5626"
"165.6950","0.1486","0.5627"
"165.7150","0.1486","0.5627"
"165.7350","0.1486","0.5625"
"165.7550","0.1486","0.5625"
"165.7750","0.1486","0.5626"
"165.7950","0.1486","0.5626"
"165.8150","0.1486","0.5625"
"165.8350","0.1486","0.5625"
"165.8550","0.1486","0.5625"
"165.8750","0.1486","0.5626"
"165.8950","0.1486","0.5627"
"165.9150","0.1486","0.5626"
"165.9350","0.1486","0.5625"
"165.9550","0.1486","0.5625"
"165.9750","0.1486","0.5626"
"165.9950","0.1486","0.5626"
"166.0150","0.1486","0.5626"
"166.0350","0.1486","0.5626"
"166.0550","0.1486","0.5626"
"166.0750","0.1486","0.5625"
"166.0950","0.1486","0.5624"
"166.1150","0.1486","0.5625"
"166.1350","0.1486","0.5625"
"166.1550","0.1486","0.5624"
"166.1750","0.1486","0.5624"
"166.1950","0.1486","0.5624"
"166.2150","0.1486","0.5624"
"166.2350","0.1486","0.5625"
"166.2550","0.1486","0.5625"
"166.2750","0.1486","0.5625"
"166.2950","0.1486","0.5625"
"166.3150","0.1486","0.5625"
"166.3350","0.1486","0.5625"
"166.3550","0.1486","0.5625"
"166.3750","0.1486","0.5624"
"166.3950","0.1486","0.5623"
"166.4150","0.1486","0.5623"
"166.4350","0.1486","0.5624"
"166.4550","0.1486","0.5624"
"166.4750","0.1486","0.5624"
"166.4950","0.1486","0.5623"
"166.5150","0.1486","0.5623"
"166.5350","0.1486","0.5623"
"166.5550","0.1486","0.5624"
"166.5750","0.1486","0.5624"
"166.5950","0.1486","0.5624"
"166.6150","0.1486","0.5623"
"166.6350","0.1486","0.5624"
"166.6550","0.1486","0.5624"
"166.6750","0.1486","0.5624"
"166.6950","0.1486","0.5623"
"166.7150","0.1486","0.5623"
"166.7350","0.1486","0.5622"
"166.7550","0.1486","0.5624"
"166.7750","0.1486","0.5624"
"166.7950","0.1486","0.5624"
"166.8150","0.1486","0.5623"
"166.8350","0.1486","0.5623"
"166.8550","0.1486","0.5623"
"166.8750","0.1486","0.5622"
"166.8950","0.1486","0.5622"
"166.9150","0.1486","0.5623"
"166.9350","0.1486","0.5623"
"166.9550","0.1486","0.5623"
"166.9750","0.1486","0.5622"
"166.9950","0.1486","0.5623"
"167.0150","0.1486","0.5623"
"167.0350","0.1486","0.5622"
"167.0550","0.1486","0.5622"
"167.0750","0.1486","0.5622"
"167.0950","0.1486","0.5622"
"167.1150","0.1486","0.5623"
"167.1350","0.1486","0.5623"
"167.1550","0.1486","0.5623"
"167.1750","0.1486","0.5623"
"167.1950","0.1486","0.5623"
"167.2150","0.1486","0.5622"
"167.2350","0.1486","0.5622"
"167.2550","0.1486","0.5622"
"167.2750","0.1486","0.5621"
"167.2950","0.1486","0.5622"
"167.3150","0.1486","0.5622"
"167.3350","0.1486","0.5622"
"167.3550","0.1486","0.5622"
"167.3750","0.1486","0.5622"
"167.3950","0.1486","0.5621"
"167.4150","0.1486","0.5621"
"167.4350","0.1486","0.5621"
"167.4550","0.1486","0.5621"
"167.4750","0.1486","0.5621"
"167.4950","0.1486","0.5621"
"167.5150","0.1486","0.5621"
"167.5350","0.1486","0.5621"
"167.5550","0.1486","0.5621"
"167.5750","0.1486","0.5621"
"167.5950","0.1486","0.5621"
"167.6150","0.1486","0.5620"
"167.6350","0.1486","0.5621"
"167.6550","0.1486","0.5622"
"167.6750","0.1486","0.5621"
"167.6950","0.1486","0.5621"
"167.7150","0.1486","0.5621"
"167.7350","0.1486","0.5620"
"167.7550","0.1486","0.5621"
"167.7750","0.1486","0.5621"
"167.7950","0.1486","0.5621"
"167.8150","0.1486","0.5620"
"167.8350","0.1486","0.5620"
"167.8550","0.1486","0.5620"
"167.8750","0.1486","0.5620"
"167.8950","0.1486","0.5621"
"167.9150","0.1486","0.5620"
"167.9350","0.1486","0.5621"
"167.9550","0.1486","0.5621"
"167.9750","0.1486","0.5620"
"167.9950","0.1486","0.5619"
"168.0150","0.1486","0.5620"
"168.0350","0.1486","0.5620"
"168.0550","0.1486","0.5619"
"168.0750","0.1486","0.5619"
"168.0950","0.1486","0.5619"
"168.1150","0.1486","0.5620"
"168.1350","0.1486","0.5620"
"168.1550","0.1486","0.5620"
"168.1750","0.1486","0.5620"
"168.1950","0.1486","0.5620"
"168.2150","0.1486","0.5620"
"168.2350","0.1486","0.5619"
"168.2550","0.1486","0.5619"
"168.2750","0.1486","0.5619"
"168.2950","0.1486","0.5619"
"168.3150","0.1486","0.5620"
"168.3350","0.1486","0.5620"
"168.3550","0.1486","0.5619"
"168.3750","0.1486","0.5619"
"168.3950","0.1486","0.5619"
"168.4150","0.1486","0.5619"
"168.4350","0.1486","0.5619"
"168.4550","0.1486","0.5618"
"168.4750","0.1486","0.5618"
"168.4950","0.1486","0.5619"
"168.5150","0.1486","0.5618"
"168.5350","0.1486","0.5618"
"168.5550","0.1486","0.5618"
"168.5750","0.1486","0.5618"
"168.5950","0.1486","0.5618"
"168.6150","0.1486","0.5618"
"168.6350","0.1486","0.5618"
"168.6550","0.1486","0.5618"
"168.6750","0.1486","0.5618"
"168.6950","0.1486","0.5618"
"168.7150","0.1486","0.5618"
"168.7350","0.1486","0.5618"
"168.7550","0.1486","0.5618"
"168.7750","0.1486","0.5618"
"168.7950","0.1486","0.5618"
"168.8150","0.1486","0.5618"
"168.8350","0.1486","0.5618"
"168.8550","0.1486","0.5618"
"168.8750","0.1486","0.5618"
"168.8950","0.1486","0.5619"
"168.9150","0.1486","0.5617"
"168.9350","0.1486","0.5617"
"168.9550","0.1486","0.5617"
"168.9750","0.1486","0.5618"
"168.9950","0.1486","0.5618"
"169.0150","0.1486","0.5618"
"169.0350","0.1486","0.5618"
"169.0550","0.1486","0.5617"
"169.0750","0.1486","0.5616"
"169.0950","0.1486","0.5616"
"169.1150","0.1486","0.5616"
"169.1350","0.1486","0.5616"
"169.1550","0.1486","0.5616"
"169.1750","0.1486","0.5617"
"169.1950","0.1486","0.5617"
"169.2150","0.1486","0.5616"
"169.2350","0.1486","0.5616"
"169.2550","0.1486","0.5617"
"169.2750","0.1486","0.5617"
"169.2950","0.1486","0.5617"
"169.3150","0.1486","0.5616"
"169.3350","0.1486","0.5616"
"169.3550","0.1486","0.5616"
"169.3750","0.1486","0.5616"
"169.3950","0.1486","0.5616"
"169.4150","0.1486","0.5616"
"169.4350","0.1486","0.5615"
"169.4550","0.1486","0.5616"
"169.4750","0.1486","0.5617"
"169.4950","0.1486","0.5617"
"169.5150","0.1486","0.5617"
"169.5350","0.1486","0.5616"
"169.5550","0.1486","0.5616"
"169.5750","0.1486","0.5617"
"169.5950","0.1486","0.5616"
"169.6150","0.1486","0.5616"
"169.6350","0.1486","0.5616"
"169.6550","0.1486","0.5616"
"169.6750","0.1486","0.5616"
"169.6950","0.1486","0.5616"
"169.7150","0.1486","0.5616"
"169.7350","0.1486","0.5616"
"169.7550","0.1486","0.5615"
"169.7750","0.1486","0.5615"
"169.7950","0.1486","0.5616"
"169.8150","0.1486","0.5615"
"169.8350","0.1486","0.5616"
"169.8550","0.1486","0.5616"
"169.8750","0.1486","0.5615"
"169.8950","0.1486","0.5615"
"169.9150","0.1486","0.5615"
"169.9350","0.1486","0.5615"
"169.9550","0.1486","0.5615"
"169.9750","0.1486","0.5614"
"169.9950","0.1486","0.5613"
"170.0150","0.1486","0.5615"
"170.0350","0.1486","0.5615"
"170.0550","0.1486","0.5614"
"170.0750","0.1486","0.5614"
"170.0950","0.1486","0.5613"
"170.1150","0.1486","0.5614"
"170.1350","0.1486","0.5614"
"170.1550","0.1486","0.5614"
"170.1750","0.1486","0.5615"
"170.1950","0.1486","0.5615"
"170.2150","0.1486","0.5615"
"170.2350","0.1486","0.5615"
"170.2550","0.1486","0.5614"
"170.2750","0.1486","0.5614"
"170.2950","0.1486","0.5615"
"170.3150","0.1486","0.5614"
"170.3350","0.1486","0.5614"
"170.3550","0.1486","0.5614"
"170.3750","0.1486","0.5614"
"170.3950","0.1486","0.5613"
"170.4150","0.1486","0.5613"
"170.4350","0.1486","0.5613"
"170.4550","0.1486","0.5613"
"170.4750","0.1486","0.5613"
"170.4950","0.1486","0.5613"
"170.5150","0.1486","0.5613"
"170.5350","0.1486","0.5613"
"170.5550","0.1486","0.5614"
"170.5750","0.1486","0.5613"
"170.5950","0.1486","0.5613"
"170.6150","0.1486","0.5613"
"170.6350","0.1486","0.5613"
"170.6550","0.1486","0.5613"
"170.6750","0.1486","0.5613"
"170.6950","0.1486","0.5614"
"170.7150","0.1486","0.5614"
"170.7350","0.1486","0.5613"
"170.7550","0.1486","0.5612"
"170.7750","0.1486","0.5612"
"170.7950","0.1486","0.5612"
"170.8150","0.1486","0.5612"
"170.8350","0.1486","0.5612"
"170.8550","0.1486","0.5612"
"170.8750","0.1486","0.5613"
"170.8950","0.1486","0.5613"
"170.9150","0.1486","0.5612"
"170.9350","0.1486","0.5612"
"170.9550","0.1486","0.5613"
"170.9750","0.1486","0.5613"
"170.9950","0.1486","0.5612"
"171.0150","0.1486","0.5611"
"171.0350","0.1486","0.5612"
"171.0550","0.1486","0.5613"
"171.0750","0.1486","0.5613"
"171.0950","0.1486","0.5612"
"171.1150","0.1486","0.5612"
"171.1350","0.1486","0.5611"
"171.1550","0.1486","0.5611"
"171.1750","0.1486","0.5612"
"171.1950","0.1486","0.5612"
"171.2150","0.1486","0.5611"
"171.2350","0.1486","0.5612"
"171.2550","0.1486","0.5613"
"171.2750","0.1486","0.5612"
"171.2950","0.1486","0.5612"
"171.3150","0.1486","0.5611"
"171.3350","0.1486","0.5611"
"171.3550","0.1486","0.5611"
"171.3750","0.1486","0.5611"
"171.3950","0.1486","0.5611"
"171.4150","0.1486","0.5611"
"171.4350","0.1486","0.5611"
"171.4550","0.1486","0.5611"
"171.4750","0.1486","0.5611"
"171.4950","0.1486","0.5611"
"171.5150","0.1486","0.5611"
"171.5350","0.1486","0.5611"
"171.5550","0.1486","0.5611"
"171.5750","0.1486","0.5611"
"171.5950","0.1486","0.5611"
"171.6150","0.1486","0.5611"
"171.6350","0.1486","0.5610"
"171.6550","0.1486","0.5610"
"171.6750","0.1486","0.5611"
"171.6950","0.1486","0.5611"
"171.7150","0.1486","0.5611"
"171.7350","0.1486","0.5610"
"171.7550","0.1486","0.5610"
"171.7750","0.1486","0.5610"
"171.7950","0.1486","0.5611"
"171.8150","0.1486","0.5611"
"171.8350","0.1486","0.5611"
"171.8550","0.1486","0.5610"
"171.8750","0.1486","0.5610"
"171.8950","0.1486","0.5610"
"171.9150","0.1486","0.5610"
"171.9350","0.1486","0.5610"
"171.9550","0.1486","0.5610"
"171.9750","0.1486","0.5610"
"171.9950","0.1486","0.5609"
"172.0150","0.1486","0.5609"
"172.0350","0.1486","0.5610"
"172.0550","0.1486","0.5609"
"172.0750","0.1486","0.5609"
"172.0950","0.1486","0.5608"
"172.1150","0.1486","0.5609"
"172.1350","0.1486","0.5609"
"172.1550","0.1486","0.5610"
"172.1750","0.1486","0.5609"
"172.1950","0.1486","0.5610"
"172.2150","0.1486","0.5610"
"172.2350","0.1486","0.5609"
"172.2550","0.1486","0.5609"
"172.2750","0.1486","0.5609"
"172.2950","0.1486","0.5609"
"172.3150","0.1486","0.5609"
"172.3350","0.1486","0.5609"
"172.3550","0.1486","0.5608"
"172.3750","0.1486","0.5608"
"172.3950","0.1486","0.5608"
"172.4150","0.1486","0.5608"
"172.4350","0.1486","0.5609"
"172.4550","0.1486","0.5609"
"172.4750","0.1486","0.5608"
"172.4950","0.1486","0.5609"
"172.5150","0.1486","0.5609"
"172.5350","0.1486","0.5609"
"172.5550","0.1486","0.5609"
"172.5750","0.1486","0.5608"
"172.5950","0.1486","0.5608"
"172.6150","0.1486","0.5608"
"172.6350","0.1486","0.5608"
"172.6550","0.1486","0.5608"
"172.6750","0.1486","0.5608"
"172.6950","0.1486","0.5608"
"172.7150","0.1486","0.5608"
"172.7350","0.1486","0.5607"
"172.7550","0.1486","0.5607"
"172.7750","0.1486","0.5607"
"172.7950","0.1486","0.5608"
"172.8150","0.1486","0.5607"
"172.8350","0.1486","0.5607"
"172.8550","0.1486","0.5607"
"172.8750","0.1486","0.5607"
"172.8950","0.1486","0.5607"
"172.9150","0.1486","0.5607"
"172.9350","0.1486","0.5608"
"172.9550","0.1486","0.5607"
"172.9750","0.1486","0.5608"
"172.9950","0.1486","0.5609"
"173.0150","0.1486","0.5608"
"173.0350","0.1486","0.5607"
"173.0550","0.1486","0.5607"
"173.0750","0.1486","0.5606"
"173.0950","0.1486","0.5607"
"173.1150","0.1486","0.5607"
"173.1350","0.1486","0.5607"
"173.1550","0.1486","0.5607"
"173.1750","0.1486","0.5606"
"173.1950","0.1486","0.5606"
"173.2150","0.1486","0.5607"
"173.2350","0.1486","0.5607"
"173.2550","0.1486","0.5607"
"173.2750","0.1486","0.5607"
"173.2950","0.1486","0.5607"
"173.3150","0.1486","0.5608"
"173.3350","0.1486","0.5607"
"173.3550","0.1486","0.5607"
"173.3750","0.1486","0.5606"
"173.3950","0.1486","0.5606"
"173.4150","0.1486","0.5606"
"173.4350","0.1486","0.5606"
"173.4550","0.1486","0.5606"
"173.4750","0.1486","0.5607"
"173.4950","0.1486","0.5607"
"173.5150","0.1486","0.5607"
"173.5350","0.1486","0.5606"
"173.5550","0.1486","0.5606"
"173.5750","0.1486","0.5605"
"173.5950","0.1486","0.5605"
"173.6150","0.1486","0.5606"
"173.6350","0.1486","0.5606"
"173.6550","0.1486","0.5606"
"173.6750","0.1486","0.5605"
"173.6950","0.1486","0.5606"
"173.7150","0.1486","0.5606"
"173.7350","0.1486","0.5605"
"173.7550","0.1486","0.5606"
"173.7750","0.1486","0.5606"
"173.7950","0.1486","0.5605"
"173.8150","0.1486","0.5605"
"173.8350","0.1486","0.5605"
"173.8550","0.1486","0.5606"
"173.8750","0.1486","0.5605"
"173.8950","0.1486","0.5605"
"173.9150","0.1486","0.5604"
"173.9350","0.1486","0.5605"
"173.9550","0.1486","0.5605"
"173.9750","0.1486","0.5604"
"173.9950","0.1486","0.5604"
"174.0150","0.1486","0.5604"
"174.0350","0.1486","0.5604"
"174.0550","0.1486","0.5605"
"174.0750","0.1486","0.5605"
"174.0950","0.1486","0.5605"
"174.1150","0.1486","0.5605"
"174.1350","0.1486","0.5604"
"174.1550","0.1486","0.5604"
"174.1750","0.1486","0.5603"
"174.1950","0.1486","0.5603"
"174.2150","0.1486","0.5604"
"174.2350","0.1486","0.5604"
"174.2550","0.1486","0.5604"
"174.2750","0.1486","0.5604"
"174.2950","0.1486","0.5604"
"174.3150","0.1486","0.5603"
"174.3350","0.1486","0.5604"
"174.3550","0.1486","0.5604"
"174.3750","0.1486","0.5604"
"174.3950","0.1486","0.5604"
"174.4150","0.1486","0.5604"
"174.4350","0.1486","0.5603"
"174.4550","0.1486","0.5603"
"174.4750","0.1486","0.5604"
"174.4950","0.1486","0.5603"
"174.5150","0.1486","0.5603"
"174.5350","0.1486","0.5604"
"174.5550","0.1486","0.5604"
"174.5750","0.1486","0.5604"
"174.5950","0.1486","0.5604"
"174.6150","0.1486","0.5603"
"174.6350","0.1486","0.5603"
"174.6550","0.1486","0.5603"
"174.6750","0.1486","0.5602"
"174.6950","0.1486","0.5602"
"174.7150","0.1486","0.5602"
"174.7350","0.1486","0.5603"
"174.7550","0.1486","0.5604"
"174.7750","0.1486","0.5603"
"174.7950","0.1486","0.5603"
"174.8150","0.1486","0.5603"
"174.8350","0.1486","0.5602"
"174.8550","0.1486","0.5602"
"174.8750","0.1486","0.5602"
"174.8950","0.1486","0.5602"
"174.9150","0.1486","0.5602"
"174.9350","0.1486","0.5602"
"174.9550","0.1486","0.5602"
"174.9750","0.1486","0.5602"
"174.9950","0.1486","0.5602"
"175.0150","0.1486","0.5602"
"175.0350","0.1486","0.5602"
"175.0550","0.1486","0.5602"
"175.0750","0.1486","0.5602"
"175.0950","0.1486","0.5603"
"175.1150","0.1486","0.5603"
"175.1350","0.1486","0.5601"
"175.1550","0.1486","0.5601"
"175.1750","0.1486","0.5600"
"175.1950","0.1486","0.5600"
"175.2150","0.1486","0.5601"
"175.2350","0.1486","0.5602"
"175.2550","0.1486","0.5602"
"175.2750","0.1486","0.5602"
"175.2950","0.1486","0.5601"
"175.3150","0.1486","0.5601"
"175.3350","0.1486","0.5600"
"175.3550","0.1486","0.5600"
"175.3750","0.1486","0.5600"
"175.3950","0.1486","0.5601"
"175.4150","0.1486","0.5601"
"175.4350","0.1486","0.5601"
"175.4550","0.1486","0.5601"
"175.4750","0.1486","0.5600"
"175.4950","0.1486","0.5600"
"175.5150","0.1486","0.5600"
"175.5350","0.1486","0.5600"
"175.5550","0.1486","0.5601"
"175.5750","0.1486","0.5600"
"175.5950","0.1486","0.5600"
"175.6150","0.1486","0.5599"
"175.6350","0.1486","0.5600"
"175.6550","0.1486","0.5600"
"175.6750","0.1486","0.5600"
"175.6950","0.1486","0.5600"
"175.7150","0.1486","0.5601"
"175.7350","0.1486","0.5602"
"175.7550","0.1486","0.5601"
"175.7750","0.1486","0.5601"
"175.7950","0.1486","0.5600"
"175.8150","0.1486","0.5601"
"175.8350","0.1486","0.5600"
"175.8550","0.1486","0.5600"
"175.8750","0.1486","0.5600"
"175.8950","0.1486","0.5600"
"175.9150","0.1486","0.5600"
"175.9350","0.1486","0.5600"
"175.9550","0.1486","0.5600"
"175.9750","0.1486","0.5599"
"175.9950","0.1486","0.5598"
"176.0150","0.1486","0.5598"
"176.0350","0.1486","0.5599"
"176.0550","0.1486","0.5599"
"176.0750","0.1486","0.5600"
"176.0950","0.1486","0.5600"
"176.1150","0.1486","0.5600"
"176.1350","0.1486","0.5599"
"176.1550","0.1486","0.5598"
"176.1750","0.1486","0.5598"
"176.1950","0.1486","0.5599"
"176.2150","0.1486","0.5599"
"176.2350","0.1486","0.5600"
"176.2550","0.1486","0.5599"
"176.2750","0.1486","0.5599"
"176.2950","0.1486","0.5599"
"176.3150","0.1486","0.5599"
"176.3350","0.1486","0.5598"
"176.3550","0.1486","0.5598"
"176.3750","0.1486","0.5598"
"176.3950","0.1486","0.5599"
"176.4150","0.1486","0.5599"
"176.4350","0.1486","0.5598"
"176.4550","0.1486","0.5598"
"176.4750","0.1486","0.5598"
"176.4950","0.1486","0.5598"
"176.5150","0.1486","0.5598"
"176.5350","0.1486","0.5598"
"176.5550","0.1486","0.5598"
"176.5750","0.1486","0.5598"
"176.5950","0.1486","0.5598"
"176.6150","0.1486","0.5598"
"176.6350","0.1486","0.5598"
"176.6550","0.1486","0.5598"
"176.6750","0.1486","0.5598"
"176.6950","0.1486","0.5598"
"176.7150","0.1486","0.5597"
"176.7350","0.1486","0.5597"
"176.7550","0.1486","0.5597"
"176.7750","0.1486","0.5597"
"176.7950","0.1486","0.5597"
"176.8150","0.1486","0.5598"
"176.8350","0.1486","0.5597"
"176.8550","0.1486","0.5597"
"176.8750","0.1486","0.5597"
"176.8950","0.1486","0.5597"
"176.9150","0.1486","0.5598"
"176.9350","0.1486","0.5598"
"176.9550","0.1486","0.5598"
"176.9750","0.1486","0.5598"
"176.9950","0.1486","0.5598"
"177.0150","0.1486","0.5597"
"177.0350","0.1486","0.5596"
"177.0550","0.1486","0.5597"
"177.0750","0.1486","0.5597"
"177.0950","0.1486","0.5597"
"177.1150","0.1486","0.5597"
"177.1350","0.1486","0.5596"
"177.1550","0.1486","0.5596"
"177.1750","0.1486","0.5597"
"177.1950","0.1486","0.5597"
"177.2150","0.1486","0.5597"
"177.2350","0.1486","0.5597"
"177.2550","0.1486","0.5597"
"177.2750","0.1486","0.5597"
"177.2950","0.1486","0.5596"
"177.3150","0.1486","0.5596"
"177.3350","0.1486","0.5596"
"177.3550","0.1486","0.5596"
"177.3750","0.1486","0.5597"
"177.3950","0.1486","0.5596"
"177.4150","0.1486","0.5597"
"177.4350","0.1486","0.5596"
"177.4550","0.1486","0.5596"
"177.4750","0.1486","0.5596"
"177.4950","0.1486","0.5596"
"177.5150","0.1486","0.5596"
"177.5350","0.1486","0.5596"
"177.5550","0.1486","0.5595"
"177.5750","0.1486","0.5595"
"177.5950","0.1486","0.5595"
"177.6150","0.1486","0.5595"
"177.6350","0.1486","0.5595"
"177.6550","0.1486","0.5595"
"177.6750","0.1486","0.5595"
"177.6950","0.1486","0.5595"
"177.7150","0.1486","0.5595"
"177.7350","0.1486","0.5596"
"177.7550","0.1486","0.5595"
"177.7750","0.1486","0.5595"
"177.7950","0.1486","0.5596"
"177.8150","0.1486","0.5595"
"177.8350","0.1486","0.5595"
"177.8550","0.1486","0.5595"
"177.8750","0.1486","0.5595"
"177.8950","0.1486","0.5595"
"177.9150","0.1486","0.5595"
"177.9350","0.1486","0.5595"
"177.9550","0.1486","0.5595"
"177.9750","0.1486","0.5594"
"177.9950","0.1486","0.5594"
"178.0150","0.1486","0.5595"
"178.0350","0.1486","0.5595"
"178.0550","0.1486","0.5595"
"178.0750","0.1486","0.5594"
"178.0950","0.1486","0.5594"
"178.1150","0.1486","0.5594"
"178.1350","0.1486","0.5594"
"178.1550","0.1486","0.5594"
"178.1750","0.1486","0.5594"
"178.1950","0.1486","0.5594"
"178.2150","0.1486","0.5594"
"178.2350","0.1486","0.5595"
"178.2550","0.1486","0.5595"
"178.2750","0.1486","0.5593"
"178.2950","0.1486","0.5593"
"178.3150","0.1486","0.5593"
"178.3350","0.1486","0.5593"
"178.3550","0.1486","0.5593"
"178.3750","0.1486","0.5594"
"178.3950","0.1486","0.5594"
"178.4150","0.1486","0.5594"
"178.4350","0.1486","0.5593"
"178.4550","0.1486","0.5593"
"178.4750","0.1486","0.5593"
"178.4950","0.1486","0.5593"
"178.5150","0.1486","0.5593"
"178.5350","0.1486","0.5593"
"178.5550","0.1486","0.5593"
"178.5750","0.1486","0.5593"
"178.5950","0.1486","0.5593"
"178.6150","0.1486","0.5592"
"178.6350","0.1486","0.5593"
"178.6550","0.1486","0.5593"
"178.6750","0.1486","0.5593"
"178.6950","0.1486","0.5592"
"178.7150","0.1486","0.5592"
"178.7350","0.1486","0.5592"
"178.7550","0.1486","0.5592"
"178.7750","0.1486","0.5592"
"178.7950","0.1486","0.5593"
"178.8150","0.1486","0.5593"
"178.8350","0.1486","0.5593"
"178.8550","0.1486","0.5592"
"178.8750","0.1486","0.5592"
"178.8950","0.1486","0.5593"
"178.9150","0.1486","0.5592"
"178.9350","0.1486","0.5593"
"178.9550","0.1486","0.5593"
"178.9750","0.1486","0.5592"
"178.9950","0.1486","0.5592"
"179.0150","0.1486","0.5592"
"179.0350","0.1486","0.5593"
"179.0550","0.1486","0.5592"
"179.0750","0.1486","0.5592"
"179.0950","0.1486","0.5592"
"179.1150","0.1486","0.5591"
"179.1350","0.1486","0.5591"
"179.1550","0.1486","0.5591"
"179.1750","0.1486","0.5591"
"179.1950","0.1486","0.5591"
"179.2150","0.1486","0.5592"
"179.2350","0.1486","0.5592"
"179.2550","0.1486","0.5592"
"179.2750","0.1486","0.5592"
"179.2950","0.1486","0.5591"
"179.3150","0.1486","0.5591"
"179.3350","0.1486","0.5591"
"179.3550","0.1486","0.5591"
"179.3750","0.1486","0.5591"
"179.3950","0.1486","0.5591"
"179.4150","0.1486","0.5591"
"179.4350","0.1486","0.5591"
"179.4550","0.1486","0.5591"
"179.4750","0.1486","0.5591"
"179.4950","0.1486","0.5592"
"179.5150","0.1486","0.5592"
"179.5350","0.1486","0.5592"
"179.5550","0.1486","0.5590"
"179.5750","0.1486","0.5591"
"179.5950","0.1486","0.5591"
"179.6150","0.1486","0.5591"
"179.6350","0.1486","0.5591"
"179.6550","0.1486","0.5590"
"179.6750","0.1486","0.5591"
"179.6950","0.1486","0.5592"
"179.7150","0.1486","0.5592"
"179.7350","0.1486","0.5591"
"179.7550","0.1486","0.5591"
"179.7750","0.1486","0.5590"
"179.7950","0.1486","0.5591"
"179.8150","0.1486","0.5590"
"179.8350","0.1486","0.5590"
"179.8550","0.1486","0.5591"
"179.8750","0.1486","0.5591"
"179.8950","0.1486","0.5590"
"179.9150","0.1486","0.5590"
"179.9350","0.1486","0.5590"
"179.9550","0.1486","0.5591"
"179.9750","0.1486","0.5591"
"179.9950","0.1486","0.5590"
"180.0150","0.1486","0.5590"
"180.0350","0.1486","0.5589"
"180.0550","0.1486","0.5589"
"180.0750","0.1486","0.5590"
"180.0950","0.1486","0.5590"
"180.1150","0.1486","0.5589"
"180.1350","0.1486","0.5588"
"180.1550","0.1486","0.5588"
"180.1750","0.1486","0.5589"
"180.1950","0.1486","0.5589"
"180.2150","0.1486","0.5588"
"180.2350","0.1486","0.5589"
"180.2550","0.1486","0.5589"
"180.2750","0.1486","0.5590"
"180.2950","0.1486","0.5589"
"180.3150","0.1486","0.5589"
"180.3350","0.1486","0.5589"
"180.3550","0.1486","0.5589"
"180.3750","0.1486","0.5589"
"180.3950","0.1486","0.5590"
"180.4150","0.1486","0.5589"
"180.4350","0.1486","0.5589"
"180.4550","0.1486","0.5588"
"180.4750","0.1486","0.5588"
"180.4950","0.1486","0.5588"
"180.5150","0.1486","0.5589"
"180.5350","0.1486","0.5589"
"180.5550","0.1486","0.5589"
"180.5750","0.1486","0.5588"
"180.5950","0.1486","0.5588"
"180.6150","0.1486","0.5588"
"180.6350","0.1486","0.5588"
"180.6550","0.1486","0.5588"
"180.6750","0.1486","0.5588"
"180.6950","0.1486","0.5587"
"180.7150","0.1486","0.5588"
"180.7350","0.1486","0.5588"
"180.7550","0.1486","0.5588"
"180.7750","0.1486","0.5587"
"180.7950","0.1486","0.5588"
"180.8150","0.1486","0.5588"
"180.8350","0.1486","0.5588"
"180.8550","0.1486","0.5588"
"180.8750","0.1486","0.5588"
"180.8950","0.1486","0.5588"
"180.9150","0.1486","0.5587"
"180.9350","0.1486","0.5588"
"180.9550","0.1486","0.5588"
"180.9750","0.1486","0.5588"
"180.9950","0.1486","0.5587"
"181.0150","0.1486","0.5587"
"181.0350","0.1486","0.5586"
"181.0550","0.1486","0.5587"
"181.0750","0.1486","0.5587"
"181.0950","0.1486","0.5587"
"181.1150","0.1486","0.5588"
"181.1350","0.1486","0.5587"
"181.1550","0.1486","0.5587"
"181.1750","0.1486","0.5587"
"181.1950","0.1486","0.5587"
"181.2150","0.1486","0.5587"
"181.2350","0.1486","0.5587"
"181.2550","0.1486","0.5587"
"181.2750","0.1486","0.5587"
"181.2950","0.1486","0.5587"
"181.3150","0.1486","0.5587"
"181.3350","0.1486","0.5587"
"181.3550","0.1486","0.5587"
"181.3750","0.1486","0.5587"
"181.3950","0.1486","0.5587"
"181.4150","0.1486","0.5586"
"181.4350","0.1486","0.5586"
"181.4550","0.1486","0.5586"
"181.4750","0.1486","0.5586"
"181.4950","0.1486","0.5587"
"181.5150","0.1486","0.5587"
"181.5350","0.1486","0.5587"
"181.5550","0.1486","0.5586"
"181.5750","0.1486","0.5586"
"181.5950","0.1486","0.5586"
"181.6150","0.1486","0.5586"
"181.6350","0.1486","0.5586"
"181.6550","0.1486","0.5586"
"181.6750","0.1486","0.5586"
"181.6950","0.1486","0.5587"
"181.7150","0.1486","0.5586"
"181.7350","0.1486","0.5586"
"181.7550","0.1486","0.5585"
"181.7750","0.1486","0.5586"
"181.7950","0.1486","0.5586"
"181.8150","0.1486","0.5586"
"181.8350","0.1486","0.5586"
"181.8550","0.1486","0.5587"
"181.8750","0.1486","0.5586"
"181.8950","0.1486","0.5585"
"181.9150","0.1486","0.5586"
"181.9350","0.1486","0.5585"
"181.9550","0.1486","0.5584"
"181.9750","0.1486","0.5585"
"181.9950","0.1486","0.5584"
"182.0150","0.1486","0.5585"
"182.0350","0.1486","0.5585"
"182.0550","0.1486","0.5586"
"182.0750","0.1486","0.5585"
"182.0950","0.1486","0.5585"
"182.1150","0.1486","0.5584"
"182.1350","0.1486","0.5585"
"182.1550","0.1486","0.5584"
"182.1750","0.1486","0.5584"
"182.1950","0.1486","0.5584"
"182.2150","0.1486","0.5585"
"182.2350","0.1486","0.5584"
"182.2550","0.1486","0.5584"
"182.2750","0.1486","0.5584"
"182.2950","0.1486","0.5583"
"182.3150","0.1486","0.5583"
"182.3350","0.1486","0.5583"
"182.3550","0.1486","0.5584"
"182.3750","0.1486","0.5584"
"182.3950","0.1486","0.5584"
"182.4150","0.1486","0.5584"
"182.4350","0.1486","0.5583"
"182.4550","0.1486","0.5583"
"182.4750","0.1486","0.5584"
"182.4950","0.1486","0.5584"
"182.5150","0.1486","0.5584"
"182.5350","0.1486","0.5584"
"182.5550","0.1486","0.5583"
"182.5750","0.1486","0.5583"
"182.5950","0.1486","0.5583"
"182.6150","0.1486","0.5584"
"182.6350","0.1486","0.5584"
"182.6550","0.1486","0.5583"
"182.6750","0.1486","0.5583"
"182.6950","0.1486","0.5583"
"182.7150","0.1486","0.5584"
"182.7350","0.1486","0.5583"
"182.7550","0.1486","0.5583"
"182.7750","0.1486","0.5583"
"182.7950","0.1486","0.5583"
"182.8150","0.1486","0.5583"
"182.8350","0.1486","0.5583"
"182.8550","0.1486","0.5584"
"182.8750","0.1486","0.5584"
"182.8950","0.1486","0.5584"
"182.9150","0.1486","0.5583"
"182.9350","0.1486","0.5582"
"182.9550","0.1486","0.5583"
"182.9750","0.1486","0.5583"
"182.9950","0.1486","0.5582"
"183.0150","0.1486","0.5582"
"183.0350","0.1486","0.5583"
"183.0550","0.1486","0.5583"
"183.0750","0.1486","0.5583"
"183.0950","0.1486","0.5582"
"183.1150","0.1486","0.5582"
"183.1350","0.1486","0.5582"
"183.1550","0.1486","0.5582"
"183.1750","0.1486","0.5582"
"183.1950","0.1486","0.5582"
"183.2150","0.1486","0.5582"
"183.2350","0.1486","0.5582"
"183.2550","0.1486","0.5583"
"183.2750","0.1486","0.5583"
"183.2950","0.1486","0.5583"
"183.3150","0.1486","0.5582"
"183.3350","0.1486","0.5582"
"183.3550","0.1486","0.5582"
"183.3750","0.1486","0.5582"
"183.3950","0.1486","0.5582"
"183.4150","0.1486","0.5582"
"183.4350","0.1486","0.5582"
"183.4550","0.1486","0.5582"
"183.4750","0.1486","0.5582"
"183.4950","0.1486","0.5581"
"183.5150","0.1486","0.5581"
"183.5350","0.1486","0.5581"
"183.5550","0.1486","0.5581"
"183.5750","0.1486","0.5582"
"183.5950","0.1486","0.5582"
"183.6150","0.1486","0.5581"
"183.6350","0.1486","0.5582"
"183.6550","0.1486","0.5582"
"183.6750","0.1486","0.5581"
"183.6950","0.1486","0.5581"
"183.7150","0.1486","0.5581"
"183.7350","0.1486","0.5581"
"183.7550","0.1486","0.5581"
"183.7750","0.1486","0.5581"
"183.7950","0.1486","0.5580"
"183.8150","0.1486","0.5580"
"183.8350","0.1486","0.5581"
"183.8550","0.1486","0.5581"
"183.8750","0.1486","0.5581"
"183.8950","0.1486","0.5581"
"183.9150","0.1486","0.5580"
"183.9350","0.1486","0.5580"
"183.9550","0.1486","0.5580"
"183.9750","0.1486","0.5580"
"183.9950","0.1486","0.5579"
"184.0150","0.1486","0.5579"
"184.0350","0.1486","0.5580"
"184.0550","0.1486","0.5580"
"184.0750","0.1486","0.5580"
"184.0950","0.1486","0.5580"
"184.1150","0.1486","0.5580"
"184.1350","0.1486","0.5580"
"184.1550","0.1486","0.5580"
"184.1750","0.1486","0.5580"
"184.1950","0.1486","0.5580"
"184.2150","0.1486","0.5580"
"184.2350","0.1486","0.5580"
"184.2550","0.1486","0.5580"
"184.2750","0.1486","0.5580"
"184.2950","0.1486","0.5580"
"184.3150","0.1486","0.5579"
"184.3350","0.1486","0.5579"
"184.3550","0.1486","0.5579"
"184.3750","0.1486","0.5579"
"184.3950","0.1486","0.5579"
"184.4150","0.1486","0.5580"
"184.4350","0.1486","0.5580"
"184.4550","0.1486","0.5580"
"184.4750","0.1486","0.5579"
"184.4950","0.1486","0.5580"
"184.5150","0.1486","0.5580"
"184.5350","0.1486","0.5580"
"184.5550","0.1486","0.5579"
"184.5750","0.1486","0.5578"
"184.5950","0.1486","0.5579"
"184.6150","0.1486","0.5579"
"184.6350","0.1486","0.5579"
"184.6550","0.1486","0.5579"
"184.6750","0.1486","0.5579"
"184.6950","0.1486","0.5578"
"184.7150","0.1486","0.5579"
"184.7350","0.1486","0.5579"
"184.7550","0.1486","0.5579"
"184.7750","0.1486","0.5579"
"184.7950","0.1486","0.5579"
"184.8150","0.1486","0.5579"
"184.8350","0.1486","0.5578"
"184.8550","0.1486","0.5577"
"184.8750","0.1486","0.5578"
"184.8950","0.1486","0.5578"
"184.9150","0.1486","0.5577"
"184.9350","0.1486","0.5577"
"184.9550","0.1486","0.5578"
"184.9750","0.1486","0.5578"
"184.9950","0.1486","0.5578"
"185.0150","0.1486","0.5577"
"185.0350","0.1486","0.5578"
"185.0550","0.1486","0.5578"
"185.0750","0.1486","0.5578"
"185.0950","0.1486","0.5578"
"185.1150","0.1486","0.5578"
"185.1350","0.1486","0.5579"
"185.1550","0.1486","0.5579"
"185.1750","0.1486","0.5578"
"185.1950","0.1486","0.5577"
"185.2150","0.1486","0.5577"
"185.2350","0.1486","0.5577"
"185.2550","0.1486","0.5577"
"185.2750","0.1486","0.5578"
"185.2950","0.1486","0.5578"
"185.3150","0.1486","0.5577"
"185.3350","0.1486","0.5577"
"185.3550","0.1486","0.5577"
"185.3750","0.1486","0.5577"
"185.3950","0.1486","0.5577"
"185.4150","0.1486","0.5576"
"185.4350","0.1486","0.5577"
"185.4550","0.1486","0.5576"
"185.4750","0.1486","0.5577"
"185.4950","0.1486","0.5577"
"185.5150","0.1486","0.5577"
"185.5350","0.1486","0.5576"
"185.5550","0.1486","0.5576"
"185.5750","0.1486","0.5576"
"185.5950","0.1486","0.5576"
"185.6150","0.1486","0.5576"
"185.6350","0.1486","0.5576"
"185.6550","0.1486","0.5576"
"185.6750","0.1486","0.5577"
"185.6950","0.1486","0.5576"
"185.7150","0.1486","0.5576"
"185.7350","0.1486","0.5576"
"185.7550","0.1486","0.5576"
"185.7750","0.1486","0.5576"
"185.7950","0.1486","0.5576"
"185.8150","0.1486","0.5575"
"185.8350","0.1486","0.5575"
"185.8550","0.1486","0.5576"
"185.8750","0.1486","0.5576"
"185.8950","0.1486","0.5576"
"185.9150","0.1486","0.5576"
"185.9350","0.1486","0.5576"
"185.9550","0.1486","0.5576"
"185.9750","0.1486","0.5575"
"185.9950","0.1486","0.5575"
"186.0150","0.1486","0.5575"
"186.0350","0.1486","0.5575"
"186.0550","0.1486","0.5575"
"186.0750","0.1486","0.5576"
"186.0950","0.1486","0.5576"
"186.1150","0.1486","0.5575"
"186.1350","0.1486","0.5576"
"186.1550","0.1486","0.5576"
"186.1750","0.1486","0.5575"
"186.1950","0.1486","0.5575"
"186.2150","0.1486","0.5575"
"186.2350","0.1486","0.5575"
"186.2550","0.1486","0.5575"
"186.2750","0.1486","0.5575"
"186.2950","0.1486","0.5575"
"186.3150","0.1486","0.5575"
"186.3350","0.1486","0.5575"
"186.3550","0.1486","0.5576"
"186.3750","0.1486","0.5575"
"186.3950","0.1486","0.5575"
"186.4150","0.1486","0.5575"
"186.4350","0.1486","0.5575"
"186.4550","0.1486","0.5574"
"186.4750","0.1486","0.5574"
"186.4950","0.1486","0.5573"
"186.5150","0.1486","0.5574"
"186.5350","0.1486","0.5574"
"186.5550","0.1486","0.5574"
"186.5750","0.1486","0.5574"
"186.5950","0.1486","0.5574"
"186.6150","0.1486","0.5574"
"186.6350","0.1486","0.5575"
"186.6550","0.1486","0.5574"
"186.6750","0.1486","0.5573"
"186.6950","0.1486","0.5573"
"186.7150","0.1486","0.5573"
"186.7350","0.1486","0.5573"
"186.7550","0.1486","0.5573"
"186.7750","0.1486","0.5573"
"186.7950","0.1486","0.5573"
"186.8150","0.1486","0.5573"
"186.8350","0.1486","0.5573"
"186.8550","0.1486","0.5574"
"186.8750","0.1486","0.5574"
"186.8950","0.1486","0.5573"
"186.9150","0.1486","0.5573"
"186.9350","0.1486","0.5573"
"186.9550","0.1486","0.5574"
"186.9750","0.1486","0.5574"
"186.9950","0.1486","0.5573"
"187.0150","0.1486","0.5573"
"187.0350","0.1486","0.5573"
"187.0550","0.1486","0.5573"
"187.0750","0.1486","0.5573"
"187.0950","0.1486","0.5573"
"187.1150","0.1486","0.5573"
"187.1350","0.1486","0.5574"
"187.1550","0.1486","0.5573"
"187.1750","0.1486","0.5572"
"187.1950","0.1486","0.5572"
"187.2150","0.1486","0.5573"
"187.2350","0.1486","0.5573"
"187.2550","0.1486","0.5573"
"187.2750","0.1486","0.5572"
"187.2950","0.1486","0.5572"
"187.3150","0.1486","0.5573"
"187.3350","0.1486","0.5574"
"187.3550","0.1486","0.5573"
"187.3750","0.1486","0.5572"
"187.3950","0.1486","0.5572"
"187.4150","0.1486","0.5572"
"187.4350","0.1486","0.5572"
"187.4550","0.1486","0.5572"
"187.4750","0.1486","0.5571"
"187.4950","0.1486","0.5571"
"187.5150","0.1486","0.5570"
"187.5350","0.1486","0.5571"
"187.5550","0.1486","0.5572"
"187.5750","0.1486","0.5572"
"187.5950","0.1486","0.5572"
"187.6150","0.1486","0.5572"
"187.6350","0.1486","0.5572"
"187.6550","0.1486","0.5571"
"187.6750","0.1486","0.5570"
"187.6950","0.1486","0.5571"
"187.7150","0.1486","0.5571"
"187.7350","0.1486","0.5571"
"187.7550","0.1486","0.5571"
"187.7750","0.1486","0.5571"
"187.7950","0.1486","0.5571"
"187.8150","0.1486","0.5572"
"187.8350","0.1486","0.5571"
"187.8550","0.1486","0.5571"
"187.8750","0.1486","0.5571"
"187.8950","0.1486","0.5571"
"187.9150","0.1486","0.5570"
"187.9350","0.1486","0.5570"
"187.9550","0.1486","0.5571"
"187.9750","0.1486","0.5572"
"187.9950","0.1486","0.5571"
"188.0150","0.1486","0.5571"
"188.0350","0.1486","0.5570"
"188.0550","0.1486","0.5570"
"188.0750","0.1486","0.5570"
"188.0950","0.1486","0.5570"
"188.1150","0.1486","0.5570"
"188.1350","0.1486","0.5570"
"188.1550","0.1486","0.5570"
"188.1750","0.1486","0.5571"
"188.1950","0.1486","0.5571"
"188.2150","0.1486","0.5571"
"188.2350","0.1486","0.5571"
"188.2550","0.1486","0.5571"
"188.2750","0.1486","0.5570"
"188.2950","0.1486","0.5569"
"188.3150","0.1486","0.5569"
"188.3350","0.1486","0.5570"
"188.3550","0.1486","0.5570"
"188.3750","0.1486","0.5570"
"188.3950","0.1486","0.5569"
"188.4150","0.1486","0.5570"
"188.4350","0.1486","0.5570"
"188.4550","0.1486","0.5571"
"188.4750","0.1486","0.5571"
"188.4950","0.1486","0.5570"
"188.5150","0.1486","0.5570"
"188.5350","0.1486","0.5570"
"188.5550","0.1486","0.5569"
"188.5750","0.1486","0.5569"
"188.5950","0.1486","0.5570"
"188.6150","0.1486","0.5569"
"188.6350","0.1486","0.5569"
"188.6550","0.1486","0.5570"
"188.6750","0.1486","0.5570"
"188.6950","0.1486","0.5569"
"188.7150","0.1486","0.5569"
"188.7350","0.1486","0.5569"
"188.7550","0.1486","0.5569"
"188.7750","0.1486","0.5570"
"188.7950","0.1486","0.5569"
"188.8150","0.1486","0.5569"
"188.8350","0.1486","0.5569"
"188.8550","0.1486","0.5569"
"188.8750","0.1486","0.5569"
"188.8950","0.1486","0.5569"
"188.9150","0.1486","0.5569"
"188.9350","0.1486","0.5568"
"188.9550","0.1486","0.5568"
"188.9750","0.1486","0.5567"
"188.9950","0.1486","0.5568"
"189.0150","0.1486","0.5568"
"189.0350","0.1486","0.5568"
"189.0550","0.1486","0.5569"
"189.0750","0.1486","0.5568"
"189.0950","0.1486","0.5568"
"189.1150","0.1486","0.5568"
"189.1350","0.1486","0.5568"
"189.1550","0.1486","0.5569"
"189.1750","0.1486","0.5569"
"189.1950","0.1486","0.5568"
"189.2150","0.1486","0.5567"
"189.2350","0.1486","0.5567"
"189.2550","0.1486","0.5567"
"189.2750","0.1486","0.5568"
"189.2950","0.1486","0.5568"
"189.3150","0.1486","0.5568"
"189.3350","0.1486","0.5569"
"189.3550","0.1486","0.5568"
"189.3750","0.1486","0.5568"
"189.3950","0.1486","0.5567"
"189.4150","0.1486","0.5567"
"189.4350","0.1486","0.5568"
"189.4550","0.1486","0.5568"
"189.4750","0.1486","0.5568"
"189.4950","0.1486","0.5567"
"189.5150","0.1486","0.5567"
"189.5350","0.1486","0.5567"
"189.5550","0.1486","0.5567"
"189.5750","0.1486","0.5568"
"189.5950","0.1486","0.5567"
"189.6150","0.1486","0.5567"
"189.6350","0.1486","0.5566"
"189.6550","0.1486","0.5567"
"189.6750","0.1486","0.5568"
"189.6950","0.1486","0.5568"
"189.7150","0.1486","0.5568"
"189.7350","0.1486","0.5566"
"189.7550","0.1486","0.5566"
"189.7750","0.1486","0.5566"
"189.7950","0.1486","0.5566"
"189.8150","0.1486","0.5566"
"189.8350","0.1486","0.5567"
"189.8550","0.1486","0.5567"
"189.8750","0.1486","0.5567"
"189.8950","0.1486","0.5567"
"189.9150","0.1486","0.5567"
"189.9350","0.1486","0.5567"
"189.9550","0.1486","0.5567"
"189.9750","0.1486","0.5566"
"189.9950","0.1486","0.5566"
"190.0150","0.1486","0.5565"
"190.0350","0.1486","0.5565"
"190.0550","0.1486","0.5565"
"190.0750","0.1486","0.5565"
"190.0950","0.1486","0.5566"
"190.1150","0.1486","0.5566"
"190.1350","0.1486","0.5565"
"190.1550","0.1486","0.5566"
"190.1750","0.1486","0.5566"
"190.1950","0.1486","0.5565"
"190.2150","0.1486","0.5565"
"190.2350","0.1486","0.5566"
"190.2550","0.1486","0.5565"
"190.2750","0.1486","0.5565"
"190.2950","0.1486","0.5565"
"190.3150","0.1486","0.5565"
"190.3350","0.1486","0.5564"
"190.3550","0.1486","0.5565"
"190.3750","0.1486","0.5566"
"190.3950","0.1486","0.5566"
"190.4150","0.1486","0.5565"
"190.4350","0.1486","0.5565"
"190.4550","0.1486","0.5565"
"190.4750","0.1486","0.5565"
"190.4950","0.1486","0.5565"
"190.5150","0.1486","0.5565"
"190.5350","0.1486","0.5565"
"190.5550","0.1486","0.5566"
"190.5750","0.1486","0.5565"
"190.5950","0.1486","0.5565"
"190.6150","0.1486","0.5565"
"190.6350","0.1486","0.5566"
"190.6550","0.1486","0.5565"
"190.6750","0.1486","0.5564"
"190.6950","0.1486","0.5564"
"190.7150","0.1486","0.5565"
"190.7350","0.1486","0.5565"
"190.7550","0.1486","0.5566"
"190.7750","0.1486","0.5565"
"190.7950","0.1486","0.5565"
"190.8150","0.1486","0.5564"
"190.8350","0.1486","0.5564"
"190.8550","0.1486","0.5564"
"190.8750","0.1486","0.5563"
"190.8950","0.1486","0.5564"
"190.9150","0.1486","0.5564"
"190.9350","0.1486","0.5564"
"190.9550","0.1486","0.5565"
"190.9750","0.1486","0.5565"
"190.9950","0.1486","0.5564"
"191.0150","0.1486","0.5564"
"191.0350","0.1486","0.5563"
"191.0550","0.1486","0.5563"
"191.0750","0.1486","0.5564"
"191.0950","0.1486","0.5564"
"191.1150","0.1486","0.5564"
"191.1350","0.1486","0.5564"
"191.1550","0.1486","0.5563"
"191.1750","0.1486","0.5563"
"191.1950","0.1486","0.5564"
"191.2150","0.1486","0.5564"
"191.2350","0.1486","0.5563"
"191.2550","0.1486","0.5562"
"191.2750","0.1486","0.5563"
"191.2950","0.1486","0.5564"
"191.3150","0.1486","0.5564"
"191.3350","0.1486","0.5564"
"191.3550","0.1486","0.5563"
"191.3750","0.1486","0.5563"
"191.3950","0.1486","0.5564"
"191.4150","0.1486","0.5564"
"191.4350","0.1486","0.5563"
"191.4550","0.1486","0.5563"
"191.4750","0.1486","0.5564"
"191.4950","0.1486","0.5563"
"191.5150","0.1486","0.5562"
"191.5350","0.1486","0.5563"
"191.5550","0.1486","0.5563"
"191.5750","0.1486","0.5562"
"191.5950","0.1486","0.5562"
"191.6150","0.1486","0.5562"
"191.6350","0.1486","0.5563"
"191.6550","0.1486","0.5562"
"191.6750","0.1486","0.5563"
"191.6950","0.1486","0.5561"
"191.7150","0.1486","0.5562"
"191.7350","0.1486","0.5562"
"191.7550","0.1486","0.5562"
"191.7750","0.1486","0.5562"
"191.7950","0.1486","0.5562"
"191.8150","0.1486","0.5562"
"191.8350","0.1486","0.5562"
"191.8550","0.1486","0.5561"
"191.8750","0.1486","0.5562"
"191.8950","0.1486","0.5562"
"191.9150","0.1486","0.5562"
"191.9350","0.1486","0.5562"
"191.9550","0.1486","0.5562"
"191.9750","0.1486","0.5562"
"191.9950","0.1486","0.5562"
"192.0150","0.1486","0.5562"
"192.0350","0.1486","0.5561"
"192.0550","0.1486","0.5562"
"192.0750","0.1486","0.5562"
"192.0950","0.1486","0.5561"
"192.1150","0.1486","0.5561"
"192.1350","0.1486","0.5561"
"192.1550","0.1486","0.5561"
"192.1750","0.1486","0.5561"
"192.1950","0.1486","0.5562"
"192.2150","0.1486","0.5562"
"192.2350","0.1486","0.5562"
"192.2550","0.1486","0.5562"
"192.2750","0.1486","0.5562"
"192.2950","0.1486","0.5561"
"192.3150","0.1486","0.5561"
"192.3350","0.1486","0.5561"
"192.3550","0.1486","0.5561"
"192.3750","0.1486","0.5561"
"192.3950","0.1486","0.5561"
"192.4150","0.1486","0.5561"
"192.4350","0.1486","0.5561"
"192.4550","0.1486","0.5561"
"192.4750","0.1486","0.5561"
"192.4950","0.1486","0.5561"
"192.5150","0.1486","0.5561"
"192.5350","0.1486","0.5560"
"192.5550","0.1486","0.5560"
"192.5750","0.1486","0.5561"
"192.5950","0.1486","0.5561"
"192.6150","0.1486","0.5561"
"192.6350","0.1486","0.5560"
"192.6550","0.1486","0.5560"
"192.6750","0.1486","0.5561"
"192.6950","0.1486","0.5560"
"192.7150","0.1486","0.5560"
"192.7350","0.1486","0.5560"
"192.7550","0.1486","0.5559"
"192.7750","0.1486","0.5559"
"192.7950","0.1486","0.5559"
"192.8150","0.1486","0.5559"
"192.8350","0.1486","0.5559"
"192.8550","0.1486","0.5559"
"192.8750","0.1486","0.5559"
"192.8950","0.1486","0.5559"
"192.9150","0.1486","0.5560"
"192.9350","0.1486","0.5560"
"192.9550","0.1486","0.5560"
"192.9750","0.1486","0.5560"
"192.9950","0.1486","0.5560"
"193.0150","0.1486","0.5561"
"193.0350","0.1486","0.5560"
"193.0550","0.1486","0.5560"
"193.0750","0.1486","0.5559"
"193.0950","0.1486","0.5558"
"193.1150","0.1486","0.5558"
"193.1350","0.1486","0.5559"
"193.1550","0.1486","0.5559"
"193.1750","0.1486","0.5559"
"193.1950","0.1486","0.5559"
"193.2150","0.1486","0.5559"
"193.2350","0.1486","0.5558"
"193.2550","0.1486","0.5559"
"193.2750","0.1486","0.5559"
"193.2950","0.1486","0.5559"
"193.3150","0.1486","0.5559"
"193.3350","0.1486","0.5559"
"193.3550","0.1486","0.5558"
"193.3750","0.1486","0.5559"
"193.3950","0.1486","0.5559"
"193.4150","0.1486","0.5558"
"193.4350","0.1486","0.5558"
"193.4550","0.1486","0.5558"
"193.4750","0.1486","0.5558"
"193.4950","0.1486","0.5557"
"193.5150","0.1486","0.5557"
"193.5350","0.1486","0.5558"
"193.5550","0.1486","0.5558"
"193.5750","0.1486","0.5558"
"193.5950","0.1486","0.5557"
"193.6150","0.1486","0.5557"
"193.6350","0.1486","0.5557"
"193.6550","0.1486","0.5557"
"193.6750","0.1486","0.5558"
"193.6950","0.1486","0.5559"
"193.7150","0.1486","0.5558"
"193.7350","0.1486","0.5557"
"193.7550","0.1486","0.5557"
"193.7750","0.1486","0.5557"
"193.7950","0.1486","0.5557"
"193.8150","0.1486","0.5559"
"193.8350","0.1486","0.5558"
"193.8550","0.1486","0.5558"
"193.8750","0.1486","0.5558"
"193.8950","0.1486","0.5558"
"193.9150","0.1486","0.5558"
"193.9350","0.1486","0.5558"
"193.9550","0.1486","0.5558"
"193.9750","0.1486","0.5558"
"193.9950","0.1486","0.5557"
"194.0150","0.1486","0.5557"
"194.0350","0.1486","0.5557"
"194.0550","0.1486","0.5557"
"194.0750","0.1486","0.5558"
"194.0950","0.1486","0.5558"
"194.1150","0.1486","0.5557"
"194.1350","0.1486","0.5557"
"194.1550","0.1486","0.5557"
"194.1750","0.1486","0.5557"
"194.1950","0.1486","0.5557"
"194.2150","0.1486","0.5557"
"194.2350","0.1486","0.5557"
"194.2550","0.1486","0.5556"
"194.2750","0.1486","0.5556"
"194.2950","0.1486","0.5556"
"194.3150","0.1486","0.5557"
"194.3350","0.1486","0.5556"
"194.3550","0.1486","0.5556"
"194.3750","0.1486","0.5556"
"194.3950","0.1486","0.5556"
"194.4150","0.1486","0.5556"
"194.4350","0.1486","0.5557"
"194.4550","0.1486","0.5557"
"194.4750","0.1486","0.5557"
"194.4950","0.1486","0.5555"
"194.5150","0.1486","0.5556"
"194.5350","0.1486","0.5556"
"194.5550","0.1486","0.5556"
"194.5750","0.1486","0.5556"
"194.5950","0.1486","0.5556"
"194.6150","0.1486","0.5556"
"194.6350","0.1486","0.5556"
"194.6550","0.1486","0.5556"
"194.6750","0.1486","0.5555"
"194.6950","0.1486","0.5555"
"194.7150","0.1486","0.5555"
"194.7350","0.1486","0.5555"
"194.7550","0.1486","0.5554"
"194.7750","0.1486","0.5555"
"194.7950","0.1486","0.5554"
"194.8150","0.1486","0.5555"
"194.8350","0.1486","0.5555"
"194.8550","0.1486","0.5554"
"194.8750","0.1486","0.5554"
"194.8950","0.1486","0.5554"
"194.9150","0.1486","0.5554"
"194.9350","0.1486","0.5555"
"194.9550","0.1486","0.5555"
"194.9750","0.1486","0.5554"
"194.9950","0.1486","0.5554"
"195.0150","0.1486","0.5554"
"195.0350","0.1486","0.5555"
"195.0550","0.1486","0.5555"
"195.0750","0.1486","0.5556"
"195.0950","0.1486","0.5556"
"195.1150","0.1486","0.5555"
"195.1350","0.1486","0.5554"
"195.1550","0.1486","0.5554"
"195.1750","0.1486","0.5554"
"195.1950","0.1486","0.5554"
"195.2150","0.1486","0.5554"
"195.2350","0.1486","0.5554"
"195.2550","0.1486","0.5555"
"195.2750","0.1486","0.5554"
"195.2950","0.1486","0.5554"
"195.3150","0.1486","0.5554"
"195.3350","0.1486","0.5554"
"195.3550","0.1486","0.5554"
"195.3750","0.1486","0.5554"
"195.3950","0.1486","0.5554"
"195.4150","0.1486","0.5553"
"195.4350","0.1486","0.5553"
"195.4550","0.1486","0.5554"
"195.4750","0.1486","0.5554"
"195.4950","0.1486","0.5554"
"195.5150","0.1486","0.5554"
"195.5350","0.1486","0.5554"
"195.5550","0.1486","0.5554"
"195.5750","0.1486","0.5554"
"195.5950","0.1486","0.5554"
"195.6150","0.1486","0.5553"
"195.6350","0.1486","0.5553"
"195.6550","0.1486","0.5553"
"195.6750","0.1486","0.5553"
"195.6950","0.1486","0.5554"
"195.7150","0.1486","0.5553"
"195.7350","0.1486","0.5554"
"195.7550","0.1486","0.5554"
"195.7750","0.1486","0.5553"
"195.7950","0.1486","0.5552"
"195.8150","0.1486","0.5552"
"195.8350","0.1486","0.5553"
"195.8550","0.1486","0.5554"
"195.8750","0.1486","0.5554"
"195.8950","0.1486","0.5553"
"195.9150","0.1486","0.5553"
"195.9350","0.1486","0.5552"
"195.9550","0.1486","0.5553"
"195.9750","0.1486","0.5553"
"195.9950","0.1486","0.5553"
"196.0150","0.1486","0.5553"
"196.0350","0.1486","0.5553"
"196.0550","0.1486","0.5552"
"196.0750","0.1486","0.5552"
"196.0950","0.1486","0.5551"
"196.1150","0.1486","0.5551"
"196.1350","0.1486","0.5552"
"196.1550","0.1486","0.5552"
"196.1750","0.1486","0.5552"
"196.1950","0.1486","0.5553"
"196.2150","0.1486","0.5554"
"196.2350","0.1486","0.5553"
"196.2550","0.1486","0.5552"
"196.2750","0.1486","0.5553"
"196.2950","0.1486","0.5552"
"196.3150","0.1486","0.5552"
"196.3350","0.1486","0.5552"
"196.3550","0.1486","0.5552"
"196.3750","0.1486","0.5552"
"196.3950","0.1486","0.5551"
"196.4150","0.1486","0.5551"
"196.4350","0.1486","0.5551"
"196.4550","0.1486","0.5551"
"196.4750","0.1486","0.5551"
"196.4950","0.1486","0.5552"
"196.5150","0.1486","0.5552"
"196.5350","0.1486","0.5552"
"196.5550","0.1486","0.5552"
"196.5750","0.1486","0.5552"
"196.5950","0.1486","0.5551"
"196.6150","0.1486","0.5551"
"196.6350","0.1486","0.5550"
"196.6550","0.1486","0.5551"
"196.6750","0.1486","0.5551"
"196.6950","0.1486","0.5551"
"196.7150","0.1486","0.5551"
"196.7350","0.1486","0.5551"
"196.7550","0.1486","0.5550"
"196.7750","0.1486","0.5551"
"196.7950","0.1486","0.5551"
"196.8150","0.1486","0.5550"
"196.8350","0.1486","0.5551"
"196.8550","0.1486","0.5551"
"196.8750","0.1486","0.5550"
"196.8950","0.1486","0.5551"
"196.9150","0.1486","0.5550"
"196.9350","0.1486","0.5550"
"196.9550","0.1486","0.5550"
"196.9750","0.1486","0.5551"
"196.9950","0.1486","0.5551"
"197.0150","0.1486","0.5551"
"197.0350","0.1486","0.5551"
"197.0550","0.1486","0.5550"
"197.0750","0.1486","0.5550"
"197.0950","0.1486","0.5550"
"197.1150","0.1486","0.5550"
"197.1350","0.1486","0.5549"
"197.1550","0.1486","0.5549"
"197.1750","0.1486","0.5550"
"197.1950","0.1486","0.5550"
"197.2150","0.1486","0.5550"
"197.2350","0.1486","0.5550"
"197.2550","0.1486","0.5549"
"197.2750","0.1486","0.5549"
"197.2950","0.1486","0.5549"
"197.3150","0.1486","0.5549"
"197.3350","0.1486","0.5549"
"197.3550","0.1486","0.5550"
"197.3750","0.1486","0.5550"
"197.3950","0.1486","0.5549"
"197.4150","0.1486","0.5549"
"197.4350","0.1486","0.5549"
"197.4550","0.1486","0.5548"
"197.4750","0.1486","0.5549"
"197.4950","0.1486","0.5549"
"197.5150","0.1486","0.5549"
"197.5350","0.1486","0.5549"
"197.5550","0.1486","0.5549"
"197.5750","0.1486","0.5550"
"197.5950","0.1486","0.5550"
"197.6150","0.1486","0.5549"
"197.6350","0.1486","0.5549"
"197.6550","0.1486","0.5550"
"197.6750","0.1486","0.5550"
"197.6950","0.1486","0.5549"
"197.7150","0.1486","0.5549"
"197.7350","0.1486","0.5548"
"197.7550","0.1486","0.5548"
"197.7750","0.1486","0.5549"
"197.7950","0.1486","0.5549"
"197.8150","0.1486","0.5548"
"197.8350","0.1486","0.5548"
"197.8550","0.1486","0.5548"
"197.8750","0.1486","0.5549"
"197.8950","0.1486","0.5549"
"197.9150","0.1486","0.5548"
"197.9350","0.1486","0.5549"
"197.9550","0.1486","0.5548"
"197.9750","0.1486","0.5549"
"197.9950","0.1486","0.5549"
"198.0150","0.1486","0.5549"
"198.0350","0.1486","0.5548"
"198.0550","0.1486","0.5548"
"198.0750","0.1486","0.5548"
"198.0950","0.1486","0.5548"
"198.1150","0.1486","0.5548"
"198.1350","0.1486","0.5547"
"198.1550","0.1486","0.5547"
"198.1750","0.1486","0.5547"
"198.1950","0.1486","0.5547"
"198.2150","0.1486","0.5548"
"198.2350","0.1486","0.5549"
"198.2550","0.1486","0.5549"
"198.2750","0.1486","0.5548"
"198.2950","0.1486","0.5547"
"198.3150","0.1486","0.5548"
"198.3350","0.1486","0.5548"
"198.3550","0.1486","0.5549"
"198.3750","0.1486","0.5548"
"198.3950","0.1486","0.5547"
"198.4150","0.1486","0.5547"
"198.4350","0.1486","0.5547"
"198.4550","0.1486","0.5547"
"198.4750","0.1486","0.5548"
"198.4950","0.1486","0.5547"
"198.5150","0.1486","0.5547"
"198.5350","0.1486","0.5548"
"198.5550","0.1486","0.5548"
"198.5750","0.1486","0.5546"
"198.5950","0.1486","0.5547"
"198.6150","0.1486","0.5547"
"198.6350","0.1486","0.5547"
"198.6550","0.1486","0.5546"
"198.6750","0.1486","0.5545"
"198.6950","0.1486","0.5546"
"198.7150","0.1486","0.5547"
"198.7350","0.1486","0.5547"
"198.7550","0.1486","0.5547"
"198.7750","0.1486","0.5547"
"198.7950","0.1486","0.5546"
"198.8150","0.1486","0.5546"
"198.8350","0.1486","0.5546"
"198.8550","0.1486","0.5547"
"198.8750","0.1486","0.5545"
"198.8950","0.1486","0.5546"
"198.9150","0.1486","0.5546"
"198.9350","0.1486","0.5546"
"198.9550","0.1486","0.5546"
"198.9750","0.1486","0.5546"
"198.9950","0.1486","0.5546"
"199.0150","0.1486","0.5546"
"199.0350","0.1486","0.5546"
"199.0550","0.1486","0.5547"
"199.0750","0.1486","0.5546"
"199.0950","0.1486","0.5546"
"199.1150","0.1486","0.5546"
"199.1350","0.1486","0.5546"
"199.1550","0.1486","0.5546"
"199.1750","0.1486","0.5545"
"199.1950","0.1486","0.5545"
"199.2150","0.1486","0.5546"
"199.2350","0.1486","0.5546"
"199.2550","0.1486","0.5546"
"199.2750","0.1486","0.5547"
"199.2950","0.1486","0.5547"
"199.3150","0.1486","0.5546"
"199.3350","0.1486","0.5545"
"199.3550","0.1486","0.5546"
"199.3750","0.1486","0.5546"
"199.3950","0.1486","0.5545"
"199.4150","0.1486","0.5545"
"199.4350","0.1486","0.5545"
"199.4550","0.1486","0.5545"
"199.4750","0.1486","0.5545"
"199.4950","0.1486","0.5546"
"199.5150","0.1486","0.5545"
"199.5350","0.1486","0.5545"
"199.5550","0.1486","0.5544"
"199.5750","0.1486","0.5545"
"199.5950","0.1486","0.5545"
"199.6150","0.1486","0.5545"
"199.6350","0.1486","0.5545"
"199.6550","0.1486","0.5545"
"199.6750","0.1486","0.5544"
"199.6950","0.1486","0.5544"
"199.7150","0.1486","0.5544"
"199.7350","0.1486","0.5544"
"199.7550","0.1486","0.5545"
"199.7750","0.1486","0.5545"
"199.7950","0.1486","0.5545"
"199.8150","0.1486","0.5544"
"199.8350","0.1486","0.5545"
"199.8550","0.1486","0.5544"
"199.8750","0.1486","0.5544"
"199.8950","0.1486","0.5544"
"199.9150","0.1486","0.5544"
"199.9350","0.1486","0.5544"
"199.9550","0.1486","0.5543"
"199.9750","0.1486","0.5543"
"199.9950","0.1486","0.5543"
"200.0150","0.1486","0.5544"
"200.0350","0.1486","0.5543"
"200.0550","0.1486","0.5544"
"200.0750","0.1486","0.5544"
"200.0950","0.1486","0.5544"
"200.1150","0.1486","0.5544"
"200.1350","0.1486","0.5545"
"200.1550","0.1486","0.5544"
"200.1750","0.1486","0.5543"
"200.1950","0.1486","0.5543"
"200.2150","0.1486","0.5544"
"200.2350","0.1486","0.5544"
"200.2550","0.1486","0.5544"
"200.2750","0.1486","0.5544"
"200.2950","0.1486","0.5544"
"200.3150","0.1486","0.5544"
"200.3350","0.1486","0.5544"
"200.3550","0.1486","0.5543"
"200.3750","0.1486","0.5543"
"200.3950","0.1486","0.5543"
"200.4150","0.1486","0.5543"
"200.4350","0.1486","0.5543"
"200.4550","0.1486","0.5543"
"200.4750","0.1486","0.5543"
"200.4950","0.1486","0.5543"
"200.5150","0.1486","0.5543"
"200.5350","0.1486","0.5543"
"200.5550","0.1486","0.5543"
"200.5750","0.1486","0.5543"
"200.5950","0.1486","0.5543"
"200.6150","0.1486","0.5543"
"200.6350","0.1486","0.5543"
"200.6550","0.1486","0.5543"
"200.6750","0.1486","0.5543"
"200.6950","0.1486","0.5543"
"200.7150","0.1486","0.5542"
"200.7350","0.1486","0.5541"
"200.7550","0.1486","0.5541"
"200.7750","0.1486","0.5541"
"200.7950","0.1486","0.5542"
"200.8150","0.1486","0.5542"
"200.8350","0.1486","0.5542"
"200.8550","0.1486","0.5542"
"200.8750","0.1486","0.5542"
"200.8950","0.1486","0.5542"
"200.9150","0.1486","0.5542"
"200.9350","0.1486","0.5542"
"200.9550","0.1486","0.5541"
"200.9750","0.1486","0.5541"
"200.9950","0.1486","0.5541"
"201.0150","0.1486","0.5541"
"201.0350","0.1486","0.5541"
"201.0550","0.1486","0.5541"
"201.0750","0.1486","0.5541"
"201.0950","0.1486","0.5542"
"201.1150","0.1486","0.5542"
"201.1350","0.1486","0.5542"
"201.1550","0.1486","0.5542"
"201.1750","0.1486","0.5542"
"201.1950","0.1486","0.5542"
"201.2150","0.1486","0.5542"
"201.2350","0.1486","0.5541"
"201.2550","0.1486","0.5540"
"201.2750","0.1486","0.5540"
"201.2950","0.1486","0.5541"
"201.3150","0.1486","0.5541"
"201.3350","0.1486","0.5541"
"201.3550","0.1486","0.5541"
"201.3750","0.1486","0.5541"
"201.3950","0.1486","0.5541"
"201.4150","0.1486","0.5540"
"201.4350","0.1486","0.5540"
"201.4550","0.1486","0.5541"
"201.4750","0.1486","0.5541"
"201.4950","0.1486","0.5542"
"201.5150","0.1486","0.5541"
"201.5350","0.1486","0.5541"
"201.5550","0.1486","0.5540"
"201.5750","0.1486","0.5540"
"201.5950","0.1486","0.5540"
"201.6150","0.1486","0.5540"
"201.6350","0.1486","0.5540"
"201.6550","0.1486","0.5540"
"201.6750","0.1486","0.5540"
"201.6950","0.1486","0.5541"
"201.7150","0.1486","0.5541"
"201.7350","0.1486","0.5540"
"201.7550","0.1486","0.5541"
"201.7750","0.1486","0.5541"
"201.7950","0.1486","0.5541"
"201.8150","0.1486","0.5540"
"201.8350","0.1486","0.5539"
"201.8550","0.1486","0.5540"
"201.8750","0.1486","0.5540"
"201.8950","0.1486","0.5540"
"201.9150","0.1486","0.5540"
"201.9350","0.1486","0.5540"
"201.9550","0.1486","0.5540"
"201.9750","0.1486","0.5540"
"201.9950","0.1486","0.5540"
"202.0150","0.1486","0.5540"
"202.0350","0.1486","0.5540"
"202.0550","0.1486","0.5540"
"202.0750","0.1486","0.5540"
"202.0950","0.1486","0.5539"
"202.1150","0.1486","0.5539"
"202.1350","0.1486","0.5540"
"202.1550","0.1486","0.5540"
"202.1750","0.1486","0.5540"
"202.1950","0.1486","0.5539"
"202.2150","0.1486","0.5539"
"202.2350","0.1486","0.5539"
"202.2550","0.1486","0.5538"
"202.2750","0.1486","0.5539"
"202.2950","0.1486","0.5538"
"202.3150","0.1486","0.5538"
"202.3350","0.1486","0.5538"
"202.3550","0.1486","0.5539"
"202.3750","0.1486","0.5539"
"202.3950","0.1486","0.5539"
"202.4150","0.1486","0.5539"
"202.4350","0.1486","0.5539"
"202.4550","0.1486","0.5539"
"202.4750","0.1486","0.5538"
"202.4950","0.1486","0.5538"
"202.5150","0.1486","0.5538"
"202.5350","0.1486","0.5538"
"202.5550","0.1486","0.5538"
"202.5750","0.1486","0.5539"
"202.5950","0.1486","0.5539"
"202.6150","0.1486","0.5539"
"202.6350","0.1486","0.5539"
"202.6550","0.1486","0.5539"
"202.6750","0.1486","0.5538"
"202.6950","0.1486","0.5538"
"202.7150","0.1486","0.5537"
"202.7350","0.1486","0.5538"
"202.7550","0.1486","0.5538"
"202.7750","0.1486","0.5538"
"202.7950","0.1486","0.5538"
"202.8150","0.1486","0.5537"
"202.8350","0.1486","0.5537"
"202.8550","0.1486","0.5538"
"202.8750","0.1486","0.5538"
"202.8950","0.1486","0.5538"
"202.9150","0.1486","0.5538"
"202.9350","0.1486","0.5537"
"202.9550","0.1486","0.5537"
"202.9750","0.1486","0.5538"
"202.9950","0.1486","0.5538"
"203.0150","0.1486","0.5538"
"203.0350","0.1486","0.5538"
"203.0550","0.1486","0.5538"
"203.0750","0.1486","0.5538"
"203.0950","0.1486","0.5537"
"203.1150","0.1486","0.5537"
"203.1350","0.1486","0.5537"
"203.1550","0.1486","0.5537"
"203.1750","0.1486","0.5538"
"203.1950","0.1486","0.5537"
"203.2150","0.1486","0.5537"
"203.2350","0.1486","0.5537"
"203.2550","0.1486","0.5538"
"203.2750","0.1486","0.5538"
"203.2950","0.1486","0.5538"
"203.3150","0.1486","0.5538"
"203.3350","0.1486","0.5537"
"203.3550","0.1486","0.5537"
"203.3750","0.1486","0.5537"
"203.3950","0.1486","0.5537"
"203.4150","0.1486","0.5537"
"203.4350","0.1486","0.5537"
"203.4550","0.1486","0.5537"
"203.4750","0.1486","0.5536"
"203.4950","0.1486","0.5536"
"203.5150","0.1486","0.5536"
"203.5350","0.1486","0.5537"
"203.5550","0.1486","0.5536"
"203.5750","0.1486","0.5536"
"203.5950","0.1486","0.5536"
"203.6150","0.1486","0.5536"
"203.6350","0.1486","0.5538"
"203.6550","0.1486","0.5538"
"203.6750","0.1486","0.5536"
"203.6950","0.1486","0.5536"
"203.7150","0.1486","0.5537"
"203.7350","0.1486","0.5537"
"203.7550","0.1486","0.5536"
"203.7750","0.1486","0.5536"
"203.7950","0.1486","0.5537"
"203.8150","0.1486","0.5537"
"203.8350","0.1486","0.5537"
"203.8550","0.1486","0.5536"
"203.8750","0.1486","0.5535"
"203.8950","0.1486","0.5535"
"203.9150","0.1486","0.5535"
"203.9350","0.1486","0.5536"
"203.9550","0.1486","0.5536"
"203.9750","0.1486","0.5536"
"203.9950","0.1486","0.5536"
"204.0150","0.1486","0.5535"
"204.0350","0.1486","0.5535"
"204.0550","0.1486","0.5535"
"204.0750","0.1486","0.5535"
"204.0950","0.1486","0.5535"
"204.1150","0.1486","0.5535"
"204.1350","0.1486","0.5535"
"204.1550","0.1486","0.5536"
"204.1750","0.1486","0.5536"
"204.1950","0.1486","0.5536"
"204.2150","0.1486","0.5535"
"204.2350","0.1486","0.5535"
"204.2550","0.1486","0.5535"
"204.2750","0.1486","0.5535"
"204.2950","0.1486","0.5536"
"204.3150","0.1486","0.5535"
"204.3350","0.1486","0.5534"
"204.3550","0.1486","0.5534"
"204.3750","0.1486","0.5535"
"204.3950","0.1486","0.5534"
"204.4150","0.1486","0.5534"
"204.4350","0.1486","0.5534"
"204.4550","0.1486","0.5535"
"204.4750","0.1486","0.5535"
"204.4950","0.1486","0.5534"
"204.5150","0.1486","0.5534"
"204.5350","0.1486","0.5534"
"204.5550","0.1486","0.5535"
"204.5750","0.1486","0.5535"
"204.5950","0.1486","0.5534"
"204.6150","0.1486","0.5534"
"204.6350","0.1486","0.5534"
"204.6550","0.1486","0.5534"
"204.6750","0.1486","0.5534"
"204.6950","0.1486","0.5533"
"204.7150","0.1486","0.5534"
"204.7350","0.1486","0.5534"
"204.7550","0.1486","0.5534"
"204.7750","0.1486","0.5533"
"204.7950","0.1486","0.5533"
"204.8150","0.1486","0.5533"
"204.8350","0.1486","0.5534"
"204.8550","0.1486","0.5534"
"204.8750","0.1486","0.5534"
"204.8950","0.1486","0.5534"
"204.9150","0.1486","0.5533"
"204.9350","0.1486","0.5533"
"204.9550","0.1486","0.5534"
"204.9750","0.1486","0.5533"
"204.9950","0.1486","0.5533"
"205.0150","0.1486","0.5533"
"205.0350","0.1486","0.5533"
"205.0550","0.1486","0.5533"
"205.0750","0.1486","0.5533"
"205.0950","0.1486","0.5533"
"205.1150","0.1486","0.5533"
"205.1350","0.1486","0.5533"
"205.1550","0.1486","0.5533"
"205.1750","0.1486","0.5533"
"205.1950","0.1486","0.5533"
"205.2150","0.1486","0.5533"
"205.2350","0.1486","0.5534"
"205.2550","0.1486","0.5533"
"205.2750","0.1486","0.5533"
"205.2950","0.1486","0.5532"
"205.3150","0.1486","0.5533"
"205.3350","0.1486","0.5533"
"205.3550","0.1486","0.5533"
"205.3750","0.1486","0.5533"
"205.3950","0.1486","0.5533"
"205.4150","0.1486","0.5533"
"205.4350","0.1486","0.5534"
"205.4550","0.1486","0.5533"
"205.4750","0.1486","0.5533"
"205.4950","0.1486","0.5532"
"205.5150","0.1486","0.5532"
"205.5350","0.1486","0.5533"
"205.5550","0.1486","0.5532"
"205.5750","0.1486","0.5532"
"205.5950","0.1486","0.5531"
"205.6150","0.1486","0.5531"
"205.6350","0.1486","0.5531"
"205.6550","0.1486","0.5532"
"205.6750","0.1486","0.5532"
"205.6950","0.1486","0.5532"
"205.7150","0.1486","0.5532"
"205.7350","0.1486","0.5531"
"205.7550","0.1486","0.5531"
"205.7750","0.1486","0.5531"
"205.7950","0.1486","0.5532"
"205.8150","0.1486","0.5533"
"205.8350","0.1486","0.5532"
"205.8550","0.1486","0.5532"
"205.8750","0.1486","0.5532"
"205.8950","0.1486","0.5532"
"205.9150","0.1486","0.5532"
"205.9350","0.1486","0.5531"
"205.9550","0.1486","0.5531"
"205.9750","0.1486","0.5531"
"205.9950","0.1486","0.5531"
"206.0150","0.1486","0.5531"
"206.0350","0.1486","0.5530"
"206.0550","0.1486","0.5531"
"206.0750","0.1486","0.5532"
"206.0950","0.1486","0.5532"
"206.1150","0.1486","0.5531"
"206.1350","0.1486","0.5530"
"206.1550","0.1486","0.5530"
"206.1750","0.1486","0.5531"
"206.1950","0.1486","0.5532"
"206.2150","0.1486","0.5531"
"206.2350","0.1486","0.5531"
"206.2550","0.1486","0.5532"
"206.2750","0.1486","0.5532"
"206.2950","0.1486","0.5531"
"206.3150","0.1486","0.5531"
"206.3350","0.1486","0.5530"
"206.3550","0.1486","0.5530"
"206.3750","0.1486","0.5531"
"206.3950","0.1486","0.5531"
"206.4150","0.1486","0.5531"
"206.4350","0.1486","0.5530"
"206.4550","0.1486","0.5530"
"206.4750","0.1486","0.5531"
"206.4950","0.1486","0.5531"
"206.5150","0.1486","0.5531"
"206.5350","0.1486","0.5531"
"206.5550","0.1486","0.5531"
"206.5750","0.1486","0.5531"
"206.5950","0.1486","0.5530"
"206.6150","0.1486","0.5530"
"206.6350","0.1486","0.5530"
"206.6550","0.1486","0.5530"
"206.6750","0.1486","0.5530"
"206.6950","0.1486","0.5531"
"206.7150","0.1486","0.5531"
"206.7350","0.1486","0.5530"
"206.7550","0.1486","0.5530"
"206.7750","0.1486","0.5530"
"206.7950","0.1486","0.5529"
"206.8150","0.1486","0.5529"
"206.8350","0.1486","0.5529"
"206.8550","0.1486","0.5530"
"206.8750","0.1486","0.5529"
"206.8950","0.1486","0.5529"
"206.9150","0.1486","0.5529"
"206.9350","0.1486","0.5529"
"206.9550","0.1486","0.5530"
"206.9750","0.1486","0.5530"
"206.9950","0.1486","0.5530"
"207.0150","0.1486","0.5529"
"207.0350","0.1486","0.5529"
"207.0550","0.1486","0.5530"
"207.0750","0.1486","0.5530"
"207.0950","0.1486","0.5529"
"207.1150","0.1486","0.5529"
"207.1350","0.1486","0.5529"
"207.1550","0.1486","0.5529"
"207.1750","0.1486","0.5528"
"207.1950","0.1486","0.5529"
"207.2150","0.1486","0.5529"
"207.2350","0.1486","0.5529"
"207.2550","0.1486","0.5528"
"207.2750","0.1486","0.5529"
"207.2950","0.1486","0.5530"
"207.3150","0.1486","0.5530"
"207.3350","0.1486","0.5530"
"207.3550","0.1486","0.5529"
"207.3750","0.1486","0.5529"
"207.3950","0.1486","0.5529"
"207.4150","0.1486","0.5529"
"207.4350","0.1486","0.5529"
"207.4550","0.1486","0.5529"
"207.4750","0.1486","0.5529"
"207.4950","0.1486","0.5528"
"207.5150","0.1486","0.5528"
"207.5350","0.1486","0.5529"
"207.5550","0.1486","0.5529"
"207.5750","0.1486","0.5528"
"207.5950","0.1486","0.5528"
"207.6150","0.1486","0.5529"
"207.6350","0.1486","0.5528"
"207.6550","0.1486","0.5528"
"207.6750","0.1486","0.5528"
"207.6950","0.1486","0.5528"
"207.7150","0.1486","0.5528"
"207.7350","0.1486","0.5528"
"207.7550","0.1486","0.5528"
"207.7750","0.1486","0.5529"
"207.7950","0.1486","0.5529"
"207.8150","0.1486","0.5529"
"207.8350","0.1486","0.5528"
"207.8550","0.1486","0.5528"
"207.8750","0.1486","0.5528"
"207.8950","0.1486","0.5527"
"207.9150","0.1486","0.5527"
"207.9350","0.1486","0.5527"
"207.9550","0.1486","0.5528"
"207.9750","0.1486","0.5528"
"207.9950","0.1486","0.5528"
"208.0150","0.1486","0.5527"
"208.0350","0.1486","0.5528"
"208.0550","0.1486","0.5527"
"208.0750","0.1486","0.5527"
"208.0950","0.1486","0.5527"
"208.1150","0.1486","0.5527"
"208.1350","0.1486","0.5527"
"208.1550","0.1486","0.5527"
"208.1750","0.1486","0.5528"
"208.1950","0.1486","0.5528"
"208.2150","0.1486","0.5527"
"208.2350","0.1486","0.5527"
"208.2550","0.1486","0.5526"
"208.2750","0.1486","0.5527"
"208.2950","0.1486","0.5528"
"208.3150","0.1486","0.5527"
"208.3350","0.1486","0.5527"
"208.3550","0.1486","0.5527"
"208.3750","0.1486","0.5527"
"208.3950","0.1486","0.5527"
"208.4150","0.1486","0.5526"
"208.4350","0.1486","0.5526"
"208.4550","0.1486","0.5526"
"208.4750","0.1486","0.5527"
"208.4950","0.1486","0.5527"
"208.5150","0.1486","0.5527"
"208.5350","0.1486","0.5527"
"208.5550","0.1486","0.5527"
"208.5750","0.1486","0.5526"
"208.5950","0.1486","0.5527"
"208.6150","0.1486","0.5527"
"208.6350","0.1486","0.5527"
"208.6550","0.1486","0.5526"
"208.6750","0.1486","0.5526"
"208.6950","0.1486","0.5526"
"208.7150","0.1486","0.5527"
"208.7350","0.1486","0.5527"
"208.7550","0.1486","0.5526"
"208.7750","0.1486","0.5526"
"208.7950","0.1486","0.5526"
"208.8150","0.1486","0.5526"
"208.8350","0.1486","0.5527"
"208.8550","0.1486","0.5527"
"208.8750","0.1486","0.5526"
"208.8950","0.1486","0.5526"
"208.9150","0.1486","0.5525"
"208.9350","0.1486","0.5524"
"208.9550","0.1486","0.5525"
"208.9750","0.1486","0.5526"
"208.9950","0.1486","0.5526"
"209.0150","0.1486","0.5526"
"209.0350","0.1486","0.5526"
"209.0550","0.1486","0.5526"
"209.0750","0.1486","0.5525"
"209.0950","0.1486","0.5525"
"209.1150","0.1486","0.5524"
"209.1350","0.1486","0.5524"
"209.1550","0.1486","0.5525"
"209.1750","0.1486","0.5525"
"209.1950","0.1486","0.5525"
"209.2150","0.1486","0.5525"
"209.2350","0.1486","0.5525"
"209.2550","0.1486","0.5524"
"209.2750","0.1486","0.5525"
"209.2950","0.1486","0.5524"
"209.3150","0.1486","0.5525"
"209.3350","0.1486","0.5525"
"209.3550","0.1486","0.5525"
"209.3750","0.1486","0.5525"
"209.3950","0.1486","0.5525"
"209.4150","0.1486","0.5525"
"209.4350","0.1486","0.5525"
"209.4550","0.1486","0.5524"
"209.4750","0.1486","0.5524"
"209.4950","0.1486","0.5525"
"209.5150","0.1486","0.5525"
"209.5350","0.1486","0.5524"
"209.5550","0.1486","0.5525"
"209.5750","0.1486","0.5525"
"209.5950","0.1486","0.5525"
"209.6150","0.1486","0.5524"
"209.6350","0.1486","0.5524"
"209.6550","0.1486","0.5524"
"209.6750","0.1486","0.5524"
"209.6950","0.1486","0.5524"
"209.7150","0.1486","0.5524"
"209.7350","0.1486","0.5524"
"209.7550","0.1486","0.5524"
"209.7750","0.1486","0.5524"
"209.7950","0.1486","0.5523"
"209.8150","0.1486","0.5523"
"209.8350","0.1486","0.5523"
"209.8550","0.1486","0.5524"
"209.8750","0.1486","0.5525"
"209.8950","0.1486","0.5524"
"209.9150","0.1486","0.5524"
"209.9350","0.1486","0.5523"
"209.9550","0.1486","0.5523"
"209.9750","0.1486","0.5524"
"209.9950","0.1486","0.5523"
"210.0150","0.1486","0.5524"
"210.0350","0.1486","0.5523"
"210.0550","0.1486","0.5523"
"210.0750","0.1486","0.5523"
"210.0950","0.1486","0.5523"
"210.1150","0.1486","0.5524"
"210.1350","0.1486","0.5524"
"210.1550","0.1486","0.5524"
"210.1750","0.1486","0.5523"
"210.1950","0.1486","0.5523"
"210.2150","0.1486","0.5522"
"210.2350","0.1486","0.5522"
"210.2550","0.1486","0.5523"
"210.2750","0.1486","0.5523"
"210.2950","0.1486","0.5522"
"210.3150","0.1486","0.5522"
"210.3350","0.1486","0.5523"
"210.3550","0.1486","0.5522"
"210.3750","0.1486","0.5522"
"210.3950","0.1486","0.5523"
"210.4150","0.1486","0.5523"
"210.4350","0.1486","0.5523"
"210.4550","0.1486","0.5522"
"210.4750","0.1486","0.5522"
"210.4950","0.1486","0.5523"
"210.5150","0.1486","0.5523"
"210.5350","0.1486","0.5522"
"210.5550","0.1486","0.5521"
"210.5750","0.1486","0.5522"
"210.5950","0.1486","0.5522"
"210.6150","0.1486","0.5523"
"210.6350","0.1486","0.5522"
"210.6550","0.1486","0.5522"
"210.6750","0.1486","0.5523"
"210.6950","0.1486","0.5522"
"210.7150","0.1486","0.5522"
"210.7350","0.1486","0.5522"
"210.7550","0.1486","0.5521"
"210.7750","0.1486","0.5522"
"210.7950","0.1486","0.5523"
"210.8150","0.1486","0.5524"
"210.8350","0.1486","0.5523"
"210.8550","0.1486","0.5522"
"210.8750","0.1486","0.5522"
"210.8950","0.1486","0.5522"
"210.9150","0.1486","0.5522"
"210.9350","0.1486","0.5521"
"210.9550","0.1486","0.5521"
"210.9750","0.1486","0.5522"
"210.9950","0.1486","0.5522"
"211.0150","0.1486","0.5522"
"211.0350","0.1486","0.5521"
"211.0550","0.1486","0.5521"
"211.0750","0.1486","0.5521"
"211.0950","0.1486","0.5522"
"211.1150","0.1486","0.5521"
"211.1350","0.1486","0.5520"
"211.1550","0.1486","0.5520"
"211.1750","0.1486","0.5521"
"211.1950","0.1486","0.5521"
"211.2150","0.1486","0.5521"
"211.2350","0.1486","0.5521"
"211.2550","0.1486","0.5521"
"211.2750","0.1486","0.5520"
"211.2950","0.1486","0.5520"
"211.3150","0.1486","0.5520"
"211.3350","0.1486","0.5520"
"211.3550","0.1486","0.5521"
"211.3750","0.1486","0.5521"
"211.3950","0.1486","0.5521"
"211.4150","0.1486","0.5520"
"211.4350","0.1486","0.5521"
"211.4550","0.1486","0.5521"
"211.4750","0.1486","0.5520"
"211.4950","0.1486","0.5520"
"211.5150","0.1486","0.5520"
"211.5350","0.1486","0.5519"
"211.5550","0.1486","0.5520"
"211.5750","0.1486","0.5520"
"211.5950","0.1486","0.5521"
"211.6150","0.1486","0.5520"
"211.6350","0.1486","0.5520"
"211.6550","0.1486","0.5521"
"211.6750","0.1486","0.5520"
"211.6950","0.1486","0.5520"
"211.7150","0.1486","0.5521"
"211.7350","0.1486","0.5521"
"211.7550","0.1486","0.5521"
"211.7750","0.1486","0.5520"
"211.7950","0.1486","0.5520"
"211.8150","0.1486","0.5520"
"211.8350","0.1486","0.5520"
"211.8550","0.1486","0.5520"
"211.8750","0.1486","0.5520"
"211.8950","0.1486","0.5519"
"211.9150","0.1486","0.5519"
"211.9350","0.1486","0.5519"
"211.9550","0.1486","0.5519"
"211.9750","0.1486","0.5519"
"211.9950","0.1486","0.5520"
"212.0150","0.1486","0.5520"
"212.0350","0.1486","0.5520"
"212.0550","0.1486","0.5520"
"212.0750","0.1486","0.5520"
"212.0950","0.1486","0.5520"
"212.1150","0.1486","0.5519"
"212.1350","0.1486","0.5518"
"212.1550","0.1486","0.5519"
"212.1750","0.1486","0.5519"
"212.1950","0.1486","0.5518"
"212.2150","0.1486","0.5519"
"212.2350","0.1486","0.5520"
"212.2550","0.1486","0.5519"
"212.2750","0.1486","0.5519"
"212.2950","0.1486","0.5519"
"212.3150","0.1486","0.5519"
"212.3350","0.1486","0.5518"
"212.3550","0.1486","0.5518"
"212.3750","0.1486","0.5519"
"212.3950","0.1486","0.5519"
"212.4150","0.1486","0.5518"
"212.4350","0.1486","0.5518"
"212.4550","0.1486","0.5518"
"212.4750","0.1486","0.5518"
"212.4950","0.1486","0.5519"
"212.5150","0.1486","0.5519"
"212.5350","0.1486","0.5518"
"212.5550","0.1486","0.5518"
"212.5750","0.1486","0.5519"
"212.5950","0.1486","0.5519"
"212.6150","0.1486","0.5518"
"212.6350","0.1486","0.5517"
"212.6550","0.1486","0.5518"
"212.6750","0.1486","0.5519"
"212.6950","0.1486","0.5519"
"212.7150","0.1486","0.5518"
"212.7350","0.1486","0.5518"
"212.7550","0.1486","0.5517"
"212.7750","0.1486","0.5518"
"212.7950","0.1486","0.5518"
"212.8150","0.1486","0.5518"
"212.8350","0.1486","0.5518"
"212.8550","0.1486","0.5519"
"212.8750","0.1486","0.5518"
"212.8950","0.1486","0.5518"
"212.9150","0.1486","0.5518"
"212.9350","0.1486","0.5518"
"212.9550","0.1486","0.5518"
"212.9750","0.1486","0.5518"
"212.9950","0.1486","0.5518"
"213.0150","0.1486","0.5518"
"213.0350","0.1486","0.5517"
"213.0550","0.1486","0.5517"
"213.0750","0.1486","0.5517"
"213.0950","0.1486","0.5517"
"213.1150","0.1486","0.5517"
"213.1350","0.1486","0.5517"
"213.1550","0.1486","0.5517"
"213.1750","0.1486","0.5517"
"213.1950","0.1486","0.5516"
"213.2150","0.1486","0.5516"
"213.2350","0.1486","0.5516"
"213.2550","0.1486","0.5517"
"213.2750","0.1486","0.5517"
"213.2950","0.1486","0.5517"
"213.3150","0.1486","0.5517"
"213.3350","0.1486","0.5517"
"213.3550","0.1486","0.5516"
"213.3750","0.1486","0.5516"
"213.3950","0.1486","0.5516"
"213.4150","0.1486","0.5516"
"213.4350","0.1486","0.5516"
"213.4550","0.1486","0.5516"
"213.4750","0.1486","0.5517"
"213.4950","0.1486","0.5516"
"213.5150","0.1486","0.5517"
"213.5350","0.1486","0.5516"
"213.5550","0.1486","0.5516"
"213.5750","0.1486","0.5516"
"213.5950","0.1486","0.5515"
"213.6150","0.1486","0.5515"
"213.6350","0.1486","0.5515"
"213.6550","0.1486","0.5517"
"213.6750","0.1486","0.5516"
"213.6950","0.1486","0.5516"
"213.7150","0.1486","0.5517"
"213.7350","0.1486","0.5516"
"213.7550","0.1486","0.5516"
"213.7750","0.1486","0.5515"
"213.7950","0.1486","0.5515"
"213.8150","0.1486","0.5516"
"213.8350","0.1486","0.5516"
"213.8550","0.1486","0.5516"
"213.8750","0.1486","0.5516"
"213.8950","0.1486","0.5516"
"213.9150","0.1486","0.5516"
"213.9350","0.1486","0.5515"
"213.9550","0.1486","0.5516"
"213.9750","0.1486","0.5516"
"213.9950","0.1486","0.5515"
"214.0150","0.1486","0.5515"
"214.0350","0.1486","0.5515"
"214.0550","0.1486","0.5515"
"214.0750","0.1486","0.5515"
"214.0950","0.1486","0.5516"
"214.1150","0.1486","0.5516"
"214.1350","0.1486","0.5516"
"214.1550","0.1486","0.5515"
"214.1750","0.1486","0.5515"
"214.1950","0.1486","0.5515"
"214.2150","0.1486","0.5515"
"214.2350","0.1486","0.5515"
"214.2550","0.1486","0.5515"
"214.2750","0.1486","0.5514"
"214.2950","0.1486","0.5514"
"214.3150","0.1486","0.5515"
"214.3350","0.1486","0.5515"
"214.3550","0.1486","0.5515"
"214.3750","0.1486","0.5514"
"214.3950","0.1486","0.5515"
"214.4150","0.1486","0.5515"
"214.4350","0.1486","0.5514"
"214.4550","0.1486","0.5514"
"214.4750","0.1486","0.5515"
"214.4950","0.1486","0.5515"
"214.5150","0.1486","0.5514"
"214.5350","0.1486","0.5515"
"214.5550","0.1486","0.5514"
"214.5750","0.1486","0.5513"
"214.5950","0.1486","0.5513"
"214.6150","0.1486","0.5513"
"214.6350","0.1486","0.5513"
"214.6550","0.1486","0.5513"
"214.6750","0.1486","0.5514"
"214.6950","0.1486","0.5514"
"214.7150","0.1486","0.5514"
"214.7350","0.1486","0.5514"
"214.7550","0.1486","0.5514"
"214.7750","0.1486","0.5514"
"214.7950","0.1486","0.5514"
"214.8150","0.1486","0.5514"
"214.8350","0.1486","0.5514"
"214.8550","0.1486","0.5514"
"214.8750","0.1486","0.5514"
"214.8950","0.1486","0.5514"
"214.9150","0.1486","0.5513"
"214.9350","0.1486","0.5514"
"214.9550","0.1486","0.5514"
"214.9750","0.1486","0.5514"
"214.9950","0.1486","0.5513"
"215.0150","0.1486","0.5513"
"215.0350","0.1486","0.5512"
"215.0550","0.1486","0.5513"
"215.0750","0.1486","0.5513"
"215.0950","0.1486","0.5513"
"215.1150","0.1486","0.5513"
"215.1350","0.1486","0.5513"
"215.1550","0.1486","0.5514"
"215.1750","0.1486","0.5513"
"215.1950","0.1486","0.5513"
"215.2150","0.1486","0.5513"
"215.2350","0.1486","0.5513"
"215.2550","0.1486","0.5512"
"215.2750","0.1486","0.5511"
"215.2950","0.1486","0.5512"
"215.3150","0.1486","0.5512"
"215.3350","0.1486","0.5513"
"215.3550","0.1486","0.5512"
"215.3750","0.1486","0.5512"
"215.3950","0.1486","0.5512"
"215.4150","0.1486","0.5512"
"215.4350","0.1486","0.5512"
"215.4550","0.1486","0.5512"
"215.4750","0.1486","0.5512"
"215.4950","0.1486","0.5512"
"215.5150","0.1486","0.5512"
"215.5350","0.1486","0.5511"
"215.5550","0.1486","0.5511"
"215.5750","0.1486","0.5511"
"215.5950","0.1486","0.5512"
"215.6150","0.1486","0.5512"
"215.6350","0.1486","0.5513"
"215.6550","0.1486","0.5512"
"215.6750","0.1486","0.5512"
"215.6950","0.1486","0.5512"
"215.7150","0.1486","0.5512"
"215.7350","0.1486","0.5511"
"215.7550","0.1486","0.5511"
"215.7750","0.1486","0.5511"
"215.7950","0.1486","0.5511"
"215.8150","0.1486","0.5512"
"215.8350","0.1486","0.5512"
"215.8550","0.1486","0.5511"
"215.8750","0.1486","0.5511"
"215.8950","0.1486","0.5512"
"215.9150","0.1486","0.5512"
"215.9350","0.1486","0.5512"
"215.9550","0.1486","0.5511"
"215.9750","0.1486","0.5511"
"215.9950","0.1486","0.5511"
"216.0150","0.1486","0.5511"
"216.0350","0.1486","0.5511"
"216.0550","0.1486","0.5511"
"216.0750","0.1486","0.5511"
"216.0950","0.1486","0.5512"
"216.1150","0.1486","0.5512"
"216.1350","0.1486","0.5512"
"216.1550","0.1486","0.5511"
"216.1750","0.1486","0.5511"
"216.1950","0.1486","0.5511"
"216.2150","0.1486","0.5510"
"216.2350","0.1486","0.5510"
"216.2550","0.1486","0.5510"
"216.2750","0.1486","0.5510"
"216.2950","0.1486","0.5510"
"216.3150","0.1486","0.5510"
"216.3350","0.1486","0.5511"
"216.3550","0.1486","0.5511"
"216.3750","0.1486","0.5509"
"216.3950","0.1486","0.5510"
"216.4150","0.1486","0.5510"
"216.4350","0.1486","0.5510"
"216.4550","0.1486","0.5511"
"216.4750","0.1486","0.5510"
"216.4950","0.1486","0.5510"
"216.5150","0.1486","0.5511"
"216.5350","0.1486","0.5511"
"216.5550","0.1486","0.5510"
"216.5750","0.1486","0.5510"
"216.5950","0.1486","0.5509"
"216.6150","0.1486","0.5510"
"216.6350","0.1486","0.5510"
"216.6550","0.1486","0.5510"
"216.6750","0.1486","0.5510"
"216.6950","0.1486","0.5510"
"216.7150","0.1486","0.5510"
"216.7350","0.1486","0.5510"
"216.7550","0.1486","0.5510"
"216.7750","0.1486","0.5509"
"216.7950","0.1486","0.5509"
"216.8150","0.1486","0.5510"
"216.8350","0.1486","0.5510"
"216.8550","0.1486","0.5509"
"216.8750","0.1486","0.5510"
"216.8950","0.1486","0.5509"
"216.9150","0.1486","0.5509"
"216.9350","0.1486","0.5510"
"216.9550","0.1486","0.5510"
"216.9750","0.1486","0.5509"
"216.9950","0.1486","0.5510"
"217.0150","0.1486","0.5509"
"217.0350","0.1486","0.5509"
"217.0550","0.1486","0.5509"
"217.0750","0.1486","0.5510"
"217.0950","0.1486","0.5510"
"217.1150","0.1486","0.5510"
"217.1350","0.1486","0.5509"
"217.1550","0.1486","0.5509"
"217.1750","0.1486","0.5509"
"217.1950","0.1486","0.5509"
"217.2150","0.1486","0.5510"
"217.2350","0.1486","0.5509"
"217.2550","0.1486","0.5509"
"217.2750","0.1486","0.5508"
"217.2950","0.1486","0.5508"
"217.3150","0.1486","0.5509"
"217.3350","0.1486","0.5510"
"217.3550","0.1486","0.5510"
"217.3750","0.1486","0.5510"
"217.3950","0.1486","0.5509"
"217.4150","0.1486","0.5509"
"217.4350","0.1486","0.5509"
"217.4550","0.1486","0.5509"
"217.4750","0.1486","0.5508"
"217.4950","0.1486","0.5508"
"217.5150","0.1486","0.5508"
"217.5350","0.1486","0.5508"
"217.5550","0.1486","0.5508"
"217.5750","0.1486","0.5509"
"217.5950","0.1486","0.5508"
"217.6150","0.1486","0.5508"
"217.6350","0.1486","0.5508"
"217.6550","0.1486","0.5506"
"217.6750","0.1486","0.5507"
"217.6950","0.1486","0.5508"
"217.7150","0.1486","0.5508"
"217.7350","0.1486","0.5508"
"217.7550","0.1486","0.5508"
"217.7750","0.1486","0.5507"
"217.7950","0.1486","0.5507"
"217.8150","0.1486","0.5507"
"217.8350","0.1486","0.5507"
"217.8550","0.1486","0.5507"
"217.8750","0.1486","0.5507"
"217.8950","0.1486","0.5507"
"217.9150","0.1486","0.5507"
"217.9350","0.1486","0.5508"
"217.9550","0.1486","0.5508"
"217.9750","0.1486","0.5508"
"217.9950","0.1486","0.5507"
"218.0150","0.1486","0.5507"
"218.0350","0.1486","0.5507"
"218.0550","0.1486","0.5508"
"218.0750","0.1486","0.5507"
"218.0950","0.1486","0.5508"
"218.1150","0.1486","0.5507"
"218.1350","0.1486","0.5507"
"218.1550","0.1486","0.5507"
"218.1750","0.1486","0.5507"
"218.1950","0.1486","0.5507"
"218.2150","0.1486","0.5507"
"218.2350","0.1486","0.5507"
"218.2550","0.1486","0.5507"
"218.2750","0.1486","0.5507"
"218.2950","0.1486","0.5507"
"218.3150","0.1486","0.5507"
"218.3350","0.1486","0.5507"
"218.3550","0.1486","0.5507"
"218.3750","0.1486","0.5507"
"218.3950","0.1486","0.5507"
"218.4150","0.1486","0.5507"
"218.4350","0.1486","0.5507"
"218.4550","0.1486","0.5507"
"218.4750","0.1486","0.5507"
"218.4950","0.1486","0.5507"
"218.5150","0.1486","0.5506"
"218.5350","0.1486","0.5507"
"218.5550","0.1486","0.5506"
"218.5750","0.1486","0.5507"
"218.5950","0.1486","0.5506"
"218.6150","0.1486","0.5506"
"218.6350","0.1486","0.5506"
"218.6550","0.1486","0.5507"
"218.6750","0.1486","0.5507"
"218.6950","0.1486","0.5506"
"218.7150","0.1486","0.5506"
"218.7350","0.1486","0.5505"
"218.7550","0.1486","0.5506"
"218.7750","0.1486","0.5506"
"218.7950","0.1486","0.5506"
"218.8150","0.1486","0.5506"
"218.8350","0.1486","0.5506"
"218.8550","0.1486","0.5506"
"218.8750","0.1486","0.5506"
"218.8950","0.1486","0.5507"
"218.9150","0.1486","0.5506"
"218.9350","0.1486","0.5505"
"218.9550","0.1486","0.5505"
"218.9750","0.1486","0.5506"
"218.9950","0.1486","0.5506"
"219.0150","0.1486","0.5505"
"219.0350","0.1486","0.5505"
"219.0550","0.1486","0.5505"
"219.0750","0.1486","0.5506"
"219.0950","0.1486","0.5506"
"219.1150","0.1486","0.5505"
"219.1350","0.1486","0.5505"
"219.1550","0.1486","0.5505"
"219.1750","0.1486","0.5506"
"219.1950","0.1486","0.5507"
"219.2150","0.1486","0.5506"
"219.2350","0.1486","0.5505"
"219.2550","0.1486","0.5505"
"219.2750","0.1486","0.5504"
"219.2950","0.1486","0.5505"
"219.3150","0.1486","0.5505"
"219.3350","0.1486","0.5505"
"219.3550","0.1486","0.5505"
"219.3750","0.1486","0.5505"
"219.3950","0.1486","0.5504"
"219.4150","0.1486","0.5505"
"219.4350","0.1486","0.5504"
"219.4550","0.1486","0.5504"
"219.4750","0.1486","0.5504"
"219.4950","0.1486","0.5504"
"219.5150","0.1486","0.5504"
"219.5350","0.1486","0.5505"
"219.5550","0.1486","0.5505"
"219.5750","0.1486","0.5504"
"219.5950","0.1486","0.5505"
"219.6150","0.1486","0.5505"
"219.6350","0.1486","0.5505"
"219.6550","0.1486","0.5505"
"219.6750","0.1486","0.5505"
"219.6950","0.1486","0.5504"
"219.7150","0.1486","0.5504"
"219.7350","0.1486","0.5504"
"219.7550","0.1486","0.5504"
"219.7750","0.1486","0.5504"
"219.7950","0.1486","0.5505"
"219.8150","0.1486","0.5505"
"219.8350","0.1486","0.5504"
"219.8550","0.1486","0.5504"
"219.8750","0.1486","0.5505"
"219.8950","0.1486","0.5504"
"219.9150","0.1486","0.5504"
"219.9350","0.1486","0.5504"
"219.9550","0.1486","0.5504"
"219.9750","0.1486","0.5504"
"219.9950","0.1486","0.5503"
"220.0150","0.1486","0.5503"
"220.0350","0.1486","0.5503"
"220.0550","0.1486","0.5503"
"220.0750","0.1486","0.5503"
"220.0950","0.1486","0.5503"
"220.1150","0.1486","0.5503"
"220.1350","0.1486","0.5504"
"220.1550","0.1486","0.5503"
"220.1750","0.1486","0.5504"
"220.1950","0.1486","0.5503"
"220.2150","0.1486","0.5503"
"220.2350","0.1486","0.5503"
"220.2550","0.1486","0.5503"
"220.2750","0.1486","0.5503"
"220.2950","0.1486","0.5504"
"220.3150","0.1486","0.5503"
"220.3350","0.1486","0.5503"
"220.3550","0.1486","0.5502"
"220.3750","0.1486","0.5502"
"220.3950","0.1486","0.5502"
"220.4150","0.1486","0.5502"
"220.4350","0.1486","0.5501"
"220.4550","0.1486","0.5502"
"220.4750","0.1486","0.5502"
"220.4950","0.1486","0.5502"
"220.5150","0.1486","0.5503"
"220.5350","0.1486","0.5503"
"220.5550","0.1486","0.5502"
"220.5750","0.1486","0.5502"
"220.5950","0.1486","0.5502"
"220.6150","0.1486","0.5503"
"220.6350","0.1486","0.5502"
"220.6550","0.1486","0.5502"
"220.6750","0.1486","0.5502"
"220.6950","0.1486","0.5502"
"220.7150","0.1486","0.5502"
"220.7350","0.1486","0.5502"
"220.7550","0.1486","0.5501"
"220.7750","0.1486","0.5502"
"220.7950","0.1486","0.5503"
"220.8150","0.1486","0.5502"
"220.8350","0.1486","0.5502"
"220.8550","0.1486","0.5501"
"220.8750","0.1486","0.5502"
"220.8950","0.1486","0.5501"
"220.9150","0.1486","0.5502"
"220.9350","0.1486","0.5502"
"220.9550","0.1486","0.5502"
"220.9750","0.1486","0.5502"
"220.9950","0.1486","0.5501"
"221.0150","0.1486","0.5501"
"221.0350","0.1486","0.5501"
"221.0550","0.1486","0.5502"
"221.0750","0.1486","0.5503"
"221.0950","0.1486","0.5502"
"221.1150","0.1486","0.5501"
"221.1350","0.1486","0.5500"
"221.1550","0.1486","0.5500"
"221.1750","0.1486","0.5501"
"221.1950","0.1486","0.5501"
"221.2150","0.1486","0.5501"
"221.2350","0.1486","0.5502"
"221.2550","0.1486","0.5501"
"221.2750","0.1486","0.5500"
"221.2950","0.1486","0.5501"
"221.3150","0.1486","0.5502"
"221.3350","0.1486","0.5501"
"221.3550","0.1486","0.5501"
"221.3750","0.1486","0.5501"
"221.3950","0.1486","0.5502"
"221.4150","0.1486","0.5501"
"221.4350","0.1486","0.5501"
"221.4550","0.1486","0.5501"
"221.4750","0.1486","0.5501"
"221.4950","0.1486","0.5501"
"221.5150","0.1486","0.5502"
"221.5350","0.1486","0.5502"
"221.5550","0.1486","0.5501"
"221.5750","0.1486","0.5500"
"221.5950","0.1486","0.5500"
"221.6150","0.1486","0.5501"
"221.6350","0.1486","0.5501"
"221.6550","0.1486","0.5501"
"221.6750","0.1486","0.5502"
"221.6950","0.1486","0.5501"
"221.7150","0.1486","0.5500"
"221.7350","0.1486","0.5499"
"221.7550","0.1486","0.5500"
"221.7750","0.1486","0.5500"
"221.7950","0.1486","0.5500"
"221.8150","0.1486","0.5500"
"221.8350","0.1486","0.5501"
"221.8550","0.1486","0.5500"
"221.8750","0.1486","0.5500"
"221.8950","0.1486","0.5499"
"221.9150","0.1486","0.5499"
"221.9350","0.1486","0.5500"
"221.9550","0.1486","0.5501"
"221.9750","0.1486","0.5500"
"221.9950","0.1486","0.5500"
"222.0150","0.1486","0.5500"
"222.0350","0.1486","0.5500"
"222.0550","0.1486","0.5500"
"222.0750","0.1486","0.5499"
"222.0950","0.1486","0.5499"
"222.1150","0.1486","0.5499"
"222.1350","0.1486","0.5500"
"222.1550","0.1486","0.5500"
"222.1750","0.1486","0.5500"
"222.1950","0.1486","0.5500"
"222.2150","0.1486","0.5499"
"222.2350","0.1486","0.5499"
"222.2550","0.1486","0.5499"
"222.2750","0.1486","0.5499"
"222.2950","0.1486","0.5499"
"222.3150","0.1486","0.5499"
"222.3350","0.1486","0.5499"
"222.3550","0.1486","0.5499"
"222.3750","0.1486","0.5499"
"222.3950","0.1486","0.5499"
"222.4150","0.1486","0.5499"
"222.4350","0.1486","0.5499"
"222.4550","0.1486","0.5499"
"222.4750","0.1486","0.5499"
"222.4950","0.1486","0.5498"
"222.5150","0.1486","0.5498"
"222.5350","0.1486","0.5498"
"222.5550","0.1486","0.5499"
"222.5750","0.1486","0.5499"
"222.5950","0.1486","0.5499"
"222.6150","0.1486","0.5498"
"222.6350","0.1486","0.5498"
"222.6550","0.1486","0.5499"
"222.6750","0.1486","0.5499"
"222.6950","0.1486","0.5498"
"222.7150","0.1486","0.5498"
"222.7350","0.1486","0.5499"
"222.7550","0.1486","0.5499"
"222.7750","0.1486","0.5498"
"222.7950","0.1486","0.5498"
"222.8150","0.1486","0.5498"
"222.8350","0.1486","0.5498"
"222.8550","0.1486","0.5498"
"222.8750","0.1486","0.5498"
"222.8950","0.1486","0.5498"
"222.9150","0.1486","0.5498"
"222.9350","0.1486","0.5498"
"222.9550","0.1486","0.5498"
"222.9750","0.1486","0.5499"
"222.9950","0.1486","0.5498"
"223.0150","0.1486","0.5498"
"223.0350","0.1486","0.5497"
"223.0550","0.1486","0.5497"
"223.0750","0.1486","0.5497"
"223.0950","0.1486","0.5498"
"223.1150","0.1486","0.5498"
"223.1350","0.1486","0.5498"
"223.1550","0.1486","0.5498"
"223.1750","0.1486","0.5498"
"223.1950","0.1486","0.5497"
"223.2150","0.1486","0.5497"
"223.2350","0.1486","0.5497"
"223.2550","0.1486","0.5498"
"223.2750","0.1486","0.5498"
"223.2950","0.1486","0.5498"
"223.3150","0.1486","0.5498"
"223.3350","0.1486","0.5497"
"223.3550","0.1486","0.5497"
"223.3750","0.1486","0.5497"
"223.3950","0.1486","0.5497"
"223.4150","0.1486","0.5497"
"223.4350","0.1486","0.5497"
"223.4550","0.1486","0.5497"
"223.4750","0.1486","0.5497"
"223.4950","0.1486","0.5498"
"223.5150","0.1486","0.5498"
"223.5350","0.1486","0.5497"
"223.5550","0.1486","0.5497"
"223.5750","0.1486","0.5497"
"223.5950","0.1486","0.5498"
"223.6150","0.1486","0.5497"
"223.6350","0.1486","0.5497"
"223.6550","0.1486","0.5497"
"223.6750","0.1486","0.5496"
"223.6950","0.1486","0.5496"
"223.7150","0.1486","0.5496"
"223.7350","0.1486","0.5497"
"223.7550","0.1486","0.5496"
"223.7750","0.1486","0.5496"
"223.7950","0.1486","0.5496"
"223.8150","0.1486","0.5497"
"223.8350","0.1486","0.5497"
"223.8550","0.1486","0.5497"
"223.8750","0.1486","0.5496"
"223.8950","0.1486","0.5496"
"223.9150","0.1486","0.5496"
"223.9350","0.1486","0.5496"
"223.9550","0.1486","0.5496"
"223.9750","0.1486","0.5496"
"223.9950","0.1486","0.5496"
"224.0150","0.1486","0.5496"
"224.0350","0.1486","0.5496"
"224.0550","0.1486","0.5496"
"224.0750","0.1486","0.5496"
"224.0950","0.1486","0.5496"
"224.1150","0.1486","0.5496"
"224.1350","0.1486","0.5496"
"224.1550","0.1486","0.5496"
"224.1750","0.1486","0.5496"
"224.1950","0.1486","0.5496"
"224.2150","0.1486","0.5496"
"224.2350","0.1486","0.5496"
"224.2550","0.1486","0.5496"
"224.2750","0.1486","0.5496"
"224.2950","0.1486","0.5496"
"224.3150","0.1486","0.5495"
"224.3350","0.1486","0.5495"
"224.3550","0.1486","0.5495"
"224.3750","0.1486","0.5496"
"224.3950","0.1486","0.5496"
"224.4150","0.1486","0.5496"
"224.4350","0.1486","0.5496"
"224.4550","0.1486","0.5496"
"224.4750","0.1486","0.5496"
"224.4950","0.1486","0.5496"
"224.5150","0.1486","0.5496"
"224.5350","0.1486","0.5495"
"224.5550","0.1486","0.5495"
"224.5750","0.1486","0.5495"
"224.5950","0.1486","0.5494"
"224.6150","0.1486","0.5495"
"224.6350","0.1486","0.5495"
"224.6550","0.1486","0.5496"
"224.6750","0.1486","0.5496"
"224.6950","0.1486","0.5495"
"224.7150","0.1486","0.5495"
"224.7350","0.1486","0.5495"
"224.7550","0.1486","0.5495"
"224.7750","0.1486","0.5495"
"224.7950","0.1486","0.5496"
"224.8150","0.1486","0.5495"
"224.8350","0.1486","0.5494"
"224.8550","0.1486","0.5494"
"224.8750","0.1486","0.5495"
"224.8950","0.1486","0.5496"
"224.9150","0.1486","0.5495"
"224.9350","0.1486","0.5495"
"224.9550","0.1486","0.5495"
"224.9750","0.1486","0.5494"
"224.9950","0.1486","0.5494"
"225.0150","0.1486","0.5495"
"225.0350","0.1486","0.5494"
"225.0550","0.1486","0.5494"
"225.0750","0.1486","0.5495"
"225.0950","0.1486","0.5495"
"225.1150","0.1486","0.5495"
"225.1350","0.1486","0.5495"
"225.1550","0.1486","0.5494"
"225.1750","0.1486","0.5494"
"225.1950","0.1486","0.5495"
"225.2150","0.1486","0.5494"
"225.2350","0.1486","0.5494"
"225.2550","0.1486","0.5494"
"225.2750","0.1486","0.5494"
"225.2950","0.1486","0.5494"
"225.3150","0.1486","0.5495"
"225.3350","0.1486","0.5495"
"225.3550","0.1486","0.5495"
"225.3750","0.1486","0.5494"
"225.3950","0.1486","0.5494"
"225.4150","0.1486","0.5493"
"225.4350","0.1486","0.5494"
"225.4550","0.1486","0.5494"
"225.4750","0.1486","0.5494"
"225.4950","0.1486","0.5494"
"225.5150","0.1486","0.5494"
"225.5350","0.1486","0.5493"
"225.5550","0.1486","0.5494"
"225.5750","0.1486","0.5493"
"225.5950","0.1486","0.5493"
"225.6150","0.1486","0.5493"
"225.6350","0.1486","0.5493"
"225.6550","0.1486","0.5493"
"225.6750","0.1486","0.5493"
"225.6950","0.1486","0.5493"
"225.7150","0.1486","0.5493"
"225.7350","0.1486","0.5493"
"225.7550","0.1486","0.5492"
"225.7750","0.1486","0.5493"
"225.7950","0.1486","0.5493"
"225.8150","0.1486","0.5493"
"225.8350","0.1486","0.5493"
"225.8550","0.1486","0.5493"
"225.8750","0.1486","0.5492"
"225.8950","0.1486","0.5492"
"225.9150","0.1486","0.5493"
"225.9350","0.1486","0.5493"
"225.9550","0.1486","0.5493"
"225.9750","0.1486","0.5493"
"225.9950","0.1486","0.5493"
"226.0150","0.1486","0.5493"
"226.0350","0.1486","0.5493"
"226.0550","0.1486","0.5492"
"226.0750","0.1486","0.5492"
"226.0950","0.1486","0.5492"
"226.1150","0.1486","0.5492"
"226.1350","0.1486","0.5492"
"226.1550","0.1486","0.5492"
"226.1750","0.1486","0.5492"
"226.1950","0.1486","0.5493"
"226.2150","0.1486","0.5491"
"226.2350","0.1486","0.5492"
"226.2550","0.1486","0.5493"
"226.2750","0.1486","0.5493"
"226.2950","0.1486","0.5492"
"226.3150","0.1486","0.5492"
"226.3350","0.1486","0.5492"
"226.3550","0.1486","0.5492"
"226.3750","0.1486","0.5492"
"226.3950","0.1486","0.5492"
"226.4150","0.1486","0.5492"
"226.4350","0.1486","0.5491"
"226.4550","0.1486","0.5491"
"226.4750","0.1486","0.5493"
"226.4950","0.1486","0.5492"
"226.5150","0.1486","0.5492"
"226.5350","0.1486","0.5491"
"226.5550","0.1486","0.5491"
"226.5750","0.1486","0.5492"
"226.5950","0.1486","0.5492"
"226.6150","0.1486","0.5492"
"226.6350","0.1486","0.5492"
"226.6550","0.1486","0.5491"
"226.6750","0.1486","0.5492"
"226.6950","0.1486","0.5492"
"226.7150","0.1486","0.5491"
"226.7350","0.1486","0.5491"
"226.7550","0.1486","0.5491"
"226.7750","0.1486","0.5491"
"226.7950","0.1486","0.5492"
"226.8150","0.1486","0.5492"
"226.8350","0.1486","0.5491"
"226.8550","0.1486","0.5491"
"226.8750","0.1486","0.5491"
"226.8950","0.1486","0.5492"
"226.9150","0.1486","0.5492"
"226.9350","0.1486","0.5492"
"226.9550","0.1486","0.5491"
"226.9750","0.1486","0.5490"
"226.9950","0.1486","0.5490"
"227.0150","0.1486","0.5490"
"227.0350","0.1486","0.5491"
"227.0550","0.1486","0.5492"
"227.0750","0.1486","0.5492"
"227.0950","0.1486","0.5491"
"227.1150","0.1486","0.5490"
"227.1350","0.1486","0.5491"
"227.1550","0.1486","0.5491"
"227.1750","0.1486","0.5490"
"227.1950","0.1486","0.5490"
"227.2150","0.1486","0.5491"
"227.2350","0.1486","0.5491"
"227.2550","0.1486","0.5491"
"227.2750","0.1486","0.5490"
"227.2950","0.1486","0.5490"
"227.3150","0.1486","0.5490"
"227.3350","0.1486","0.5490"
"227.3550","0.1486","0.5491"
"227.3750","0.1486","0.5491"
"227.3950","0.1486","0.5490"
"227.4150","0.1486","0.5490"
"227.4350","0.1486","0.5490"
"227.4550","0.1486","0.5490"
"227.4750","0.1486","0.5489"
"227.4950","0.1486","0.5490"
"227.5150","0.1486","0.5490"
"227.5350","0.1486","0.5490"
"227.5550","0.1486","0.5490"
"227.5750","0.1486","0.5489"
"227.5950","0.1486","0.5490"
"227.6150","0.1486","0.5489"
"227.6350","0.1486","0.5489"
"227.6550","0.1486","0.5489"
"227.6750","0.1486","0.5489"
"227.6950","0.1486","0.5489"
"227.7150","0.1486","0.5489"
"227.7350","0.1486","0.5489"
"227.7550","0.1486","0.5489"
"227.7750","0.1486","0.5489"
"227.7950","0.1486","0.5490"
"227.8150","0.1486","0.5489"
"227.8350","0.1486","0.5489"
"227.8550","0.1486","0.5490"
"227.8750","0.1486","0.5491"
"227.8950","0.1486","0.5491"
"227.9150","0.1486","0.5491"
"227.9350","0.1486","0.5490"
"227.9550","0.1486","0.5489"
"227.9750","0.1486","0.5490"
"227.9950","0.1486","0.5489"
"228.0150","0.1486","0.5489"
"228.0350","0.1486","0.5488"
"228.0550","0.1486","0.5489"
"228.0750","0.1486","0.5489"
"228.0950","0.1486","0.5490"
"228.1150","0.1486","0.5490"
"228.1350","0.1486","0.5489"
"228.1550","0.1486","0.5489"
"228.1750","0.1486","0.5488"
"228.1950","0.1486","0.5488"
"228.2150","0.1486","0.5488"
"228.2350","0.1486","0.5488"
"228.2550","0.1486","0.5488"
"228.2750","0.1486","0.5488"
"228.2950","0.1486","0.5488"
"228.3150","0.1486","0.5489"
"228.3350","0.1486","0.5489"
"228.3550","0.1486","0.5489"
"228.3750","0.1486","0.5489"
"228.3950","0.1486","0.5488"
"228.4150","0.1486","0.5489"
"228.4350","0.1486","0.5489"
"228.4550","0.1486","0.5489"
"228.4750","0.1486","0.5488"
"228.4950","0.1486","0.5488"
"228.5150","0.1486","0.5488"
"228.5350","0.1486","0.5488"
"228.5550","0.1486","0.5488"
"228.5750","0.1486","0.5488"
"228.5950","0.1486","0.5487"
"228.6150","0.1486","0.5487"
"228.6350","0.1486","0.5487"
"228.6550","0.1486","0.5488"
"228.6750","0.1486","0.5489"
"228.6950","0.1486","0.5488"
"228.7150","0.1486","0.5487"
"228.7350","0.1486","0.5487"
"228.7550","0.1486","0.5487"
"228.7750","0.1486","0.5487"
"228.7950","0.1486","0.5487"
"228.8150","0.1486","0.5487"
"228.8350","0.1486","0.5488"
"228.8550","0.1486","0.5488"
"228.8750","0.1486","0.5488"
"228.8950","0.1486","0.5488"
"228.9150","0.1486","0.5487"
"228.9350","0.1486","0.5487"
"228.9550","0.1486","0.5488"
"228.9750","0.1486","0.5488"
"228.9950","0.1486","0.5487"
"229.0150","0.1486","0.5487"
"229.0350","0.1486","0.5487"
"229.0550","0.1486","0.5487"
"229.0750","0.1486","0.5487"
"229.0950","0.1486","0.5487"
"229.1150","0.1486","0.5487"
"229.1350","0.1486","0.5487"
"229.1550","0.1486","0.5487"
"229.1750","0.1486","0.5487"
"229.1950","0.1486","0.5487"
"229.2150","0.1486","0.5486"
"229.2350","0.1486","0.5487"
"229.2550","0.1486","0.5487"
"229.2750","0.1486","0.5487"
"229.2950","0.1486","0.5487"
"229.3150","0.1486","0.5486"
"229.3350","0.1486","0.5485"
"229.3550","0.1486","0.5486"
"229.3750","0.1486","0.5486"
"229.3950","0.1486","0.5486"
"229.4150","0.1486","0.5487"
"229.4350","0.1486","0.5487"
"229.4550","0.1486","0.5487"
"229.4750","0.1486","0.5486"
"229.4950","0.1486","0.5487"
"229.5150","0.1486","0.5487"
"229.5350","0.1486","0.5487"
"229.5550","0.1486","0.5486"
"229.5750","0.1486","0.5486"
"229.5950","0.1486","0.5486"
"229.6150","0.1486","0.5486"
"229.6350","0.1486","0.5487"
"229.6550","0.1486","0.5486"
"229.6750","0.1486","0.5486"
"229.6950","0.1486","0.5485"
"229.7150","0.1486","0.5485"
"229.7350","0.1486","0.5484"
"229.7550","0.1486","0.5485"
"229.7750","0.1486","0.5486"
"229.7950","0.1486","0.5486"
"229.8150","0.1486","0.5487"
"229.8350","0.1486","0.5486"
"229.8550","0.1486","0.5485"
"229.8750","0.1486","0.5486"
"229.8950","0.1486","0.5486"
"229.9150","0.1486","0.5486"
"229.9350","0.1486","0.5486"
"229.9550","0.1486","0.5485"
"229.9750","0.1486","0.5485"
"229.9950","0.1486","0.5484"
"230.0150","0.1486","0.5485"
"230.0350","0.1486","0.5485"
"230.0550","0.1486","0.5485"
"230.0750","0.1486","0.5485"
"230.0950","0.1486","0.5486"
"230.1150","0.1486","0.5486"
"230.1350","0.1486","0.5485"
"230.1550","0.1486","0.5485"
"230.1750","0.1486","0.5485"
"230.1950","0.1486","0.5486"
"230.2150","0.1486","0.5485"
"230.2350","0.1486","0.5485"
"230.2550","0.1486","0.5484"
"230.2750","0.1486","0.5484"
"230.2950","0.1486","0.5484"
"230.3150","0.1486","0.5485"
"230.3350","0.1486","0.5485"
"230.3550","0.1486","0.5485"
"230.3750","0.1486","0.5485"
"230.3950","0.1486","0.5485"
"230.4150","0.1486","0.5485"
"230.4350","0.1486","0.5485"
"230.4550","0.1486","0.5485"
"230.4750","0.1486","0.5484"
"230.4950","0.1486","0.5484"
"230.5150","0.1486","0.5484"
"230.5350","0.1486","0.5485"
"230.5550","0.1486","0.5484"
"230.5750","0.1486","0.5484"
"230.5950","0.1486","0.5485"
"230.6150","0.1486","0.5484"
"230.6350","0.1486","0.5484"
"230.6550","0.1486","0.5484"
"230.6750","0.1486","0.5484"
"230.6950","0.1486","0.5484"
"230.7150","0.1486","0.5484"
"230.7350","0.1486","0.5484"
"230.7550","0.1486","0.5484"
"230.7750","0.1486","0.5485"
"230.7950","0.1486","0.5485"
"230.8150","0.1486","0.5485"
"230.8350","0.1486","0.5483"
"230.8550","0.1486","0.5484"
"230.8750","0.1486","0.5485"
"230.8950","0.1486","0.5484"
"230.9150","0.1486","0.5485"
"230.9350","0.1486","0.5484"
"230.9550","0.1486","0.5483"
"230.9750","0.1486","0.5483"
"230.9950","0.1486","0.5483"
"231.0150","0.1486","0.5484"
"231.0350","0.1486","0.5484"
"231.0550","0.1486","0.5484"
"231.0750","0.1486","0.5484"
"231.0950","0.1486","0.5484"
"231.1150","0.1486","0.5483"
"231.1350","0.1486","0.5483"
"231.1550","0.1486","0.5483"
"231.1750","0.1486","0.5483"
"231.1950","0.1486","0.5483"
"231.2150","0.1486","0.5483"
"231.2350","0.1486","0.5483"
"231.2550","0.1486","0.5483"
"231.2750","0.1486","0.5482"
"231.2950","0.1486","0.5483"
"231.3150","0.1486","0.5483"
"231.3350","0.1486","0.5483"
"231.3550","0.1486","0.5483"
"231.3750","0.1486","0.5483"
"231.3950","0.1486","0.5483"
"231.4150","0.1486","0.5483"
"231.4350","0.1486","0.5483"
"231.4550","0.1486","0.5483"
"231.4750","0.1486","0.5484"
"231.4950","0.1486","0.5483"
"231.5150","0.1486","0.5482"
"231.5350","0.1486","0.5482"
"231.5550","0.1486","0.5483"
"231.5750","0.1486","0.5483"
"231.5950","0.1486","0.5483"
"231.6150","0.1486","0.5484"
"231.6350","0.1486","0.5484"
"231.6550","0.1486","0.5484"
"231.6750","0.1486","0.5483"
"231.6950","0.1486","0.5482"
"231.7150","0.1486","0.5481"
"231.7350","0.1486","0.5482"
"231.7550","0.1486","0.5483"
"231.7750","0.1486","0.5482"
"231.7950","0.1486","0.5483"
"231.8150","0.1486","0.5483"
"231.8350","0.1486","0.5482"
"231.8550","0.1486","0.5482"
"231.8750","0.1486","0.5481"
"231.8950","0.1486","0.5482"
"231.9150","0.1486","0.5482"
"231.9350","0.1486","0.5482"
"231.9550","0.1486","0.5482"
"231.9750","0.1486","0.5482"
"231.9950","0.1486","0.5481"
"232.0150","0.1486","0.5482"
"232.0350","0.1486","0.5482"
"232.0550","0.1486","0.5483"
"232.0750","0.1486","0.5482"
"232.0950","0.1486","0.5481"
"232.1150","0.1486","0.5481"
"232.1350","0.1486","0.5481"
"232.1550","0.1486","0.5480"
"232.1750","0.1486","0.5482"
"232.1950","0.1486","0.5482"
"232.2150","0.1486","0.5481"
"232.2350","0.1486","0.5481"
"232.2550","0.1486","0.5482"
"232.2750","0.1486","0.5482"
"232.2950","0.1486","0.5482"
"232.3150","0.1486","0.5482"
"232.3350","0.1486","0.5481"
"232.3550","0.1486","0.5480"
"232.3750","0.1486","0.5480"
"232.3950","0.1486","0.5481"
"232.4150","0.1486","0.5481"
"232.4350","0.1486","0.5481"
"232.4550","0.1486","0.5481"
"232.4750","0.1486","0.5480"
"232.4950","0.1486","0.5481"
"232.5150","0.1486","0.5481"
"232.5350","0.1486","0.5482"
"232.5550","0.1486","0.5481"
"232.5750","0.1486","0.5480"
"232.5950","0.1486","0.5481"
"232.6150","0.1486","0.5481"
"232.6350","0.1486","0.5482"
"232.6550","0.1486","0.5482"
"232.6750","0.1486","0.5480"
"232.6950","0.1486","0.5480"
"232.7150","0.1486","0.5481"
"232.7350","0.1486","0.5481"
"232.7550","0.1486","0.5481"
"232.7750","0.1486","0.5481"
"232.7950","0.1486","0.5481"
"232.8150","0.1486","0.5481"
"232.8350","0.1486","0.5481"
"232.8550","0.1486","0.5480"
"232.8750","0.1486","0.5480"
"232.8950","0.1486","0.5480"
"232.9150","0.1486","0.5480"
"232.9350","0.1486","0.5480"
"232.9550","0.1486","0.5481"
"232.9750","0.1486","0.5480"
"232.9950","0.1486","0.5480"
"233.0150","0.1486","0.5479"
"233.0350","0.1486","0.5478"
"233.0550","0.1486","0.5479"
"233.0750","0.1486","0.5479"
"233.0950","0.1486","0.5480"
"233.1150","0.1486","0.5479"
"233.1350","0.1486","0.5480"
"233.1550","0.1486","0.5480"
"233.1750","0.1486","0.5479"
"233.1950","0.1486","0.5479"
"233.2150","0.1486","0.5480"
"233.2350","0.1486","0.5480"
"233.2550","0.1486","0.5479"
"233.2750","0.1486","0.5479"
"233.2950","0.1486","0.5480"
"233.3150","0.1486","0.5480"
"233.3350","0.1486","0.5481"
"233.3550","0.1486","0.5480"
"233.3750","0.1486","0.5479"
"233.3950","0.1486","0.5479"
"233.4150","0.1486","0.5480"
"233.4350","0.1486","0.5479"
"233.4550","0.1486","0.5478"
"233.4750","0.1486","0.5479"
"233.4950","0.1486","0.5479"
"233.5150","0.1486","0.5479"
"233.5350","0.1486","0.5479"
"233.5550","0.1486","0.5479"
"233.5750","0.1486","0.5479"
"233.5950","0.1486","0.5479"
"233.6150","0.1486","0.5479"
"233.6350","0.1486","0.5479"
"233.6550","0.1486","0.5479"
"233.6750","0.1486","0.5479"
"233.6950","0.1486","0.5479"
"233.7150","0.1486","0.5479"
"233.7350","0.1486","0.5479"
"233.7550","0.1486","0.5479"
"233.7750","0.1486","0.5479"
"233.7950","0.1486","0.5480"
"233.8150","0.1486","0.5479"
"233.8350","0.1486","0.5478"
"233.8550","0.1486","0.5478"
"233.8750","0.1486","0.5478"
"233.8950","0.1486","0.5479"
"233.9150","0.1486","0.5480"
"233.9350","0.1486","0.5479"
"233.9550","0.1486","0.5479"
"233.9750","0.1486","0.5478"
"233.9950","0.1486","0.5479"
"234.0150","0.1486","0.5478"
"234.0350","0.1486","0.5479"
"234.0550","0.1486","0.5479"
"234.0750","0.1486","0.5479"
"234.0950","0.1486","0.5478"
"234.1150","0.1486","0.5478"
"234.1350","0.1486","0.5478"
"234.1550","0.1486","0.5478"
"234.1750","0.1486","0.5478"
"234.1950","0.1486","0.5479"
"234.2150","0.1486","0.5479"
"234.2350","0.1486","0.5478"
"234.2550","0.1486","0.5477"
"234.2750","0.1486","0.5478"
"234.2950","0.1486","0.5478"
"234.3150","0.1486","0.5477"
"234.3350","0.1486","0.5477"
"234.3550","0.1486","0.5478"
"234.3750","0.1486","0.5478"
"234.3950","0.1486","0.5478"
"234.4150","0.1486","0.5478"
"234.4350","0.1486","0.5478"
"234.4550","0.1486","0.5477"
"234.4750","0.1486","0.5477"
"234.4950","0.1486","0.5477"
"234.5150","0.1486","0.5478"
"234.5350","0.1486","0.5477"
"234.5550","0.1486","0.5477"
"234.5750","0.1486","0.5477"
"234.5950","0.1486","0.5477"
"234.6150","0.1486","0.5477"
"234.6350","0.1486","0.5477"
"234.6550","0.1486","0.5477"
"234.6750","0.1486","0.5477"
"234.6950","0.1486","0.5477"
"234.7150","0.1486","0.5477"
"234.7350","0.1486","0.5476"
"234.7550","0.1486","0.5476"
"234.7750","0.1486","0.5477"
"234.7950","0.1486","0.5477"
"234.8150","0.1486","0.5477"
"234.8350","0.1486","0.5477"
"234.8550","0.1486","0.5476"
"234.8750","0.1486","0.5475"
"234.8950","0.1486","0.5475"
"234.9150","0.1486","0.5477"
"234.9350","0.1486","0.5477"
"234.9550","0.1486","0.5477"
"234.9750","0.1486","0.5477"
"234.9950","0.1486","0.5477"
"235.0150","0.1486","0.5477"
"235.0350","0.1486","0.5477"
"235.0550","0.1486","0.5476"
"235.0750","0.1486","0.5476"
"235.0950","0.1486","0.5475"
"235.1150","0.1486","0.5476"
"235.1350","0.1486","0.5476"
"235.1550","0.1486","0.5476"
"235.1750","0.1486","0.5476"
"235.1950","0.1486","0.5476"
"235.2150","0.1486","0.5476"
"235.2350","0.1486","0.5476"
"235.2550","0.1486","0.5476"
"235.2750","0.1486","0.5476"
"235.2950","0.1486","0.5477"
"235.3150","0.1486","0.5476"
"235.3350","0.1486","0.5476"
"235.3550","0.1486","0.5476"
"235.3750","0.1486","0.5476"
"235.3950","0.1486","0.5476"
"235.4150","0.1486","0.5476"
"235.4350","0.1486","0.5476"
"235.4550","0.1486","0.5476"
"235.4750","0.1486","0.5476"
"235.4950","0.1486","0.5476"
"235.5150","0.1486","0.5475"
"235.5350","0.1486","0.5475"
"235.5550","0.1486","0.5475"
"235.5750","0.1486","0.5475"
"235.5950","0.1486","0.5475"
"235.6150","0.1486","0.5475"
"235.6350","0.1486","0.5476"
"235.6550","0.1486","0.5476"
"235.6750","0.1486","0.5476"
"235.6950","0.1486","0.5476"
"235.7150","0.1486","0.5474"
"235.7350","0.1486","0.5474"
"235.7550","0.1486","0.5475"
"235.7750","0.1486","0.5476"
"235.7950","0.1486","0.5475"
"235.8150","0.1486","0.5475"
"235.8350","0.1486","0.5475"
"235.8550","0.1486","0.5475"
"235.8750","0.1486","0.5475"
"235.8950","0.1486","0.5475"
"235.9150","0.1486","0.5476"
"235.9350","0.1486","0.5476"
"235.9550","0.1486","0.5475"
"235.9750","0.1486","0.5474"
"235.9950","0.1486","0.5474"
"236.0150","0.1486","0.5474"
"236.0350","0.1486","0.5475"
"236.0550","0.1486","0.5474"
"236.0750","0.1486","0.5474"
"236.0950","0.1486","0.5475"
"236.1150","0.1486","0.5475"
"236.1350","0.1486","0.5475"
"236.1550","0.1486","0.5475"
"236.1750","0.1486","0.5475"
"236.1950","0.1486","0.5475"
"236.2150","0.1486","0.5474"
"236.2350","0.1486","0.5473"
"236.2550","0.1486","0.5473"
"236.2750","0.1486","0.5474"
"236.2950","0.1486","0.5473"
"236.3150","0.1486","0.5474"
"236.3350","0.1486","0.5474"
"236.3550","0.1486","0.5474"
"236.3750","0.1486","0.5474"
"236.3950","0.1486","0.5474"
"236.4150","0.1486","0.5475"
"236.4350","0.1486","0.5474"
"236.4550","0.1486","0.5474"
"236.4750","0.1486","0.5474"
"236.4950","0.1486","0.5474"
"236.5150","0.1486","0.5473"
"236.5350","0.1486","0.5473"
"236.5550","0.1486","0.5474"
"236.5750","0.1486","0.5474"
"236.5950","0.1486","0.5473"
"236.6150","0.1486","0.5474"
"236.6350","0.1486","0.5474"
"236.6550","0.1486","0.5475"
"236.6750","0.1486","0.5474"
"236.6950","0.1486","0.5473"
"236.7150","0.1486","0.5473"
"236.7350","0.1486","0.5472"
"236.7550","0.1486","0.5473"
"236.7750","0.1486","0.5473"
"236.7950","0.1486","0.5472"
"236.8150","0.1486","0.5473"
"236.8350","0.1486","0.5473"
"236.8550","0.1486","0.5473"
"236.8750","0.1486","0.5473"
"236.8950","0.1486","0.5473"
"236.9150","0.1486","0.5473"
"236.9350","0.1486","0.5473"
"236.9550","0.1486","0.5473"
"236.9750","0.1486","0.5473"
"236.9950","0.1486","0.5473"
"237.0150","0.1486","0.5473"
"237.0350","0.1486","0.5473"
"237.0550","0.1486","0.5473"
"237.0750","0.1486","0.5473"
"237.0950","0.1486","0.5473"
"237.1150","0.1486","0.5473"
"237.1350","0.1486","0.5472"
"237.1550","0.1486","0.5473"
"237.1750","0.1486","0.5473"
"237.1950","0.1486","0.5472"
"237.2150","0.1486","0.5472"
"237.2350","0.1486","0.5472"
"237.2550","0.1486","0.5472"
"237.2750","0.1486","0.5472"
"237.2950","0.1486","0.5472"
"237.3150","0.1486","0.5472"
"237.3350","0.1486","0.5472"
"237.3550","0.1486","0.5473"
"237.3750","0.1486","0.5473"
"237.3950","0.1486","0.5472"
"237.4150","0.1486","0.5472"
"237.4350","0.1486","0.5473"
"237.4550","0.1486","0.5473"
"237.4750","0.1486","0.5472"
"237.4950","0.1486","0.5472"
"237.5150","0.1486","0.5473"
"237.5350","0.1486","0.5472"
"237.5550","0.1486","0.5471"
"237.5750","0.1486","0.5472"
"237.5950","0.1486","0.5472"
"237.6150","0.1486","0.5472"
"237.6350","0.1486","0.5472"
"237.6550","0.1486","0.5471"
"237.6750","0.1486","0.5472"
"237.6950","0.1486","0.5472"
"237.7150","0.1486","0.5472"
"237.7350","0.1486","0.5472"
"237.7550","0.1486","0.5472"
"237.7750","0.1486","0.5471"
"237.7950","0.1486","0.5471"
"237.8150","0.1486","0.5471"
"237.8350","0.1486","0.5472"
"237.8550","0.1486","0.5472"
"237.8750","0.1486","0.5471"
"237.8950","0.1486","0.5471"
"237.9150","0.1486","0.5471"
"237.9350","0.1486","0.5471"
"237.9550","0.1486","0.5471"
"237.9750","0.1486","0.5471"
"237.9950","0.1486","0.5471"
"238.0150","0.1486","0.5471"
"238.0350","0.1486","0.5471"
"238.0550","0.1486","0.5470"
"238.0750","0.1486","0.5471"
"238.0950","0.1486","0.5471"
"238.1150","0.1486","0.5471"
"238.1350","0.1486","0.5472"
"238.1550","0.1486","0.5471"
"238.1750","0.1486","0.5471"
"238.1950","0.1486","0.5471"
"238.2150","0.1486","0.5470"
"238.2350","0.1486","0.5470"
"238.2550","0.1486","0.5470"
"238.2750","0.1486","0.5470"
"238.2950","0.1486","0.5470"
"238.3150","0.1486","0.5470"
"238.3350","0.1486","0.5469"
"238.3550","0.1486","0.5469"
"238.3750","0.1486","0.5470"
"238.3950","0.1486","0.5470"
"238.4150","0.1486","0.5470"
"238.4350","0.1486","0.5470"
"238.4550","0.1486","0.5469"
"238.4750","0.1486","0.5469"
"238.4950","0.1486","0.5470"
"238.5150","0.1486","0.5471"
"238.5350","0.1486","0.5471"
"238.5550","0.1486","0.5470"
"238.5750","0.1486","0.5469"
"238.5950","0.1486","0.5469"
"238.6150","0.1486","0.5469"
"238.6350","0.1486","0.5470"
"238.6550","0.1486","0.5470"
"238.6750","0.1486","0.5470"
"238.6950","0.1486","0.5470"
"238.7150","0.1486","0.5470"
"238.7350","0.1486","0.5470"
"238.7550","0.1486","0.5470"
"238.7750","0.1486","0.5470"
"238.7950","0.1486","0.5470"
"238.8150","0.1486","0.5470"
"238.8350","0.1486","0.5470"
"238.8550","0.1486","0.5470"
"238.8750","0.1486","0.5470"
"238.8950","0.1486","0.5469"
"238.9150","0.1486","0.5469"
"238.9350","0.1486","0.5469"
"238.9550","0.1486","0.5469"
"238.9750","0.1486","0.5469"
"238.9950","0.1486","0.5469"
"239.0150","0.1486","0.5469"
"239.0350","0.1486","0.5469"
"239.0550","0.1486","0.5469"
"239.0750","0.1486","0.5469"
"239.0950","0.1486","0.5469"
"239.1150","0.1486","0.5469"
"239.1350","0.1486","0.5469"
"239.1550","0.1486","0.5469"
"239.1750","0.1486","0.5469"
"239.1950","0.1486","0.5469"
"239.2150","0.1486","0.5468"
"239.2350","0.1486","0.5469"
"239.2550","0.1486","0.5469"
"239.2750","0.1486","0.5468"
"239.2950","0.1486","0.5468"
"239.3150","0.1486","0.5469"
"239.3350","0.1486","0.5469"
"239.3550","0.1486","0.5469"
"239.3750","0.1486","0.5469"
"239.3950","0.1486","0.5468"
"239.4150","0.1486","0.5469"
"239.4350","0.1486","0.5469"
"239.4550","0.1486","0.5468"
"239.4750","0.1486","0.5468"
"239.4950","0.1486","0.5468"
"239.5150","0.1486","0.5468"
"239.5350","0.1486","0.5469"
"239.5550","0.1486","0.5470"
"239.5750","0.1486","0.5469"
"239.5950","0.1486","0.5468"
"239.6150","0.1486","0.5468"
"239.6350","0.1486","0.5469"
"239.6550","0.1486","0.5468"
"239.6750","0.1486","0.5468"
"239.6950","0.1486","0.5468"
"239.7150","0.1486","0.5469"
"239.7350","0.1486","0.5468"
"239.7550","0.1486","0.5468"
"239.7750","0.1486","0.5469"
"239.7950","0.1486","0.5469"
"239.8150","0.1486","0.5469"
"239.8350","0.1486","0.5469"
"239.8550","0.1486","0.5468"
"239.8750","0.1486","0.5467"
"239.8950","0.1486","0.5467"
"239.9150","0.1486","0.5467"
"239.9350","0.1486","0.5468"
"239.9550","0.1486","0.5468"
"239.9750","0.1486","0.5468"
"239.9950","0.1486","0.5468"
"240.0150","0.1486","0.5468"
"240.0350","0.1486","0.5468"
"240.0550","0.1486","0.5467"
"240.0750","0.1486","0.5467"
"240.0950","0.1486","0.5467"
"240.1150","0.1486","0.5467"
"240.1350","0.1486","0.5468"
"240.1550","0.1486","0.5467"
"240.1750","0.1486","0.5467"
"240.1950","0.1486","0.5466"
"240.2150","0.1486","0.5466"
"240.2350","0.1486","0.5467"
"240.2550","0.1486","0.5467"
"240.2750","0.1486","0.5467"
"240.2950","0.1486","0.5466"
"240.3150","0.1486","0.5467"
"240.3350","0.1486","0.5467"
"240.3550","0.1486","0.5467"
"240.3750","0.1486","0.5467"
"240.3950","0.1486","0.5467"
"240.4150","0.1486","0.5467"
"240.4350","0.1486","0.5467"
"240.4550","0.1486","0.5466"
"240.4750","0.1486","0.5467"
"240.4950","0.1486","0.5467"
"240.5150","0.1486","0.5467"
"240.5350","0.1486","0.5467"
"240.5550","0.1486","0.5467"
"240.5750","0.1486","0.5467"
"240.5950","0.1486","0.5467"
"240.6150","0.1486","0.5467"
"240.6350","0.1486","0.5466"
"240.6550","0.1486","0.5466"
"240.6750","0.1486","0.5466"
"240.6950","0.1486","0.5467"
"240.7150","0.1486","0.5467"
"240.7350","0.1486","0.5466"
"240.7550","0.1486","0.5466"
"240.7750","0.1486","0.5466"
"240.7950","0.1486","0.5466"
"240.8150","0.1486","0.5467"
"240.8350","0.1486","0.5466"
"240.8550","0.1486","0.5465"
"240.8750","0.1486","0.5466"
"240.8950","0.1486","0.5466"
"240.9150","0.1486","0.5466"
"240.9350","0.1486","0.5467"
"240.9550","0.1486","0.5466"
"240.9750","0.1486","0.5466"
"240.9950","0.1486","0.5466"
"241.0150","0.1486","0.5466"
"241.0350","0.1486","0.5466"
"241.0550","0.1486","0.5466"
"241.0750","0.1486","0.5466"
"241.0950","0.1486","0.5466"
"241.1150","0.1486","0.5466"
"241.1350","0.1486","0.5466"
"241.1550","0.1486","0.5466"
"241.1750","0.1486","0.5465"
"241.1950","0.1486","0.5465"
"241.2150","0.1486","0.5465"
"241.2350","0.1486","0.5465"
"241.2550","0.1486","0.5465"
"241.2750","0.1486","0.5466"
"241.2950","0.1486","0.5465"
"241.3150","0.1486","0.5465"
"241.3350","0.1486","0.5466"
"241.3550","0.1486","0.5466"
"241.3750","0.1486","0.5465"
"241.3950","0.1486","0.5466"
"241.4150","0.1486","0.5466"
"241.4350","0.1486","0.5465"
"241.4550","0.1486","0.5465"
"241.4750","0.1486","0.5466"
"241.4950","0.1486","0.5466"
"241.5150","0.1486","0.5465"
"241.5350","0.1486","0.5465"
"241.5550","0.1486","0.5464"
"241.5750","0.1486","0.5464"
"241.5950","0.1486","0.5465"
"241.6150","0.1486","0.5465"
"241.6350","0.1486","0.5465"
"241.6550","0.1486","0.5465"
"241.6750","0.1486","0.5465"
"241.6950","0.1486","0.5466"
"241.7150","0.1486","0.5465"
"241.7350","0.1486","0.5465"
"241.7550","0.1486","0.5465"
"241.7750","0.1486","0.5465"
"241.7950","0.1486","0.5465"
"241.8150","0.1486","0.5464"
"241.8350","0.1486","0.5464"
"241.8550","0.1486","0.5464"
"241.8750","0.1486","0.5464"
"241.8950","0.1486","0.5464"
"241.9150","0.1486","0.5465"
"241.9350","0.1486","0.5465"
"241.9550","0.1486","0.5465"
"241.9750","0.1486","0.5464"
"241.9950","0.1486","0.5465"
"242.0150","0.1486","0.5465"
"242.0350","0.1486","0.5464"
"242.0550","0.1486","0.5464"
"242.0750","0.1486","0.5465"
"242.0950","0.1486","0.5464"
"242.1150","0.1486","0.5464"
"242.1350","0.1486","0.5463"
"242.1550","0.1486","0.5463"
"242.1750","0.1486","0.5463"
"242.1950","0.1486","0.5463"
"242.2150","0.1486","0.5463"
"242.2350","0.1486","0.5463"
"242.2550","0.1486","0.5465"
"242.2750","0.1486","0.5465"
"242.2950","0.1486","0.5464"
"242.3150","0.1486","0.5463"
"242.3350","0.1486","0.5464"
"242.3550","0.1486","0.5464"
"242.3750","0.1486","0.5464"
"242.3950","0.1486","0.5464"
"242.4150","0.1486","0.5463"
"242.4350","0.1486","0.5462"
"242.4550","0.1486","0.5463"
"242.4750","0.1486","0.5462"
"242.4950","0.1486","0.5463"
"242.5150","0.1486","0.5463"
"242.5350","0.1486","0.5463"
"242.5550","0.1486","0.5464"
"242.5750","0.1486","0.5464"
"242.5950","0.1486","0.5464"
"242.6150","0.1486","0.5464"
"242.6350","0.1486","0.5463"
"242.6550","0.1486","0.5464"
"242.6750","0.1486","0.5464"
"242.6950","0.1486","0.5464"
"242.7150","0.1486","0.5463"
"242.7350","0.1486","0.5462"
"242.7550","0.1486","0.5462"
"242.7750","0.1486","0.5463"
"242.7950","0.1486","0.5462"
"242.8150","0.1486","0.5462"
"242.8350","0.1486","0.5462"
"242.8550","0.1486","0.5463"
"242.8750","0.1486","0.5463"
"242.8950","0.1486","0.5463"
"242.9150","0.1486","0.5463"
"242.9350","0.1486","0.5463"
"242.9550","0.1486","0.5463"
"242.9750","0.1486","0.5462"
"242.9950","0.1486","0.5462"
"243.0150","0.1486","0.5462"
"243.0350","0.1486","0.5462"
"243.0550","0.1486","0.5463"
"243.0750","0.1486","0.5463"
"243.0950","0.1486","0.5462"
"243.1150","0.1486","0.5462"
"243.1350","0.1486","0.5462"
"243.1550","0.1486","0.5462"
"243.1750","0.1486","0.5462"
"243.1950","0.1486","0.5462"
"243.2150","0.1486","0.5462"
"243.2350","0.1486","0.5462"
"243.2550","0.1486","0.5462"
"243.2750","0.1486","0.5462"
"243.2950","0.1486","0.5462"
"243.3150","0.1486","0.5463"
"243.3350","0.1486","0.5463"
"243.3550","0.1486","0.5462"
"243.3750","0.1486","0.5461"
"243.3950","0.1486","0.5461"
"243.4150","0.1486","0.5461"
"243.4350","0.1486","0.5460"
"243.4550","0.1486","0.5461"
"243.4750","0.1486","0.5462"
"243.4950","0.1486","0.5462"
"243.5150","0.1486","0.5463"
"243.5350","0.1486","0.5463"
"243.5550","0.1486","0.5462"
"243.5750","0.1486","0.5462"
"243.5950","0.1486","0.5461"
"243.6150","0.1486","0.5461"
"243.6350","0.1486","0.5461"
"243.6550","0.1486","0.5461"
"243.6750","0.1486","0.5461"
"243.6950","0.1486","0.5461"
"243.7150","0.1486","0.5461"
"243.7350","0.1486","0.5462"
"243.7550","0.1486","0.5462"
"243.7750","0.1486","0.5462"
"243.7950","0.1486","0.5462"
"243.8150","0.1486","0.5462"
"243.8350","0.1486","0.5463"
"243.8550","0.1486","0.5462"
"243.8750","0.1486","0.5462"
"243.8950","0.1486","0.5461"
"243.9150","0.1486","0.5461"
"243.9350","0.1486","0.5460"
"243.9550","0.1486","0.5460"
"243.9750","0.1486","0.5461"
"243.9950","0.1486","0.5461"
"244.0150","0.1486","0.5461"
"244.0350","0.1486","0.5462"
"244.0550","0.1486","0.5462"
"244.0750","0.1486","0.5461"
"244.0950","0.1486","0.5461"
"244.1150","0.1486","0.5461"
"244.1350","0.1486","0.5460"
"244.1550","0.1486","0.5459"
"244.1750","0.1486","0.5460"
"244.1950","0.1486","0.5460"
"244.2150","0.1486","0.5460"
"244.2350","0.1486","0.5460"
"244.2550","0.1486","0.5460"
"244.2750","0.1486","0.5460"
"244.2950","0.1486","0.5460"
"244.3150","0.1486","0.5460"
"244.3350","0.1486","0.5460"
"244.3550","0.1486","0.5460"
"244.3750","0.1486","0.5460"
"244.3950","0.1486","0.5460"
"244.4150","0.1486","0.5460"
"244.4350","0.1486","0.5460"
"244.4550","0.1486","0.5460"
"244.4750","0.1486","0.5460"
"244.4950","0.1486","0.5460"
"244.5150","0.1486","0.5460"
"244.5350","0.1486","0.5460"
"244.5550","0.1486","0.5460"
"244.5750","0.1486","0.5460"
"244.5950","0.1486","0.5460"
"244.6150","0.1486","0.5460"
"244.6350","0.1486","0.5459"
"244.6550","0.1486","0.5459"
"244.6750","0.1486","0.5459"
"244.6950","0.1486","0.5459"
"244.7150","0.1486","0.5460"
"244.7350","0.1486","0.5460"
"244.7550","0.1486","0.5460"
"244.7750","0.1486","0.5460"
"244.7950","0.1486","0.5459"
"244.8150","0.1486","0.5459"
"244.8350","0.1486","0.5460"
"244.8550","0.1486","0.5459"
"244.8750","0.1486","0.5459"
"244.8950","0.1486","0.5459"
"244.9150","0.1486","0.5460"
"244.9350","0.1486","0.5460"
"244.9550","0.1486","0.5460"
"244.9750","0.1486","0.5460"
"244.9950","0.1486","0.5460"
"245.0150","0.1486","0.5460"
"245.0350","0.1486","0.5459"
"245.0550","0.1486","0.5459"
"245.0750","0.1486","0.5459"
"245.0950","0.1486","0.5459"
"245.1150","0.1486","0.5460"
"245.1350","0.1486","0.5460"
"245.1550","0.1486","0.5461"
"245.1750","0.1486","0.5459"
"245.1950","0.1486","0.5459"
"245.2150","0.1486","0.5459"
"245.2350","0.1486","0.5459"
"245.2550","0.1486","0.5459"
"245.2750","0.1486","0.5458"
"245.2950","0.1486","0.5458"
"245.3150","0.1486","0.5458"
"245.3350","0.1486","0.5459"
"245.3550","0.1486","0.5459"
"245.3750","0.1486","0.5459"
"245.3950","0.1486","0.5459"
"245.4150","0.1486","0.5459"
"245.4350","0.1486","0.5458"
"245.4550","0.1486","0.5459"
"245.4750","0.1486","0.5459"
"245.4950","0.1486","0.5459"
"245.5150","0.1486","0.5458"
"245.5350","0.1486","0.5458"
"245.5550","0.1486","0.5457"
"245.5750","0.1486","0.5457"
"245.5950","0.1486","0.5458"
"245.6150","0.1486","0.5458"
"245.6350","0.1486","0.5457"
"245.6550","0.1486","0.5458"
"245.6750","0.1486","0.5458"
"245.6950","0.1486","0.5458"
"245.7150","0.1486","0.5458"
"245.7350","0.1486","0.5458"
"245.7550","0.1486","0.5458"
"245.7750","0.1486","0.5458"
"245.7950","0.1486","0.5459"
"245.8150","0.1486","0.5458"
"245.8350","0.1486","0.5458"
"245.8550","0.1486","0.5458"
"245.8750","0.1486","0.5458"
"245.8950","0.1486","0.5458"
"245.9150","0.1486","0.5458"
"245.9350","0.1486","0.5458"
"245.9550","0.1486","0.5457"
"245.9750","0.1486","0.5457"
"245.9950","0.1486","0.5457"
"246.0150","0.1486","0.5457"
"246.0350","0.1486","0.5458"
"246.0550","0.1486","0.5457"
"246.0750","0.1486","0.5457"
"246.0950","0.1486","0.5457"
"246.1150","0.1486","0.5458"
"246.1350","0.1486","0.5458"
"246.1550","0.1486","0.5457"
"246.1750","0.1486","0.5456"
"246.1950","0.1486","0.5456"
"246.2150","0.1486","0.5457"
"246.2350","0.1486","0.5458"
"246.2550","0.1486","0.5457"
"246.2750","0.1486","0.5457"
"246.2950","0.1486","0.5457"
"246.3150","0.1486","0.5456"
"246.3350","0.1486","0.5457"
"246.3550","0.1486","0.5457"
"246.3750","0.1486","0.5457"
"246.3950","0.1486","0.5457"
"246.4150","0.1486","0.5458"
"246.4350","0.1486","0.5457"
"246.4550","0.1486","0.5457"
"246.4750","0.1486","0.5457"
"246.4950","0.1486","0.5457"
"246.5150","0.1486","0.5456"
"246.5350","0.1486","0.5456"
"246.5550","0.1486","0.5456"
"246.5750","0.1486","0.5457"
"246.5950","0.1486","0.5457"
"246.6150","0.1486","0.5457"
"246.6350","0.1486","0.5457"
"246.6550","0.1486","0.5457"
"246.6750","0.1486","0.5456"
"246.6950","0.1486","0.5456"
"246.7150","0.1486","0.5456"
"246.7350","0.1486","0.5455"
"246.7550","0.1486","0.5456"
"246.7750","0.1486","0.5457"
"246.7950","0.1486","0.5457"
"246.8150","0.1486","0.5456"
"246.8350","0.1486","0.5456"
"246.8550","0.1486","0.5456"
"246.8750","0.1486","0.5456"
"246.8950","0.1486","0.5456"
"246.9150","0.1486","0.5457"
"246.9350","0.1486","0.5457"
"246.9550","0.1486","0.5455"
"246.9750","0.1486","0.5455"
"246.9950","0.1486","0.5456"
"247.0150","0.1486","0.5456"
"247.0350","0.1486","0.5456"
"247.0550","0.1486","0.5455"
"247.0750","0.1486","0.5455"
"247.0950","0.1486","0.5455"
"247.1150","0.1486","0.5455"
"247.1350","0.1486","0.5456"
"247.1550","0.1486","0.5456"
"247.1750","0.1486","0.5456"
"247.1950","0.1486","0.5456"
"247.2150","0.1486","0.5456"
"247.2350","0.1486","0.5455"
"247.2550","0.1486","0.5455"
"247.2750","0.1486","0.5456"
"247.2950","0.1486","0.5455"
"247.3150","0.1486","0.5455"
"247.3350","0.1486","0.5455"
"247.3550","0.1486","0.5455"
"247.3750","0.1486","0.5454"
"247.3950","0.1486","0.5454"
"247.4150","0.1486","0.5455"
"247.4350","0.1486","0.5455"
"247.4550","0.1486","0.5454"
"247.4750","0.1486","0.5454"
"247.4950","0.1486","0.5454"
"247.5150","0.1486","0.5455"
"247.5350","0.1486","0.5455"
"247.5550","0.1486","0.5455"
"247.5750","0.1486","0.5455"
"247.5950","0.1486","0.5455"
"247.6150","0.1486","0.5455"
"247.6350","0.1486","0.5456"
"247.6550","0.1486","0.5455"
"247.6750","0.1486","0.5456"
"247.6950","0.1486","0.5455"
"247.7150","0.1486","0.5454"
"247.7350","0.1486","0.5455"
"247.7550","0.1486","0.5454"
"247.7750","0.1486","0.5454"
"247.7950","0.1486","0.5454"
"247.8150","0.1486","0.5454"
"247.8350","0.1486","0.5454"
"247.8550","0.1486","0.5454"
"247.8750","0.1486","0.5454"
"247.8950","0.1486","0.5454"
"247.9150","0.1486","0.5454"
"247.9350","0.1486","0.5455"
"247.9550","0.1486","0.5454"
"247.9750","0.1486","0.5454"
"247.9950","0.1486","0.5454"
"248.0150","0.1486","0.5454"
"248.0350","0.1486","0.5454"
"248.0550","0.1486","0.5455"
"248.0750","0.1486","0.5454"
"248.0950","0.1486","0.5454"
"248.1150","0.1486","0.5455"
"248.1350","0.1486","0.5455"
"248.1550","0.1486","0.5454"
"248.1750","0.1486","0.5453"
"248.1950","0.1486","0.5453"
"248.2150","0.1486","0.5454"
"248.2350","0.1486","0.5455"
"248.2550","0.1486","0.5454"
"248.2750","0.1486","0.5454"
"248.2950","0.1486","0.5454"
"248.3150","0.1486","0.5453"
"248.3350","0.1486","0.5454"
"248.3550","0.1486","0.5453"
"248.3750","0.1486","0.5453"
"248.3950","0.1486","0.5453"
"248.4150","0.1486","0.5453"
"248.4350","0.1486","0.5453"
"248.4550","0.1486","0.5453"
"248.4750","0.1486","0.5453"
"248.4950","0.1486","0.5453"
"248.5150","0.1486","0.5453"
"248.5350","0.1486","0.5453"
"248.5550","0.1486","0.5453"
"248.5750","0.1486","0.5454"
"248.5950","0.1486","0.5454"
"248.6150","0.1486","0.5453"
"248.6350","0.1486","0.5452"
"248.6550","0.1486","0.5452"
"248.6750","0.1486","0.5453"
"248.6950","0.1486","0.5453"
"248.7150","0.1486","0.5453"
"248.7350","0.1486","0.5454"
"248.7550","0.1486","0.5453"
"248.7750","0.1486","0.5453"
"248.7950","0.1486","0.5453"
"248.8150","0.1486","0.5453"
"248.8350","0.1486","0.5453"
"248.8550","0.1486","0.5453"
"248.8750","0.1486","0.5453"
"248.8950","0.1486","0.5452"
"248.9150","0.1486","0.5453"
"248.9350","0.1486","0.5453"
"248.9550","0.1486","0.5453"
"248.9750","0.1486","0.5453"
"248.9950","0.1486","0.5453"
"249.0150","0.1486","0.5453"
"249.0350","0.1486","0.5453"
"249.0550","0.1486","0.5453"
"249.0750","0.1486","0.5453"
"249.0950","0.1486","0.5452"
"249.1150","0.1486","0.5452"
"249.1350","0.1486","0.5452"
"249.1550","0.1486","0.5453"
"249.1750","0.1486","0.5452"
"249.1950","0.1486","0.5453"
"249.2150","0.1486","0.5453"
"249.2350","0.1486","0.5452"
"249.2550","0.1486","0.5452"
"249.2750","0.1486","0.5452"
"249.2950","0.1486","0.5453"
"249.3150","0.1486","0.5453"
"249.3350","0.1486","0.5452"
"249.3550","0.1486","0.5452"
"249.3750","0.1486","0.5452"
"249.3950","0.1486","0.5452"
"249.4150","0.1486","0.5452"
"249.4350","0.1486","0.5451"
"249.4550","0.1486","0.5452"
"249.4750","0.1486","0.5452"
"249.4950","0.1486","0.5452"
"249.5150","0.1486","0.5452"
"249.5350","0.1486","0.5452"
"249.5550","0.1486","0.5451"
"249.5750","0.1486","0.5452"
"249.5950","0.1486","0.5452"
"249.6150","0.1486","0.5452"
"249.6350","0.1486","0.5451"
"249.6550","0.1486","0.5451"
"249.6750","0.1486","0.5451"
"249.6950","0.1486","0.5452"
"249.7150","0.1486","0.5451"
"249.7350","0.1486","0.5451"
"249.7550","0.1486","0.5451"
"249.7750","0.1486","0.5452"
"249.7950","0.1486","0.5452"
"249.8150","0.1486","0.5451"
"249.8350","0.1486","0.5452"
"249.8550","0.1486","0.5452"
"249.8750","0.1486","0.5451"
"249.8950","0.1486","0.5450"
"249.9150","0.1486","0.5450"
"249.9350","0.1486","0.5451"
"249.9550","0.1486","0.5451"
"249.9750","0.1486","0.5452"
"249.9950","0.1486","0.5452"
"250.0150","0.1486","0.5452"
"250.0350","0.1486","0.5451"
"250.0550","0.1486","0.5451"
"250.0750","0.1486","0.5451"
"250.0950","0.1486","0.5451"
"250.1150","0.1486","0.5450"
"250.1350","0.1486","0.5451"
"250.1550","0.1486","0.5452"
"250.1750","0.1486","0.5451"
"250.1950","0.1486","0.5451"
"250.2150","0.1486","0.5451"
"250.2350","0.1486","0.5451"
"250.2550","0.1486","0.5451"
"250.2750","0.1486","0.5450"
"250.2950","0.1486","0.5450"
"250.3150","0.1486","0.5450"
"250.3350","0.1486","0.5451"
"250.3550","0.1486","0.5451"
"250.3750","0.1486","0.5451"
"250.3950","0.1486","0.5452"
"250.4150","0.1486","0.5451"
"250.4350","0.1486","0.5450"
"250.4550","0.1486","0.5450"
"250.4750","0.1486","0.5451"
"250.4950","0.1486","0.5449"
"250.5150","0.1486","0.5449"
"250.5350","0.1486","0.5450"
"250.5550","0.1486","0.5451"
"250.5750","0.1486","0.5451"
"250.5950","0.1486","0.5451"
"250.6150","0.1486","0.5450"
"250.6350","0.1486","0.5450"
"250.6550","0.1486","0.5449"
"250.6750","0.1486","0.5448"
"250.6950","0.1486","0.5449"
"250.7150","0.1486","0.5449"
"250.7350","0.1486","0.5449"
"250.7550","0.1486","0.5449"
"250.7750","0.1486","0.5450"
"250.7950","0.1486","0.5449"
"250.8150","0.1486","0.5449"
"250.8350","0.1486","0.5449"
"250.8550","0.1486","0.5448"
"250.8750","0.1486","0.5448"
"250.8950","0.1486","0.5449"
"250.9150","0.1486","0.5449"
"250.9350","0.1486","0.5449"
"250.9550","0.1486","0.5449"
"250.9750","0.1486","0.5450"
"250.9950","0.1486","0.5450"
"251.0150","0.1486","0.5450"
"251.0350","0.1486","0.5450"
"251.0550","0.1486","0.5450"
"251.0750","0.1486","0.5449"
"251.0950","0.1486","0.5449"
"251.1150","0.1486","0.5449"
"251.1350","0.1486","0.5450"
"251.1550","0.1486","0.5449"
"251.1750","0.1486","0.5449"
"251.1950","0.1486","0.5450"
"251.2150","0.1486","0.5449"
"251.2350","0.1486","0.5449"
"251.2550","0.1486","0.5449"
"251.2750","0.1486","0.5449"
"251.2950","0.1486","0.5449"
"251.3150","0.1486","0.5448"
"251.3350","0.1486","0.5449"
"251.3550","0.1486","0.5449"
"251.3750","0.1486","0.5449"
"251.3950","0.1486","0.5449"
"251.4150","0.1486","0.5449"
"251.4350","0.1486","0.5450"
"251.4550","0.1486","0.5450"
"251.4750","0.1486","0.5450"
"251.4950","0.1486","0.5448"
"251.5150","0.1486","0.5448"
"251.5350","0.1486","0.5448"
"251.5550","0.1486","0.5448"
"251.5750","0.1486","0.5448"
"251.5950","0.1486","0.5448"
"251.6150","0.1486","0.5448"
"251.6350","0.1486","0.5447"
"251.6550","0.1486","0.5447"
"251.6750","0.1486","0.5447"
"251.6950","0.1486","0.5448"
"251.7150","0.1486","0.5448"
"251.7350","0.1486","0.5448"
"251.7550","0.1486","0.5448"
"251.7750","0.1486","0.5449"
"251.7950","0.1486","0.5449"
"251.8150","0.1486","0.5449"
"251.8350","0.1486","0.5447"
"251.8550","0.1486","0.5448"
"251.8750","0.1486","0.5448"
"251.8950","0.1486","0.5448"
"251.9150","0.1486","0.5448"
"251.9350","0.1486","0.5447"
"251.9550","0.1486","0.5447"
"251.9750","0.1486","0.5448"
"251.9950","0.1486","0.5448"
"252.0150","0.1486","0.5448"
"252.0350","0.1486","0.5448"
"252.0550","0.1486","0.5448"
"252.0750","0.1486","0.5447"
"252.0950","0.1486","0.5447"
"252.1150","0.1486","0.5447"
"252.1350","0.1486","0.5448"
"252.1550","0.1486","0.5448"
"252.1750","0.1486","0.5448"
"252.1950","0.1486","0.5448"
"252.2150","0.1486","0.5447"
"252.2350","0.1486","0.5446"
"252.2550","0.1486","0.5446"
"252.2750","0.1486","0.5447"
"252.2950","0.1486","0.5447"
"252.3150","0.1486","0.5447"
"252.3350","0.1486","0.5447"
"252.3550","0.1486","0.5447"
"252.3750","0.1486","0.5447"
"252.3950","0.1486","0.5447"
"252.4150","0.1486","0.5447"
"252.4350","0.1486","0.5448"
"252.4550","0.1486","0.5448"
"252.4750","0.1486","0.5447"
"252.4950","0.1486","0.5446"
"252.5150","0.1486","0.5447"
"252.5350","0.1486","0.5446"
"252.5550","0.1486","0.5446"
"252.5750","0.1486","0.5446"
"252.5950","0.1486","0.5447"
"252.6150","0.1486","0.5447"
"252.6350","0.1486","0.5447"
"252.6550","0.1486","0.5446"
"252.6750","0.1486","0.5447"
"252.6950","0.1486","0.5447"
"252.7150","0.1486","0.5447"
"252.7350","0.1486","0.5446"
"252.7550","0.1486","0.5446"
"252.7750","0.1486","0.5446"
"252.7950","0.1486","0.5446"
"252.8150","0.1486","0.5447"
"252.8350","0.1486","0.5447"
"252.8550","0.1486","0.5447"
"252.8750","0.1486","0.5446"
"252.8950","0.1486","0.5446"
"252.9150","0.1486","0.5446"
"252.9350","0.1486","0.5446"
"252.9550","0.1486","0.5446"
"252.9750","0.1486","0.5446"
"252.9950","0.1486","0.5445"
"253.0150","0.1486","0.5446"
"253.0350","0.1486","0.5447"
"253.0550","0.1486","0.5446"
"253.0750","0.1486","0.5446"
"253.0950","0.1486","0.5445"
"253.1150","0.1486","0.5446"
"253.1350","0.1486","0.5446"
"253.1550","0.1486","0.5445"
"253.1750","0.1486","0.5445"
"253.1950","0.1486","0.5445"
"253.2150","0.1486","0.5446"
"253.2350","0.1486","0.5445"
"253.2550","0.1486","0.5446"
"253.2750","0.1486","0.5446"
"253.2950","0.1486","0.5445"
"253.3150","0.1486","0.5445"
"253.3350","0.1486","0.5446"
"253.3550","0.1486","0.5446"
"253.3750","0.1486","0.5445"
"253.3950","0.1486","0.5445"
"253.4150","0.1486","0.5445"
"253.4350","0.1486","0.5445"
"253.4550","0.1486","0.5445"
"253.4750","0.1486","0.5445"
"253.4950","0.1486","0.5445"
"253.5150","0.1486","0.5444"
"253.5350","0.1486","0.5445"
"253.5550","0.1486","0.5445"
"253.5750","0.1486","0.5446"
"253.5950","0.1486","0.5446"
"253.6150","0.1486","0.5445"
"253.6350","0.1486","0.5445"
"253.6550","0.1486","0.5445"
"253.6750","0.1486","0.5445"
"253.6950","0.1486","0.5446"
"253.7150","0.1486","0.5445"
"253.7350","0.1486","0.5444"
"253.7550","0.1486","0.5444"
"253.7750","0.1486","0.5444"
"253.7950","0.1486","0.5445"
"253.8150","0.1486","0.5445"
"253.8350","0.1486","0.5445"
"253.8550","0.1486","0.5444"
"253.8750","0.1486","0.5444"
"253.8950","0.1486","0.5444"
"253.9150","0.1486","0.5444"
"253.9350","0.1486","0.5445"
"253.9550","0.1486","0.5446"
"253.9750","0.1486","0.5445"
"253.9950","0.1486","0.5444"
"254.0150","0.1486","0.5444"
"254.0350","0.1486","0.5446"
"254.0550","0.1486","0.5445"
"254.0750","0.1486","0.5445"
"254.0950","0.1486","0.5444"
"254.1150","0.1486","0.5444"
"254.1350","0.1486","0.5444"
"254.1550","0.1486","0.5443"
"254.1750","0.1486","0.5443"
"254.1950","0.1486","0.5444"
"254.2150","0.1486","0.5444"
"254.2350","0.1486","0.5443"
"254.2550","0.1486","0.5444"
"254.2750","0.1486","0.5444"
"254.2950","0.1486","0.5444"
"254.3150","0.1486","0.5444"
"254.3350","0.1486","0.5444"
"254.3550","0.1486","0.5444"
"254.3750","0.1486","0.5444"
"254.3950","0.1486","0.5444"
"254.4150","0.1486","0.5444"
"254.4350","0.1486","0.5444"
"254.4550","0.1486","0.5443"
"254.4750","0.1486","0.5444"
"254.4950","0.1486","0.5444"
"254.5150","0.1486","0.5444"
"254.5350","0.1486","0.5443"
"254.5550","0.1486","0.5443"
"254.5750","0.1486","0.5444"
"254.5950","0.1486","0.5443"
"254.6150","0.1486","0.5443"
"254.6350","0.1486","0.5443"
"254.6550","0.1486","0.5443"
"254.6750","0.1486","0.5444"
"254.6950","0.1486","0.5444"
"254.7150","0.1486","0.5443"
"254.7350","0.1486","0.5443"
"254.7550","0.1486","0.5443"
"254.7750","0.1486","0.5443"
"254.7950","0.1486","0.5444"
"254.8150","0.1486","0.5443"
"254.8350","0.1486","0.5443"
"254.8550","0.1486","0.5442"
"254.8750","0.1486","0.5442"
"254.8950","0.1486","0.5443"
"254.9150","0.1486","0.5444"
"254.9350","0.1486","0.5443"
"254.9550","0.1486","0.5443"
"254.9750","0.1486","0.5443"
"254.9950","0.1486","0.5443"
"255.0150","0.1486","0.5444"
"255.0350","0.1486","0.5443"
"255.0550","0.1486","0.5444"
"255.0750","0.1486","0.5443"
"255.0950","0.1486","0.5442"
"255.1150","0.1486","0.5442"
"255.1350","0.1486","0.5443"
"255.1550","0.1486","0.5443"
"255.1750","0.1486","0.5443"
"255.1950","0.1486","0.5443"
"255.2150","0.1486","0.5443"
"255.2350","0.1486","0.5443"
"255.2550","0.1486","0.5443"
"255.2750","0.1486","0.5443"
"255.2950","0.1486","0.5442"
"255.3150","0.1486","0.5442"
"255.3350","0.1486","0.5442"
"255.3550","0.1486","0.5442"
"255.3750","0.1486","0.5442"
"255.3950","0.1486","0.5442"
"255.4150","0.1486","0.5442"
"255.4350","0.1486","0.5442"
"255.4550","0.1486","0.5443"
"255.4750","0.1486","0.5442"
"255.4950","0.1486","0.5442"
"255.5150","0.1486","0.5441"
"255.5350","0.1486","0.5442"
"255.5550","0.1486","0.5442"
"255.5750","0.1486","0.5442"
"255.5950","0.1486","0.5441"
"255.6150","0.1486","0.5441"
"255.6350","0.1486","0.5441"
"255.6550","0.1486","0.5441"
"255.6750","0.1486","0.5441"
"255.6950","0.1486","0.5441"
"255.7150","0.1486","0.5442"
"255.7350","0.1486","0.5441"
"255.7550","0.1486","0.5442"
"255.7750","0.1486","0.5441"
"255.7950","0.1486","0.5441"
"255.8150","0.1486","0.5442"
"255.8350","0.1486","0.5442"
"255.8550","0.1486","0.5442"
"255.8750","0.1486","0.5442"
"255.8950","0.1486","0.5442"
"255.9150","0.1486","0.5441"
"255.9350","0.1486","0.5442"
"255.9550","0.1486","0.5441"
"255.9750","0.1486","0.5440"
"255.9950","0.1486","0.5441"
"256.0150","0.1486","0.5441"
"256.0350","0.1486","0.5441"
"256.0550","0.1486","0.5441"
"256.0750","0.1486","0.5441"
"256.0950","0.1486","0.5440"
"256.1150","0.1486","0.5441"
"256.1350","0.1486","0.5440"
"256.1550","0.1486","0.5441"
"256.1750","0.1486","0.5441"
"256.1950","0.1486","0.5440"
"256.2150","0.1486","0.5441"
"256.2350","0.1486","0.5442"
"256.2550","0.1486","0.5441"
"256.2750","0.1486","0.5440"
"256.2950","0.1486","0.5440"
"256.3150","0.1486","0.5440"
"256.3350","0.1486","0.5440"
"256.3550","0.1486","0.5440"
"256.3750","0.1486","0.5441"
"256.3950","0.1486","0.5441"
"256.4150","0.1486","0.5440"
"256.4350","0.1486","0.5440"
"256.4550","0.1486","0.5440"
"256.4750","0.1486","0.5440"
"256.4950","0.1486","0.5440"
"256.5150","0.1486","0.5440"
"256.5350","0.1486","0.5440"
"256.5550","0.1486","0.5441"
"256.5750","0.1486","0.5441"
"256.5950","0.1486","0.5440"
"256.6150","0.1486","0.5439"
"256.6350","0.1486","0.5440"
"256.6550","0.1486","0.5440"
"256.6750","0.1486","0.5440"
"256.6950","0.1486","0.5440"
"256.7150","0.1486","0.5440"
"256.7350","0.1486","0.5439"
"256.7550","0.1486","0.5440"
"256.7750","0.1486","0.5440"
"256.7950","0.1486","0.5440"
"256.8150","0.1486","0.5440"
"256.8350","0.1486","0.5440"
"256.8550","0.1486","0.5439"
"256.8750","0.1486","0.5440"
"256.8950","0.1486","0.5441"
"256.9150","0.1486","0.5440"
"256.9350","0.1486","0.5439"
"256.9550","0.1486","0.5439"
"256.9750","0.1486","0.5439"
"256.9950","0.1486","0.5439"
"257.0150","0.1486","0.5438"
"257.0350","0.1486","0.5438"
"257.0550","0.1486","0.5439"
"257.0750","0.1486","0.5440"
"257.0950","0.1486","0.5439"
"257.1150","0.1486","0.5440"
"257.1350","0.1486","0.5440"
"257.1550","0.1486","0.5440"
"257.1750","0.1486","0.5440"
"257.1950","0.1486","0.5439"
"257.2150","0.1486","0.5440"
"257.2350","0.1486","0.5440"
"257.2550","0.1486","0.5440"
"257.2750","0.1486","0.5439"
"257.2950","0.1486","0.5439"
"257.3150","0.1486","0.5439"
"257.3350","0.1486","0.5439"
"257.3550","0.1486","0.5439"
"257.3750","0.1486","0.5439"
"257.3950","0.1486","0.5439"
"257.4150","0.1486","0.5439"
"257.4350","0.1486","0.5440"
"257.4550","0.1486","0.5439"
"257.4750","0.1486","0.5440"
"257.4950","0.1486","0.5439"
"257.5150","0.1486","0.5438"
"257.5350","0.1486","0.5438"
"257.5550","0.1486","0.5439"
"257.5750","0.1486","0.5439"
"257.5950","0.1486","0.5438"
"257.6150","0.1486","0.5438"
"257.6350","0.1486","0.5438"
"257.6550","0.1486","0.5439"
"257.6750","0.1486","0.5439"
"257.6950","0.1486","0.5439"
"257.7150","0.1486","0.5438"
"257.7350","0.1486","0.5439"
"257.7550","0.1486","0.5439"
"257.7750","0.1486","0.5438"
"257.7950","0.1486","0.5438"
"257.8150","0.1486","0.5438"
"257.8350","0.1486","0.5438"
"257.8550","0.1486","0.5438"
"257.8750","0.1486","0.5438"
"257.8950","0.1486","0.5438"
"257.9150","0.1486","0.5437"
"257.9350","0.1486","0.5437"
"257.9550","0.1486","0.5438"
"257.9750","0.1486","0.5438"
"257.9950","0.1486","0.5438"
"258.0150","0.1486","0.5438"
"258.0350","0.1486","0.5438"
"258.0550","0.1486","0.5439"
"258.0750","0.1486","0.5439"
"258.0950","0.1486","0.5440"
"258.1150","0.1486","0.5439"
"258.1350","0.1486","0.5437"
"258.1550","0.1486","0.5437"
"258.1750","0.1486","0.5437"
"258.1950","0.1486","0.5437"
"258.2150","0.1486","0.5438"
"258.2350","0.1486","0.5438"
"258.2550","0.1486","0.5438"
"258.2750","0.1486","0.5437"
"258.2950","0.1486","0.5437"
"258.3150","0.1486","0.5437"
"258.3350","0.1486","0.5437"
"258.3550","0.1486","0.5436"
"258.3750","0.1486","0.5435"
"258.3950","0.1486","0.5436"
"258.4150","0.1486","0.5437"
"258.4350","0.1486","0.5437"
"258.4550","0.1486","0.5437"
"258.4750","0.1486","0.5437"
"258.4950","0.1486","0.5438"
"258.5150","0.1486","0.5438"
"258.5350","0.1486","0.5438"
"258.5550","0.1486","0.5438"
"258.5750","0.1486","0.5437"
"258.5950","0.1486","0.5436"
"258.6150","0.1486","0.5437"
"258.6350","0.1486","0.5437"
"258.6550","0.1486","0.5437"
"258.6750","0.1486","0.5438"
"258.6950","0.1486","0.5437"
"258.7150","0.1486","0.5436"
"258.7350","0.1486","0.5437"
"258.7550","0.1486","0.5438"
"258.7750","0.1486","0.5438"
"258.7950","0.1486","0.5437"
"258.8150","0.1486","0.5437"
"258.8350","0.1486","0.5437"
"258.8550","0.1486","0.5436"
"258.8750","0.1486","0.5437"
"258.8950","0.1486","0.5438"
"258.9150","0.1486","0.5437"
"258.9350","0.1486","0.5437"
"258.9550","0.1486","0.5437"
"258.9750","0.1486","0.5437"
"258.9950","0.1486","0.5436"
"259.0150","0.1486","0.5436"
"259.0350","0.1486","0.5436"
"259.0550","0.1486","0.5436"
"259.0750","0.1486","0.5436"
"259.0950","0.1486","0.5436"
"259.1150","0.1486","0.5436"
"259.1350","0.1486","0.5436"
"259.1550","0.1486","0.5436"
"259.1750","0.1486","0.5437"
"259.1950","0.1486","0.5437"
"259.2150","0.1486","0.5436"
"259.2350","0.1486","0.5436"
"259.2550","0.1486","0.5436"
"259.2750","0.1486","0.5436"
"259.2950","0.1486","0.5436"
"259.3150","0.1486","0.5436"
"259.3350","0.1486","0.5435"
"259.3550","0.1486","0.5436"
"259.3750","0.1486","0.5436"
"259.3950","0.1486","0.5436"
"259.4150","0.1486","0.5436"
"259.4350","0.1486","0.5435"
"259.4550","0.1486","0.5436"
"259.4750","0.1486","0.5436"
"259.4950","0.1486","0.5436"
"259.5150","0.1486","0.5436"
"259.5350","0.1486","0.5435"
"259.5550","0.1486","0.5435"
"259.5750","0.1486","0.5435"
"259.5950","0.1486","0.5435"
"259.6150","0.1486","0.5435"
"259.6350","0.1486","0.5435"
"259.6550","0.1486","0.5435"
"259.6750","0.1486","0.5435"
"259.6950","0.1486","0.5435"
"259.7150","0.1486","0.5435"
"259.7350","0.1486","0.5436"
"259.7550","0.1486","0.5436"
"259.7750","0.1486","0.5436"
"259.7950","0.1486","0.5436"
"259.8150","0.1486","0.5436"
"259.8350","0.1486","0.5436"
"259.8550","0.1486","0.5436"
"259.8750","0.1486","0.5436"
"259.8950","0.1486","0.5436"
"259.9150","0.1486","0.5436"
"259.9350","0.1486","0.5435"
"259.9550","0.1486","0.5435"
"259.9750","0.1486","0.5434"
"259.9950","0.1486","0.5434"
"260.0150","0.1486","0.5434"
"260.0350","0.1486","0.5436"
"260.0550","0.1486","0.5435"
"260.0750","0.1486","0.5435"
"260.0950","0.1486","0.5435"
"260.1150","0.1486","0.5436"
"260.1350","0.1486","0.5435"
"260.1550","0.1486","0.5434"
"260.1750","0.1486","0.5434"
"260.1950","0.1486","0.5435"
"260.2150","0.1486","0.5436"
"260.2350","0.1486","0.5436"
"260.2550","0.1486","0.5435"
"260.2750","0.1486","0.5435"
"260.2950","0.1486","0.5435"
"260.3150","0.1486","0.5435"
"260.3350","0.1486","0.5435"
"260.3550","0.1486","0.5434"
"260.3750","0.1486","0.5434"
"260.3950","0.1486","0.5435"
"260.4150","0.1486","0.5435"
"260.4350","0.1486","0.5435"
"260.4550","0.1486","0.5435"
"260.4750","0.1486","0.5435"
"260.4950","0.1486","0.5435"
"260.5150","0.1486","0.5434"
"260.5350","0.1486","0.5433"
"260.5550","0.1486","0.5434"
"260.5750","0.1486","0.5434"
"260.5950","0.1486","0.5434"
"260.6150","0.1486","0.5434"
"260.6350","0.1486","0.5433"
"260.6550","0.1486","0.5434"
"260.6750","0.1486","0.5435"
"260.6950","0.1486","0.5435"
"260.7150","0.1486","0.5434"
"260.7350","0.1486","0.5434"
"260.7550","0.1486","0.5434"
"260.7750","0.1486","0.5434"
"260.7950","0.1486","0.5433"
"260.8150","0.1486","0.5434"
"260.8350","0.1486","0.5434"
"260.8550","0.1486","0.5434"
"260.8750","0.1486","0.5434"
"260.8950","0.1486","0.5434"
"260.9150","0.1486","0.5433"
"260.9350","0.1486","0.5433"
"260.9550","0.1486","0.5433"
"260.9750","0.1486","0.5433"
"260.9950","0.1486","0.5434"
"261.0150","0.1486","0.5434"
"261.0350","0.1486","0.5433"
"261.0550","0.1486","0.5434"
"261.0750","0.1486","0.5433"
"261.0950","0.1486","0.5434"
"261.1150","0.1486","0.5434"
"261.1350","0.1486","0.5434"
"261.1550","0.1486","0.5433"
"261.1750","0.1486","0.5433"
"261.1950","0.1486","0.5432"
"261.2150","0.1486","0.5432"
"261.2350","0.1486","0.5432"
"261.2550","0.1486","0.5432"
"261.2750","0.1486","0.5433"
"261.2950","0.1486","0.5432"
"261.3150","0.1486","0.5432"
"261.3350","0.1486","0.5432"
"261.3550","0.1486","0.5433"
"261.3750","0.1486","0.5433"
"261.3950","0.1486","0.5433"
"261.4150","0.1486","0.5433"
"261.4350","0.1486","0.5433"
"261.4550","0.1486","0.5433"
"261.4750","0.1486","0.5434"
"261.4950","0.1486","0.5433"
"261.5150","0.1486","0.5432"
"261.5350","0.1486","0.5432"
"261.5550","0.1486","0.5432"
"261.5750","0.1486","0.5432"
"261.5950","0.1486","0.5433"
"261.6150","0.1486","0.5433"
"261.6350","0.1486","0.5433"
"261.6550","0.1486","0.5433"
"261.6750","0.1486","0.5432"
"261.6950","0.1486","0.5432"
"261.7150","0.1486","0.5433"
"261.7350","0.1486","0.5432"
"261.7550","0.1486","0.5432"
"261.7750","0.1486","0.5432"
"261.7950","0.1486","0.5432"
"261.8150","0.1486","0.5432"
"261.8350","0.1486","0.5432"
"261.8550","0.1486","0.5432"
"261.8750","0.1486","0.5432"
"261.8950","0.1486","0.5432"
"261.9150","0.1486","0.5433"
"261.9350","0.1486","0.5432"
"261.9550","0.1486","0.5432"
"261.9750","0.1486","0.5432"
"261.9950","0.1486","0.5432"
"262.0150","0.1486","0.5432"
"262.0350","0.1486","0.5432"
"262.0550","0.1486","0.5432"
"262.0750","0.1486","0.5431"
"262.0950","0.1486","0.5431"
"262.1150","0.1486","0.5432"
"262.1350","0.1486","0.5432"
"262.1550","0.1486","0.5432"
"262.1750","0.1486","0.5432"
"262.1950","0.1486","0.5431"
"262.2150","0.1486","0.5431"
"262.2350","0.1486","0.5432"
"262.2550","0.1486","0.5431"
"262.2750","0.1486","0.5431"
"262.2950","0.1486","0.5431"
"262.3150","0.1486","0.5431"
"262.3350","0.1486","0.5431"
"262.3550","0.1486","0.5432"
"262.3750","0.1486","0.5432"
"262.3950","0.1486","0.5432"
"262.4150","0.1486","0.5431"
"262.4350","0.1486","0.5431"
"262.4550","0.1486","0.5432"
"262.4750","0.1486","0.5432"
"262.4950","0.1486","0.5432"
"262.5150","0.1486","0.5431"
"262.5350","0.1486","0.5431"
"262.5550","0.1486","0.5432"
"262.5750","0.1486","0.5431"
"262.5950","0.1486","0.5431"
"262.6150","0.1486","0.5431"
"262.6350","0.1486","0.5431"
"262.6550","0.1486","0.5431"
"262.6750","0.1486","0.5431"
"262.6950","0.1486","0.5431"
"262.7150","0.1486","0.5432"
"262.7350","0.1486","0.5431"
"262.7550","0.1486","0.5431"
"262.7750","0.1486","0.5431"
"262.7950","0.1486","0.5431"
"262.8150","0.1486","0.5430"
"262.8350","0.1486","0.5430"
"262.8550","0.1486","0.5431"
"262.8750","0.1486","0.5431"
"262.8950","0.1486","0.5431"
"262.9150","0.1486","0.5431"
"262.9350","0.1486","0.5430"
"262.9550","0.1486","0.5430"
"262.9750","0.1486","0.5430"
"262.9950","0.1486","0.5430"
"263.0150","0.1486","0.5430"
"263.0350","0.1486","0.5429"
"263.0550","0.1486","0.5430"
"263.0750","0.1486","0.5431"
"263.0950","0.1486","0.5431"
"263.1150","0.1486","0.5431"
"263.1350","0.1486","0.5430"
"263.1550","0.1486","0.5430"
"263.1750","0.1486","0.5430"
"263.1950","0.1486","0.5430"
"263.2150","0.1486","0.5431"
"263.2350","0.1486","0.5431"
"263.2550","0.1486","0.5431"
"263.2750","0.1486","0.5429"
"263.2950","0.1486","0.5429"
"263.3150","0.1486","0.5429"
"263.3350","0.1486","0.5430"
"263.3550","0.1486","0.5430"
"263.3750","0.1486","0.5430"
"263.3950","0.1486","0.5430"
"263.4150","0.1486","0.5430"
"263.4350","0.1486","0.5430"
"263.4550","0.1486","0.5429"
"263.4750","0.1486","0.5430"
"263.4950","0.1486","0.5430"
"263.5150","0.1486","0.5430"
"263.5350","0.1486","0.5430"
"263.5550","0.1486","0.5430"
"263.5750","0.1486","0.5429"
"263.5950","0.1486","0.5429"
"263.6150","0.1486","0.5430"
"263.6350","0.1486","0.5430"
"263.6550","0.1486","0.5430"
"263.6750","0.1486","0.5429"
"263.6950","0.1486","0.5429"
"263.7150","0.1486","0.5430"
"263.7350","0.1486","0.5429"
"263.7550","0.1486","0.5429"
"263.7750","0.1486","0.5429"
"263.7950","0.1486","0.5429"
"263.8150","0.1486","0.5429"
"263.8350","0.1486","0.5428"
"263.8550","0.1486","0.5429"
"263.8750","0.1486","0.5430"
"263.8950","0.1486","0.5430"
"263.9150","0.1486","0.5430"
"263.9350","0.1486","0.5429"
"263.9550","0.1486","0.5429"
"263.9750","0.1486","0.5429"
"263.9950","0.1486","0.5430"
"264.0150","0.1486","0.5429"
"264.0350","0.1486","0.5429"
"264.0550","0.1486","0.5429"
"264.0750","0.1486","0.5428"
"264.0950","0.1486","0.5429"
"264.1150","0.1486","0.5429"
"264.1350","0.1486","0.5428"
"264.1550","0.1486","0.5428"
"264.1750","0.1486","0.5428"
"264.1950","0.1486","0.5429"
"264.2150","0.1486","0.5428"
"264.2350","0.1486","0.5428"
"264.2550","0.1486","0.5428"
"264.2750","0.1486","0.5428"
"264.2950","0.1486","0.5428"
"264.3150","0.1486","0.5428"
"264.3350","0.1486","0.5428"
"264.3550","0.1486","0.5429"
"264.3750","0.1486","0.5429"
"264.3950","0.1486","0.5428"
"264.4150","0.1486","0.5428"
"264.4350","0.1486","0.5428"
"264.4550","0.1486","0.5428"
"264.4750","0.1486","0.5428"
"264.4950","0.1486","0.5427"
"264.5150","0.1486","0.5428"
"264.5350","0.1486","0.5429"
"264.5550","0.1486","0.5428"
"264.5750","0.1486","0.5429"
"264.5950","0.1486","0.5429"
"264.6150","0.1486","0.5428"
"264.6350","0.1486","0.5428"
"264.6550","0.1486","0.5428"
"264.6750","0.1486","0.5427"
"264.6950","0.1486","0.5427"
"264.7150","0.1486","0.5428"
"264.7350","0.1486","0.5428"
"264.7550","0.1486","0.5428"
"264.7750","0.1486","0.5427"
"264.7950","0.1486","0.5427"
"264.8150","0.1486","0.5428"
"264.8350","0.1486","0.5427"
"264.8550","0.1486","0.5427"
"264.8750","0.1486","0.5428"
"264.8950","0.1486","0.5427"
"264.9150","0.1486","0.5428"
"264.9350","0.1486","0.5427"
"264.9550","0.1486","0.5428"
"264.9750","0.1486","0.5428"
"264.9950","0.1486","0.5427"
"265.0150","0.1486","0.5427"
"265.0350","0.1486","0.5427"
"265.0550","0.1486","0.5427"
"265.0750","0.1486","0.5428"
"265.0950","0.1486","0.5428"
"265.1150","0.1486","0.5428"
"265.1350","0.1486","0.5428"
"265.1550","0.1486","0.5428"
"265.1750","0.1486","0.5427"
"265.1950","0.1486","0.5427"
"265.2150","0.1486","0.5426"
"265.2350","0.1486","0.5427"
"265.2550","0.1486","0.5427"
"265.2750","0.1486","0.5427"
"265.2950","0.1486","0.5427"
"265.3150","0.1486","0.5427"
"265.3350","0.1486","0.5427"
"265.3550","0.1486","0.5428"
"265.3750","0.1486","0.5427"
"265.3950","0.1486","0.5427"
"265.4150","0.1486","0.5427"
"265.4350","0.1486","0.5426"
"265.4550","0.1486","0.5427"
"265.4750","0.1486","0.5426"
"265.4950","0.1486","0.5427"
"265.5150","0.1486","0.5426"
"265.5350","0.1486","0.5427"
"265.5550","0.1486","0.5426"
"265.5750","0.1486","0.5426"
"265.5950","0.1486","0.5426"
"265.6150","0.1486","0.5427"
"265.6350","0.1486","0.5427"
"265.6550","0.1486","0.5427"
"265.6750","0.1486","0.5426"
"265.6950","0.1486","0.5426"
"265.7150","0.1486","0.5427"
"265.7350","0.1486","0.5426"
"265.7550","0.1486","0.5426"
"265.7750","0.1486","0.5426"
"265.7950","0.1486","0.5426"
"265.8150","0.1486","0.5426"
"265.8350","0.1486","0.5426"
"265.8550","0.1486","0.5426"
"265.8750","0.1486","0.5426"
"265.8950","0.1486","0.5426"
"265.9150","0.1486","0.5426"
"265.9350","0.1486","0.5426"
"265.9550","0.1486","0.5425"
"265.9750","0.1486","0.5426"
"265.9950","0.1486","0.5426"
"266.0150","0.1486","0.5426"
"266.0350","0.1486","0.5426"
"266.0550","0.1486","0.5425"
"266.0750","0.1486","0.5425"
"266.0950","0.1486","0.5426"
"266.1150","0.1486","0.5426"
"266.1350","0.1486","0.5426"
"266.1550","0.1486","0.5425"
"266.1750","0.1486","0.5425"
"266.1950","0.1486","0.5425"
"266.2150","0.1486","0.5425"
"266.2350","0.1486","0.5425"
"266.2550","0.1486","0.5425"
"266.2750","0.1486","0.5425"
"266.2950","0.1486","0.5426"
"266.3150","0.1486","0.5427"
"266.3350","0.1486","0.5426"
"266.3550","0.1486","0.5424"
"266.3750","0.1486","0.5424"
"266.3950","0.1486","0.5424"
"266.4150","0.1486","0.5425"
"266.4350","0.1486","0.5426"
"266.4550","0.1486","0.5425"
"266.4750","0.1486","0.5424"
"266.4950","0.1486","0.5425"
"266.5150","0.1486","0.5426"
"266.5350","0.1486","0.5425"
"266.5550","0.1486","0.5424"
"266.5750","0.1486","0.5424"
"266.5950","0.1486","0.5424"
"266.6150","0.1486","0.5424"
"266.6350","0.1486","0.5424"
"266.6550","0.1486","0.5424"
"266.6750","0.1486","0.5424"
"266.6950","0.1486","0.5424"
"266.7150","0.1486","0.5424"
"266.7350","0.1486","0.5425"
"266.7550","0.1486","0.5425"
"266.7750","0.1486","0.5425"
"266.7950","0.1486","0.5425"
"266.8150","0.1486","0.5424"
"266.8350","0.1486","0.5424"
"266.8550","0.1486","0.5423"
"266.8750","0.1486","0.5424"
"266.8950","0.1486","0.5424"
"266.9150","0.1486","0.5425"
"266.9350","0.1486","0.5425"
"266.9550","0.1486","0.5425"
"266.9750","0.1486","0.5424"
"266.9950","0.1486","0.5424"
"267.0150","0.1486","0.5424"
"267.0350","0.1486","0.5425"
"267.0550","0.1486","0.5424"
"267.0750","0.1486","0.5424"
"267.0950","0.1486","0.5425"
"267.1150","0.1486","0.5424"
"267.1350","0.1486","0.5424"
"267.1550","0.1486","0.5424"
"267.1750","0.1486","0.5424"
"267.1950","0.1486","0.5423"
"267.2150","0.1486","0.5423"
"267.2350","0.1486","0.5423"
"267.2550","0.1486","0.5424"
"267.2750","0.1486","0.5425"
"267.2950","0.1486","0.5424"
"267.3150","0.1486","0.5424"
"267.3350","0.1486","0.5423"
"267.3550","0.1486","0.5424"
"267.3750","0.1486","0.5424"
"267.3950","0.1486","0.5424"
"267.4150","0.1486","0.5423"
"267.4350","0.1486","0.5423"
"267.4550","0.1486","0.5423"
"267.4750","0.1486","0.5424"
"267.4950","0.1486","0.5424"
"267.5150","0.1486","0.5424"
"267.5350","0.1486","0.5424"
"267.5550","0.1486","0.5424"
"267.5750","0.1486","0.5424"
"267.5950","0.1486","0.5424"
"267.6150","0.1486","0.5424"
"267.6350","0.1486","0.5423"
"267.6550","0.1486","0.5423"
"267.6750","0.1486","0.5423"
"267.6950","0.1486","0.5423"
"267.7150","0.1486","0.5423"
"267.7350","0.1486","0.5423"
"267.7550","0.1486","0.5423"
"267.7750","0.1486","0.5423"
"267.7950","0.1486","0.5423"
"267.8150","0.1486","0.5422"
"267.8350","0.1486","0.5422"
"267.8550","0.1486","0.5422"
"267.8750","0.1486","0.5423"
"267.8950","0.1486","0.5424"
"267.9150","0.1486","0.5423"
"267.9350","0.1486","0.5422"
"267.9550","0.1486","0.5422"
"267.9750","0.1486","0.5422"
"267.9950","0.1486","0.5423"
"268.0150","0.1486","0.5424"
"268.0350","0.1486","0.5424"
"268.0550","0.1486","0.5424"
"268.0750","0.1486","0.5423"
"268.0950","0.1486","0.5422"
"268.1150","0.1486","0.5422"
"268.1350","0.1486","0.5423"
"268.1550","0.1486","0.5423"
"268.1750","0.1486","0.5423"
"268.1950","0.1486","0.5423"
"268.2150","0.1486","0.5423"
"268.2350","0.1486","0.5422"
"268.2550","0.1486","0.5422"
"268.2750","0.1486","0.5422"
"268.2950","0.1486","0.5421"
"268.3150","0.1486","0.5422"
"268.3350","0.1486","0.5422"
"268.3550","0.1486","0.5422"
"268.3750","0.1486","0.5422"
"268.3950","0.1486","0.5422"
"268.4150","0.1486","0.5422"
"268.4350","0.1486","0.5422"
"268.4550","0.1486","0.5422"
"268.4750","0.1486","0.5422"
"268.4950","0.1486","0.5421"
"268.5150","0.1486","0.5422"
"268.5350","0.1486","0.5422"
"268.5550","0.1486","0.5422"
"268.5750","0.1486","0.5422"
"268.5950","0.1486","0.5422"
"268.6150","0.1486","0.5423"
"268.6350","0.1486","0.5422"
"268.6550","0.1486","0.5422"
"268.6750","0.1486","0.5422"
"268.6950","0.1486","0.5421"
"268.7150","0.1486","0.5421"
"268.7350","0.1486","0.5421"
"268.7550","0.1486","0.5422"
"268.7750","0.1486","0.5422"
"268.7950","0.1486","0.5423"
"268.8150","0.1486","0.5422"
"268.8350","0.1486","0.5422"
"268.8550","0.1486","0.5422"
"268.8750","0.1486","0.5421"
"268.8950","0.1486","0.5421"
"268.9150","0.1486","0.5421"
"268.9350","0.1486","0.5421"
"268.9550","0.1486","0.5421"
"268.9750","0.1486","0.5421"
"268.9950","0.1486","0.5422"
"269.0150","0.1486","0.5421"
"269.0350","0.1486","0.5422"
"269.0550","0.1486","0.5422"
"269.0750","0.1486","0.5421"
"269.0950","0.1486","0.5422"
"269.1150","0.1486","0.5421"
"269.1350","0.1486","0.5420"
"269.1550","0.1486","0.5421"
"269.1750","0.1486","0.5421"
"269.1950","0.1486","0.5421"
"269.2150","0.1486","0.5421"
"269.2350","0.1486","0.5421"
"269.2550","0.1486","0.5420"
"269.2750","0.1486","0.5420"
"269.2950","0.1486","0.5421"
"269.3150","0.1486","0.5421"
"269.3350","0.1486","0.5420"
"269.3550","0.1486","0.5420"
"269.3750","0.1486","0.5420"
"269.3950","0.1486","0.5420"
"269.4150","0.1486","0.5421"
"269.4350","0.1486","0.5421"
"269.4550","0.1486","0.5420"
"269.4750","0.1486","0.5421"
"269.4950","0.1486","0.5420"
"269.5150","0.1486","0.5420"
"269.5350","0.1486","0.5420"
"269.5550","0.1486","0.5420"
"269.5750","0.1486","0.5420"
"269.5950","0.1486","0.5420"
"269.6150","0.1486","0.5420"
"269.6350","0.1486","0.5420"
"269.6550","0.1486","0.5420"
"269.6750","0.1486","0.5421"
"269.6950","0.1486","0.5421"
"269.7150","0.1486","0.5420"
"269.7350","0.1486","0.5420"
"269.7550","0.1486","0.5420"
"269.7750","0.1486","0.5420"
"269.7950","0.1486","0.5420"
"269.8150","0.1486","0.5420"
"269.8350","0.1486","0.5421"
"269.8550","0.1486","0.5420"
"269.8750","0.1486","0.5420"
"269.8950","0.1486","0.5420"
"269.9150","0.1486","0.5419"
"269.9350","0.1486","0.5420"
"269.9550","0.1486","0.5421"
"269.9750","0.1486","0.5420"
"269.9950","0.1486","0.5419"
"270.0150","0.1486","0.5419"
"270.0350","0.1486","0.5420"
"270.0550","0.1486","0.5419"
"270.0750","0.1486","0.5419"
"270.0950","0.1486","0.5419"
"270.1150","0.1486","0.5419"
"270.1350","0.1486","0.5419"
"270.1550","0.1486","0.5419"
"270.1750","0.1486","0.5419"
"270.1950","0.1486","0.5419"
"270.2150","0.1486","0.5420"
"270.2350","0.1486","0.5419"
"270.2550","0.1486","0.5419"
"270.2750","0.1486","0.5419"
"270.2950","0.1486","0.5419"
"270.3150","0.1486","0.5419"
"270.3350","0.1486","0.5419"
"270.3550","0.1486","0.5419"
"270.3750","0.1486","0.5419"
"270.3950","0.1486","0.5420"
"270.4150","0.1486","0.5420"
"270.4350","0.1486","0.5420"
"270.4550","0.1486","0.5419"
"270.4750","0.1486","0.5420"
"270.4950","0.1486","0.5420"
"270.5150","0.1486","0.5419"
"270.5350","0.1486","0.5419"
"270.5550","0.1486","0.5419"
"270.5750","0.1486","0.5418"
"270.5950","0.1486","0.5419"
"270.6150","0.1486","0.5419"
"270.6350","0.1486","0.5419"
"270.6550","0.1486","0.5419"
"270.6750","0.1486","0.5419"
"270.6950","0.1486","0.5419"
"270.7150","0.1486","0.5419"
"270.7350","0.1486","0.5419"
"270.7550","0.1486","0.5418"
"270.7750","0.1486","0.5418"
"270.7950","0.1486","0.5418"
"270.8150","0.1486","0.5418"
"270.8350","0.1486","0.5419"
"270.8550","0.1486","0.5419"
"270.8750","0.1486","0.5419"
"270.8950","0.1486","0.5419"
"270.9150","0.1486","0.5419"
"270.9350","0.1486","0.5418"
"270.9550","0.1486","0.5418"
"270.9750","0.1486","0.5418"
"270.9950","0.1486","0.5418"
"271.0150","0.1486","0.5417"
"271.0350","0.1486","0.5417"
"271.0550","0.1486","0.5418"
"271.0750","0.1486","0.5418"
"271.0950","0.1486","0.5418"
"271.1150","0.1486","0.5418"
"271.1350","0.1486","0.5418"
"271.1550","0.1486","0.5418"
"271.1750","0.1486","0.5418"
"271.1950","0.1486","0.5417"
"271.2150","0.1486","0.5417"
"271.2350","0.1486","0.5418"
"271.2550","0.1486","0.5418"
"271.2750","0.1486","0.5417"
"271.2950","0.1486","0.5417"
"271.3150","0.1486","0.5417"
"271.3350","0.1486","0.5417"
"271.3550","0.1486","0.5418"
"271.3750","0.1486","0.5417"
"271.3950","0.1486","0.5418"
"271.4150","0.1486","0.5418"
"271.4350","0.1486","0.5417"
"271.4550","0.1486","0.5417"
"271.4750","0.1486","0.5417"
"271.4950","0.1486","0.5418"
"271.5150","0.1486","0.5417"
"271.5350","0.1486","0.5417"
"271.5550","0.1486","0.5417"
"271.5750","0.1486","0.5418"
"271.5950","0.1486","0.5417"
"271.6150","0.1486","0.5416"
"271.6350","0.1486","0.5416"
"271.6550","0.1486","0.5417"
"271.6750","0.1486","0.5417"
"271.6950","0.1486","0.5418"
"271.7150","0.1486","0.5418"
"271.7350","0.1486","0.5417"
"271.7550","0.1486","0.5417"
"271.7750","0.1486","0.5417"
"271.7950","0.1486","0.5417"
"271.8150","0.1486","0.5417"
"271.8350","0.1486","0.5416"
"271.8550","0.1486","0.5417"
"271.8750","0.1486","0.5417"
"271.8950","0.1486","0.5417"
"271.9150","0.1486","0.5416"
"271.9350","0.1486","0.5417"
"271.9550","0.1486","0.5417"
"271.9750","0.1486","0.5417"
"271.9950","0.1486","0.5417"
"272.0150","0.1486","0.5417"
"272.0350","0.1486","0.5417"
"272.0550","0.1486","0.5417"
"272.0750","0.1486","0.5417"
"272.0950","0.1486","0.5417"
"272.1150","0.1486","0.5417"
"272.1350","0.1486","0.5417"
"272.1550","0.1486","0.5416"
"272.1750","0.1486","0.5416"
"272.1950","0.1486","0.5417"
"272.2150","0.1486","0.5417"
"272.2350","0.1486","0.5417"
"272.2550","0.1486","0.5417"
"272.2750","0.1486","0.5418"
"272.2950","0.1486","0.5417"
"272.3150","0.1486","0.5416"
"272.3350","0.1486","0.5416"
"272.3550","0.1486","0.5416"
"272.3750","0.1486","0.5417"
"272.3950","0.1486","0.5417"
"272.4150","0.1486","0.5417"
"272.4350","0.1486","0.5416"
"272.4550","0.1486","0.5416"
"272.4750","0.1486","0.5416"
"272.4950","0.1486","0.5416"
"272.5150","0.1486","0.5416"
"272.5350","0.1486","0.5416"
"272.5550","0.1486","0.5416"
"272.5750","0.1486","0.5416"
"272.5950","0.1486","0.5417"
"272.6150","0.1486","0.5416"
"272.6350","0.1486","0.5416"
"272.6550","0.1486","0.5415"
"272.6750","0.1486","0.5415"
"272.6950","0.1486","0.5416"
"272.7150","0.1486","0.5416"
"272.7350","0.1486","0.5416"
"272.7550","0.1486","0.5416"
"272.7750","0.1486","0.5416"
"272.7950","0.1486","0.5417"
"272.8150","0.1486","0.5416"
"272.8350","0.1486","0.5416"
"272.8550","0.1486","0.5416"
"272.8750","0.1486","0.5416"
"272.8950","0.1486","0.5416"
"272.9150","0.1486","0.5416"
"272.9350","0.1486","0.5416"
"272.9550","0.1486","0.5415"
"272.9750","0.1486","0.5414"
"272.9950","0.1486","0.5414"
"273.0150","0.1486","0.5415"
"273.0350","0.1486","0.5416"
"273.0550","0.1486","0.5415"
"273.0750","0.1486","0.5415"
"273.0950","0.1486","0.5414"
"273.1150","0.1486","0.5415"
"273.1350","0.1486","0.5416"
"273.1550","0.1486","0.5415"
"273.1750","0.1486","0.5415"
"273.1950","0.1486","0.5415"
"273.2150","0.1486","0.5416"
"273.2350","0.1486","0.5416"
"273.2550","0.1486","0.5415"
"273.2750","0.1486","0.5414"
"273.2950","0.1486","0.5415"
"273.3150","0.1486","0.5415"
"273.3350","0.1486","0.5415"
"273.3550","0.1486","0.5414"
"273.3750","0.1486","0.5414"
"273.3950","0.1486","0.5414"
"273.4150","0.1486","0.5414"
"273.4350","0.1486","0.5414"
"273.4550","0.1486","0.5415"
"273.4750","0.1486","0.5415"
"273.4950","0.1486","0.5414"
"273.5150","0.1486","0.5415"
"273.5350","0.1486","0.5414"
"273.5550","0.1486","0.5414"
"273.5750","0.1486","0.5414"
"273.5950","0.1486","0.5415"
"273.6150","0.1486","0.5415"
"273.6350","0.1486","0.5415"
"273.6550","0.1486","0.5415"
"273.6750","0.1486","0.5415"
"273.6950","0.1486","0.5415"
"273.7150","0.1486","0.5415"
"273.7350","0.1486","0.5415"
"273.7550","0.1486","0.5414"
"273.7750","0.1486","0.5414"
"273.7950","0.1486","0.5414"
"273.8150","0.1486","0.5415"
"273.8350","0.1486","0.5414"
"273.8550","0.1486","0.5414"
"273.8750","0.1486","0.5414"
"273.8950","0.1486","0.5414"
"273.9150","0.1486","0.5413"
"273.9350","0.1486","0.5414"
"273.9550","0.1486","0.5414"
"273.9750","0.1486","0.5414"
"273.9950","0.1486","0.5414"
"274.0150","0.1486","0.5414"
"274.0350","0.1486","0.5414"
"274.0550","0.1486","0.5414"
"274.0750","0.1486","0.5414"
"274.0950","0.1486","0.5413"
"274.1150","0.1486","0.5414"
"274.1350","0.1486","0.5414"
"274.1550","0.1486","0.5414"
"274.1750","0.1486","0.5413"
"274.1950","0.1486","0.5412"
"274.2150","0.1486","0.5413"
"274.2350","0.1486","0.5413"
"274.2550","0.1486","0.5413"
"274.2750","0.1486","0.5413"
"274.2950","0.1486","0.5413"
"274.3150","0.1486","0.5413"
"274.3350","0.1486","0.5414"
"274.3550","0.1486","0.5414"
"274.3750","0.1486","0.5413"
"274.3950","0.1486","0.5413"
"274.4150","0.1486","0.5413"
"274.4350","0.1486","0.5413"
"274.4550","0.1486","0.5414"
"274.4750","0.1486","0.5413"
"274.4950","0.1486","0.5413"
"274.5150","0.1486","0.5413"
"274.5350","0.1486","0.5413"
"274.5550","0.1486","0.5412"
"274.5750","0.1486","0.5413"
"274.5950","0.1486","0.5412"
"274.6150","0.1486","0.5412"
"274.6350","0.1486","0.5413"
"274.6550","0.1486","0.5413"
"274.6750","0.1486","0.5413"
"274.6950","0.1486","0.5412"
"274.7150","0.1486","0.5412"
"274.7350","0.1486","0.5413"
"274.7550","0.1486","0.5413"
"274.7750","0.1486","0.5413"
"274.7950","0.1486","0.5413"
"274.8150","0.1486","0.5413"
"274.8350","0.1486","0.5413"
"274.8550","0.1486","0.5413"
"274.8750","0.1486","0.5413"
"274.8950","0.1486","0.5413"
"274.9150","0.1486","0.5413"
"274.9350","0.1486","0.5413"
"274.9550","0.1486","0.5413"
"274.9750","0.1486","0.5413"
"274.9950","0.1486","0.5412"
"275.0150","0.1486","0.5411"
"275.0350","0.1486","0.5411"
"275.0550","0.1486","0.5412"
"275.0750","0.1486","0.5412"
"275.0950","0.1486","0.5411"
"275.1150","0.1486","0.5412"
"275.1350","0.1486","0.5413"
"275.1550","0.1486","0.5413"
"275.1750","0.1486","0.5412"
"275.1950","0.1486","0.5412"
"275.2150","0.1486","0.5412"
"275.2350","0.1486","0.5412"
"275.2550","0.1486","0.5412"
"275.2750","0.1486","0.5412"
"275.2950","0.1486","0.5412"
"275.3150","0.1486","0.5412"
"275.3350","0.1486","0.5412"
"275.3550","0.1486","0.5411"
"275.3750","0.1486","0.5412"
"275.3950","0.1486","0.5412"
"275.4150","0.1486","0.5411"
"275.4350","0.1486","0.5412"
"275.4550","0.1486","0.5412"
"275.4750","0.1486","0.5411"
"275.4950","0.1486","0.5410"
"275.5150","0.1486","0.5411"
"275.5350","0.1486","0.5411"
"275.5550","0.1486","0.5411"
"275.5750","0.1486","0.5411"
"275.5950","0.1486","0.5410"
"275.6150","0.1486","0.5410"
"275.6350","0.1486","0.5411"
"275.6550","0.1486","0.5412"
"275.6750","0.1486","0.5412"
"275.6950","0.1486","0.5412"
"275.7150","0.1486","0.5411"
"275.7350","0.1486","0.5411"
"275.7550","0.1486","0.5411"
"275.7750","0.1486","0.5412"
"275.7950","0.1486","0.5411"
"275.8150","0.1486","0.5410"
"275.8350","0.1486","0.5410"
"275.8550","0.1486","0.5410"
"275.8750","0.1486","0.5411"
"275.8950","0.1486","0.5411"
"275.9150","0.1486","0.5411"
"275.9350","0.1486","0.5410"
"275.9550","0.1486","0.5410"
"275.9750","0.1486","0.5410"
"275.9950","0.1486","0.5410"
"276.0150","0.1486","0.5411"
"276.0350","0.1486","0.5411"
"276.0550","0.1486","0.5411"
"276.0750","0.1486","0.5410"
"276.0950","0.1486","0.5410"
"276.1150","0.1486","0.5410"
"276.1350","0.1486","0.5410"
"276.1550","0.1486","0.5411"
"276.1750","0.1486","0.5411"
"276.1950","0.1486","0.5410"
"276.2150","0.1486","0.5410"
"276.2350","0.1486","0.5410"
"276.2550","0.1486","0.5410"
"276.2750","0.1486","0.5411"
"276.2950","0.1486","0.5411"
"276.3150","0.1486","0.5410"
"276.3350","0.1486","0.5410"
"276.3550","0.1486","0.5409"
"276.3750","0.1486","0.5409"
"276.3950","0.1486","0.5410"
"276.4150","0.1486","0.5410"
"276.4350","0.1486","0.5411"
"276.4550","0.1486","0.5411"
"276.4750","0.1486","0.5410"
"276.4950","0.1486","0.5410"
"276.5150","0.1486","0.5410"
"276.5350","0.1486","0.5410"
"276.5550","0.1486","0.5410"
"276.5750","0.1486","0.5410"
"276.5950","0.1486","0.5409"
"276.6150","0.1486","0.5409"
"276.6350","0.1486","0.5410"
"276.6550","0.1486","0.5409"
"276.6750","0.1486","0.5410"
"276.6950","0.1486","0.5410"
"276.7150","0.1486","0.5411"
"276.7350","0.1486","0.5410"
"276.7550","0.1486","0.5409"
"276.7750","0.1486","0.5409"
"276.7950","0.1486","0.5410"
"276.8150","0.1486","0.5411"
"276.8350","0.1486","0.5411"
"276.8550","0.1486","0.5410"
"276.8750","0.1486","0.5409"
"276.8950","0.1486","0.5409"
"276.9150","0.1486","0.5409"
"276.9350","0.1486","0.5410"
"276.9550","0.1486","0.5410"
"276.9750","0.1486","0.5409"
"276.9950","0.1486","0.5410"
"277.0150","0.1486","0.5409"
"277.0350","0.1486","0.5409"
"277.0550","0.1486","0.5409"
"277.0750","0.1486","0.5410"
"277.0950","0.1486","0.5409"
"277.1150","0.1486","0.5409"
"277.1350","0.1486","0.5409"
"277.1550","0.1486","0.5409"
"277.1750","0.1486","0.5409"
"277.1950","0.1486","0.5409"
"277.2150","0.1486","0.5409"
"277.2350","0.1486","0.5408"
"277.2550","0.1486","0.5408"
"277.2750","0.1486","0.5408"
"277.2950","0.1486","0.5408"
"277.3150","0.1486","0.5408"
"277.3350","0.1486","0.5409"
"277.3550","0.1486","0.5409"
"277.3750","0.1486","0.5409"
"277.3950","0.1486","0.5408"
"277.4150","0.1486","0.5408"
"277.4350","0.1486","0.5409"
"277.4550","0.1486","0.5409"
"277.4750","0.1486","0.5409"
"277.4950","0.1486","0.5408"
"277.5150","0.1486","0.5408"
"277.5350","0.1486","0.5408"
"277.5550","0.1486","0.5408"
"277.5750","0.1486","0.5408"
"277.5950","0.1486","0.5408"
"277.6150","0.1486","0.5408"
"277.6350","0.1486","0.5408"
"277.6550","0.1486","0.5408"
"277.6750","0.1486","0.5408"
"277.6950","0.1486","0.5408"
"277.7150","0.1486","0.5407"
"277.7350","0.1486","0.5408"
"277.7550","0.1486","0.5408"
"277.7750","0.1486","0.5408"
"277.7950","0.1486","0.5408"
"277.8150","0.1486","0.5407"
"277.8350","0.1486","0.5409"
"277.8550","0.1486","0.5409"
"277.8750","0.1486","0.5408"
"277.8950","0.1486","0.5408"
"277.9150","0.1486","0.5408"
"277.9350","0.1486","0.5408"
"277.9550","0.1486","0.5408"
"277.9750","0.1486","0.5408"
"277.9950","0.1486","0.5408"
"278.0150","0.1486","0.5408"
"278.0350","0.1486","0.5408"
"278.0550","0.1486","0.5409"
"278.0750","0.1486","0.5408"
"278.0950","0.1486","0.5407"
"278.1150","0.1486","0.5407"
"278.1350","0.1486","0.5407"
"278.1550","0.1486","0.5408"
"278.1750","0.1486","0.5408"
"278.1950","0.1486","0.5407"
"278.2150","0.1486","0.5407"
"278.2350","0.1486","0.5408"
"278.2550","0.1486","0.5407"
"278.2750","0.1486","0.5407"
"278.2950","0.1486","0.5407"
"278.3150","0.1486","0.5407"
"278.3350","0.1486","0.5407"
"278.3550","0.1486","0.5407"
"278.3750","0.1486","0.5408"
"278.3950","0.1486","0.5409"
"278.4150","0.1486","0.5408"
"278.4350","0.1486","0.5407"
"278.4550","0.1486","0.5406"
"278.4750","0.1486","0.5407"
"278.4950","0.1486","0.5407"
"278.5150","0.1486","0.5407"
"278.5350","0.1486","0.5407"
"278.5550","0.1486","0.5407"
"278.5750","0.1486","0.5407"
"278.5950","0.1486","0.5407"
"278.6150","0.1486","0.5407"
"278.6350","0.1486","0.5407"
"278.6550","0.1486","0.5407"
"278.6750","0.1486","0.5407"
"278.6950","0.1486","0.5407"
"278.7150","0.1486","0.5408"
"278.7350","0.1486","0.5408"
"278.7550","0.1486","0.5408"
"278.7750","0.1486","0.5407"
"278.7950","0.1486","0.5407"
"278.8150","0.1486","0.5406"
"278.8350","0.1486","0.5406"
"278.8550","0.1486","0.5407"
"278.8750","0.1486","0.5406"
"278.8950","0.1486","0.5407"
"278.9150","0.1486","0.5407"
"278.9350","0.1486","0.5406"
"278.9550","0.1486","0.5406"
"278.9750","0.1486","0.5405"
"278.9950","0.1486","0.5406"
"279.0150","0.1486","0.5406"
"279.0350","0.1486","0.5407"
"279.0550","0.1486","0.5407"
"279.0750","0.1486","0.5407"
"279.0950","0.1486","0.5406"
"279.1150","0.1486","0.5407"
"279.1350","0.1486","0.5407"
"279.1550","0.1486","0.5407"
"279.1750","0.1486","0.5406"
"279.1950","0.1486","0.5406"
"279.2150","0.1486","0.5405"
"279.2350","0.1486","0.5406"
"279.2550","0.1486","0.5406"
"279.2750","0.1486","0.5406"
"279.2950","0.1486","0.5407"
"279.3150","0.1486","0.5406"
"279.3350","0.1486","0.5406"
"279.3550","0.1486","0.5406"
"279.3750","0.1486","0.5406"
"279.3950","0.1486","0.5405"
"279.4150","0.1486","0.5406"
"279.4350","0.1486","0.5405"
"279.4550","0.1486","0.5405"
"279.4750","0.1486","0.5406"
"279.4950","0.1486","0.5406"
"279.5150","0.1486","0.5406"
"279.5350","0.1486","0.5406"
"279.5550","0.1486","0.5406"
"279.5750","0.1486","0.5405"
"279.5950","0.1486","0.5405"
"279.6150","0.1486","0.5406"
"279.6350","0.1486","0.5406"
"279.6550","0.1486","0.5405"
"279.6750","0.1486","0.5404"
"279.6950","0.1486","0.5404"
"279.7150","0.1486","0.5405"
"279.7350","0.1486","0.5406"
"279.7550","0.1486","0.5405"
"279.7750","0.1486","0.5404"
"279.7950","0.1486","0.5404"
"279.8150","0.1486","0.5405"
"279.8350","0.1486","0.5405"
"279.8550","0.1486","0.5405"
"279.8750","0.1486","0.5405"
"279.8950","0.1486","0.5406"
"279.9150","0.1486","0.5405"
"279.9350","0.1486","0.5404"
"279.9550","0.1486","0.5405"
"279.9750","0.1486","0.5405"
"279.9950","0.1486","0.5404"
"280.0150","0.1486","0.5404"
"280.0350","0.1486","0.5404"
"280.0550","0.1486","0.5404"
"280.0750","0.1486","0.5404"
"280.0950","0.1486","0.5404"
"280.1150","0.1486","0.5404"
"280.1350","0.1486","0.5404"
"280.1550","0.1486","0.5404"
"280.1750","0.1486","0.5406"
"280.1950","0.1486","0.5405"
"280.2150","0.1486","0.5405"
"280.2350","0.1486","0.5404"
"280.2550","0.1486","0.5404"
"280.2750","0.1486","0.5405"
"280.2950","0.1486","0.5404"
"280.3150","0.1486","0.5404"
"280.3350","0.1486","0.5403"
"280.3550","0.1486","0.5404"
"280.3750","0.1486","0.5404"
"280.3950","0.1486","0.5404"
"280.4150","0.1486","0.5404"
"280.4350","0.1486","0.5403"
"280.4550","0.1486","0.5404"
"280.4750","0.1486","0.5404"
"280.4950","0.1486","0.5404"
"280.5150","0.1486","0.5404"
"280.5350","0.1486","0.5404"
"280.5550","0.1486","0.5405"
"280.5750","0.1486","0.5405"
"280.5950","0.1486","0.5405"
"280.6150","0.1486","0.5403"
"280.6350","0.1486","0.5403"
"280.6550","0.1486","0.5403"
"280.6750","0.1486","0.5404"
"280.6950","0.1486","0.5404"
"280.7150","0.1486","0.5403"
"280.7350","0.1486","0.5403"
"280.7550","0.1486","0.5403"
"280.7750","0.1486","0.5404"
"280.7950","0.1486","0.5404"
"280.8150","0.1486","0.5403"
"280.8350","0.1486","0.5402"
"280.8550","0.1486","0.5403"
"280.8750","0.1486","0.5403"
"280.8950","0.1486","0.5402"
"280.9150","0.1486","0.5403"
"280.9350","0.1486","0.5404"
"280.9550","0.1486","0.5404"
"280.9750","0.1486","0.5403"
"280.9950","0.1486","0.5403"
"281.0150","0.1486","0.5404"
"281.0350","0.1486","0.5404"
"281.0550","0.1486","0.5403"
"281.0750","0.1486","0.5404"
"281.0950","0.1486","0.5403"
"281.1150","0.1486","0.5403"
"281.1350","0.1486","0.5403"
"281.1550","0.1486","0.5403"
"281.1750","0.1486","0.5403"
"281.1950","0.1486","0.5404"
"281.2150","0.1486","0.5404"
"281.2350","0.1486","0.5404"
"281.2550","0.1486","0.5404"
"281.2750","0.1486","0.5403"
"281.2950","0.1486","0.5403"
"281.3150","0.1486","0.5403"
"281.3350","0.1486","0.5403"
"281.3550","0.1486","0.5403"
"281.3750","0.1486","0.5404"
"281.3950","0.1486","0.5404"
"281.4150","0.1486","0.5403"
"281.4350","0.1486","0.5403"
"281.4550","0.1486","0.5403"
"281.4750","0.1486","0.5403"
"281.4950","0.1486","0.5403"
"281.5150","0.1486","0.5403"
"281.5350","0.1486","0.5402"
"281.5550","0.1486","0.5403"
"281.5750","0.1486","0.5403"
"281.5950","0.1486","0.5402"
"281.6150","0.1486","0.5402"
"281.6350","0.1486","0.5403"
"281.6550","0.1486","0.5402"
"281.6750","0.1486","0.5402"
"281.6950","0.1486","0.5403"
"281.7150","0.1486","0.5403"
"281.7350","0.1486","0.5403"
"281.7550","0.1486","0.5404"
"281.7750","0.1486","0.5403"
"281.7950","0.1486","0.5402"
"281.8150","0.1486","0.5403"
"281.8350","0.1486","0.5403"
"281.8550","0.1486","0.5402"
"281.8750","0.1486","0.5402"
"281.8950","0.1486","0.5402"
"281.9150","0.1486","0.5402"
"281.9350","0.1486","0.5402"
"281.9550","0.1486","0.5402"
"281.9750","0.1486","0.5402"
"281.9950","0.1486","0.5402"
"282.0150","0.1486","0.5402"
"282.0350","0.1486","0.5402"
"282.0550","0.1486","0.5402"
"282.0750","0.1486","0.5402"
"282.0950","0.1486","0.5401"
"282.1150","0.1486","0.5402"
"282.1350","0.1486","0.5402"
"282.1550","0.1486","0.5402"
"282.1750","0.1486","0.5401"
"282.1950","0.1486","0.5402"
"282.2150","0.1486","0.5401"
"282.2350","0.1486","0.5402"
"282.2550","0.1486","0.5402"
"282.2750","0.1486","0.5402"
"282.2950","0.1486","0.5402"
"282.3150","0.1486","0.5401"
"282.3350","0.1486","0.5402"
"282.3550","0.1486","0.5401"
"282.3750","0.1486","0.5402"
"282.3950","0.1486","0.5402"
"282.4150","0.1486","0.5402"
"282.4350","0.1486","0.5401"
"282.4550","0.1486","0.5401"
"282.4750","0.1486","0.5401"
"282.4950","0.1486","0.5401"
"282.5150","0.1486","0.5402"
"282.5350","0.1486","0.5402"
"282.5550","0.1486","0.5402"
"282.5750","0.1486","0.5402"
"282.5950","0.1486","0.5402"
"282.6150","0.1486","0.5402"
"282.6350","0.1486","0.5401"
"282.6550","0.1486","0.5401"
"282.6750","0.1486","0.5401"
"282.6950","0.1486","0.5401"
"282.7150","0.1486","0.5401"
"282.7350","0.1486","0.5402"
"282.7550","0.1486","0.5402"
"282.7750","0.1486","0.5402"
"282.7950","0.1486","0.5402"
"282.8150","0.1486","0.5401"
"282.8350","0.1486","0.5401"
"282.8550","0.1486","0.5401"
"282.8750","0.1486","0.5401"
"282.8950","0.1486","0.5401"
"282.9150","0.1486","0.5400"
"282.9350","0.1486","0.5400"
"282.9550","0.1486","0.5400"
"282.9750","0.1486","0.5401"
"282.9950","0.1486","0.5401"
"283.0150","0.1486","0.5400"
"283.0350","0.1486","0.5400"
"283.0550","0.1486","0.5400"
"283.0750","0.1486","0.5400"
"283.0950","0.1486","0.5400"
"283.1150","0.1486","0.5399"
"283.1350","0.1486","0.5400"
"283.1550","0.1486","0.5400"
"283.1750","0.1486","0.5400"
"283.1950","0.1486","0.5401"
"283.2150","0.1486","0.5401"
"283.2350","0.1486","0.5401"
"283.2550","0.1486","0.5400"
"283.2750","0.1486","0.5400"
"283.2950","0.1486","0.5400"
"283.3150","0.1486","0.5400"
"283.3350","0.1486","0.5399"
"283.3550","0.1486","0.5400"
"283.3750","0.1486","0.5400"
"283.3950","0.1486","0.5400"
"283.4150","0.1486","0.5401"
"283.4350","0.1486","0.5401"
"283.4550","0.1486","0.5401"
"283.4750","0.1486","0.5401"
"283.4950","0.1486","0.5400"
"283.5150","0.1486","0.5400"
"283.5350","0.1486","0.5399"
"283.5550","0.1486","0.5399"
"283.5750","0.1486","0.5400"
"283.5950","0.1486","0.5400"
"283.6150","0.1486","0.5400"
"283.6350","0.1486","0.5400"
"283.6550","0.1486","0.5399"
"283.6750","0.1486","0.5398"
"283.6950","0.1486","0.5399"
"283.7150","0.1486","0.5399"
"283.7350","0.1486","0.5399"
"283.7550","0.1486","0.5399"
"283.7750","0.1486","0.5399"
"283.7950","0.1486","0.5399"
"283.8150","0.1486","0.5399"
"283.8350","0.1486","0.5399"
"283.8550","0.1486","0.5399"
"283.8750","0.1486","0.5399"
"283.8950","0.1486","0.5399"
"283.9150","0.1486","0.5399"
"283.9350","0.1486","0.5399"
"283.9550","0.1486","0.5399"
"283.9750","0.1486","0.5400"
"283.9950","0.1486","0.5400"
"284.0150","0.1486","0.5400"
"284.0350","0.1486","0.5400"
"284.0550","0.1486","0.5399"
"284.0750","0.1486","0.5399"
"284.0950","0.1486","0.5399"
"284.1150","0.1486","0.5399"
"284.1350","0.1486","0.5399"
"284.1550","0.1486","0.5399"
"284.1750","0.1486","0.5399"
"284.1950","0.1486","0.5400"
"284.2150","0.1486","0.5399"
"284.2350","0.1486","0.5398"
"284.2550","0.1486","0.5398"
"284.2750","0.1486","0.5399"
"284.2950","0.1486","0.5399"
"284.3150","0.1486","0.5398"
"284.3350","0.1486","0.5398"
"284.3550","0.1486","0.5398"
"284.3750","0.1486","0.5399"
"284.3950","0.1486","0.5399"
"284.4150","0.1486","0.5398"
"284.4350","0.1486","0.5398"
"284.4550","0.1486","0.5398"
"284.4750","0.1486","0.5398"
"284.4950","0.1486","0.5398"
"284.5150","0.1486","0.5398"
"284.5350","0.1486","0.5397"
"284.5550","0.1486","0.5397"
"284.5750","0.1486","0.5399"
"284.5950","0.1486","0.5398"
"284.6150","0.1486","0.5399"
"284.6350","0.1486","0.5398"
"284.6550","0.1486","0.5398"
"284.6750","0.1486","0.5398"
"284.6950","0.1486","0.5399"
"284.7150","0.1486","0.5398"
"284.7350","0.1486","0.5398"
"284.7550","0.1486","0.5398"
"284.7750","0.1486","0.5399"
"284.7950","0.1486","0.5399"
"284.8150","0.1486","0.5397"
"284.8350","0.1486","0.5397"
"284.8550","0.1486","0.5398"
"284.8750","0.1486","0.5398"
"284.8950","0.1486","0.5397"
"284.9150","0.1486","0.5398"
"284.9350","0.1486","0.5398"
"284.9550","0.1486","0.5397"
"284.9750","0.1486","0.5397"
"284.9950","0.1486","0.5398"
"285.0150","0.1486","0.5398"
"285.0350","0.1486","0.5397"
"285.0550","0.1486","0.5397"
"285.0750","0.1486","0.5398"
"285.0950","0.1486","0.5398"
"285.1150","0.1486","0.5398"
"285.1350","0.1486","0.5398"
"285.1550","0.1486","0.5398"
"285.1750","0.1486","0.5398"
"285.1950","0.1486","0.5398"
"285.2150","0.1486","0.5397"
"285.2350","0.1486","0.5396"
"285.2550","0.1486","0.5396"
"285.2750","0.1486","0.5397"
"285.2950","0.1486","0.5397"
"285.3150","0.1486","0.5397"
"285.3350","0.1486","0.5396"
"285.3550","0.1486","0.5397"
"285.3750","0.1486","0.5397"
"285.3950","0.1486","0.5397"
"285.4150","0.1486","0.5397"
"285.4350","0.1486","0.5397"
"285.4550","0.1486","0.5397"
"285.4750","0.1486","0.5396"
"285.4950","0.1486","0.5397"
"285.5150","0.1486","0.5397"
"285.5350","0.1486","0.5398"
"285.5550","0.1486","0.5397"
"285.5750","0.1486","0.5397"
"285.5950","0.1486","0.5397"
"285.6150","0.1486","0.5396"
"285.6350","0.1486","0.5397"
"285.6550","0.1486","0.5396"
"285.6750","0.1486","0.5396"
"285.6950","0.1486","0.5397"
"285.7150","0.1486","0.5397"
"285.7350","0.1486","0.5397"
"285.7550","0.1486","0.5397"
"285.7750","0.1486","0.5397"
"285.7950","0.1486","0.5397"
"285.8150","0.1486","0.5396"
"285.8350","0.1486","0.5396"
"285.8550","0.1486","0.5396"
"285.8750","0.1486","0.5396"
"285.8950","0.1486","0.5397"
"285.9150","0.1486","0.5397"
"285.9350","0.1486","0.5396"
"285.9550","0.1486","0.5396"
"285.9750","0.1486","0.5395"
"285.9950","0.1486","0.5396"
"286.0150","0.1486","0.5396"
"286.0350","0.1486","0.5397"
"286.0550","0.1486","0.5397"
"286.0750","0.1486","0.5396"
"286.0950","0.1486","0.5396"
"286.1150","0.1486","0.5397"
"286.1350","0.1486","0.5397"
"286.1550","0.1486","0.5396"
"286.1750","0.1486","0.5396"
"286.1950","0.1486","0.5395"
"286.2150","0.1486","0.5396"
"286.2350","0.1486","0.5395"
"286.2550","0.1486","0.5395"
"286.2750","0.1486","0.5396"
"286.2950","0.1486","0.5397"
"286.3150","0.1486","0.5396"
"286.3350","0.1486","0.5396"
"286.3550","0.1486","0.5395"
"286.3750","0.1486","0.5395"
"286.3950","0.1486","0.5395"
"286.4150","0.1486","0.5396"
"286.4350","0.1486","0.5396"
"286.4550","0.1486","0.5396"
"286.4750","0.1486","0.5396"
"286.4950","0.1486","0.5396"
"286.5150","0.1486","0.5395"
"286.5350","0.1486","0.5395"
"286.5550","0.1486","0.5395"
"286.5750","0.1486","0.5395"
"286.5950","0.1486","0.5395"
"286.6150","0.1486","0.5396"
"286.6350","0.1486","0.5395"
"286.6550","0.1486","0.5395"
"286.6750","0.1486","0.5395"
"286.6950","0.1486","0.5394"
"286.7150","0.1486","0.5394"
"286.7350","0.1486","0.5394"
"286.7550","0.1486","0.5395"
"286.7750","0.1486","0.5395"
"286.7950","0.1486","0.5395"
"286.8150","0.1486","0.5396"
"286.8350","0.1486","0.5396"
"286.8550","0.1486","0.5396"
"286.8750","0.1486","0.5395"
"286.8950","0.1486","0.5395"
"286.9150","0.1486","0.5396"
"286.9350","0.1486","0.5395"
"286.9550","0.1486","0.5395"
"286.9750","0.1486","0.5394"
"286.9950","0.1486","0.5394"
"287.0150","0.1486","0.5394"
"287.0350","0.1486","0.5394"
"287.0550","0.1486","0.5395"
"287.0750","0.1486","0.5395"
"287.0950","0.1486","0.5395"
"287.1150","0.1486","0.5395"
"287.1350","0.1486","0.5395"
"287.1550","0.1486","0.5395"
"287.1750","0.1486","0.5394"
"287.1950","0.1486","0.5394"
"287.2150","0.1486","0.5394"
"287.2350","0.1486","0.5394"
"287.2550","0.1486","0.5394"
"287.2750","0.1486","0.5394"
"287.2950","0.1486","0.5395"
"287.3150","0.1486","0.5394"
"287.3350","0.1486","0.5394"
"287.3550","0.1486","0.5393"
"287.3750","0.1486","0.5393"
"287.3950","0.1486","0.5393"
"287.4150","0.1486","0.5394"
"287.4350","0.1486","0.5394"
"287.4550","0.1486","0.5394"
"287.4750","0.1486","0.5394"
"287.4950","0.1486","0.5393"
"287.5150","0.1486","0.5394"
"287.5350","0.1486","0.5394"
"287.5550","0.1486","0.5394"
"287.5750","0.1486","0.5394"
"287.5950","0.1486","0.5394"
"287.6150","0.1486","0.5394"
"287.6350","0.1486","0.5393"
"287.6550","0.1486","0.5394"
"287.6750","0.1486","0.5393"
"287.6950","0.1486","0.5394"
"287.7150","0.1486","0.5394"
"287.7350","0.1486","0.5394"
"287.7550","0.1486","0.5394"
"287.7750","0.1486","0.5394"
"287.7950","0.1486","0.5393"
"287.8150","0.1486","0.5393"
"287.8350","0.1486","0.5393"
"287.8550","0.1486","0.5394"
"287.8750","0.1486","0.5394"
"287.8950","0.1486","0.5394"
"287.9150","0.1486","0.5393"
"287.9350","0.1486","0.5393"
"287.9550","0.1486","0.5394"
"287.9750","0.1486","0.5394"
"287.9950","0.1486","0.5394"
"288.0150","0.1486","0.5393"
"288.0350","0.1486","0.5394"
"288.0550","0.1486","0.5393"
"288.0750","0.1486","0.5393"
"288.0950","0.1486","0.5392"
"288.1150","0.1486","0.5392"
"288.1350","0.1486","0.5393"
"288.1550","0.1486","0.5394"
"288.1750","0.1486","0.5393"
"288.1950","0.1486","0.5393"
"288.2150","0.1486","0.5394"
"288.2350","0.1486","0.5394"
"288.2550","0.1486","0.5394"
"288.2750","0.1486","0.5393"
"288.2950","0.1486","0.5394"
"288.3150","0.1486","0.5394"
"288.3350","0.1486","0.5393"
"288.3550","0.1486","0.5393"
"288.3750","0.1486","0.5393"
"288.3950","0.1486","0.5393"
"288.4150","0.1486","0.5393"
"288.4350","0.1486","0.5393"
"288.4550","0.1486","0.5393"
"288.4750","0.1486","0.5392"
"288.4950","0.1486","0.5391"
"288.5150","0.1486","0.5391"
"288.5350","0.1486","0.5392"
"288.5550","0.1486","0.5393"
"288.5750","0.1486","0.5392"
"288.5950","0.1486","0.5392"
"288.6150","0.1486","0.5393"
"288.6350","0.1486","0.5393"
"288.6550","0.1486","0.5393"
"288.6750","0.1486","0.5392"
"288.6950","0.1486","0.5392"
"288.7150","0.1486","0.5392"
"288.7350","0.1486","0.5392"
"288.7550","0.1486","0.5392"
"288.7750","0.1486","0.5392"
"288.7950","0.1486","0.5392"
"288.8150","0.1486","0.5393"
"288.8350","0.1486","0.5392"
"288.8550","0.1486","0.5393"
"288.8750","0.1486","0.5393"
"288.8950","0.1486","0.5392"
"288.9150","0.1486","0.5392"
"288.9350","0.1486","0.5392"
"288.9550","0.1486","0.5392"
"288.9750","0.1486","0.5392"
"288.9950","0.1486","0.5392"
"289.0150","0.1486","0.5392"
"289.0350","0.1486","0.5392"
"289.0550","0.1486","0.5391"
"289.0750","0.1486","0.5393"
"289.0950","0.1486","0.5393"
"289.1150","0.1486","0.5392"
"289.1350","0.1486","0.5391"
"289.1550","0.1486","0.5392"
"289.1750","0.1486","0.5391"
"289.1950","0.1486","0.5392"
"289.2150","0.1486","0.5391"
"289.2350","0.1486","0.5392"
"289.2550","0.1486","0.5392"
"289.2750","0.1486","0.5391"
"289.2950","0.1486","0.5392"
"289.3150","0.1486","0.5391"
"289.3350","0.1486","0.5391"
"289.3550","0.1486","0.5392"
"289.3750","0.1486","0.5391"
"289.3950","0.1486","0.5391"
"289.4150","0.1486","0.5391"
"289.4350","0.1486","0.5391"
"289.4550","0.1486","0.5390"
"289.4750","0.1486","0.5391"
"289.4950","0.1486","0.5391"
"289.5150","0.1486","0.5391"
"289.5350","0.1486","0.5391"
"289.5550","0.1486","0.5391"
"289.5750","0.1486","0.5392"
"289.5950","0.1486","0.5391"
"289.6150","0.1486","0.5390"
"289.6350","0.1486","0.5390"
"289.6550","0.1486","0.5390"
"289.6750","0.1486","0.5390"
"289.6950","0.1486","0.5391"
"289.7150","0.1486","0.5391"
"289.7350","0.1486","0.5390"
"289.7550","0.1486","0.5390"
"289.7750","0.1486","0.5390"
"289.7950","0.1486","0.5390"
"289.8150","0.1486","0.5391"
"289.8350","0.1486","0.5391"
"289.8550","0.1486","0.5390"
"289.8750","0.1486","0.5391"
"289.8950","0.1486","0.5391"
"289.9150","0.1486","0.5391"
"289.9350","0.1486","0.5391"
"289.9550","0.1486","0.5391"
"289.9750","0.1486","0.5390"
"289.9950","0.1486","0.5390"
"290.0150","0.1486","0.5391"
"290.0350","0.1486","0.5391"
"290.0550","0.1486","0.5390"
"290.0750","0.1486","0.5390"
"290.0950","0.1486","0.5390"
"290.1150","0.1486","0.5390"
"290.1350","0.1486","0.5390"
"290.1550","0.1486","0.5391"
"290.1750","0.1486","0.5391"
"290.1950","0.1486","0.5390"
"290.2150","0.1486","0.5391"
"290.2350","0.1486","0.5390"
"290.2550","0.1486","0.5389"
"290.2750","0.1486","0.5389"
"290.2950","0.1486","0.5389"
"290.3150","0.1486","0.5390"
"290.3350","0.1486","0.5390"
"290.3550","0.1486","0.5390"
"290.3750","0.1486","0.5390"
"290.3950","0.1486","0.5389"
"290.4150","0.1486","0.5389"
"290.4350","0.1486","0.5389"
"290.4550","0.1486","0.5389"
"290.4750","0.1486","0.5389"
"290.4950","0.1486","0.5389"
"290.5150","0.1486","0.5390"
"290.5350","0.1486","0.5390"
"290.5550","0.1486","0.5390"
"290.5750","0.1486","0.5390"
"290.5950","0.1486","0.5389"
"290.6150","0.1486","0.5389"
"290.6350","0.1486","0.5389"
"290.6550","0.1486","0.5389"
"290.6750","0.1486","0.5389"
"290.6950","0.1486","0.5389"
"290.7150","0.1486","0.5389"
"290.7350","0.1486","0.5390"
"290.7550","0.1486","0.5390"
"290.7750","0.1486","0.5389"
"290.7950","0.1486","0.5389"
"290.8150","0.1486","0.5389"
"290.8350","0.1486","0.5388"
"290.8550","0.1486","0.5389"
"290.8750","0.1486","0.5389"
"290.8950","0.1486","0.5390"
"290.9150","0.1486","0.5389"
"290.9350","0.1486","0.5389"
"290.9550","0.1486","0.5389"
"290.9750","0.1486","0.5389"
"290.9950","0.1486","0.5389"
"291.0150","0.1486","0.5389"
"291.0350","0.1486","0.5389"
"291.0550","0.1486","0.5389"
"291.0750","0.1486","0.5389"
"291.0950","0.1486","0.5389"
"291.1150","0.1486","0.5389"
"291.1350","0.1486","0.5388"
"291.1550","0.1486","0.5388"
"291.1750","0.1486","0.5389"
"291.1950","0.1486","0.5388"
"291.2150","0.1486","0.5388"
"291.2350","0.1486","0.5389"
"291.2550","0.1486","0.5388"
"291.2750","0.1486","0.5388"
"291.2950","0.1486","0.5389"
"291.3150","0.1486","0.5389"
"291.3350","0.1486","0.5388"
"291.3550","0.1486","0.5388"
"291.3750","0.1486","0.5388"
"291.3950","0.1486","0.5388"
"291.4150","0.1486","0.5388"
"291.4350","0.1486","0.5388"
"291.4550","0.1486","0.5389"
"291.4750","0.1486","0.5388"
"291.4950","0.1486","0.5388"
"291.5150","0.1486","0.5387"
"291.5350","0.1486","0.5388"
"291.5550","0.1486","0.5388"
"291.5750","0.1486","0.5388"
"291.5950","0.1486","0.5388"
"291.6150","0.1486","0.5388"
"291.6350","0.1486","0.5388"
"291.6550","0.1486","0.5388"
"291.6750","0.1486","0.5388"
"291.6950","0.1486","0.5388"
"291.7150","0.1486","0.5388"
"291.7350","0.1486","0.5388"
"291.7550","0.1486","0.5388"
"291.7750","0.1486","0.5389"
"291.7950","0.1486","0.5388"
"291.8150","0.1486","0.5387"
"291.8350","0.1486","0.5387"
"291.8550","0.1486","0.5387"
"291.8750","0.1486","0.5387"
"291.8950","0.1486","0.5387"
"291.9150","0.1486","0.5387"
"291.9350","0.1486","0.5388"
"291.9550","0.1486","0.5388"
"291.9750","0.1486","0.5387"
"291.9950","0.1486","0.5388"
"292.0150","0.1486","0.5388"
"292.0350","0.1486","0.5388"
"292.0550","0.1486","0.5388"
"292.0750","0.1486","0.5388"
"292.0950","0.1486","0.5388"
"292.1150","0.1486","0.5388"
"292.1350","0.1486","0.5387"
"292.1550","0.1486","0.5388"
"292.1750","0.1486","0.5387"
"292.1950","0.1486","0.5387"
"292.2150","0.1486","0.5387"
"292.2350","0.1486","0.5387"
"292.2550","0.1486","0.5388"
"292.2750","0.1486","0.5387"
"292.2950","0.1486","0.5388"
"292.3150","0.1486","0.5388"
"292.3350","0.1486","0.5388"
"292.3550","0.1486","0.5387"
"292.3750","0.1486","0.5386"
"292.3950","0.1486","0.5386"
"292.4150","0.1486","0.5387"
"292.4350","0.1486","0.5387"
"292.4550","0.1486","0.5387"
"292.4750","0.1486","0.5387"
"292.4950","0.1486","0.5387"
"292.5150","0.1486","0.5387"
"292.5350","0.1486","0.5387"
"292.5550","0.1486","0.5387"
"292.5750","0.1486","0.5387"
"292.5950","0.1486","0.5386"
"292.6150","0.1486","0.5386"
"292.6350","0.1486","0.5387"
"292.6550","0.1486","0.5387"
"292.6750","0.1486","0.5387"
"292.6950","0.1486","0.5387"
"292.7150","0.1486","0.5386"
"292.7350","0.1486","0.5386"
"292.7550","0.1486","0.5387"
"292.7750","0.1486","0.5387"
"292.7950","0.1486","0.5387"
"292.8150","0.1486","0.5386"
"292.8350","0.1486","0.5386"
"292.8550","0.1486","0.5386"
"292.8750","0.1486","0.5386"
"292.8950","0.1486","0.5386"
"292.9150","0.1486","0.5386"
"292.9350","0.1486","0.5386"
"292.9550","0.1486","0.5386"
"292.9750","0.1486","0.5386"
"292.9950","0.1486","0.5386"
"293.0150","0.1486","0.5386"
"293.0350","0.1486","0.5386"
"293.0550","0.1486","0.5386"
"293.0750","0.1486","0.5385"
"293.0950","0.1486","0.5385"
"293.1150","0.1486","0.5385"
"293.1350","0.1486","0.5386"
"293.1550","0.1486","0.5386"
"293.1750","0.1486","0.5386"
"293.1950","0.1486","0.5385"
"293.2150","0.1486","0.5385"
"293.2350","0.1486","0.5386"
"293.2550","0.1486","0.5386"
"293.2750","0.1486","0.5386"
"293.2950","0.1486","0.5386"
"293.3150","0.1486","0.5385"
"293.3350","0.1486","0.5385"
"293.3550","0.1486","0.5385"
"293.3750","0.1486","0.5385"
"293.3950","0.1486","0.5385"
"293.4150","0.1486","0.5386"
"293.4350","0.1486","0.5386"
"293.4550","0.1486","0.5386"
"293.4750","0.1486","0.5385"
"293.4950","0.1486","0.5385"
"293.5150","0.1486","0.5384"
"293.5350","0.1486","0.5385"
"293.5550","0.1486","0.5386"
"293.5750","0.1486","0.5385"
"293.5950","0.1486","0.5385"
"293.6150","0.1486","0.5385"
"293.6350","0.1486","0.5385"
"293.6550","0.1486","0.5385"
"293.6750","0.1486","0.5385"
"293.6950","0.1486","0.5385"
"293.7150","0.1486","0.5384"
"293.7350","0.1486","0.5385"
"293.7550","0.1486","0.5385"
"293.7750","0.1486","0.5385"
"293.7950","0.1486","0.5385"
"293.8150","0.1486","0.5385"
"293.8350","0.1486","0.5386"
"293.8550","0.1486","0.5385"
"293.8750","0.1486","0.5385"
"293.8950","0.1486","0.5385"
"293.9150","0.1486","0.5385"
"293.9350","0.1486","0.5385"
"293.9550","0.1486","0.5385"
"293.9750","0.1486","0.5385"
"293.9950","0.1486","0.5385"
"294.0150","0.1486","0.5384"
"294.0350","0.1486","0.5384"
"294.0550","0.1486","0.5384"
"294.0750","0.1486","0.5385"
"294.0950","0.1486","0.5385"
"294.1150","0.1486","0.5385"
"294.1350","0.1486","0.5385"
"294.1550","0.1486","0.5385"
"294.1750","0.1486","0.5385"
"294.1950","0.1486","0.5384"
"294.2150","0.1486","0.5384"
"294.2350","0.1486","0.5384"
"294.2550","0.1486","0.5384"
"294.2750","0.1486","0.5383"
"294.2950","0.1486","0.5384"
"294.3150","0.1486","0.5383"
"294.3350","0.1486","0.5383"
"294.3550","0.1486","0.5384"
"294.3750","0.1486","0.5384"
"294.3950","0.1486","0.5385"
"294.4150","0.1486","0.5384"
"294.4350","0.1486","0.5384"
"294.4550","0.1486","0.5383"
"294.4750","0.1486","0.5384"
"294.4950","0.1486","0.5384"
"294.5150","0.1486","0.5385"
"294.5350","0.1486","0.5384"
"294.5550","0.1486","0.5384"
"294.5750","0.1486","0.5384"
"294.5950","0.1486","0.5384"
"294.6150","0.1486","0.5385"
"294.6350","0.1486","0.5384"
"294.6550","0.1486","0.5384"
"294.6750","0.1486","0.5383"
"294.6950","0.1486","0.5383"
"294.7150","0.1486","0.5383"
"294.7350","0.1486","0.5384"
"294.7550","0.1486","0.5383"
"294.7750","0.1486","0.5384"
"294.7950","0.1486","0.5384"
"294.8150","0.1486","0.5383"
"294.8350","0.1486","0.5383"
"294.8550","0.1486","0.5383"
"294.8750","0.1486","0.5383"
"294.8950","0.1486","0.5384"
"294.9150","0.1486","0.5383"
"294.9350","0.1486","0.5384"
"294.9550","0.1486","0.5384"
"294.9750","0.1486","0.5384"
"294.9950","0.1486","0.5384"
"295.0150","0.1486","0.5384"
"295.0350","0.1486","0.5384"
"295.0550","0.1486","0.5384"
"295.0750","0.1486","0.5383"
"295.0950","0.1486","0.5382"
"295.1150","0.1486","0.5383"
"295.1350","0.1486","0.5383"
"295.1550","0.1486","0.5384"
"295.1750","0.1486","0.5383"
"295.1950","0.1486","0.5383"
"295.2150","0.1486","0.5382"
"295.2350","0.1486","0.5383"
"295.2550","0.1486","0.5383"
"295.2750","0.1486","0.5383"
"295.2950","0.1486","0.5383"
"295.3150","0.1486","0.5382"
"295.3350","0.1486","0.5383"
"295.3550","0.1486","0.5384"
"295.3750","0.1486","0.5383"
"295.3950","0.1486","0.5383"
"295.4150","0.1486","0.5383"
"295.4350","0.1486","0.5383"
"295.4550","0.1486","0.5383"
"295.4750","0.1486","0.5383"
"295.4950","0.1486","0.5383"
"295.5150","0.1486","0.5383"
"295.5350","0.1486","0.5383"
"295.5550","0.1486","0.5383"
"295.5750","0.1486","0.5383"
"295.5950","0.1486","0.5382"
"295.6150","0.1486","0.5382"
"295.6350","0.1486","0.5383"
"295.6550","0.1486","0.5383"
"295.6750","0.1486","0.5382"
"295.6950","0.1486","0.5382"
"295.7150","0.1486","0.5383"
"295.7350","0.1486","0.5383"
"295.7550","0.1486","0.5382"
"295.7750","0.1486","0.5382"
"295.7950","0.1486","0.5382"
"295.8150","0.1486","0.5382"
"295.8350","0.1486","0.5382"
"295.8550","0.1486","0.5383"
"295.8750","0.1486","0.5382"
"295.8950","0.1486","0.5382"
"295.9150","0.1486","0.5382"
"295.9350","0.1486","0.5382"
"295.9550","0.1486","0.5383"
"295.9750","0.1486","0.5382"
"295.9950","0.1486","0.5381"
"296.0150","0.1486","0.5381"
"296.0350","0.1486","0.5383"
"296.0550","0.1486","0.5382"
"296.0750","0.1486","0.5382"
"296.0950","0.1486","0.5382"
"296.1150","0.1486","0.5382"
"296.1350","0.1486","0.5382"
"296.1550","0.1486","0.5381"
"296.1750","0.1486","0.5381"
"296.1950","0.1486","0.5381"
"296.2150","0.1486","0.5381"
"296.2350","0.1486","0.5382"
"296.2550","0.1486","0.5382"
"296.2750","0.1486","0.5381"
"296.2950","0.1486","0.5381"
"296.3150","0.1486","0.5381"
"296.3350","0.1486","0.5381"
"296.3550","0.1486","0.5381"
"296.3750","0.1486","0.5381"
"296.3950","0.1486","0.5381"
"296.4150","0.1486","0.5381"
"296.4350","0.1486","0.5381"
"296.4550","0.1486","0.5381"
"296.4750","0.1486","0.5381"
"296.4950","0.1486","0.5381"
"296.5150","0.1486","0.5381"
"296.5350","0.1486","0.5382"
"296.5550","0.1486","0.5381"
"296.5750","0.1486","0.5381"
"296.5950","0.1486","0.5381"
"296.6150","0.1486","0.5381"
"296.6350","0.1486","0.5381"
"296.6550","0.1486","0.5381"
"296.6750","0.1486","0.5381"
"296.6950","0.1486","0.5381"
"296.7150","0.1486","0.5381"
"296.7350","0.1486","0.5381"
"296.7550","0.1486","0.5380"
"296.7750","0.1486","0.5380"
"296.7950","0.1486","0.5381"
"296.8150","0.1486","0.5381"
"296.8350","0.1486","0.5381"
"296.8550","0.1486","0.5380"
"296.8750","0.1486","0.5380"
"296.8950","0.1486","0.5381"
"296.9150","0.1486","0.5381"
"296.9350","0.1486","0.5381"
"296.9550","0.1486","0.5381"
"296.9750","0.1486","0.5380"
"296.9950","0.1486","0.5380"
"297.0150","0.1486","0.5380"
"297.0350","0.1486","0.5380"
"297.0550","0.1486","0.5380"
"297.0750","0.1486","0.5380"
"297.0950","0.1486","0.5380"
"297.1150","0.1486","0.5380"
"297.1350","0.1486","0.5380"
"297.1550","0.1486","0.5380"
"297.1750","0.1486","0.5381"
"297.1950","0.1486","0.5381"
"297.2150","0.1486","0.5380"
"297.2350","0.1486","0.5380"
"297.2550","0.1486","0.5380"
"297.2750","0.1486","0.5381"
"297.2950","0.1486","0.5380"
"297.3150","0.1486","0.5381"
"297.3350","0.1486","0.5381"
"297.3550","0.1486","0.5380"
"297.3750","0.1486","0.5379"
"297.3950","0.1486","0.5380"
"297.4150","0.1486","0.5380"
"297.4350","0.1486","0.5380"
"297.4550","0.1486","0.5380"
"297.4750","0.1486","0.5380"
"297.4950","0.1486","0.5380"
"297.5150","0.1486","0.5380"
"297.5350","0.1486","0.5380"
"297.5550","0.1486","0.5380"
"297.5750","0.1486","0.5380"
"297.5950","0.1486","0.5380"
"297.6150","0.1486","0.5380"
"297.6350","0.1486","0.5380"
"297.6550","0.1486","0.5381"
"297.6750","0.1486","0.5380"
"297.6950","0.1486","0.5378"
"297.7150","0.1486","0.5379"
"297.7350","0.1486","0.5380"
"297.7550","0.1486","0.5380"
"297.7750","0.1486","0.5380"
"297.7950","0.1486","0.5380"
"297.8150","0.1486","0.5380"
"297.8350","0.1486","0.5380"
"297.8550","0.1486","0.5379"
"297.8750","0.1486","0.5380"
"297.8950","0.1486","0.5380"
"297.9150","0.1486","0.5379"
"297.9350","0.1486","0.5380"
"297.9550","0.1486","0.5379"
"297.9750","0.1486","0.5378"
"297.9950","0.1486","0.5379"
"298.0150","0.1486","0.5379"
"298.0350","0.1486","0.5379"
"298.0550","0.1486","0.5379"
"298.0750","0.1486","0.5380"
"298.0950","0.1486","0.5380"
"298.1150","0.1486","0.5379"
"298.1350","0.1486","0.5379"
"298.1550","0.1486","0.5380"
"298.1750","0.1486","0.5380"
"298.1950","0.1486","0.5379"
"298.2150","0.1486","0.5379"
"298.2350","0.1486","0.5379"
"298.2550","0.1486","0.5379"
"298.2750","0.1486","0.5379"
"298.2950","0.1486","0.5378"
"298.3150","0.1486","0.5378"
"298.3350","0.1486","0.5379"
"298.3550","0.1486","0.5378"
"298.3750","0.1486","0.5378"
"298.3950","0.1486","0.5378"
"298.4150","0.1486","0.5378"
"298.4350","0.1486","0.5379"
"298.4550","0.1486","0.5379"
"298.4750","0.1486","0.5379"
"298.4950","0.1486","0.5379"
"298.5150","0.1486","0.5379"
"298.5350","0.1486","0.5378"
"298.5550","0.1486","0.5378"
"298.5750","0.1486","0.5379"
"298.5950","0.1486","0.5378"
"298.6150","0.1486","0.5379"
"298.6350","0.1486","0.5378"
"298.6550","0.1486","0.5378"
"298.6750","0.1486","0.5379"
"298.6950","0.1486","0.5379"
"298.7150","0.1486","0.5378"
"298.7350","0.1486","0.5379"
"298.7550","0.1486","0.5379"
"298.7750","0.1486","0.5378"
"298.7950","0.1486","0.5379"
"298.8150","0.1486","0.5378"
"298.8350","0.1486","0.5378"
"298.8550","0.1486","0.5378"
"298.8750","0.1486","0.5378"
"298.8950","0.1486","0.5379"
"298.9150","0.1486","0.5378"
"298.9350","0.1486","0.5377"
"298.9550","0.1486","0.5377"
"298.9750","0.1486","0.5377"
"298.9950","0.1486","0.5377"
"299.0150","0.1486","0.5378"
"299.0350","0.1486","0.5377"
"299.0550","0.1486","0.5377"
"299.0750","0.1486","0.5378"
"299.0950","0.1486","0.5378"
"299.1150","0.1486","0.5378"
"299.1350","0.1486","0.5378"
"299.1550","0.1486","0.5378"
"299.1750","0.1486","0.5378"
"299.1950","0.1486","0.5379"
"299.2150","0.1486","0.5379"
"299.2350","0.1486","0.5379"
"299.2550","0.1486","0.5378"
"299.2750","0.1486","0.5378"
"299.2950","0.1486","0.5377"
"299.3150","0.1486","0.5378"
"299.3350","0.1486","0.5377"
"299.3550","0.1486","0.5377"
"299.3750","0.1486","0.5377"
"299.3950","0.1486","0.5377"
"299.4150","0.1486","0.5377"
"299.4350","0.1486","0.5378"
"299.4550","0.1486","0.5378"
"299.4750","0.1486","0.5377"
"299.4950","0.1486","0.5377"
"299.5150","0.1486","0.5377"
"299.5350","0.1486","0.5377"
"299.5550","0.1486","0.5377"
"299.5750","0.1486","0.5377"
"299.5950","0.1486","0.5377"
"299.6150","0.1486","0.5376"
"299.6350","0.1486","0.5376"
"299.6550","0.1486","0.5376"
"299.6750","0.1486","0.5377"
"299.6950","0.1486","0.5377"
"299.7150","0.1486","0.5376"
"299.7350","0.1486","0.5377"
"299.7550","0.1486","0.5377"
"299.7750","0.1486","0.5376"
"299.7950","0.1486","0.5376"
"299.8150","0.1486","0.5377"
"299.8350","0.1486","0.5377"
"299.8550","0.1486","0.5377"
"299.8750","0.1486","0.5377"
"299.8950","0.1486","0.5377"
"299.9150","0.1486","0.5377"
"299.9350","0.1486","0.5377"
"299.9550","0.1486","0.5376"
"299.9750","0.1486","0.5376"
"299.9950","0.1486","0.5376"
"300.0150","0.1486","0.5376"
"300.0350","0.1486","0.5376"
"300.0550","0.1486","0.5376"
"300.0750","0.1486","0.5376"
"300.0950","0.1486","0.5376"
"300.1150","0.1486","0.5376"
"300.1350","0.1486","0.5376"
"300.1550","0.1486","0.5376"
"300.1750","0.1486","0.5376"
"300.1950","0.1486","0.5376"
"300.2150","0.1486","0.5376"
"300.2350","0.1486","0.5376"
"300.2550","0.1486","0.5376"
"300.2750","0.1486","0.5375"
"300.2950","0.1486","0.5375"
"300.3150","0.1486","0.5376"
"300.3350","0.1486","0.5376"
"300.3550","0.1486","0.5376"
"300.3750","0.1486","0.5376"
"300.3950","0.1486","0.5376"
"300.4150","0.1486","0.5377"
"300.4350","0.1486","0.5377"
"300.4550","0.1486","0.5376"
"300.4750","0.1486","0.5375"
"300.4950","0.1486","0.5376"
"300.5150","0.1486","0.5376"
"300.5350","0.1486","0.5376"
"300.5550","0.1486","0.5375"
"300.5750","0.1486","0.5376"
"300.5950","0.1486","0.5376"
"300.6150","0.1486","0.5376"
"300.6350","0.1486","0.5376"
"300.6550","0.1486","0.5376"
"300.6750","0.1486","0.5376"
"300.6950","0.1486","0.5376"
"300.7150","0.1486","0.5376"
"300.7350","0.1486","0.5375"
"300.7550","0.1486","0.5375"
"300.7750","0.1486","0.5376"
"300.7950","0.1486","0.5375"
"300.8150","0.1486","0.5375"
"300.8350","0.1486","0.5376"
"300.8550","0.1486","0.5376"
"300.8750","0.1486","0.5375"
"300.8950","0.1486","0.5375"
"300.9150","0.1486","0.5375"
"300.9350","0.1486","0.5375"
"300.9550","0.1486","0.5375"
"300.9750","0.1486","0.5375"
"300.9950","0.1486","0.5375"
"301.0150","0.1486","0.5375"
"301.0350","0.1486","0.5376"
"301.0550","0.1486","0.5375"
"301.0750","0.1486","0.5376"
"301.0950","0.1486","0.5375"
"301.1150","0.1486","0.5374"
"301.1350","0.1486","0.5374"
"301.1550","0.1486","0.5374"
"301.1750","0.1486","0.5375"
"301.1950","0.1486","0.5375"
"301.2150","0.1486","0.5374"
"301.2350","0.1486","0.5375"
"301.2550","0.1486","0.5375"
"301.2750","0.1486","0.5375"
"301.2950","0.1486","0.5375"
"301.3150","0.1486","0.5374"
"301.3350","0.1486","0.5374"
"301.3550","0.1486","0.5374"
"301.3750","0.1486","0.5375"
"301.3950","0.1486","0.5375"
"301.4150","0.1486","0.5375"
"301.4350","0.1486","0.5375"
"301.4550","0.1486","0.5375"
"301.4750","0.1486","0.5375"
"301.4950","0.1486","0.5374"
"301.5150","0.1486","0.5374"
"301.5350","0.1486","0.5374"
"301.5550","0.1486","0.5374"
"301.5750","0.1486","0.5374"
"301.5950","0.1486","0.5374"
"301.6150","0.1486","0.5374"
"301.6350","0.1486","0.5374"
"301.6550","0.1486","0.5375"
"301.6750","0.1486","0.5375"
"301.6950","0.1486","0.5374"
"301.7150","0.1486","0.5374"
"301.7350","0.1486","0.5374"
"301.7550","0.1486","0.5374"
"301.7750","0.1486","0.5375"
"301.7950","0.1486","0.5374"
"301.8150","0.1486","0.5374"
"301.8350","0.1486","0.5374"
"301.8550","0.1486","0.5373"
"301.8750","0.1486","0.5373"
"301.8950","0.1486","0.5374"
"301.9150","0.1486","0.5374"
"301.9350","0.1486","0.5373"
"301.9550","0.1486","0.5373"
"301.9750","0.1486","0.5373"
"301.9950","0.1486","0.5373"
"302.0150","0.1486","0.5373"
"302.0350","0.1486","0.5373"
"302.0550","0.1486","0.5373"
"302.0750","0.1486","0.5373"
"302.0950","0.1486","0.5374"
"302.1150","0.1486","0.5374"
"302.1350","0.1486","0.5374"
"302.1550","0.1486","0.5375"
"302.1750","0.1486","0.5374"
"302.1950","0.1486","0.5373"
"302.2150","0.1486","0.5373"
"302.2350","0.1486","0.5373"
"302.2550","0.1486","0.5373"
"302.2750","0.1486","0.5374"
"302.2950","0.1486","0.5374"
"302.3150","0.1486","0.5374"
"302.3350","0.1486","0.5374"
"302.3550","0.1486","0.5373"
"302.3750","0.1486","0.5373"
"302.3950","0.1486","0.5373"
"302.4150","0.1486","0.5373"
"302.4350","0.1486","0.5374"
"302.4550","0.1486","0.5374"
"302.4750","0.1486","0.5374"
"302.4950","0.1486","0.5374"
"302.5150","0.1486","0.5373"
"302.5350","0.1486","0.5373"
"302.5550","0.1486","0.5373"
"302.5750","0.1486","0.5373"
"302.5950","0.1486","0.5373"
"302.6150","0.1486","0.5373"
"302.6350","0.1486","0.5373"
"302.6550","0.1486","0.5373"
"302.6750","0.1486","0.5373"
"302.6950","0.1486","0.5373"
"302.7150","0.1486","0.5373"
"302.7350","0.1486","0.5373"
"302.7550","0.1486","0.5373"
"302.7750","0.1486","0.5373"
"302.7950","0.1486","0.5373"
"302.8150","0.1486","0.5373"
"302.8350","0.1486","0.5373"
"302.8550","0.1486","0.5372"
"302.8750","0.1486","0.5372"
"302.8950","0.1486","0.5372"
"302.9150","0.1486","0.5372"
"302.9350","0.1486","0.5372"
"302.9550","0.1486","0.5372"
"302.9750","0.1486","0.5372"
"302.9950","0.1486","0.5372"
"303.0150","0.1486","0.5372"
"303.0350","0.1486","0.5372"
"303.0550","0.1486","0.5372"
"303.0750","0.1486","0.5372"
"303.0950","0.1486","0.5373"
"303.1150","0.1486","0.5373"
"303.1350","0.1486","0.5373"
"303.1550","0.1486","0.5373"
"303.1750","0.1486","0.5372"
"303.1950","0.1486","0.5372"
"303.2150","0.1486","0.5372"
"303.2350","0.1486","0.5372"
"303.2550","0.1486","0.5372"
"303.2750","0.1486","0.5372"
"303.2950","0.1486","0.5371"
"303.3150","0.1486","0.5372"
"303.3350","0.1486","0.5372"
"303.3550","0.1486","0.5372"
"303.3750","0.1486","0.5372"
"303.3950","0.1486","0.5372"
"303.4150","0.1486","0.5373"
"303.4350","0.1486","0.5373"
"303.4550","0.1486","0.5372"
"303.4750","0.1486","0.5373"
"303.4950","0.1486","0.5373"
"303.5150","0.1486","0.5372"
"303.5350","0.1486","0.5372"
"303.5550","0.1486","0.5372"
"303.5750","0.1486","0.5372"
"303.5950","0.1486","0.5372"
"303.6150","0.1486","0.5372"
"303.6350","0.1486","0.5372"
"303.6550","0.1486","0.5372"
"303.6750","0.1486","0.5372"
"303.6950","0.1486","0.5372"
"303.7150","0.1486","0.5372"
"303.7350","0.1486","0.5372"
"303.7550","0.1486","0.5372"
"303.7750","0.1486","0.5371"
"303.7950","0.1486","0.5372"
"303.8150","0.1486","0.5373"
"303.8350","0.1486","0.5372"
"303.8550","0.1486","0.5372"
"303.8750","0.1486","0.5372"
"303.8950","0.1486","0.5371"
"303.9150","0.1486","0.5371"
"303.9350","0.1486","0.5371"
"303.9550","0.1486","0.5371"
"303.9750","0.1486","0.5370"
"303.9950","0.1486","0.5370"
"304.0150","0.1486","0.5371"
"304.0350","0.1486","0.5371"
"304.0550","0.1486","0.5372"
"304.0750","0.1486","0.5371"
"304.0950","0.1486","0.5370"
"304.1150","0.1486","0.5370"
"304.1350","0.1486","0.5371"
"304.1550","0.1486","0.5371"
"304.1750","0.1486","0.5371"
"304.1950","0.1486","0.5371"
"304.2150","0.1486","0.5370"
"304.2350","0.1486","0.5370"
"304.2550","0.1486","0.5371"
"304.2750","0.1486","0.5371"
"304.2950","0.1486","0.5371"
"304.3150","0.1486","0.5371"
"304.3350","0.1486","0.5371"
"304.3550","0.1486","0.5370"
"304.3750","0.1486","0.5371"
"304.3950","0.1486","0.5370"
"304.4150","0.1486","0.5370"
"304.4350","0.1486","0.5370"
"304.4550","0.1486","0.5371"
"304.4750","0.1486","0.5371"
"304.4950","0.1486","0.5371"
"304.5150","0.1486","0.5371"
"304.5350","0.1486","0.5370"
"304.5550","0.1486","0.5370"
"304.5750","0.1486","0.5370"
"304.5950","0.1486","0.5371"
"304.6150","0.1486","0.5370"
"304.6350","0.1486","0.5371"
"304.6550","0.1486","0.5371"
"304.6750","0.1486","0.5371"
"304.6950","0.1486","0.5370"
"304.7150","0.1486","0.5370"
"304.7350","0.1486","0.5370"
"304.7550","0.1486","0.5369"
"304.7750","0.1486","0.5369"
"304.7950","0.1486","0.5370"
"304.8150","0.1486","0.5369"
"304.8350","0.1486","0.5369"
"304.8550","0.1486","0.5370"
"304.8750","0.1486","0.5370"
"304.8950","0.1486","0.5370"
"304.9150","0.1486","0.5370"
"304.9350","0.1486","0.5370"
"304.9550","0.1486","0.5370"
"304.9750","0.1486","0.5370"
"304.9950","0.1486","0.5369"
"305.0150","0.1486","0.5370"
"305.0350","0.1486","0.5370"
"305.0550","0.1486","0.5370"
"305.0750","0.1486","0.5370"
"305.0950","0.1486","0.5370"
"305.1150","0.1486","0.5370"
"305.1350","0.1486","0.5369"
"305.1550","0.1486","0.5369"
"305.1750","0.1486","0.5369"
"305.1950","0.1486","0.5370"
"305.2150","0.1486","0.5370"
"305.2350","0.1486","0.5370"
"305.2550","0.1486","0.5369"
"305.2750","0.1486","0.5368"
"305.2950","0.1486","0.5368"
"305.3150","0.1486","0.5369"
"305.3350","0.1486","0.5370"
"305.3550","0.1486","0.5370"
"305.3750","0.1486","0.5369"
"305.3950","0.1486","0.5369"
"305.4150","0.1486","0.5369"
"305.4350","0.1486","0.5369"
"305.4550","0.1486","0.5369"
"305.4750","0.1486","0.5370"
"305.4950","0.1486","0.5370"
"305.5150","0.1486","0.5369"
"305.5350","0.1486","0.5369"
"305.5550","0.1486","0.5370"
"305.5750","0.1486","0.5369"
"305.5950","0.1486","0.5369"
"305.6150","0.1486","0.5369"
"305.6350","0.1486","0.5369"
"305.6550","0.1486","0.5368"
"305.6750","0.1486","0.5369"
"305.6950","0.1486","0.5369"
"305.7150","0.1486","0.5369"
"305.7350","0.1486","0.5369"
"305.7550","0.1486","0.5369"
"305.7750","0.1486","0.5369"
"305.7950","0.1486","0.5369"
"305.8150","0.1486","0.5369"
"305.8350","0.1486","0.5369"
"305.8550","0.1486","0.5368"
"305.8750","0.1486","0.5368"
"305.8950","0.1486","0.5369"
"305.9150","0.1486","0.5369"
"305.9350","0.1486","0.5368"
"305.9550","0.1486","0.5368"
"305.9750","0.1486","0.5369"
"305.9950","0.1486","0.5369"
"306.0150","0.1486","0.5368"
"306.0350","0.1486","0.5368"
"306.0550","0.1486","0.5367"
"306.0750","0.1486","0.5368"
"306.0950","0.1486","0.5369"
"306.1150","0.1486","0.5370"
"306.1350","0.1486","0.5369"
"306.1550","0.1486","0.5368"
"306.1750","0.1486","0.5368"
"306.1950","0.1486","0.5368"
"306.2150","0.1486","0.5368"
"306.2350","0.1486","0.5369"
"306.2550","0.1486","0.5368"
"306.2750","0.1486","0.5368"
"306.2950","0.1486","0.5368"
"306.3150","0.1486","0.5368"
"306.3350","0.1486","0.5368"
"306.3550","0.1486","0.5368"
"306.3750","0.1486","0.5369"
"306.3950","0.1486","0.5369"
"306.4150","0.1486","0.5368"
"306.4350","0.1486","0.5368"
"306.4550","0.1486","0.5368"
"306.4750","0.1486","0.5368"
"306.4950","0.1486","0.5368"
"306.5150","0.1486","0.5369"
"306.5350","0.1486","0.5368"
"306.5550","0.1486","0.5367"
"306.5750","0.1486","0.5368"
"306.5950","0.1486","0.5368"
"306.6150","0.1486","0.5368"
"306.6350","0.1486","0.5367"
"306.6550","0.1486","0.5368"
"306.6750","0.1486","0.5368"
"306.6950","0.1486","0.5368"
"306.7150","0.1486","0.5368"
"306.7350","0.1486","0.5367"
"306.7550","0.1486","0.5368"
"306.7750","0.1486","0.5367"
"306.7950","0.1486","0.5367"
"306.8150","0.1486","0.5368"
"306.8350","0.1486","0.5368"
"306.8550","0.1486","0.5368"
"306.8750","0.1486","0.5367"
"306.8950","0.1486","0.5367"
"306.9150","0.1486","0.5367"
"306.9350","0.1486","0.5367"
"306.9550","0.1486","0.5367"
"306.9750","0.1486","0.5367"
"306.9950","0.1486","0.5367"
"307.0150","0.1486","0.5367"
"307.0350","0.1486","0.5367"
"307.0550","0.1486","0.5367"
"307.0750","0.1486","0.5367"
"307.0950","0.1486","0.5367"
"307.1150","0.1486","0.5366"
"307.1350","0.1486","0.5366"
"307.1550","0.1486","0.5367"
"307.1750","0.1486","0.5368"
"307.1950","0.1486","0.5368"
"307.2150","0.1486","0.5367"
"307.2350","0.1486","0.5367"
"307.2550","0.1486","0.5367"
"307.2750","0.1486","0.5367"
"307.2950","0.1486","0.5367"
"307.3150","0.1486","0.5367"
"307.3350","0.1486","0.5367"
"307.3550","0.1486","0.5366"
"307.3750","0.1486","0.5366"
"307.3950","0.1486","0.5367"
"307.4150","0.1486","0.5367"
"307.4350","0.1486","0.5366"
"307.4550","0.1486","0.5366"
"307.4750","0.1486","0.5367"
"307.4950","0.1486","0.5367"
"307.5150","0.1486","0.5367"
"307.5350","0.1486","0.5366"
"307.5550","0.1486","0.5367"
"307.5750","0.1486","0.5367"
"307.5950","0.1486","0.5367"
"307.6150","0.1486","0.5366"
"307.6350","0.1486","0.5366"
"307.6550","0.1486","0.5367"
"307.6750","0.1486","0.5367"
"307.6950","0.1486","0.5367"
"307.7150","0.1486","0.5366"
"307.7350","0.1486","0.5366"
"307.7550","0.1486","0.5367"
"307.7750","0.1486","0.5367"
"307.7950","0.1486","0.5367"
"307.8150","0.1486","0.5366"
"307.8350","0.1486","0.5365"
"307.8550","0.1486","0.5364"
"307.8750","0.1486","0.5365"
"307.8950","0.1486","0.5365"
"307.9150","0.1486","0.5366"
"307.9350","0.1486","0.5366"
"307.9550","0.1486","0.5367"
"307.9750","0.1486","0.5367"
"307.9950","0.1486","0.5367"
"308.0150","0.1486","0.5366"
"308.0350","0.1486","0.5366"
"308.0550","0.1486","0.5366"
"308.0750","0.1486","0.5366"
"308.0950","0.1486","0.5366"
"308.1150","0.1486","0.5365"
"308.1350","0.1486","0.5365"
"308.1550","0.1486","0.5365"
"308.1750","0.1486","0.5365"
"308.1950","0.1486","0.5366"
"308.2150","0.1486","0.5366"
"308.2350","0.1486","0.5366"
"308.2550","0.1486","0.5365"
"308.2750","0.1486","0.5365"
"308.2950","0.1486","0.5366"
"308.3150","0.1486","0.5366"
"308.3350","0.1486","0.5365"
"308.3550","0.1486","0.5366"
"308.3750","0.1486","0.5366"
"308.3950","0.1486","0.5367"
"308.4150","0.1486","0.5366"
"308.4350","0.1486","0.5366"
"308.4550","0.1486","0.5366"
"308.4750","0.1486","0.5365"
"308.4950","0.1486","0.5366"
"308.5150","0.1486","0.5366"
"308.5350","0.1486","0.5366"
"308.5550","0.1486","0.5365"
"308.5750","0.1486","0.5365"
"308.5950","0.1486","0.5365"
"308.6150","0.1486","0.5365"
"308.6350","0.1486","0.5365"
"308.6550","0.1486","0.5365"
"308.6750","0.1486","0.5365"
"308.6950","0.1486","0.5365"
"308.7150","0.1486","0.5365"
"308.7350","0.1486","0.5364"
"308.7550","0.1486","0.5364"
"308.7750","0.1486","0.5365"
"308.7950","0.1486","0.5365"
"308.8150","0.1486","0.5366"
"308.8350","0.1486","0.5365"
"308.8550","0.1486","0.5365"
"308.8750","0.1486","0.5365"
"308.8950","0.1486","0.5365"
"308.9150","0.1486","0.5364"
"308.9350","0.1486","0.5364"
"308.9550","0.1486","0.5365"
"308.9750","0.1486","0.5365"
"308.9950","0.1486","0.5366"
"309.0150","0.1486","0.5365"
"309.0350","0.1486","0.5364"
"309.0550","0.1486","0.5364"
"309.0750","0.1486","0.5365"
"309.0950","0.1486","0.5365"
"309.1150","0.1486","0.5365"
"309.1350","0.1486","0.5365"
"309.1550","0.1486","0.5365"
"309.1750","0.1486","0.5364"
"309.1950","0.1486","0.5365"
"309.2150","0.1486","0.5364"
"309.2350","0.1486","0.5365"
"309.2550","0.1486","0.5364"
"309.2750","0.1486","0.5364"
"309.2950","0.1486","0.5364"
"309.3150","0.1486","0.5364"
"309.3350","0.1486","0.5364"
"309.3550","0.1486","0.5364"
"309.3750","0.1486","0.5365"
"309.3950","0.1486","0.5365"
"309.4150","0.1486","0.5364"
"309.4350","0.1486","0.5364"
"309.4550","0.1486","0.5364"
"309.4750","0.1486","0.5364"
"309.4950","0.1486","0.5363"
"309.5150","0.1486","0.5364"
"309.5350","0.1486","0.5365"
"309.5550","0.1486","0.5364"
"309.5750","0.1486","0.5364"
"309.5950","0.1486","0.5364"
"309.6150","0.1486","0.5364"
"309.6350","0.1486","0.5364"
"309.6550","0.1486","0.5364"
"309.6750","0.1486","0.5364"
"309.6950","0.1486","0.5364"
"309.7150","0.1486","0.5364"
"309.7350","0.1486","0.5364"
"309.7550","0.1486","0.5364"
"309.7750","0.1486","0.5365"
"309.7950","0.1486","0.5365"
"309.8150","0.1486","0.5364"
"309.8350","0.1486","0.5363"
"309.8550","0.1486","0.5364"
"309.8750","0.1486","0.5364"
"309.8950","0.1486","0.5365"
"309.9150","0.1486","0.5364"
"309.9350","0.1486","0.5364"
"309.9550","0.1486","0.5364"
"309.9750","0.1486","0.5363"
"309.9950","0.1486","0.5363"
"310.0150","0.1486","0.5363"
"310.0350","0.1486","0.5364"
"310.0550","0.1486","0.5364"
"310.0750","0.1486","0.5362"
"310.0950","0.1486","0.5363"
"310.1150","0.1486","0.5363"
"310.1350","0.1486","0.5362"
"310.1550","0.1486","0.5362"
"310.1750","0.1486","0.5362"
"310.1950","0.1486","0.5362"
"310.2150","0.1486","0.5362"
"310.2350","0.1486","0.5362"
"310.2550","0.1486","0.5363"
"310.2750","0.1486","0.5363"
"310.2950","0.1486","0.5363"
"310.3150","0.1486","0.5363"
"310.3350","0.1486","0.5363"
"310.3550","0.1486","0.5363"
"310.3750","0.1486","0.5363"
"310.3950","0.1486","0.5362"
"310.4150","0.1486","0.5363"
"310.4350","0.1486","0.5362"
"310.4550","0.1486","0.5362"
"310.4750","0.1486","0.5362"
"310.4950","0.1486","0.5363"
"310.5150","0.1486","0.5363"
"310.5350","0.1486","0.5363"
"310.5550","0.1486","0.5364"
"310.5750","0.1486","0.5364"
"310.5950","0.1486","0.5363"
"310.6150","0.1486","0.5363"
"310.6350","0.1486","0.5363"
"310.6550","0.1486","0.5363"
"310.6750","0.1486","0.5362"
"310.6950","0.1486","0.5363"
"310.7150","0.1486","0.5362"
"310.7350","0.1486","0.5362"
"310.7550","0.1486","0.5362"
"310.7750","0.1486","0.5362"
"310.7950","0.1486","0.5363"
"310.8150","0.1486","0.5363"
"310.8350","0.1486","0.5362"
"310.8550","0.1486","0.5362"
"310.8750","0.1486","0.5362"
"310.8950","0.1486","0.5362"
"310.9150","0.1486","0.5363"
"310.9350","0.1486","0.5363"
"310.9550","0.1486","0.5362"
"310.9750","0.1486","0.5362"
"310.9950","0.1486","0.5362"
"311.0150","0.1486","0.5362"
"311.0350","0.1486","0.5362"
"311.0550","0.1486","0.5362"
"311.0750","0.1486","0.5363"
"311.0950","0.1486","0.5362"
"311.1150","0.1486","0.5362"
"311.1350","0.1486","0.5361"
"311.1550","0.1486","0.5362"
"311.1750","0.1486","0.5362"
"311.1950","0.1486","0.5362"
"311.2150","0.1486","0.5362"
"311.2350","0.1486","0.5362"
"311.2550","0.1486","0.5362"
"311.2750","0.1486","0.5362"
"311.2950","0.1486","0.5363"
"311.3150","0.1486","0.5363"
"311.3350","0.1486","0.5363"
"311.3550","0.1486","0.5361"
"311.3750","0.1486","0.5361"
"311.3950","0.1486","0.5361"
"311.4150","0.1486","0.5361"
"311.4350","0.1486","0.5362"
"311.4550","0.1486","0.5361"
"311.4750","0.1486","0.5361"
"311.4950","0.1486","0.5361"
"311.5150","0.1486","0.5362"
"311.5350","0.1486","0.5362"
"311.5550","0.1486","0.5362"
"311.5750","0.1486","0.5362"
"311.5950","0.1486","0.5362"
"311.6150","0.1486","0.5362"
"311.6350","0.1486","0.5361"
"311.6550","0.1486","0.5361"
"311.6750","0.1486","0.5362"
"311.6950","0.1486","0.5361"
"311.7150","0.1486","0.5361"
"311.7350","0.1486","0.5361"
"311.7550","0.1486","0.5361"
"311.7750","0.1486","0.5362"
"311.7950","0.1486","0.5361"
"311.8150","0.1486","0.5361"
"311.8350","0.1486","0.5361"
"311.8550","0.1486","0.5362"
"311.8750","0.1486","0.5361"
"311.8950","0.1486","0.5361"
"311.9150","0.1486","0.5361"
"311.9350","0.1486","0.5361"
"311.9550","0.1486","0.5361"
"311.9750","0.1486","0.5361"
"311.9950","0.1486","0.5361"
"312.0150","0.1486","0.5361"
"312.0350","0.1486","0.5361"
"312.0550","0.1486","0.5361"
"312.0750","0.1486","0.5361"
"312.0950","0.1486","0.5361"
"312.1150","0.1486","0.5361"
"312.1350","0.1486","0.5361"
"312.1550","0.1486","0.5361"
"312.1750","0.1486","0.5360"
"312.1950","0.1486","0.5360"
"312.2150","0.1486","0.5360"
"312.2350","0.1486","0.5360"
"312.2550","0.1486","0.5361"
"312.2750","0.1486","0.5361"
"312.2950","0.1486","0.5360"
"312.3150","0.1486","0.5360"
"312.3350","0.1486","0.5361"
"312.3550","0.1486","0.5360"
"312.3750","0.1486","0.5360"
"312.3950","0.1486","0.5360"
"312.4150","0.1486","0.5360"
"312.4350","0.1486","0.5360"
"312.4550","0.1486","0.5361"
"312.4750","0.1486","0.5360"
"312.4950","0.1486","0.5360"
"312.5150","0.1486","0.5360"
"312.5350","0.1486","0.5360"
"312.5550","0.1486","0.5360"
"312.5750","0.1486","0.5360"
"312.5950","0.1486","0.5360"
"312.6150","0.1486","0.5360"
"312.6350","0.1486","0.5360"
"312.6550","0.1486","0.5360"
"312.6750","0.1486","0.5360"
"312.6950","0.1486","0.5360"
"312.7150","0.1486","0.5360"
"312.7350","0.1486","0.5361"
"312.7550","0.1486","0.5360"
"312.7750","0.1486","0.5360"
"312.7950","0.1486","0.5360"
"312.8150","0.1486","0.5360"
"312.8350","0.1486","0.5360"
"312.8550","0.1486","0.5360"
"312.8750","0.1486","0.5359"
"312.8950","0.1486","0.5359"
"312.9150","0.1486","0.5358"
"312.9350","0.1486","0.5359"
"312.9550","0.1486","0.5360"
"312.9750","0.1486","0.5360"
"312.9950","0.1486","0.5360"
"313.0150","0.1486","0.5359"
"313.0350","0.1486","0.5359"
"313.0550","0.1486","0.5359"
"313.0750","0.1486","0.5360"
"313.0950","0.1486","0.5359"
"313.1150","0.1486","0.5359"
"313.1350","0.1486","0.5360"
"313.1550","0.1486","0.5360"
"313.1750","0.1486","0.5359"
"313.1950","0.1486","0.5359"
"313.2150","0.1486","0.5359"
"313.2350","0.1486","0.5360"
"313.2550","0.1486","0.5360"
"313.2750","0.1486","0.5359"
"313.2950","0.1486","0.5358"
"313.3150","0.1486","0.5359"
"313.3350","0.1486","0.5359"
"313.3550","0.1486","0.5359"
"313.3750","0.1486","0.5359"
"313.3950","0.1486","0.5359"
"313.4150","0.1486","0.5359"
"313.4350","0.1486","0.5359"
"313.4550","0.1486","0.5359"
"313.4750","0.1486","0.5360"
"313.4950","0.1486","0.5360"
"313.5150","0.1486","0.5359"
"313.5350","0.1486","0.5359"
"313.5550","0.1486","0.5359"
"313.5750","0.1486","0.5360"
"313.5950","0.1486","0.5360"
"313.6150","0.1486","0.5360"
"313.6350","0.1486","0.5359"
"313.6550","0.1486","0.5359"
"313.6750","0.1486","0.5359"
"313.6950","0.1486","0.5359"
"313.7150","0.1486","0.5358"
"313.7350","0.1486","0.5359"
"313.7550","0.1486","0.5359"
"313.7750","0.1486","0.5359"
"313.7950","0.1486","0.5359"
"313.8150","0.1486","0.5358"
"313.8350","0.1486","0.5358"
"313.8550","0.1486","0.5358"
"313.8750","0.1486","0.5359"
"313.8950","0.1486","0.5359"
"313.9150","0.1486","0.5358"
"313.9350","0.1486","0.5358"
"313.9550","0.1486","0.5358"
"313.9750","0.1486","0.5358"
"313.9950","0.1486","0.5358"
"314.0150","0.1486","0.5358"
"314.0350","0.1486","0.5358"
"314.0550","0.1486","0.5358"
"314.0750","0.1486","0.5358"
"314.0950","0.1486","0.5358"
"314.1150","0.1486","0.5359"
"314.1350","0.1486","0.5359"
"314.1550","0.1486","0.5359"
"314.1750","0.1486","0.5358"
"314.1950","0.1486","0.5358"
"314.2150","0.1486","0.5358"
"314.2350","0.1486","0.5358"
"314.2550","0.1486","0.5358"
"314.2750","0.1486","0.5358"
"314.2950","0.1486","0.5358"
"314.3150","0.1486","0.5358"
"314.3350","0.1486","0.5357"
"314.3550","0.1486","0.5358"
"314.3750","0.1486","0.5358"
"314.3950","0.1486","0.5358"
"314.4150","0.1486","0.5357"
"314.4350","0.1486","0.5358"
"314.4550","0.1486","0.5359"
"314.4750","0.1486","0.5358"
"314.4950","0.1486","0.5358"
"314.5150","0.1486","0.5358"
"314.5350","0.1486","0.5358"
"314.5550","0.1486","0.5358"
"314.5750","0.1486","0.5358"
"314.5950","0.1486","0.5357"
"314.6150","0.1486","0.5358"
"314.6350","0.1486","0.5358"
"314.6550","0.1486","0.5357"
"314.6750","0.1486","0.5356"
"314.6950","0.1486","0.5356"
"314.7150","0.1486","0.5357"
"314.7350","0.1486","0.5357"
"314.7550","0.1486","0.5357"
"314.7750","0.1486","0.5357"
"314.7950","0.1486","0.5357"
"314.8150","0.1486","0.5357"
"314.8350","0.1486","0.5358"
"314.8550","0.1486","0.5358"
"314.8750","0.1486","0.5357"
"314.8950","0.1486","0.5357"
"314.9150","0.1486","0.5357"
"314.9350","0.1486","0.5357"
"314.9550","0.1486","0.5357"
"314.9750","0.1486","0.5357"
"314.9950","0.1486","0.5357"
"315.0150","0.1486","0.5357"
"315.0350","0.1486","0.5357"
"315.0550","0.1486","0.5357"
"315.0750","0.1486","0.5357"
"315.0950","0.1486","0.5357"
"315.1150","0.1486","0.5357"
"315.1350","0.1486","0.5357"
"315.1550","0.1486","0.5357"
"315.1750","0.1486","0.5357"
"315.1950","0.1486","0.5357"
"315.2150","0.1486","0.5356"
"315.2350","0.1486","0.5356"
"315.2550","0.1486","0.5356"
"315.2750","0.1486","0.5357"
"315.2950","0.1486","0.5357"
"315.3150","0.1486","0.5358"
"315.3350","0.1486","0.5357"
"315.3550","0.1486","0.5356"
"315.3750","0.1486","0.5356"
"315.3950","0.1486","0.5357"
"315.4150","0.1486","0.5357"
"315.4350","0.1486","0.5357"
"315.4550","0.1486","0.5357"
"315.4750","0.1486","0.5357"
"315.4950","0.1486","0.5356"
"315.5150","0.1486","0.5356"
"315.5350","0.1486","0.5356"
"315.5550","0.1486","0.5356"
"315.5750","0.1486","0.5357"
"315.5950","0.1486","0.5357"
"315.6150","0.1486","0.5357"
"315.6350","0.1486","0.5357"
"315.6550","0.1486","0.5357"
"315.6750","0.1486","0.5356"
"315.6950","0.1486","0.5356"
"315.7150","0.1486","0.5356"
"315.7350","0.1486","0.5356"
"315.7550","0.1486","0.5356"
"315.7750","0.1486","0.5356"
"315.7950","0.1486","0.5356"
"315.8150","0.1486","0.5356"
"315.8350","0.1486","0.5356"
"315.8550","0.1486","0.5357"
"315.8750","0.1486","0.5356"
"315.8950","0.1486","0.5355"
"315.9150","0.1486","0.5355"
"315.9350","0.1486","0.5356"
"315.9550","0.1486","0.5356"
"315.9750","0.1486","0.5356"
"315.9950","0.1486","0.5356"
"316.0150","0.1486","0.5356"
"316.0350","0.1486","0.5356"
"316.0550","0.1486","0.5356"
"316.0750","0.1486","0.5356"
"316.0950","0.1486","0.5356"
"316.1150","0.1486","0.5357"
"316.1350","0.1486","0.5356"
"316.1550","0.1486","0.5356"
"316.1750","0.1486","0.5355"
"316.1950","0.1486","0.5355"
"316.2150","0.1486","0.5355"
"316.2340","0.1486","0.5356"

