Time (s),Average Resistance (Ohms)
0,3897302.3951369645
1,-10694769.508586386
2,2973817.65853836
3,4083218.3268228187
4,6805745.85459476
5,4358517.255508114
6,10089689.124262152
7,101546.2863926879
8,3669771.380789587
9,1823479.1361292233
10,4329787.601774439
11,2131809.053437071
12,21182350.981787715
13,3261551.8815938374
14,4082784.3269426273
15,3738373.5722266166
16,-1160288.2391484606
17,4085729.2966066576
18,668356.3405005259
19,4007175.564875773
20,14323596.450090837
21,3425313.1508866427
22,3616271.782554589
23,2104271.508023448
24,2506316.4386320077
25,-10388970.97534238
26,2554225.97675993
27,21669944.571026832
28,2636107.9683040553
29,12427288.441085666
30,10752487.412524102
31,7164357.780518794
32,-5057900.763986716
33,6724773.232675877
34,1548751.677146271
35,6603080.882791067
36,6463365.149399897
37,3646244.96691705
38,6594169.644666645
39,4070494.9052566574
40,3871784.4919539792
41,859568.5568484049
42,2489284.3452882804
43,222915.79953044746
44,2843514.1760884924
45,2263407.3907496
46,3235092.230159142
47,1039691.6760792602
48,5683837.940062121
49,-141081.5403620925
50,2972503.196576137
51,7190163.6271991925
52,4121203.5564154475
53,-3011608.76225022
54,3830667.1963110105
55,16746756.001512801
56,3865785.3326939926
57,-3485351.6089542666
58,4884663.9888503505
59,-9247888.713508496
60,1948360.2633795724
61,2282600.135851945
62,11867263.744852807
63,2984408.870252242
64,10642967.549432036
65,2333276.1170963347
66,12327144.673346525
67,2369918.0326168025
68,1100415.8526414323
69,683725.6956017234
70,11735772.051920306
71,598626.4147888504
72,8762249.756175434
73,434010.5222552352
74,8324361.318965015
75,1332922.2291176266
76,8075973.507871607
77,3510433.648958911
78,8265937.136076771
79,14150483.97077394
80,7286900.490204485
81,1280008.5577807177
82,7033753.614464303
83,1492283.217476451
84,7004918.477668187
85,3450666.023110242
86,4582133.846024895
87,1366286.5671932176
88,2079183.8513271604
89,2333663.6356056225
90,3275836.4200577987
91,1286300.457896484
92,19179364.98945593
93,733502.1697531928
94,2271528.8435290945
95,5977963.403402508
96,2468295.146769352
97,-4107914.332954024
98,2760801.6365206074
99,7314909.809989845
100,3236911.6713556238
101,6888031.807212298
102,2872171.9388191653
103,3370351.6459594048
104,4294283.701271604
105,3694069.3142932756
106,22310706.86740184
107,3807399.4529700214
108,8375999.931154996
109,2866938.900214217
110,6564903.973855722
111,2941503.7686485294
112,4633704.021116087
113,-6482159.447934724
114,9586889.33649515
115,9106363.446317714
116,-2628591.9009293094
117,7342202.184550536
118,-1179809.136250008
119,7476436.131333604
120,3896142.4586358555
121,7299229.436630992
122,10214491.491372284
123,3634046.794945856
124,667597.17561277
125,582740.337673196
126,1806105.5262573385
127,3668337.228617412
128,7350788.108357549
129,3897062.76162923
130,5289940.987931581
131,897534.173782083
132,4675489.216013012
133,3040500.5531710135
134,5809602.247578159
135,6222431.7384310225
136,5309608.670068266
137,785168.209712484
138,-10980684.627315335
139,1873717.3297760114
140,5441560.510531769
141,2845857.4846433233
142,14039307.239022294
143,2875002.839007507
144,491782.4494708498
145,2816798.4157052515
146,4791858.729773104
147,2589146.967202971
148,1814819.9224290675
149,2239352.7528591487
150,8758733.729047451
151,1098898.0643945455
152,11516782.88598011
153,854156.6958760226
154,11621749.175448654
155,1331291.243694467
156,10144118.264639998
157,3253186.9137225607
158,8945632.031896807
159,1785508.7196996354
160,8546102.83709702
161,3824865.7311000503
162,6132719.973886735
163,3915075.504341458
164,6028528.655502774
165,-2063475.4155737776
166,-6414741.714545358
167,498147.1545671318
168,-4794522.419120597
169,-11190631.3572485
170,-13062200.81629316
171,530900.0073677659
172,-311237.78185245564
173,9357380.326929297
174,-2804480.3715254003
175,3519114.583461312
176,1229605.6413541976
177,-11291475.316804433
178,1430146.808963426
179,991980.0324812885
180,2612554.865573154
181,2677149.3796338304
182,13249635.316761235
183,2674723.6113311807
184,-5444766.445865402
185,3290461.4517381396
186,7363054.924265173
187,3562773.0143322907
188,7039444.210867673
189,3587264.5704078698
190,5097437.574830126
191,3948258.036983856
192,6747507.284885918
193,787341.2241019707
194,-2479872.840978572
195,-1903181.8046342856
196,9335111.028125424
197,-8886698.637627149
198,9966733.428041898
199,5339808.422406222
200,7676370.290242678
201,-8946723.208272375
202,7523730.165647434
203,7168284.350473327
204,8521859.057410093
205,272508.3052406211
206,419474.41541495995
207,11495826.233269367
208,2810372.455617844
209,4103337.837710039
210,6798419.239284257
211,4021025.3117922805
212,7145485.763684481
213,1123577.0267159245
214,8399751.632294534
215,192267.87953138648
216,5877730.050001422
217,1087005.7206887964
218,2570526.1001562416
219,1706932.1813160074
220,4249022.439595535
221,1904898.4228117473
222,-5815287.786495452
223,2570211.292653402
224,5326414.429639404
225,2119951.458169038
226,10414948.817094825
227,2444290.8472985076
228,6729563.551011229
229,2378268.0144625725
230,4740526.107050968
231,2318362.76571484
232,6513114.291427556
233,2583256.753587766
234,-6983496.800915046
235,1259009.0779461954
236,7733587.595722573
237,991074.7612393576
238,10948355.786318526
239,-1416784.0571746237
240,9326570.649261136
241,22203537.743540708
242,9620839.59499726
243,7469480.467886996
244,7125648.950780665
245,6070715.221680057
246,6262358.536057372
247,6156692.357525328
248,6071542.955081458
249,-221733.7552044768
250,-2261392.5973752527
251,3241334.0417843387
252,-3750539.399976605
253,5075826.5143551305
254,-723484.2564453051
255,-10711882.938779797
256,-3198476.1449345434
257,6306792.110211169
258,-4173116.742649026
259,-1819818.5028436142
260,-142490.05039351303
261,6885055.746047462
262,-4753361.8668632135
263,21185647.95529422
264,1701578.2867055875
265,2438411.0900333123
266,2776866.8103756416
267,2443142.2982191173
268,3330869.647337489
269,12625639.551387822
270,3375709.403039963
271,11488100.407615691
272,2710115.7688018885
273,16067066.533788208
274,2633816.2987928777
275,7924437.948064582
276,4782472.16456272
277,6451600.332349708
278,-2499990.6137758614
279,10883650.83701183
280,-3006444.542694227
281,10157830.746119397
282,-4774870.468749416
283,9776713.723444866
284,-285756.2993129656
285,7588034.87536629
286,23884172.797829323
287,7500733.530974479
288,6464521.240228484
289,389017.86602730944
290,382542.7358158567
291,11472694.852984501
292,-1257964.0979889298
293,4308560.09817645
294,-2890671.648422935
295,11156211.427674312
296,7422743.141195336
297,851964.7985673051
298,-39592.61100669056
299,8365318.852859927
300,2378063.090925564
301,7974208.999427138
302,3544093.390187687
303,6779632.928543314
304,-2500599.779585051
305,7082924.668390145
306,1644776.1179092808
307,7533947.744518051
308,2097589.3488105526
309,7761907.910628582
310,1980511.0576844453
311,1770471.2101192106
312,2105728.9097516895
313,6396556.536218326
314,2102252.1879992303
315,5511983.729711893
316,2194119.556192401
317,2412226.7326862216
318,-12522959.98212071
319,1085420.1355738908
320,4069167.541080552
321,1153501.1205155316
322,1520370.6925520375
323,6179781.315937003
324,9196763.654599382
325,4436491.019325639
326,9112098.668688659
327,1959557.393684186
328,6339666.516925213
329,7292571.108822985
330,-852305.2682253892
331,10135269.85287345
332,131085.99526012782
333,5466470.122055921
334,-2693087.3527326533
335,2865019.56574136
336,-1822911.6177064504
337,5319791.651274739
338,-8667489.000377009
339,8154004.118595466
340,-1796486.1372860998
341,5930278.506892923
342,4631671.751398989
343,4373820.5017957045
344,-4186057.4914669553
345,-1548085.7250805008
346,1221803.6045507102
347,3145152.582121692
348,3216538.963782452
349,21063565.63871751
350,2662038.7299183784
351,8300125.623054559
352,3415761.6922039418
353,9405231.575308561
354,-421963.49844244245
355,8334258.711138248
356,798517.3797533888
357,7253875.92403288
358,927057.4381972732
359,10090837.20941445
360,1044319.2443328623
361,6302525.114890406
362,1026845.6847553651
363,10046319.790058576
364,-5960125.270470914
365,9968979.317713343
366,22925987.955941282
367,10129933.713702742
368,1549997.5652454477
369,7647909.0504905805
370,1087962.8999507711
371,7425990.983100471
372,3081196.4145778297
373,332953.7910933302
374,404943.04277216055
375,9206957.519769043
376,864292.2952887015
377,9806382.755896503
378,10475716.459274556
379,3701263.986790131
380,6551466.497470948
381,-1676001.8657705218
382,8772365.39859663
383,-802990.3841916157
384,172777.50142890122
385,-1270053.5918321614
386,9236128.609960143
387,272074.45861560246
388,9904652.57476973
389,2683677.606686689
390,7765842.605489555
391,3184462.3565468146
392,13663040.499505213
393,2285488.5143606504
394,1575459.2791214134
395,2931666.922233757
396,19010197.940956876
397,2386020.5983939962
398,11193801.46273226
399,2462741.1641430277
400,10663398.883323876
401,2705750.561544574
402,12896120.266184716
403,966268.1391562617
404,10952063.491199706
405,10588744.146483192
406,4263185.725932241
407,8096280.283497216
408,1932473.3709810753
409,7903733.246149975
410,3307379.576573695
411,-47670.68586384286
412,347004.9561835547
413,5030323.235055235
414,350352.23744789587
415,379247.20394591294
416,16898423.540527787
417,-4731645.408808755
418,5847463.3822099
419,4799366.417450361
420,-3904164.7747068694
421,15453260.72532767
422,3682005.7870136565
423,8977759.3889734
424,-421123.9180335103
425,9065132.007405486
426,1609866.9712663966
427,9689151.573398357
428,1938662.454650856
429,9131451.493954007
430,2025363.3599328338
431,8502161.583632005
432,1996436.6661390667
433,9989582.37073557
434,2384570.2343157246
435,8542092.230536949
436,2242896.632934165
437,11163008.73079054
438,1235065.193121768
439,7350826.636745053
440,1136407.3845068438
441,1145875.6853078676
442,10267350.046980109
443,-11456506.70603478
444,9749822.040532907
445,2392536.81462065
446,8436414.042017393
447,12250287.857125651
448,6370401.109713674
449,4809276.496531089
450,-237862.32860676097
451,354811.2964871146
452,7538082.743282432
453,-1704034.2094297842
454,7095029.588683392
455,-1091346.917542195
456,10346483.701769287
457,14537445.174051102
458,6819733.195575098
459,-3651651.714306032
460,10988735.51842468
461,3810089.219964026
462,4840784.617421553
463,11131337.579787333
464,3181404.20947211
465,1509989.4585927536
466,10521545.53058273
467,2684397.2846747874
468,9066822.481578978
469,3741459.602816993
470,13257778.458899895
471,-742433.9164578982
472,7606576.239772555
473,1395554.639741087
474,8690058.69331635
475,951492.5087453441
476,8769617.972140785
477,1001379.2438052704
478,6541709.941620226
479,1168692.98883866
480,7750867.57280988
481,10458250.584937137
482,-3685958.8696539328
483,10275658.332071705
484,9373994.759572055
485,7479578.880593317
486,2563645.061914633
487,7435498.495519923
488,-2584252.4888023958
489,7074830.156105988
490,224356.7791757121
491,386189.7061581843
492,6581372.966040117
493,3700259.1370030544
494,8009462.081202485
495,-2524040.9124144115
496,7332804.42718198
497,2472003.495119261
498,9544985.215911442
499,6939934.378864038
500,7491831.660906879
501,-4109897.4933184446
502,6516398.728958897
503,-863857.6899478037
504,5129051.677392704
505,2743618.7359293913
506,8183201.192486915
507,1322384.3241569144
508,6725313.004530939
509,2545511.0530715524
510,8049954.627241338
511,3054971.2946699923
512,13704249.416501382
513,2846639.8809997924
514,5182678.229677262
515,2447318.544300915
516,1169779.7807130064
517,2417000.880568704
518,5019389.6160143735
519,1193835.7940338585
520,11278286.46171321
521,895804.8590908663
522,12671437.804036006
523,3454212.7786215544
524,8600649.566574443
525,3383632.6693244143
526,8203776.200979139
527,3670395.30141691
528,7944040.181269988
529,6239117.8626376465
530,474239.6127844271
531,354950.84288193414
532,2671294.7469703155
533,-1885574.4030602295
534,350089.7532343032
535,-3246766.9000623305
536,5229440.73660698
537,-477335.5798545193
538,-3085575.2859823583
539,4887817.824032784
540,-3388170.0271219993
541,3345632.9288993054
542,660455.733154485
543,8706884.683550494
544,-1695599.1414563793
545,9078185.972276451
546,1628109.4905394888
547,7408686.693765499
548,1701114.2040115944
549,8240523.404740894
550,1757887.6667708985
551,6627878.115834798
552,1197457.2454465192
553,9283485.519143311
554,1016715.8940881521
555,10021332.414231014
556,-311539.6853095414
557,9129153.210847732
558,-882774.3245169878
559,10315436.126180457
560,-1240642.7791524709
561,10195898.41858314
562,-6733445.817615044
563,7207382.045486984
564,2215709.982480661
565,7534049.292211024
566,937552.9696498178
567,6803124.536172837
568,7252937.813163197
569,214686.7676798047
570,404624.9136977282
571,8245575.850266929
572,6223130.109425619
573,10176856.826425577
574,-3102023.4894449636
575,7253990.142239216
576,2726781.9117860063
577,9351918.499223934
578,6356961.412013324
579,7145553.270810312
580,-1231224.0132930342
581,8352225.902412169
582,6544769.968070621
583,1186174.6054400413
584,12743887.221443566
585,1084464.1253501535
586,17997431.90716716
587,2291227.9612197955
588,7670021.530651768
589,3025152.2022749856
590,-127903.80355621004
591,3122698.258336609
592,23636930.551497635
593,2635647.37695577
594,7176032.060991786
595,2581876.3488133103
596,-4991920.935214401
597,1098784.0250995415
598,1147679.1012151905
599,13520781.421786373
600,893814.7899344567
601,8876745.791740265
602,5368948.640064757
603,7810547.992419705
604,1371533.97840217
605,7890320.227355117
606,5068926.690980869
607,-591514.4792373603
608,367521.59931822814
609,5299342.15342121
610,5374086.986951919
611,5549804.748779417
612,-809378.6299513696
613,9284342.864187902
614,-10291041.801418949
615,-1315192.378373316
616,10113263.438042814
617,7004716.550014394
618,-2068723.3966426258
619,-1384589.4457447203
620,7108813.166173369
621,-4509139.158139831
622,13405144.395365756
623,-1683580.055315101
624,12838761.841205496
625,1271720.6122986984
626,3200409.096507154
627,-1556921.1452960589
628,3249394.4755028756
629,3423775.5238478794
630,7842020.584579855
631,578643.6408033504
632,8274936.372726753
633,1394857.1883533325
634,8501467.268027533
635,948033.2087077448
636,7038818.251718241
637,1178211.9564510558
638,9220094.91091722
639,-2132191.1200343906
640,10730540.196884949
641,76172.16908885221
642,10452776.8726397
643,5588952.200481606
644,7584532.5622874
645,-6240743.2714072
646,7552990.992708946
647,1658145.4060637075
648,7327805.908947244
649,2542383.0229224307
650,483419.166947522
651,376577.61429438274
652,1967490.8444286832
653,11035952.923067909
654,9407761.906685922
655,10717093.526970278
656,4934840.276296859
657,11067316.565433465
658,2503624.913433856
659,9418246.853067625
660,-772093.3392106902
661,9678115.015792374
662,-1059221.4262653743
663,9624187.047490362
664,-2563271.952703202
665,10245527.100019846
666,1108110.1361074385
667,11694884.479145046
668,2235827.617291794
669,8080672.28587431
670,2458536.0067294003
671,4200136.316700098
672,2805666.072106502
673,2379298.073698201
674,-6367849.680968252
675,2354812.877458657
676,17338305.80476541
677,1301193.2709597717
678,12369544.310518991
679,1082662.629639248
680,15423830.322120741
681,1135764.3853577613
682,8508944.534480322
683,6137823.702825671
684,8236726.387437662
685,941245.3666765385
686,7838703.710432576
687,2915782.2721479693
688,-512813.61362756544
689,361510.1602647147
690,5726291.451687216
691,-1621349.528461356
692,6049012.56546188
693,2948876.2044853857
694,7366263.43879953
695,-5000551.142177271
696,-1297358.8787233785
697,-929380.4845350881
698,4803741.01150991
699,6458098.105246338
700,-841286.0554528281
701,5123630.334925724
702,8200799.023192753
703,911751.3857980262
704,1327018.3868334112
705,1907893.2230102804
706,20112176.234849192
707,3370586.7078304864
708,10573803.190178212
709,4468912.877992076
710,8615335.459582685
711,1254508.3805347756
712,7090291.75077873
713,1719246.3993576374
714,9465630.233121928
715,1982988.0960379608
716,5210691.48561188
717,1180216.6951027778
718,-11731208.004002512
719,1176278.097550042
720,-1100680.752589909
721,-885440.617546124
722,10216327.896002453
723,-586301.7532506122
724,15269177.304384544
725,-4595585.696259912
726,-1731849.0577253676
727,7661993.323147272
728,10103688.731452918
729,7298274.236153193
730,2917291.769825787
731,413185.4701843575
732,401252.765078793
733,9555442.102682065
734,1337336.7721156715
735,8502525.917084403
736,7432727.50078929
737,5545539.240776757
738,3662037.119217942
739,7421893.702243832
740,2558053.8935777415
741,9521820.173452148
742,-9498044.423239704
743,9496341.655687934
744,-171533.36476161907
745,6850113.343553583
746,-361236.24682043435
747,-1154245.0624887575
748,1449771.2006442104
749,7311174.934774527
750,2838931.056013069
751,2893666.010888681
752,-3507176.3567080884
753,3009211.534752558
754,6078669.852850722
755,2435180.1737225195
756,-3019725.8670621836
757,2668969.2570285844
758,19510549.390345074
759,2468975.8914368087
760,11942758.071242634
761,814525.8234870877
762,11010817.675294744
763,-2073266.4096800438
764,11072244.856619034
765,585503.2019604146
766,8238150.095866861
767,2298242.427832273
768,7952393.27545541
769,4555054.488639094
770,499758.591411244
771,359574.72496523755
772,10424272.970338129
773,246641.5428682533
774,5609639.839900042
775,18057235.220909465
776,1745386.2591013606
777,-3957687.680412139
778,3881698.7238833955
779,-2379152.0224359804
780,-878731.5110678251
781,-6130243.295701847
782,4474134.321372663
783,11798795.838581253
784,736648.7114715931
785,3442523.1847527353
786,15258842.608102778
787,4400945.485972169
788,10101157.259468831
789,217057.74201477008
790,11449004.790812235
791,1578816.7630989093
792,7808366.351973693
793,1739808.2805788903
794,7880007.898268364
795,1926885.7774703396
796,8272298.604151808
797,4988481.496318913
798,10038547.289154382
799,1163979.7998514604
800,5388629.845443381
801,1287463.2772728433
802,5486886.01949554
803,4231550.430657437
804,11073298.513960648
805,-6487365.790954923
806,10329554.718800249
807,-492140.77008217725
808,7585774.8955983445
809,6136142.908108842
810,7165913.869683184
811,1179301.5637572953
812,7371395.151312877
813,-7608841.830528965
814,253282.8288714892
815,402295.0487931281
816,9636177.795669673
817,-6637336.01457479
818,6314820.087072054
819,3162581.017528548
820,8296356.882011652
821,1171508.2234051533
822,9298042.839066163
823,-406531.15242926107
824,8962500.654341435
825,4564556.472574633
826,7083721.591046425
827,-4554456.284024369
828,6127208.537690942
829,2574487.3553893613
830,6773759.983903065
831,-1629468.595446923
832,12927372.618423972
833,2472043.283968769
834,2502139.455409176
835,6800205.575760273
836,2495835.8554200134
837,4321077.752099618
838,2523539.2773029488
839,2388822.216530648
840,10229501.533915922
841,2636516.742292091
842,-1759997.2883157306
843,920469.4409018892
844,12364042.848315414
845,1048091.3669230081
846,11317066.96132204
847,8280757.743351516
848,4352187.226540663
849,8382233.52085726
850,3069252.829524797
851,-432951.7405291892
852,355701.5888652368
853,6922414.615201858
854,391765.68869231135
855,10002455.696882758
856,-798022.2452177213
857,5526760.944003169
858,-625021.4309610939
859,10272125.072686618
860,-3284869.175216069
861,-2426104.71985807
862,2268132.8985980256
863,3032558.3916238872
864,-2186355.7626598896
865,16203664.140970597
866,-11652612.698530177
867,1088418.277601671
868,-5470524.263322266
869,1356692.2493367125
870,1338069.9101763116
871,-2257050.467328936
872,3347830.9413446267
873,9264238.504111182
874,3396236.225186783
875,8418985.941591823
876,12710364.031555945
877,10894615.55986431
878,1357800.926893176
879,9366645.842671622
880,853295.0760275085
881,8683931.890718225
882,885180.6610165484
883,9673911.307743419
884,-526179.9316013057
885,12716960.429792251
886,-11218170.288400654
887,11275057.43159033
888,-1328141.5049656755
889,10734623.026936019
890,-1307009.4620459222
891,7648500.344334538
892,3469916.4858647077
893,7810439.654914456
894,5028538.018114281
895,429570.5988130538
896,353351.0523952191
897,4459676.240513016
898,7127747.593126824
899,3995182.621460142
900,-5045463.617589405
901,10584778.174996
902,-1344596.616269596
903,11923550.697421966
904,17095272.75757696
905,3499186.745654887
906,10817519.222800126
907,7557824.657541284
908,10119262.160196949
909,6265564.80528358
910,8214460.0034176055
911,1239572.4571637146
912,10680227.958999101
913,1143314.0181018107
914,9158999.804541163
915,1685451.192002355
916,7457386.532386096
917,2356525.8693123874
918,8186102.073601869
919,2080791.0143872164
920,1952258.1923699956
921,8023629.782104368
922,2165976.2179771443
923,8248650.073944816
924,1120630.2511899695
925,1181658.3444026927
926,6570095.5280396845
927,-2595686.449799502
928,10493400.210503258
929,10699337.072676565
930,-836932.559356113
931,7532841.612017499
932,7357476.036317579
933,1040541.847199769
934,7275089.300461817
935,4982478.747462426
936,124900.34369421944
937,393194.6423077911
938,9637269.165046114
939,9735254.104899298
940,9701410.642697861
941,-1537242.2657270685
942,5588106.2314724
943,3945334.0777438367
944,8244909.700379282
945,11315576.943566883
946,18599983.65915171
947,-660446.4661418346
948,8229792.9353645425
949,-6120014.666307509
950,6627006.987258339
951,-1324259.5328515735
952,9913038.4732351
953,1831369.5291454257
954,7349931.508523205
955,-2129995.3726738165
956,8134804.380540093
957,2699126.691266717
958,2342247.7466611
959,2416919.588802529
960,7101511.659980826
961,2303608.4386977265
962,-3804048.54542016
963,5752961.981967631
964,1202297.467893494
965,14046301.169611085
966,1075573.3117942107
967,12864616.171125846
968,7451300.469845204
969,9229413.848580519
970,13181149.452972244
971,8896059.235519271
972,5855782.32535033
973,-1679509.9357415352
974,371463.07649378723
975,5263961.306667967
976,110889.01249441318
977,9210638.12433948
978,-2986410.5486786445
979,346400.82456040295
980,5986187.301150438
981,1086708.5078360953
982,714314.7750397772
983,-1144651.0592301558
984,9634888.30950413
985,2715572.50623915
986,5691874.691698352
987,2962386.4907479347
988,-2337564.9414870264
989,5576935.341466916
990,3711476.5546077853
991,-11988737.984444294
992,10910377.875200737
993,1078751.8351309819
994,6452697.034209647
995,2420510.7252698154
996,2317156.095989557
997,16775988.708113749
998,2409013.3556624213
999,11653596.546915237
1000,3325305.293368703
1001,6309884.161079371
1002,2570159.8521926505
1003,2707305.267792108
1004,10587860.200055543
1005,730913.4930365352
1006,10848962.05211782
1007,793089.5600296544
1008,11479249.379162438
1009,-4081695.3277997756
1010,8314720.78751542
1011,2151029.20693412
1012,8071857.067880683
1013,3950236.4988989145
1014,8021715.814583237
1015,3825997.7568044392
1016,-383301.78111031494
1017,360394.13739494886
1018,6871206.2993840575
1019,-1103772.4367857527
1020,9064183.10982284
1021,-332210.5783066068
1022,11154141.354815632
1023,-848772.9773902256
1024,-2991285.3824294526
1025,-5563052.23362271
1026,5478119.658290379
1027,2277815.0563284815
1028,15936328.518345058
1029,-1957845.5110165104
1030,-8600432.965103539
1031,5730900.380273375
1032,1931465.3427472268
1033,-1754946.8800661876
1034,13548867.727543956
1035,1292206.4195224452
1036,6268471.11540634
1037,1216639.707862071
1038,-11454.972691761935
1039,2525658.0228419183
1040,3158266.2271948974
1041,12637404.569759417
1042,3493006.5190440402
1043,17215720.61247234
1044,2652602.1169662336
1045,11271073.728194963
1046,3300863.289924912
1047,9719110.011782028
1048,-3392395.051332742
1049,11658567.107353173
1050,-2469736.576361015
1051,10782761.54501368
1052,-2031338.8625478097
1053,8294181.48353897
1054,4021616.5614385805
1055,8039783.426531402
1056,3514497.101319661
1057,8247115.839458205
1058,6715596.835242612
1059,388843.66288894054
1060,365395.10207969265
1061,10152480.6168739
1062,1880852.7670990867
1063,-2637838.4551788354
1064,1477942.318111003
1065,-394983.3506468348
1066,8314601.035347642
1067,-3481952.0777673027
1068,15819463.329287061
1069,3416321.502945335
1070,-4467168.4854632355
1071,906210.6015674479
1072,-498977.41414460784
1073,5802592.714521268
1074,-468583.628768212
1075,6094312.414297676
1076,1219258.7258395145
1077,3415899.814884021
1078,1148865.3594990359
1079,4809144.07885356
1080,2610274.0611910364
1081,12533349.331431864
1082,3204538.330061598
1083,12347283.896780327
1084,3253048.789435829
1085,14277563.892831976
1086,2732447.1935564475
1087,10734034.002264623
1088,2741301.361876013
1089,10083064.873000512
1090,3100476.4468683265
1091,11288618.214223191
1092,-2704579.4771459172
1093,10641399.293674964
1094,-1469260.6055437955
1095,12961887.864124956
1096,-1879488.948759913
1097,8348945.914860109
1098,3753480.8185591875
1099,8189535.241193506
1100,4550039.116814375
1101,7668283.267592172
1102,2257899.056098069
1103,450023.527368015
1104,353005.1359991571
1105,-1112933.5246673017
1106,-253796.6386763723
1107,12540703.360928182
1108,-467258.66557895625
1109,19039723.6175188
1110,-3098536.553574214
1111,7152005.9287290275
1112,9246052.131253753
1113,7833106.898923208
1114,15817319.58974072
1115,-303168.31714251917
1116,6630783.6579626
1117,-3247578.921873913
1118,7763315.205024585
1119,1444310.9102640827
1120,5216228.788778078
1121,2178177.5861339113
1122,3370682.7891567186
1123,1304881.7378968603
1124,22656389.387094848
1125,3565190.9997621803
1126,5747113.981301611
1127,3128016.0166451633
1128,9625101.34541801
1129,3246440.040455525
1130,2994417.7736978894
1131,2617546.230738793
1132,9655370.73477862
1133,2670795.6293689553
1134,12274895.959445955
1135,-3930869.724396418
1136,11753250.40819398
1137,-1326251.2032613258
1138,11193870.594133113
1139,-1148499.4701473985
1140,8142804.503898208
1141,2029963.175732502
1142,8201605.948599207
1143,3057786.584380881
1144,7801679.52698714
1145,5777032.695915101
1146,481261.9579959619
1147,358629.233847403
1148,8029013.420860073
1149,2642081.564531226
1150,8223573.285749981
1151,5019175.017146229
1152,-2309416.0017260434
1153,11242302.639703976
1154,4269663.9525748305
1155,8234875.929032381
1156,-7226766.3859953955
1157,-659738.1989328287
1158,4816035.264021085
1159,7103807.538558823
1160,1258898.6407050726
1161,5678301.611585449
1162,1182346.1690542507
1163,-5464065.015184547
1164,1387864.8301854874
1165,10387065.892464023
1166,3717972.1518291906
1167,13097711.23423523
1168,3654528.466327642
1169,12796766.409770276
1170,3356807.230736416
1171,11544955.66968196
1172,2647555.619052331
1173,9828790.362889955
1174,9499320.301852971
1175,-1574522.0348349714
1176,11957467.23441173
1177,-1164603.468656424
1178,11664724.089321304
1179,-1112769.9904837434
1180,11486069.468093205
1181,4471395.930756983
1182,8250511.602872747
1183,7991307.841405703
1184,2749659.607876778
1185,494556.6536385271
1186,380791.2205347357
1187,8766959.106099894
1188,2741707.4511025553
1189,-6159299.944692715
1190,-2296286.4140637936
1191,6735736.729991725
1192,-6911993.462618925
1193,6560424.541583751
1194,-2001819.6501585082
1195,-7855259.933103591
1196,4510523.2467829585
1197,6210547.438668923
1198,4377815.206563305
1199,3753688.3105159653
1200,-2540457.225011808
1201,7396575.525214846
1202,4378456.548993668
1203,-11281009.032610089
1204,-10413021.195290074
1205,4275187.535562119
1206,1013072.315895313
1207,12305811.16345441
1208,3221640.263676153
1209,4562309.9537215475
1210,3459744.1997016207
1211,10906337.28671606
1212,2739983.3680081894
1213,12726477.51272278
1214,3386666.585571074
1215,11479942.231605181
1216,2636747.3402535864
1217,9650086.032983355
1218,-4090791.075942319
1219,10757882.510562073
1220,289955.9063468113
1221,11546524.620494276
1222,-1403957.7008239396
1223,11398735.904329585
1224,-615594.359098865
1225,10940276.055713007
1226,4226781.72093075
1227,8092004.950494151
1228,3655487.2554737567
1229,7902925.488579199
1230,2541144.663523375
1231,400992.3896000832
1232,353532.9068677863
1233,9152665.550881227
1234,5743258.189208631
1235,1076422.0393848184
1236,-2538379.67744075
1237,7660162.39163668
1238,2162929.0275584944
1239,6238248.836788079
1240,14351775.943961343
1241,-1851179.4059454177
1242,6820150.01570199
1243,-2251796.4374034894
1244,13854401.901238412
1245,-387057.4188469332
1246,2920002.8082681326
1247,5692848.495929699
1248,6228848.972443976
1249,1497707.8069469924
1250,4252171.652568719
1251,1199933.206959312
1252,3256006.2437262824
1253,17533910.763368078
1254,3293888.300955459
1255,9823343.716019966
1256,3313366.586019938
1257,10640448.584768135
1258,-5029814.204592989
1259,9672962.678282734
1260,-256222.12890523416
1261,10135552.10314294
1262,-1152051.265618254
1263,11138178.638243863
1264,-674803.3249636944
1265,11482544.102816213
1266,-1034893.8139048507
1267,12022970.050746214
1268,1690636.1551815942
1269,8377716.78558254
1270,2501548.5789142204
1271,8269158.356532904
1272,5323943.36611656
1273,599423.2187632129
1274,767038.9779857065
1275,453284.1623239309
1276,718507.4472239962
1277,-905493.7867844857
1278,7190796.665953493
1279,4376175.219987334
1280,7254717.124690254
1281,2790695.814959876
1282,6190529.344061175
1283,14437884.939802796
1284,4348403.155903508
1285,6845636.323413615
1286,4435945.793487938
1287,8387597.819944355
1288,-2781240.4951644093
1289,12706627.333409447
1290,-1228856.3422030436
1291,7136421.751890938
1292,8485078.284408368
1293,12332037.798146497
1294,1214570.5871339648
1295,13792167.0027944
1296,1351835.7597861108
1297,11623855.031685771
1298,2582936.649737746
1299,3111310.8679311494
1300,16562630.347919364
1301,3042387.647041998
1302,11348483.170466188
1303,2687160.0357624274
1304,10215444.869975695
1305,2634633.7272617538
1306,9654702.723877922
1307,1501904.340696626
1308,18972240.860602506
1309,-7245970.778686488
1310,11187609.046181332
1311,-2718970.6284779236
1312,8245282.860756697
1313,2429842.529114434
1314,8288939.719713034
1315,275377.0721584611
1316,8263909.611234586
1317,2982382.6035319865
1318,397928.32218921505
1319,366844.4060744739
1320,-1306695.478532432
1321,5849234.807466866
1322,-10051816.028738858
1323,-489051.960929576
1324,9457539.49762014
1325,-378396.6837675095
1326,11443428.122300867
1327,3774603.560148295
1328,59741.99684049226
1329,2481770.446144408
1330,6876014.181326601
1331,2270156.4101518467
1332,7914026.869147186
1333,-1145806.6284753878
1334,5700194.734361606
1335,11880526.46080513
1336,8003360.86428756
1337,-1192638.3000404625
1338,1373867.07202198
1339,3383497.2822687686
1340,3217746.5347724217
1341,-402452.1625154143
1342,3050349.4845783496
1343,11397048.017979752
1344,2760000.727881254
1345,-6033627.099948596
1346,2557983.8959010663
1347,18972356.799467944
1348,1314438.3657642847
1349,11930657.251034725
1350,1019093.00604283
1351,13024664.685897714
1352,14682578.626415621
1353,12582515.219969176
1354,-1691280.0721160874
1355,8568604.947191989
1356,2724211.927092383
1357,8348676.4971582
1358,2091071.0615889854
1359,8359860.189938518
1360,6118155.506357871
1361,248878.00091842568
1362,355719.2521452258
1363,-9178601.633496035
1364,-3748952.2445875267
1365,7449469.850558849
1366,-7176639.582600859
1367,6981081.265736003
1368,-847091.3606498505
1369,23804488.83263882
1370,8883383.119408611
1371,-1511836.9410657994
1372,7782319.840943076
1373,4336181.296665756
1374,-7310159.67149747
1375,786439.5165275516
1376,-1402499.5132146524
1377,4978592.450059921
1378,1290345.223498083
1379,16808634.38723158
1380,2915467.157759985
1381,1871828.2064255606
1382,13336586.356056232
1383,2995114.5155113437
1384,6201349.9263104
1385,3065337.6404979336
1386,5207828.136151365
1387,2594580.1930862456
1388,14529942.296224121
1389,2518486.3667329308
1390,18328634.747561138
1391,2580799.56532917
1392,12146781.796755785
1393,978220.8131485874
1394,12593955.863545705
1395,1270669.6152568802
1396,10834416.409627153
1397,-12114328.752466073
1398,8545867.507389843
1399,-1050006.7786527567
1400,8044408.546868861
1401,2711961.082517366
1402,8250952.595391931
1403,6953594.318278516
1404,-402497.4840385493
1405,358801.912205993
1406,5151424.328292829
1407,-1164605.0077476748
1408,8253812.377347198
1409,-3258563.226255973
1410,7458092.969997207
1411,-1128219.2495395893
1412,6100446.690417796
1413,9055489.472266193
1414,7812368.223628676
1415,2702838.502897388
1416,9162505.198031727
1417,-5552662.1716834195
1418,9391776.117007123
1419,3855381.99235065
1420,12505349.586416569
1421,2933005.4470685255
1422,6674449.0878294315
1423,-9633107.734058749
1424,-2678661.165495077
1425,3438466.932123743
1426,7114136.785785459
1427,2366245.5552566526
1428,16971443.31580311
1429,2287360.0652867756
1430,2604092.1856014184
1431,-705922.8883766972
1432,2419336.6474872963
1433,-9442249.504662424
1434,2517158.0102429735
1435,15050538.808681484
1436,1026001.3012030714
1437,14582296.264375042
1438,1044381.9749125348
1439,8098834.838940953
1440,12332509.067974335
1441,8962058.458729664
1442,5677655.811621102
1443,8452773.166647667
1444,2281051.2882981785
1445,-336904.64317474636
1446,368613.22809493955
1447,7595363.603207943
1448,-404901.90699441213
1449,362003.5035613828
1450,8761477.519554496
1451,-1198732.3979329565
1452,9773160.768319082
1453,8980600.153241185
1454,7731238.590738448
1455,6654459.00108433
1456,15618502.690590074
1457,2791585.3798362208
1458,1863099.5850431367
1459,9882924.98333596
1460,2840553.254480126
1461,11091938.719584182
1462,16316277.01799508
1463,-1764068.627221331
1464,3889725.410419182
1465,1265856.8193966134
1466,17130018.45860593
1467,2243444.948776073
1468,8213382.559843545
1469,3005585.4906851086
1470,5323103.962278598
1471,2524982.685510197
1472,2618684.380833012
1473,2665633.0114338496
1474,12952741.644522615
1475,2431145.282679085
1476,13246144.421323305
1477,1119989.2388985166
1478,12333636.829468751
1479,1765179.3531580765
1480,10501392.6404015
1481,4015645.266579038
1482,9025457.03219429
1483,2894791.7128461646
1484,8054421.184996662
1485,4813878.729041404
1486,415187.23965256347
1487,362373.44436131296
1488,7151310.104058081
1489,279675.9430285864
1490,6243999.205334242
1491,-780030.2001854808
1492,6465317.09355098
1493,12032922.35536101
1494,7560348.623378096
1495,6380284.1802458465
1496,5245683.663117153
1497,2857984.7564014974
1498,6603917.446355075
1499,14118948.715520933
1500,6540126.900452332
1501,-1503215.4915422439
1502,4790657.377581523
1503,-2861454.0433981004
1504,396989.68412669934
1505,7116379.501656775
1506,1258222.5392890559
1507,14775605.161493633
1508,1172181.1776427454
1509,4710037.308865024
1510,2686595.6517755734
1511,3721576.251922574
1512,3188018.7641639384
1513,10639805.452612687
1514,3006815.1428106963
1515,13008901.978308054
1516,2591898.6228532586
1517,10083161.009797784
1518,-3550526.385814205
1519,11503732.274683049
1520,-984256.4396729249
1521,11377535.022244424
1522,-3924451.5965002
1523,11600276.378467504
1524,-1154610.9308160257
1525,12137446.308924086
1526,4826285.218003338
1527,8198702.690051919
1528,2686300.845633321
1529,8056842.727091891
1530,5528634.620671089
1531,499516.5643607305
1532,356843.8028822326
1533,7835395.233937681
1534,-2553499.3106626375
1535,4797019.068239276
1536,1508031.779229022
1537,4844139.198359785
1538,-9031576.332888074
1539,4031705.357388933
1540,-8141842.435541211
1541,18500912.252200734
1542,2183872.681640665
1543,8640966.59191404
1544,13180847.118733535
1545,-1323229.8921510451
1546,-11425923.063824553
1547,-4971018.603082743
1548,1162888.4366404037
1549,12431233.751168316
1550,3357152.5607940787
1551,10404729.449240776
1552,3568121.7467747247
1553,9980688.782468157
1554,207000.6678203339
1555,9902713.160285499
1556,1118852.9491206198
1557,8774024.039913129
1558,1463332.2946502184
1559,10079413.597638348
1560,1146529.188675251
1561,9825439.06639666
1562,1173742.8854343644
1563,11773614.018309087
1564,-474754.2247409662
1565,12071909.992165864
1566,-1681539.9102341328
1567,7828628.5895405365
1568,-759022.8812383956
1569,8153414.495196519
1570,5320781.953241782
1571,7690276.243488555
1572,756423.2238551222
1573,7629640.476707237
1574,4077780.398071869
1575,584189.0060459164
1576,364799.6664322445
1577,1728777.091410109
1578,-2141524.3822409245
1579,2624110.1231730096
1580,-2924439.1071709855
1581,7009794.266243324
1582,-3180587.7043930506
1583,6369766.099559268
1584,-6650746.210045357
1585,16807418.94126273
1586,6443197.787379608
1587,6411025.415742638
1588,-4808427.261293774
1589,5958874.566042247
1590,1273446.7895767288
1591,14302946.910804719
1592,1558169.2018080659
1593,17929421.438775368
1594,2427942.807101967
1595,12942954.394543651
1596,2658598.5489283367
1597,10422334.337057428
1598,4012968.485367137
1599,9398808.679760149
1600,6923594.904783902
1601,6696557.4637085125
1602,153205.73296695613
1603,9628745.512368482
1604,379375.7087815407
1605,10696158.91099437
1606,847639.4016678578
1607,10801562.204919394
1608,-1691725.3182380009
1609,11926321.440804783
1610,-1247382.868945097
1611,12195554.19157925
1612,-3667914.781616714
1613,8332484.852387711
1614,3472383.1050912566
1615,8206027.530864745
1616,3931020.87628837
1617,8030500.883711507
1618,479036.39542656427
1619,718291.1498177482
1620,530106.8321991048
1621,359389.9898179428
1622,7894797.209077418
1623,8487150.026518483
1624,3229038.0762697035
1625,9300868.624383781
1626,4451439.6772134
1627,3492927.4571948266
1628,-1212641.9044820885
1629,15465603.529703682
1630,2963452.075364676
1631,8875164.499491435
1632,6834579.830206854
1633,12735142.326525139
1634,-6327676.917101991
1635,-6382042.413350064
1636,2995010.481512345
1637,3405790.1392923323
1638,13967255.845701948
1639,3296912.6076089097
1640,16178017.312598834
1641,3387199.033374251
1642,11956454.451062715
1643,2593954.4611696145
1644,15588412.607215187
1645,2694583.1149560404
1646,13298975.368411103
1647,1680806.7036370456
1648,11483268.26463888
1649,-5664927.631977144
1650,12413489.481265036
1651,-3795430.096397032
1652,11589471.020201351
1653,3639219.1577642458
1654,8666241.064323176
1655,4236079.626358657
1656,8486004.956947628
1657,4555987.482638005
1658,8461997.007639663
1659,6411010.49633166
1660,-503721.01432760915
1661,354349.90066011436
1662,806958.1712075814
1663,-668932.2638981797
1664,10515046.123706171
1665,11569635.077138279
1666,-459782.7712825861
1667,11713969.920685071
1668,2785796.8841873333
1669,8410007.337860558
1670,6450927.269354408
1671,10795344.326206537
1672,4251539.900325561
1673,8276210.521830963
1674,-4940599.675761198
1675,-4082344.7775043747
1676,7835280.3499692455
1677,12741485.047435705
1678,6717691.532905953
1679,1339294.66298369
1680,12296688.185506193
1681,3231980.7441660985
1682,16079335.055194464
1683,3081152.4062603572
1684,4940031.392508992
1685,2907662.620288798
1686,2455926.662916631
1687,15380877.666142493
1688,2453963.779522284
1689,6039497.738620108
1690,4085766.1341936463
1691,15828399.910574844
1692,1015550.4494025444
1693,21263756.6379107
1694,1088016.484785082
1695,12427349.759367816
1696,-5417036.805274764
1697,10161557.688763311
1698,9189221.955804706
1699,6335427.871386846
1700,7066602.704695946
1701,6211979.561097411
1702,2419007.3770981934
1703,-1130639.6698094925
1704,348607.13972069864
1705,8525871.436556194
1706,-6111315.355948055
1707,9452849.254972745
1708,6628368.399332425
1709,9453175.887659146
1710,-1010489.4804530762
1711,9603224.631140698
1712,10146256.294663755
1713,6378757.891636766
1714,6879070.659550279
1715,10718301.197288796
1716,6161947.544792032
1717,-2994120.292637242
1718,3453922.0318423533
1719,12014983.740154315
1720,-113579.92806398887
1721,3980067.139969823
1722,-754978.9318803118
1723,9038767.68105922
1724,1706117.800063833
1725,13463990.689779243
1726,2466063.4135717037
1727,3688715.6592029617
1728,2798902.6186417486
1729,-128648.3053970501
1730,2280856.872797563
1731,8830480.79041465
1732,2292453.2124090665
1733,6521665.7616920825
1734,2292177.5030765417
1735,6596024.759748873
1736,1172898.9631720097
1737,6644981.092206601
1738,1222041.7091902047
1739,16745317.000268376
1740,-3005810.763737046
1741,10197225.898216816
1742,13235567.898882242
1743,10177764.136284446
1744,7569584.7333436785
1745,663649.6424629912
1746,7499000.076143162
1747,-12014223.619809886
1748,6289861.944487771
1749,25268972.311712377
1750,-413030.6196792901
1751,378521.0664410606
1752,5993557.312364278
1753,3832641.5113358386
1754,9359532.293195093
1755,10970161.052159902
1756,9557606.923464816
1757,5963500.834025696
1758,8759980.077322507
1759,5993439.125226897
1760,7602067.974599695
1761,4814716.493000619
1762,10287452.881029643
1763,-678111.8118636375
1764,8979150.21546745
1765,-1990834.4246159159
1766,7186507.571982043
1767,-726305.4736729925
1768,7379614.51293914
1769,2024782.6542417768
1770,10911772.395201376
1771,2058225.800307066
1772,10976203.792676209
1773,2573874.343519588
1774,7944041.1789621785
1775,4180770.439551037
1776,2115428.0405016006
1777,7648001.778224555
1778,1217233.0944181755
1779,18884202.029417094
1780,1203308.912941461
1781,2794998.600026174
1782,1254276.9332468305
1783,16520973.769602334
1784,-2815972.569026824
1785,11311789.022995362
1786,-2355582.759934269
1787,11487379.450152602
1788,-2356784.2914087824
1789,7755205.928073811
1790,18310917.430707682
1791,7653191.803799543
1792,12769765.350029042
1793,7346656.834946817
1794,-114959.6106201008
1795,404465.4611719473
1796,366574.39343467297
1797,9891595.68141075
1798,-4851259.223542015
1799,8110568.057784362
1800,9829022.677838374
1801,10231339.89279209
1802,9322004.290240197
1803,12307134.747671274
1804,2239349.5533470334
1805,10879769.39457686
1806,-6034268.881363958
1807,10325419.804994047
1808,1537825.6227782848
1809,9556377.324126126
1810,1767662.1543077785
1811,11280587.3695824
1812,2411086.2911728155
1813,12741548.917899048
1814,2488123.585324754
1815,7929752.778804067
1816,1701542.007255397
1817,8988597.107683556
1818,2115530.122747013
1819,7704714.026356104
1820,1094881.4202751745
1821,9790192.07085879
1822,1309555.5135434142
1823,8478469.435878113
1824,1155724.3947480232
1825,11966335.822213214
1826,-2238763.7459164853
1827,11800086.209109062
1828,-4290086.795857815
1829,10919373.600396223
1830,7519415.858376086
1831,14291291.6354323
1832,7697161.976731777
1833,833499.6126446326
1834,494375.4214767225
1835,356888.37875746086
1836,10393411.534013744
1837,311257.839716034
1838,348651.0734716208
1839,4247162.3153255135
1840,-3216461.561185236
1841,2196826.230104814
1842,21519959.870611332
1843,11194793.094447834
1844,1401625.3977009407
1845,13462453.1403018
1846,20340469.654442213
1847,9874407.60459149
1848,10300924.938993348
1849,3344636.111855575
1850,10903796.952508826
1851,3372240.489998841
1852,10119465.442085061
1853,4067882.927995796
1854,10770639.836683068
1855,-3247023.777680628
1856,9852060.021428902
1857,20534.76351516978
1858,9468642.943720149
1859,1434567.3509705283
1860,10853022.425265511
1861,809956.3119014099
1862,10666521.641705481
1863,743879.4750116973
1864,5871885.941061685
1865,1001228.8236222084
1866,13075410.517354067
1867,-1918427.0620263785
1868,11543301.175646877
1869,-1314093.7492090527
1870,11585083.5877542
1871,5062568.197237259
1872,8055923.777602725
1873,3710977.930084642
1874,7963822.650212282
1875,6462585.482439226
1876,2757815.9196671704
1877,5684358.576198421
1878,443419.077935442
1879,352429.43994857016
1880,1267061.4104448382
1881,6090046.713259027
1882,1555041.0580762257
1883,-1363353.9258006979
1884,9235187.536173612
1885,8751834.435491432
1886,-1556398.5880960338
1887,-908388.1975438688
1888,2401323.4992126273
1889,5684480.663443478
1890,16514266.488592852
1891,-3212960.565967104
1892,-3103554.8936173753
1893,1348728.1146509321
1894,3174437.847692854
1895,3212609.6888143965
1896,2520240.024281513
1897,10676355.07619143
1898,3405197.6564863757
1899,5740787.986562489
1900,3235429.8994296934
1901,13941844.558045086
1902,2497454.420901295
1903,8769328.070540356
1904,2374242.7579042385
1905,9739196.21772947
1906,2559165.6743671363
1907,12085562.545712363
1908,-2432418.265269163
1909,10811725.756299144
1910,-3527206.791094806
1911,9678368.362212662
1912,3196356.839664342
1913,8678165.21784309
1914,3164745.1536641293
1915,8396839.78313966
1916,16197684.749446318
1917,-440275.9338731196
1918,355419.4842211044
1919,2207385.7493326375
1920,-3794824.813184007
1921,10211870.637588406
1922,-938749.419453565
1923,7470446.281489661
1924,-789014.0829659164
1925,1372013.8434428615
1926,1116869.1855812967
1927,9233100.433533454
1928,2625981.284338105
1929,9991875.245094046
1930,1707054.3768710971
1931,8511766.304217983
1932,6023863.576517383
1933,6827850.938018553
1934,-4182019.689850386
1935,1782758.205012632
1936,-4408323.223829644
1937,11228153.064833652
1938,-790526.4838055924
1939,7969917.053260465
1940,3027528.4192258683
1941,8590655.199978229
1942,2405536.916128574
1943,8071941.260548949
1944,2808565.1466468824
1945,7560510.384588124
1946,2974953.689095608
1947,13838520.1471597
1948,2402332.5285302303
1949,2480227.9324155576
1950,1378451.2722517548
1951,20790674.91764975
1952,1107718.7452522756
1953,14176039.771715384
1954,1261087.149114739
1955,1615800.4789893716
1956,5185731.00926446
1957,9399115.563338019
1958,7990278.613123162
1959,9106913.733076414
1960,11031679.682440776
1961,6500870.216104268
1962,5645768.92042665
1963,6297466.4585973825
1964,8288848.700410917
1965,5766008.053048458
1966,9799746.023712099
1967,-1147034.1500656593
1968,8423029.646521274
1969,-706966.2012897104
1970,8524860.654540908
1971,3990782.5394351147
1972,11254483.423654241
1973,10637302.053919276
1974,9304448.586756822
1975,12726439.730163319
1976,12045202.754794348
1977,-1861007.6449410568
1978,6291608.034890019
1979,-3299458.61034921
1980,13178025.28467929
1981,-54963.34281319231
1982,22444423.955075674
1983,-3129691.976243449
1984,10522084.896285523
1985,1396239.8248626543
1986,13037111.718382053
1987,1339276.5814882773
1988,7152906.688204306
1989,2782711.4470985834
1990,8187938.335782802
1991,2318278.202140114
1992,-330433.25990585296
1993,2497464.032902627
1994,2276166.584782682
1995,16069998.843379006
1996,1280391.4451251135
1997,2880470.141666637
1998,1156246.6061036952
1999,785232.0214569116
2000,1132685.653220128
2001,10196227.194437485
2002,4081580.576259987
2003,10222008.735158825
2004,-3027355.1981624896
2005,10001693.805622708
2006,10159869.399976254
2007,6811936.815333006
2008,12025655.959867278
2009,6425042.158069665
2010,22362469.92522556
2011,4083175.7509141536
2012,-2367874.559981793
2013,341176.23226595146
2014,10118018.542399894
2015,5527619.15620456
2016,9726831.233406136
2017,14241430.336711401
2018,5225863.324297346
2019,9169420.547325127
2020,10583844.887547515
2021,4921146.199563334
2022,-4046677.029552766
2023,8660322.830678236
2024,9999913.484792195
2025,178588.6983290649
2026,13008515.993998444
2027,-4044068.679824105
2028,5563296.597618439
2029,3161246.7248784797
2030,11576423.484832691
2031,2573063.510476363
2032,6602591.993459207
2033,2854352.798518108
2034,7777144.143859468
2035,2326344.0134065133
2036,13842523.356953517
2037,2296859.9125990663
2038,-1057450.4143501667
2039,2406272.257341619
2040,1125584.0058028162
2041,1142845.6175228688
2042,2510413.1127010034
2043,-2570629.1817776756
2044,10350377.987744784
2045,-1903614.1842103251
2046,10766386.35086174
2047,-4822420.381957475
2048,8989306.211644683
2049,6038226.54898988
2050,6201724.013916861
2051,7261197.23748144
2052,6282912.6904734615
2053,6091534.544283297
2054,-3205764.794864056
2055,347051.09410981566
2056,12950095.739754919
2057,7344330.279643083
2058,13066881.52447837
2059,12641763.952250784
2060,13251558.46126954
2061,364604.25975482014
2062,11414744.221580166
2063,5345867.108791763
2064,8406431.502566133
2065,5975160.851987315
2066,9610897.687988313
2067,3425443.182629647
2068,9548412.850197878
2069,2738656.162227459
2070,10360281.048738366
2071,7846470.311551447
2072,5006738.496126877
2073,3112097.6485227705
2074,10513918.263275748
2075,1994862.055465357
2076,17121770.79437032
2077,2296514.558714904
2078,2447484.8376177703
2079,2454280.0781334983
2080,4740550.418566541
2081,2359800.6955530727
2082,-3648211.9038196905
2083,2338538.4181150366
2084,9425790.491789354
2085,1207674.566186137
2086,982364.2812737476
2087,1145220.8180494031
2088,12804625.651648741
2089,-7352887.920318702
2090,10774940.751109121
2091,-5219295.538751101
2092,10241149.337288722
2093,7589961.920561935
2094,10405192.383628309
2095,6544417.124992496
2096,6293534.117772268
2097,5927074.835781273
2098,9947821.127325071
2099,7819981.2160667805
2100,367907.0043827798
2101,9516066.802007243
2102,8065232.357909176
2103,10579950.925593307
2104,5218048.2487651985
2105,8358221.144768937
2106,7439192.1554026175
2107,10000626.24684726
2108,5915470.524536399
2109,11085716.021269595
2110,3006438.5840120567
2111,11671943.480452543
2112,9076955.942640107
2113,4372283.090281789
2114,-1569236.652292037
2115,7220250.80397529
2116,-655858.4617094195
2117,11884113.424548384
2118,-995675.280919537
2119,9515711.432026504
2120,2676238.786933198
2121,3012161.451193163
2122,2989833.3872803175
2123,2208934.8622476673
2124,15622434.176263276
2125,2307433.4093676726
2126,5520597.682893385
2127,2390318.5021593384
2128,6095441.221083683
2129,1318621.578704132
2130,1228592.9912845674
2131,8460594.736278731
2132,6336699.682407459
2133,11385154.26287896
2134,-7549369.947720009
2135,10346602.103109535
2136,3070818.0622287975
2137,7599541.324554565
2138,-3298742.8528433726
2139,7491222.300477637
2140,7950934.4948697705
2141,7240244.313046867
2142,3626400.2497305693
2143,5380.900126155111
2144,381184.6547062112
2145,12116734.319953356
2146,22122818.92753177
2147,7026863.27163258
2148,3429065.5080543174
2149,9313860.91390834
2150,7586105.791179667
2151,10810935.853952246
2152,8091965.394725397
2153,10286495.781466635
2154,3028801.445769434
2155,11243496.33660441
2156,-1164724.9250269546
2157,9004571.956644304
2158,-3018772.108136525
2159,11608562.153775744
2160,1222746.9864049933
2161,9192454.130227976
2162,1882278.2659046254
2163,9576540.915617947
2164,2489293.8496134845
2165,2981411.359436411
2166,2160377.294751838
2167,15662860.08280484
2168,1992330.8816274505
2169,8886355.58878496
2170,1275187.3019204543
2171,10115754.229025211
2172,1267468.6100169662
2173,13344121.866096359
2174,1219689.928299231
2175,11843125.301411098
2176,7188097.107866487
2177,11222148.687415887
2178,-1049147.9760269872
2179,11415670.324138243
2180,-2366294.352843941
2181,7917627.094937379
2182,11012467.810428143
2183,7604266.2260764595
2184,7695224.161280686
2185,4550177.445799723
2186,387257.6430484829
2187,356862.9225275506
2188,1588061.8092337977
2189,8704396.45715516
2190,1510322.4755535822
2191,-2953707.296511323
2192,14421492.976255277
2193,-8457200.30560806
2194,4619856.217287706
2195,3525242.987694929
2196,10336910.94956177
2197,8600335.181127865
2198,21255502.013072006
2199,2128008.3704680516
2200,15037251.765851915
2201,1172882.0200112353
2202,9669169.177297536
2203,2538531.26662273
2204,9270950.87673139
2205,-699252.5040241748
2206,15485955.817324191
2207,158169.19473570253
2208,10233348.036655484
2209,1222918.8994930715
2210,10719940.237470027
2211,1337047.4005684222
2212,8387838.474221778
2213,381109.1660943887
2214,10020549.896864112
2215,1030920.3972760078
2216,10701622.790690113
2217,773353.66711092
2218,13675212.264529329
2219,-1118986.316153563
2220,12172000.347547282
2221,-640572.5552771596
2222,10752660.9165142
2223,3917152.4290663437
2224,8940077.655750563
2225,5430870.478371675
2226,8317356.5904883845
2227,7347624.160218147
2228,526898.3901486907
2229,347950.1344320235
2230,11542094.086428989
2231,5931384.145054231
2232,9455482.615982143
2233,6156636.760254156
2234,9341153.186138604
2235,-9158803.666316187
2236,1632359.6080355092
2237,12330982.109212816
2238,13752197.391756263
2239,4479451.510887744
2240,-995042.60932986
2241,8430907.268752238
2242,682617.9180774667
2243,7548216.475269033
2244,-3405045.616579062
2245,4713485.174140805
2246,-1700517.7735301584
2247,7032809.91376836
2248,-707406.5804789134
2249,6179588.028829953
2250,1155129.1533729583
2251,7570954.501342741
2252,2475732.324866469
2253,15036438.02490052
2254,3168849.202830123
2255,4033418.122853894
2256,3043871.1660233256
2257,6582650.327085978
2258,2587534.2875313372
2259,12775969.07370566
2260,2379391.2240845943
2261,10891921.470399382
2262,2481342.2573827463
2263,12717043.384640789
2264,1183910.5665053348
2265,16012880.349063555
2266,1338597.7524023824
2267,9173010.661872618
2268,8022030.777660872
2269,8840921.665353611
2270,10113587.852633646
2271,5654618.963453512
2272,6607456.179245874
2273,8697517.143830175
2274,6389832.728067208
2275,8167695.458001723
2276,6296042.959244266
2277,10954480.54486413
2278,28709.882014190218
2279,391055.3741940012
2280,12015259.103658075
2281,5054528.242031816
2282,11180704.28067137
2283,18602111.089693014
2284,9903639.960516136
2285,9800279.625441374
2286,8229609.976892869
2287,8811252.322076509
2288,8295025.23535751
2289,10563322.314181633
2290,2603465.434805775
2291,10633620.304594656
2292,-1007027.4902777219
2293,6688081.97512372
2294,-982859.674688793
2295,13070371.464458374
2296,-7422103.623166722
2297,6860435.310099198
2298,-633257.048305827
2299,10586711.61462211
2300,2040717.2062837859
2301,11314691.055148084
2302,1815425.6651182547
2303,8814826.168093964
2304,1964569.1742358946
2305,10604328.918815874
2306,1152130.2644125982
2307,9724718.925264992
2308,1198885.064405191
2309,10645211.62590719
2310,1066792.43910668
2311,-1842623.5955719084
2312,1921830.4058636748
2313,12148651.279150058
2314,-2333318.7507890933
2315,11620127.528858054
2316,-600341.4181504408
2317,8246854.381175834
2318,15997586.2793677
2319,7972153.2400194425
2320,4358255.886208501
2321,8032846.078525183
2322,9752726.838123396
2323,515943.81502040534
2324,343837.37066552596
2325,4252751.917144829
2326,-4167032.5958710434
2327,7701089.081211733
2328,7796358.97609303
2329,-1345581.0524573352
2330,7368743.544365903
2331,8030220.017598001
2332,-684993.0298409598
2333,7546784.023480246
2334,2876888.1760912156
2335,9769619.842067137
2336,11999564.462498827
2337,8727644.195438895
2338,-1331389.2947904044
2339,7889365.510590119
2340,8026287.072327508
2341,4712383.388541144
2342,-1254631.527805187
2343,8128111.680347221
2344,3270300.761804781
2345,8123140.459710391
2346,2323547.444730672
2347,17478382.606091067
2348,2904235.3231471363
2349,6666264.5438131355
2350,2299357.544004382
2351,7444969.463785169
2352,2417268.0865232972
2353,7640138.58790612
2354,2421975.658917686
2355,-582715.188664645
2356,1315967.0832334042
2357,1049875.5199050903
2358,1144589.5708675089
2359,2058288.7876734186
2360,-2287338.2325352
2361,10749092.3841482
2362,-3702950.6710836054
2363,10352890.651423575
2364,5629505.391592582
2365,7525910.336433329
2366,8772506.426142598
2367,6818906.604797065
2368,13719659.540103352
2369,6482498.90948321
2370,9473883.472066745
2371,275771.1471985771
2372,395016.24623986694
2373,8914111.327069206
2374,7010358.733993354
2375,4741958.310400662
2376,7828131.268734852
2377,10008838.336096738
2378,7631759.916299498
2379,8900617.63678364
2380,11919423.119925484
2381,6903099.836182239
2382,14021353.235704562
2383,10974838.325629935
2384,12677124.860828456
2385,10486052.267403986
2386,13383828.805424538
2387,-1756990.2145065875
2388,8965000.49934959
2389,-1413946.3011546778
2390,10534121.091758596
2391,1947343.4882875413
2392,11334231.48008402
2393,1762031.3650113665
2394,14342875.774917483
2395,2003270.2567533448
2396,10991365.606432153
2397,1880812.8584243122
2398,9909620.314119522
2399,1865616.110325129
2400,9906446.524295013
2401,1298519.8285313502
2402,12018488.230653614
2403,1075641.1259720374
2404,11267509.265324678
2405,-294498.1689859029
2406,11317878.588707231
2407,-1714384.4581960267
2408,12009837.209222151
2409,-1873641.0218762227
2410,8071321.2101803515
2411,4929072.426690927
2412,7730239.565427875
2413,3866617.3478811607
2414,8040112.506298384
2415,8340974.736400756
2416,-260873.51776262122
2417,343766.97862220573
2418,3899635.483788842
2419,-1873040.86362868
2420,-4218353.394782206
2421,-2055754.537059574
2422,20928213.30667012
2423,-2208047.9254494975
2424,7008952.830726266
2425,5952028.137171695
2426,20690509.145118646
2427,-1396725.0647510902
2428,7910833.474927408
2429,-1901534.6801849245
2430,12752981.772005692
2431,-1026860.2160367755
2432,3582571.094319301
2433,13163194.378652398
2434,-2695981.504215519
2435,10664057.413906835
2436,1128110.0536654615
2437,10124504.197820889
2438,2667540.1146448115
2439,3156528.3194798115
2440,17595063.766834863
2441,3283694.9899041816
2442,12615771.743338024
2443,2554280.896954066
2444,18055367.425931405
2445,2534159.276287732
2446,13640188.692153936
2447,2587676.6254033744
2448,11609362.288520334
2449,802598.8463742936
2450,13578327.610832438
2451,13073051.072409479
2452,-2804299.7880159495
2453,8898770.917269774
2454,783920.0322794088
2455,8705160.627837311
2456,7644856.256019717
2457,8041149.887251479
2458,9424583.840440879
2459,106936.86434026202
2460,358181.0569673098
2461,8028524.002558583
2462,-4047807.5752918357
2463,342738.22276302485
2464,11728204.194777286
2465,-1014629.5094328981
2466,9073442.563077632
2467,7336694.452166857
2468,11467205.920978427
2469,8531814.318832655
2470,8814674.906574523
2471,-490716.8134484131
2472,8683404.772958497
2473,4864441.942571116
2474,9278966.546919681
2475,10034733.228037437
2476,126748.84598668758
2477,10749555.134007026
2478,2555811.673684514
2479,8090459.697903527
2480,3014123.993475429
2481,2301332.9195871144
2482,-2584391.289563015
2483,2140952.860426123
2484,8969748.520177696
2485,2214793.1496536573
2486,10022719.353549413
2487,2542157.8060163404
2488,-454550.8107672602
2489,2229672.173631043
2490,1278046.9135320666
2491,19038083.73269
2492,1199960.3641722081
2493,17479148.92347883
2494,-1353164.6506175504
2495,11149335.381394532
2496,-1320793.1010710706
2497,10274485.609540252
2498,7319831.864369976
2499,7647842.075911859
2500,3569895.624312417
2501,6585534.968036974
2502,7509707.430511166
2503,12182264.079895258
2504,325734.2875940471
2505,375605.90872591117
2506,16725747.572452232
2507,-3771379.092094856
2508,1279306.6367267142
2509,2707852.752108689
2510,-114026.5050910037
2511,6165028.217241207
2512,-6373976.226422476
2513,10209617.300055096
2514,9987855.685405364
2515,6137187.490824993
2516,11880704.738465669
2517,8747797.803708853
2518,-1502149.7618766583
2519,8385259.208529638
2520,7179163.484958718
2521,15492321.018364724
2522,11605332.014498577
2523,10443391.513795849
2524,-688496.9935468726
2525,10047067.788404793
2526,2113639.0852637417
2527,12513899.226854738
2528,1604684.5286936173
2529,12644913.230292305
2530,1774413.6344975182
2531,9785821.688110698
2532,1674169.463072366
2533,8684898.95800439
2534,1032658.7133823938
2535,11839258.636195924
2536,1118050.530912349
2537,10645753.360113649
2538,-3727276.120704216
2539,12747652.28660295
2540,-971809.8309044826
2541,13327901.6735459
2542,-1361080.8070586077
2543,8086804.6590179745
2544,10613542.708501935
2545,7896023.702435168
2546,4866316.25288361
2547,7768649.979765287
2548,7639542.719130608
2549,-191935.22576822035
2550,361467.7735655123
2551,-8002103.51234055
2552,-515749.6751694491
2553,11961998.71469337
2554,2914897.856302943
2555,9322517.170969522
2556,-3232456.12376743
2557,6177873.929839507
2558,13850480.80762214
2559,5278585.3832418965
2560,-2317793.137563682
2561,16402111.513556933
2562,8522795.635101251
2563,-580605.859868275
2564,16030445.5451306
2565,-3764341.6346358536
2566,8283035.3610873725
2567,-2759137.267801074
2568,7808966.443191478
2569,3047863.5074574966
2570,4325814.256175419
2571,1345372.5934371254
2572,14826935.812494293
2573,1388712.5110401097
2574,12109862.924090184
2575,2953589.997739318
2576,13897306.707512265
2577,2516467.1331038615
2578,2553991.5069327736
2579,2662592.8806576473
2580,15690062.421631202
2581,1081088.756378976
2582,25291324.81147743
2583,1057005.2995163596
2584,12828684.135911895
2585,997293.4313290113
2586,9442619.479121823
2587,5435523.582016417
2588,8779447.963555213
2589,2594777.269811736
2590,8157551.406236191
2591,10604937.170599008
2592,-590035.2546872945
2593,347309.1341577056
2594,7334106.22102114
2595,-2468736.3533867886
2596,343905.1640951827
2597,9990940.73855545
2598,-1281382.4175604256
2599,13151963.164590131
2600,6117062.40634363
2601,10814560.448367763
2602,6314067.758205752
2603,8239256.465998891
2604,10174779.320164088
2605,11481266.215499913
2606,6860674.436426449
2607,2444582.338636343
2608,9480205.100377679
2609,7503899.8598364545
2610,-51775.117978825605
2611,9564313.258430686
2612,-1308746.1716444702
2613,977682.952312178
2614,3106970.289577441
2615,15080788.97582617
2616,2438107.006438543
2617,275048.12592332595
2618,2774767.9913506685
2619,2221464.009507428
2620,2607394.171073676
2621,8451760.696029255
2622,2315862.4457238466
2623,-1631951.686513525
2624,1446768.1751755867
2625,9156091.3912776
2626,1259346.5243958847
2627,9178842.678014066
2628,-3055875.5631502722
2629,11425039.085369147
2630,-7870976.669217353
2631,10687814.387392022
2632,5949140.674034248
2633,7961079.043358095
2634,7657282.205370633
2635,6968842.674761879
2636,7462525.703194007
2637,7284132.794123612
2638,297194.4236938404
2639,366105.5456966519
2640,12046602.026898235
2641,4264957.893423695
2642,11802302.548475947
2643,10682171.152586881
2644,15276434.765102863
2645,10700638.704374304
2646,7053054.232893713
2647,8998420.231294611
2648,-6774460.93722253
2649,13147708.252525125
2650,11708397.334932227
2651,11181504.517519783
2652,-3947446.9810468494
2653,9774782.602597516
2654,-2467987.2999822358
2655,12871233.400109518
2656,755466.72600901
2657,10340164.632881653
2658,1641950.7900937044
2659,11738617.33579031
2660,1271292.949801837
2661,10192233.438854897
2662,1908107.6910882692
2663,9790760.454801783
2664,1584449.2117542825
2665,10850527.743665745
2666,634717.6304524468
2667,10365748.065695535
2668,973639.8509491815
2669,12244388.224143103
2670,-2220925.519953621
2671,13990898.905807614
2672,-952368.2373475466
2673,14799208.600668892
2674,-1996545.3425563406
2675,8888928.723841656
2676,3752699.455797675
2677,8529527.916213596
2678,3639897.627989118
2679,8389798.063663892
2680,13263245.870593531
2681,-153805.17968066275
2682,337485.09711758426
2683,9229715.844897294
2684,-2133627.261839119
2685,331443.44450167555
2686,11995439.048172424
2687,-253690.79726903382
2688,14879445.473377293
2689,2764293.0120971524
2690,23113344.14807267
2691,12175874.388358623
2692,14617301.585877782
2693,6106752.229760818
2694,11620957.275531616
2695,3002414.844999559
2696,4930398.282983672
2697,5523025.247262486
2698,-1333725.2577490262
2699,11351141.817500237
2700,-943286.0324770967
2701,16749755.452220183
2702,3232632.9586467976
2703,15219612.41036306
2704,2212393.294450802
2705,11083899.656806525
2706,2174659.8080100855
2707,10195238.857966479
2708,2210573.2779256166
2709,5564994.801937869
2710,2336351.6658349796
2711,14583045.11972404
2712,1257653.5175281032
2713,15999171.978269141
2714,1308034.198157232
2715,9869981.347540548
2716,-4884529.701410842
2717,7947765.794755916
2718,1203098.2910831508
2719,12507101.811420228
2720,11904451.145116718
2721,10884397.680453964
2722,5817850.447209014
2723,8031645.751654012
2724,5246798.64119644
2725,7806881.962532503
2726,4763905.75314367
2727,514480.0933183509
2728,344021.06576746807
2729,6315546.7670391295
2730,435298.66637233616
2731,4031724.250986092
2732,-4596034.3688193215
2733,296087.12147473247
2734,-1406730.2181205251
2735,7503601.490821535
2736,5280161.948149296
2737,7773956.963876376
2738,11906735.581802318
2739,-3899208.7618475123
2740,5669453.115087654
2741,15095809.410906872
2742,3049181.3581105163
2743,-13100983.472107653
2744,3155048.5618019216
2745,18430806.884185214
2746,1576137.0802153752
2747,12670362.109769389
2748,1527541.0116860336
2749,6508650.211091047
2750,4134174.9472316033
2751,19209060.016346194
2752,3019636.6524577234
2753,2492774.9171711085
2754,-3367577.1847984204
2755,2648581.2596093635
2756,1875807.8558454402
2757,1100809.0346486105
2758,17467318.13876242
2759,1383428.2879976653
2760,12836394.976602916
2761,1130112.9540368875
2762,10146027.806841198
2763,9520652.788881095
2764,5836406.9544099085
2765,8991867.27559987
2766,6060880.525183163
2767,6660235.63268847
2768,6880748.739731942
2769,24245111.905142758
2770,6773375.547332838
2771,213929.827056129
2772,381652.1616890975
2773,16073626.51785852
2774,15744608.187387288
2775,15797062.968793541
2776,13590359.381376177
2777,19292247.821474932
2778,10817586.328209661
2779,1634283.721379583
2780,14442665.598511562
2781,1390032.1876439527
2782,13971179.677395072
2783,5037354.583854356
2784,15537113.956396684
2785,-999772.1329503348
2786,12702406.651173161
2787,-1332481.8878709052
2788,12918746.468260404
2789,1296130.8832302615
2790,12862800.629187122
2791,1245959.544094021
2792,12436646.022715097
2793,1163517.0231986064
2794,12112476.683907596
2795,1619275.4045712645
2796,12907184.464586038
2797,800877.4392680635
2798,8913530.227230914
2799,953289.0688933029
2800,13432888.373404082
2801,917844.7068875718
2802,12716914.453170294
2803,-1227117.2891836434
2804,12671337.582385762
2805,-1156803.2784183386
2806,12882180.747822836
2807,3304403.41040166
2808,9155823.475148905
2809,6071237.959438963
2810,8950620.917528057
2811,6440994.095921105
2812,-329791.40613931156
2813,345806.6204300994
2814,6606154.486683735
2815,-244200.5349099432
2816,349501.2317149391
2817,7952163.504782006
2818,-1457899.6292289025
2819,343997.34021829313
2820,13896076.527094439
2821,12325538.24368484
2822,10328130.38393158
2823,14666403.646191325
2824,11321871.726427605
2825,7177803.586900683
2826,14253077.907906761
2827,11841029.565761002
2828,13537333.562597573
2829,630264.7761511871
2830,11312504.428444242
2831,13402163.221484201
2832,12638886.527289074
2833,-96689.33686936107
2834,7802154.009046325
2835,456885.5200885303
2836,15124403.389825592
2837,2505941.2759885215
2838,12387966.3916491
2839,2155384.064551468
2840,2122775.0093433945
2841,9481788.715024699
2842,2433224.4963093763
2843,16933441.744357
2844,2150451.9878689772
2845,10212695.351492323
2846,1216153.6533380742
2847,9690830.501132589
2848,873432.9681336523
2849,10412737.51555084
2850,-1164016.8713108385
2851,12396056.420006905
2852,-868401.8772988159
2853,12092592.865447093
2854,-1717718.705738464
2855,10901428.961775104
2856,8215625.0480350945
2857,8968434.354300952
2858,8026282.954591207
2859,6418802.681435214
2860,467966.21601080865
2861,343721.8120073964
2862,6967572.332961383
2863,-3037475.4000389436
2864,8816407.953509275
2865,-1209834.5464782056
2866,1098293.3424489037
2867,-3514296.3115861504
2868,7331003.942675878
2869,2499600.676577069
2870,4027842.54263238
2871,7494068.110321857
2872,2905711.9597006403
2873,8828047.907673
2874,2028707.5308589353
2875,3074559.399174397
2876,5873943.844893643
2877,23155755.068950914
2878,8373951.891315274
2879,-8730481.676097551
2880,21353233.22168836
2881,3541384.0580467554
2882,-1936271.3788697426
2883,2487981.8046960225
2884,3236880.2300080387
2885,7643906.07568116
2886,2427698.7876522904
2887,12488987.061113516
2888,2608248.3205970596
2889,-2548869.660756567
2890,1312688.0272693948
2891,-5929779.236322504
2892,937464.9350086872
2893,22822070.03431045
2894,1046907.3763673039
2895,11472820.444533046
2896,855776.9041023062
2897,9992144.279729757
2898,9819716.499114903
2899,7547133.038118189
2900,10027509.93461338
2901,11671171.962917734
2902,6414942.086152
2903,2466737.602838245
2904,6419131.639174955
2905,6318643.380238974
2906,-1962269.648382917
2907,359342.44194155803
2908,9678040.359632785
2909,-1323435.9247466642
2910,14035567.5219127
2911,14183043.594258483
2912,10837937.935798846
2913,12781910.222605063
2914,14733780.525595482
2915,14331486.065407466
2916,19792940.719328642
2917,9396566.850405935
2918,1297664.1927600107
2919,10745850.12240621
2920,11614587.88764669
2921,14073626.332425455
2922,-1086290.2138091002
2923,12276517.829127673
2924,2973304.693559264
2925,9152069.156316224
2926,-952081.5272962779
2927,9791212.772285264
2928,2411369.393905762
2929,9520293.784774432
2930,2101215.6583995703
2931,13237557.45858857
2932,2038018.0688832148
2933,11698813.36820704
2934,2219936.893261672
2935,2636862.791506483
2936,1160923.984735025
2937,10788604.064738678
2938,1664796.4276691666
2939,4893619.0113059385
2940,-799446.0204548792
2941,12485813.719123807
2942,-1904299.3884449154
2943,11965613.538031999
2944,-2152234.070644288
2945,8562670.045821374
2946,8159500.565054732
2947,-226290.3091898419
2948,7977766.524246122
2949,3503461.9839859297
2950,520120.44627924764
2951,355609.8127216122
2952,6076912.998556296
2953,15234450.597826501
2954,5560152.192405726
2955,-1263969.797877648
2956,6975022.2804897595
2957,-1955656.4341868125
2958,-10481600.254545784
2959,-3319732.8801282095
2960,1332666.9231035498
2961,970991.1688822344
2962,16899573.794666104
2963,-1259672.385942984
2964,6726683.062979819
2965,14585157.81800901
2966,15711327.70998311
2967,1330120.4418808252
2968,3264652.993005605
2969,10764217.462943899
2970,2957198.529031006
2971,13198574.341670077
2972,3487517.7893500673
2973,11745552.665442312
2974,20093512.081503186
2975,7644662.639976424
2976,-2839904.8605362237
2977,12501107.08269303
2978,12669466.974120434
2979,-1436532.9209324387
2980,14581780.584572177
2981,-2445640.104507886
2982,12572763.419373304
2983,-1715732.661541452
2984,8130056.502992305
2985,11250052.745939702
2986,9035301.856511729
2987,6932378.355820371
2988,8738570.283692041
2989,13499880.79680165
2990,-224427.35801204262
2991,346814.4562446521
2992,7593383.290422037
2993,-3759092.0331895193
2994,349655.63238118694
2995,6053393.629136224
2996,320405.4190894133
2997,10568448.595295688
2998,16202470.03095283
2999,10873244.31651069
3000,10303519.938026235
3001,11995994.79104298
3002,6545961.517390495
3003,-822446.981517615
3004,-3509968.7208847357
3005,-2865290.580544063
3006,3406668.853603789
3007,2271225.83571674
3008,3110548.9553142297
3009,3463654.4876507586
3010,2550177.241482312
3011,403453.3632569071
3012,2404195.734741575
3013,22383906.070653696
3014,2465160.0304179615
3015,6286613.116275745
3016,1394345.8293545984
3017,19309771.837808717
3018,1173712.0090302727
3019,15975438.932167167
3020,1252710.2483623489
3021,8551665.204634063
3022,10742081.49278984
3023,9239508.868548302
3024,7824054.669569738
3025,8396089.49510596
3026,12485025.722959641
3027,6671095.24371128
3028,-3762087.746448555
3029,6372237.385689193
3030,8606616.712673688
3031,-4023464.1901364727
3032,362440.9311348127
3033,11459759.347453848
3034,-2568236.0799884913
3035,11906952.702459885
3036,9914237.51149531
3037,7455370.78013817
3038,19656014.355582505
3039,10145665.268361103
3040,6661168.935735742
3041,10977527.27368788
3042,20811457.99088638
3043,2573926.577453952
3044,9349437.103744505
3045,13059715.300048817
3046,390108.42848150583
3047,11701550.549402185
3048,2757408.8410075055
3049,10145629.5776936
3050,-585240.6280410339
3051,3349923.34907186
3052,2075887.8306315276
3053,12492503.037119709
3054,2097421.7131446856
3055,10948297.379150923
3056,2088390.2433284558
3057,9664955.078741575
3058,1937246.9043850142
3059,16684329.260127008
3060,1573966.36507145
3061,14135837.096391808
3062,1061276.231128453
3063,10256797.711761989
3064,12445547.908864478
3065,-491797.90241514303
3066,12817984.975879876
3067,-2507554.339771878
3068,7771158.000014295
3069,5892633.79285427
3070,7935701.504282032
3071,4926909.0781281665
3072,8273857.060408699
3073,5930627.72876609
3074,608675.445184922
3075,346578.4210722494
3076,6920738.253880521
3077,15231577.837560166
3078,8963921.925139394
3079,-5740572.223113528
3080,-777154.5752692447
3081,6677651.728872147
3082,13940292.71846078
3083,20299390.90444136
3084,4597078.555468583
3085,8592221.3286752
3086,9653993.848595425
3087,-2091516.9254710649
3088,18335591.990088247
3089,14586566.220704574
3090,5629953.878921354
3091,6805979.245083718
3092,11793986.864604954
3093,1246536.646138765
3094,7213670.558267383
3095,1438004.7226238677
3096,14279428.769831786
3097,2120148.12135132
3098,1802605.092590542
3099,3189784.1620871094
3100,7365031.71777053
3101,3329688.052625042
3102,7174716.256147829
3103,2505422.9114934294
3104,15057283.852200631
3105,2526855.77754618
3106,875061.6406129565
3107,15323153.499577353
3108,1251457.502419713
3109,12868737.917400006
3110,1038671.5167050529
3111,11106722.360480707
3112,10707106.545053553
3113,-7470997.175516948
3114,10435268.766867138
3115,6969939.694399198
3116,-11662587.304337556
3117,6591350.530115245
3118,10074104.805345878
3119,-70402.60753776503
3120,386779.5518945303
3121,12742476.208364235
3122,1119921.311749829
3123,12565263.708704151
3124,9901453.486866953
3125,3501851.57972161
3126,17947498.517115545
3127,13298477.60294201
3128,17338618.718641832
3129,14232901.512612468
3130,12936866.438730028
3131,12214231.851973357
3132,18744651.78311885
3133,18039571.54033148
3134,11877459.856266188
3135,5113448.61100922
3136,12173695.070472835
3137,9190480.343358194
3138,14156010.982254257
3139,1283072.7153225583
3140,12513870.995472547
3141,1670983.514887196
3142,13313726.235521771
3143,1535433.2095952793
3144,14408484.204403743
3145,1707475.322692053
3146,13351911.39887179
3147,1080603.9089757684
3148,14302119.219679093
3149,1154934.2068584193
3150,10190054.295048786
3151,1019933.1416005694
3152,14018710.135572303
3153,-1301898.8399155464
3154,13048465.575223759
3155,-235988.97903695246
3156,12859316.155067552
3157,9233943.88859446
3158,8504436.237421898
3159,10845985.058126096
3160,8542174.997503333
3161,11559067.433361951
3162,368345.14722852816
3163,354446.8259799868
3164,13117024.153379183
3165,-435465.9638299275
3166,342228.761777128
3167,-2112557.1702276273
3168,359794.50005129725
3169,11990869.578238076
3170,9046174.70899384
3171,10124059.297200562
3172,11408183.590109622
3173,7040879.489913973
3174,13377562.487875171
3175,9117254.533996563
3176,10929529.515954146
3177,3358900.6008730317
3178,17346587.08610316
3179,6677101.545152524
3180,14745167.373477018
3181,-1541476.263377816
3182,9431650.030097686
3183,2511380.991537101
3184,9340032.325536791
3185,2055112.77961942
3186,13372110.133402754
3187,2465899.8374256175
3188,11914603.651891997
3189,2051097.0448603549
3190,9965942.174248088
3191,2048534.1318363633
3192,10070102.003598277
3193,1175810.06848602
3194,2346942.3712632596
3195,1263030.4117629288
3196,9953588.931349123
3197,1182877.8192790677
3198,12637439.364002062
3199,-193027.75587411094
3200,13348811.297778629
3201,12308973.367038151
3202,-602943.6357858895
3203,8536439.855747845
3204,6664676.084225975
3205,8286647.111320068
3206,7842127.470342805
3207,7987745.4581012605
3208,9464850.703983093
3209,613534.2431560138
3210,364901.41783457634
3211,8549627.721129771
3212,-1739343.3965106942
3213,12746963.44252355
3214,-3700149.1715591094
3215,7302341.643738149
3216,-1008986.5861713924
3217,9448801.983462108
3218,8268404.099943429
3219,2322047.2319145002
3220,8147410.818688693
3221,8666529.039338097
3222,11160736.27234923
3223,5487587.371717488
3224,6802314.838788742
3225,11984078.316226374
3226,4042287.5617948757
3227,7729980.392247873
3228,-742932.6060018828
3229,8581098.872761587
3230,3382298.812521255
3231,10943875.632838037
3232,1277032.3205755532
3233,15900556.447747022
3234,2877149.712682917
3235,8777606.806383654
3236,4738720.189043855
3237,6020265.81628773
3238,2191140.7308607055
3239,8032852.453365174
3240,2364474.3606870603
3241,15987830.069030557
3242,1288387.692364367
3243,5369829.012001083
3244,2172006.340519053
3245,1860416.4857316655
3246,10015890.62891635
3247,11904547.924860906
3248,11187917.570876304
3249,-3684700.311434365
3250,6853321.752075175
3251,-10998249.557143541
3252,7809166.575858374
3253,15120051.239491325
3254,7640665.03367655
3255,-12994867.978262799
3256,403231.74542109284
3257,366859.8142502636
3258,2037277.9405895572
3259,19263854.745061167
3260,18643807.554641914
3261,3301623.9835360316
3262,10860619.898439297
3263,12345382.851688158
3264,14675436.934417447
3265,10605144.18882388
3266,12971154.221223954
3267,10784999.16884463
3268,11493767.910388675
3269,5461621.640957342
3270,13977701.376349643
3271,11689772.099630173
3272,9962270.664742326
3273,-1524302.191799563
3274,12363834.071341367
3275,641745.2230557639
3276,14483465.281256378
3277,1779677.3925843798
3278,12702112.058761248
3279,1441721.683850116
3280,14159279.596097574
3281,1827959.2034486376
3282,12190073.032429535
3283,1682334.5851744593
3284,11049998.55558066
3285,978002.4184155628
3286,12415956.466035532
3287,985935.0908563565
3288,9987616.001857668
3289,-1115439.8395116064
3290,14111630.89524895
3291,-2302777.538178558
3292,13848396.627952222
3293,-1235138.1957706215
3294,8694832.393026032
3295,8895392.75382259
3296,8706257.253244875
3297,23764610.302637767
3298,8495586.75962408
3299,9245335.075577369
3300,2836912.605156574
3301,13740265.395840889
3302,534766.011341831
3303,336861.35342838627
3304,11653006.689763004
3305,11420839.942695016
3306,-1018826.0973233499
3307,10080683.742623735
3308,-8131117.559882229
3309,13347397.311652118
3310,1180849.632904842
3311,16228625.669056436
3312,9730172.280237835
3313,10127326.034011118
3314,-3253602.5504597267
3315,8999747.951589953
3316,11193712.381257268
3317,2710862.2407103823
3318,9425265.736223893
3319,-11026431.87907909
3320,9463837.844474794
3321,3390183.3306354685
3322,6083329.5791346915
3323,1339296.4432345484
3324,18169850.184861984
3325,2425191.5845540455
3326,2338117.5396758327
3327,9218260.970707174
3328,2332626.347597737
3329,6855574.352825992
3330,2435477.6598076094
3331,10096968.63503001
3332,1288802.3880204854
3333,1416422.844282846
3334,8441012.66039176
3335,1271613.0306970908
3336,10913849.193478018
3337,10395737.025326718
3338,-9584748.97858559
3339,8803367.455475664
3340,20891350.915786542
3341,6587359.42280499
3342,21344818.889680866
3343,6524910.219689814
3344,14420906.101129819
3345,10757237.936303403
3346,363206.00595124636
3347,8524248.27983838
3348,-2470135.718832541
3349,14620522.680140749
3350,23444861.740148585
3351,15352374.877074998
3352,15504255.595869958
3353,14934334.75626716
3354,18294019.7524444
3355,9919304.805934083
3356,13175826.39091817
3357,17988175.404848285
3358,9335528.363423338
3359,14673904.17449922
3360,8699147.119110217
3361,-1866919.892325402
3362,12294736.945017064
3363,3020432.818145738
3364,11946251.28888446
3365,2631849.1737883706
3366,11519966.788825735
3367,2504203.468881361
3368,4975414.617253111
3369,2440445.601827029
3370,11603513.740188792
3371,2140250.8465870135
3372,7137735.130684162
3373,2020967.646467232
3374,10768766.085507382
3375,1488190.3799247015
3376,15988500.756594693
3377,959726.0740190515
3378,12102623.524594393
3379,-3035039.4462539405
3380,12720163.470018152
3381,-8203074.084198894
3382,11985058.933877913
3383,-7395170.078499645
3384,6337030.624472821
3385,4775864.198395272
3386,7790126.599649412
3387,-4183148.470013662
3388,8007802.946526545
3389,3120168.223896053
3390,459201.4205651231
3391,349963.0906526328
3392,-2721116.323334781
3393,-6715241.98775995
3394,-1447417.217175839
3395,5108315.837932465
3396,10275615.560047058
3397,20420326.357140683
3398,14593169.314161032
3399,-7641478.074363669
3400,13730516.271127531
3401,5353700.210613448
3402,11457722.312241154
3403,7894008.718919742
3404,10867296.137000078
3405,-3851108.409949097
3406,12106438.991837528
3407,-863107.514820338
3408,11885095.006739309
3409,1338362.967978388
3410,13486423.121489823
3411,1800578.7115275376
3412,12478965.613654722
3413,1777139.5750476837
3414,10683258.62928509
3415,1776775.2790917165
3416,8635445.610828603
3417,993297.0975356626
3418,10575097.875116294
3419,1236135.3130536524
3420,6731691.357033918
3421,-282644.0317198297
3422,13470903.289292475
3423,3318199.2194684795
3424,12547738.506652806
3425,5784256.096986554
3426,8446101.138427364
3427,4195092.183028958
3428,8036155.378981017
3429,2404929.3952600705
3430,7922465.943359865
3431,4756172.861767453
3432,522488.9820732563
3433,352334.68890777347
3434,4984578.9799670465
3435,-2046837.2626931756
3436,7692444.520302507
3437,-2227085.518628036
3438,21145102.456545405
3439,-3875488.1417459054
3440,8334385.016133791
3441,7350615.508760752
3442,4660767.106885461
3443,15781401.468395442
3444,3089319.8228660664
3445,7926878.4842145685
3446,6896099.848427067
3447,14586943.116317486
3448,3155155.5194401117
3449,7099450.910041407
3450,-12078555.27970328
3451,-9121032.512934143
3452,887363.5773171798
3453,10465121.681380212
3454,3729122.762405897
3455,14026680.193683501
3456,4288070.5743855
3457,10418484.399724042
3458,-1619352.3819406766
3459,10682103.332934298
3460,-743136.6269832666
3461,11294052.168946162
3462,246905.42190985297
3463,12591290.794441853
3464,892236.9069345413
3465,14867055.992973873
3466,-1759552.6488421254
3467,13556096.79502583
3468,-548365.065082229
3469,12902392.148953944
3470,-1203820.0280601701
3471,8820078.765078899
3472,9056769.427656638
3473,8358007.141662344
3474,8379726.657712346
3475,5807607.209912656
3476,15662650.031750005
3477,496671.69332266727
3478,336028.21152371785
3479,10212392.802064698
3480,-2555856.0895578894
3481,330328.772209525
3482,4490468.02038798
3483,-4331310.009589082
3484,7923430.055685769
3485,10093594.831392933
3486,7345762.745754881
3487,6856402.901932314
3488,-326655.07558858243
3489,11152701.356448477
3490,-2188621.0176863694
3491,6726173.535686267
3492,-6321337.973793792
3493,8477676.308065666
3494,6561836.394503092
3495,2999797.1209066347
3496,6883261.169406031
3497,3360552.872936812
3498,7173854.495175186
3499,3440242.785180921
3500,2752879.4913657517
3501,11617782.400588838
3502,2682992.717437138
3503,2642707.4479984203
3504,20245561.734965194
3505,2560372.5895041274
3506,13168476.153156761
3507,3461480.1395573383
3508,11965120.117462708
3509,-3993403.631015513
3510,12872564.783190904
3511,10375190.500250192
3512,9182227.184774451
3513,11215335.276038125
3514,8736840.249525262
3515,13250817.105512911
3516,-338966.8353660809
3517,353253.91514331044
3518,7661363.631609294
3519,-15755.2121753257
3520,386557.4563823952
3521,-1933888.9444682512
3522,337664.9924763091
3523,8754875.889112588
3524,11848487.799161851
3525,11524496.340945777
3526,7288982.728934407
3527,9631569.883940455
3528,16126389.842888033
3529,6057659.188459155
3530,11111420.742376268
3531,7487045.335599683
3532,6578898.541630196
3533,8302080.944726566
3534,-451937.86556980887
3535,12186816.041673478
3536,20782338.98651463
3537,5641004.563479261
3538,1473308.486096498
3539,7384606.2157776505
3540,2628341.9987973333
3541,-7264437.092722073
3542,2773297.070770799
3543,6530426.943922056
3544,2264000.9398462716
3545,9986334.933139993
3546,2385112.3983885176
3547,8560346.670167018
3548,2251686.495460002
3549,8929358.613360245
3550,2329820.182325591
3551,35246.12635505207
3552,1192584.5831064708
3553,11237967.279161284
3554,1179827.0624393006
3555,10446048.987689374
3556,-1944818.1046236784
3557,11971650.39215763
3558,3514507.4752154723
3559,11719463.220021773
3560,-7927854.475689406
3561,8088458.9041757975
3562,8115949.884997023
3563,3048554.986070806
3564,7675110.295206517
3565,9918507.820885876
3566,433527.94179361546
3567,382422.7721407948
3568,-6840432.897339667
3569,11527960.438756412
3570,3413699.905223319
3571,5884305.097409174
3572,578033.568472147
3573,17176239.321269576
3574,15412947.234714782
3575,10314610.577710228
3576,15202133.497722577
3577,10358958.93288816
3578,12607532.458798978
3579,8708223.40446887
3580,593328.3608712144
3581,12730799.621314265
3582,-3696862.9457759545
3583,14744130.504074464
3584,-577447.0143846456
3585,10731239.570083326
3586,1440619.537302685
3587,12719518.53577985
3588,1276479.070131929
3589,11488706.216295963
3590,1306150.5239806466
3591,11906987.870101685
3592,951700.3874314039
3593,14613992.376580307
3594,760960.1367192527
3595,14666822.067478592
3596,1034244.2984085664
3597,13866463.651247129
3598,-1020583.071826883
3599,14614340.465647072
3600,-5470003.841253446
3601,13585103.821149644
3602,-1268956.6772771084
3603,8928297.80715101
3604,1377015.1218721315
3605,8698744.001738003
3606,14012368.088407328
3607,7978690.680573073
3608,15176228.982937634
3609,-260405.19517472124
3610,335826.22562072
3611,15149821.065995727
3612,-1580872.727345438
3613,330510.1623177432
3614,11590751.060048465
3615,1462377.922823695
3616,12555828.611854857
3617,13999756.924359763
3618,15375305.840456117
3619,10711238.477016907
3620,14557650.799286563
3621,16105607.653634835
3622,2625275.420816902
3623,2205258.5297030937
3624,2641787.951146927
3625,10152315.787105631
3626,-3308793.594445032
3627,11960159.315245986
3628,-1006586.5904212905
3629,6152837.826419679
3630,2996386.482502504
3631,8163121.861381756
3632,2053675.2442955296
3633,9283345.530610979
3634,1663432.6706297216
3635,8702235.262874674
3636,2250285.492116659
3637,2229012.750674131
3638,2444440.982579429
3639,9679369.915630378
3640,2271031.3366399063
3641,-12115773.953528313
3642,1280757.5391671248
3643,9341335.593219394
3644,1204058.1821505162
3645,10397016.47023543
3646,-2137130.2069895505
3647,12115373.604505572
3648,-323080.31401101843
3649,11652463.662683602
3650,11574184.419353383
3651,8372536.209173237
3652,5972148.304805883
3653,8104946.2970765205
3654,2440985.3973590955
3655,7700974.466477382
3656,5633274.252209764
3657,500693.14235741796
3658,355931.5428928015
3659,8823664.63148057
3660,-5277055.792332501
3661,8623119.300906774
3662,-5838890.174906543
3663,17925539.855231203
3664,-1274638.5705474163
3665,5886311.053913328
3666,4703356.317009391
3667,15601356.099826153
3668,7231486.947602469
3669,4683069.114552923
3670,15782161.027729785
3671,5579746.181895047
3672,17133326.407820303
3673,16836036.980382893
3674,-3162407.2875716873
3675,20636331.26394264
3676,16894393.902612455
3677,3048090.810049314
3678,12600449.373423906
3679,1946737.6836107261
3680,11893858.97320535
3681,2369979.9942648234
3682,6031193.365835296
3683,3169096.8054953013
3684,5679167.549018617
3685,3038506.588370326
3686,-9366884.888246002
3687,2470016.1680089766
3688,2590376.3394593443
3689,763300.2884123598
3690,1048875.6239562514
3691,15366258.961720452
3692,1189771.1576578
3693,1271529.978182667
3694,11217588.179267924
3695,20341727.445550717
3696,11172746.158997195
3697,-4638961.872960942
3698,11026080.772490242
3699,12507696.347727677
3700,7932719.994970964
3701,4125571.8872940643
3702,7958414.18006056
3703,927971.4037998468
3704,360411.3394986048
3705,360845.86350708385
3706,4827393.801008963
3707,433754.1515919055
3708,-3926713.745795795
3709,-5451143.7789407065
3710,-5977805.603296241
3711,1485488.9661767543
3712,3271924.013603832
3713,22091414.935918014
3714,6120442.119117605
3715,12490037.830617346
3716,-3969970.7794646258
3717,3442183.19021331
3718,11148599.170925956
3719,15973064.77453
3720,3321846.843664452
3721,15100054.057620015
3722,1223266.5531281105
3723,10203485.91025979
3724,2589430.9244006304
3725,14052878.348464957
3726,3489255.5601366414
3727,16846905.488164347
3728,3816755.891353397
3729,10725474.166797351
3730,2580700.4881849186
3731,14024247.684061702
3732,3077349.2033781935
3733,11302056.745870292
3734,4328204.288433865
3735,-246094.66075832443
3736,3438965.9370155483
3737,12182225.359050382
3738,-3892740.440676874
3739,14002362.47867987
3740,9245412.292386359
3741,10221243.54243261
3742,9728857.19808114
3743,4370257.808643342
3744,-6430743.84743354
3745,369897.2890493305
3746,10007829.019376004
3747,6160287.493039122
3748,14916299.801370824
3749,-2888889.732901837
3750,345614.4259442439
3751,10639337.954594523
3752,17364300.769164048
3753,12813501.338806618
3754,12973550.97657835
3755,13256350.678125797
3756,5448498.403057784
3757,15983435.469474534
3758,6300417.996865327
3759,13942855.094916621
3760,4327886.0735498015
3761,12757696.340817904
3762,3266157.4130660207
3763,10780466.6070478
3764,17619611.51571413
3765,11682325.859142588
3766,-910557.618187431
3767,11690155.701013422
3768,-807386.3913433881
3769,11424677.152819267
3770,2308846.9942093324
3771,13524364.841294553
3772,2305206.6419253587
3773,21610665.255536433
3774,1756764.0948444314
3775,11971399.200842235
3776,1758065.6376970045
3777,11162107.286168644
3778,1075543.0389544808
3779,11289770.499573018
3780,1074723.0834464182
3781,12759711.669221574
3782,1156398.9933556046
3783,13988771.745689344
3784,-637692.1641947541
3785,14256555.405722227
3786,-976822.4182646644
3787,12722842.535588447
3788,-1475788.7798222676
3789,8609163.915137714
3790,6172260.854441424
3791,8754590.08776768
3792,6032078.732332762
3793,8485196.929437054
3794,8652736.02348046
3795,-112351.51298316728
3796,345704.941753483
3797,4988921.938343609
3798,-3257777.5951221525
3799,340312.2890853156
3800,10691469.685021058
3801,-874467.3806479551
3802,12749307.978536222
3803,11195944.938856442
3804,12223636.708686281
3805,14630562.104772627
3806,10606298.732043246
3807,11072653.720038865
3808,9692654.533653965
3809,10450356.399694521
3810,-10863952.739751048
3811,10732853.473864611
3812,4045499.217094344
3813,12254166.096046325
3814,6285578.826744268
3815,11772887.219636494
3816,2953672.8977466426
3817,12050309.309344131
3818,-1197027.276746624
3819,10586836.923717106
3820,2179779.721529517
3821,11790964.76761299
3822,1976555.970777829
3823,12286626.118559629
3824,1983435.720908936
3825,13050484.614780452
3826,2005989.0100700993
3827,10722270.558679622
3828,1311169.5425030517
3829,8053931.935147474
3830,1101702.8272136997
3831,13694075.768901318
3832,28825.668843736777
3833,12880550.138447974
3834,-49784.51833221456
3835,12893174.865887783
3836,-118374.66476275111
3837,7952796.2998624565
3838,11994595.375196977
3839,8519060.237279579
3840,11998376.929848198
3841,8271829.504589031
3842,-257742.6460146326
3843,332006.2036972301
3844,6332191.447094901
3845,5942672.538530648
3846,10513499.209377777
3847,-2359889.599038006
3848,7100286.580171366
3849,8862549.56809014
3850,10842688.999164408
3851,11404630.985954067
3852,9047731.56164477
3853,12604108.402844733
3854,16758460.383229177
3855,7646039.498936546
3856,6681341.473740096
3857,-1462374.8171825598
3858,10255532.059663875
3859,7142669.470810091
3860,8450448.047879966
3861,-1472520.2805558525
3862,20718003.945214663
3863,2430319.4843423027
3864,10084016.287327262
3865,2764752.184407386
3866,21956380.380483046
3867,2862539.7091913754
3868,12270064.354226414
3869,2901452.0788075207
3870,14821201.328816121
3871,2235284.468884951
3872,2347001.6899745846
3873,2271416.057406818
3874,8455258.603092007
3875,1246844.5984587613
3876,10386202.71758059
3877,1359630.1228596705
3878,11477776.965346664
3879,1291985.563181465
3880,3044047.5159333306
3881,-4979162.751198461
3882,12718212.86123961
3883,-2873029.6591136735
3884,12892728.070154766
3885,2446393.0454508215
3886,8134747.850774057
3887,3099697.330524689
3888,8044619.393999713
3889,6873046.557665862
3890,-145760.43529715735
3891,355294.48398748075
3892,9577892.40135234
3893,-192471.315609774
3894,354449.7142551591
3895,16302306.690594088
3896,-1606928.1230086037
3897,10275173.409813592
3898,7618077.214698816
3899,6008591.2586412355
3900,8377884.767165564
3901,463736.11233392806
3902,10458016.57355113
3903,1263507.5778461099
3904,9741948.974707002
3905,10762840.192797367
3906,-4155343.3380262167
3907,3684126.260514473
3908,8614845.140411833
3909,4136855.158659027
3910,12100923.923325043
3911,-323989.1057083018
3912,21587701.64214375
3913,1308489.963612207
3914,-1060436.5398032847
3915,2246991.221443537
3916,2775724.6218564208
3917,7517249.924142878
3918,2198981.3357009077
3919,14783379.73743684
3920,2265428.2018415974
3921,9755854.023123795
3922,1371846.2155825777
3923,7647018.364449318
3924,1184791.3192906983
3925,6451469.824468097
3926,1128264.9593738194
3927,-3012820.6836269815
3928,12564388.350383474
3929,-471592.71799551265
3930,12240397.326992014
3931,-1299292.39331874
3932,7832944.90284677
3933,6629600.347778901
3934,8028024.071493454
3935,5265820.03531454
3936,8023906.959709982
3937,3004104.811740937
3938,-241285.660244496
3939,346732.5537028351
3940,7551069.333038655
3941,-8592172.62944287
3942,6620760.011134641
3943,-836721.2690808725
3944,8509313.543214926
3945,-2032538.5318245399
3946,9968121.661161145
3947,6744417.684556025
3948,9933157.85176373
3949,11192656.502560707
3950,3721009.250374383
3951,9336526.40998303
3952,9164062.626019992
3953,10544974.490876751
3954,13597668.591321792
3955,17655994.501524616
3956,6595068.701075335
3957,9191527.046304008
3958,-6275615.087943412
3959,6814166.933591619
3960,-1512637.4461452998
3961,11466673.524944808
3962,2406227.8723441837
3963,20172670.841987114
3964,2299428.924829089
3965,15802289.47063345
3966,2357371.2104682378
3967,8169590.763766767
3968,2360520.961029102
3969,17714311.05121079
3970,1848335.3978134505
3971,10728021.302692004
3972,1351488.677882795
3973,1160273.2929983404
3974,18165175.315910168
3975,-3913090.8291243627
3976,12413214.560262369
3977,12654223.505744543
3978,-1331959.4197915453
3979,13294512.164195465
3980,6749762.889974358
3981,7993843.115506169
3982,8157412.881780362
3983,5164618.996788524
3984,564489.7923863324
3985,351966.0396810637
3986,7389815.606731018
3987,-1286119.3374945458
3988,11669747.983219463
3989,-1692668.7134148467
3990,10425024.654405382
3991,-3905799.7342268564
3992,10560994.907151137
3993,6112167.373439093
3994,14201884.961766135
3995,17083330.399913274
3996,12516204.028238893
3997,-10581765.854338828
3998,9791077.99911141
3999,13202095.745807951
4000,8230241.765941838
4001,-1060144.6902842044
4002,8787856.111497972
4003,-6492615.801413051
4004,-8068030.378753421
4005,10496292.07114797
4006,-1135797.8014186495
4007,10233603.396960083
4008,2822011.3495557634
4009,16044253.92666916
4010,1361763.3908891124
4011,11718537.27926046
4012,2843045.8734974624
4013,15932897.730628565
4014,1985924.6474048514
4015,18401831.82933363
4016,2345698.763196683
4017,8587456.464334784
4018,1280451.16421904
4019,5722437.357025703
4020,1399528.0401942309
4021,7044600.1726951655
4022,-3764390.408867573
4023,12543718.7158317
4024,-469654.1287524905
4025,12764299.868436487
4026,-756508.9890258195
4027,11946426.84115772
4028,9260191.13998195
4029,8235841.7992346585
4030,21671170.88958634
4031,8435256.638881654
4032,6838235.431718846
4033,7808152.674348059
4034,8216850.306061345
4035,602211.0915945551
4036,347286.3139998295
4037,8535865.528801363
4038,-2492839.995499337
4039,349751.2983489547
4040,9473655.5573641
4041,7901192.696895872
4042,9579160.437994067
4043,11450433.721962243
4044,8276768.48435491
4045,2151216.1733841104
4046,9840055.165172325
4047,16329786.316654388
4048,6167823.206283655
4049,13973998.362131264
4050,-1092387.233461944
4051,11294098.113049004
4052,-251460.43450397943
4053,10063654.731157977
4054,42770.2820084881
4055,12382642.143776443
4056,2466766.925399529
4057,21367320.940713137
4058,2189376.6364351204
4059,2230733.25425744
4060,11562098.913275674
4061,1932132.9610520215
4062,12122227.214205297
4063,2033017.1676760144
4064,14456167.978977453
4065,1211194.4155958216
4066,-151893.5000803709
4067,1015476.0598761949
4068,8281283.97087392
4069,-3857868.956405543
4070,11712213.805108089
4071,-1311107.5152383142
4072,12997241.598117195
4073,-1417428.0903389044
4074,8116136.513177213
4075,7518467.644141366
4076,8748154.479109548
4077,4015737.3789585456
4078,8381398.465220576
4079,15845889.935405362
4080,-191771.1425723795
4081,346634.6001262735
4082,11301826.326815194
4083,-3065399.565913654
4084,341168.90610687376
4085,19449219.811791338
4086,-1654593.7850581831
4087,12391619.744762398
4088,2043217.469604738
4089,12852587.835816097
4090,10037892.739882452
4091,12931260.919593537
4092,5041661.716673788
4093,12011420.830353862
4094,3163411.4942042604
4095,11224535.3178829
4096,4031946.071696894
4097,11768956.706683446
4098,8498218.317316484
4099,13409834.871761782
4100,9870715.45459653
4101,12817616.989153551
4102,12279363.648249775
4103,-840737.9784495544
4104,11526477.576131556
4105,1360342.007803611
4106,12072814.828395441
4107,-909867.8941520231
4108,9633288.801410947
4109,-196496.33236403967
4110,12961553.889082996
4111,-5070647.4013401205
4112,12667986.730858652
4113,-4193422.9098959332
4114,11839072.138584316
4115,3107642.5556591297
4116,11184125.32696569
4117,2778473.9304666496
4118,14549214.579410333
4119,1230118.9041412724
4120,11248122.13516542
4121,820161.0447694327
4122,15381203.861524954
4123,9137991.60873503
4124,10409848.24912921
4125,13285810.245478887
4126,10185439.147222329
4127,11033864.429625535
4128,6839978.144806504
4129,8935438.261274828
4130,6619674.310170496
4131,14737895.444203436
4132,6759827.310093673
4133,301241.4006991031
4134,386993.7730428298
4135,11830008.67332227
4136,12026815.409769934
4137,7184957.800771154
4138,-7701427.195675775
4139,14694426.91071704
4140,-1323047.3374037528
4141,10562938.002460951
4142,12928002.006405422
4143,18411305.97910936
4144,10803528.740719315
4145,16069754.334722796
4146,-1863008.92909742
4147,21190897.897007223
4148,3102218.5615410726
4149,7112649.205992833
4150,-12941228.3395602
4151,20900959.150232557
4152,-4477636.958354793
4153,6027478.824986318
4154,1347587.015282594
4155,2461447.004239142
4156,16382165.555575255
4157,3093685.3795751263
4158,2789115.3726399383
4159,7920587.859274345
4160,2462234.5862926925
4161,7171139.012826584
4162,2397231.5394036397
4163,1033459.2443705788
4164,8599687.136906285
4165,1176950.481098213
4166,17931227.268689465
4167,1196400.5275266971
4168,12778133.921888145
4169,4732077.766566112
4170,11804538.173607007
4171,-1377717.0357513533
4172,11644013.621940818
4173,5305008.068511105
4174,8224637.090864932
4175,5544316.990040566
4176,7725738.019250867
4177,-1172736.7519624426
4178,537820.9219957918
4179,345419.664972274
4180,2399412.618419771
4181,424474.04183308297
4182,22205860.062201176
4183,-1587723.150476511
4184,9629764.863793869
4185,-4960540.962404137
4186,7604600.5045561865
4187,10373761.361503843
4188,5695163.654051833
4189,9829867.264711361
4190,6417801.796775265
4191,9765497.262911156
4192,-767688.2836762365
4193,15562359.340142306
4194,1173227.582852003
4195,16230571.750109892
4196,2965336.9597270004
4197,7453839.432347998
4198,-9081109.838646213
4199,2964720.7858539606
4200,10951105.909132704
4201,1576158.4038823585
4202,8553503.62046157
4203,2905575.5466325833
4204,2264096.7294016453
4205,10275187.032552462
4206,2368936.1508730943
4207,2143646.0351497186
4208,1348628.3327940607
4209,4284405.644882798
4210,1238814.604493918
4211,1312251.7155769612
4212,1373579.3181909234
4213,12462033.59962674
4214,12531038.050279487
4215,-3182926.9460993586
4216,12501170.87937163
4217,-593709.3545304311
4218,8490185.528725747
4219,2147315.854849612
4220,8060111.654970887
4221,5818623.903592287
4222,8145114.508417191
4223,20346514.867065318
4224,-230820.52875568447
4225,350262.53194174607
4226,7702543.710224229
4227,-13407307.210593315
4228,16273506.010927562
4229,-1635610.648196544
4230,3272817.94255158
4231,-7774043.283079684
4232,3562167.486527063
4233,4738382.59666458
4234,14179891.65723747
4235,4663225.602337413
4236,21062052.289582066
4237,8043630.127103865
4238,9396042.100093516
4239,1805591.0629753366
4240,9332059.552729014
4241,-1155468.2988498758
4242,10252701.553810365
4243,3241827.8265448348
4244,7458385.857526995
4245,2843344.350532337
4246,12642527.975190535
4247,2826888.6961422893
4248,-6312643.9147919845
4249,2213931.142740628
4250,9400043.50262477
4251,2310232.8891745773
4252,9706699.562831094
4253,2243338.937950141
4254,4580980.226148563
4255,1284035.9823337682
4256,12022547.422571246
4257,1354973.473519466
4258,3168686.747247587
4259,-3395883.080223276
4260,12732941.39408756
4261,-5866319.0884087905
4262,11629943.647614239
4263,-2177873.5039133057
4264,8204697.192570604
4265,-1681004.7441488453
4266,8769099.459062023
4267,4333546.4928610325
4268,8101154.253310467
4269,10880641.836871456
4270,-88786.45130783306
4271,358168.45259632275
4272,-3598791.2072621854
4273,350524.57781654334
4274,-116840.82903032638
4275,-1733586.2879316197
4276,11763376.614899036
4277,14746063.182949284
4278,6936376.426474117
4279,5390741.363276219
4280,10728386.407585252
4281,8708167.995043213
4282,13194848.90275874
4283,939577.1298104741
4284,23929758.571629435
4285,5580496.226821
4286,-6509615.501318582
4287,8165181.0526409615
4288,-2794451.169694516
4289,8680738.934200848
4290,-341952.6942819048
4291,10918319.326646306
4292,2871701.4408201543
4293,2656661.537748782
4294,15065705.27848194
4295,2709195.4457996828
4296,8752740.424669987
4297,2169134.5476704696
4298,19572143.039533757
4299,2185912.8495195545
4300,14288758.197908679
4301,1316203.5261309063
4302,8612251.327524394
4303,1314161.5642223249
4304,25439269.85551349
4305,1364036.7670740525
4306,10788036.919064062
4307,22919431.354646783
4308,13677288.529841846
4309,13485144.591979604
4310,13235126.621802036
4311,9477581.786910359
4312,8407698.388820449
4313,19002231.015045527
4314,8482600.861766387
4315,16613946.68546023
4316,-189908.2607874394
4317,333077.6957388833
4318,12743950.587136505
4319,-249658.67271619794
4320,351184.3008224486
4321,15546035.92875577
4322,8945044.134929564
4323,8893639.831373032
4324,4927945.276651882
4325,13149649.085117122
4326,9562570.67886927
4327,11894186.042408533
4328,7009054.89913203
4329,11543043.15662101
4330,12532569.445787791
4331,8617382.526341712
4332,18867483.973863114
4333,9741063.332760459
4334,-707739.1831626389
4335,10030755.424772244
4336,-2190600.7836501272
4337,10376992.519194094
4338,-412682.317480631
4339,12206593.979531987
4340,-346505.9675888542
4341,14663209.884192755
4342,2185964.5792343984
4343,10787010.211872272
4344,2502832.7055346603
4345,12708900.5550097
4346,2206842.736592547
4347,12038422.694591176
4348,2226343.7591801225
4349,7407898.135443142
4350,2197154.338254285
4351,12011831.478246683
4352,1289222.6172002973
4353,11328226.200587256
4354,1301624.0849890343
4355,12640854.888067145
4356,14071222.891572058
4357,4618440.313125648
4358,12501652.356707834
4359,7436325.128495033
4360,7217778.597881779
4361,8338164.875588472
4362,5619912.268689488
4363,8427653.596462235
4364,1010166.0482970647
4365,647130.0174462481
4366,344243.52642877534
4367,11433213.82971168
4368,-1775598.7639651776
4369,13936669.4121531
4370,-860604.2316736309
4371,8430902.760619402
4372,14688280.883590665
4373,13052261.948798858
4374,6500993.787834581
4375,9870631.337886559
4376,19644978.41885682
4377,-3369589.21521288
4378,10392879.854273422
4379,6117316.090266189
4380,4987396.45041293
4381,-3415490.4789758385
4382,13406481.774897039
4383,2807523.2060121424
4384,5628987.037853905
4385,3233550.638322687
4386,10724290.378300067
4387,2865001.1347803827
4388,2329988.708902657
4389,2430379.2210649005
4390,-1269409.3434562427
4391,2320138.1550841625
4392,11482208.987537658
4393,2331043.903624842
4394,7607032.795756033
4395,1031805.8296838116
4396,555144.3823171493
4397,1329659.3189612583
4398,9184763.338296022
4399,-1850677.6121701407
4400,12974624.246649994
4401,-1787156.8212041818
4402,13573884.511978433
4403,12992036.022795899
4404,5911502.981639509
4405,8585786.13543113
4406,2173477.0357118966
4407,8234846.7063796045
4408,3274223.1264138967
4409,-188379.54917711444
4410,350705.0831940994
4411,10736154.178803867
4412,-10096145.715347985
4413,7008768.227619961
4414,-773519.7183030613
4415,-1596733.045291217
4416,9380344.119657401
4417,7800595.002412692
4418,9506901.424896078
4419,-5259975.780346772
4420,11043987.25229964
4421,-159330.35916304178
4422,4922296.070666598
4423,3034704.350367441
4424,6268288.589045496
4425,-5418836.652435599
4426,1721581.381773261
4427,-3076415.976874864
4428,10897217.299006145
4429,-946288.3212055648
4430,6053016.4877876025
4431,4276846.814340486
4432,-3732760.5395738957
4433,19590101.688266404
4434,2396789.2676030677
4435,12785105.431240065
4436,2882192.594153244
4437,1112143.1063863207
4438,2681892.541289435
4439,9461071.619434768
4440,2433050.196173583
4441,8254096.568840538
4442,1288210.040138287
4443,23587163.47929616
4444,1270076.8478297354
4445,-1447186.0133824178
4446,12898490.419556174
4447,-1994951.2501946501
4448,12403750.451987637
4449,12807960.867689727
4450,1332823.5744939796
4451,8285601.4395670965
4452,1530295.4112575948
4453,8059437.386617462
4454,18942254.97968347
4455,8120038.65042383
4456,4525700.470085607
4457,485719.99802680453
4458,361590.341066963
4459,4502353.202338376
4460,-3308959.6687515574
4461,9857225.23192101
4462,-924264.4607147977
4463,5259979.247778378
4464,5387711.691796871
4465,887038.0953435779
4466,8071495.934232021
4467,3541529.7930954276
4468,12712852.221760726
4469,6640921.002548881
4470,-10938394.449659918
4471,6026325.568243337
4472,14454281.917891908
4473,-9114487.752448838
4474,9715794.443486298
4475,6364493.83511635
4476,4307137.561630441
4477,3307818.503819115
4478,-188614.43892477482
4479,3044470.739948856
4480,1845129.4614053755
4481,7773126.271988106
4482,2674923.350937762
4483,9364549.47300214
4484,2568651.031666685
4485,22385551.366711132
4486,2419707.960589343
4487,14694292.69766827
4488,1320755.6406615474
4489,8178202.6285843495
4490,1278451.010816133
4491,7493372.783477192
4492,5732179.5821001
4493,12501115.41916893
4494,-1639018.3771155928
4495,11358138.888325691
4496,3979736.506928065
4497,8879175.941471124
4498,-2743575.1967453854
4499,7944902.226735775
4500,-8000496.604223087
4501,7867516.193138093
4502,10366729.301709047
4503,421488.9942444776
4504,364980.2823750835
4505,-2158232.4507489176
4506,-2116426.2068716795
4507,12997934.470738653
4508,3388440.0722365826
4509,11581543.402541239
4510,23088953.76279949
4511,15863132.068046618
4512,-2242523.3103595437
4513,3514876.3119359845
4514,17323220.097329546
4515,11239823.198547313
4516,12178389.38600167
4517,16914764.550968878
4518,3358536.3142493903
4519,-2845181.6278767358
4520,3246557.7663146136
4521,5567126.835388379
4522,3358916.0282724677
4523,12508279.353518525
4524,3285743.629501138
4525,12736414.866939148
4526,2695147.33859154
4527,12692225.55357225
4528,2689053.152599099
4529,15452471.26567019
4530,2788499.8821952967
4531,13396732.546981247
4532,918254.0111319206
4533,17815498.077804524
4534,-8184704.267450477
4535,13998998.545919264
4536,-5684183.706994712
4537,6169887.509741688
4538,-1151963.5593058213
4539,10306799.273839073
4540,9133045.667127725
4541,6756651.517297968
4542,-961297.5936599325
4543,366867.7724405585
4544,10640452.843650924
4545,-1767638.6232905977
4546,341245.70871470554
4547,11574254.155952593
4548,-2804389.53690404
4549,19789631.115543403
4550,14584354.38850936
4551,12588459.319616582
4552,12774271.242026482
4553,9298874.98992173
4554,20700171.657103404
4555,12311738.876536502
4556,6007109.774955457
4557,16151715.547943303
4558,11214926.570664959
4559,12493488.073888827
4560,2606817.006493763
4561,9770022.24695805
4562,-862634.5198127085
4563,13914323.242911765
4564,1494325.7816263968
4565,11152539.474995831
4566,1698069.636581114
4567,14177930.899578784
4568,1680311.2392080128
4569,16163412.031953698
4570,1818021.2841914347
4571,6642072.500932017
4572,761036.6654770754
4573,12257527.342754185
4574,861400.8661227168
4575,11708109.00250591
4576,-800528.2897014577
4577,14095177.224329745
4578,-1356046.5742221444
4579,15052371.079196578
4580,-476309.18065484456
4581,9168490.372080402
4582,6530476.980429697
4583,9650611.878234735
4584,11877359.850226294
4585,9047690.172038976
4586,-310560.22750408377
4587,340382.31430404575
4588,8011876.956812424
4589,6191648.219705184
4590,8603547.741006507
4591,-2462974.500143016
4592,332559.29581701354
4593,9667992.26963557
4594,23533877.61594125
4595,11305992.599222872
4596,9460744.6926643
4597,8651165.505561518
4598,24378548.97339941
4599,8681626.299720105
4600,9236213.460162196
4601,11871040.523690563
4602,10438933.909009958
4603,8245030.9847060535
4604,17853582.665562134
4605,13105677.689786673
4606,-216590.78094080425
4607,6488119.489226056
4608,-723467.1167300371
4609,11705419.661021085
4610,-1035529.1238945723
4611,14964537.145137433
4612,2119365.858532853
4613,12264642.352325464
4614,2455231.897797256
4615,13157974.275644
4616,2128548.6443849406
4617,18491356.01664323
4618,2243538.1529328683
4619,11755318.52879155
4620,1381952.6006374597
4621,8040628.03285213
4622,1214687.7965060887
4623,13640355.564254284
4624,1132751.9006163194
4625,11996510.83718483
4626,-1468078.4704028387
4627,12797790.951315306
4628,113857.388471324
4629,11983368.520848056
4630,1835077.1024178956
4631,8714855.747558003
4632,4736619.52249462
4633,8357398.05356591
4634,5691012.872736866
4635,-140866.47766751866
4636,332073.38156185613
4637,2446860.4596960433
4638,-63247.03108672211
4639,383419.872439484
4640,11533709.33652125
4641,-2808564.588040928
4642,14017889.251064152
4643,4962774.361417688
4644,15176693.828389755
4645,8660017.661028419
4646,8973366.585899543
4647,9049104.7712693
4648,11410888.997530082
4649,16727953.130423877
4650,10849907.261551196
4651,12046438.434515277
4652,10297341.390255665
4653,137551.3604335744
4654,-1105152.5949354528
4655,21049133.78608742
4656,11084440.186299143
4657,18761397.059183113
4658,3675286.8970392207
4659,-408968.6678941529
4660,11790093.356303291
4661,2245205.881500055
4662,2215210.2715650117
4663,12152039.515721116
4664,2239683.867709639
4665,-4307173.710309947
4666,2189502.082061782
4667,10056214.574085549
4668,2324603.025886723
4669,1264201.4093946964
4670,7899395.00240507
4671,1319311.328605314
4672,8198655.357404147
4673,-743320.6849460009
4674,13125975.122040562
4675,-849501.4993945111
4676,13071164.747224156
4677,-3254715.179243678
4678,8501484.228260813
4679,6315824.087627658
4680,8535181.260846911
4681,2187035.141942417
4682,8140380.216266768
4683,-453688.66091129964
4684,612143.0332001674
4685,360651.33202276926
4686,6809998.808926659
4687,-3956291.625477395
4688,-6382712.667657803
4689,-1540659.0206099707
4690,336545.2831969835
4691,7739529.192270982
4692,8708269.608561637
4693,8027987.270859189
4694,-621442.78820813
4695,10015270.14204656
4696,11549406.654345775
4697,-2906131.9823861434
4698,5330346.634085302
4699,9025814.908263672
4700,21226362.456928823
4701,-2674740.3478520955
4702,13251409.409970913
4703,-7643339.910242135
4704,9191406.398384321
4705,-1045403.1734807985
4706,-236125.75388408554
4707,1382514.45650074
4708,-6324736.115895862
4709,2349800.2887434596
4710,1288659.6356927701
4711,2306953.484046382
4712,13467451.579112371
4713,2353311.4612812866
4714,2560146.0272881216
4715,8794052.314455234
4716,1398890.6765470714
4717,5726619.143636905
4718,1255351.6981262076
4719,10276454.80751163
4720,1267533.4693796888
4721,10771443.718617866
4722,164737.96230307408
4723,12051162.975349238
4724,-5096470.62068654
4725,11969161.225618895
4726,5998886.420611301
4727,8077921.766982645
4728,5511126.294728383
4729,7984920.549434778
4730,3361362.2471984476
4731,494199.6541220175
4732,350659.55176465935
4733,-5819356.310231926
4734,363015.64724873734
4735,9240661.156751119
4736,-3483516.8408491397
4737,13462573.133067122
4738,-1290441.4697245173
4739,9050817.683595289
4740,9396331.991472954
4741,-8138341.543800627
4742,6745315.858157004
4743,7240911.19332582
4744,-2812440.5924801365
4745,7736355.770598166
4746,4752533.043494777
4747,-1678636.7888607804
4748,3834783.864846894
4749,3100459.7389560263
4750,10365323.041648041
4751,-5345376.609109405
4752,12916581.336889025
4753,3150808.767900405
4754,22376998.978027664
4755,3131028.4064233373
4756,3894883.827593612
4757,3160612.9660805934
4758,6142862.693289876
4759,2378967.585993559
4760,16854110.785238035
4761,2665877.9382367483
4762,8039038.245267652
4763,1320308.2524836625
4764,17298215.682694115
4765,1339748.6157476879
4766,4350640.69390337
4767,11665736.94756813
4768,-1275720.3757558619
4769,11218475.861475844
4770,-1270964.837405697
4771,11493191.391973322
4772,1006959.9174084335
4773,7978239.8671849845
4774,8055505.16839534
4775,8678057.926750364
4776,7983526.732541357
4777,512306.8658537025
4778,362751.828945934
4779,2284864.7090808605
4780,5404319.48005517
4781,13885101.858799824
4782,-2023271.2810360596
4783,2894802.581336162
4784,5198720.3417388555
4785,3191041.113682345
4786,1502631.5846791908
4787,18509546.58745706
4788,-3875793.086637175
4789,17421665.640409347
4790,-5016354.96622744
4791,4811428.387056524
4792,3155327.752051497
4793,13554340.841374854
4794,3221050.3717480847
4795,18982352.476666905
4796,2495526.126923139
4797,5486768.642405892
4798,3265539.2232212876
4799,-6710670.129477478
4800,2523479.129286359
4801,13991290.613673728
4802,2390564.7155179363
4803,17266980.88028059
4804,2544909.528351289
4805,6702868.832695557
4806,1172837.2441280459
4807,15040594.73277771
4808,1338376.826959966
4809,7902356.597710535
4810,11266606.912177656
4811,14255091.307109196
4812,10604881.835401382
4813,12507595.149085402
4814,8196424.860546474
4815,12506801.785065
4816,7839196.464105992
4817,7768894.744015358
4818,13034123.997043442
4819,323028.9979486734
4820,370751.4284759151
4821,19788311.864442386
4822,-10393782.454819933
4823,13180131.063445603
4824,-3338084.6678048433
4825,12625989.498844706
4826,-2780370.667215206
4827,12159741.019693453
4828,-6718802.310333786
4829,13580887.76629524
4830,16179135.481912872
4831,7547726.246525824
4832,13305530.962827964
4833,12046807.287142793
4834,3343720.2842997797
4835,13255669.395101408
4836,3383631.6428700783
4837,13836676.498016322
4838,3351206.9574799226
4839,3339938.92236558
4840,9756053.414788205
4841,2651639.259093501
4842,10212647.00931332
4843,2644223.713832944
4844,12109281.126119655
4845,2702933.701643056
4846,16356893.646322155
4847,1335448.0622053458
4848,14716075.65106295
4849,3399903.9482004507
4850,16364841.613249281
4851,-4255310.220389346
4852,10948732.644838735
4853,9951115.014531344
4854,5219348.516352552
4855,9452099.98140227
4856,9165586.321502853
4857,-1372766.0606018703
4858,352439.55543318915
4859,-1548956.7478612605
4860,344041.71942322137
4861,-1720138.332368364
4862,18383753.251810424
4863,8879348.904251967
4864,15247185.330861617
4865,8889004.375531528
4866,15451700.91450356
4867,20727359.35391869
4868,14218404.715897834
4869,11678159.83107871
4870,10627017.325461688
4871,14118093.946740141
4872,18512416.115524765
4873,20954470.96900254
4874,15944665.540604705
4875,16618468.583214289
4876,-632195.1097034427
4877,14381086.771636415
4878,-940761.8274154824
4879,11902357.481090007
4880,1787683.3565926552
4881,15158587.333523124
4882,1684979.7577100229
4883,12809348.109949436
4884,1667238.2504006824
4885,13000438.764678432
4886,1375094.092506741
4887,17229341.790068135
4888,1046217.3732649073
4889,12634528.27061379
4890,1044118.2686867829
4891,13022256.386340873
4892,-1295388.591466569
4893,13402810.022280933
4894,-568620.9967912113
4895,16239520.420374881
4896,-926497.6620250512
4897,13585390.313665014
4898,9421553.773413476
4899,9372264.12350059
4900,8953896.225947842
4901,9258837.743056713
4902,-311839.3043109558
4903,347779.3341197198
4904,-6705308.421268619
4905,332279.6881654363
4906,13468530.816499773
4907,-1798016.6333279158
4908,326584.96259011136
4909,11516648.441164369
4910,18343036.559010655
4911,15408887.310046503
4912,15636303.606919294
4913,16750459.186507266
4914,7742045.96584672
4915,13488450.425529951
4916,7733027.579571569
4917,12383431.341782307
4918,17637768.516297862
4919,14838914.986617371
4920,20914618.88152651
4921,7828024.922260297
4922,-215745.1794326377
4923,13600608.499996644
4924,-650128.1760855613
4925,13904705.644959742
4926,2040049.92124484
4927,15364338.70887664
4928,1987556.3421985111
4929,14249836.199570304
4930,1813366.0752852145
4931,12860474.355234
4932,1263141.8018154446
4933,12316214.408838116
4934,1004661.1667807263
4935,7797119.508375922
4936,931478.3729580713
4937,15489241.30774993
4938,-600516.4290779934
4939,18831633.90076648
4940,-1067916.4204127728
4941,15423640.195663577
4942,9676866.366437154
4943,9410072.349328628
4944,5846541.775931505
4945,9086268.897982044
4946,15203640.881283741
4947,6261187.408041382
4948,13689977.775143277
4949,-352758.8635176935
4950,337497.7066476123
4951,9564629.975776603
4952,-2657492.1661860524
4953,338863.2771624065
4954,15955643.471859057
4955,19466528.06405758
4956,15610988.5561235
4957,12147510.57367902
4958,20422788.616518136
4959,14279056.022850603
4960,10932950.861081274
4961,13756537.628674936
4962,288979.9161197444
4963,4520370.400546446
4964,13203197.615130771
4965,8823844.359685618
4966,13915785.444237148
4967,-448182.4126798214
4968,12813870.911235888
4969,-286477.87152234575
4970,14883183.09742615
4971,1746071.7759547036
4972,13677697.929788252
4973,-2345029.8172355974
4974,11631903.16705383
4975,1510596.3906664406
4976,7666172.735394877
4977,1615204.8637509667
4978,14170977.657118991
4979,1441079.7720211116
4980,9432589.308890445
4981,542248.3130830608
4982,13356661.39232878
4983,959191.0845745879
4984,15110972.788053548
4985,-565990.4381740302
4986,12414102.713316496
4987,-4835123.710337041
4988,15270011.91043588
4989,-996276.9108662031
4990,8828998.115168005
4991,6433310.194582353
4992,9387727.87001376
4993,11193916.25581054
4994,9201695.172818635
4995,14713422.169497227
4996,-441772.18322112487
4997,351372.2728215661
4998,12133055.604033554
4999,-2217062.9563186755
5000,348439.3995237547
5001,12047799.512974171
5002,-1933897.3427679301
5003,340675.37380559527
5004,14287576.37704958
5005,13855455.016999412
5006,10536868.759074522
5007,10947113.567789635
5008,10580826.955455646
5009,13668591.65541332
5010,12844358.136360437
5011,24188348.97218948
5012,14781730.740727205
5013,8672481.588470709
5014,13817592.386006664
5015,19865978.60019704
5016,16303532.812870774
5017,1126731.7927007084
5018,14833283.13295266
5019,-228344.81299434634
5020,12033659.14609977
5021,1355921.8548295884
5022,12640947.098717147
5023,713345.725293871
5024,-5522132.149100238
5025,716343.0279943751
5026,14597300.649684152
5027,275461.97535977245
5028,13972140.472755995
5029,-1401792.550698235
5030,15142960.164737364
5031,-8337843.512379639
5032,12498624.634329153
5033,11266955.826621406
5034,13144441.250149358
5035,11651611.071217533
5036,9482534.524968889
5037,9858609.060916452
5038,13058562.46584991
5039,5770720.985588519
5040,11837133.701943854
5041,6740080.634765411
5042,22998583.661037438
5043,6493590.316166274
5044,17833315.817903347
5045,511297.7591671318
5046,381678.6685813935
5047,10882037.837196052
5048,19919726.98331613
5049,14318411.18577092
5050,19795877.825749893
5051,16581797.222810075
5052,10722064.973609317
5053,15400144.27798592
5054,19786657.96894701
5055,7374349.534976952
5056,14710947.741482636
5057,24078748.210549247
5058,11064894.69350506
5059,18586806.80165025
5060,13132620.970298111
5061,3270550.767465577
5062,18342398.90889266
5063,3423169.605965016
5064,10280668.183474373
5065,3246472.369144366
5066,3210216.915674573
5067,14696264.568651935
5068,3139406.482497012
5069,13102046.656963233
5070,2685925.068879747
5071,2660299.004711698
5072,14851736.446999963
5073,2618106.2040879726
5074,18407282.361860726
5075,1460541.8752753672
5076,16335362.120522568
5077,1060103.9899117795
5078,16155003.476596687
5079,1103989.06859964
5080,5389992.635689691
5081,9419959.545357449
5082,9808450.222458262
5083,13836576.527704846
5084,10125777.552410878
5085,19411171.474889196
5086,6684638.236919509
5087,-430274.5759330049
5088,6565720.910070205
5089,18536233.88375235
5090,-3885814.8209536076
5091,370168.35754972725
5092,2273102.8988869963
5093,-2454181.3816103376
5094,11801287.490743317
5095,4883127.092628008
5096,12493752.903810266
5097,10293264.348520542
5098,11354492.488660617
5099,12596151.062485028
5100,6956161.733725307
5101,13759452.384618443
5102,6658978.5723929005
5103,15181133.708572889
5104,15551477.409661919
5105,2010329.1162545115
5106,14023287.986373117
5107,1443888.9477024304
5108,8201280.6919747945
5109,1280340.5129143498
5110,12399554.131741805
5111,1460380.789186341
5112,15748890.635623852
5113,1072950.8167650942
5114,12854800.422949033
5115,1448186.681239956
5116,13264563.638442595
5117,557073.4382690901
5118,14673924.680566201
5119,623029.3340790212
5120,15303720.237880314
5121,-954757.8032824341
5122,15270380.116921663
5123,-899437.1498351104
5124,13552151.389448807
5125,-904273.0046995484
5126,9119090.918008743
5127,20495317.12835479
5128,8926342.477575622
5129,9307926.946271513
5130,7711803.909097517
5131,-235511.962740806
5132,350757.11374684435
5133,-7498386.728550732
5134,6280796.020181741
5135,19082413.685904752
5136,-1633223.7003454189
5137,344790.03258371615
5138,9801962.113184877
5139,23551183.96975512
5140,15725919.23217794
5141,18513111.77316859
5142,18580083.29652472
5143,8340309.087318918
5144,20112995.09870218
5145,7266169.220548814
5146,14648593.455876505
5147,14905995.042740326
5148,13429457.071103584
5149,14015246.38737842
5150,18434657.58281399
5151,13142209.177512946
5152,14248783.681381965
5153,14298993.894905496
5154,-642748.2451605322
5155,13198830.781003872
5156,1954898.3541246955
5157,12905824.631995153
5158,2413751.35720029
5159,10916845.375591423
5160,1992269.393028155
5161,9480741.898513993
5162,1930829.1158904694
5163,9163608.671746667
5164,1132672.9917278034
5165,12058801.838665938
5166,1156094.7082945663
5167,12048382.461457297
5168,1205388.1775609464
5169,14190790.373341883
5170,-1261978.204200941
5171,15132929.355271917
5172,-5719049.682027844
5173,13979812.689249065
5174,4044667.5693344274
5175,9003432.564191654
5176,8733549.6325158
5177,8628905.54080715
5178,5388777.736984767
5179,6447265.397141648
5180,12143962.117976567
5181,-107699.41052209187
5182,345479.51972115895
5183,9317443.571328668
5184,-13492855.07492741
5185,12805830.813856037
5186,-765154.7176160135
5187,320247.5228994673
5188,18599132.670125775
5189,2584384.2375741615
5190,7064279.044503125
5191,12452114.332585981
5192,13754026.084269503
5193,9996566.377729625
5194,-3897291.8550104275
5195,6012834.389907615
5196,-381207.7781427408
5197,10044545.1659034
5198,10934276.942576397
5199,12949162.277167419
5200,-552594.2971156851
5201,12757798.00963218
5202,-5300069.870613888
5203,8745940.529513475
5204,2711946.9760216204
5205,2275338.7882283204
5206,11622757.16860019
5207,2310427.3591428446
5208,10358368.880557569
5209,1450254.4908206966
5210,1442771.5744765
5211,10139643.43717124
5212,1344685.880807958
5213,-929846.8102326102
5214,-1905801.725549604
5215,12508614.410159376
5216,-1332891.9762151123
5217,11800726.221904641
5218,7855914.992771694
5219,12167254.121128624
5220,5864125.49770463
5221,8253029.807335794
5222,20051471.62130095
5223,8151063.275725608
5224,5091852.87833378
5225,571520.0034521202
5226,346164.87498343625
5227,14254726.409279788
5228,-718790.5395765918
5229,11093099.549806949
5230,16694613.287636269
5231,7157680.918325141
5232,-842576.213020921
5233,8748261.052081019
5234,11213324.610126909
5235,5915686.596366549
5236,-1547981.2394044774
5237,9005775.115351196
5238,-590574.9397292413
5239,14526397.982445177
5240,-12699209.755714582
5241,9630389.198535277
5242,3126445.3041156167
5243,15985094.720310858
5244,-893026.1540667424
5245,14962278.33871378
5246,3436668.545572297
5247,16955787.98591409
5248,2390965.3924008626
5249,16268190.443344912
5250,2969599.187540413
5251,14276921.09896698
5252,2638302.673820908
5253,-6955961.956248057
5254,2647449.2977632172
5255,3653721.696751503
5256,2806085.106398662
5257,6455602.541227808
5258,1065465.5920589298
5259,6512866.087216166
5260,1278261.6129533895
5261,23681094.736754745
5262,-820300.6784970027
5263,-917825.3879901239
5264,-1936779.7394604627
5265,11380503.714661725
5266,11281576.919769052
5267,16191027.969485044
5268,7923885.175538128
5269,5203252.773934731
5270,7803853.904603748
5271,476011.3867716888
5272,349043.1746331918
5273,-8893146.348641569
5274,-6274394.460422628
5275,17343978.960517474
5276,-7804968.311680526
5277,13775750.71626022
5278,503059.3527927084
5279,24480384.307183273
5280,14893815.956527686
5281,11476347.212601386
5282,10460927.667826746
5283,-6083684.197815063
5284,10765254.870606728
5285,13553969.067850089
5286,3307060.7744032163
5287,11877055.014191777
5288,-9592793.006469548
5289,13862794.946669076
5290,3174234.683654796
5291,-1224041.8181129938
5292,3465170.3403764353
5293,3436055.6970772683
5294,16859046.164386027
5295,3273204.7915479084
5296,15273582.702631306
5297,2467266.0549262003
5298,12316052.730529506
5299,2896713.739654883
5300,6545941.714137031
5301,1183971.1150300312
5302,9162502.514640054
5303,1342178.1818455248
5304,7567098.2092312975
5305,-11985427.912111303
5306,11532206.64746203
5307,11614907.16681631
5308,11906610.248161491
5309,4228043.039808475
5310,8145093.391901359
5311,1155451.652068338
5312,8102302.776315463
5313,-4585301.677500112
5314,8466530.619338065
5315,21573907.1320994
5316,258247.5269134923
5317,365151.0708257618
5318,21984760.345772523
5319,23500295.34515375
5320,14158512.542753661
5321,17323158.86872066
5322,13537466.414693844
5323,13228368.942614507
5324,15075658.660686687
5325,12011906.305978714
5326,5638670.7391692065
5327,13534366.750427067
5328,6049230.09641195
5329,15266521.171300447
5330,158145.0667628218
5331,13242064.197611647
5332,435944.51893139316
5333,15281782.59932282
5334,1291446.8855525528
5335,4535681.846597837
5336,1301351.2491941391
5337,2878732.426731432
5338,2648922.003849932
5339,2644728.3966030823
5340,-7999400.56936056
5341,2506546.0685816435
5342,15587961.276665252
5343,1540396.4845999423
5344,92314.41258254205
5345,1214707.0982400235
5346,17091158.3621509
5347,12096451.83932207
5348,4477994.0728936065
5349,12066619.078672044
5350,-5156230.351283864
5351,-4953656.252694615
5352,22171969.491681226
5353,7955472.939325055
5354,4525072.612375384
5355,7819146.3877690155
5356,512871.00318484416
5357,354578.07841976505
5358,3109264.240963006
5359,-1770266.91805626
5360,9597428.290928686
5361,-2201872.4729766496
5362,-12353546.387321657
5363,-4648708.049029456
5364,10985152.855159301
5365,23666144.726946555
5366,24796531.055823226
5367,16980580.003976725
5368,5879450.4173711
5369,16221560.135057334
5370,2452378.3242570437
5371,5848800.513422846
5372,-1749673.8070327924
5373,3236092.69669758
5374,-1359716.0197798312
5375,8791865.847556695
5376,-2504836.6234357916
5377,16598972.581819575
5378,1263180.8186876983
5379,9926649.106661335
5380,2464882.4580319645
5381,6488322.29340657
5382,2451967.860175179
5383,3450446.316834796
5384,2530337.0078322263
5385,14075073.282551918
5386,2444915.190009347
5387,11439804.042776447
5388,2528528.706012349
5389,6591957.374693163
5390,1283694.3091131006
5391,10673783.158643808
5392,1297840.4141667911
5393,6865457.4101392375
5394,1237309.7930114395
5395,10485297.183178963
5396,-2256242.1387439827
5397,12516921.504027043
5398,-8179753.039778677
5399,12825860.376544533
5400,6755768.893997842
5401,8253586.7120423075
5402,21036430.50258612
5403,8567192.196144706
5404,5229175.448005569
5405,3136363.5242090644
5406,9055875.252585504
5407,-121571.95055703819
5408,352361.6294883403
5409,10706613.008365717
5410,-1918689.1387945295
5411,332921.2901961147
5412,12922896.5373527
5413,14683930.493166596
5414,14046469.231638163
5415,10219494.785174193
5416,2694097.865292808
5417,15127998.17967555
5418,19393862.435885962
5419,16686819.554380149
5420,6590544.488883957
5421,18640413.69077332
5422,5987950.583639574
5423,11227534.406552812
5424,21831382.717125762
5425,11511928.118825266
5426,12507959.46912893
5427,8062267.069424495
5428,-385483.0986433774
5429,10824368.48767152
5430,1929897.4198509145
5431,9665652.756830776
5432,1723450.0565219398
5433,11549876.588272084
5434,1895480.5043185144
5435,12478939.922445033
5436,1793487.8874366581
5437,17327131.57096518
5438,907227.421023113
5439,6544722.568543115
5440,772129.9202873252
5441,12632301.064935157
5442,788371.7365248933
5443,13498560.005379772
5444,-3706406.3783861846
5445,14092554.421145886
5446,-2603447.3764615916
5447,12927229.039083313
5448,3492990.840489632
5449,15080084.82799142
5450,19743724.68497229
5451,9643311.223775854
5452,4541423.684351804
5453,9446915.526538
5454,228923.78158033415
5455,7367531.602896283
5456,-11012697.123965878
5457,7843376.244104976
5458,507211.999893437
5459,349872.38459298766
5460,396118.67892566917
5461,224593.12940300483
5462,5304104.285608405
5463,-1242531.9394427042
5464,19597344.31648967
5465,-3593201.390277487
5466,11582427.949323973
5467,9006578.75589591
5468,-859873.7480157908
5469,8783130.108163288
5470,13938917.8716786
5471,6444366.849748941
5472,10093294.89629583
5473,18937356.40105598
5474,4834169.739083176
5475,11061746.7492286
5476,3778663.00467519
5477,9917139.254802693
5478,2338014.828848629
5479,9606721.55389459
5480,-3925120.2448351113
5481,6885814.019137284
5482,5283192.754910702
5483,10891184.668710519
5484,2206091.5227434956
5485,9935081.894023824
5486,2771940.718905767
5487,-4298083.533140703
5488,2083414.5347650852
5489,12710491.520296495
5490,2038009.2487295088
5491,6286021.009591127
5492,1329996.5941865158
5493,7525118.672680868
5494,1108306.9023522034
5495,9036690.97269162
5496,-748913.8231495081
5497,13678304.059982022
5498,-1492587.2468101447
5499,14275603.842416946
5500,-954744.0445664178
5501,13427480.231577417
5502,-1846318.418503634
5503,-4941043.066428109
5504,7597726.15042266
5505,9340190.80248913
5506,5299751.978767052
5507,8916333.3752057
5508,8887080.147383183
5509,-297513.87221190846
5510,358209.8713279238
5511,14563696.509358356
5512,-1602458.2836518958
5513,344349.25732256734
5514,9035978.912450762
5515,-2225630.0347892726
5516,10018960.554754086
5517,823389.8796429355
5518,11291678.570513107
5519,2719566.752087367
5520,12869442.705167834
5521,16759157.863898288
5522,4621125.087577974
5523,13419699.01706283
5524,4329529.806651304
5525,3891614.9706689008
5526,1341633.4042269674
5527,15742049.932029527
5528,3564719.878416212
5529,1533392.6005043262
5530,10475856.004596565
5531,3040242.5465783663
5532,5455385.126687625
5533,3133990.218959269
5534,17009340.213553432
5535,2469847.402183318
5536,2305698.478985207
5537,9101243.983710539
5538,1311372.3101200424
5539,11908981.54511385
5540,1282639.3466371098
5541,17493705.34422644
5542,1323165.4522585303
5543,13656041.177113015
5544,-1559369.8870499625
5545,12223906.420747075
5546,11711454.823860105
5547,7868670.265788074
5548,8272295.227683606
5549,4547681.632053411
5550,8275968.462693585
5551,5807163.279141751
5552,8630770.502970835
5553,9300420.099802068
5554,-73536.67084384103
5555,332511.4545984744
5556,14912092.503481084
5557,2803836.834801453
5558,15229617.226896102
5559,-2031324.398271266
5560,337039.89030965493
5561,10643201.199289514
5562,14330520.598904293
5563,9613133.077521285
5564,15171424.573760893
5565,11659855.160307107
5566,15617016.434254656
5567,7384328.156104681
5568,2373594.227577074
5569,4113312.056094583
5570,12116217.061191136
5571,8219860.0031963885
5572,12890147.82392596
5573,13773260.583402853
5574,-1088346.466661092
5575,13565008.960555404
5576,1441282.8589815819
5577,17472816.51461116
5578,11563822.008537825
5579,-55014.87124957614
5580,13222280.215322895
5581,-4110135.6191843473
5582,11206260.587080179
5583,3774505.5471023964
5584,11952952.958630418
5585,4176420.2238769783
5586,15056046.95928922
5587,2642301.165806394
5588,11188580.6922631
5589,1060221.3857557685
5590,1214836.112465135
5591,15436150.991477096
5592,1082241.8046251838
5593,12098836.58217853
5594,-2808111.1706190407
5595,12074646.27446227
5596,8846041.567524623
5597,12239348.947184417
5598,8576749.827001896
5599,3490650.849031686
5600,7915296.5128759025
5601,1309523.3753886812
5602,7986096.422753493
5603,6416530.386851893
5604,463305.0111170291
5605,344281.7088363295
5606,9431100.011887733
5607,3267724.151922303
5608,9862820.180446494
5609,3936156.9426033436
5610,11188192.820571061
5611,7884942.275946605
5612,11152060.929712277
5613,20938766.37065491
5614,11372317.270655558
5615,9937489.693256076
5616,22477126.898077127
5617,11806321.424477065
5618,11981209.134921627
5619,6891097.653510699
5620,19172858.431399614
5621,3995090.993135061
5622,-2419592.810704814
5623,7439612.289658815
5624,3934765.6944227875
5625,1426413.8301870518
5626,12944147.13797522
5627,2259079.0972744925
5628,3861087.9185256613
5629,1714189.532794514
5630,-3257432.2288834983
5631,2063527.4087163154
5632,12135886.408445274
5633,2144950.5031738575
5634,17729774.494069643
5635,1982635.9867401787
5636,8777072.373572538
5637,3311108.062304663
5638,13051549.91217139
5639,1138167.136665661
5640,11412640.899921447
5641,-1176809.92107343
5642,13291878.439162718
5643,-254015.06276696883
5644,14224338.347743833
5645,-1556897.8185143552
5646,9287128.076711524
5647,20681609.303089514
5648,9231967.229849655
5649,15047194.31174172
5650,9045026.463888029
5651,10180077.638401577
5652,-395233.3066238641
5653,349152.69240951596
5654,24442061.29563341
5655,-1889682.5213687974
5656,333239.74624511757
5657,10330645.047966212
5658,-2018317.474694162
5659,350877.5689057702
5660,19191321.106492374
5661,5119910.980147869
5662,11170311.29549648
5663,3285315.670124614
5664,18057801.514971934
5665,8187215.716109281
5666,10187147.664415767
5667,12330157.768177494
5668,8257886.152479112
5669,16036414.424882706
5670,6121151.877554539
5671,19796410.84522472
5672,5209983.695615336
5673,12898743.139074812
5674,1182985.3895689019
5675,20288760.924030714
5676,1214348.175329068
5677,1128818.9558295023
5678,3323255.6323309904
5679,2504513.2723249057
5680,2446154.444846601
5681,3153521.18141225
5682,2604156.7759067896
5683,1626715.7561300467
5684,2467395.0271270606
5685,14214552.087469283
5686,2606261.1704324423
5687,16891174.5436022
5688,3095393.869317409
5689,-1974431.3543695877
5690,1282692.5669261955
5691,9466798.542145623
5692,-2637006.578105717
5693,13310786.115057474
5694,-2077933.73466255
5695,12348437.075073209
5696,-1071843.9768808498
5697,11034408.461873656
5698,6779559.7776156515
5699,8465044.517293507
5700,5436388.987167143
5701,8351103.8114770185
5702,-134204.5772348494
5703,340063.80775482015
5704,6839422.046877449
5705,-1510837.5273277168
5706,339990.6926553119
5707,10772082.040865364
5708,-2563254.8402662333
5709,324339.54427806975
5710,19001523.94287478
5711,17562982.8955862
5712,12103230.355967661
5713,14778085.450854983
5714,12251524.461023327
5715,14726384.21931013
5716,3821879.395283586
5717,10998316.883931993
5718,11187503.892719675
5719,21092421.719334166
5720,13653339.882148454
5721,9097333.374838471
5722,12706441.72503301
5723,2781856.3799633803
5724,16655691.443561058
5725,-1202827.7778891404
5726,12794351.756813478
5727,-623712.1422813146
5728,12580592.467314074
5729,1738866.2104437505
5730,17246947.843089752
5731,1597951.7057051854
5732,14282930.324326977
5733,1055275.836542392
5734,12600378.276160669
5735,746685.9335924565
5736,12927369.133600894
5737,699988.9598039977
5738,13339009.871795017
5739,-320903.78430406546
5740,14751937.124355227
5741,-2409851.7522479957
5742,13114738.598537426
5743,13312951.163224023
5744,2218454.0768960477
5745,9778716.100794341
5746,5290470.659643739
5747,9891442.764445873
5748,7082800.109995509
5749,7784666.276360972
5750,7293416.493517695
5751,-5965116.769862627
5752,8142851.565476681
5753,16407349.770170476
5754,340483.9563319031
5755,355517.25000037503
5756,-2220002.923145544
5757,13188331.563456142
5758,18859458.852695677
5759,-2256809.441812791
5760,21645569.782436837
5761,6831069.907046074
5762,7607759.420800996
5763,11034580.404032791
5764,-3528374.1112701953
5765,8816983.856541771
5766,7430897.986631056
5767,9246493.253989127
5768,-2276991.939297705
5769,-1123148.860463452
5770,-627064.960950093
5771,8889673.607845627
5772,3400303.9760040008
5773,7975079.443267398
5774,1313418.604053182
5775,9694616.828043673
5776,2757003.099984802
5777,9394703.0145762
5778,2227864.3323905286
5779,7014891.683122826
5780,2148646.5716107674
5781,2194567.039685743
5782,2068052.7626345984
5783,12303208.500403943
5784,1170269.8807435688
5785,12642137.921575913
5786,1285821.1007958823
5787,6975908.974875209
5788,-2376726.229328898
5789,16276259.55766513
5790,-2102928.9656114317
5791,14023268.467652282
5792,-502156.9603134766
5793,13213164.228701746
5794,10066696.139261136
5795,8873346.311323103
5796,11465431.917216705
5797,8922473.216858983
5798,10959569.218841288
5799,-244122.8929509312
5800,351605.3529006537
5801,10285052.709353399
5802,-4116355.1228923844
5803,340900.0057064329
5804,21616653.220150445
5805,-2059634.8668146715
5806,336091.9548594658
5807,18661788.472967077
5808,15820661.345146725
5809,18621566.58023624
5810,15312212.397491982
5811,17153674.637953304
5812,21216902.77515293
5813,1641803.0700960546
5814,15161993.83810676
5815,7481446.703431661
5816,19985774.378029794
5817,10376156.478645828
5818,11232183.787004137
5819,22943868.79206918
5820,12942238.576221898
5821,3331022.4656848665
5822,3689757.309428856
5823,2343585.6305122045
5824,3186588.304986233
5825,19636831.289827544
5826,2938406.431012227
5827,20754084.24644899
5828,2641852.6246665563
5829,-2945618.110492924
5830,2354283.50344427
5831,16043827.613931512
5832,-568815.729500587
5833,8949105.786449317
5834,1288322.6579754492
5835,-1135376.3713380273
5836,1230567.777037084
5837,7390300.441071322
5838,-628027.8131524324
5839,8264427.059494439
5840,-4718007.275910588
5841,12886991.885695131
5842,-1035330.5582678064
5843,13259173.659852028
5844,7406138.159783085
5845,8358480.999199005
5846,9606726.606645966
5847,8460321.599155841
5848,10941242.874424163
5849,-157798.63103500163
5850,357140.4788084369
5851,11489386.98865463
5852,5910229.90786213
5853,9405381.392751459
5854,-4533436.149280354
5855,348524.885228917
5856,17746314.82297179
5857,6006492.708772736
5858,12898350.55060162
5859,6610696.816473066
5860,13615449.32004868
5861,12682258.07208867
5862,18135572.78453997
5863,13080468.735087913
5864,11857843.541899556
5865,14311939.339801926
5866,19699535.105629623
5867,12067615.761773909
5868,15722268.7069369
5869,-909044.3182099003
5870,14158942.739452515
5871,-753965.2151830245
5872,13247598.831026275
5873,-763439.9996719321
5874,12324001.120868016
5875,-75063.50281481873
5876,11454895.532906178
5877,22023249.225894246
5878,10496973.171666738
5879,2680791.6620132085
