Time,Displacement,Force
(s),(mm),(kN)
"0.0000","0.0000","-0.0002"
"0.0200","0.0000","-0.0002"
"0.0400","0.0000","-0.0003"
"0.0600","0.0001","-0.0002"
"0.0800","0.0001","0.0001"
"0.1000","0.0002","0.0005"
"0.1200","0.0003","0.0009"
"0.1400","0.0004","0.0015"
"0.1600","0.0005","0.0022"
"0.1800","0.0006","0.0029"
"0.2000","0.0007","0.0035"
"0.2200","0.0009","0.0040"
"0.2400","0.0010","0.0047"
"0.2600","0.0012","0.0055"
"0.2800","0.0014","0.0065"
"0.3000","0.0016","0.0074"
"0.3200","0.0018","0.0085"
"0.3400","0.0021","0.0099"
"0.3600","0.0023","0.0114"
"0.3800","0.0026","0.0129"
"0.4000","0.0029","0.0148"
"0.4200","0.0033","0.0169"
"0.4400","0.0037","0.0191"
"0.4600","0.0042","0.0216"
"0.4800","0.0047","0.0242"
"0.5000","0.0053","0.0272"
"0.5200","0.0059","0.0306"
"0.5400","0.0067","0.0347"
"0.5600","0.0076","0.0393"
"0.5800","0.0085","0.0443"
"0.6000","0.0094","0.0493"
"0.6200","0.0104","0.0546"
"0.6400","0.0113","0.0595"
"0.6600","0.0122","0.0641"
"0.6800","0.0131","0.0688"
"0.7000","0.0141","0.0738"
"0.7200","0.0151","0.0790"
"0.7400","0.0161","0.0843"
"0.7600","0.0172","0.0899"
"0.7800","0.0182","0.0955"
"0.8000","0.0193","0.1013"
"0.8200","0.0204","0.1074"
"0.8400","0.0214","0.1132"
"0.8600","0.0224","0.1184"
"0.8800","0.0234","0.1235"
"0.9000","0.0243","0.1290"
"0.9200","0.0253","0.1344"
"0.9400","0.0262","0.1394"
"0.9600","0.0271","0.1446"
"0.9800","0.0281","0.1500"
"1.0000","0.0291","0.1555"
"1.0200","0.0301","0.1611"
"1.0400","0.0310","0.1664"
"1.0600","0.0318","0.1709"
"1.0800","0.0326","0.1751"
"1.1000","0.0334","0.1796"
"1.1200","0.0342","0.1845"
"1.1400","0.0350","0.1894"
"1.1600","0.0358","0.1941"
"1.1800","0.0366","0.1989"
"1.2000","0.0374","0.2041"
"1.2200","0.0383","0.2093"
"1.2400","0.0391","0.2142"
"1.2600","0.0399","0.2188"
"1.2800","0.0406","0.2228"
"1.3000","0.0413","0.2265"
"1.3200","0.0419","0.2300"
"1.3400","0.0425","0.2335"
"1.3600","0.0431","0.2373"
"1.3800","0.0438","0.2415"
"1.4000","0.0444","0.2462"
"1.4200","0.0451","0.2507"
"1.4400","0.0459","0.2553"
"1.4600","0.0466","0.2602"
"1.4800","0.0473","0.2652"
"1.5000","0.0481","0.2704"
"1.5200","0.0488","0.2749"
"1.5400","0.0495","0.2793"
"1.5600","0.0501","0.2835"
"1.5800","0.0507","0.2876"
"1.6000","0.0513","0.2916"
"1.6200","0.0519","0.2954"
"1.6400","0.0525","0.2993"
"1.6600","0.0531","0.3038"
"1.6800","0.0538","0.3088"
"1.7000","0.0545","0.3142"
"1.7200","0.0552","0.3192"
"1.7400","0.0559","0.3236"
"1.7600","0.0565","0.3278"
"1.7800","0.0572","0.3319"
"1.8000","0.0578","0.3360"
"1.8200","0.0583","0.3398"
"1.8400","0.0589","0.3434"
"1.8600","0.0594","0.3470"
"1.8800","0.0600","0.3507"
"1.9000","0.0605","0.3548"
"1.9200","0.0611","0.3588"
"1.9400","0.0617","0.3628"
"1.9600","0.0623","0.3668"
"1.9800","0.0629","0.3709"
"2.0000","0.0635","0.3755"
"2.0200","0.0641","0.3805"
"2.0400","0.0648","0.3853"
"2.0600","0.0653","0.3894"
"2.0800","0.0659","0.3931"
"2.1000","0.0664","0.3969"
"2.1200","0.0669","0.4010"
"2.1400","0.0675","0.4050"
"2.1600","0.0680","0.4089"
"2.1800","0.0686","0.4127"
"2.2000","0.0691","0.4168"
"2.2200","0.0697","0.4212"
"2.2400","0.0703","0.4257"
"2.2600","0.0708","0.4302"
"2.2800","0.0714","0.4346"
"2.3000","0.0719","0.4386"
"2.3200","0.0724","0.4423"
"2.3400","0.0729","0.4462"
"2.3600","0.0734","0.4503"
"2.3800","0.0740","0.4545"
"2.4000","0.0745","0.4587"
"2.4200","0.0750","0.4627"
"2.4400","0.0755","0.4663"
"2.4600","0.0760","0.4699"
"2.4800","0.0765","0.4737"
"2.5000","0.0770","0.4781"
"2.5200","0.0776","0.4829"
"2.5400","0.0781","0.4879"
"2.5600","0.0787","0.4927"
"2.5800","0.0792","0.4976"
"2.6000","0.0798","0.5024"
"2.6200","0.0803","0.5070"
"2.6400","0.0809","0.5115"
"2.6600","0.0814","0.5156"
"2.6800","0.0819","0.5193"
"2.7000","0.0824","0.5230"
"2.7200","0.0829","0.5267"
"2.7400","0.0833","0.5308"
"2.7600","0.0838","0.5352"
"2.7800","0.0844","0.5398"
"2.8000","0.0849","0.5444"
"2.8200","0.0853","0.5485"
"2.8400","0.0858","0.5524"
"2.8600","0.0863","0.5563"
"2.8800","0.0868","0.5606"
"2.9000","0.0873","0.5655"
"2.9200","0.0878","0.5703"
"2.9400","0.0883","0.5748"
"2.9600","0.0889","0.5791"
"2.9800","0.0894","0.5836"
"3.0000","0.0899","0.5881"
"3.0200","0.0903","0.5922"
"3.0400","0.0908","0.5964"
"3.0600","0.0912","0.6002"
"3.0800","0.0917","0.6039"
"3.1000","0.0921","0.6073"
"3.1200","0.0925","0.6107"
"3.1400","0.0929","0.6144"
"3.1600","0.0934","0.6186"
"3.1800","0.0939","0.6230"
"3.2000","0.0944","0.6275"
"3.2200","0.0948","0.6320"
"3.2400","0.0953","0.6365"
"3.2600","0.0958","0.6406"
"3.2800","0.0962","0.6445"
"3.3000","0.0966","0.6487"
"3.3200","0.0971","0.6532"
"3.3400","0.0975","0.6576"
"3.3600","0.0980","0.6619"
"3.3800","0.0984","0.6660"
"3.4000","0.0989","0.6700"
"3.4200","0.0993","0.6741"
"3.4400","0.0998","0.6783"
"3.4600","0.1002","0.6825"
"3.4800","0.1006","0.6865"
"3.5000","0.1011","0.6905"
"3.5200","0.1015","0.6944"
"3.5400","0.1019","0.6981"
"3.5600","0.1022","0.7016"
"3.5800","0.1026","0.7051"
"3.6000","0.1030","0.7087"
"3.6200","0.1034","0.7123"
"3.6400","0.1038","0.7163"
"3.6600","0.1042","0.7205"
"3.6800","0.1047","0.7248"
"3.7000","0.1051","0.7288"
"3.7200","0.1055","0.7328"
"3.7400","0.1059","0.7367"
"3.7600","0.1063","0.7406"
"3.7800","0.1067","0.7447"
"3.8000","0.1071","0.7493"
"3.8200","0.1075","0.7539"
"3.8400","0.1079","0.7584"
"3.8600","0.1084","0.7628"
"3.8800","0.1088","0.7669"
"3.9000","0.1092","0.7711"
"3.9200","0.1096","0.7754"
"3.9400","0.1101","0.7800"
"3.9600","0.1105","0.7845"
"3.9800","0.1109","0.7887"
"4.0000","0.1113","0.7926"
"4.0200","0.1117","0.7963"
"4.0400","0.1120","0.7998"
"4.0600","0.1124","0.8030"
"4.0800","0.1127","0.8066"
"4.1000","0.1131","0.8103"
"4.1200","0.1135","0.8142"
"4.1400","0.1139","0.8185"
"4.1600","0.1143","0.8230"
"4.1800","0.1147","0.8275"
"4.2000","0.1151","0.8318"
"4.2200","0.1155","0.8359"
"4.2400","0.1159","0.8398"
"4.2600","0.1162","0.8436"
"4.2800","0.1166","0.8475"
"4.3000","0.1170","0.8517"
"4.3200","0.1174","0.8563"
"4.3400","0.1178","0.8607"
"4.3600","0.1182","0.8649"
"4.3800","0.1186","0.8689"
"4.4000","0.1190","0.8728"
"4.4200","0.1193","0.8767"
"4.4400","0.1197","0.8807"
"4.4600","0.1201","0.8846"
"4.4800","0.1204","0.8884"
"4.5000","0.1208","0.8921"
"4.5200","0.1211","0.8956"
"4.5400","0.1214","0.8990"
"4.5600","0.1218","0.9022"
"4.5800","0.1221","0.9054"
"4.6000","0.1224","0.9088"
"4.6200","0.1228","0.9124"
"4.6400","0.1231","0.9161"
"4.6600","0.1235","0.9201"
"4.6800","0.1238","0.9245"
"4.7000","0.1242","0.9289"
"4.7200","0.1246","0.9335"
"4.7400","0.1250","0.9380"
"4.7600","0.1253","0.9423"
"4.7800","0.1257","0.9464"
"4.8000","0.1260","0.9505"
"4.8200","0.1264","0.9546"
"4.8400","0.1268","0.9588"
"4.8600","0.1272","0.9635"
"4.8800","0.1275","0.9681"
"4.9000","0.1279","0.9724"
"4.9200","0.1283","0.9764"
"4.9400","0.1286","0.9802"
"4.9600","0.1290","0.9840"
"4.9800","0.1293","0.9876"
"5.0000","0.1296","0.9911"
"5.0200","0.1299","0.9947"
"5.0400","0.1303","0.9983"
"5.0600","0.1306","1.0017"
"5.0800","0.1309","1.0054"
"5.1000","0.1312","1.0092"
"5.1200","0.1315","1.0128"
"5.1400","0.1319","1.0165"
"5.1600","0.1322","1.0202"
"5.1800","0.1325","1.0239"
"5.2000","0.1328","1.0278"
"5.2200","0.1332","1.0319"
"5.2400","0.1335","1.0363"
"5.2600","0.1338","1.0410"
"5.2800","0.1342","1.0458"
"5.3000","0.1346","1.0505"
"5.3200","0.1349","1.0552"
"5.3400","0.1353","1.0595"
"5.3600","0.1356","1.0636"
"5.3800","0.1359","1.0673"
"5.4000","0.1363","1.0710"
"5.4200","0.1366","1.0748"
"5.4400","0.1369","1.0789"
"5.4600","0.1372","1.0832"
"5.4800","0.1376","1.0874"
"5.5000","0.1379","1.0916"
"5.5200","0.1382","1.0956"
"5.5400","0.1385","1.0993"
"5.5600","0.1388","1.1030"
"5.5800","0.1391","1.1065"
"5.6000","0.1394","1.1104"
"5.6200","0.1398","1.1144"
"5.6400","0.1401","1.1187"
"5.6600","0.1404","1.1230"
"5.6800","0.1408","1.1274"
"5.7000","0.1411","1.1318"
"5.7200","0.1414","1.1360"
"5.7400","0.1417","1.1403"
"5.7600","0.1420","1.1443"
"5.7800","0.1423","1.1482"
"5.8000","0.1427","1.1521"
"5.8200","0.1430","1.1562"
"5.8400","0.1433","1.1605"
"5.8600","0.1436","1.1651"
"5.8800","0.1440","1.1698"
"5.9000","0.1443","1.1744"
"5.9200","0.1447","1.1789"
"5.9400","0.1450","1.1833"
"5.9600","0.1453","1.1873"
"5.9800","0.1456","1.1910"
"6.0000","0.1459","1.1945"
"6.0200","0.1462","1.1981"
"6.0400","0.1464","1.2016"
"6.0600","0.1467","1.2052"
"6.0800","0.1470","1.2092"
"6.1000","0.1474","1.2134"
"6.1200","0.1477","1.2175"
"6.1400","0.1480","1.2215"
"6.1600","0.1483","1.2255"
"6.1800","0.1486","1.2294"
"6.2000","0.1488","1.2333"
"6.2200","0.1491","1.2373"
"6.2400","0.1494","1.2415"
"6.2600","0.1497","1.2457"
"6.2800","0.1501","1.2500"
"6.3000","0.1504","1.2542"
"6.3200","0.1507","1.2586"
"6.3400","0.1510","1.2627"
"6.3600","0.1513","1.2669"
"6.3800","0.1516","1.2711"
"6.4000","0.1519","1.2749"
"6.4200","0.1522","1.2786"
"6.4400","0.1525","1.2825"
"6.4600","0.1527","1.2861"
"6.4800","0.1530","1.2900"
"6.5000","0.1533","1.2939"
"6.5200","0.1536","1.2980"
"6.5400","0.1539","1.3021"
"6.5600","0.1542","1.3061"
"6.5800","0.1545","1.3103"
"6.6000","0.1548","1.3145"
"6.6200","0.1551","1.3184"
"6.6400","0.1553","1.3223"
"6.6600","0.1556","1.3259"
"6.6800","0.1559","1.3294"
"6.7000","0.1561","1.3329"
"6.7200","0.1564","1.3365"
"6.7400","0.1567","1.3402"
"6.7600","0.1569","1.3441"
"6.7800","0.1572","1.3482"
"6.8000","0.1575","1.3525"
"6.8200","0.1578","1.3568"
"6.8400","0.1581","1.3612"
"6.8600","0.1584","1.3655"
"6.8800","0.1587","1.3697"
"6.9000","0.1590","1.3739"
"6.9200","0.1593","1.3781"
"6.9400","0.1596","1.3823"
"6.9600","0.1599","1.3864"
"6.9800","0.1601","1.3906"
"7.0000","0.1604","1.3947"
"7.0200","0.1607","1.3986"
"7.0400","0.1610","1.4025"
"7.0600","0.1612","1.4064"
"7.0800","0.1615","1.4101"
"7.1000","0.1618","1.4137"
"7.1200","0.1620","1.4173"
"7.1400","0.1623","1.4207"
"7.1600","0.1625","1.4242"
"7.1800","0.1628","1.4277"
"7.2000","0.1630","1.4313"
"7.2200","0.1633","1.4350"
"7.2400","0.1635","1.4386"
"7.2600","0.1638","1.4425"
"7.2800","0.1641","1.4465"
"7.3000","0.1644","1.4504"
"7.3200","0.1646","1.4546"
"7.3400","0.1649","1.4588"
"7.3600","0.1652","1.4629"
"7.3800","0.1655","1.4669"
"7.4000","0.1657","1.4709"
"7.4200","0.1660","1.4746"
"7.4400","0.1662","1.4783"
"7.4600","0.1665","1.4822"
"7.4800","0.1667","1.4863"
"7.5000","0.1670","1.4906"
"7.5200","0.1673","1.4952"
"7.5400","0.1676","1.4999"
"7.5600","0.1679","1.5045"
"7.5800","0.1682","1.5091"
"7.6000","0.1685","1.5133"
"7.6200","0.1687","1.5175"
"7.6400","0.1690","1.5216"
"7.6600","0.1693","1.5256"
"7.6800","0.1695","1.5297"
"7.7000","0.1698","1.5338"
"7.7200","0.1701","1.5380"
"7.7400","0.1704","1.5421"
"7.7600","0.1706","1.5462"
"7.7800","0.1709","1.5501"
"7.8000","0.1711","1.5541"
"7.8200","0.1714","1.5580"
"7.8400","0.1717","1.5619"
"7.8600","0.1719","1.5656"
"7.8800","0.1722","1.5692"
"7.9000","0.1724","1.5728"
"7.9200","0.1726","1.5762"
"7.9400","0.1729","1.5799"
"7.9600","0.1731","1.5837"
"7.9800","0.1734","1.5877"
"8.0000","0.1736","1.5918"
"8.0200","0.1739","1.5962"
"8.0400","0.1742","1.6006"
"8.0600","0.1745","1.6050"
"8.0800","0.1747","1.6095"
"8.1000","0.1750","1.6138"
"8.1200","0.1753","1.6180"
"8.1400","0.1755","1.6219"
"8.1600","0.1758","1.6257"
"8.1800","0.1760","1.6293"
"8.2000","0.1762","1.6330"
"8.2200","0.1765","1.6368"
"8.2400","0.1767","1.6406"
"8.2600","0.1770","1.6447"
"8.2800","0.1772","1.6488"
"8.3000","0.1775","1.6531"
"8.3200","0.1778","1.6574"
"8.3400","0.1780","1.6616"
"8.3600","0.1783","1.6656"
"8.3800","0.1785","1.6696"
"8.4000","0.1788","1.6736"
"8.4200","0.1790","1.6774"
"8.4400","0.1792","1.6812"
"8.4600","0.1795","1.6850"
"8.4800","0.1797","1.6889"
"8.5000","0.1800","1.6929"
"8.5200","0.1802","1.6968"
"8.5400","0.1805","1.7008"
"8.5600","0.1807","1.7047"
"8.5800","0.1810","1.7087"
"8.6000","0.1812","1.7125"
"8.6200","0.1814","1.7164"
"8.6400","0.1817","1.7201"
"8.6600","0.1819","1.7238"
"8.6800","0.1821","1.7276"
"8.7000","0.1823","1.7311"
"8.7200","0.1826","1.7348"
"8.7400","0.1828","1.7385"
"8.7600","0.1830","1.7423"
"8.7800","0.1833","1.7462"
"8.8000","0.1835","1.7503"
"8.8200","0.1838","1.7544"
"8.8400","0.1840","1.7587"
"8.8600","0.1842","1.7628"
"8.8800","0.1845","1.7669"
"8.9000","0.1847","1.7711"
"8.9200","0.1850","1.7752"
"8.9400","0.1852","1.7793"
"8.9600","0.1855","1.7833"
"8.9800","0.1857","1.7871"
"9.0000","0.1859","1.7910"
"9.0200","0.1862","1.7947"
"9.0400","0.1864","1.7986"
"9.0600","0.1866","1.8026"
"9.0800","0.1869","1.8067"
"9.1000","0.1871","1.8109"
"9.1200","0.1873","1.8154"
"9.1400","0.1876","1.8197"
"9.1600","0.1878","1.8240"
"9.1800","0.1881","1.8282"
"9.2000","0.1883","1.8323"
"9.2200","0.1886","1.8364"
"9.2400","0.1888","1.8403"
"9.2600","0.1890","1.8443"
"9.2800","0.1893","1.8483"
"9.3000","0.1895","1.8523"
"9.3200","0.1897","1.8564"
"9.3400","0.1900","1.8604"
"9.3600","0.1902","1.8645"
"9.3800","0.1904","1.8686"
"9.4000","0.1906","1.8724"
"9.4200","0.1909","1.8763"
"9.4400","0.1911","1.8804"
"9.4600","0.1913","1.8844"
"9.4800","0.1916","1.8883"
"9.5000","0.1918","1.8921"
"9.5200","0.1920","1.8959"
"9.5400","0.1922","1.8996"
"9.5600","0.1924","1.9032"
"9.5800","0.1926","1.9069"
"9.6000","0.1929","1.9105"
"9.6200","0.1931","1.9142"
"9.6400","0.1933","1.9179"
"9.6600","0.1935","1.9218"
"9.6800","0.1937","1.9257"
"9.7000","0.1939","1.9299"
"9.7200","0.1942","1.9341"
"9.7400","0.1944","1.9385"
"9.7600","0.1946","1.9429"
"9.7800","0.1948","1.9472"
"9.8000","0.1951","1.9515"
"9.8200","0.1953","1.9556"
"9.8400","0.1955","1.9596"
"9.8600","0.1957","1.9635"
"9.8800","0.1959","1.9673"
"9.9000","0.1962","1.9712"
"9.9200","0.1964","1.9750"
"9.9400","0.1966","1.9789"
"9.9600","0.1968","1.9830"
"9.9800","0.1970","1.9874"
"10.0000","0.1973","1.9918"
"10.0200","0.1975","1.9965"
"10.0400","0.1977","2.0011"
"10.0600","0.1980","2.0057"
"10.0800","0.1982","2.0102"
"10.1000","0.1984","2.0144"
"10.1200","0.1986","2.0185"
"10.1400","0.1989","2.0227"
"10.1600","0.1991","2.0267"
"10.1800","0.1993","2.0306"
"10.2000","0.1995","2.0348"
"10.2200","0.1997","2.0388"
"10.2400","0.1999","2.0428"
"10.2600","0.2002","2.0470"
"10.2800","0.2004","2.0512"
"10.3000","0.2006","2.0550"
"10.3200","0.2008","2.0590"
"10.3400","0.2010","2.0630"
"10.3600","0.2012","2.0668"
"10.3800","0.2014","2.0707"
"10.4000","0.2016","2.0744"
"10.4200","0.2018","2.0780"
"10.4400","0.2020","2.0816"
"10.4600","0.2022","2.0852"
"10.4800","0.2024","2.0887"
"10.5000","0.2026","2.0923"
"10.5200","0.2028","2.0960"
"10.5400","0.2030","2.0998"
"10.5600","0.2032","2.1037"
"10.5800","0.2034","2.1077"
"10.6000","0.2036","2.1117"
"10.6200","0.2038","2.1158"
"10.6400","0.2040","2.1201"
"10.6600","0.2042","2.1244"
"10.6800","0.2044","2.1288"
"10.7000","0.2047","2.1331"
"10.7200","0.2049","2.1376"
"10.7400","0.2051","2.1420"
"10.7600","0.2053","2.1463"
"10.7800","0.2055","2.1505"
"10.8000","0.2057","2.1545"
"10.8200","0.2060","2.1586"
"10.8400","0.2062","2.1627"
"10.8600","0.2064","2.1667"
"10.8800","0.2066","2.1708"
"10.9000","0.2068","2.1749"
"10.9200","0.2070","2.1791"
"10.9400","0.2072","2.1833"
"10.9600","0.2074","2.1877"
"10.9800","0.2076","2.1921"
"11.0000","0.2079","2.1963"
"11.0200","0.2081","2.2005"
"11.0400","0.2083","2.2044"
"11.0600","0.2085","2.2084"
"11.0800","0.2087","2.2122"
"11.1000","0.2089","2.2160"
"11.1200","0.2091","2.2198"
"11.1400","0.2092","2.2235"
"11.1600","0.2094","2.2274"
"11.1800","0.2096","2.2311"
"11.2000","0.2098","2.2349"
"11.2200","0.2100","2.2388"
"11.2400","0.2102","2.2426"
"11.2600","0.2104","2.2465"
"11.2800","0.2106","2.2502"
"11.3000","0.2108","2.2540"
"11.3200","0.2110","2.2576"
"11.3400","0.2112","2.2613"
"11.3600","0.2114","2.2651"
"11.3800","0.2116","2.2688"
"11.4000","0.2117","2.2725"
"11.4200","0.2119","2.2762"
"11.4400","0.2121","2.2801"
"11.4600","0.2123","2.2838"
"11.4800","0.2125","2.2876"
"11.5000","0.2127","2.2914"
"11.5200","0.2129","2.2952"
"11.5400","0.2131","2.2991"
"11.5600","0.2133","2.3033"
"11.5800","0.2135","2.3074"
"11.6000","0.2137","2.3116"
"11.6200","0.2139","2.3161"
"11.6400","0.2141","2.3206"
"11.6600","0.2143","2.3252"
"11.6800","0.2145","2.3299"
"11.7000","0.2147","2.3344"
"11.7200","0.2150","2.3389"
"11.7400","0.2152","2.3433"
"11.7600","0.2154","2.3476"
"11.7800","0.2156","2.3517"
"11.8000","0.2158","2.3556"
"11.8200","0.2159","2.3595"
"11.8400","0.2161","2.3632"
"11.8600","0.2163","2.3669"
"11.8800","0.2165","2.3706"
"11.9000","0.2167","2.3743"
"11.9200","0.2169","2.3782"
"11.9400","0.2171","2.3821"
"11.9600","0.2173","2.3861"
"11.9800","0.2175","2.3902"
"12.0000","0.2177","2.3943"
"12.0200","0.2179","2.3983"
"12.0400","0.2180","2.4024"
"12.0600","0.2182","2.4063"
"12.0800","0.2184","2.4101"
"12.1000","0.2186","2.4140"
"12.1200","0.2188","2.4177"
"12.1400","0.2190","2.4214"
"12.1600","0.2192","2.4252"
"12.1800","0.2194","2.4289"
"12.2000","0.2195","2.4326"
"12.2200","0.2197","2.4364"
"12.2400","0.2199","2.4402"
"12.2600","0.2201","2.4440"
"12.2800","0.2203","2.4479"
"12.3000","0.2205","2.4518"
"12.3200","0.2206","2.4557"
"12.3400","0.2208","2.4595"
"12.3600","0.2210","2.4636"
"12.3800","0.2212","2.4676"
"12.4000","0.2214","2.4716"
"12.4200","0.2216","2.4758"
"12.4400","0.2218","2.4798"
"12.4600","0.2220","2.4837"
"12.4800","0.2221","2.4876"
"12.5000","0.2223","2.4915"
"12.5200","0.2225","2.4954"
"12.5400","0.2227","2.4992"
"12.5600","0.2229","2.5031"
"12.5800","0.2231","2.5070"
"12.6000","0.2232","2.5110"
"12.6200","0.2234","2.5151"
"12.6400","0.2236","2.5193"
"12.6600","0.2238","2.5236"
"12.6800","0.2240","2.5278"
"12.7000","0.2242","2.5321"
"12.7200","0.2244","2.5363"
"12.7400","0.2246","2.5405"
"12.7600","0.2248","2.5448"
"12.7800","0.2250","2.5489"
"12.8000","0.2252","2.5529"
"12.8200","0.2253","2.5568"
"12.8400","0.2255","2.5607"
"12.8600","0.2257","2.5645"
"12.8800","0.2259","2.5681"
"12.9000","0.2261","2.5718"
"12.9200","0.2262","2.5754"
"12.9400","0.2264","2.5790"
"12.9600","0.2266","2.5828"
"12.9800","0.2268","2.5867"
"13.0000","0.2269","2.5907"
"13.0200","0.2271","2.5947"
"13.0400","0.2273","2.5988"
"13.0600","0.2275","2.6029"
"13.0800","0.2277","2.6071"
"13.1000","0.2279","2.6113"
"13.1200","0.2281","2.6155"
"13.1400","0.2283","2.6196"
"13.1600","0.2284","2.6236"
"13.1800","0.2286","2.6276"
"13.2000","0.2288","2.6315"
"13.2200","0.2290","2.6355"
"13.2400","0.2291","2.6395"
"13.2600","0.2293","2.6434"
"13.2800","0.2295","2.6474"
"13.3000","0.2297","2.6515"
"13.3200","0.2299","2.6557"
"13.3400","0.2301","2.6601"
"13.3600","0.2303","2.6643"
"13.3800","0.2305","2.6687"
"13.4000","0.2306","2.6730"
"13.4200","0.2308","2.6773"
"13.4400","0.2310","2.6815"
"13.4600","0.2312","2.6857"
"13.4800","0.2314","2.6900"
"13.5000","0.2316","2.6942"
"13.5200","0.2318","2.6983"
"13.5400","0.2319","2.7023"
"13.5600","0.2321","2.7062"
"13.5800","0.2323","2.7100"
"13.6000","0.2325","2.7140"
"13.6200","0.2326","2.7177"
"13.6400","0.2328","2.7214"
"13.6600","0.2330","2.7254"
"13.6800","0.2332","2.7292"
"13.7000","0.2333","2.7330"
"13.7200","0.2335","2.7370"
"13.7400","0.2337","2.7411"
"13.7600","0.2339","2.7451"
"13.7800","0.2341","2.7492"
"13.8000","0.2342","2.7534"
"13.8200","0.2344","2.7575"
"13.8400","0.2346","2.7616"
"13.8600","0.2348","2.7658"
"13.8800","0.2350","2.7698"
"13.9000","0.2351","2.7738"
"13.9200","0.2353","2.7779"
"13.9400","0.2355","2.7817"
"13.9600","0.2357","2.7856"
"13.9800","0.2358","2.7893"
"14.0000","0.2360","2.7930"
"14.0200","0.2362","2.7966"
"14.0400","0.2363","2.8002"
"14.0600","0.2365","2.8038"
"14.0800","0.2366","2.8076"
"14.1000","0.2368","2.8113"
"14.1200","0.2370","2.8152"
"14.1400","0.2372","2.8190"
"14.1600","0.2373","2.8230"
"14.1800","0.2375","2.8271"
"14.2000","0.2377","2.8312"
"14.2200","0.2379","2.8354"
"14.2400","0.2380","2.8396"
"14.2600","0.2382","2.8437"
"14.2800","0.2384","2.8478"
"14.3000","0.2386","2.8519"
"14.3200","0.2387","2.8561"
"14.3400","0.2389","2.8602"
"14.3600","0.2391","2.8643"
"14.3800","0.2393","2.8684"
"14.4000","0.2394","2.8725"
"14.4200","0.2396","2.8766"
"14.4400","0.2398","2.8806"
"14.4600","0.2400","2.8847"
"14.4800","0.2401","2.8888"
"14.5000","0.2403","2.8928"
"14.5200","0.2405","2.8968"
"14.5400","0.2407","2.9010"
"14.5600","0.2408","2.9051"
"14.5800","0.2410","2.9092"
"14.6000","0.2412","2.9132"
"14.6200","0.2413","2.9171"
"14.6400","0.2415","2.9211"
"14.6600","0.2417","2.9250"
"14.6800","0.2418","2.9288"
"14.7000","0.2420","2.9327"
"14.7200","0.2422","2.9364"
"14.7400","0.2423","2.9400"
"14.7600","0.2425","2.9436"
"14.7800","0.2426","2.9473"
"14.8000","0.2428","2.9509"
"14.8200","0.2430","2.9546"
"14.8400","0.2431","2.9583"
"14.8600","0.2433","2.9621"
"14.8800","0.2434","2.9660"
"14.9000","0.2436","2.9699"
"14.9200","0.2438","2.9738"
"14.9400","0.2439","2.9778"
"14.9600","0.2441","2.9818"
"14.9800","0.2443","2.9860"
"15.0000","0.2445","2.9901"
"15.0200","0.2446","2.9943"
"15.0400","0.2448","2.9984"
"15.0600","0.2450","3.0026"
"15.0800","0.2451","3.0067"
"15.1000","0.2453","3.0110"
"15.1200","0.2455","3.0151"
"15.1400","0.2456","3.0191"
"15.1600","0.2458","3.0230"
"15.1800","0.2460","3.0268"
"15.2000","0.2461","3.0307"
"15.2200","0.2463","3.0346"
"15.2400","0.2465","3.0383"
"15.2600","0.2466","3.0422"
"15.2800","0.2468","3.0462"
"15.3000","0.2470","3.0503"
"15.3200","0.2471","3.0544"
"15.3400","0.2473","3.0587"
"15.3600","0.2475","3.0630"
"15.3800","0.2476","3.0673"
"15.4000","0.2478","3.0717"
"15.4200","0.2480","3.0761"
"15.4400","0.2482","3.0805"
"15.4600","0.2483","3.0848"
"15.4800","0.2485","3.0889"
"15.5000","0.2487","3.0930"
"15.5200","0.2488","3.0970"
"15.5400","0.2490","3.1010"
"15.5600","0.2492","3.1050"
"15.5800","0.2493","3.1090"
"15.6000","0.2495","3.1129"
"15.6200","0.2497","3.1168"
"15.6400","0.2498","3.1208"
"15.6600","0.2500","3.1247"
"15.6800","0.2502","3.1287"
"15.7000","0.2503","3.1325"
"15.7200","0.2505","3.1366"
"15.7400","0.2507","3.1405"
"15.7600","0.2508","3.1444"
"15.7800","0.2510","3.1483"
"15.8000","0.2511","3.1522"
"15.8200","0.2513","3.1561"
"15.8400","0.2515","3.1600"
"15.8600","0.2516","3.1639"
"15.8800","0.2518","3.1677"
"15.9000","0.2519","3.1715"
"15.9200","0.2521","3.1752"
"15.9400","0.2522","3.1789"
"15.9600","0.2524","3.1825"
"15.9800","0.2525","3.1863"
"16.0000","0.2527","3.1899"
"16.0200","0.2528","3.1936"
"16.0400","0.2530","3.1974"
"16.0600","0.2532","3.2012"
"16.0800","0.2533","3.2051"
"16.1000","0.2535","3.2090"
"16.1200","0.2536","3.2130"
"16.1400","0.2538","3.2171"
"16.1600","0.2540","3.2212"
"16.1800","0.2541","3.2253"
"16.2000","0.2543","3.2296"
"16.2200","0.2544","3.2338"
"16.2400","0.2546","3.2381"
"16.2600","0.2548","3.2423"
"16.2800","0.2550","3.2467"
"16.3000","0.2551","3.2509"
"16.3200","0.2553","3.2551"
"16.3400","0.2554","3.2593"
"16.3600","0.2556","3.2633"
"16.3800","0.2558","3.2672"
"16.4000","0.2559","3.2710"
"16.4200","0.2561","3.2749"
"16.4400","0.2562","3.2787"
"16.4600","0.2564","3.2824"
"16.4800","0.2565","3.2862"
"16.5000","0.2567","3.2901"
"16.5200","0.2569","3.2940"
"16.5400","0.2570","3.2981"
"16.5600","0.2572","3.3022"
"16.5800","0.2573","3.3064"
"16.6000","0.2575","3.3107"
"16.6200","0.2577","3.3151"
"16.6400","0.2578","3.3194"
"16.6600","0.2580","3.3237"
"16.6800","0.2582","3.3281"
"16.7000","0.2583","3.3323"
"16.7200","0.2585","3.3365"
"16.7400","0.2587","3.3407"
"16.7600","0.2588","3.3448"
"16.7800","0.2590","3.3488"
"16.8000","0.2591","3.3528"
"16.8200","0.2593","3.3569"
"16.8400","0.2594","3.3608"
"16.8600","0.2596","3.3649"
"16.8800","0.2598","3.3690"
"16.9000","0.2599","3.3731"
"16.9200","0.2601","3.3772"
"16.9400","0.2602","3.3814"
"16.9600","0.2604","3.3856"
"16.9800","0.2606","3.3897"
"17.0000","0.2607","3.3938"
"17.0200","0.2609","3.3979"
"17.0400","0.2610","3.4020"
"17.0600","0.2612","3.4062"
"17.0800","0.2614","3.4102"
"17.1000","0.2615","3.4144"
"17.1200","0.2617","3.4183"
"17.1400","0.2618","3.4223"
"17.1600","0.2620","3.4264"
"17.1800","0.2621","3.4303"
"17.2000","0.2623","3.4341"
"17.2200","0.2624","3.4379"
"17.2400","0.2626","3.4417"
"17.2600","0.2627","3.4455"
"17.2800","0.2629","3.4493"
"17.3000","0.2630","3.4531"
"17.3200","0.2632","3.4570"
"17.3400","0.2633","3.4608"
"17.3600","0.2635","3.4648"
"17.3800","0.2636","3.4689"
"17.4000","0.2638","3.4728"
"17.4200","0.2640","3.4768"
"17.4400","0.2641","3.4809"
"17.4600","0.2643","3.4850"
"17.4800","0.2644","3.4891"
"17.5000","0.2646","3.4933"
"17.5200","0.2647","3.4974"
"17.5400","0.2649","3.5016"
"17.5600","0.2650","3.5058"
"17.5800","0.2652","3.5098"
"17.6000","0.2654","3.5139"
"17.6200","0.2655","3.5181"
"17.6400","0.2657","3.5221"
"17.6600","0.2658","3.5260"
"17.6800","0.2660","3.5300"
"17.7000","0.2661","3.5338"
"17.7200","0.2663","3.5377"
"17.7400","0.2664","3.5415"
"17.7600","0.2666","3.5454"
"17.7800","0.2667","3.5493"
"17.8000","0.2669","3.5533"
"17.8200","0.2670","3.5572"
"17.8400","0.2672","3.5613"
"17.8600","0.2673","3.5654"
"17.8800","0.2675","3.5696"
"17.9000","0.2676","3.5739"
"17.9200","0.2678","3.5782"
"17.9400","0.2680","3.5825"
"17.9600","0.2681","3.5867"
"17.9800","0.2683","3.5910"
"18.0000","0.2684","3.5951"
"18.0200","0.2686","3.5991"
"18.0400","0.2687","3.6032"
"18.0600","0.2689","3.6073"
"18.0800","0.2690","3.6114"
"18.1000","0.2692","3.6154"
"18.1200","0.2693","3.6194"
"18.1400","0.2695","3.6235"
"18.1600","0.2696","3.6275"
"18.1800","0.2698","3.6316"
"18.2000","0.2700","3.6357"
"18.2200","0.2701","3.6397"
"18.2400","0.2702","3.6438"
"18.2600","0.2704","3.6478"
"18.2800","0.2706","3.6518"
"18.3000","0.2707","3.6558"
"18.3200","0.2709","3.6599"
"18.3400","0.2710","3.6638"
"18.3600","0.2712","3.6678"
"18.3800","0.2713","3.6718"
"18.4000","0.2714","3.6757"
"18.4200","0.2716","3.6796"
"18.4400","0.2717","3.6834"
"18.4600","0.2719","3.6871"
"18.4800","0.2720","3.6909"
"18.5000","0.2722","3.6946"
"18.5200","0.2723","3.6983"
"18.5400","0.2724","3.7019"
"18.5600","0.2726","3.7055"
"18.5800","0.2727","3.7092"
"18.6000","0.2729","3.7128"
"18.6200","0.2730","3.7165"
"18.6400","0.2731","3.7202"
"18.6600","0.2733","3.7239"
"18.6800","0.2734","3.7277"
"18.7000","0.2736","3.7314"
"18.7200","0.2737","3.7353"
"18.7400","0.2738","3.7393"
"18.7600","0.2740","3.7433"
"18.7800","0.2741","3.7473"
"18.8000","0.2743","3.7514"
"18.8200","0.2744","3.7556"
"18.8400","0.2746","3.7597"
"18.8600","0.2747","3.7640"
"18.8800","0.2749","3.7682"
"18.9000","0.2750","3.7725"
"18.9200","0.2752","3.7768"
"18.9400","0.2754","3.7811"
"18.9600","0.2755","3.7852"
"18.9800","0.2756","3.7893"
"19.0000","0.2758","3.7933"
"19.0200","0.2759","3.7972"
"19.0400","0.2761","3.8011"
"19.0600","0.2762","3.8050"
"19.0800","0.2764","3.8088"
"19.1000","0.2765","3.8128"
"19.1200","0.2767","3.8167"
"19.1400","0.2768","3.8206"
"19.1600","0.2769","3.8246"
"19.1800","0.2771","3.8286"
"19.2000","0.2772","3.8327"
"19.2200","0.2774","3.8370"
"19.2400","0.2775","3.8413"
"19.2600","0.2777","3.8456"
"19.2800","0.2778","3.8501"
"19.3000","0.2780","3.8544"
"19.3200","0.2781","3.8588"
"19.3400","0.2783","3.8631"
"19.3600","0.2785","3.8674"
"19.3800","0.2786","3.8716"
"19.4000","0.2787","3.8757"
"19.4200","0.2789","3.8798"
"19.4400","0.2790","3.8837"
"19.4600","0.2792","3.8878"
"19.4800","0.2793","3.8917"
"19.5000","0.2795","3.8955"
"19.5200","0.2796","3.8994"
"19.5400","0.2798","3.9033"
"19.5600","0.2799","3.9074"
"19.5800","0.2800","3.9113"
"19.6000","0.2802","3.9152"
"19.6200","0.2803","3.9190"
"19.6400","0.2805","3.9229"
"19.6600","0.2806","3.9268"
"19.6800","0.2807","3.9307"
"19.7000","0.2809","3.9345"
"19.7200","0.2810","3.9382"
"19.7400","0.2811","3.9421"
"19.7600","0.2813","3.9459"
"19.7800","0.2814","3.9496"
"19.8000","0.2816","3.9534"
"19.8200","0.2817","3.9572"
"19.8400","0.2818","3.9610"
"19.8600","0.2820","3.9646"
"19.8800","0.2821","3.9683"
"19.9000","0.2822","3.9719"
"19.9200","0.2824","3.9756"
"19.9400","0.2825","3.9792"
"19.9600","0.2826","3.9828"
"19.9800","0.2828","3.9863"
"20.0000","0.2829","3.9901"
"20.0200","0.2830","3.9938"
"20.0400","0.2832","3.9974"
"20.0600","0.2833","4.0012"
"20.0800","0.2834","4.0051"
"20.1000","0.2836","4.0090"
"20.1200","0.2837","4.0130"
"20.1400","0.2839","4.0171"
"20.1600","0.2840","4.0212"
"20.1800","0.2841","4.0254"
"20.2000","0.2843","4.0295"
"20.2200","0.2844","4.0338"
"20.2400","0.2846","4.0379"
"20.2600","0.2847","4.0423"
"20.2800","0.2849","4.0465"
"20.3000","0.2850","4.0508"
"20.3200","0.2852","4.0551"
"20.3400","0.2853","4.0594"
"20.3600","0.2854","4.0637"
"20.3800","0.2856","4.0679"
"20.4000","0.2857","4.0722"
"20.4200","0.2859","4.0762"
"20.4400","0.2860","4.0804"
"20.4600","0.2862","4.0844"
"20.4800","0.2863","4.0884"
"20.5000","0.2864","4.0924"
"20.5200","0.2866","4.0965"
"20.5400","0.2867","4.1006"
"20.5600","0.2869","4.1046"
"20.5800","0.2870","4.1088"
"20.6000","0.2872","4.1131"
"20.6200","0.2873","4.1175"
"20.6400","0.2874","4.1218"
"20.6600","0.2876","4.1262"
"20.6800","0.2877","4.1305"
"20.7000","0.2879","4.1349"
"20.7200","0.2880","4.1392"
"20.7400","0.2882","4.1435"
"20.7600","0.2883","4.1477"
"20.7800","0.2885","4.1520"
"20.8000","0.2886","4.1560"
"20.8200","0.2888","4.1601"
"20.8400","0.2889","4.1641"
"20.8600","0.2890","4.1680"
"20.8800","0.2892","4.1719"
"20.9000","0.2893","4.1758"
"20.9200","0.2894","4.1797"
"20.9400","0.2896","4.1835"
"20.9600","0.2897","4.1873"
"20.9800","0.2898","4.1912"
"21.0000","0.2900","4.1950"
"21.0200","0.2901","4.1989"
"21.0400","0.2902","4.2028"
"21.0600","0.2904","4.2067"
"21.0800","0.2905","4.2106"
"21.1000","0.2906","4.2144"
"21.1200","0.2908","4.2183"
"21.1400","0.2909","4.2223"
"21.1600","0.2910","4.2260"
"21.1800","0.2912","4.2299"
"21.2000","0.2913","4.2338"
"21.2200","0.2914","4.2377"
"21.2400","0.2916","4.2417"
"21.2600","0.2917","4.2456"
"21.2800","0.2918","4.2496"
"21.3000","0.2920","4.2535"
"21.3200","0.2921","4.2572"
"21.3400","0.2922","4.2610"
"21.3600","0.2924","4.2648"
"21.3800","0.2925","4.2687"
"21.4000","0.2926","4.2724"
"21.4200","0.2928","4.2762"
"21.4400","0.2929","4.2801"
"21.4600","0.2930","4.2839"
"21.4800","0.2932","4.2877"
"21.5000","0.2933","4.2917"
"21.5200","0.2934","4.2957"
"21.5400","0.2936","4.2998"
"21.5600","0.2937","4.3040"
"21.5800","0.2938","4.3082"
"21.6000","0.2940","4.3125"
"21.6200","0.2941","4.3167"
"21.6400","0.2943","4.3211"
"21.6600","0.2944","4.3255"
"21.6800","0.2945","4.3299"
"21.7000","0.2947","4.3344"
"21.7200","0.2948","4.3389"
"21.7400","0.2950","4.3432"
"21.7600","0.2951","4.3476"
"21.7800","0.2953","4.3520"
"21.8000","0.2954","4.3563"
"21.8200","0.2956","4.3605"
"21.8400","0.2957","4.3648"
"21.8600","0.2958","4.3688"
"21.8800","0.2960","4.3727"
"21.9000","0.2961","4.3767"
"21.9200","0.2962","4.3806"
"21.9400","0.2964","4.3844"
"21.9600","0.2965","4.3883"
"21.9800","0.2966","4.3920"
"22.0000","0.2967","4.3958"
"22.0200","0.2969","4.3996"
"22.0400","0.2970","4.4034"
"22.0600","0.2971","4.4072"
"22.0800","0.2973","4.4111"
"22.1000","0.2974","4.4150"
"22.1200","0.2975","4.4190"
"22.1400","0.2977","4.4229"
"22.1600","0.2978","4.4270"
"22.1800","0.2979","4.4309"
"22.2000","0.2981","4.4350"
"22.2200","0.2982","4.4389"
"22.2400","0.2983","4.4429"
"22.2600","0.2985","4.4467"
"22.2800","0.2986","4.4506"
"22.3000","0.2987","4.4543"
"22.3200","0.2988","4.4582"
"22.3400","0.2990","4.4620"
"22.3600","0.2991","4.4658"
"22.3800","0.2992","4.4695"
"22.4000","0.2993","4.4732"
"22.4200","0.2995","4.4769"
"22.4400","0.2996","4.4807"
"22.4600","0.2997","4.4844"
"22.4800","0.2999","4.4882"
"22.5000","0.3000","4.4921"
"22.5200","0.3001","4.4958"
"22.5400","0.3002","4.4997"
"22.5600","0.3004","4.5036"
"22.5800","0.3005","4.5074"
"22.6000","0.3006","4.5114"
"22.6200","0.3007","4.5152"
"22.6400","0.3009","4.5192"
"22.6600","0.3010","4.5232"
"22.6800","0.3011","4.5272"
"22.7000","0.3013","4.5311"
"22.7200","0.3014","4.5351"
"22.7400","0.3015","4.5392"
"22.7600","0.3017","4.5432"
"22.7800","0.3018","4.5472"
"22.8000","0.3019","4.5513"
"22.8200","0.3021","4.5553"
"22.8400","0.3022","4.5593"
"22.8600","0.3023","4.5632"
"22.8800","0.3025","4.5672"
"22.9000","0.3026","4.5711"
"22.9200","0.3027","4.5750"
"22.9400","0.3028","4.5789"
"22.9600","0.3030","4.5828"
"22.9800","0.3031","4.5868"
"23.0000","0.3032","4.5908"
"23.0200","0.3034","4.5947"
"23.0400","0.3035","4.5987"
"23.0600","0.3036","4.6029"
"23.0800","0.3037","4.6070"
"23.1000","0.3039","4.6111"
"23.1200","0.3040","4.6153"
"23.1400","0.3042","4.6195"
"23.1600","0.3043","4.6238"
"23.1800","0.3044","4.6280"
"23.2000","0.3046","4.6322"
"23.2200","0.3047","4.6365"
"23.2400","0.3048","4.6407"
"23.2600","0.3050","4.6449"
"23.2800","0.3051","4.6491"
"23.3000","0.3052","4.6533"
"23.3200","0.3054","4.6574"
"23.3400","0.3055","4.6616"
"23.3600","0.3056","4.6655"
"23.3800","0.3058","4.6696"
"23.4000","0.3059","4.6735"
"23.4200","0.3060","4.6773"
"23.4400","0.3061","4.6812"
"23.4600","0.3063","4.6849"
"23.4800","0.3064","4.6886"
"23.5000","0.3065","4.6925"
"23.5200","0.3066","4.6962"
"23.5400","0.3068","4.7000"
"23.5600","0.3069","4.7038"
"23.5800","0.3070","4.7076"
"23.6000","0.3071","4.7115"
"23.6200","0.3073","4.7153"
"23.6400","0.3074","4.7193"
"23.6600","0.3075","4.7233"
"23.6800","0.3076","4.7273"
"23.7000","0.3078","4.7314"
"23.7200","0.3079","4.7355"
"23.7400","0.3080","4.7396"
"23.7600","0.3082","4.7436"
"23.7800","0.3083","4.7476"
"23.8000","0.3084","4.7516"
"23.8200","0.3086","4.7558"
"23.8400","0.3087","4.7597"
"23.8600","0.3088","4.7636"
"23.8800","0.3089","4.7676"
"23.9000","0.3091","4.7714"
"23.9200","0.3092","4.7753"
"23.9400","0.3093","4.7793"
"23.9600","0.3094","4.7832"
"23.9800","0.3096","4.7872"
"24.0000","0.3097","4.7910"
"24.0200","0.3098","4.7950"
"24.0400","0.3099","4.7991"
"24.0600","0.3101","4.8031"
"24.0800","0.3102","4.8073"
"24.1000","0.3103","4.8115"
"24.1200","0.3105","4.8154"
"24.1400","0.3106","4.8196"
"24.1600","0.3107","4.8237"
"24.1800","0.3109","4.8278"
"24.2000","0.3110","4.8320"
"24.2200","0.3111","4.8361"
"24.2400","0.3112","4.8402"
"24.2600","0.3114","4.8443"
"24.2800","0.3115","4.8484"
"24.3000","0.3116","4.8525"
"24.3200","0.3118","4.8564"
"24.3400","0.3119","4.8605"
"24.3600","0.3120","4.8645"
"24.3800","0.3121","4.8686"
"24.4000","0.3123","4.8726"
"24.4200","0.3124","4.8764"
"24.4400","0.3125","4.8803"
"24.4600","0.3126","4.8842"
"24.4800","0.3128","4.8880"
"24.5000","0.3129","4.8919"
"24.5200","0.3130","4.8957"
"24.5400","0.3131","4.8995"
"24.5600","0.3133","4.9034"
"24.5800","0.3134","4.9073"
"24.6000","0.3135","4.9112"
"24.6200","0.3136","4.9151"
"24.6400","0.3138","4.9192"
"24.6600","0.3139","4.9232"
"24.6800","0.3140","4.9273"
"24.7000","0.3141","4.9313"
"24.7200","0.3143","4.9354"
"24.7400","0.3144","4.9396"
"24.7600","0.3145","4.9437"
"24.7800","0.3147","4.9478"
"24.8000","0.3148","4.9520"
"24.8200","0.3149","4.9561"
"24.8400","0.3150","4.9603"
"24.8600","0.3152","4.9645"
"24.8800","0.3153","4.9686"
"24.9000","0.3154","4.9726"
"24.9200","0.3156","4.9767"
"24.9400","0.3157","4.9806"
"24.9600","0.3158","4.9846"
"24.9800","0.3159","4.9885"
"25.0000","0.3161","4.9923"
"25.0200","0.3162","4.9961"
"25.0400","0.3163","4.9998"
"25.0600","0.3164","5.0035"
"25.0800","0.3165","5.0072"
"25.1000","0.3166","5.0109"
"25.1200","0.3168","5.0146"
"25.1400","0.3169","5.0185"
"25.1600","0.3170","5.0223"
"25.1800","0.3171","5.0261"
"25.2000","0.3173","5.0301"
"25.2200","0.3174","5.0341"
"25.2400","0.3175","5.0382"
"25.2600","0.3176","5.0423"
"25.2800","0.3178","5.0464"
"25.3000","0.3179","5.0506"
"25.3200","0.3180","5.0549"
"25.3400","0.3181","5.0591"
"25.3600","0.3183","5.0634"
"25.3800","0.3184","5.0677"
"25.4000","0.3185","5.0719"
"25.4200","0.3187","5.0761"
"25.4400","0.3188","5.0803"
"25.4600","0.3189","5.0844"
"25.4800","0.3190","5.0886"
"25.5000","0.3192","5.0927"
"25.5200","0.3193","5.0969"
"25.5400","0.3194","5.1011"
"25.5600","0.3196","5.1052"
"25.5800","0.3197","5.1093"
"25.6000","0.3198","5.1134"
"25.6200","0.3199","5.1177"
"25.6400","0.3201","5.1218"
"25.6600","0.3202","5.1260"
"25.6800","0.3203","5.1301"
"25.7000","0.3204","5.1343"
"25.7200","0.3206","5.1384"
"25.7400","0.3207","5.1426"
"25.7600","0.3208","5.1468"
"25.7800","0.3210","5.1508"
"25.8000","0.3211","5.1549"
"25.8200","0.3212","5.1590"
"25.8400","0.3213","5.1631"
"25.8600","0.3215","5.1673"
"25.8800","0.3216","5.1713"
"25.9000","0.3217","5.1754"
"25.9200","0.3218","5.1794"
"25.9400","0.3220","5.1834"
"25.9600","0.3221","5.1874"
"25.9800","0.3222","5.1913"
"26.0000","0.3223","5.1953"
"26.0200","0.3224","5.1991"
"26.0400","0.3226","5.2029"
"26.0600","0.3227","5.2067"
"26.0800","0.3228","5.2105"
"26.1000","0.3229","5.2143"
"26.1200","0.3230","5.2181"
"26.1400","0.3231","5.2218"
"26.1600","0.3233","5.2256"
"26.1800","0.3234","5.2294"
"26.2000","0.3235","5.2333"
"26.2200","0.3236","5.2372"
"26.2400","0.3237","5.2411"
"26.2600","0.3239","5.2451"
"26.2800","0.3240","5.2491"
"26.3000","0.3241","5.2532"
"26.3200","0.3242","5.2572"
"26.3400","0.3244","5.2613"
"26.3600","0.3245","5.2653"
"26.3800","0.3246","5.2695"
"26.4000","0.3247","5.2736"
"26.4200","0.3249","5.2777"
"26.4400","0.3250","5.2819"
"26.4600","0.3251","5.2859"
"26.4800","0.3252","5.2900"
"26.5000","0.3254","5.2941"
"26.5200","0.3255","5.2982"
"26.5400","0.3256","5.3022"
"26.5600","0.3257","5.3062"
"26.5800","0.3258","5.3102"
"26.6000","0.3260","5.3142"
"26.6200","0.3261","5.3180"
"26.6400","0.3262","5.3219"
"26.6600","0.3263","5.3257"
"26.6800","0.3264","5.3296"
"26.7000","0.3265","5.3333"
"26.7200","0.3267","5.3371"
"26.7400","0.3268","5.3410"
"26.7600","0.3269","5.3449"
"26.7800","0.3270","5.3488"
"26.8000","0.3271","5.3527"
"26.8200","0.3273","5.3566"
"26.8400","0.3274","5.3607"
"26.8600","0.3275","5.3648"
"26.8800","0.3276","5.3690"
"26.9000","0.3278","5.3731"
"26.9200","0.3279","5.3774"
"26.9400","0.3280","5.3816"
"26.9600","0.3281","5.3858"
"26.9800","0.3283","5.3901"
"27.0000","0.3284","5.3943"
"27.0200","0.3285","5.3985"
"27.0400","0.3286","5.4026"
"27.0600","0.3288","5.4067"
"27.0800","0.3289","5.4107"
"27.1000","0.3290","5.4148"
"27.1200","0.3291","5.4188"
"27.1400","0.3292","5.4228"
"27.1600","0.3294","5.4267"
"27.1800","0.3295","5.4307"
"27.2000","0.3296","5.4347"
"27.2200","0.3297","5.4386"
"27.2400","0.3298","5.4425"
"27.2600","0.3300","5.4466"
"27.2800","0.3301","5.4505"
"27.3000","0.3302","5.4546"
"27.3200","0.3303","5.4585"
"27.3400","0.3304","5.4625"
"27.3600","0.3306","5.4665"
"27.3800","0.3307","5.4704"
"27.4000","0.3308","5.4744"
"27.4200","0.3309","5.4784"
"27.4400","0.3310","5.4824"
"27.4600","0.3312","5.4862"
"27.4800","0.3313","5.4902"
"27.5000","0.3314","5.4942"
"27.5200","0.3315","5.4981"
"27.5400","0.3316","5.5020"
"27.5600","0.3317","5.5059"
"27.5800","0.3319","5.5098"
"27.6000","0.3320","5.5138"
"27.6200","0.3321","5.5177"
"27.6400","0.3322","5.5215"
"27.6600","0.3323","5.5254"
"27.6800","0.3324","5.5291"
"27.7000","0.3326","5.5329"
"27.7200","0.3327","5.5366"
"27.7400","0.3328","5.5404"
"27.7600","0.3329","5.5442"
"27.7800","0.3330","5.5479"
"27.8000","0.3331","5.5517"
"27.8200","0.3332","5.5555"
"27.8400","0.3334","5.5593"
"27.8600","0.3335","5.5632"
"27.8800","0.3336","5.5671"
"27.9000","0.3337","5.5711"
"27.9200","0.3338","5.5751"
"27.9400","0.3339","5.5791"
"27.9600","0.3341","5.5831"
"27.9800","0.3342","5.5872"
"28.0000","0.3343","5.5913"
"28.0200","0.3344","5.5954"
"28.0400","0.3345","5.5997"
"28.0600","0.3347","5.6039"
"28.0800","0.3348","5.6081"
"28.1000","0.3349","5.6122"
"28.1200","0.3350","5.6164"
"28.1400","0.3352","5.6206"
"28.1600","0.3353","5.6249"
"28.1800","0.3354","5.6290"
"28.2000","0.3355","5.6330"
"28.2200","0.3356","5.6371"
"28.2400","0.3358","5.6411"
"28.2600","0.3359","5.6452"
"28.2800","0.3360","5.6491"
"28.3000","0.3361","5.6530"
"28.3200","0.3362","5.6569"
"28.3400","0.3363","5.6607"
"28.3600","0.3365","5.6645"
"28.3800","0.3366","5.6683"
"28.4000","0.3367","5.6721"
"28.4200","0.3368","5.6759"
"28.4400","0.3369","5.6798"
"28.4600","0.3370","5.6837"
"28.4800","0.3371","5.6877"
"28.5000","0.3373","5.6916"
"28.5200","0.3374","5.6957"
"28.5400","0.3375","5.6997"
"28.5600","0.3376","5.7038"
"28.5800","0.3377","5.7079"
"28.6000","0.3379","5.7122"
"28.6200","0.3380","5.7164"
"28.6400","0.3381","5.7206"
"28.6600","0.3382","5.7247"
"28.6800","0.3384","5.7289"
"28.7000","0.3385","5.7331"
"28.7200","0.3386","5.7373"
"28.7400","0.3387","5.7414"
"28.7600","0.3388","5.7454"
"28.7800","0.3390","5.7496"
"28.8000","0.3391","5.7536"
"28.8200","0.3392","5.7576"
"28.8400","0.3393","5.7615"
"28.8600","0.3394","5.7655"
"28.8800","0.3395","5.7694"
"28.9000","0.3397","5.7734"
"28.9200","0.3398","5.7772"
"28.9400","0.3399","5.7812"
"28.9600","0.3400","5.7852"
"28.9800","0.3401","5.7891"
"29.0000","0.3402","5.7930"
"29.0200","0.3404","5.7970"
"29.0400","0.3405","5.8010"
"29.0600","0.3406","5.8050"
"29.0800","0.3407","5.8090"
"29.1000","0.3408","5.8130"
"29.1200","0.3409","5.8171"
"29.1400","0.3411","5.8210"
"29.1600","0.3412","5.8249"
"29.1800","0.3413","5.8289"
"29.2000","0.3414","5.8328"
"29.2200","0.3415","5.8368"
"29.2400","0.3416","5.8408"
"29.2600","0.3418","5.8447"
"29.2800","0.3419","5.8487"
"29.3000","0.3420","5.8527"
"29.3200","0.3421","5.8566"
"29.3400","0.3422","5.8605"
"29.3600","0.3423","5.8644"
"29.3800","0.3424","5.8682"
"29.4000","0.3426","5.8720"
"29.4200","0.3427","5.8758"
"29.4400","0.3428","5.8797"
"29.4600","0.3429","5.8834"
"29.4800","0.3430","5.8872"
"29.5000","0.3431","5.8909"
"29.5200","0.3432","5.8948"
"29.5400","0.3434","5.8985"
"29.5600","0.3435","5.9023"
"29.5800","0.3436","5.9061"
"29.6000","0.3437","5.9099"
"29.6200","0.3438","5.9138"
"29.6400","0.3439","5.9177"
"29.6600","0.3440","5.9216"
"29.6800","0.3441","5.9256"
"29.7000","0.3443","5.9296"
"29.7200","0.3444","5.9336"
"29.7400","0.3445","5.9377"
"29.7600","0.3446","5.9417"
"29.7800","0.3447","5.9458"
"29.8000","0.3448","5.9499"
"29.8200","0.3450","5.9539"
"29.8400","0.3451","5.9581"
"29.8600","0.3452","5.9622"
"29.8800","0.3453","5.9663"
"29.9000","0.3454","5.9704"
"29.9200","0.3455","5.9744"
"29.9400","0.3457","5.9784"
"29.9600","0.3458","5.9825"
"29.9800","0.3459","5.9865"
"30.0000","0.3460","5.9905"
"30.0200","0.3461","5.9945"
"30.0400","0.3463","5.9985"
"30.0480","0.3463","6.0001"
"30.0490","0.3463","6.0003"
"30.0500","0.3463","6.0005"
"30.0700","0.3464","6.0041"
"30.0900","0.3465","6.0050"
"30.1100","0.3465","6.0035"
"30.1300","0.3465","6.0011"
"30.1500","0.3464","5.9987"
"30.1700","0.3464","5.9964"
"30.1900","0.3464","5.9941"
"30.2100","0.3464","5.9918"
"30.2300","0.3464","5.9895"
"30.2500","0.3463","5.9873"
"30.2700","0.3463","5.9850"
"30.2900","0.3463","5.9825"
"30.3100","0.3462","5.9799"
"30.3300","0.3462","5.9773"
"30.3500","0.3462","5.9746"
"30.3700","0.3461","5.9719"
"30.3900","0.3461","5.9690"
"30.4100","0.3461","5.9661"
"30.4300","0.3460","5.9631"
"30.4500","0.3460","5.9600"
"30.4700","0.3459","5.9570"
"30.4900","0.3459","5.9538"
"30.5100","0.3458","5.9506"
"30.5300","0.3458","5.9474"
"30.5500","0.3457","5.9441"
"30.5700","0.3457","5.9408"
"30.5900","0.3456","5.9375"
"30.6100","0.3456","5.9341"
"30.6300","0.3455","5.9306"
"30.6500","0.3455","5.9272"
"30.6700","0.3454","5.9238"
"30.6900","0.3454","5.9202"
"30.7100","0.3453","5.9167"
"30.7300","0.3452","5.9131"
"30.7500","0.3452","5.9095"
"30.7700","0.3451","5.9059"
"30.7900","0.3451","5.9023"
"30.8100","0.3450","5.8986"
"30.8300","0.3449","5.8949"
"30.8500","0.3449","5.8913"
"30.8700","0.3448","5.8875"
"30.8900","0.3448","5.8838"
"30.9100","0.3447","5.8799"
"30.9300","0.3446","5.8761"
"30.9500","0.3446","5.8723"
"30.9700","0.3445","5.8685"
"30.9900","0.3444","5.8645"
"31.0100","0.3444","5.8607"
"31.0300","0.3443","5.8568"
"31.0500","0.3442","5.8529"
"31.0700","0.3442","5.8489"
"31.0900","0.3441","5.8450"
"31.1100","0.3440","5.8410"
"31.1300","0.3440","5.8371"
"31.1500","0.3439","5.8330"
"31.1700","0.3438","5.8290"
"31.1900","0.3438","5.8250"
"31.2100","0.3437","5.8210"
"31.2300","0.3436","5.8170"
"31.2500","0.3436","5.8129"
"31.2700","0.3435","5.8089"
"31.2900","0.3434","5.8048"
"31.3100","0.3434","5.8007"
"31.3300","0.3433","5.7967"
"31.3500","0.3432","5.7926"
"31.3700","0.3432","5.7885"
"31.3900","0.3431","5.7844"
"31.4100","0.3430","5.7803"
"31.4300","0.3429","5.7762"
"31.4500","0.3429","5.7721"
"31.4700","0.3428","5.7679"
"31.4900","0.3427","5.7639"
"31.5100","0.3427","5.7601"
"31.5300","0.3426","5.7561"
"31.5500","0.3425","5.7517"
"31.5700","0.3424","5.7473"
"31.5900","0.3424","5.7429"
"31.6100","0.3423","5.7387"
"31.6300","0.3422","5.7343"
"31.6500","0.3421","5.7301"
"31.6700","0.3421","5.7259"
"31.6900","0.3420","5.7216"
"31.7100","0.3419","5.7173"
"31.7300","0.3418","5.7130"
"31.7500","0.3418","5.7086"
"31.7700","0.3417","5.7043"
"31.7900","0.3416","5.7001"
"31.8100","0.3415","5.6958"
"31.8300","0.3415","5.6915"
"31.8500","0.3414","5.6871"
"31.8700","0.3413","5.6827"
"31.8900","0.3412","5.6783"
"31.9100","0.3412","5.6740"
"31.9300","0.3411","5.6696"
"31.9500","0.3410","5.6653"
"31.9700","0.3409","5.6609"
"31.9900","0.3408","5.6565"
"32.0100","0.3408","5.6520"
"32.0300","0.3407","5.6476"
"32.0500","0.3406","5.6432"
"32.0700","0.3405","5.6388"
"32.0900","0.3405","5.6344"
"32.1100","0.3404","5.6300"
"32.1300","0.3403","5.6255"
"32.1500","0.3402","5.6211"
"32.1700","0.3401","5.6167"
"32.1900","0.3401","5.6123"
"32.2100","0.3400","5.6079"
"32.2300","0.3399","5.6034"
"32.2500","0.3398","5.5991"
"32.2700","0.3398","5.5948"
"32.2900","0.3397","5.5904"
"32.3100","0.3396","5.5860"
"32.3300","0.3395","5.5817"
"32.3500","0.3394","5.5774"
"32.3700","0.3394","5.5732"
"32.3900","0.3393","5.5688"
"32.4100","0.3392","5.5645"
"32.4300","0.3391","5.5602"
"32.4500","0.3391","5.5559"
"32.4700","0.3390","5.5517"
"32.4900","0.3389","5.5473"
"32.5100","0.3388","5.5430"
"32.5300","0.3387","5.5387"
"32.5500","0.3387","5.5344"
"32.5700","0.3386","5.5303"
"32.5900","0.3385","5.5258"
"32.6100","0.3384","5.5215"
"32.6300","0.3384","5.5172"
"32.6500","0.3383","5.5129"
"32.6700","0.3382","5.5085"
"32.6900","0.3381","5.5041"
"32.7100","0.3380","5.4997"
"32.7300","0.3380","5.4954"
"32.7500","0.3379","5.4910"
"32.7700","0.3378","5.4867"
"32.7900","0.3377","5.4823"
"32.8100","0.3376","5.4779"
"32.8300","0.3376","5.4736"
"32.8500","0.3375","5.4692"
"32.8700","0.3374","5.4649"
"32.8900","0.3373","5.4606"
"32.9100","0.3372","5.4564"
"32.9300","0.3372","5.4520"
"32.9500","0.3371","5.4478"
"32.9700","0.3370","5.4436"
"32.9900","0.3369","5.4393"
"33.0100","0.3369","5.4352"
"33.0300","0.3368","5.4310"
"33.0500","0.3367","5.4268"
"33.0700","0.3366","5.4226"
"33.0900","0.3365","5.4184"
"33.1100","0.3365","5.4144"
"33.1300","0.3364","5.4101"
"33.1500","0.3363","5.4059"
"33.1700","0.3362","5.4017"
"33.1900","0.3362","5.3976"
"33.2100","0.3361","5.3934"
"33.2300","0.3360","5.3892"
"33.2500","0.3359","5.3850"
"33.2700","0.3358","5.3809"
"33.2900","0.3358","5.3767"
"33.3100","0.3357","5.3725"
"33.3300","0.3356","5.3682"
"33.3500","0.3355","5.3640"
"33.3700","0.3355","5.3599"
"33.3900","0.3354","5.3557"
"33.4100","0.3353","5.3514"
"33.4300","0.3352","5.3472"
"33.4500","0.3351","5.3429"
"33.4700","0.3351","5.3387"
"33.4900","0.3350","5.3345"
"33.5100","0.3349","5.3302"
"33.5300","0.3348","5.3259"
"33.5500","0.3347","5.3217"
"33.5700","0.3346","5.3175"
"33.5900","0.3346","5.3133"
"33.6100","0.3345","5.3090"
"33.6300","0.3344","5.3048"
"33.6500","0.3343","5.3006"
"33.6700","0.3342","5.2965"
"33.6900","0.3342","5.2922"
"33.7100","0.3341","5.2880"
"33.7300","0.3340","5.2839"
"33.7500","0.3339","5.2798"
"33.7700","0.3339","5.2757"
"33.7900","0.3338","5.2716"
"33.8100","0.3337","5.2675"
"33.8300","0.3336","5.2633"
"33.8500","0.3335","5.2592"
"33.8700","0.3335","5.2552"
"33.8900","0.3334","5.2510"
"33.9100","0.3333","5.2470"
"33.9300","0.3332","5.2430"
"33.9500","0.3331","5.2389"
"33.9700","0.3331","5.2349"
"33.9900","0.3330","5.2309"
"34.0100","0.3329","5.2269"
"34.0300","0.3328","5.2229"
"34.0500","0.3328","5.2190"
"34.0700","0.3327","5.2149"
"34.0900","0.3326","5.2109"
"34.1100","0.3325","5.2070"
"34.1300","0.3325","5.2030"
"34.1500","0.3324","5.1990"
"34.1700","0.3323","5.1950"
"34.1900","0.3322","5.1910"
"34.2100","0.3321","5.1868"
"34.2300","0.3321","5.1829"
"34.2500","0.3320","5.1789"
"34.2700","0.3319","5.1748"
"34.2900","0.3318","5.1708"
"34.3100","0.3318","5.1667"
"34.3300","0.3317","5.1626"
"34.3500","0.3316","5.1586"
"34.3700","0.3315","5.1546"
"34.3900","0.3314","5.1504"
"34.4100","0.3314","5.1463"
"34.4300","0.3313","5.1422"
"34.4500","0.3312","5.1381"
"34.4700","0.3311","5.1340"
"34.4900","0.3310","5.1299"
"34.5100","0.3310","5.1258"
"34.5300","0.3309","5.1216"
"34.5500","0.3308","5.1175"
"34.5700","0.3307","5.1133"
"34.5900","0.3306","5.1091"
"34.6100","0.3305","5.1050"
"34.6300","0.3305","5.1008"
"34.6500","0.3304","5.0967"
"34.6700","0.3303","5.0925"
"34.6900","0.3302","5.0884"
"34.7100","0.3301","5.0842"
"34.7300","0.3300","5.0801"
"34.7500","0.3300","5.0759"
"34.7700","0.3299","5.0717"
"34.7900","0.3298","5.0676"
"34.8100","0.3297","5.0635"
"34.8300","0.3296","5.0593"
"34.8500","0.3296","5.0552"
"34.8700","0.3295","5.0511"
"34.8900","0.3294","5.0471"
"34.9100","0.3293","5.0430"
"34.9300","0.3292","5.0389"
"34.9500","0.3291","5.0349"
"34.9700","0.3291","5.0309"
"34.9900","0.3290","5.0269"
"35.0100","0.3289","5.0228"
"35.0300","0.3288","5.0188"
"35.0500","0.3287","5.0148"
"35.0700","0.3287","5.0107"
"35.0900","0.3286","5.0067"
"35.1100","0.3285","5.0026"
"35.1300","0.3284","4.9986"
"35.1500","0.3283","4.9945"
"35.1700","0.3283","4.9904"
"35.1900","0.3282","4.9863"
"35.2100","0.3281","4.9823"
"35.2300","0.3280","4.9781"
"35.2500","0.3279","4.9740"
"35.2700","0.3278","4.9699"
"35.2900","0.3278","4.9658"
"35.3100","0.3277","4.9616"
"35.3300","0.3276","4.9575"
"35.3500","0.3275","4.9534"
"35.3700","0.3274","4.9493"
"35.3900","0.3273","4.9452"
"35.4100","0.3272","4.9410"
"35.4300","0.3272","4.9371"
"35.4500","0.3271","4.9330"
"35.4700","0.3270","4.9289"
"35.4900","0.3269","4.9249"
"35.5100","0.3268","4.9208"
"35.5300","0.3268","4.9169"
"35.5500","0.3267","4.9129"
"35.5700","0.3266","4.9088"
"35.5900","0.3265","4.9049"
"35.6100","0.3264","4.9009"
"35.6300","0.3263","4.8969"
"35.6500","0.3263","4.8929"
"35.6700","0.3262","4.8890"
"35.6900","0.3261","4.8850"
"35.7100","0.3260","4.8810"
"35.7300","0.3259","4.8771"
"35.7500","0.3259","4.8730"
"35.7700","0.3258","4.8690"
"35.7900","0.3257","4.8650"
"35.8100","0.3256","4.8611"
"35.8300","0.3255","4.8571"
"35.8500","0.3254","4.8531"
"35.8700","0.3254","4.8491"
"35.8900","0.3253","4.8451"
"35.9100","0.3252","4.8411"
"35.9300","0.3251","4.8370"
"35.9500","0.3250","4.8330"
"35.9700","0.3249","4.8290"
"35.9900","0.3249","4.8251"
"36.0100","0.3248","4.8211"
"36.0300","0.3247","4.8171"
"36.0500","0.3246","4.8131"
"36.0700","0.3245","4.8090"
"36.0900","0.3244","4.8050"
"36.1100","0.3244","4.8010"
"36.1300","0.3243","4.7970"
"36.1500","0.3242","4.7930"
"36.1700","0.3241","4.7890"
"36.1900","0.3240","4.7850"
"36.2100","0.3239","4.7809"
"36.2300","0.3238","4.7768"
"36.2500","0.3238","4.7728"
"36.2700","0.3237","4.7689"
"36.2900","0.3236","4.7650"
"36.3100","0.3235","4.7608"
"36.3300","0.3234","4.7568"
"36.3500","0.3233","4.7529"
"36.3700","0.3233","4.7488"
"36.3900","0.3232","4.7450"
"36.4100","0.3231","4.7411"
"36.4300","0.3230","4.7371"
"36.4500","0.3229","4.7331"
"36.4700","0.3228","4.7292"
"36.4900","0.3228","4.7252"
"36.5100","0.3227","4.7214"
"36.5300","0.3226","4.7174"
"36.5500","0.3225","4.7134"
"36.5700","0.3224","4.7095"
"36.5900","0.3223","4.7056"
"36.6100","0.3223","4.7016"
"36.6300","0.3222","4.6976"
"36.6500","0.3221","4.6936"
"36.6700","0.3220","4.6897"
"36.6900","0.3219","4.6856"
"36.7100","0.3218","4.6815"
"36.7300","0.3217","4.6776"
"36.7500","0.3217","4.6736"
"36.7700","0.3216","4.6695"
"36.7900","0.3215","4.6653"
"36.8100","0.3214","4.6612"
"36.8300","0.3213","4.6573"
"36.8500","0.3212","4.6532"
"36.8700","0.3211","4.6490"
"36.8900","0.3210","4.6449"
"36.9100","0.3210","4.6408"
"36.9300","0.3209","4.6368"
"36.9500","0.3208","4.6326"
"36.9700","0.3207","4.6285"
"36.9900","0.3206","4.6243"
"37.0100","0.3205","4.6202"
"37.0300","0.3204","4.6160"
"37.0500","0.3203","4.6119"
"37.0700","0.3202","4.6077"
"37.0900","0.3201","4.6036"
"37.1100","0.3201","4.5994"
"37.1300","0.3200","4.5953"
"37.1500","0.3199","4.5912"
"37.1700","0.3198","4.5871"
"37.1900","0.3197","4.5830"
"37.2100","0.3196","4.5789"
"37.2300","0.3195","4.5748"
"37.2500","0.3194","4.5708"
"37.2700","0.3194","4.5668"
"37.2900","0.3193","4.5629"
"37.3100","0.3192","4.5590"
"37.3300","0.3191","4.5550"
"37.3500","0.3190","4.5511"
"37.3700","0.3189","4.5470"
"37.3900","0.3188","4.5432"
"37.4100","0.3187","4.5393"
"37.4300","0.3187","4.5353"
"37.4500","0.3186","4.5314"
"37.4700","0.3185","4.5274"
"37.4900","0.3184","4.5235"
"37.5100","0.3183","4.5196"
"37.5300","0.3182","4.5157"
"37.5500","0.3181","4.5116"
"37.5700","0.3181","4.5076"
"37.5900","0.3180","4.5037"
"37.6100","0.3179","4.4996"
"37.6300","0.3178","4.4956"
"37.6500","0.3177","4.4916"
"37.6700","0.3176","4.4876"
"37.6900","0.3175","4.4837"
"37.7100","0.3174","4.4797"
"37.7300","0.3173","4.4757"
"37.7500","0.3173","4.4717"
"37.7700","0.3172","4.4678"
"37.7900","0.3171","4.4639"
"37.8100","0.3170","4.4599"
"37.8300","0.3169","4.4561"
"37.8500","0.3168","4.4522"
"37.8700","0.3167","4.4484"
"37.8900","0.3167","4.4445"
"37.9100","0.3166","4.4406"
"37.9300","0.3165","4.4368"
"37.9500","0.3164","4.4330"
"37.9700","0.3163","4.4291"
"37.9900","0.3162","4.4253"
"38.0100","0.3161","4.4215"
"38.0300","0.3161","4.4176"
"38.0500","0.3160","4.4138"
"38.0700","0.3159","4.4099"
"38.0900","0.3158","4.4061"
"38.1100","0.3157","4.4023"
"38.1300","0.3156","4.3984"
"38.1500","0.3155","4.3944"
"38.1700","0.3154","4.3905"
"38.1900","0.3154","4.3865"
"38.2100","0.3153","4.3826"
"38.2300","0.3152","4.3787"
"38.2500","0.3151","4.3746"
"38.2700","0.3150","4.3706"
"38.2900","0.3149","4.3666"
"38.3100","0.3148","4.3627"
"38.3300","0.3147","4.3588"
"38.3500","0.3146","4.3547"
"38.3700","0.3145","4.3507"
"38.3900","0.3145","4.3467"
"38.4100","0.3144","4.3427"
"38.4300","0.3143","4.3386"
"38.4500","0.3142","4.3346"
"38.4700","0.3141","4.3305"
"38.4900","0.3140","4.3266"
"38.5100","0.3139","4.3224"
"38.5300","0.3138","4.3184"
"38.5500","0.3137","4.3144"
"38.5700","0.3136","4.3104"
"38.5900","0.3135","4.3063"
"38.6100","0.3134","4.3023"
"38.6300","0.3134","4.2984"
"38.6500","0.3133","4.2943"
"38.6700","0.3132","4.2904"
"38.6900","0.3131","4.2863"
"38.7100","0.3130","4.2824"
"38.7300","0.3129","4.2785"
"38.7500","0.3128","4.2745"
"38.7700","0.3127","4.2707"
"38.7900","0.3126","4.2668"
"38.8100","0.3125","4.2629"
"38.8300","0.3124","4.2588"
"38.8500","0.3124","4.2549"
"38.8700","0.3123","4.2510"
"38.8900","0.3122","4.2470"
"38.9100","0.3121","4.2430"
"38.9300","0.3120","4.2390"
"38.9500","0.3119","4.2350"
"38.9700","0.3118","4.2309"
"38.9900","0.3117","4.2270"
"39.0100","0.3116","4.2229"
"39.0300","0.3115","4.2188"
"39.0500","0.3114","4.2148"
"39.0700","0.3113","4.2107"
"39.0900","0.3112","4.2066"
"39.1100","0.3111","4.2025"
"39.1300","0.3110","4.1984"
"39.1500","0.3109","4.1942"
"39.1700","0.3109","4.1902"
"39.1900","0.3108","4.1861"
"39.2100","0.3107","4.1820"
"39.2300","0.3106","4.1779"
"39.2500","0.3105","4.1737"
"39.2700","0.3104","4.1697"
"39.2900","0.3103","4.1656"
"39.3100","0.3102","4.1615"
"39.3300","0.3101","4.1574"
"39.3500","0.3100","4.1533"
"39.3700","0.3099","4.1493"
"39.3900","0.3098","4.1452"
"39.4100","0.3097","4.1412"
"39.4300","0.3096","4.1372"
"39.4500","0.3095","4.1331"
"39.4700","0.3094","4.1292"
"39.4900","0.3093","4.1253"
"39.5100","0.3092","4.1213"
"39.5300","0.3091","4.1174"
"39.5500","0.3091","4.1136"
"39.5700","0.3090","4.1097"
"39.5900","0.3089","4.1059"
"39.6100","0.3088","4.1020"
"39.6300","0.3087","4.0982"
"39.6500","0.3086","4.0943"
"39.6700","0.3085","4.0904"
"39.6900","0.3084","4.0864"
"39.7100","0.3083","4.0826"
"39.7300","0.3082","4.0787"
"39.7500","0.3081","4.0747"
"39.7700","0.3080","4.0708"
"39.7900","0.3079","4.0667"
"39.8100","0.3078","4.0628"
"39.8300","0.3077","4.0587"
"39.8500","0.3077","4.0547"
"39.8700","0.3076","4.0508"
"39.8900","0.3075","4.0468"
"39.9100","0.3074","4.0429"
"39.9300","0.3073","4.0389"
"39.9500","0.3072","4.0349"
"39.9700","0.3071","4.0310"
"39.9900","0.3070","4.0270"
"40.0100","0.3069","4.0232"
"40.0300","0.3068","4.0192"
"40.0500","0.3067","4.0153"
"40.0700","0.3066","4.0114"
"40.0900","0.3065","4.0075"
"40.1100","0.3064","4.0036"
"40.1300","0.3063","3.9996"
"40.1500","0.3062","3.9957"
"40.1700","0.3061","3.9919"
"40.1900","0.3060","3.9879"
"40.2100","0.3060","3.9839"
"40.2300","0.3059","3.9800"
"40.2500","0.3058","3.9760"
"40.2700","0.3057","3.9720"
"40.2900","0.3056","3.9680"
"40.3100","0.3055","3.9639"
"40.3300","0.3054","3.9598"
"40.3500","0.3053","3.9558"
"40.3700","0.3052","3.9518"
"40.3900","0.3051","3.9476"
"40.4100","0.3050","3.9436"
"40.4300","0.3049","3.9394"
"40.4500","0.3048","3.9353"
"40.4700","0.3047","3.9312"
"40.4900","0.3046","3.9270"
"40.5100","0.3045","3.9229"
"40.5300","0.3044","3.9187"
"40.5500","0.3043","3.9145"
"40.5700","0.3042","3.9104"
"40.5900","0.3041","3.9063"
"40.6100","0.3040","3.9020"
"40.6300","0.3039","3.8979"
"40.6500","0.3038","3.8937"
"40.6700","0.3037","3.8895"
"40.6900","0.3036","3.8853"
"40.7100","0.3035","3.8812"
"40.7300","0.3034","3.8771"
"40.7500","0.3033","3.8730"
"40.7700","0.3032","3.8689"
"40.7900","0.3031","3.8648"
"40.8100","0.3030","3.8608"
"40.8300","0.3029","3.8568"
"40.8500","0.3028","3.8528"
"40.8700","0.3027","3.8488"
"40.8900","0.3026","3.8448"
"40.9100","0.3025","3.8408"
"40.9300","0.3024","3.8368"
"40.9500","0.3023","3.8328"
"40.9700","0.3022","3.8288"
"40.9900","0.3021","3.8249"
"41.0100","0.3020","3.8209"
"41.0300","0.3019","3.8170"
"41.0500","0.3018","3.8129"
"41.0700","0.3017","3.8089"
"41.0900","0.3016","3.8049"
"41.1100","0.3015","3.8009"
"41.1300","0.3014","3.7970"
"41.1500","0.3013","3.7930"
"41.1700","0.3012","3.7889"
"41.1900","0.3011","3.7850"
"41.2100","0.3010","3.7810"
"41.2300","0.3009","3.7770"
"41.2500","0.3008","3.7730"
"41.2700","0.3007","3.7690"
"41.2900","0.3006","3.7651"
"41.3100","0.3005","3.7610"
"41.3300","0.3004","3.7569"
"41.3500","0.3003","3.7530"
"41.3700","0.3002","3.7491"
"41.3900","0.3001","3.7450"
"41.4100","0.3000","3.7411"
"41.4300","0.2999","3.7371"
"41.4500","0.2998","3.7331"
"41.4700","0.2997","3.7292"
"41.4900","0.2996","3.7254"
"41.5100","0.2995","3.7215"
"41.5300","0.2994","3.7177"
"41.5500","0.2993","3.7138"
"41.5700","0.2992","3.7099"
"41.5900","0.2991","3.7061"
"41.6100","0.2990","3.7023"
"41.6300","0.2989","3.6986"
"41.6500","0.2988","3.6948"
"41.6700","0.2987","3.6910"
"41.6900","0.2986","3.6873"
"41.7100","0.2985","3.6834"
"41.7300","0.2984","3.6796"
"41.7500","0.2983","3.6757"
"41.7700","0.2982","3.6719"
"41.7900","0.2981","3.6682"
"41.8100","0.2980","3.6642"
"41.8300","0.2979","3.6602"
"41.8500","0.2978","3.6563"
"41.8700","0.2977","3.6523"
"41.8900","0.2976","3.6483"
"41.9100","0.2975","3.6443"
"41.9300","0.2974","3.6404"
"41.9500","0.2973","3.6363"
"41.9700","0.2972","3.6323"
"41.9900","0.2971","3.6282"
"42.0100","0.2970","3.6242"
"42.0300","0.2969","3.6201"
"42.0500","0.2968","3.6162"
"42.0700","0.2967","3.6121"
"42.0900","0.2966","3.6082"
"42.1100","0.2965","3.6042"
"42.1300","0.2964","3.6001"
"42.1500","0.2963","3.5960"
"42.1700","0.2962","3.5920"
"42.1900","0.2960","3.5880"
"42.2100","0.2959","3.5839"
"42.2300","0.2958","3.5798"
"42.2500","0.2957","3.5756"
"42.2700","0.2956","3.5715"
"42.2900","0.2955","3.5674"
"42.3100","0.2954","3.5632"
"42.3300","0.2953","3.5591"
"42.3500","0.2952","3.5548"
"42.3700","0.2951","3.5507"
"42.3900","0.2950","3.5465"
"42.4100","0.2949","3.5422"
"42.4300","0.2947","3.5379"
"42.4500","0.2946","3.5336"
"42.4700","0.2945","3.5295"
"42.4900","0.2944","3.5252"
"42.5100","0.2943","3.5210"
"42.5300","0.2942","3.5168"
"42.5500","0.2941","3.5127"
"42.5700","0.2940","3.5085"
"42.5900","0.2939","3.5043"
"42.6100","0.2938","3.5002"
"42.6300","0.2937","3.4961"
"42.6500","0.2935","3.4920"
"42.6700","0.2934","3.4880"
"42.6900","0.2933","3.4838"
"42.7100","0.2932","3.4799"
"42.7300","0.2931","3.4760"
"42.7500","0.2930","3.4720"
"42.7700","0.2929","3.4680"
"42.7900","0.2928","3.4641"
"42.8100","0.2927","3.4603"
"42.8300","0.2926","3.4565"
"42.8500","0.2925","3.4527"
"42.8700","0.2924","3.4487"
"42.8900","0.2923","3.4449"
"42.9100","0.2922","3.4411"
"42.9300","0.2921","3.4373"
"42.9500","0.2920","3.4335"
"42.9700","0.2919","3.4297"
"42.9900","0.2918","3.4258"
"43.0100","0.2917","3.4220"
"43.0300","0.2916","3.4181"
"43.0500","0.2915","3.4142"
"43.0700","0.2914","3.4103"
"43.0900","0.2913","3.4065"
"43.1100","0.2912","3.4025"
"43.1300","0.2911","3.3986"
"43.1500","0.2910","3.3947"
"43.1700","0.2909","3.3909"
"43.1900","0.2908","3.3868"
"43.2100","0.2906","3.3829"
"43.2300","0.2905","3.3790"
"43.2500","0.2904","3.3750"
"43.2700","0.2903","3.3710"
"43.2900","0.2902","3.3670"
"43.3100","0.2901","3.3630"
"43.3300","0.2900","3.3590"
"43.3500","0.2899","3.3550"
"43.3700","0.2898","3.3509"
"43.3900","0.2897","3.3468"
"43.4100","0.2896","3.3429"
"43.4300","0.2895","3.3389"
"43.4500","0.2894","3.3349"
"43.4700","0.2893","3.3311"
"43.4900","0.2891","3.3272"
"43.5100","0.2890","3.3233"
"43.5300","0.2889","3.3195"
"43.5500","0.2888","3.3155"
"43.5700","0.2887","3.3117"
"43.5900","0.2886","3.3079"
"43.6100","0.2885","3.3040"
"43.6300","0.2884","3.3001"
"43.6500","0.2883","3.2962"
"43.6700","0.2882","3.2922"
"43.6900","0.2881","3.2883"
"43.7100","0.2880","3.2842"
"43.7300","0.2879","3.2800"
"43.7500","0.2877","3.2759"
"43.7700","0.2876","3.2718"
"43.7900","0.2875","3.2675"
"43.8100","0.2874","3.2633"
"43.8300","0.2873","3.2591"
"43.8500","0.2872","3.2549"
"43.8700","0.2871","3.2508"
"43.8900","0.2869","3.2466"
"43.9100","0.2868","3.2425"
"43.9300","0.2867","3.2384"
"43.9500","0.2866","3.2343"
"43.9700","0.2865","3.2303"
"43.9900","0.2864","3.2262"
"44.0100","0.2863","3.2222"
"44.0300","0.2862","3.2181"
"44.0500","0.2860","3.2141"
"44.0700","0.2859","3.2100"
"44.0900","0.2858","3.2061"
"44.1100","0.2857","3.2021"
"44.1300","0.2856","3.1980"
"44.1500","0.2855","3.1940"
"44.1700","0.2854","3.1900"
"44.1900","0.2853","3.1859"
"44.2100","0.2851","3.1819"
"44.2300","0.2850","3.1778"
"44.2500","0.2849","3.1738"
"44.2700","0.2848","3.1697"
"44.2900","0.2847","3.1657"
"44.3100","0.2846","3.1617"
"44.3300","0.2845","3.1576"
"44.3500","0.2843","3.1536"
"44.3700","0.2842","3.1496"
"44.3900","0.2841","3.1456"
"44.4100","0.2840","3.1415"
"44.4300","0.2839","3.1375"
"44.4500","0.2838","3.1335"
"44.4700","0.2837","3.1295"
"44.4900","0.2836","3.1255"
"44.5100","0.2834","3.1216"
"44.5300","0.2833","3.1176"
"44.5500","0.2832","3.1138"
"44.5700","0.2831","3.1099"
"44.5900","0.2830","3.1061"
"44.6100","0.2829","3.1022"
"44.6300","0.2828","3.0984"
"44.6500","0.2827","3.0947"
"44.6700","0.2826","3.0910"
"44.6900","0.2825","3.0872"
"44.7100","0.2824","3.0835"
"44.7300","0.2822","3.0797"
"44.7500","0.2821","3.0759"
"44.7700","0.2820","3.0722"
"44.7900","0.2819","3.0683"
"44.8100","0.2818","3.0645"
"44.8300","0.2817","3.0607"
"44.8500","0.2816","3.0569"
"44.8700","0.2815","3.0530"
"44.8900","0.2814","3.0491"
"44.9100","0.2813","3.0452"
"44.9300","0.2811","3.0413"
"44.9500","0.2810","3.0374"
"44.9700","0.2809","3.0334"
"44.9900","0.2808","3.0295"
"45.0100","0.2807","3.0255"
"45.0300","0.2806","3.0215"
"45.0500","0.2805","3.0174"
"45.0700","0.2803","3.0134"
"45.0900","0.2802","3.0094"
"45.1100","0.2801","3.0054"
"45.1300","0.2800","3.0012"
"45.1500","0.2799","2.9971"
"45.1700","0.2797","2.9930"
"45.1900","0.2796","2.9889"
"45.2100","0.2795","2.9849"
"45.2300","0.2794","2.9809"
"45.2500","0.2793","2.9767"
"45.2700","0.2792","2.9726"
"45.2900","0.2790","2.9687"
"45.3100","0.2789","2.9647"
"45.3300","0.2788","2.9606"
"45.3500","0.2787","2.9566"
"45.3700","0.2786","2.9526"
"45.3900","0.2785","2.9485"
"45.4100","0.2783","2.9444"
"45.4300","0.2782","2.9403"
"45.4500","0.2781","2.9363"
"45.4700","0.2780","2.9320"
"45.4900","0.2778","2.9278"
"45.5100","0.2777","2.9235"
"45.5300","0.2776","2.9194"
"45.5500","0.2775","2.9152"
"45.5700","0.2774","2.9110"
"45.5900","0.2772","2.9067"
"45.6100","0.2771","2.9026"
"45.6300","0.2770","2.8983"
"45.6500","0.2769","2.8942"
"45.6700","0.2767","2.8901"
"45.6900","0.2766","2.8860"
"45.7100","0.2765","2.8819"
"45.7300","0.2764","2.8779"
"45.7500","0.2763","2.8739"
"45.7700","0.2761","2.8699"
"45.7900","0.2760","2.8659"
"45.8100","0.2759","2.8619"
"45.8300","0.2758","2.8578"
"45.8500","0.2757","2.8538"
"45.8700","0.2755","2.8498"
"45.8900","0.2754","2.8458"
"45.9100","0.2753","2.8417"
"45.9300","0.2752","2.8376"
"45.9500","0.2751","2.8336"
"45.9700","0.2749","2.8295"
"45.9900","0.2748","2.8255"
"46.0100","0.2747","2.8214"
"46.0300","0.2746","2.8173"
"46.0500","0.2744","2.8133"
"46.0700","0.2743","2.8094"
"46.0900","0.2742","2.8053"
"46.1100","0.2741","2.8014"
"46.1300","0.2740","2.7974"
"46.1500","0.2738","2.7935"
"46.1700","0.2737","2.7894"
"46.1900","0.2736","2.7854"
"46.2100","0.2735","2.7815"
"46.2300","0.2734","2.7776"
"46.2500","0.2732","2.7736"
"46.2700","0.2731","2.7696"
"46.2900","0.2730","2.7658"
"46.3100","0.2729","2.7619"
"46.3300","0.2728","2.7581"
"46.3500","0.2726","2.7543"
"46.3700","0.2725","2.7504"
"46.3900","0.2724","2.7466"
"46.4100","0.2723","2.7428"
"46.4300","0.2722","2.7389"
"46.4500","0.2721","2.7351"
"46.4700","0.2719","2.7313"
"46.4900","0.2718","2.7274"
"46.5100","0.2717","2.7236"
"46.5300","0.2716","2.7197"
"46.5500","0.2715","2.7158"
"46.5700","0.2713","2.7118"
"46.5900","0.2712","2.7079"
"46.6100","0.2711","2.7039"
"46.6300","0.2710","2.6999"
"46.6500","0.2708","2.6959"
"46.6700","0.2707","2.6919"
"46.6900","0.2706","2.6877"
"46.7100","0.2705","2.6835"
"46.7300","0.2703","2.6794"
"46.7500","0.2702","2.6751"
"46.7700","0.2701","2.6708"
"46.7900","0.2699","2.6665"
"46.8100","0.2698","2.6623"
"46.8300","0.2697","2.6580"
"46.8500","0.2695","2.6539"
"46.8700","0.2694","2.6496"
"46.8900","0.2693","2.6454"
"46.9100","0.2692","2.6414"
"46.9300","0.2690","2.6375"
"46.9500","0.2689","2.6334"
"46.9700","0.2688","2.6294"
"46.9900","0.2687","2.6254"
"47.0100","0.2685","2.6216"
"47.0300","0.2684","2.6177"
"47.0500","0.2683","2.6138"
"47.0700","0.2682","2.6097"
"47.0900","0.2680","2.6058"
"47.1100","0.2679","2.6018"
"47.1300","0.2678","2.5976"
"47.1500","0.2676","2.5935"
"47.1700","0.2675","2.5894"
"47.1900","0.2674","2.5853"
"47.2100","0.2672","2.5811"
"47.2300","0.2671","2.5770"
"47.2500","0.2670","2.5729"
"47.2700","0.2669","2.5689"
"47.2900","0.2667","2.5647"
"47.3100","0.2666","2.5606"
"47.3300","0.2665","2.5567"
"47.3500","0.2663","2.5527"
"47.3700","0.2662","2.5487"
"47.3900","0.2661","2.5447"
"47.4100","0.2659","2.5407"
"47.4300","0.2658","2.5367"
"47.4500","0.2657","2.5328"
"47.4700","0.2656","2.5288"
"47.4900","0.2654","2.5249"
"47.5100","0.2653","2.5210"
"47.5300","0.2652","2.5170"
"47.5500","0.2651","2.5131"
"47.5700","0.2649","2.5091"
"47.5900","0.2648","2.5052"
"47.6100","0.2647","2.5011"
"47.6300","0.2645","2.4971"
"47.6500","0.2644","2.4931"
"47.6700","0.2643","2.4890"
"47.6900","0.2641","2.4850"
"47.7100","0.2640","2.4810"
"47.7300","0.2639","2.4770"
"47.7500","0.2637","2.4728"
"47.7700","0.2636","2.4687"
"47.7900","0.2635","2.4648"
"47.8100","0.2633","2.4607"
"47.8300","0.2632","2.4566"
"47.8500","0.2631","2.4526"
"47.8700","0.2629","2.4485"
"47.8900","0.2628","2.4446"
"47.9100","0.2627","2.4406"
"47.9300","0.2626","2.4367"
"47.9500","0.2624","2.4330"
"47.9700","0.2623","2.4290"
"47.9900","0.2622","2.4251"
"48.0100","0.2620","2.4213"
"48.0300","0.2619","2.4173"
"48.0500","0.2618","2.4134"
"48.0700","0.2617","2.4095"
"48.0900","0.2615","2.4056"
"48.1100","0.2614","2.4015"
"48.1300","0.2613","2.3975"
"48.1500","0.2611","2.3934"
"48.1700","0.2610","2.3893"
"48.1900","0.2609","2.3852"
"48.2100","0.2607","2.3811"
"48.2300","0.2606","2.3769"
"48.2500","0.2604","2.3728"
"48.2700","0.2603","2.3686"
"48.2900","0.2602","2.3645"
"48.3100","0.2600","2.3603"
"48.3300","0.2599","2.3563"
"48.3500","0.2598","2.3521"
"48.3700","0.2596","2.3480"
"48.3900","0.2595","2.3439"
"48.4100","0.2593","2.3399"
"48.4300","0.2592","2.3359"
"48.4500","0.2591","2.3320"
"48.4700","0.2589","2.3281"
"48.4900","0.2588","2.3242"
"48.5100","0.2587","2.3204"
"48.5300","0.2585","2.3165"
"48.5500","0.2584","2.3126"
"48.5700","0.2583","2.3088"
"48.5900","0.2581","2.3048"
"48.6100","0.2580","2.3010"
"48.6300","0.2579","2.2970"
"48.6500","0.2577","2.2929"
"48.6700","0.2576","2.2889"
"48.6900","0.2575","2.2848"
"48.7100","0.2573","2.2808"
"48.7300","0.2572","2.2767"
"48.7500","0.2570","2.2727"
"48.7700","0.2569","2.2686"
"48.7900","0.2568","2.2646"
"48.8100","0.2566","2.2608"
"48.8300","0.2565","2.2568"
"48.8500","0.2564","2.2529"
"48.8700","0.2562","2.2491"
"48.8900","0.2561","2.2452"
"48.9100","0.2560","2.2414"
"48.9300","0.2558","2.2375"
"48.9500","0.2557","2.2337"
"48.9700","0.2556","2.2298"
"48.9900","0.2554","2.2259"
"49.0100","0.2553","2.2218"
"49.0300","0.2552","2.2179"
"49.0500","0.2550","2.2139"
"49.0700","0.2549","2.2100"
"49.0900","0.2547","2.2059"
"49.1100","0.2546","2.2018"
"49.1300","0.2545","2.1977"
"49.1500","0.2543","2.1937"
"49.1700","0.2542","2.1897"
"49.1900","0.2540","2.1857"
"49.2100","0.2539","2.1817"
"49.2300","0.2538","2.1778"
"49.2500","0.2536","2.1737"
"49.2700","0.2535","2.1699"
"49.2900","0.2533","2.1659"
"49.3100","0.2532","2.1619"
"49.3300","0.2531","2.1581"
"49.3500","0.2529","2.1543"
"49.3700","0.2528","2.1505"
"49.3900","0.2526","2.1466"
"49.4100","0.2525","2.1429"
"49.4300","0.2524","2.1391"
"49.4500","0.2522","2.1353"
"49.4700","0.2521","2.1315"
"49.4900","0.2520","2.1279"
"49.5100","0.2518","2.1240"
"49.5300","0.2517","2.1202"
"49.5500","0.2516","2.1163"
"49.5700","0.2514","2.1124"
"49.5900","0.2513","2.1086"
"49.6100","0.2511","2.1046"
"49.6300","0.2510","2.1006"
"49.6500","0.2509","2.0966"
"49.6700","0.2507","2.0927"
"49.6900","0.2506","2.0887"
"49.7100","0.2504","2.0846"
"49.7300","0.2503","2.0806"
"49.7500","0.2501","2.0765"
"49.7700","0.2500","2.0724"
"49.7900","0.2498","2.0682"
"49.8100","0.2497","2.0640"
"49.8300","0.2495","2.0599"
"49.8500","0.2494","2.0557"
"49.8700","0.2492","2.0516"
"49.8900","0.2491","2.0475"
"49.9100","0.2489","2.0436"
"49.9300","0.2488","2.0396"
"49.9500","0.2486","2.0356"
"49.9700","0.2485","2.0318"
"49.9900","0.2484","2.0277"
"50.0100","0.2482","2.0237"
"50.0300","0.2481","2.0198"
"50.0500","0.2479","2.0157"
"50.0700","0.2478","2.0117"
"50.0900","0.2476","2.0074"
"50.1100","0.2475","2.0033"
"50.1300","0.2473","1.9991"
"50.1500","0.2472","1.9949"
"50.1700","0.2470","1.9906"
"50.1900","0.2469","1.9864"
"50.2100","0.2467","1.9823"
"50.2300","0.2465","1.9781"
"50.2500","0.2464","1.9741"
"50.2700","0.2462","1.9701"
"50.2900","0.2461","1.9660"
"50.3100","0.2459","1.9621"
"50.3300","0.2458","1.9580"
"50.3500","0.2456","1.9541"
"50.3700","0.2455","1.9501"
"50.3900","0.2453","1.9461"
"50.4100","0.2452","1.9421"
"50.4300","0.2450","1.9381"
"50.4500","0.2449","1.9341"
"50.4700","0.2447","1.9301"
"50.4900","0.2446","1.9261"
"50.5100","0.2444","1.9221"
"50.5300","0.2443","1.9181"
"50.5500","0.2441","1.9141"
"50.5700","0.2440","1.9100"
"50.5900","0.2438","1.9061"
"50.6100","0.2437","1.9021"
"50.6300","0.2435","1.8981"
"50.6500","0.2434","1.8941"
"50.6700","0.2432","1.8900"
"50.6900","0.2431","1.8861"
"50.7100","0.2429","1.8822"
"50.7300","0.2428","1.8783"
"50.7500","0.2426","1.8743"
"50.7700","0.2425","1.8705"
"50.7900","0.2423","1.8666"
"50.8100","0.2422","1.8627"
"50.8300","0.2420","1.8589"
"50.8500","0.2419","1.8551"
"50.8700","0.2417","1.8512"
"50.8900","0.2416","1.8472"
"50.9100","0.2414","1.8433"
"50.9300","0.2413","1.8393"
"50.9500","0.2411","1.8353"
"50.9700","0.2410","1.8312"
"50.9900","0.2408","1.8270"
"51.0100","0.2407","1.8229"
"51.0300","0.2405","1.8187"
"51.0500","0.2403","1.8146"
"51.0700","0.2402","1.8103"
"51.0900","0.2400","1.8059"
"51.1100","0.2398","1.8016"
"51.1300","0.2397","1.7973"
"51.1500","0.2395","1.7929"
"51.1700","0.2393","1.7887"
"51.1900","0.2392","1.7845"
"51.2100","0.2390","1.7805"
"51.2300","0.2388","1.7765"
"51.2500","0.2387","1.7725"
"51.2700","0.2385","1.7686"
"51.2900","0.2384","1.7648"
"51.3100","0.2382","1.7609"
"51.3300","0.2381","1.7569"
"51.3500","0.2379","1.7530"
"51.3700","0.2378","1.7491"
"51.3900","0.2376","1.7451"
"51.4100","0.2374","1.7410"
"51.4300","0.2373","1.7370"
"51.4500","0.2371","1.7330"
"51.4700","0.2370","1.7290"
"51.4900","0.2368","1.7250"
"51.5100","0.2366","1.7210"
"51.5300","0.2365","1.7171"
"51.5500","0.2363","1.7132"
"51.5700","0.2362","1.7093"
"51.5900","0.2360","1.7055"
"51.6100","0.2358","1.7017"
"51.6300","0.2357","1.6979"
"51.6500","0.2355","1.6940"
"51.6700","0.2354","1.6903"
"51.6900","0.2352","1.6864"
"51.7100","0.2351","1.6825"
"51.7300","0.2349","1.6786"
"51.7500","0.2347","1.6747"
"51.7700","0.2346","1.6707"
"51.7900","0.2344","1.6667"
"51.8100","0.2342","1.6627"
"51.8300","0.2341","1.6587"
"51.8500","0.2339","1.6547"
"51.8700","0.2338","1.6506"
"51.8900","0.2336","1.6465"
"51.9100","0.2334","1.6424"
"51.9300","0.2333","1.6384"
"51.9500","0.2331","1.6343"
"51.9700","0.2329","1.6302"
"51.9900","0.2327","1.6262"
"52.0100","0.2326","1.6222"
"52.0300","0.2324","1.6182"
"52.0500","0.2323","1.6143"
"52.0700","0.2321","1.6104"
"52.0900","0.2319","1.6065"
"52.1100","0.2318","1.6025"
"52.1300","0.2316","1.5985"
"52.1500","0.2314","1.5944"
"52.1700","0.2313","1.5903"
"52.1900","0.2311","1.5862"
"52.2100","0.2309","1.5820"
"52.2300","0.2307","1.5777"
"52.2500","0.2305","1.5735"
"52.2700","0.2304","1.5691"
"52.2900","0.2302","1.5648"
"52.3100","0.2300","1.5606"
"52.3300","0.2298","1.5562"
"52.3500","0.2296","1.5521"
"52.3700","0.2295","1.5478"
"52.3900","0.2293","1.5437"
"52.4100","0.2291","1.5395"
"52.4300","0.2289","1.5356"
"52.4500","0.2288","1.5318"
"52.4700","0.2286","1.5281"
"52.4900","0.2285","1.5245"
"52.5100","0.2283","1.5207"
"52.5300","0.2281","1.5170"
"52.5500","0.2280","1.5133"
"52.5700","0.2278","1.5095"
"52.5900","0.2276","1.5056"
"52.6100","0.2275","1.5016"
"52.6300","0.2273","1.4977"
"52.6500","0.2271","1.4937"
"52.6700","0.2269","1.4898"
"52.6900","0.2268","1.4859"
"52.7100","0.2266","1.4820"
"52.7300","0.2264","1.4782"
"52.7500","0.2263","1.4745"
"52.7700","0.2261","1.4707"
"52.7900","0.2259","1.4669"
"52.8100","0.2258","1.4632"
"52.8300","0.2256","1.4594"
"52.8500","0.2254","1.4556"
"52.8700","0.2253","1.4519"
"52.8900","0.2251","1.4481"
"52.9100","0.2249","1.4442"
"52.9300","0.2247","1.4402"
"52.9500","0.2246","1.4362"
"52.9700","0.2244","1.4322"
"52.9900","0.2242","1.4280"
"53.0100","0.2240","1.4240"
"53.0300","0.2238","1.4199"
"53.0500","0.2236","1.4157"
"53.0700","0.2235","1.4115"
"53.0900","0.2233","1.4072"
"53.1100","0.2231","1.4031"
"53.1300","0.2229","1.3988"
"53.1500","0.2227","1.3947"
"53.1700","0.2225","1.3906"
"53.1900","0.2223","1.3866"
"53.2100","0.2222","1.3827"
"53.2300","0.2220","1.3786"
"53.2500","0.2218","1.3746"
"53.2700","0.2216","1.3706"
"53.2900","0.2214","1.3666"
"53.3100","0.2212","1.3626"
"53.3300","0.2210","1.3586"
"53.3500","0.2209","1.3546"
"53.3700","0.2207","1.3507"
"53.3900","0.2205","1.3468"
"53.4100","0.2203","1.3428"
"53.4300","0.2201","1.3389"
"53.4500","0.2199","1.3349"
"53.4700","0.2197","1.3308"
"53.4900","0.2196","1.3267"
"53.5100","0.2194","1.3228"
"53.5300","0.2192","1.3189"
"53.5500","0.2190","1.3150"
"53.5700","0.2188","1.3113"
"53.5900","0.2186","1.3076"
"53.6100","0.2185","1.3039"
"53.6300","0.2183","1.3002"
"53.6500","0.2181","1.2965"
"53.6700","0.2179","1.2928"
"53.6900","0.2177","1.2889"
"53.7100","0.2176","1.2851"
"53.7300","0.2174","1.2812"
"53.7500","0.2172","1.2773"
"53.7700","0.2170","1.2733"
"53.7900","0.2168","1.2693"
"53.8100","0.2166","1.2653"
"53.8300","0.2164","1.2612"
"53.8500","0.2162","1.2572"
"53.8700","0.2160","1.2532"
"53.8900","0.2159","1.2491"
"53.9100","0.2157","1.2450"
"53.9300","0.2154","1.2408"
"53.9500","0.2152","1.2365"
"53.9700","0.2150","1.2322"
"53.9900","0.2148","1.2280"
"54.0100","0.2146","1.2235"
"54.0300","0.2144","1.2191"
"54.0500","0.2142","1.2148"
"54.0700","0.2140","1.2102"
"54.0900","0.2138","1.2058"
"54.1100","0.2135","1.2013"
"54.1300","0.2133","1.1969"
"54.1500","0.2131","1.1925"
"54.1700","0.2129","1.1882"
"54.1900","0.2127","1.1840"
"54.2100","0.2125","1.1799"
"54.2300","0.2123","1.1760"
"54.2500","0.2121","1.1722"
"54.2700","0.2119","1.1684"
"54.2900","0.2117","1.1646"
"54.3100","0.2115","1.1609"
"54.3300","0.2113","1.1572"
"54.3500","0.2111","1.1535"
"54.3700","0.2109","1.1496"
"54.3900","0.2107","1.1458"
"54.4100","0.2105","1.1420"
"54.4300","0.2103","1.1382"
"54.4500","0.2101","1.1342"
"54.4700","0.2099","1.1301"
"54.4900","0.2097","1.1260"
"54.5100","0.2095","1.1219"
"54.5300","0.2093","1.1179"
"54.5500","0.2091","1.1138"
"54.5700","0.2089","1.1099"
"54.5900","0.2087","1.1062"
"54.6100","0.2085","1.1025"
"54.6300","0.2083","1.0987"
"54.6500","0.2081","1.0950"
"54.6700","0.2079","1.0912"
"54.6900","0.2077","1.0873"
"54.7100","0.2075","1.0833"
"54.7300","0.2073","1.0791"
"54.7500","0.2071","1.0748"
"54.7700","0.2068","1.0704"
"54.7900","0.2066","1.0659"
"54.8100","0.2064","1.0614"
"54.8300","0.2061","1.0571"
"54.8500","0.2059","1.0529"
"54.8700","0.2057","1.0487"
"54.8900","0.2055","1.0444"
"54.9100","0.2052","1.0402"
"54.9300","0.2050","1.0359"
"54.9500","0.2048","1.0317"
"54.9700","0.2046","1.0275"
"54.9900","0.2043","1.0232"
"55.0100","0.2041","1.0189"
"55.0300","0.2039","1.0147"
"55.0500","0.2037","1.0105"
"55.0700","0.2034","1.0063"
"55.0900","0.2032","1.0021"
"55.1010","0.2031","0.9999"
"55.1020","0.2031","0.9997"
"55.1030","0.2031","0.9995"
"55.1230","0.2028","0.9959"
"55.1430","0.2027","0.9943"
"55.1630","0.2027","0.9953"
"55.1830","0.2027","0.9972"
"55.2030","0.2027","0.9992"
"55.2230","0.2027","1.0011"
"55.2430","0.2028","1.0029"
"55.2630","0.2028","1.0046"
"55.2830","0.2028","1.0062"
"55.3030","0.2029","1.0080"
"55.3230","0.2029","1.0098"
"55.3430","0.2030","1.0118"
"55.3630","0.2030","1.0138"
"55.3830","0.2031","1.0159"
"55.4030","0.2031","1.0182"
"55.4230","0.2032","1.0206"
"55.4430","0.2033","1.0232"
"55.4630","0.2034","1.0258"
"55.4830","0.2034","1.0285"
"55.5030","0.2035","1.0312"
"55.5230","0.2036","1.0339"
"55.5430","0.2037","1.0365"
"55.5630","0.2038","1.0394"
"55.5830","0.2039","1.0428"
"55.6030","0.2040","1.0461"
"55.6230","0.2041","1.0493"
"55.6430","0.2042","1.0523"
"55.6630","0.2043","1.0556"
"55.6830","0.2044","1.0590"
"55.7030","0.2045","1.0625"
"55.7230","0.2046","1.0660"
"55.7430","0.2047","1.0695"
"55.7630","0.2048","1.0732"
"55.7830","0.2050","1.0768"
"55.8030","0.2051","1.0806"
"55.8230","0.2052","1.0844"
"55.8430","0.2053","1.0882"
"55.8630","0.2054","1.0920"
"55.8830","0.2056","1.0959"
"55.9030","0.2057","1.0998"
"55.9230","0.2058","1.1038"
"55.9430","0.2060","1.1078"
"55.9630","0.2061","1.1118"
"55.9830","0.2062","1.1158"
"56.0030","0.2064","1.1199"
"56.0230","0.2065","1.1242"
"56.0430","0.2066","1.1284"
"56.0630","0.2068","1.1327"
"56.0830","0.2069","1.1370"
"56.1030","0.2071","1.1415"
"56.1230","0.2072","1.1460"
"56.1430","0.2074","1.1504"
"56.1630","0.2075","1.1548"
"56.1830","0.2077","1.1593"
"56.2030","0.2078","1.1637"
"56.2230","0.2080","1.1680"
"56.2430","0.2081","1.1723"
"56.2630","0.2082","1.1767"
"56.2830","0.2084","1.1810"
"56.3030","0.2085","1.1853"
"56.3230","0.2087","1.1896"
"56.3430","0.2088","1.1939"
"56.3630","0.2090","1.1982"
"56.3830","0.2091","1.2027"
"56.4030","0.2093","1.2069"
"56.4230","0.2094","1.2112"
"56.4430","0.2096","1.2156"
"56.4630","0.2097","1.2200"
"56.4830","0.2098","1.2245"
"56.5030","0.2100","1.2289"
"56.5230","0.2101","1.2332"
"56.5430","0.2103","1.2376"
"56.5630","0.2104","1.2421"
"56.5830","0.2106","1.2465"
"56.6030","0.2107","1.2509"
"56.6230","0.2109","1.2552"
"56.6430","0.2110","1.2596"
"56.6630","0.2112","1.2639"
"56.6830","0.2113","1.2683"
"56.7030","0.2115","1.2728"
"56.7230","0.2116","1.2771"
"56.7430","0.2118","1.2814"
"56.7630","0.2119","1.2857"
"56.7830","0.2121","1.2900"
"56.8030","0.2122","1.2943"
"56.8230","0.2124","1.2987"
"56.8430","0.2125","1.3030"
"56.8630","0.2127","1.3073"
"56.8830","0.2128","1.3117"
"56.9030","0.2130","1.3162"
"56.9230","0.2131","1.3207"
"56.9430","0.2133","1.3253"
"56.9630","0.2134","1.3299"
"56.9830","0.2136","1.3346"
"57.0030","0.2138","1.3393"
"57.0230","0.2139","1.3439"
"57.0430","0.2141","1.3489"
"57.0630","0.2143","1.3538"
"57.0830","0.2144","1.3586"
"57.1030","0.2146","1.3633"
"57.1230","0.2148","1.3681"
"57.1430","0.2149","1.3729"
"57.1630","0.2151","1.3777"
"57.1830","0.2152","1.3823"
"57.2030","0.2154","1.3868"
"57.2230","0.2156","1.3912"
"57.2430","0.2157","1.3956"
"57.2630","0.2159","1.4000"
"57.2830","0.2160","1.4042"
"57.3030","0.2162","1.4083"
"57.3230","0.2163","1.4123"
"57.3430","0.2164","1.4165"
"57.3630","0.2166","1.4206"
"57.3830","0.2167","1.4247"
"57.4030","0.2169","1.4288"
"57.4230","0.2170","1.4329"
"57.4430","0.2172","1.4372"
"57.4630","0.2173","1.4415"
"57.4830","0.2175","1.4459"
"57.5030","0.2176","1.4501"
"57.5230","0.2178","1.4544"
"57.5430","0.2179","1.4586"
"57.5630","0.2181","1.4629"
"57.5830","0.2182","1.4671"
"57.6030","0.2184","1.4712"
"57.6230","0.2185","1.4753"
"57.6430","0.2186","1.4794"
"57.6630","0.2188","1.4834"
"57.6830","0.2189","1.4875"
"57.7030","0.2191","1.4915"
"57.7230","0.2192","1.4955"
"57.7430","0.2194","1.4996"
"57.7630","0.2195","1.5037"
"57.7830","0.2196","1.5078"
"57.8030","0.2198","1.5119"
"57.8230","0.2199","1.5160"
"57.8430","0.2201","1.5202"
"57.8630","0.2202","1.5243"
"57.8830","0.2204","1.5285"
"57.9030","0.2205","1.5328"
"57.9230","0.2207","1.5369"
"57.9430","0.2208","1.5410"
"57.9630","0.2210","1.5452"
"57.9830","0.2211","1.5495"
"58.0030","0.2213","1.5538"
"58.0230","0.2214","1.5580"
"58.0430","0.2216","1.5623"
"58.0630","0.2217","1.5665"
"58.0830","0.2218","1.5706"
"58.1030","0.2220","1.5747"
"58.1230","0.2221","1.5789"
"58.1430","0.2223","1.5830"
"58.1630","0.2224","1.5871"
"58.1830","0.2226","1.5911"
"58.2030","0.2227","1.5953"
"58.2230","0.2229","1.5994"
"58.2430","0.2230","1.6035"
"58.2630","0.2232","1.6077"
"58.2830","0.2233","1.6119"
"58.3030","0.2234","1.6162"
"58.3230","0.2236","1.6204"
"58.3430","0.2237","1.6247"
"58.3630","0.2239","1.6290"
"58.3830","0.2241","1.6333"
"58.4030","0.2242","1.6376"
"58.4230","0.2244","1.6419"
"58.4430","0.2245","1.6462"
"58.4630","0.2247","1.6505"
"58.4830","0.2248","1.6547"
"58.5030","0.2250","1.6590"
"58.5230","0.2251","1.6631"
"58.5430","0.2252","1.6672"
"58.5630","0.2254","1.6711"
"58.5830","0.2255","1.6751"
"58.6030","0.2257","1.6790"
"58.6230","0.2258","1.6829"
"58.6430","0.2259","1.6867"
"58.6630","0.2261","1.6904"
"58.6830","0.2262","1.6942"
"58.7030","0.2263","1.6981"
"58.7230","0.2265","1.7019"
"58.7430","0.2266","1.7058"
"58.7630","0.2268","1.7098"
"58.7830","0.2269","1.7138"
"58.8030","0.2270","1.7178"
"58.8230","0.2272","1.7220"
"58.8430","0.2273","1.7261"
"58.8630","0.2275","1.7303"
"58.8830","0.2276","1.7345"
"58.9030","0.2278","1.7387"
"58.9230","0.2279","1.7429"
"58.9430","0.2281","1.7471"
"58.9630","0.2282","1.7511"
"58.9830","0.2283","1.7553"
"59.0030","0.2285","1.7594"
"59.0230","0.2286","1.7634"
"59.0430","0.2288","1.7675"
"59.0630","0.2289","1.7715"
"59.0830","0.2291","1.7755"
"59.1030","0.2292","1.7797"
"59.1230","0.2294","1.7838"
"59.1430","0.2295","1.7880"
"59.1630","0.2296","1.7921"
"59.1830","0.2298","1.7963"
"59.2030","0.2299","1.8006"
"59.2230","0.2301","1.8049"
"59.2430","0.2302","1.8092"
"59.2630","0.2304","1.8135"
"59.2830","0.2305","1.8179"
"59.3030","0.2307","1.8222"
"59.3230","0.2308","1.8264"
"59.3430","0.2310","1.8306"
"59.3630","0.2311","1.8349"
"59.3830","0.2313","1.8392"
"59.4030","0.2314","1.8433"
"59.4230","0.2316","1.8475"
"59.4430","0.2317","1.8517"
"59.4630","0.2319","1.8557"
"59.4830","0.2320","1.8597"
"59.5030","0.2321","1.8636"
"59.5230","0.2323","1.8676"
"59.5430","0.2324","1.8715"
"59.5630","0.2326","1.8754"
"59.5830","0.2327","1.8794"
"59.6030","0.2328","1.8832"
"59.6230","0.2330","1.8872"
"59.6430","0.2331","1.8911"
"59.6630","0.2332","1.8950"
"59.6830","0.2334","1.8990"
"59.7030","0.2335","1.9030"
"59.7230","0.2337","1.9070"
"59.7430","0.2338","1.9111"
"59.7630","0.2340","1.9152"
"59.7830","0.2341","1.9193"
"59.8030","0.2342","1.9234"
"59.8230","0.2344","1.9273"
"59.8430","0.2345","1.9315"
"59.8630","0.2347","1.9355"
"59.8830","0.2348","1.9396"
"59.9030","0.2349","1.9436"
"59.9230","0.2351","1.9476"
"59.9430","0.2352","1.9516"
"59.9630","0.2354","1.9556"
"59.9830","0.2355","1.9594"
"60.0030","0.2356","1.9633"
"60.0230","0.2358","1.9671"
"60.0430","0.2359","1.9710"
"60.0630","0.2360","1.9747"
"60.0830","0.2362","1.9784"
"60.1030","0.2363","1.9820"
"60.1230","0.2364","1.9858"
"60.1430","0.2366","1.9896"
"60.1630","0.2367","1.9935"
"60.1830","0.2368","1.9973"
"60.2030","0.2370","2.0011"
"60.2230","0.2371","2.0051"
"60.2430","0.2372","2.0091"
"60.2630","0.2374","2.0132"
"60.2830","0.2375","2.0173"
"60.3030","0.2377","2.0215"
"60.3230","0.2378","2.0256"
"60.3430","0.2379","2.0297"
"60.3630","0.2381","2.0340"
"60.3830","0.2382","2.0381"
"60.4030","0.2384","2.0422"
"60.4230","0.2385","2.0463"
"60.4430","0.2387","2.0504"
"60.4630","0.2388","2.0545"
"60.4830","0.2389","2.0585"
"60.5030","0.2391","2.0627"
"60.5230","0.2392","2.0669"
"60.5430","0.2394","2.0710"
"60.5630","0.2395","2.0750"
"60.5830","0.2396","2.0791"
"60.6030","0.2398","2.0832"
"60.6230","0.2399","2.0873"
"60.6430","0.2401","2.0914"
"60.6630","0.2402","2.0955"
"60.6830","0.2404","2.0997"
"60.7030","0.2405","2.1038"
"60.7230","0.2406","2.1079"
"60.7430","0.2408","2.1120"
"60.7630","0.2409","2.1161"
"60.7830","0.2411","2.1201"
"60.8030","0.2412","2.1241"
"60.8230","0.2413","2.1280"
"60.8430","0.2415","2.1320"
"60.8630","0.2416","2.1360"
"60.8830","0.2417","2.1399"
"60.9030","0.2419","2.1437"
"60.9230","0.2420","2.1476"
"60.9430","0.2421","2.1515"
"60.9630","0.2423","2.1552"
"60.9830","0.2424","2.1589"
"61.0030","0.2425","2.1626"
"61.0230","0.2427","2.1664"
"61.0430","0.2428","2.1702"
"61.0630","0.2429","2.1740"
"61.0830","0.2430","2.1777"
"61.1030","0.2432","2.1815"
"61.1230","0.2433","2.1854"
"61.1430","0.2434","2.1893"
"61.1630","0.2436","2.1932"
"61.1830","0.2437","2.1970"
"61.2030","0.2438","2.2010"
"61.2230","0.2440","2.2050"
"61.2430","0.2441","2.2091"
"61.2630","0.2442","2.2131"
"61.2830","0.2444","2.2171"
"61.3030","0.2445","2.2212"
"61.3230","0.2447","2.2252"
"61.3430","0.2448","2.2294"
"61.3630","0.2449","2.2335"
"61.3830","0.2451","2.2376"
"61.4030","0.2452","2.2417"
"61.4230","0.2454","2.2457"
"61.4430","0.2455","2.2498"
"61.4630","0.2456","2.2538"
"61.4830","0.2458","2.2578"
"61.5030","0.2459","2.2618"
"61.5230","0.2460","2.2657"
"61.5430","0.2462","2.2696"
"61.5630","0.2463","2.2735"
"61.5830","0.2464","2.2774"
"61.6030","0.2466","2.2814"
"61.6230","0.2467","2.2853"
"61.6430","0.2468","2.2893"
"61.6630","0.2470","2.2934"
"61.6830","0.2471","2.2976"
"61.7030","0.2473","2.3018"
"61.7230","0.2474","2.3061"
"61.7430","0.2475","2.3104"
"61.7630","0.2477","2.3147"
"61.7830","0.2478","2.3190"
"61.8030","0.2480","2.3233"
"61.8230","0.2481","2.3276"
"61.8430","0.2483","2.3318"
"61.8630","0.2484","2.3359"
"61.8830","0.2485","2.3400"
"61.9030","0.2487","2.3440"
"61.9230","0.2488","2.3481"
"61.9430","0.2489","2.3521"
"61.9630","0.2491","2.3560"
"61.9830","0.2492","2.3600"
"62.0030","0.2493","2.3640"
"62.0230","0.2495","2.3680"
"62.0430","0.2496","2.3720"
"62.0630","0.2498","2.3760"
"62.0830","0.2499","2.3800"
"62.1030","0.2500","2.3840"
"62.1230","0.2502","2.3879"
"62.1430","0.2503","2.3919"
"62.1630","0.2504","2.3959"
"62.1830","0.2506","2.3999"
"62.2030","0.2507","2.4039"
"62.2230","0.2508","2.4077"
"62.2430","0.2510","2.4116"
"62.2630","0.2511","2.4156"
"62.2830","0.2512","2.4195"
"62.3030","0.2513","2.4234"
"62.3230","0.2515","2.4273"
"62.3430","0.2516","2.4313"
"62.3630","0.2517","2.4352"
"62.3830","0.2519","2.4389"
"62.4030","0.2520","2.4427"
"62.4230","0.2521","2.4465"
"62.4430","0.2523","2.4502"
"62.4630","0.2524","2.4539"
"62.4830","0.2525","2.4577"
"62.5030","0.2526","2.4614"
"62.5230","0.2528","2.4651"
"62.5430","0.2529","2.4689"
"62.5630","0.2530","2.4727"
"62.5830","0.2531","2.4766"
"62.6030","0.2533","2.4804"
"62.6230","0.2534","2.4843"
"62.6430","0.2535","2.4882"
"62.6630","0.2537","2.4922"
"62.6830","0.2538","2.4962"
"62.7030","0.2539","2.5003"
"62.7230","0.2541","2.5045"
"62.7430","0.2542","2.5086"
"62.7630","0.2543","2.5127"
"62.7830","0.2545","2.5169"
"62.8030","0.2546","2.5211"
"62.8230","0.2547","2.5253"
"62.8430","0.2549","2.5295"
"62.8630","0.2550","2.5337"
"62.8830","0.2552","2.5379"
"62.9030","0.2553","2.5421"
"62.9230","0.2554","2.5461"
"62.9430","0.2556","2.5502"
"62.9630","0.2557","2.5542"
"62.9830","0.2558","2.5581"
"63.0030","0.2560","2.5621"
"63.0230","0.2561","2.5660"
"63.0430","0.2562","2.5698"
"63.0630","0.2563","2.5737"
"63.0830","0.2565","2.5776"
"63.1030","0.2566","2.5815"
"63.1230","0.2567","2.5854"
"63.1430","0.2569","2.5895"
"63.1630","0.2570","2.5935"
"63.1830","0.2571","2.5976"
"63.2030","0.2573","2.6017"
"63.2230","0.2574","2.6059"
"63.2430","0.2575","2.6101"
"63.2630","0.2577","2.6144"
"63.2830","0.2578","2.6186"
"63.3030","0.2580","2.6228"
"63.3230","0.2581","2.6271"
"63.3430","0.2582","2.6314"
"63.3630","0.2584","2.6355"
"63.3830","0.2585","2.6397"
"63.4030","0.2586","2.6437"
"63.4230","0.2588","2.6477"
"63.4430","0.2589","2.6517"
"63.4630","0.2590","2.6558"
"63.4830","0.2592","2.6599"
"63.5030","0.2593","2.6639"
"63.5230","0.2594","2.6680"
"63.5430","0.2596","2.6720"
"63.5630","0.2597","2.6761"
"63.5830","0.2598","2.6801"
"63.6030","0.2600","2.6842"
"63.6230","0.2601","2.6883"
"63.6430","0.2602","2.6925"
"63.6630","0.2604","2.6966"
"63.6830","0.2605","2.7007"
"63.7030","0.2606","2.7048"
"63.7230","0.2608","2.7089"
"63.7430","0.2609","2.7129"
"63.7630","0.2610","2.7171"
"63.7830","0.2612","2.7212"
"63.8030","0.2613","2.7252"
"63.8230","0.2614","2.7292"
"63.8430","0.2616","2.7333"
"63.8630","0.2617","2.7373"
"63.8830","0.2618","2.7413"
"63.9030","0.2619","2.7453"
"63.9230","0.2621","2.7492"
"63.9430","0.2622","2.7531"
"63.9630","0.2623","2.7569"
"63.9830","0.2624","2.7608"
"64.0030","0.2626","2.7646"
"64.0230","0.2627","2.7685"
"64.0430","0.2628","2.7722"
"64.0630","0.2629","2.7760"
"64.0830","0.2631","2.7799"
"64.1030","0.2632","2.7837"
"64.1230","0.2633","2.7876"
"64.1430","0.2634","2.7916"
"64.1630","0.2636","2.7956"
"64.1830","0.2637","2.7997"
"64.2030","0.2638","2.8037"
"64.2230","0.2640","2.8078"
"64.2430","0.2641","2.8120"
"64.2630","0.2642","2.8161"
"64.2830","0.2643","2.8201"
"64.3030","0.2645","2.8242"
"64.3230","0.2646","2.8284"
"64.3430","0.2647","2.8325"
"64.3630","0.2649","2.8367"
"64.3830","0.2650","2.8407"
"64.4030","0.2651","2.8448"
"64.4230","0.2653","2.8489"
"64.4430","0.2654","2.8530"
"64.4630","0.2655","2.8571"
"64.4830","0.2657","2.8611"
"64.5030","0.2658","2.8650"
"64.5230","0.2659","2.8690"
"64.5430","0.2660","2.8730"
"64.5630","0.2662","2.8769"
"64.5830","0.2663","2.8807"
"64.6030","0.2664","2.8846"
"64.6230","0.2665","2.8884"
"64.6430","0.2667","2.8924"
"64.6630","0.2668","2.8963"
"64.6830","0.2669","2.9002"
"64.7030","0.2670","2.9043"
"64.7230","0.2672","2.9083"
"64.7430","0.2673","2.9124"
"64.7630","0.2674","2.9166"
"64.7830","0.2676","2.9208"
"64.8030","0.2677","2.9249"
"64.8230","0.2678","2.9291"
"64.8430","0.2680","2.9333"
"64.8630","0.2681","2.9375"
"64.8830","0.2682","2.9417"
"64.9030","0.2684","2.9458"
"64.9230","0.2685","2.9498"
"64.9430","0.2686","2.9538"
"64.9630","0.2687","2.9579"
"64.9830","0.2689","2.9620"
"65.0030","0.2690","2.9660"
"65.0230","0.2691","2.9700"
"65.0430","0.2693","2.9740"
"65.0630","0.2694","2.9781"
"65.0830","0.2695","2.9822"
"65.1030","0.2696","2.9861"
"65.1230","0.2698","2.9902"
"65.1430","0.2699","2.9943"
"65.1630","0.2700","2.9984"
"65.1830","0.2701","3.0025"
"65.2030","0.2703","3.0065"
"65.2230","0.2704","3.0105"
"65.2430","0.2705","3.0145"
"65.2630","0.2707","3.0185"
"65.2830","0.2708","3.0225"
"65.3030","0.2709","3.0264"
"65.3230","0.2710","3.0304"
"65.3430","0.2712","3.0343"
"65.3630","0.2713","3.0384"
"65.3830","0.2714","3.0423"
"65.4030","0.2715","3.0461"
"65.4230","0.2716","3.0500"
"65.4430","0.2718","3.0539"
"65.4630","0.2719","3.0577"
"65.4830","0.2720","3.0614"
"65.5030","0.2721","3.0652"
"65.5230","0.2722","3.0688"
"65.5430","0.2724","3.0726"
"65.5630","0.2725","3.0763"
"65.5830","0.2726","3.0801"
"65.6030","0.2727","3.0837"
"65.6230","0.2728","3.0875"
"65.6430","0.2729","3.0912"
"65.6630","0.2731","3.0950"
"65.6830","0.2732","3.0988"
"65.7030","0.2733","3.1026"
"65.7230","0.2734","3.1064"
"65.7430","0.2735","3.1103"
"65.7630","0.2737","3.1142"
"65.7830","0.2738","3.1182"
"65.8030","0.2739","3.1222"
"65.8230","0.2740","3.1262"
"65.8430","0.2742","3.1303"
"65.8630","0.2743","3.1344"
"65.8830","0.2744","3.1385"
"65.9030","0.2745","3.1426"
"65.9230","0.2747","3.1468"
"65.9430","0.2748","3.1511"
"65.9630","0.2749","3.1552"
"65.9830","0.2751","3.1594"
"66.0030","0.2752","3.1636"
"66.0230","0.2753","3.1678"
"66.0430","0.2754","3.1719"
"66.0630","0.2756","3.1759"
"66.0830","0.2757","3.1800"
"66.1030","0.2758","3.1840"
"66.1230","0.2759","3.1880"
"66.1430","0.2761","3.1919"
"66.1630","0.2762","3.1958"
"66.1830","0.2763","3.1997"
"66.2030","0.2764","3.2037"
"66.2230","0.2765","3.2075"
"66.2430","0.2767","3.2115"
"66.2630","0.2768","3.2154"
"66.2830","0.2769","3.2195"
"66.3030","0.2770","3.2235"
"66.3230","0.2772","3.2275"
"66.3430","0.2773","3.2317"
"66.3630","0.2774","3.2359"
"66.3830","0.2775","3.2402"
"66.4030","0.2777","3.2444"
"66.4230","0.2778","3.2488"
"66.4430","0.2779","3.2530"
"66.4630","0.2781","3.2573"
"66.4830","0.2782","3.2616"
"66.5030","0.2783","3.2658"
"66.5230","0.2784","3.2701"
"66.5430","0.2786","3.2742"
"66.5630","0.2787","3.2782"
"66.5830","0.2788","3.2823"
"66.6030","0.2789","3.2864"
"66.6230","0.2791","3.2903"
"66.6430","0.2792","3.2943"
"66.6630","0.2793","3.2982"
"66.6830","0.2794","3.3022"
"66.7030","0.2795","3.3060"
"66.7230","0.2797","3.3100"
"66.7430","0.2798","3.3139"
"66.7630","0.2799","3.3179"
"66.7830","0.2800","3.3218"
"66.8030","0.2801","3.3257"
"66.8230","0.2803","3.3297"
"66.8430","0.2804","3.3336"
"66.8630","0.2805","3.3374"
"66.8830","0.2806","3.3414"
"66.9030","0.2807","3.3452"
"66.9230","0.2809","3.3490"
"66.9430","0.2810","3.3527"
"66.9630","0.2811","3.3566"
"66.9830","0.2812","3.3604"
"67.0030","0.2813","3.3643"
"67.0230","0.2814","3.3682"
"67.0430","0.2816","3.3720"
"67.0630","0.2817","3.3759"
"67.0830","0.2818","3.3797"
"67.1030","0.2819","3.3835"
"67.1230","0.2820","3.3872"
"67.1430","0.2821","3.3910"
"67.1630","0.2822","3.3948"
"67.1830","0.2824","3.3984"
"67.2030","0.2825","3.4021"
"67.2230","0.2826","3.4058"
"67.2430","0.2827","3.4095"
"67.2630","0.2828","3.4133"
"67.2830","0.2829","3.4170"
"67.3030","0.2830","3.4208"
"67.3230","0.2832","3.4246"
"67.3430","0.2833","3.4285"
"67.3630","0.2834","3.4323"
"67.3830","0.2835","3.4363"
"67.4030","0.2836","3.4403"
"67.4230","0.2837","3.4443"
"67.4430","0.2839","3.4483"
"67.4630","0.2840","3.4525"
"67.4830","0.2841","3.4566"
"67.5030","0.2842","3.4608"
"67.5230","0.2844","3.4650"
"67.5430","0.2845","3.4691"
"67.5630","0.2846","3.4732"
"67.5830","0.2847","3.4775"
"67.6030","0.2848","3.4816"
"67.6230","0.2850","3.4860"
"67.6430","0.2851","3.4901"
"67.6630","0.2852","3.4943"
"67.6830","0.2853","3.4986"
"67.7030","0.2855","3.5027"
"67.7230","0.2856","3.5070"
"67.7430","0.2857","3.5111"
"67.7630","0.2858","3.5151"
"67.7830","0.2860","3.5193"
"67.8030","0.2861","3.5233"
"67.8230","0.2862","3.5274"
"67.8430","0.2863","3.5314"
"67.8630","0.2864","3.5354"
"67.8830","0.2866","3.5395"
"67.9030","0.2867","3.5435"
"67.9230","0.2868","3.5476"
"67.9430","0.2869","3.5518"
"67.9630","0.2870","3.5559"
"67.9830","0.2872","3.5601"
"68.0030","0.2873","3.5644"
"68.0230","0.2874","3.5686"
"68.0430","0.2875","3.5729"
"68.0630","0.2877","3.5772"
"68.0830","0.2878","3.5815"
"68.1030","0.2879","3.5858"
"68.1230","0.2880","3.5900"
"68.1430","0.2882","3.5942"
"68.1630","0.2883","3.5984"
"68.1830","0.2884","3.6025"
"68.2030","0.2885","3.6065"
"68.2230","0.2886","3.6104"
"68.2430","0.2888","3.6144"
"68.2630","0.2889","3.6184"
"68.2830","0.2890","3.6224"
"68.3030","0.2891","3.6264"
"68.3230","0.2892","3.6302"
"68.3430","0.2893","3.6341"
"68.3630","0.2895","3.6379"
"68.3830","0.2896","3.6418"
"68.4030","0.2897","3.6457"
"68.4230","0.2898","3.6495"
"68.4430","0.2899","3.6535"
"68.4630","0.2900","3.6573"
"68.4830","0.2901","3.6613"
"68.5030","0.2903","3.6652"
"68.5230","0.2904","3.6691"
"68.5430","0.2905","3.6731"
"68.5630","0.2906","3.6769"
"68.5830","0.2907","3.6808"
"68.6030","0.2908","3.6848"
"68.6230","0.2909","3.6887"
"68.6430","0.2911","3.6926"
"68.6630","0.2912","3.6964"
"68.6830","0.2913","3.7003"
"68.7030","0.2914","3.7043"
"68.7230","0.2915","3.7082"
"68.7430","0.2916","3.7122"
"68.7630","0.2917","3.7161"
"68.7830","0.2919","3.7200"
"68.8030","0.2920","3.7240"
"68.8230","0.2921","3.7279"
"68.8430","0.2922","3.7317"
"68.8630","0.2923","3.7355"
"68.8830","0.2924","3.7394"
"68.9030","0.2925","3.7432"
"68.9230","0.2926","3.7471"
"68.9430","0.2928","3.7509"
"68.9630","0.2929","3.7547"
"68.9830","0.2930","3.7587"
"69.0030","0.2931","3.7626"
"69.0230","0.2932","3.7665"
"69.0430","0.2933","3.7704"
"69.0630","0.2934","3.7745"
"69.0830","0.2936","3.7786"
"69.1030","0.2937","3.7827"
"69.1230","0.2938","3.7869"
"69.1430","0.2939","3.7911"
"69.1630","0.2940","3.7953"
"69.1830","0.2942","3.7996"
"69.2030","0.2943","3.8039"
"69.2230","0.2944","3.8082"
"69.2430","0.2945","3.8125"
"69.2630","0.2946","3.8168"
"69.2830","0.2948","3.8212"
"69.3030","0.2949","3.8255"
"69.3230","0.2950","3.8298"
"69.3430","0.2951","3.8342"
"69.3630","0.2953","3.8384"
"69.3830","0.2954","3.8426"
"69.4030","0.2955","3.8468"
"69.4230","0.2956","3.8511"
"69.4430","0.2957","3.8552"
"69.4630","0.2958","3.8592"
"69.4830","0.2960","3.8632"
"69.5030","0.2961","3.8671"
"69.5230","0.2962","3.8710"
"69.5430","0.2963","3.8749"
"69.5630","0.2964","3.8787"
"69.5830","0.2965","3.8825"
"69.6030","0.2966","3.8863"
"69.6230","0.2968","3.8902"
"69.6430","0.2969","3.8940"
"69.6630","0.2970","3.8978"
"69.6830","0.2971","3.9016"
"69.7030","0.2972","3.9056"
"69.7230","0.2973","3.9095"
"69.7430","0.2974","3.9135"
"69.7630","0.2975","3.9174"
"69.7830","0.2976","3.9213"
"69.8030","0.2978","3.9253"
"69.8230","0.2979","3.9293"
"69.8430","0.2980","3.9333"
"69.8630","0.2981","3.9373"
"69.8830","0.2982","3.9411"
"69.9030","0.2983","3.9450"
"69.9230","0.2984","3.9490"
"69.9430","0.2985","3.9528"
"69.9630","0.2986","3.9566"
"69.9830","0.2988","3.9604"
"70.0030","0.2989","3.9643"
"70.0230","0.2990","3.9681"
"70.0430","0.2991","3.9719"
"70.0630","0.2992","3.9757"
"70.0830","0.2993","3.9795"
"70.1030","0.2994","3.9833"
"70.1230","0.2995","3.9871"
"70.1430","0.2996","3.9909"
"70.1630","0.2997","3.9947"
"70.1830","0.2999","3.9987"
"70.2030","0.3000","4.0025"
"70.2230","0.3001","4.0064"
"70.2430","0.3002","4.0102"
"70.2630","0.3003","4.0142"
"70.2830","0.3004","4.0182"
"70.3030","0.3005","4.0221"
"70.3230","0.3006","4.0260"
"70.3430","0.3007","4.0300"
"70.3630","0.3009","4.0340"
"70.3830","0.3010","4.0380"
"70.4030","0.3011","4.0420"
"70.4230","0.3012","4.0460"
"70.4430","0.3013","4.0501"
"70.4630","0.3014","4.0541"
"70.4830","0.3015","4.0581"
"70.5030","0.3016","4.0621"
"70.5230","0.3018","4.0662"
"70.5430","0.3019","4.0702"
"70.5630","0.3020","4.0743"
"70.5830","0.3021","4.0784"
"70.6030","0.3022","4.0823"
"70.6230","0.3023","4.0863"
"70.6430","0.3024","4.0902"
"70.6630","0.3025","4.0941"
"70.6830","0.3027","4.0981"
"70.7030","0.3028","4.1021"
"70.7230","0.3029","4.1061"
"70.7430","0.3030","4.1100"
"70.7630","0.3031","4.1140"
"70.7830","0.3032","4.1180"
"70.8030","0.3033","4.1220"
"70.8230","0.3034","4.1260"
"70.8430","0.3036","4.1302"
"70.8630","0.3037","4.1343"
"70.8830","0.3038","4.1383"
"70.9030","0.3039","4.1425"
"70.9230","0.3040","4.1467"
"70.9430","0.3041","4.1508"
"70.9630","0.3042","4.1551"
"70.9830","0.3044","4.1593"
"71.0030","0.3045","4.1635"
"71.0230","0.3046","4.1676"
"71.0430","0.3047","4.1718"
"71.0630","0.3048","4.1760"
"71.0830","0.3049","4.1802"
"71.1030","0.3051","4.1843"
"71.1230","0.3052","4.1885"
"71.1430","0.3053","4.1926"
"71.1630","0.3054","4.1967"
"71.1830","0.3055","4.2007"
"71.2030","0.3056","4.2047"
"71.2230","0.3057","4.2087"
"71.2430","0.3058","4.2127"
"71.2630","0.3060","4.2166"
"71.2830","0.3061","4.2205"
"71.3030","0.3062","4.2244"
"71.3230","0.3063","4.2282"
"71.3430","0.3064","4.2319"
"71.3630","0.3065","4.2357"
"71.3830","0.3066","4.2395"
"71.4030","0.3067","4.2434"
"71.4230","0.3068","4.2471"
"71.4430","0.3069","4.2510"
"71.4630","0.3070","4.2549"
"71.4830","0.3071","4.2586"
"71.5030","0.3072","4.2626"
"71.5230","0.3074","4.2666"
"71.5430","0.3075","4.2706"
"71.5630","0.3076","4.2745"
"71.5830","0.3077","4.2785"
"71.6030","0.3078","4.2826"
"71.6230","0.3079","4.2867"
"71.6430","0.3080","4.2907"
"71.6630","0.3081","4.2948"
"71.6830","0.3082","4.2988"
"71.7030","0.3083","4.3029"
"71.7230","0.3085","4.3069"
"71.7430","0.3086","4.3108"
"71.7630","0.3087","4.3148"
"71.7830","0.3088","4.3187"
"71.8030","0.3089","4.3227"
"71.8230","0.3090","4.3267"
"71.8430","0.3091","4.3306"
"71.8630","0.3092","4.3345"
"71.8830","0.3093","4.3385"
"71.9030","0.3094","4.3424"
"71.9230","0.3095","4.3464"
"71.9430","0.3097","4.3503"
"71.9630","0.3098","4.3543"
"71.9830","0.3099","4.3584"
"72.0030","0.3100","4.3625"
"72.0230","0.3101","4.3665"
"72.0430","0.3102","4.3706"
"72.0630","0.3103","4.3747"
"72.0830","0.3104","4.3787"
"72.1030","0.3105","4.3829"
"72.1230","0.3107","4.3870"
"72.1430","0.3108","4.3912"
"72.1630","0.3109","4.3953"
"72.1830","0.3110","4.3993"
"72.2030","0.3111","4.4034"
"72.2230","0.3112","4.4076"
"72.2430","0.3113","4.4117"
"72.2630","0.3114","4.4158"
"72.2830","0.3115","4.4199"
"72.3030","0.3117","4.4240"
"72.3230","0.3118","4.4280"
"72.3430","0.3119","4.4321"
"72.3630","0.3120","4.4361"
"72.3830","0.3121","4.4401"
"72.4030","0.3122","4.4441"
"72.4230","0.3123","4.4481"
"72.4430","0.3124","4.4520"
"72.4630","0.3125","4.4559"
"72.4830","0.3126","4.4598"
"72.5030","0.3127","4.4636"
"72.5230","0.3129","4.4675"
"72.5430","0.3130","4.4714"
"72.5630","0.3131","4.4753"
"72.5830","0.3132","4.4791"
"72.6030","0.3133","4.4830"
"72.6230","0.3134","4.4870"
"72.6430","0.3135","4.4909"
"72.6630","0.3136","4.4948"
"72.6830","0.3137","4.4988"
"72.7030","0.3138","4.5029"
"72.7230","0.3139","4.5069"
"72.7430","0.3140","4.5109"
"72.7630","0.3141","4.5150"
"72.7830","0.3143","4.5191"
"72.8030","0.3144","4.5231"
"72.8230","0.3145","4.5272"
"72.8430","0.3146","4.5313"
"72.8630","0.3147","4.5354"
"72.8830","0.3148","4.5395"
"72.9030","0.3149","4.5436"
"72.9230","0.3150","4.5477"
"72.9430","0.3151","4.5518"
"72.9630","0.3152","4.5559"
"72.9830","0.3154","4.5599"
"73.0030","0.3155","4.5640"
"73.0230","0.3156","4.5679"
"73.0430","0.3157","4.5719"
"73.0630","0.3158","4.5758"
"73.0830","0.3159","4.5798"
"73.1030","0.3160","4.5836"
"73.1230","0.3161","4.5874"
"73.1430","0.3162","4.5913"
"73.1630","0.3163","4.5949"
"73.1830","0.3164","4.5986"
"73.2030","0.3165","4.6025"
"73.2230","0.3166","4.6063"
"73.2430","0.3167","4.6100"
"73.2630","0.3168","4.6138"
"73.2830","0.3169","4.6177"
"73.3030","0.3170","4.6215"
"73.3230","0.3171","4.6255"
"73.3430","0.3172","4.6295"
"73.3630","0.3173","4.6335"
"73.3830","0.3175","4.6375"
"73.4030","0.3176","4.6416"
"73.4230","0.3177","4.6458"
"73.4430","0.3178","4.6499"
"73.4630","0.3179","4.6541"
"73.4830","0.3180","4.6583"
"73.5030","0.3181","4.6625"
"73.5230","0.3182","4.6667"
"73.5430","0.3183","4.6709"
"73.5630","0.3184","4.6751"
"73.5830","0.3186","4.6792"
"73.6030","0.3187","4.6834"
"73.6230","0.3188","4.6876"
"73.6430","0.3189","4.6917"
"73.6630","0.3190","4.6959"
"73.6830","0.3191","4.7000"
"73.7030","0.3192","4.7041"
"73.7230","0.3193","4.7082"
"73.7430","0.3194","4.7124"
"73.7630","0.3195","4.7165"
"73.7830","0.3197","4.7206"
"73.8030","0.3198","4.7247"
"73.8230","0.3199","4.7288"
"73.8430","0.3200","4.7330"
"73.8630","0.3201","4.7371"
"73.8830","0.3202","4.7412"
"73.9030","0.3203","4.7454"
"73.9230","0.3204","4.7495"
"73.9430","0.3205","4.7536"
"73.9630","0.3206","4.7578"
"73.9830","0.3207","4.7619"
"74.0030","0.3209","4.7660"
"74.0230","0.3210","4.7701"
"74.0430","0.3211","4.7741"
"74.0630","0.3212","4.7782"
"74.0830","0.3213","4.7823"
"74.1030","0.3214","4.7864"
"74.1230","0.3215","4.7905"
"74.1430","0.3216","4.7946"
"74.1630","0.3217","4.7986"
"74.1830","0.3218","4.8026"
"74.2030","0.3219","4.8066"
"74.2230","0.3220","4.8106"
"74.2430","0.3221","4.8145"
"74.2630","0.3222","4.8184"
"74.2830","0.3223","4.8223"
"74.3030","0.3225","4.8261"
"74.3230","0.3226","4.8300"
"74.3430","0.3227","4.8339"
"74.3630","0.3228","4.8376"
"74.3830","0.3229","4.8415"
"74.4030","0.3230","4.8453"
"74.4230","0.3231","4.8491"
"74.4430","0.3232","4.8530"
"74.4630","0.3233","4.8568"
"74.4830","0.3234","4.8606"
"74.5030","0.3235","4.8645"
"74.5230","0.3236","4.8684"
"74.5430","0.3237","4.8723"
"74.5630","0.3238","4.8762"
"74.5830","0.3239","4.8801"
"74.6030","0.3240","4.8841"
"74.6230","0.3241","4.8882"
"74.6430","0.3242","4.8921"
"74.6630","0.3243","4.8962"
"74.6830","0.3244","4.9003"
"74.7030","0.3245","4.9043"
"74.7230","0.3246","4.9085"
"74.7430","0.3247","4.9125"
"74.7630","0.3248","4.9166"
"74.7830","0.3249","4.9207"
"74.8030","0.3250","4.9247"
"74.8230","0.3252","4.9288"
"74.8430","0.3253","4.9328"
"74.8630","0.3254","4.9369"
"74.8830","0.3255","4.9410"
"74.9030","0.3256","4.9449"
"74.9230","0.3257","4.9490"
"74.9430","0.3258","4.9530"
"74.9630","0.3259","4.9569"
"74.9830","0.3260","4.9609"
"75.0030","0.3261","4.9648"
"75.0230","0.3262","4.9687"
"75.0430","0.3263","4.9726"
"75.0630","0.3264","4.9764"
"75.0830","0.3265","4.9803"
"75.1030","0.3266","4.9841"
"75.1230","0.3267","4.9879"
"75.1430","0.3268","4.9918"
"75.1630","0.3269","4.9957"
"75.1830","0.3270","4.9997"
"75.2030","0.3271","5.0036"
"75.2230","0.3272","5.0076"
"75.2430","0.3273","5.0116"
"75.2630","0.3274","5.0157"
"75.2830","0.3275","5.0197"
"75.3030","0.3276","5.0238"
"75.3230","0.3278","5.0280"
"75.3430","0.3279","5.0323"
"75.3630","0.3280","5.0365"
"75.3830","0.3281","5.0406"
"75.4030","0.3282","5.0448"
"75.4230","0.3283","5.0490"
"75.4430","0.3284","5.0533"
"75.4630","0.3285","5.0574"
"75.4830","0.3286","5.0614"
"75.5030","0.3287","5.0655"
"75.5230","0.3288","5.0696"
"75.5430","0.3289","5.0736"
"75.5630","0.3290","5.0776"
"75.5830","0.3291","5.0815"
"75.6030","0.3292","5.0855"
"75.6230","0.3293","5.0894"
"75.6430","0.3294","5.0934"
"75.6630","0.3295","5.0974"
"75.6830","0.3296","5.1013"
"75.7030","0.3298","5.1053"
"75.7230","0.3299","5.1092"
"75.7430","0.3300","5.1133"
"75.7630","0.3301","5.1172"
"75.7830","0.3302","5.1212"
"75.8030","0.3303","5.1251"
"75.8230","0.3304","5.1292"
"75.8430","0.3305","5.1331"
"75.8630","0.3306","5.1371"
"75.8830","0.3307","5.1411"
"75.9030","0.3308","5.1450"
"75.9230","0.3309","5.1490"
"75.9430","0.3310","5.1530"
"75.9630","0.3311","5.1570"
"75.9830","0.3312","5.1609"
"76.0030","0.3313","5.1649"
"76.0230","0.3314","5.1688"
"76.0430","0.3315","5.1727"
"76.0630","0.3316","5.1766"
"76.0830","0.3317","5.1806"
"76.1030","0.3318","5.1845"
"76.1230","0.3319","5.1884"
"76.1430","0.3320","5.1924"
"76.1630","0.3321","5.1963"
"76.1830","0.3322","5.2001"
"76.2030","0.3323","5.2040"
"76.2230","0.3324","5.2077"
"76.2430","0.3325","5.2116"
"76.2630","0.3326","5.2153"
"76.2830","0.3327","5.2192"
"76.3030","0.3328","5.2230"
"76.3230","0.3329","5.2268"
"76.3430","0.3330","5.2305"
"76.3630","0.3331","5.2343"
"76.3830","0.3332","5.2381"
"76.4030","0.3333","5.2420"
"76.4230","0.3334","5.2458"
"76.4430","0.3335","5.2497"
"76.4630","0.3336","5.2536"
"76.4830","0.3337","5.2576"
"76.5030","0.3338","5.2616"
"76.5230","0.3339","5.2656"
"76.5430","0.3340","5.2697"
"76.5630","0.3341","5.2737"
"76.5830","0.3342","5.2777"
"76.6030","0.3343","5.2818"
"76.6230","0.3344","5.2859"
"76.6430","0.3345","5.2901"
"76.6630","0.3346","5.2943"
"76.6830","0.3347","5.2985"
"76.7030","0.3348","5.3026"
"76.7230","0.3349","5.3067"
"76.7430","0.3350","5.3110"
"76.7630","0.3351","5.3151"
"76.7830","0.3353","5.3192"
"76.8030","0.3354","5.3233"
"76.8230","0.3355","5.3275"
"76.8430","0.3356","5.3316"
"76.8630","0.3357","5.3357"
"76.8830","0.3358","5.3397"
"76.9030","0.3359","5.3437"
"76.9230","0.3360","5.3476"
"76.9430","0.3361","5.3515"
"76.9630","0.3362","5.3554"
"76.9830","0.3363","5.3593"
"77.0030","0.3364","5.3632"
"77.0230","0.3365","5.3671"
"77.0430","0.3366","5.3709"
"77.0630","0.3367","5.3747"
"77.0830","0.3368","5.3786"
"77.1030","0.3369","5.3825"
"77.1230","0.3370","5.3865"
"77.1430","0.3371","5.3904"
"77.1630","0.3372","5.3943"
"77.1830","0.3373","5.3983"
"77.2030","0.3374","5.4024"
"77.2230","0.3375","5.4064"
"77.2430","0.3376","5.4105"
"77.2630","0.3377","5.4146"
"77.2830","0.3378","5.4187"
"77.3030","0.3379","5.4228"
"77.3230","0.3380","5.4271"
"77.3430","0.3381","5.4313"
"77.3630","0.3382","5.4354"
"77.3830","0.3383","5.4395"
"77.4030","0.3384","5.4436"
"77.4230","0.3385","5.4478"
"77.4430","0.3386","5.4519"
"77.4630","0.3387","5.4559"
"77.4830","0.3388","5.4600"
"77.5030","0.3389","5.4641"
"77.5230","0.3390","5.4681"
"77.5430","0.3391","5.4721"
"77.5630","0.3393","5.4761"
"77.5830","0.3394","5.4800"
"77.6030","0.3395","5.4840"
"77.6230","0.3396","5.4880"
"77.6430","0.3397","5.4919"
"77.6630","0.3398","5.4958"
"77.6830","0.3399","5.4997"
"77.7030","0.3400","5.5036"
"77.7230","0.3401","5.5076"
"77.7430","0.3402","5.5116"
"77.7630","0.3403","5.5156"
"77.7830","0.3404","5.5195"
"77.8030","0.3405","5.5235"
"77.8230","0.3406","5.5274"
"77.8430","0.3407","5.5314"
"77.8630","0.3408","5.5354"
"77.8830","0.3409","5.5395"
"77.9030","0.3410","5.5435"
"77.9230","0.3411","5.5475"
"77.9430","0.3412","5.5514"
"77.9630","0.3413","5.5553"
"77.9830","0.3414","5.5593"
"78.0030","0.3415","5.5632"
"78.0230","0.3416","5.5673"
"78.0430","0.3417","5.5712"
"78.0630","0.3418","5.5751"
"78.0830","0.3419","5.5791"
"78.1030","0.3420","5.5831"
"78.1230","0.3421","5.5871"
"78.1430","0.3422","5.5910"
"78.1630","0.3423","5.5948"
"78.1830","0.3424","5.5987"
"78.2030","0.3425","5.6026"
"78.2230","0.3426","5.6064"
"78.2430","0.3427","5.6102"
"78.2630","0.3428","5.6141"
"78.2830","0.3429","5.6179"
"78.3030","0.3430","5.6217"
"78.3230","0.3431","5.6255"
"78.3430","0.3432","5.6293"
"78.3630","0.3433","5.6331"
"78.3830","0.3434","5.6369"
"78.4030","0.3435","5.6408"
"78.4230","0.3436","5.6446"
"78.4430","0.3436","5.6484"
"78.4630","0.3437","5.6524"
"78.4830","0.3438","5.6562"
"78.5030","0.3439","5.6601"
"78.5230","0.3440","5.6640"
"78.5430","0.3442","5.6681"
"78.5630","0.3443","5.6720"
"78.5830","0.3444","5.6760"
"78.6030","0.3445","5.6801"
"78.6230","0.3446","5.6842"
"78.6430","0.3447","5.6882"
"78.6630","0.3448","5.6923"
"78.6830","0.3449","5.6963"
"78.7030","0.3450","5.7004"
"78.7230","0.3451","5.7045"
"78.7430","0.3452","5.7086"
"78.7630","0.3453","5.7127"
"78.7830","0.3454","5.7168"
"78.8030","0.3455","5.7209"
"78.8230","0.3456","5.7250"
"78.8430","0.3457","5.7291"
"78.8630","0.3458","5.7331"
"78.8830","0.3459","5.7371"
"78.9030","0.3460","5.7411"
"78.9230","0.3461","5.7451"
"78.9430","0.3462","5.7491"
"78.9630","0.3463","5.7530"
"78.9830","0.3464","5.7569"
"79.0030","0.3465","5.7609"
"79.0230","0.3466","5.7648"
"79.0430","0.3467","5.7686"
"79.0630","0.3468","5.7726"
"79.0830","0.3469","5.7765"
"79.1030","0.3470","5.7805"
"79.1230","0.3471","5.7845"
"79.1430","0.3472","5.7885"
"79.1630","0.3473","5.7926"
"79.1830","0.3474","5.7967"
"79.2030","0.3475","5.8008"
"79.2230","0.3476","5.8050"
"79.2430","0.3477","5.8092"
"79.2630","0.3478","5.8134"
"79.2830","0.3479","5.8177"
"79.3030","0.3480","5.8220"
"79.3230","0.3481","5.8263"
"79.3430","0.3483","5.8305"
"79.3630","0.3484","5.8348"
"79.3830","0.3485","5.8391"
"79.4030","0.3486","5.8433"
"79.4230","0.3487","5.8474"
"79.4430","0.3488","5.8515"
"79.4630","0.3489","5.8557"
"79.4830","0.3490","5.8598"
"79.5030","0.3491","5.8639"
"79.5230","0.3492","5.8680"
"79.5430","0.3493","5.8720"
"79.5630","0.3494","5.8760"
"79.5830","0.3495","5.8801"
"79.6030","0.3496","5.8842"
"79.6230","0.3497","5.8882"
"79.6430","0.3498","5.8922"
"79.6630","0.3499","5.8962"
"79.6830","0.3500","5.9002"
"79.7030","0.3501","5.9043"
"79.7230","0.3502","5.9083"
"79.7430","0.3503","5.9124"
"79.7630","0.3504","5.9165"
"79.7830","0.3505","5.9206"
"79.8030","0.3506","5.9246"
"79.8230","0.3507","5.9288"
"79.8430","0.3508","5.9328"
"79.8630","0.3509","5.9369"
"79.8830","0.3511","5.9410"
"79.9030","0.3512","5.9450"
"79.9230","0.3513","5.9490"
"79.9430","0.3514","5.9530"
"79.9630","0.3515","5.9570"
"79.9830","0.3516","5.9611"
"80.0030","0.3517","5.9651"
"80.0230","0.3518","5.9692"
"80.0430","0.3519","5.9731"
"80.0630","0.3520","5.9772"
"80.0830","0.3521","5.9811"
"80.1030","0.3522","5.9850"
"80.1230","0.3523","5.9889"
"80.1430","0.3524","5.9927"
"80.1630","0.3525","5.9965"
"80.1820","0.3526","6.0001"
"80.1830","0.3526","6.0003"
"80.1840","0.3526","6.0005"
"80.2040","0.3527","6.0041"
"80.2240","0.3527","6.0051"
"80.2440","0.3527","6.0039"
"80.2640","0.3527","6.0018"
"80.2840","0.3527","5.9995"
"80.3040","0.3526","5.9974"
"80.3240","0.3526","5.9954"
"80.3440","0.3526","5.9933"
"80.3640","0.3525","5.9910"
"80.3840","0.3525","5.9887"
"80.4040","0.3525","5.9862"
"80.4240","0.3524","5.9836"
"80.4440","0.3524","5.9811"
"80.4640","0.3524","5.9784"
"80.4840","0.3523","5.9756"
"80.5040","0.3523","5.9728"
"80.5240","0.3522","5.9700"
"80.5440","0.3522","5.9669"
"80.5640","0.3521","5.9639"
"80.5840","0.3521","5.9608"
"80.6040","0.3520","5.9577"
"80.6240","0.3519","5.9545"
"80.6440","0.3519","5.9512"
"80.6640","0.3518","5.9479"
"80.6840","0.3518","5.9448"
"80.7040","0.3517","5.9414"
"80.7240","0.3517","5.9380"
"80.7440","0.3516","5.9345"
"80.7640","0.3515","5.9310"
"80.7840","0.3515","5.9276"
"80.8040","0.3514","5.9239"
"80.8240","0.3514","5.9204"
"80.8440","0.3513","5.9169"
"80.8640","0.3512","5.9132"
"80.8840","0.3512","5.9095"
"80.9040","0.3511","5.9057"
"80.9240","0.3510","5.9020"
"80.9440","0.3510","5.8983"
"80.9640","0.3509","5.8944"
"80.9840","0.3508","5.8906"
"81.0040","0.3508","5.8868"
"81.0240","0.3507","5.8828"
"81.0440","0.3506","5.8789"
"81.0640","0.3506","5.8750"
"81.0840","0.3505","5.8710"
"81.1040","0.3504","5.8670"
"81.1240","0.3503","5.8629"
"81.1440","0.3503","5.8589"
"81.1640","0.3502","5.8548"
"81.1840","0.3501","5.8508"
"81.2040","0.3500","5.8467"
"81.2240","0.3500","5.8426"
"81.2440","0.3499","5.8386"
"81.2640","0.3498","5.8345"
"81.2840","0.3498","5.8303"
"81.3040","0.3497","5.8261"
"81.3240","0.3496","5.8219"
"81.3440","0.3495","5.8177"
"81.3640","0.3495","5.8135"
"81.3840","0.3494","5.8094"
"81.4040","0.3493","5.8053"
"81.4240","0.3492","5.8010"
"81.4440","0.3492","5.7968"
"81.4640","0.3491","5.7926"
"81.4840","0.3490","5.7885"
"81.5040","0.3489","5.7843"
"81.5240","0.3489","5.7801"
"81.5440","0.3488","5.7758"
"81.5640","0.3487","5.7716"
"81.5840","0.3486","5.7674"
"81.6040","0.3485","5.7631"
"81.6240","0.3485","5.7589"
"81.6440","0.3484","5.7547"
"81.6640","0.3483","5.7501"
"81.6840","0.3482","5.7457"
"81.7040","0.3482","5.7413"
"81.7240","0.3481","5.7371"
"81.7440","0.3480","5.7327"
"81.7640","0.3479","5.7283"
"81.7840","0.3478","5.7238"
"81.8040","0.3478","5.7194"
"81.8240","0.3477","5.7151"
"81.8440","0.3476","5.7107"
"81.8640","0.3475","5.7064"
"81.8840","0.3474","5.7019"
"81.9040","0.3474","5.6975"
"81.9240","0.3473","5.6932"
"81.9440","0.3472","5.6888"
"81.9640","0.3471","5.6845"
"81.9840","0.3471","5.6801"
"82.0040","0.3470","5.6759"
"82.0240","0.3469","5.6716"
"82.0440","0.3468","5.6673"
"82.0640","0.3467","5.6631"
"82.0840","0.3467","5.6588"
"82.1040","0.3466","5.6545"
"82.1240","0.3465","5.6502"
"82.1440","0.3464","5.6460"
"82.1640","0.3463","5.6418"
"82.1840","0.3463","5.6375"
"82.2040","0.3462","5.6332"
"82.2240","0.3461","5.6290"
"82.2440","0.3460","5.6247"
"82.2640","0.3460","5.6204"
"82.2840","0.3459","5.6162"
"82.3040","0.3458","5.6119"
"82.3240","0.3457","5.6077"
"82.3440","0.3456","5.6034"
"82.3640","0.3456","5.5992"
"82.3840","0.3455","5.5949"
"82.4040","0.3454","5.5908"
"82.4240","0.3453","5.5865"
"82.4440","0.3453","5.5822"
"82.4640","0.3452","5.5779"
"82.4840","0.3451","5.5736"
"82.5040","0.3450","5.5695"
"82.5240","0.3449","5.5652"
"82.5440","0.3449","5.5609"
"82.5640","0.3448","5.5567"
"82.5840","0.3447","5.5525"
"82.6040","0.3446","5.5483"
"82.6240","0.3446","5.5441"
"82.6440","0.3445","5.5398"
"82.6640","0.3444","5.5355"
"82.6840","0.3443","5.5313"
"82.7040","0.3442","5.5271"
"82.7240","0.3442","5.5228"
"82.7440","0.3441","5.5186"
"82.7640","0.3440","5.5144"
"82.7840","0.3439","5.5101"
"82.8040","0.3438","5.5059"
"82.8240","0.3438","5.5017"
"82.8440","0.3437","5.4975"
"82.8640","0.3436","5.4933"
"82.8840","0.3435","5.4890"
"82.9040","0.3434","5.4849"
"82.9240","0.3434","5.4808"
"82.9440","0.3433","5.4767"
"82.9640","0.3432","5.4725"
"82.9840","0.3431","5.4683"
"83.0040","0.3431","5.4642"
"83.0240","0.3430","5.4601"
"83.0440","0.3429","5.4560"
"83.0640","0.3428","5.4519"
"83.0840","0.3427","5.4478"
"83.1040","0.3427","5.4437"
"83.1240","0.3426","5.4396"
"83.1440","0.3425","5.4355"
"83.1640","0.3424","5.4313"
"83.1840","0.3424","5.4273"
"83.2040","0.3423","5.4231"
"83.2240","0.3422","5.4190"
"83.2440","0.3421","5.4149"
"83.2640","0.3420","5.4107"
"83.2840","0.3420","5.4065"
"83.3040","0.3419","5.4024"
"83.3240","0.3418","5.3983"
"83.3440","0.3417","5.3941"
"83.3640","0.3416","5.3899"
"83.3840","0.3416","5.3858"
"83.4040","0.3415","5.3816"
"83.4240","0.3414","5.3774"
"83.4440","0.3413","5.3731"
"83.4640","0.3412","5.3690"
"83.4840","0.3412","5.3648"
"83.5040","0.3411","5.3606"
"83.5240","0.3410","5.3564"
"83.5440","0.3409","5.3522"
"83.5640","0.3408","5.3478"
"83.5840","0.3408","5.3436"
"83.6040","0.3407","5.3395"
"83.6240","0.3406","5.3353"
"83.6440","0.3405","5.3312"
"83.6640","0.3404","5.3268"
"83.6840","0.3404","5.3226"
"83.7040","0.3403","5.3184"
"83.7240","0.3402","5.3141"
"83.7440","0.3401","5.3099"
"83.7640","0.3400","5.3057"
"83.7840","0.3399","5.3015"
"83.8040","0.3399","5.2974"
"83.8240","0.3398","5.2932"
"83.8440","0.3397","5.2891"
"83.8640","0.3396","5.2849"
"83.8840","0.3395","5.2808"
"83.9040","0.3395","5.2766"
"83.9240","0.3394","5.2726"
"83.9440","0.3393","5.2685"
"83.9640","0.3392","5.2644"
"83.9840","0.3391","5.2603"
"84.0040","0.3391","5.2562"
"84.0240","0.3390","5.2522"
"84.0440","0.3389","5.2481"
"84.0640","0.3388","5.2440"
"84.0840","0.3387","5.2400"
"84.1040","0.3387","5.2359"
"84.1240","0.3386","5.2317"
"84.1440","0.3385","5.2276"
"84.1640","0.3384","5.2235"
"84.1840","0.3383","5.2194"
"84.2040","0.3383","5.2152"
"84.2240","0.3382","5.2111"
"84.2440","0.3381","5.2070"
"84.2640","0.3380","5.2027"
"84.2840","0.3379","5.1985"
"84.3040","0.3378","5.1943"
"84.3240","0.3378","5.1901"
"84.3440","0.3377","5.1860"
"84.3640","0.3376","5.1818"
"84.3840","0.3375","5.1777"
"84.4040","0.3374","5.1735"
"84.4240","0.3374","5.1693"
"84.4440","0.3373","5.1652"
"84.4640","0.3372","5.1612"
"84.4840","0.3371","5.1570"
"84.5040","0.3370","5.1529"
"84.5240","0.3369","5.1488"
"84.5440","0.3369","5.1448"
"84.5640","0.3368","5.1407"
"84.5840","0.3367","5.1367"
"84.6040","0.3366","5.1327"
"84.6240","0.3365","5.1287"
"84.6440","0.3365","5.1247"
"84.6640","0.3364","5.1207"
"84.6840","0.3363","5.1167"
"84.7040","0.3362","5.1127"
"84.7240","0.3361","5.1086"
"84.7440","0.3361","5.1045"
"84.7640","0.3360","5.1005"
"84.7840","0.3359","5.0965"
"84.8040","0.3358","5.0924"
"84.8240","0.3357","5.0883"
"84.8440","0.3357","5.0843"
"84.8640","0.3356","5.0801"
"84.8840","0.3355","5.0760"
"84.9040","0.3354","5.0720"
"84.9240","0.3353","5.0679"
"84.9440","0.3353","5.0637"
"84.9640","0.3352","5.0596"
"84.9840","0.3351","5.0555"
"85.0040","0.3350","5.0514"
"85.0240","0.3349","5.0473"
"85.0440","0.3348","5.0431"
"85.0640","0.3347","5.0389"
"85.0840","0.3347","5.0348"
"85.1040","0.3346","5.0307"
"85.1240","0.3345","5.0265"
"85.1440","0.3344","5.0225"
"85.1640","0.3343","5.0183"
"85.1840","0.3343","5.0143"
"85.2040","0.3342","5.0101"
"85.2240","0.3341","5.0061"
"85.2440","0.3340","5.0021"
"85.2640","0.3339","4.9980"
"85.2840","0.3338","4.9940"
"85.3040","0.3338","4.9900"
"85.3240","0.3337","4.9859"
"85.3440","0.3336","4.9820"
"85.3640","0.3335","4.9779"
"85.3840","0.3334","4.9739"
"85.4040","0.3333","4.9699"
"85.4240","0.3333","4.9660"
"85.4440","0.3332","4.9620"
"85.4640","0.3331","4.9581"
"85.4840","0.3330","4.9542"
"85.5040","0.3329","4.9503"
"85.5240","0.3329","4.9463"
"85.5440","0.3328","4.9424"
"85.5640","0.3327","4.9385"
"85.5840","0.3326","4.9346"
"85.6040","0.3325","4.9307"
"85.6240","0.3325","4.9268"
"85.6440","0.3324","4.9229"
"85.6640","0.3323","4.9190"
"85.6840","0.3322","4.9151"
"85.7040","0.3321","4.9111"
"85.7240","0.3321","4.9071"
"85.7440","0.3320","4.9032"
"85.7640","0.3319","4.8992"
"85.7840","0.3318","4.8952"
"85.8040","0.3317","4.8912"
"85.8240","0.3316","4.8871"
"85.8440","0.3316","4.8832"
"85.8640","0.3315","4.8792"
"85.8840","0.3314","4.8751"
"85.9040","0.3313","4.8711"
"85.9240","0.3312","4.8670"
"85.9440","0.3311","4.8630"
"85.9640","0.3311","4.8589"
"85.9840","0.3310","4.8549"
"86.0040","0.3309","4.8508"
"86.0240","0.3308","4.8466"
"86.0440","0.3307","4.8426"
"86.0640","0.3306","4.8384"
"86.0840","0.3305","4.8343"
"86.1040","0.3305","4.8302"
"86.1240","0.3304","4.8261"
"86.1440","0.3303","4.8220"
"86.1640","0.3302","4.8178"
"86.1840","0.3301","4.8137"
"86.2040","0.3300","4.8096"
"86.2240","0.3300","4.8055"
"86.2440","0.3299","4.8015"
"86.2640","0.3298","4.7973"
"86.2840","0.3297","4.7932"
"86.3040","0.3296","4.7891"
"86.3240","0.3295","4.7851"
"86.3440","0.3294","4.7810"
"86.3640","0.3293","4.7770"
"86.3840","0.3293","4.7730"
"86.4040","0.3292","4.7690"
"86.4240","0.3291","4.7651"
"86.4440","0.3290","4.7611"
"86.4640","0.3289","4.7570"
"86.4840","0.3288","4.7530"
"86.5040","0.3288","4.7491"
"86.5240","0.3287","4.7451"
"86.5440","0.3286","4.7410"
"86.5640","0.3285","4.7370"
"86.5840","0.3284","4.7330"
"86.6040","0.3283","4.7290"
"86.6240","0.3282","4.7249"
"86.6440","0.3282","4.7209"
"86.6640","0.3281","4.7168"
"86.6840","0.3280","4.7127"
"86.7040","0.3279","4.7086"
"86.7240","0.3278","4.7044"
"86.7440","0.3277","4.7004"
"86.7640","0.3276","4.6963"
"86.7840","0.3275","4.6922"
"86.8040","0.3275","4.6881"
"86.8240","0.3274","4.6840"
"86.8440","0.3273","4.6798"
"86.8640","0.3272","4.6758"
"86.8840","0.3271","4.6719"
"86.9040","0.3270","4.6678"
"86.9240","0.3269","4.6638"
"86.9440","0.3269","4.6598"
"86.9640","0.3268","4.6558"
"86.9840","0.3267","4.6520"
"87.0040","0.3266","4.6479"
"87.0240","0.3265","4.6439"
"87.0440","0.3264","4.6400"
"87.0640","0.3263","4.6360"
"87.0840","0.3263","4.6321"
"87.1040","0.3262","4.6282"
"87.1240","0.3261","4.6242"
"87.1440","0.3260","4.6202"
"87.1640","0.3259","4.6163"
"87.1840","0.3258","4.6123"
"87.2040","0.3257","4.6083"
"87.2240","0.3256","4.6044"
"87.2440","0.3256","4.6004"
"87.2640","0.3255","4.5965"
"87.2840","0.3254","4.5925"
"87.3040","0.3253","4.5885"
"87.3240","0.3252","4.5845"
"87.3440","0.3251","4.5805"
"87.3640","0.3250","4.5765"
"87.3840","0.3250","4.5726"
"87.4040","0.3249","4.5686"
"87.4240","0.3248","4.5646"
"87.4440","0.3247","4.5606"
"87.4640","0.3246","4.5566"
"87.4840","0.3245","4.5525"
"87.5040","0.3244","4.5486"
"87.5240","0.3243","4.5446"
"87.5440","0.3243","4.5406"
"87.5640","0.3242","4.5366"
"87.5840","0.3241","4.5326"
"87.6040","0.3240","4.5286"
"87.6240","0.3239","4.5246"
"87.6440","0.3238","4.5205"
"87.6640","0.3237","4.5166"
"87.6840","0.3236","4.5126"
"87.7040","0.3235","4.5086"
"87.7240","0.3235","4.5045"
"87.7440","0.3234","4.5005"
"87.7640","0.3233","4.4967"
"87.7840","0.3232","4.4928"
"87.8040","0.3231","4.4888"
"87.8240","0.3230","4.4848"
"87.8440","0.3229","4.4809"
"87.8640","0.3228","4.4770"
"87.8840","0.3228","4.4731"
"87.9040","0.3227","4.4691"
"87.9240","0.3226","4.4653"
"87.9440","0.3225","4.4614"
"87.9640","0.3224","4.4574"
"87.9840","0.3223","4.4535"
"88.0040","0.3222","4.4495"
"88.0240","0.3221","4.4456"
"88.0440","0.3221","4.4415"
"88.0640","0.3220","4.4376"
"88.0840","0.3219","4.4336"
"88.1040","0.3218","4.4295"
"88.1240","0.3217","4.4255"
"88.1440","0.3216","4.4215"
"88.1640","0.3215","4.4175"
"88.1840","0.3214","4.4134"
"88.2040","0.3213","4.4093"
"88.2240","0.3212","4.4053"
"88.2440","0.3212","4.4011"
"88.2640","0.3211","4.3972"
"88.2840","0.3210","4.3930"
"88.3040","0.3209","4.3889"
"88.3240","0.3208","4.3847"
"88.3440","0.3207","4.3806"
"88.3640","0.3206","4.3764"
"88.3840","0.3205","4.3724"
"88.4040","0.3204","4.3683"
"88.4240","0.3203","4.3641"
"88.4440","0.3202","4.3599"
"88.4640","0.3201","4.3558"
"88.4840","0.3200","4.3518"
"88.5040","0.3199","4.3476"
"88.5240","0.3199","4.3434"
"88.5440","0.3198","4.3394"
"88.5640","0.3197","4.3353"
"88.5840","0.3196","4.3312"
"88.6040","0.3195","4.3272"
"88.6240","0.3194","4.3232"
"88.6440","0.3193","4.3191"
"88.6640","0.3192","4.3152"
"88.6840","0.3191","4.3113"
"88.7040","0.3190","4.3073"
"88.7240","0.3189","4.3035"
"88.7440","0.3189","4.2995"
"88.7640","0.3188","4.2956"
"88.7840","0.3187","4.2916"
"88.8040","0.3186","4.2877"
"88.8240","0.3185","4.2838"
"88.8440","0.3184","4.2798"
"88.8640","0.3183","4.2759"
"88.8840","0.3182","4.2719"
"88.9040","0.3181","4.2679"
"88.9240","0.3180","4.2640"
"88.9440","0.3179","4.2600"
"88.9640","0.3179","4.2560"
"88.9840","0.3178","4.2519"
"89.0040","0.3177","4.2479"
"89.0240","0.3176","4.2439"
"89.0440","0.3175","4.2400"
"89.0640","0.3174","4.2360"
"89.0840","0.3173","4.2320"
"89.1040","0.3172","4.2280"
"89.1240","0.3171","4.2241"
"89.1440","0.3170","4.2203"
"89.1640","0.3169","4.2164"
"89.1840","0.3169","4.2125"
"89.2040","0.3168","4.2086"
"89.2240","0.3167","4.2048"
"89.2440","0.3166","4.2010"
"89.2640","0.3165","4.1971"
"89.2840","0.3164","4.1933"
"89.3040","0.3163","4.1896"
"89.3240","0.3162","4.1856"
"89.3440","0.3161","4.1819"
"89.3640","0.3161","4.1780"
"89.3840","0.3160","4.1742"
"89.4040","0.3159","4.1704"
"89.4240","0.3158","4.1665"
"89.4440","0.3157","4.1627"
"89.4640","0.3156","4.1588"
"89.4840","0.3155","4.1550"
"89.5040","0.3154","4.1509"
"89.5240","0.3153","4.1470"
"89.5440","0.3152","4.1431"
"89.5640","0.3151","4.1391"
"89.5840","0.3150","4.1351"
"89.6040","0.3150","4.1311"
"89.6240","0.3149","4.1272"
"89.6440","0.3148","4.1232"
"89.6640","0.3147","4.1192"
"89.6840","0.3146","4.1151"
"89.7040","0.3145","4.1112"
"89.7240","0.3144","4.1071"
"89.7440","0.3143","4.1031"
"89.7640","0.3142","4.0992"
"89.7840","0.3141","4.0951"
"89.8040","0.3140","4.0910"
"89.8240","0.3139","4.0871"
"89.8440","0.3138","4.0829"
"89.8640","0.3137","4.0789"
"89.8840","0.3136","4.0749"
"89.9040","0.3135","4.0709"
"89.9240","0.3134","4.0669"
"89.9440","0.3133","4.0629"
"89.9640","0.3132","4.0590"
"89.9840","0.3131","4.0550"
"90.0040","0.3131","4.0510"
"90.0240","0.3130","4.0470"
"90.0440","0.3129","4.0432"
"90.0640","0.3128","4.0392"
"90.0840","0.3127","4.0353"
"90.1040","0.3126","4.0314"
"90.1240","0.3125","4.0274"
"90.1440","0.3124","4.0235"
"90.1640","0.3123","4.0195"
"90.1840","0.3122","4.0155"
"90.2040","0.3121","4.0116"
"90.2240","0.3120","4.0076"
"90.2440","0.3119","4.0036"
"90.2640","0.3118","3.9995"
"90.2840","0.3117","3.9955"
"90.3040","0.3116","3.9915"
"90.3240","0.3115","3.9874"
"90.3440","0.3114","3.9833"
"90.3640","0.3113","3.9792"
"90.3840","0.3112","3.9751"
"90.4040","0.3111","3.9711"
"90.4240","0.3110","3.9670"
"90.4440","0.3109","3.9629"
"90.4640","0.3108","3.9587"
"90.4840","0.3107","3.9546"
"90.5040","0.3106","3.9505"
"90.5240","0.3105","3.9464"
"90.5440","0.3104","3.9423"
"90.5640","0.3103","3.9383"
"90.5840","0.3102","3.9341"
"90.6040","0.3101","3.9301"
"90.6240","0.3100","3.9259"
"90.6440","0.3099","3.9219"
"90.6640","0.3098","3.9177"
"90.6840","0.3097","3.9137"
"90.7040","0.3096","3.9098"
"90.7240","0.3095","3.9057"
"90.7440","0.3094","3.9018"
"90.7640","0.3094","3.8978"
"90.7840","0.3093","3.8938"
"90.8040","0.3092","3.8899"
"90.8240","0.3091","3.8861"
"90.8440","0.3090","3.8822"
"90.8640","0.3089","3.8783"
"90.8840","0.3088","3.8745"
"90.9040","0.3087","3.8706"
"90.9240","0.3086","3.8668"
"90.9440","0.3085","3.8629"
"90.9640","0.3084","3.8590"
"90.9840","0.3083","3.8551"
"91.0040","0.3082","3.8511"
"91.0240","0.3081","3.8473"
"91.0440","0.3080","3.8432"
"91.0640","0.3079","3.8392"
"91.0840","0.3078","3.8352"
"91.1040","0.3077","3.8313"
"91.1240","0.3076","3.8272"
"91.1440","0.3075","3.8232"
"91.1640","0.3074","3.8193"
"91.1840","0.3073","3.8153"
"91.2040","0.3072","3.8113"
"91.2240","0.3071","3.8074"
"91.2440","0.3070","3.8035"
"91.2640","0.3069","3.7996"
"91.2840","0.3068","3.7957"
"91.3040","0.3067","3.7918"
"91.3240","0.3066","3.7878"
"91.3440","0.3065","3.7840"
"91.3640","0.3064","3.7802"
"91.3840","0.3063","3.7762"
"91.4040","0.3062","3.7722"
"91.4240","0.3061","3.7683"
"91.4440","0.3061","3.7644"
"91.4640","0.3060","3.7605"
"91.4840","0.3059","3.7565"
"91.5040","0.3058","3.7525"
"91.5240","0.3057","3.7485"
"91.5440","0.3055","3.7445"
"91.5640","0.3054","3.7404"
"91.5840","0.3053","3.7364"
"91.6040","0.3052","3.7323"
"91.6240","0.3051","3.7283"
"91.6440","0.3050","3.7241"
"91.6640","0.3049","3.7200"
"91.6840","0.3048","3.7159"
"91.7040","0.3047","3.7117"
"91.7240","0.3046","3.7076"
"91.7440","0.3045","3.7034"
"91.7640","0.3044","3.6993"
"91.7840","0.3043","3.6951"
"91.8040","0.3042","3.6910"
"91.8240","0.3041","3.6868"
"91.8440","0.3040","3.6826"
"91.8640","0.3039","3.6785"
"91.8840","0.3038","3.6743"
"91.9040","0.3037","3.6701"
"91.9240","0.3036","3.6660"
"91.9440","0.3035","3.6617"
"91.9640","0.3034","3.6575"
"91.9840","0.3033","3.6535"
"92.0040","0.3032","3.6495"
"92.0240","0.3030","3.6454"
"92.0440","0.3029","3.6413"
"92.0640","0.3028","3.6374"
"92.0840","0.3027","3.6334"
"92.1040","0.3026","3.6294"
"92.1240","0.3025","3.6254"
"92.1440","0.3024","3.6213"
"92.1640","0.3023","3.6174"
"92.1840","0.3022","3.6134"
"92.2040","0.3021","3.6094"
"92.2240","0.3020","3.6055"
"92.2440","0.3019","3.6015"
"92.2640","0.3018","3.5974"
"92.2840","0.3017","3.5934"
"92.3040","0.3016","3.5896"
"92.3240","0.3015","3.5856"
"92.3440","0.3014","3.5815"
"92.3640","0.3013","3.5776"
"92.3840","0.3012","3.5736"
"92.4040","0.3011","3.5695"
"92.4240","0.3010","3.5656"
"92.4440","0.3009","3.5616"
"92.4640","0.3008","3.5577"
"92.4840","0.3007","3.5536"
"92.5040","0.3006","3.5496"
"92.5240","0.3005","3.5456"
"92.5440","0.3004","3.5416"
"92.5640","0.3003","3.5376"
"92.5840","0.3002","3.5336"
"92.6040","0.3001","3.5296"
"92.6240","0.3000","3.5256"
"92.6440","0.2999","3.5217"
"92.6640","0.2998","3.5178"
"92.6840","0.2997","3.5139"
"92.7040","0.2995","3.5100"
"92.7240","0.2994","3.5061"
"92.7440","0.2993","3.5023"
"92.7640","0.2992","3.4983"
"92.7840","0.2991","3.4946"
"92.8040","0.2990","3.4908"
"92.8240","0.2989","3.4870"
"92.8440","0.2988","3.4833"
"92.8640","0.2987","3.4795"
"92.8840","0.2986","3.4756"
"92.9040","0.2985","3.4719"
"92.9240","0.2984","3.4681"
"92.9440","0.2983","3.4643"
"92.9640","0.2982","3.4605"
"92.9840","0.2981","3.4566"
"93.0040","0.2980","3.4527"
"93.0240","0.2979","3.4488"
"93.0440","0.2978","3.4448"
"93.0640","0.2977","3.4409"
"93.0840","0.2976","3.4369"
"93.1040","0.2975","3.4329"
"93.1240","0.2974","3.4289"
"93.1440","0.2973","3.4248"
"93.1640","0.2972","3.4209"
"93.1840","0.2971","3.4169"
"93.2040","0.2970","3.4128"
"93.2240","0.2969","3.4088"
"93.2440","0.2968","3.4048"
"93.2640","0.2967","3.4007"
"93.2840","0.2966","3.3968"
"93.3040","0.2964","3.3928"
"93.3240","0.2963","3.3887"
"93.3440","0.2962","3.3846"
"93.3640","0.2961","3.3805"
"93.3840","0.2960","3.3765"
"93.4040","0.2959","3.3724"
"93.4240","0.2958","3.3684"
"93.4440","0.2957","3.3642"
"93.4640","0.2956","3.3601"
"93.4840","0.2955","3.3559"
"93.5040","0.2953","3.3517"
"93.5240","0.2952","3.3475"
"93.5440","0.2951","3.3434"
"93.5640","0.2950","3.3391"
"93.5840","0.2949","3.3349"
"93.6040","0.2948","3.3306"
"93.6240","0.2947","3.3264"
"93.6440","0.2946","3.3221"
"93.6640","0.2944","3.3179"
"93.6840","0.2943","3.3137"
"93.7040","0.2942","3.3094"
"93.7240","0.2941","3.3053"
"93.7440","0.2940","3.3011"
"93.7640","0.2939","3.2969"
"93.7840","0.2938","3.2927"
"93.8040","0.2936","3.2887"
"93.8240","0.2935","3.2846"
"93.8440","0.2934","3.2805"
"93.8640","0.2933","3.2765"
"93.8840","0.2932","3.2725"
"93.9040","0.2931","3.2686"
"93.9240","0.2930","3.2646"
"93.9440","0.2929","3.2607"
"93.9640","0.2928","3.2568"
"93.9840","0.2927","3.2529"
"94.0040","0.2926","3.2492"
"94.0240","0.2925","3.2453"
"94.0440","0.2924","3.2414"
"94.0640","0.2922","3.2376"
"94.0840","0.2921","3.2338"
"94.1040","0.2920","3.2299"
"94.1240","0.2919","3.2262"
"94.1440","0.2918","3.2223"
"94.1640","0.2917","3.2185"
"94.1840","0.2916","3.2146"
"94.2040","0.2915","3.2108"
"94.2240","0.2914","3.2068"
"94.2440","0.2913","3.2030"
"94.2640","0.2912","3.1991"
"94.2840","0.2911","3.1951"
"94.3040","0.2910","3.1912"
"94.3240","0.2909","3.1873"
"94.3440","0.2908","3.1834"
"94.3640","0.2906","3.1794"
"94.3840","0.2905","3.1755"
"94.4040","0.2904","3.1714"
"94.4240","0.2903","3.1674"
"94.4440","0.2902","3.1635"
"94.4640","0.2901","3.1595"
"94.4840","0.2900","3.1556"
"94.5040","0.2899","3.1515"
"94.5240","0.2898","3.1474"
"94.5440","0.2896","3.1435"
"94.5640","0.2895","3.1394"
"94.5840","0.2894","3.1354"
"94.6040","0.2893","3.1314"
"94.6240","0.2892","3.1275"
"94.6440","0.2891","3.1237"
"94.6640","0.2890","3.1198"
"94.6840","0.2889","3.1161"
"94.7040","0.2888","3.1122"
"94.7240","0.2887","3.1084"
"94.7440","0.2885","3.1044"
"94.7640","0.2884","3.1006"
"94.7840","0.2883","3.0966"
"94.8040","0.2882","3.0927"
"94.8240","0.2881","3.0887"
"94.8440","0.2880","3.0847"
"94.8640","0.2879","3.0805"
"94.8840","0.2878","3.0763"
"94.9040","0.2876","3.0722"
"94.9240","0.2875","3.0680"
"94.9440","0.2874","3.0638"
"94.9640","0.2873","3.0597"
"94.9840","0.2872","3.0554"
"95.0040","0.2870","3.0512"
"95.0240","0.2869","3.0470"
"95.0440","0.2868","3.0429"
"95.0640","0.2867","3.0387"
"95.0840","0.2866","3.0347"
"95.1040","0.2865","3.0305"
"95.1240","0.2863","3.0264"
"95.1440","0.2862","3.0225"
"95.1640","0.2861","3.0184"
"95.1840","0.2860","3.0144"
"95.2040","0.2859","3.0104"
"95.2240","0.2858","3.0063"
"95.2440","0.2856","3.0022"
"95.2640","0.2855","2.9983"
"95.2840","0.2854","2.9942"
"95.3040","0.2853","2.9901"
"95.3240","0.2852","2.9861"
"95.3440","0.2851","2.9820"
"95.3640","0.2849","2.9780"
"95.3840","0.2848","2.9739"
"95.4040","0.2847","2.9699"
"95.4240","0.2846","2.9660"
"95.4440","0.2845","2.9619"
"95.4640","0.2844","2.9579"
"95.4840","0.2842","2.9538"
"95.5040","0.2841","2.9498"
"95.5240","0.2840","2.9457"
"95.5440","0.2839","2.9417"
"95.5640","0.2838","2.9377"
"95.5840","0.2837","2.9337"
"95.6040","0.2835","2.9297"
"95.6240","0.2834","2.9257"
"95.6440","0.2833","2.9219"
"95.6640","0.2832","2.9179"
"95.6840","0.2831","2.9141"
"95.7040","0.2830","2.9103"
"95.7240","0.2829","2.9064"
"95.7440","0.2827","2.9027"
"95.7640","0.2826","2.8989"
"95.7840","0.2825","2.8952"
"95.8040","0.2824","2.8915"
"95.8240","0.2823","2.8878"
"95.8440","0.2822","2.8840"
"95.8640","0.2821","2.8803"
"95.8840","0.2820","2.8764"
"95.9040","0.2819","2.8727"
"95.9240","0.2817","2.8688"
"95.9440","0.2816","2.8650"
"95.9640","0.2815","2.8612"
"95.9840","0.2814","2.8573"
"96.0040","0.2813","2.8534"
"96.0240","0.2812","2.8495"
"96.0440","0.2810","2.8456"
"96.0640","0.2809","2.8417"
"96.0840","0.2808","2.8376"
"96.1040","0.2807","2.8337"
"96.1240","0.2806","2.8296"
"96.1440","0.2805","2.8257"
"96.1640","0.2803","2.8217"
"96.1840","0.2802","2.8177"
"96.2040","0.2801","2.8137"
"96.2240","0.2800","2.8095"
"96.2440","0.2798","2.8054"
"96.2640","0.2797","2.8013"
"96.2840","0.2796","2.7973"
"96.3040","0.2795","2.7933"
"96.3240","0.2794","2.7891"
"96.3440","0.2792","2.7850"
"96.3640","0.2791","2.7810"
"96.3840","0.2790","2.7769"
"96.4040","0.2789","2.7730"
"96.4240","0.2788","2.7689"
"96.4440","0.2786","2.7649"
"96.4640","0.2785","2.7609"
"96.4840","0.2784","2.7568"
"96.5040","0.2783","2.7527"
"96.5240","0.2781","2.7485"
"96.5440","0.2780","2.7444"
"96.5640","0.2779","2.7403"
"96.5840","0.2778","2.7360"
"96.6040","0.2776","2.7318"
"96.6240","0.2775","2.7275"
"96.6440","0.2774","2.7234"
"96.6640","0.2772","2.7192"
"96.6840","0.2771","2.7150"
"96.7040","0.2770","2.7108"
"96.7240","0.2769","2.7066"
"96.7440","0.2767","2.7026"
"96.7640","0.2766","2.6985"
"96.7840","0.2765","2.6945"
"96.8040","0.2764","2.6903"
"96.8240","0.2762","2.6863"
"96.8440","0.2761","2.6823"
"96.8640","0.2760","2.6783"
"96.8840","0.2759","2.6743"
"96.9040","0.2757","2.6703"
"96.9240","0.2756","2.6663"
"96.9440","0.2755","2.6623"
"96.9640","0.2754","2.6582"
"96.9840","0.2753","2.6541"
"97.0040","0.2751","2.6501"
"97.0240","0.2750","2.6460"
"97.0440","0.2749","2.6420"
"97.0640","0.2747","2.6379"
"97.0840","0.2746","2.6339"
"97.1040","0.2745","2.6298"
"97.1240","0.2744","2.6258"
"97.1440","0.2742","2.6218"
"97.1640","0.2741","2.6178"
"97.1840","0.2740","2.6139"
"97.2040","0.2739","2.6099"
"97.2240","0.2737","2.6059"
"97.2440","0.2736","2.6019"
"97.2640","0.2735","2.5979"
"97.2840","0.2734","2.5939"
"97.3040","0.2732","2.5900"
"97.3240","0.2731","2.5862"
"97.3440","0.2730","2.5822"
"97.3640","0.2729","2.5783"
"97.3840","0.2728","2.5745"
"97.4040","0.2726","2.5707"
"97.4240","0.2725","2.5668"
"97.4440","0.2724","2.5630"
"97.4640","0.2723","2.5592"
"97.4840","0.2722","2.5555"
"97.5040","0.2720","2.5517"
"97.5240","0.2719","2.5478"
"97.5440","0.2718","2.5439"
"97.5640","0.2717","2.5400"
"97.5840","0.2715","2.5362"
"97.6040","0.2714","2.5324"
"97.6240","0.2713","2.5284"
"97.6440","0.2712","2.5244"
"97.6640","0.2710","2.5204"
"97.6840","0.2709","2.5164"
"97.7040","0.2708","2.5124"
"97.7240","0.2706","2.5083"
"97.7440","0.2705","2.5041"
"97.7640","0.2704","2.4999"
"97.7840","0.2702","2.4957"
"97.8040","0.2701","2.4915"
"97.8240","0.2700","2.4872"
"97.8440","0.2698","2.4829"
"97.8640","0.2697","2.4787"
"97.8840","0.2696","2.4745"
"97.9040","0.2694","2.4702"
"97.9240","0.2693","2.4660"
"97.9440","0.2692","2.4620"
"97.9640","0.2690","2.4579"
"97.9840","0.2689","2.4540"
"98.0040","0.2688","2.4500"
"98.0240","0.2686","2.4460"
"98.0440","0.2685","2.4421"
"98.0640","0.2684","2.4383"
"98.0840","0.2683","2.4342"
"98.1040","0.2681","2.4302"
"98.1240","0.2680","2.4262"
"98.1440","0.2679","2.4221"
"98.1640","0.2677","2.4181"
"98.1840","0.2676","2.4139"
"98.2040","0.2675","2.4099"
"98.2240","0.2673","2.4057"
"98.2440","0.2672","2.4015"
"98.2640","0.2670","2.3974"
"98.2840","0.2669","2.3932"
"98.3040","0.2668","2.3892"
"98.3240","0.2666","2.3851"
"98.3440","0.2665","2.3811"
"98.3640","0.2664","2.3771"
"98.3840","0.2662","2.3731"
"98.4040","0.2661","2.3692"
"98.4240","0.2660","2.3651"
"98.4440","0.2658","2.3612"
"98.4640","0.2657","2.3573"
"98.4840","0.2656","2.3533"
"98.5040","0.2654","2.3493"
"98.5240","0.2653","2.3454"
"98.5440","0.2652","2.3414"
"98.5640","0.2650","2.3374"
"98.5840","0.2649","2.3335"
"98.6040","0.2648","2.3296"
"98.6240","0.2646","2.3256"
"98.6440","0.2645","2.3214"
"98.6640","0.2644","2.3174"
"98.6840","0.2642","2.3134"
"98.7040","0.2641","2.3094"
"98.7240","0.2640","2.3054"
"98.7440","0.2638","2.3013"
"98.7640","0.2637","2.2972"
"98.7840","0.2636","2.2932"
"98.8040","0.2634","2.2890"
"98.8240","0.2633","2.2850"
"98.8440","0.2631","2.2809"
"98.8640","0.2630","2.2770"
"98.8840","0.2629","2.2730"
"98.9040","0.2627","2.2690"
"98.9240","0.2626","2.2651"
"98.9440","0.2625","2.2612"
"98.9640","0.2623","2.2574"
"98.9840","0.2622","2.2536"
"99.0040","0.2621","2.2497"
"99.0240","0.2619","2.2458"
"99.0440","0.2618","2.2419"
"99.0640","0.2617","2.2379"
"99.0840","0.2615","2.2340"
"99.1040","0.2614","2.2300"
"99.1240","0.2613","2.2260"
"99.1440","0.2611","2.2219"
"99.1640","0.2610","2.2178"
"99.1840","0.2608","2.2135"
"99.2040","0.2607","2.2095"
"99.2240","0.2606","2.2053"
"99.2440","0.2604","2.2012"
"99.2640","0.2603","2.1970"
"99.2840","0.2601","2.1928"
"99.3040","0.2600","2.1887"
"99.3240","0.2599","2.1846"
"99.3440","0.2597","2.1805"
"99.3640","0.2596","2.1763"
"99.3840","0.2594","2.1723"
"99.4040","0.2593","2.1682"
"99.4240","0.2591","2.1643"
"99.4440","0.2590","2.1604"
"99.4640","0.2589","2.1566"
"99.4840","0.2587","2.1527"
"99.5040","0.2586","2.1488"
"99.5240","0.2585","2.1449"
"99.5440","0.2583","2.1411"
"99.5640","0.2582","2.1372"
"99.5840","0.2580","2.1333"
"99.6040","0.2579","2.1293"
"99.6240","0.2578","2.1253"
"99.6440","0.2576","2.1212"
"99.6640","0.2575","2.1172"
"99.6840","0.2573","2.1130"
"99.7040","0.2572","2.1090"
"99.7240","0.2570","2.1050"
"99.7440","0.2569","2.1010"
"99.7640","0.2568","2.0970"
"99.7840","0.2566","2.0932"
"99.8040","0.2565","2.0893"
"99.8240","0.2564","2.0854"
"99.8440","0.2562","2.0815"
"99.8640","0.2561","2.0777"
"99.8840","0.2559","2.0738"
"99.9040","0.2558","2.0699"
"99.9240","0.2557","2.0661"
"99.9440","0.2555","2.0622"
"99.9640","0.2554","2.0583"
"99.9840","0.2552","2.0542"
"100.0040","0.2551","2.0502"
"100.0240","0.2549","2.0463"
"100.0440","0.2548","2.0423"
"100.0640","0.2547","2.0382"
"100.0840","0.2545","2.0341"
"100.1040","0.2544","2.0301"
"100.1240","0.2542","2.0261"
"100.1440","0.2541","2.0221"
"100.1640","0.2539","2.0180"
"100.1840","0.2538","2.0140"
"100.2040","0.2536","2.0101"
"100.2240","0.2535","2.0061"
"100.2440","0.2533","2.0022"
"100.2640","0.2532","1.9983"
"100.2840","0.2531","1.9944"
"100.3040","0.2529","1.9905"
"100.3240","0.2528","1.9868"
"100.3440","0.2526","1.9829"
"100.3640","0.2525","1.9792"
"100.3840","0.2524","1.9754"
"100.4040","0.2522","1.9717"
"100.4240","0.2521","1.9679"
"100.4440","0.2519","1.9642"
"100.4640","0.2518","1.9604"
"100.4840","0.2517","1.9565"
"100.5040","0.2515","1.9526"
"100.5240","0.2514","1.9487"
"100.5440","0.2512","1.9448"
"100.5640","0.2511","1.9409"
"100.5840","0.2509","1.9370"
"100.6040","0.2508","1.9330"
"100.6240","0.2506","1.9290"
"100.6440","0.2505","1.9250"
"100.6640","0.2503","1.9209"
"100.6840","0.2502","1.9169"
"100.7040","0.2500","1.9127"
"100.7240","0.2499","1.9086"
"100.7440","0.2497","1.9044"
"100.7640","0.2496","1.9002"
"100.7840","0.2494","1.8961"
"100.8040","0.2493","1.8920"
"100.8240","0.2491","1.8880"
"100.8440","0.2489","1.8840"
"100.8640","0.2488","1.8799"
"100.8840","0.2486","1.8760"
"100.9040","0.2485","1.8721"
"100.9240","0.2483","1.8681"
"100.9440","0.2482","1.8641"
"100.9640","0.2480","1.8602"
"100.9840","0.2479","1.8561"
"101.0040","0.2477","1.8519"
"101.0240","0.2476","1.8477"
"101.0440","0.2474","1.8435"
"101.0640","0.2473","1.8393"
"101.0840","0.2471","1.8351"
"101.1040","0.2469","1.8309"
"101.1240","0.2468","1.8267"
"101.1440","0.2466","1.8226"
"101.1640","0.2465","1.8185"
"101.1840","0.2463","1.8145"
"101.2040","0.2462","1.8104"
"101.2240","0.2460","1.8064"
"101.2440","0.2458","1.8025"
"101.2640","0.2457","1.7985"
"101.2840","0.2455","1.7945"
"101.3040","0.2454","1.7904"
"101.3240","0.2452","1.7865"
"101.3440","0.2451","1.7825"
"101.3640","0.2449","1.7785"
"101.3840","0.2448","1.7745"
"101.4040","0.2446","1.7704"
"101.4240","0.2444","1.7665"
"101.4440","0.2443","1.7626"
"101.4640","0.2441","1.7585"
"101.4840","0.2440","1.7545"
"101.5040","0.2438","1.7505"
"101.5240","0.2437","1.7465"
"101.5440","0.2435","1.7425"
"101.5640","0.2433","1.7385"
"101.5840","0.2432","1.7345"
"101.6040","0.2430","1.7306"
"101.6240","0.2429","1.7266"
"101.6440","0.2427","1.7227"
"101.6640","0.2426","1.7189"
"101.6840","0.2424","1.7150"
"101.7040","0.2423","1.7112"
"101.7240","0.2421","1.7074"
"101.7440","0.2419","1.7034"
"101.7640","0.2418","1.6995"
"101.7840","0.2416","1.6957"
"101.8040","0.2415","1.6917"
"101.8240","0.2413","1.6878"
"101.8440","0.2412","1.6838"
"101.8640","0.2410","1.6796"
"101.8840","0.2408","1.6756"
"101.9040","0.2407","1.6715"
"101.9240","0.2405","1.6672"
"101.9440","0.2403","1.6630"
"101.9640","0.2402","1.6588"
"101.9840","0.2400","1.6545"
"102.0040","0.2398","1.6501"
"102.0240","0.2397","1.6458"
"102.0440","0.2395","1.6415"
"102.0640","0.2393","1.6373"
"102.0840","0.2391","1.6331"
"102.1040","0.2390","1.6291"
"102.1240","0.2388","1.6250"
"102.1440","0.2386","1.6210"
"102.1640","0.2385","1.6171"
"102.1840","0.2383","1.6133"
"102.2040","0.2382","1.6093"
"102.2240","0.2380","1.6055"
"102.2440","0.2378","1.6015"
"102.2640","0.2377","1.5975"
"102.2840","0.2375","1.5936"
"102.3040","0.2373","1.5895"
"102.3240","0.2372","1.5855"
"102.3440","0.2370","1.5815"
"102.3640","0.2368","1.5774"
"102.3840","0.2367","1.5735"
"102.4040","0.2365","1.5695"
"102.4240","0.2363","1.5658"
"102.4440","0.2362","1.5619"
"102.4640","0.2360","1.5580"
"102.4840","0.2359","1.5543"
"102.5040","0.2357","1.5504"
"102.5240","0.2355","1.5466"
"102.5440","0.2354","1.5428"
"102.5640","0.2352","1.5390"
"102.5840","0.2350","1.5350"
"102.6040","0.2349","1.5312"
"102.6240","0.2347","1.5273"
"102.6440","0.2345","1.5234"
"102.6640","0.2344","1.5193"
"102.6840","0.2342","1.5153"
"102.7040","0.2340","1.5113"
"102.7240","0.2339","1.5073"
"102.7440","0.2337","1.5032"
"102.7640","0.2335","1.4990"
"102.7840","0.2333","1.4950"
"102.8040","0.2332","1.4909"
"102.8240","0.2330","1.4868"
"102.8440","0.2328","1.4827"
"102.8640","0.2326","1.4788"
"102.8840","0.2325","1.4748"
"102.9040","0.2323","1.4709"
"102.9240","0.2321","1.4670"
"102.9440","0.2320","1.4631"
"102.9640","0.2318","1.4591"
"102.9840","0.2316","1.4552"
"103.0040","0.2314","1.4510"
"103.0240","0.2313","1.4469"
"103.0440","0.2311","1.4427"
"103.0640","0.2309","1.4386"
"103.0840","0.2307","1.4343"
"103.1040","0.2305","1.4300"
"103.1240","0.2303","1.4257"
"103.1440","0.2302","1.4215"
"103.1640","0.2300","1.4172"
"103.1840","0.2298","1.4130"
"103.2040","0.2296","1.4086"
"103.2240","0.2294","1.4044"
"103.2440","0.2292","1.4003"
"103.2640","0.2290","1.3963"
"103.2840","0.2289","1.3923"
"103.3040","0.2287","1.3886"
"103.3240","0.2285","1.3849"
"103.3440","0.2284","1.3812"
"103.3640","0.2282","1.3776"
"103.3840","0.2280","1.3738"
"103.4040","0.2278","1.3700"
"103.4240","0.2277","1.3661"
"103.4440","0.2275","1.3623"
"103.4640","0.2273","1.3583"
"103.4840","0.2271","1.3543"
"103.5040","0.2270","1.3503"
"103.5240","0.2268","1.3465"
"103.5440","0.2266","1.3426"
"103.5640","0.2264","1.3387"
"103.5840","0.2262","1.3350"
"103.6040","0.2261","1.3313"
"103.6240","0.2259","1.3276"
"103.6440","0.2257","1.3239"
"103.6640","0.2256","1.3201"
"103.6840","0.2254","1.3164"
"103.7040","0.2252","1.3126"
"103.7240","0.2250","1.3087"
"103.7440","0.2248","1.3048"
"103.7640","0.2247","1.3008"
"103.7840","0.2245","1.2968"
"103.8040","0.2243","1.2928"
"103.8240","0.2241","1.2887"
"103.8440","0.2239","1.2846"
"103.8640","0.2237","1.2804"
"103.8840","0.2235","1.2763"
"103.9040","0.2233","1.2720"
"103.9240","0.2231","1.2678"
"103.9440","0.2229","1.2636"
"103.9640","0.2228","1.2595"
"103.9840","0.2226","1.2554"
"104.0040","0.2224","1.2514"
"104.0240","0.2222","1.2473"
"104.0440","0.2220","1.2434"
"104.0640","0.2218","1.2394"
"104.0840","0.2216","1.2354"
"104.1040","0.2214","1.2314"
"104.1240","0.2212","1.2275"
"104.1440","0.2210","1.2234"
"104.1640","0.2208","1.2194"
"104.1840","0.2206","1.2155"
"104.2040","0.2205","1.2116"
"104.2240","0.2203","1.2075"
"104.2440","0.2201","1.2037"
"104.2640","0.2199","1.1997"
"104.2840","0.2197","1.1956"
"104.3040","0.2195","1.1916"
"104.3240","0.2193","1.1878"
"104.3440","0.2191","1.1839"
"104.3640","0.2189","1.1800"
"104.3840","0.2187","1.1764"
"104.4040","0.2185","1.1727"
"104.4240","0.2184","1.1690"
"104.4440","0.2182","1.1653"
"104.4640","0.2180","1.1616"
"104.4840","0.2178","1.1579"
"104.5040","0.2176","1.1541"
"104.5240","0.2174","1.1502"
"104.5440","0.2172","1.1463"
"104.5640","0.2170","1.1423"
"104.5840","0.2168","1.1383"
"104.6040","0.2166","1.1343"
"104.6240","0.2164","1.1303"
"104.6440","0.2162","1.1262"
"104.6640","0.2160","1.1222"
"104.6840","0.2158","1.1181"
"104.7040","0.2156","1.1139"
"104.7240","0.2154","1.1098"
"104.7440","0.2152","1.1056"
"104.7640","0.2150","1.1014"
"104.7840","0.2148","1.0970"
"104.8040","0.2146","1.0927"
"104.8240","0.2143","1.0882"
"104.8440","0.2141","1.0837"
"104.8640","0.2139","1.0793"
"104.8840","0.2137","1.0748"
"104.9040","0.2135","1.0703"
"104.9240","0.2132","1.0660"
"104.9440","0.2130","1.0616"
"104.9640","0.2128","1.0573"
"104.9840","0.2126","1.0532"
"105.0040","0.2124","1.0492"
"105.0240","0.2122","1.0453"
"105.0440","0.2120","1.0415"
"105.0640","0.2118","1.0378"
"105.0840","0.2116","1.0341"
"105.1040","0.2114","1.0304"
"105.1240","0.2112","1.0266"
"105.1440","0.2110","1.0228"
"105.1640","0.2108","1.0190"
"105.1840","0.2105","1.0152"
"105.2040","0.2103","1.0113"
"105.2240","0.2101","1.0073"
"105.2440","0.2099","1.0033"
"105.2610","0.2097","0.9999"
"105.2620","0.2097","0.9997"
"105.2630","0.2097","0.9995"
"105.2830","0.2095","0.9955"
"105.3030","0.2094","0.9938"
"105.3230","0.2094","0.9948"
"105.3430","0.2094","0.9966"
"105.3630","0.2094","0.9985"
"105.3830","0.2094","1.0003"
"105.4030","0.2094","1.0019"
"105.4230","0.2095","1.0035"
"105.4430","0.2095","1.0051"
"105.4630","0.2096","1.0070"
"105.4830","0.2096","1.0088"
"105.5030","0.2097","1.0108"
"105.5230","0.2097","1.0129"
"105.5430","0.2098","1.0150"
"105.5630","0.2099","1.0174"
"105.5830","0.2099","1.0199"
"105.6030","0.2100","1.0224"
"105.6230","0.2101","1.0251"
"105.6430","0.2102","1.0278"
"105.6630","0.2102","1.0306"
"105.6830","0.2103","1.0332"
"105.7030","0.2104","1.0359"
"105.7230","0.2105","1.0390"
"105.7430","0.2106","1.0422"
"105.7630","0.2107","1.0454"
"105.7830","0.2108","1.0486"
"105.8030","0.2109","1.0518"
"105.8230","0.2110","1.0550"
"105.8430","0.2111","1.0582"
"105.8630","0.2112","1.0616"
"105.8830","0.2113","1.0650"
"105.9030","0.2114","1.0685"
"105.9230","0.2116","1.0720"
"105.9430","0.2117","1.0757"
"105.9630","0.2118","1.0792"
"105.9830","0.2119","1.0828"
"106.0030","0.2120","1.0865"
"106.0230","0.2121","1.0902"
"106.0430","0.2123","1.0940"
"106.0630","0.2124","1.0979"
"106.0830","0.2125","1.1018"
"106.1030","0.2126","1.1058"
"106.1230","0.2128","1.1098"
"106.1430","0.2129","1.1139"
"106.1630","0.2130","1.1181"
"106.1830","0.2132","1.1224"
"106.2030","0.2133","1.1267"
"106.2230","0.2135","1.1311"
"106.2430","0.2136","1.1357"
"106.2630","0.2138","1.1403"
"106.2830","0.2139","1.1449"
"106.3030","0.2141","1.1495"
"106.3230","0.2142","1.1543"
"106.3430","0.2144","1.1591"
"106.3630","0.2146","1.1639"
"106.3830","0.2147","1.1687"
"106.4030","0.2149","1.1735"
"106.4230","0.2150","1.1783"
"106.4430","0.2152","1.1831"
"106.4630","0.2153","1.1877"
"106.4830","0.2155","1.1924"
"106.5030","0.2157","1.1970"
"106.5230","0.2158","1.2015"
"106.5430","0.2160","1.2060"
"106.5630","0.2161","1.2103"
"106.5830","0.2162","1.2146"
"106.6030","0.2164","1.2189"
"106.6230","0.2165","1.2233"
"106.6430","0.2167","1.2276"
"106.6630","0.2168","1.2320"
"106.6830","0.2170","1.2364"
"106.7030","0.2171","1.2409"
"106.7230","0.2173","1.2454"
"106.7430","0.2174","1.2499"
"106.7630","0.2176","1.2544"
"106.7830","0.2177","1.2590"
"106.8030","0.2179","1.2635"
"106.8230","0.2180","1.2679"
"106.8430","0.2182","1.2723"
"106.8630","0.2183","1.2767"
"106.8830","0.2185","1.2810"
"106.9030","0.2186","1.2854"
"106.9230","0.2188","1.2897"
"106.9430","0.2189","1.2940"
"106.9630","0.2191","1.2982"
"106.9830","0.2192","1.3026"
"107.0030","0.2194","1.3068"
"107.0230","0.2195","1.3112"
"107.0430","0.2196","1.3155"
"107.0630","0.2198","1.3198"
"107.0830","0.2199","1.3241"
"107.1030","0.2201","1.3286"
"107.1230","0.2202","1.3329"
"107.1430","0.2204","1.3374"
"107.1630","0.2205","1.3417"
"107.1830","0.2207","1.3460"
"107.2030","0.2208","1.3504"
"107.2230","0.2210","1.3549"
"107.2430","0.2211","1.3593"
"107.2630","0.2213","1.3637"
"107.2830","0.2215","1.3683"
"107.3030","0.2216","1.3727"
"107.3230","0.2218","1.3770"
"107.3430","0.2219","1.3814"
"107.3630","0.2221","1.3857"
"107.3830","0.2222","1.3900"
"107.4030","0.2223","1.3943"
"107.4230","0.2225","1.3986"
"107.4430","0.2226","1.4027"
"107.4630","0.2228","1.4071"
"107.4830","0.2229","1.4114"
"107.5030","0.2231","1.4158"
"107.5230","0.2232","1.4202"
"107.5430","0.2234","1.4246"
"107.5630","0.2235","1.4289"
"107.5830","0.2237","1.4334"
"107.6030","0.2238","1.4379"
"107.6230","0.2240","1.4424"
"107.6430","0.2242","1.4468"
"107.6630","0.2243","1.4513"
"107.6830","0.2245","1.4557"
"107.7030","0.2246","1.4601"
"107.7230","0.2248","1.4645"
"107.7430","0.2249","1.4688"
"107.7630","0.2251","1.4731"
"107.7830","0.2252","1.4773"
"107.8030","0.2254","1.4814"
"107.8230","0.2255","1.4856"
"107.8430","0.2256","1.4896"
"107.8630","0.2258","1.4936"
"107.8830","0.2259","1.4975"
"107.9030","0.2261","1.5014"
"107.9230","0.2262","1.5054"
"107.9430","0.2263","1.5094"
"107.9630","0.2265","1.5132"
"107.9830","0.2266","1.5172"
"108.0030","0.2267","1.5212"
"108.0230","0.2269","1.5253"
"108.0430","0.2270","1.5295"
"108.0630","0.2272","1.5337"
"108.0830","0.2273","1.5380"
"108.1030","0.2275","1.5423"
"108.1230","0.2276","1.5466"
"108.1430","0.2278","1.5509"
"108.1630","0.2279","1.5550"
"108.1830","0.2281","1.5593"
"108.2030","0.2282","1.5635"
"108.2230","0.2283","1.5677"
"108.2430","0.2285","1.5718"
"108.2630","0.2286","1.5760"
"108.2830","0.2288","1.5802"
"108.3030","0.2289","1.5843"
"108.3230","0.2291","1.5884"
"108.3430","0.2292","1.5926"
"108.3630","0.2294","1.5968"
"108.3830","0.2295","1.6011"
"108.4030","0.2297","1.6054"
"108.4230","0.2298","1.6097"
"108.4430","0.2300","1.6141"
"108.4630","0.2301","1.6184"
"108.4830","0.2303","1.6228"
"108.5030","0.2304","1.6272"
"108.5230","0.2306","1.6316"
"108.5430","0.2307","1.6360"
"108.5630","0.2309","1.6404"
"108.5830","0.2310","1.6446"
"108.6030","0.2312","1.6489"
"108.6230","0.2313","1.6532"
"108.6430","0.2315","1.6574"
"108.6630","0.2316","1.6617"
"108.6830","0.2317","1.6658"
"108.7030","0.2319","1.6699"
"108.7230","0.2320","1.6739"
"108.7430","0.2322","1.6780"
"108.7630","0.2323","1.6821"
"108.7830","0.2324","1.6860"
"108.8030","0.2326","1.6900"
"108.8230","0.2327","1.6939"
"108.8430","0.2329","1.6978"
"108.8630","0.2330","1.7018"
"108.8830","0.2331","1.7057"
"108.9030","0.2333","1.7098"
"108.9230","0.2334","1.7139"
"108.9430","0.2336","1.7179"
"108.9630","0.2337","1.7221"
"108.9830","0.2338","1.7262"
"109.0030","0.2340","1.7303"
"109.0230","0.2341","1.7344"
"109.0430","0.2343","1.7385"
"109.0630","0.2344","1.7425"
"109.0830","0.2346","1.7467"
"109.1030","0.2347","1.7508"
"109.1230","0.2348","1.7549"
"109.1430","0.2350","1.7589"
"109.1630","0.2351","1.7629"
"109.1830","0.2353","1.7669"
"109.2030","0.2354","1.7709"
"109.2230","0.2355","1.7748"
"109.2430","0.2357","1.7787"
"109.2630","0.2358","1.7825"
"109.2830","0.2359","1.7864"
"109.3030","0.2361","1.7901"
"109.3230","0.2362","1.7939"
"109.3430","0.2363","1.7977"
"109.3630","0.2365","1.8015"
"109.3830","0.2366","1.8053"
"109.4030","0.2367","1.8091"
"109.4230","0.2369","1.8130"
"109.4430","0.2370","1.8170"
"109.4630","0.2371","1.8210"
"109.4830","0.2373","1.8250"
"109.5030","0.2374","1.8291"
"109.5230","0.2376","1.8331"
"109.5430","0.2377","1.8374"
"109.5630","0.2378","1.8416"
"109.5830","0.2380","1.8457"
"109.6030","0.2381","1.8499"
"109.6230","0.2383","1.8540"
"109.6430","0.2384","1.8582"
"109.6630","0.2386","1.8623"
"109.6830","0.2387","1.8664"
"109.7030","0.2388","1.8706"
"109.7230","0.2390","1.8746"
"109.7430","0.2391","1.8787"
"109.7630","0.2393","1.8829"
"109.7830","0.2394","1.8870"
"109.8030","0.2395","1.8911"
"109.8230","0.2397","1.8952"
"109.8430","0.2398","1.8994"
"109.8630","0.2400","1.9035"
"109.8830","0.2401","1.9077"
"109.9030","0.2402","1.9118"
"109.9230","0.2404","1.9159"
"109.9430","0.2405","1.9201"
"109.9630","0.2407","1.9243"
"109.9830","0.2408","1.9284"
"110.0030","0.2410","1.9324"
"110.0230","0.2411","1.9364"
"110.0430","0.2412","1.9404"
"110.0630","0.2414","1.9444"
"110.0830","0.2415","1.9484"
"110.1030","0.2416","1.9523"
"110.1230","0.2418","1.9563"
"110.1430","0.2419","1.9602"
"110.1630","0.2420","1.9640"
"110.1830","0.2422","1.9678"
"110.2030","0.2423","1.9717"
"110.2230","0.2424","1.9754"
"110.2430","0.2426","1.9791"
"110.2630","0.2427","1.9829"
"110.2830","0.2428","1.9867"
"110.3030","0.2430","1.9905"
"110.3230","0.2431","1.9943"
"110.3430","0.2432","1.9981"
"110.3630","0.2433","2.0020"
"110.3830","0.2435","2.0058"
"110.4030","0.2436","2.0097"
"110.4230","0.2437","2.0137"
"110.4430","0.2439","2.0177"
"110.4630","0.2440","2.0218"
"110.4830","0.2441","2.0258"
"110.5030","0.2443","2.0298"
"110.5230","0.2444","2.0339"
"110.5430","0.2446","2.0379"
"110.5630","0.2447","2.0420"
"110.5830","0.2448","2.0461"
"110.6030","0.2450","2.0502"
"110.6230","0.2451","2.0543"
"110.6430","0.2453","2.0584"
"110.6630","0.2454","2.0624"
"110.6830","0.2455","2.0665"
"110.7030","0.2457","2.0706"
"110.7230","0.2458","2.0745"
"110.7430","0.2459","2.0785"
"110.7630","0.2461","2.0824"
"110.7830","0.2462","2.0862"
"110.8030","0.2463","2.0902"
"110.8230","0.2465","2.0941"
"110.8430","0.2466","2.0981"
"110.8630","0.2467","2.1020"
"110.8830","0.2469","2.1061"
"110.9030","0.2470","2.1103"
"110.9230","0.2471","2.1144"
"110.9430","0.2473","2.1186"
"110.9630","0.2474","2.1229"
"110.9830","0.2476","2.1272"
"111.0030","0.2477","2.1315"
"111.0230","0.2479","2.1358"
"111.0430","0.2480","2.1400"
"111.0630","0.2481","2.1443"
"111.0830","0.2483","2.1485"
"111.1030","0.2484","2.1526"
"111.1230","0.2486","2.1567"
"111.1430","0.2487","2.1607"
"111.1630","0.2488","2.1648"
"111.1830","0.2490","2.1687"
"111.2030","0.2491","2.1728"
"111.2230","0.2492","2.1768"
"111.2430","0.2494","2.1807"
"111.2630","0.2495","2.1847"
"111.2830","0.2496","2.1887"
"111.3030","0.2498","2.1927"
"111.3230","0.2499","2.1967"
"111.3430","0.2501","2.2007"
"111.3630","0.2502","2.2047"
"111.3830","0.2503","2.2087"
"111.4030","0.2504","2.2126"
"111.4230","0.2506","2.2165"
"111.4430","0.2507","2.2206"
"111.4630","0.2509","2.2245"
"111.4830","0.2510","2.2284"
"111.5030","0.2511","2.2324"
"111.5230","0.2512","2.2363"
"111.5430","0.2514","2.2402"
"111.5630","0.2515","2.2442"
"111.5830","0.2516","2.2480"
"111.6030","0.2518","2.2519"
"111.6230","0.2519","2.2557"
"111.6430","0.2520","2.2594"
"111.6630","0.2522","2.2632"
"111.6830","0.2523","2.2669"
"111.7030","0.2524","2.2707"
"111.7230","0.2525","2.2743"
"111.7430","0.2527","2.2781"
"111.7630","0.2528","2.2819"
"111.7830","0.2529","2.2856"
"111.8030","0.2530","2.2895"
"111.8230","0.2532","2.2933"
"111.8430","0.2533","2.2972"
"111.8630","0.2534","2.3011"
"111.8830","0.2536","2.3051"
"111.9030","0.2537","2.3091"
"111.9230","0.2538","2.3131"
"111.9430","0.2539","2.3171"
"111.9630","0.2541","2.3213"
"111.9830","0.2542","2.3254"
"112.0030","0.2544","2.3295"
"112.0230","0.2545","2.3337"
"112.0430","0.2546","2.3378"
"112.0630","0.2548","2.3421"
"112.0830","0.2549","2.3463"
"112.1030","0.2550","2.3505"
"112.1230","0.2552","2.3546"
"112.1430","0.2553","2.3588"
"112.1630","0.2555","2.3629"
"112.1830","0.2556","2.3669"
"112.2030","0.2557","2.3710"
"112.2230","0.2559","2.3749"
"112.2430","0.2560","2.3788"
"112.2630","0.2561","2.3827"
"112.2830","0.2562","2.3866"
"112.3030","0.2564","2.3904"
"112.3230","0.2565","2.3943"
"112.3430","0.2566","2.3982"
"112.3630","0.2568","2.4022"
"112.3830","0.2569","2.4062"
"112.4030","0.2570","2.4102"
"112.4230","0.2572","2.4143"
"112.4430","0.2573","2.4185"
"112.4630","0.2574","2.4227"
"112.4830","0.2576","2.4269"
"112.5030","0.2577","2.4311"
"112.5230","0.2578","2.4354"
"112.5430","0.2580","2.4396"
"112.5630","0.2581","2.4438"
"112.5830","0.2583","2.4480"
"112.6030","0.2584","2.4522"
"112.6230","0.2585","2.4563"
"112.6430","0.2587","2.4604"
"112.6630","0.2588","2.4644"
"112.6830","0.2589","2.4684"
"112.7030","0.2590","2.4724"
"112.7230","0.2592","2.4765"
"112.7430","0.2593","2.4806"
"112.7630","0.2594","2.4846"
"112.7830","0.2596","2.4887"
"112.8030","0.2597","2.4927"
"112.8230","0.2598","2.4969"
"112.8430","0.2600","2.5009"
"112.8630","0.2601","2.5050"
"112.8830","0.2602","2.5092"
"112.9030","0.2604","2.5133"
"112.9230","0.2605","2.5174"
"112.9430","0.2607","2.5216"
"112.9630","0.2608","2.5256"
"112.9830","0.2609","2.5297"
"113.0030","0.2610","2.5338"
"113.0230","0.2612","2.5378"
"113.0430","0.2613","2.5419"
"113.0630","0.2614","2.5460"
"113.0830","0.2616","2.5500"
"113.1030","0.2617","2.5540"
"113.1230","0.2618","2.5580"
"113.1430","0.2620","2.5619"
"113.1630","0.2621","2.5659"
"113.1830","0.2622","2.5698"
"113.2030","0.2623","2.5736"
"113.2230","0.2625","2.5774"
"113.2430","0.2626","2.5812"
"113.2630","0.2627","2.5850"
"113.2830","0.2628","2.5889"
"113.3030","0.2630","2.5927"
"113.3230","0.2631","2.5966"
"113.3430","0.2632","2.6006"
"113.3630","0.2633","2.6045"
"113.3830","0.2635","2.6085"
"113.4030","0.2636","2.6124"
"113.4230","0.2637","2.6165"
"113.4430","0.2638","2.6205"
"113.4630","0.2640","2.6246"
"113.4830","0.2641","2.6287"
"113.5030","0.2642","2.6328"
"113.5230","0.2644","2.6368"
"113.5430","0.2645","2.6410"
"113.5630","0.2646","2.6452"
"113.5830","0.2648","2.6493"
"113.6030","0.2649","2.6534"
"113.6230","0.2650","2.6575"
"113.6430","0.2652","2.6615"
"113.6630","0.2653","2.6656"
"113.6830","0.2654","2.6698"
"113.7030","0.2656","2.6738"
"113.7230","0.2657","2.6778"
"113.7430","0.2658","2.6818"
"113.7630","0.2659","2.6857"
"113.7830","0.2661","2.6896"
"113.8030","0.2662","2.6935"
"113.8230","0.2663","2.6973"
"113.8430","0.2664","2.7012"
"113.8630","0.2666","2.7051"
"113.8830","0.2667","2.7090"
"113.9030","0.2668","2.7130"
"113.9230","0.2669","2.7170"
"113.9430","0.2671","2.7210"
"113.9630","0.2672","2.7250"
"113.9830","0.2673","2.7291"
"114.0030","0.2675","2.7333"
"114.0230","0.2676","2.7375"
"114.0430","0.2677","2.7417"
"114.0630","0.2679","2.7459"
"114.0830","0.2680","2.7500"
"114.1030","0.2681","2.7541"
"114.1230","0.2682","2.7582"
"114.1430","0.2684","2.7624"
"114.1630","0.2685","2.7665"
"114.1830","0.2686","2.7706"
"114.2030","0.2688","2.7746"
"114.2230","0.2689","2.7786"
"114.2430","0.2690","2.7826"
"114.2630","0.2691","2.7866"
"114.2830","0.2693","2.7907"
"114.3030","0.2694","2.7947"
"114.3230","0.2695","2.7988"
"114.3430","0.2697","2.8029"
"114.3630","0.2698","2.8070"
"114.3830","0.2699","2.8111"
"114.4030","0.2700","2.8150"
"114.4230","0.2702","2.8192"
"114.4430","0.2703","2.8232"
"114.4630","0.2704","2.8272"
"114.4830","0.2706","2.8312"
"114.5030","0.2707","2.8353"
"114.5230","0.2708","2.8392"
"114.5430","0.2709","2.8432"
"114.5630","0.2710","2.8472"
"114.5830","0.2712","2.8511"
"114.6030","0.2713","2.8550"
"114.6230","0.2714","2.8590"
"114.6430","0.2715","2.8628"
"114.6630","0.2717","2.8667"
"114.6830","0.2718","2.8705"
"114.7030","0.2719","2.8743"
"114.7230","0.2720","2.8781"
"114.7430","0.2721","2.8818"
"114.7630","0.2723","2.8855"
"114.7830","0.2724","2.8892"
"114.8030","0.2725","2.8929"
"114.8230","0.2726","2.8966"
"114.8430","0.2727","2.9003"
"114.8630","0.2728","2.9041"
"114.8830","0.2730","2.9079"
"114.9030","0.2731","2.9117"
"114.9230","0.2732","2.9155"
"114.9430","0.2733","2.9193"
"114.9630","0.2734","2.9231"
"114.9830","0.2736","2.9271"
"115.0030","0.2737","2.9310"
"115.0230","0.2738","2.9350"
"115.0430","0.2739","2.9391"
"115.0630","0.2740","2.9430"
"115.0830","0.2742","2.9471"
"115.1030","0.2743","2.9512"
"115.1230","0.2744","2.9553"
"115.1430","0.2746","2.9594"
"115.1630","0.2747","2.9636"
"115.1830","0.2748","2.9677"
"115.2030","0.2749","2.9721"
"115.2230","0.2751","2.9762"
"115.2430","0.2752","2.9803"
"115.2630","0.2753","2.9845"
"115.2830","0.2755","2.9887"
"115.3030","0.2756","2.9928"
"115.3230","0.2757","2.9967"
"115.3430","0.2758","3.0008"
"115.3630","0.2759","3.0048"
"115.3830","0.2761","3.0086"
"115.4030","0.2762","3.0126"
"115.4230","0.2763","3.0165"
"115.4430","0.2764","3.0204"
"115.4630","0.2766","3.0243"
"115.4830","0.2767","3.0283"
"115.5030","0.2768","3.0321"
"115.5230","0.2769","3.0362"
"115.5430","0.2770","3.0403"
"115.5630","0.2772","3.0444"
"115.5830","0.2773","3.0485"
"115.6030","0.2774","3.0527"
"115.6230","0.2775","3.0569"
"115.6430","0.2777","3.0611"
"115.6630","0.2778","3.0655"
"115.6830","0.2779","3.0698"
"115.7030","0.2781","3.0740"
"115.7230","0.2782","3.0783"
"115.7430","0.2783","3.0825"
"115.7630","0.2784","3.0868"
"115.7830","0.2786","3.0908"
"115.8030","0.2787","3.0950"
"115.8230","0.2788","3.0990"
"115.8430","0.2789","3.1031"
"115.8630","0.2791","3.1071"
"115.8830","0.2792","3.1110"
"115.9030","0.2793","3.1149"
"115.9230","0.2794","3.1189"
"115.9430","0.2795","3.1228"
"115.9630","0.2797","3.1267"
"115.9830","0.2798","3.1307"
"116.0030","0.2799","3.1346"
"116.0230","0.2800","3.1385"
"116.0430","0.2801","3.1425"
"116.0630","0.2803","3.1464"
"116.0830","0.2804","3.1503"
"116.1030","0.2805","3.1541"
"116.1230","0.2806","3.1581"
"116.1430","0.2807","3.1619"
"116.1630","0.2809","3.1657"
"116.1830","0.2810","3.1695"
"116.2030","0.2811","3.1733"
"116.2230","0.2812","3.1772"
"116.2430","0.2813","3.1810"
"116.2630","0.2814","3.1849"
"116.2830","0.2816","3.1887"
"116.3030","0.2817","3.1925"
"116.3230","0.2818","3.1964"
"116.3430","0.2819","3.2002"
"116.3630","0.2820","3.2039"
"116.3830","0.2821","3.2077"
"116.4030","0.2822","3.2114"
"116.4230","0.2824","3.2152"
"116.4430","0.2825","3.2189"
"116.4630","0.2826","3.2226"
"116.4830","0.2827","3.2263"
"116.5030","0.2828","3.2300"
"116.5230","0.2829","3.2338"
"116.5430","0.2830","3.2376"
"116.5630","0.2831","3.2414"
"116.5830","0.2833","3.2453"
"116.6030","0.2834","3.2492"
"116.6230","0.2835","3.2532"
"116.6430","0.2836","3.2571"
"116.6630","0.2837","3.2612"
"116.6830","0.2838","3.2651"
"116.7030","0.2840","3.2693"
"116.7230","0.2841","3.2734"
"116.7430","0.2842","3.2775"
"116.7630","0.2843","3.2817"
"116.7830","0.2845","3.2858"
"116.8030","0.2846","3.2900"
"116.8230","0.2847","3.2942"
"116.8430","0.2848","3.2984"
"116.8630","0.2850","3.3026"
"116.8830","0.2851","3.3068"
"116.9030","0.2852","3.3110"
"116.9230","0.2853","3.3153"
"116.9430","0.2854","3.3195"
"116.9630","0.2856","3.3236"
"116.9830","0.2857","3.3278"
"117.0030","0.2858","3.3319"
"117.0230","0.2859","3.3360"
"117.0430","0.2861","3.3401"
"117.0630","0.2862","3.3441"
"117.0830","0.2863","3.3481"
"117.1030","0.2864","3.3522"
"117.1230","0.2865","3.3562"
"117.1430","0.2867","3.3602"
"117.1630","0.2868","3.3643"
"117.1830","0.2869","3.3684"
"117.2030","0.2870","3.3725"
"117.2230","0.2871","3.3767"
"117.2430","0.2873","3.3810"
"117.2630","0.2874","3.3852"
"117.2830","0.2875","3.3894"
"117.3030","0.2876","3.3938"
"117.3230","0.2878","3.3981"
"117.3430","0.2879","3.4023"
"117.3630","0.2880","3.4066"
"117.3830","0.2881","3.4108"
"117.4030","0.2883","3.4149"
"117.4230","0.2884","3.4190"
"117.4430","0.2885","3.4230"
"117.4630","0.2886","3.4271"
"117.4830","0.2887","3.4311"
"117.5030","0.2888","3.4350"
"117.5230","0.2890","3.4389"
"117.5430","0.2891","3.4429"
"117.5630","0.2892","3.4468"
"117.5830","0.2893","3.4507"
"117.6030","0.2894","3.4545"
"117.6230","0.2895","3.4584"
"117.6430","0.2896","3.4622"
"117.6630","0.2898","3.4661"
"117.6830","0.2899","3.4701"
"117.7030","0.2900","3.4739"
"117.7230","0.2901","3.4779"
"117.7430","0.2902","3.4818"
"117.7630","0.2903","3.4858"
"117.7830","0.2904","3.4896"
"117.8030","0.2906","3.4935"
"117.8230","0.2907","3.4974"
"117.8430","0.2908","3.5014"
"117.8630","0.2909","3.5054"
"117.8830","0.2910","3.5093"
"117.9030","0.2911","3.5131"
"117.9230","0.2912","3.5170"
"117.9430","0.2914","3.5209"
"117.9630","0.2915","3.5249"
"117.9830","0.2916","3.5287"
"118.0030","0.2917","3.5327"
"118.0230","0.2918","3.5366"
"118.0430","0.2919","3.5406"
"118.0630","0.2920","3.5444"
"118.0830","0.2921","3.5484"
"118.1030","0.2923","3.5523"
"118.1230","0.2924","3.5561"
"118.1430","0.2925","3.5598"
"118.1630","0.2926","3.5637"
"118.1830","0.2927","3.5675"
"118.2030","0.2928","3.5714"
"118.2230","0.2929","3.5753"
"118.2430","0.2930","3.5793"
"118.2630","0.2932","3.5832"
"118.2830","0.2933","3.5871"
"118.3030","0.2934","3.5911"
"118.3230","0.2935","3.5952"
"118.3430","0.2936","3.5993"
"118.3630","0.2937","3.6035"
"118.3830","0.2939","3.6077"
"118.4030","0.2940","3.6119"
"118.4230","0.2941","3.6162"
"118.4430","0.2942","3.6203"
"118.4630","0.2943","3.6247"
"118.4830","0.2945","3.6291"
"118.5030","0.2946","3.6334"
"118.5230","0.2947","3.6378"
"118.5430","0.2948","3.6421"
"118.5630","0.2949","3.6463"
"118.5830","0.2951","3.6507"
"118.6030","0.2952","3.6550"
"118.6230","0.2953","3.6592"
"118.6430","0.2954","3.6634"
"118.6630","0.2956","3.6676"
"118.6830","0.2957","3.6718"
"118.7030","0.2958","3.6758"
"118.7230","0.2959","3.6798"
"118.7430","0.2960","3.6838"
"118.7630","0.2961","3.6878"
"118.7830","0.2962","3.6916"
"118.8030","0.2964","3.6955"
"118.8230","0.2965","3.6994"
"118.8430","0.2966","3.7032"
"118.8630","0.2967","3.7070"
"118.8830","0.2968","3.7108"
"118.9030","0.2969","3.7147"
"118.9230","0.2970","3.7185"
"118.9430","0.2971","3.7224"
"118.9630","0.2972","3.7263"
"118.9830","0.2973","3.7302"
"119.0030","0.2975","3.7341"
"119.0230","0.2976","3.7381"
"119.0430","0.2977","3.7420"
"119.0630","0.2978","3.7460"
"119.0830","0.2979","3.7501"
"119.1030","0.2980","3.7541"
"119.1230","0.2981","3.7579"
"119.1430","0.2982","3.7619"
"119.1630","0.2984","3.7657"
"119.1830","0.2985","3.7697"
"119.2030","0.2986","3.7735"
"119.2230","0.2987","3.7773"
"119.2430","0.2988","3.7811"
"119.2630","0.2989","3.7850"
"119.2830","0.2990","3.7887"
"119.3030","0.2991","3.7926"
"119.3230","0.2992","3.7964"
"119.3430","0.2993","3.8002"
"119.3630","0.2994","3.8039"
"119.3830","0.2995","3.8077"
"119.4030","0.2997","3.8116"
"119.4230","0.2998","3.8154"
"119.4430","0.2999","3.8193"
"119.4630","0.3000","3.8232"
"119.4830","0.3001","3.8271"
"119.5030","0.3002","3.8309"
"119.5230","0.3003","3.8349"
"119.5430","0.3004","3.8389"
"119.5630","0.3005","3.8428"
"119.5830","0.3006","3.8467"
"119.6030","0.3008","3.8508"
"119.6230","0.3009","3.8548"
"119.6430","0.3010","3.8588"
"119.6630","0.3011","3.8628"
"119.6830","0.3012","3.8668"
"119.7030","0.3013","3.8708"
"119.7230","0.3014","3.8749"
"119.7430","0.3015","3.8789"
"119.7630","0.3016","3.8829"
"119.7830","0.3018","3.8870"
"119.8030","0.3019","3.8911"
"119.8230","0.3020","3.8951"
"119.8430","0.3021","3.8991"
"119.8630","0.3022","3.9031"
"119.8830","0.3023","3.9071"
"119.9030","0.3024","3.9110"
"119.9230","0.3025","3.9150"
"119.9430","0.3026","3.9189"
"119.9630","0.3028","3.9229"
"119.9830","0.3029","3.9269"
"120.0030","0.3030","3.9309"
"120.0230","0.3031","3.9348"
"120.0430","0.3032","3.9388"
"120.0630","0.3033","3.9429"
"120.0830","0.3034","3.9470"
"120.1030","0.3035","3.9510"
"120.1230","0.3036","3.9551"
"120.1430","0.3038","3.9591"
"120.1630","0.3039","3.9633"
"120.1830","0.3040","3.9675"
"120.2030","0.3041","3.9717"
"120.2230","0.3042","3.9759"
"120.2430","0.3043","3.9801"
"120.2630","0.3045","3.9843"
"120.2830","0.3046","3.9885"
"120.3030","0.3047","3.9926"
"120.3230","0.3048","3.9968"
"120.3430","0.3049","4.0010"
"120.3630","0.3050","4.0052"
"120.3830","0.3051","4.0094"
"120.4030","0.3053","4.0134"
"120.4230","0.3054","4.0175"
"120.4430","0.3055","4.0216"
"120.4630","0.3056","4.0256"
"120.4830","0.3057","4.0296"
"120.5030","0.3058","4.0336"
"120.5230","0.3059","4.0375"
"120.5430","0.3060","4.0414"
"120.5630","0.3061","4.0453"
"120.5830","0.3062","4.0491"
"120.6030","0.3063","4.0529"
"120.6230","0.3064","4.0567"
"120.6430","0.3066","4.0605"
"120.6630","0.3067","4.0643"
"120.6830","0.3068","4.0681"
"120.7030","0.3069","4.0719"
"120.7230","0.3070","4.0757"
"120.7430","0.3071","4.0797"
"120.7630","0.3072","4.0836"
"120.7830","0.3073","4.0874"
"120.8030","0.3074","4.0914"
"120.8230","0.3075","4.0954"
"120.8430","0.3076","4.0993"
"120.8630","0.3077","4.1034"
"120.8830","0.3078","4.1075"
"120.9030","0.3079","4.1115"
"120.9230","0.3081","4.1156"
"120.9430","0.3082","4.1196"
"120.9630","0.3083","4.1236"
"120.9830","0.3084","4.1276"
"121.0030","0.3085","4.1317"
"121.0230","0.3086","4.1356"
"121.0430","0.3087","4.1396"
"121.0630","0.3088","4.1435"
"121.0830","0.3089","4.1475"
"121.1030","0.3090","4.1515"
"121.1230","0.3091","4.1554"
"121.1430","0.3093","4.1594"
"121.1630","0.3094","4.1634"
"121.1830","0.3095","4.1673"
"121.2030","0.3096","4.1713"
"121.2230","0.3097","4.1752"
"121.2430","0.3098","4.1792"
"121.2630","0.3099","4.1832"
"121.2830","0.3100","4.1874"
"121.3030","0.3101","4.1914"
"121.3230","0.3102","4.1955"
"121.3430","0.3103","4.1995"
"121.3630","0.3105","4.2037"
"121.3830","0.3106","4.2078"
"121.4030","0.3107","4.2120"
"121.4230","0.3108","4.2161"
"121.4430","0.3109","4.2202"
"121.4630","0.3110","4.2244"
"121.4830","0.3111","4.2284"
"121.5030","0.3112","4.2325"
"121.5230","0.3113","4.2366"
"121.5430","0.3115","4.2407"
"121.5630","0.3116","4.2448"
"121.5830","0.3117","4.2488"
"121.6030","0.3118","4.2529"
"121.6230","0.3119","4.2570"
"121.6430","0.3120","4.2610"
"121.6630","0.3121","4.2650"
"121.6830","0.3122","4.2690"
"121.7030","0.3123","4.2729"
"121.7230","0.3124","4.2768"
"121.7430","0.3125","4.2808"
"121.7630","0.3126","4.2847"
"121.7830","0.3127","4.2886"
"121.8030","0.3128","4.2925"
"121.8230","0.3130","4.2963"
"121.8430","0.3131","4.3002"
"121.8630","0.3132","4.3041"
"121.8830","0.3133","4.3079"
"121.9030","0.3134","4.3119"
"121.9230","0.3135","4.3158"
"121.9430","0.3136","4.3198"
"121.9630","0.3137","4.3238"
"121.9830","0.3138","4.3278"
"122.0030","0.3139","4.3318"
"122.0230","0.3140","4.3358"
"122.0430","0.3141","4.3399"
"122.0630","0.3142","4.3440"
"122.0830","0.3143","4.3481"
"122.1030","0.3145","4.3522"
"122.1230","0.3146","4.3563"
"122.1430","0.3147","4.3604"
"122.1630","0.3148","4.3644"
"122.1830","0.3149","4.3686"
"122.2030","0.3150","4.3727"
"122.2230","0.3151","4.3767"
"122.2430","0.3152","4.3808"
"122.2630","0.3153","4.3849"
"122.2830","0.3154","4.3889"
"122.3030","0.3155","4.3929"
"122.3230","0.3156","4.3969"
"122.3430","0.3157","4.4009"
"122.3630","0.3159","4.4048"
"122.3830","0.3160","4.4086"
"122.4030","0.3161","4.4125"
"122.4230","0.3162","4.4163"
"122.4430","0.3163","4.4201"
"122.4630","0.3164","4.4239"
"122.4830","0.3165","4.4277"
"122.5030","0.3166","4.4315"
"122.5230","0.3167","4.4353"
"122.5430","0.3168","4.4391"
"122.5630","0.3169","4.4429"
"122.5830","0.3170","4.4467"
"122.6030","0.3171","4.4506"
"122.6230","0.3172","4.4546"
"122.6430","0.3173","4.4585"
"122.6630","0.3174","4.4626"
"122.6830","0.3175","4.4667"
"122.7030","0.3176","4.4707"
"122.7230","0.3177","4.4750"
"122.7430","0.3178","4.4792"
"122.7630","0.3179","4.4833"
"122.7830","0.3180","4.4875"
"122.8030","0.3181","4.4917"
"122.8230","0.3183","4.4960"
"122.8430","0.3184","4.5001"
"122.8630","0.3185","4.5044"
"122.8830","0.3186","4.5085"
"122.9030","0.3187","4.5127"
"122.9230","0.3188","4.5168"
"122.9430","0.3189","4.5210"
"122.9630","0.3190","4.5251"
"122.9830","0.3191","4.5292"
"123.0030","0.3192","4.5333"
"123.0230","0.3193","4.5374"
"123.0430","0.3194","4.5416"
"123.0630","0.3196","4.5457"
"123.0830","0.3197","4.5498"
"123.1030","0.3198","4.5539"
"123.1230","0.3199","4.5581"
"123.1430","0.3200","4.5623"
"123.1630","0.3201","4.5664"
"123.1830","0.3202","4.5704"
"123.2030","0.3203","4.5745"
"123.2230","0.3204","4.5787"
"123.2430","0.3205","4.5829"
"123.2630","0.3206","4.5870"
"123.2830","0.3207","4.5911"
"123.3030","0.3208","4.5952"
"123.3230","0.3210","4.5993"
"123.3430","0.3211","4.6034"
"123.3630","0.3212","4.6075"
"123.3830","0.3213","4.6116"
"123.4030","0.3214","4.6156"
"123.4230","0.3215","4.6197"
"123.4430","0.3216","4.6238"
"123.4630","0.3217","4.6278"
"123.4830","0.3218","4.6318"
"123.5030","0.3219","4.6358"
"123.5230","0.3220","4.6398"
"123.5430","0.3221","4.6438"
"123.5630","0.3222","4.6477"
"123.5830","0.3223","4.6515"
"123.6030","0.3224","4.6555"
"123.6230","0.3225","4.6594"
"123.6430","0.3226","4.6632"
"123.6630","0.3227","4.6671"
"123.6830","0.3228","4.6710"
"123.7030","0.3229","4.6748"
"123.7230","0.3230","4.6786"
"123.7430","0.3231","4.6824"
"123.7630","0.3232","4.6862"
"123.7830","0.3233","4.6901"
"123.8030","0.3234","4.6940"
"123.8230","0.3235","4.6978"
"123.8430","0.3236","4.7017"
"123.8630","0.3237","4.7057"
"123.8830","0.3238","4.7097"
"123.9030","0.3239","4.7136"
"123.9230","0.3240","4.7176"
"123.9430","0.3241","4.7216"
"123.9630","0.3242","4.7256"
"123.9830","0.3243","4.7297"
"124.0030","0.3244","4.7337"
"124.0230","0.3245","4.7378"
"124.0430","0.3246","4.7419"
"124.0630","0.3248","4.7459"
"124.0830","0.3249","4.7500"
"124.1030","0.3250","4.7542"
"124.1230","0.3251","4.7582"
"124.1430","0.3252","4.7622"
"124.1630","0.3253","4.7663"
"124.1830","0.3254","4.7704"
"124.2030","0.3255","4.7744"
"124.2230","0.3256","4.7784"
"124.2430","0.3257","4.7824"
"124.2630","0.3258","4.7864"
"124.2830","0.3259","4.7904"
"124.3030","0.3260","4.7942"
"124.3230","0.3261","4.7982"
"124.3430","0.3262","4.8021"
"124.3630","0.3263","4.8060"
"124.3830","0.3264","4.8099"
"124.4030","0.3265","4.8137"
"124.4230","0.3266","4.8176"
"124.4430","0.3267","4.8215"
"124.4630","0.3268","4.8254"
"124.4830","0.3269","4.8293"
"124.5030","0.3270","4.8332"
"124.5230","0.3271","4.8372"
"124.5430","0.3272","4.8411"
"124.5630","0.3273","4.8452"
"124.5830","0.3274","4.8492"
"124.6030","0.3275","4.8533"
"124.6230","0.3276","4.8574"
"124.6430","0.3277","4.8615"
"124.6630","0.3278","4.8656"
"124.6830","0.3279","4.8698"
"124.7030","0.3280","4.8741"
"124.7230","0.3281","4.8783"
"124.7430","0.3282","4.8824"
"124.7630","0.3283","4.8866"
"124.7830","0.3284","4.8908"
"124.8030","0.3285","4.8948"
"124.8230","0.3287","4.8989"
"124.8430","0.3288","4.9029"
"124.8630","0.3289","4.9070"
"124.8830","0.3290","4.9111"
"124.9030","0.3291","4.9150"
"124.9230","0.3292","4.9190"
"124.9430","0.3293","4.9229"
"124.9630","0.3294","4.9269"
"124.9830","0.3295","4.9308"
"125.0030","0.3296","4.9349"
"125.0230","0.3297","4.9388"
"125.0430","0.3298","4.9428"
"125.0630","0.3299","4.9467"
"125.0830","0.3300","4.9507"
"125.1030","0.3301","4.9547"
"125.1230","0.3302","4.9587"
"125.1430","0.3303","4.9627"
"125.1630","0.3304","4.9667"
"125.1830","0.3305","4.9707"
"125.2030","0.3306","4.9747"
"125.2230","0.3307","4.9786"
"125.2430","0.3308","4.9826"
"125.2630","0.3309","4.9866"
"125.2830","0.3310","4.9906"
"125.3030","0.3311","4.9945"
"125.3230","0.3312","4.9984"
"125.3430","0.3313","5.0024"
"125.3630","0.3314","5.0063"
"125.3830","0.3315","5.0103"
"125.4030","0.3316","5.0142"
"125.4230","0.3317","5.0182"
"125.4430","0.3318","5.0221"
"125.4630","0.3319","5.0260"
"125.4830","0.3320","5.0300"
"125.5030","0.3321","5.0338"
"125.5230","0.3322","5.0377"
"125.5430","0.3323","5.0415"
"125.5630","0.3324","5.0454"
"125.5830","0.3324","5.0492"
"125.6030","0.3325","5.0530"
"125.6230","0.3326","5.0568"
"125.6430","0.3327","5.0606"
"125.6630","0.3328","5.0644"
"125.6830","0.3329","5.0682"
"125.7030","0.3330","5.0721"
"125.7230","0.3331","5.0759"
"125.7430","0.3332","5.0797"
"125.7630","0.3333","5.0835"
"125.7830","0.3334","5.0874"
"125.8030","0.3335","5.0913"
"125.8230","0.3336","5.0953"
"125.8430","0.3337","5.0992"
"125.8630","0.3338","5.1031"
"125.8830","0.3339","5.1072"
"125.9030","0.3340","5.1112"
"125.9230","0.3341","5.1152"
"125.9430","0.3342","5.1193"
"125.9630","0.3343","5.1233"
"125.9830","0.3344","5.1274"
"126.0030","0.3345","5.1316"
"126.0230","0.3346","5.1358"
"126.0430","0.3347","5.1399"
"126.0630","0.3348","5.1440"
"126.0830","0.3349","5.1482"
"126.1030","0.3350","5.1524"
"126.1230","0.3351","5.1565"
"126.1430","0.3352","5.1606"
"126.1630","0.3353","5.1648"
"126.1830","0.3354","5.1688"
"126.2030","0.3355","5.1729"
"126.2230","0.3356","5.1770"
"126.2430","0.3357","5.1811"
"126.2630","0.3358","5.1851"
"126.2830","0.3359","5.1891"
"126.3030","0.3360","5.1930"
"126.3230","0.3361","5.1969"
"126.3430","0.3362","5.2009"
"126.3630","0.3363","5.2047"
"126.3830","0.3364","5.2086"
"126.4030","0.3365","5.2125"
"126.4230","0.3366","5.2163"
"126.4430","0.3367","5.2202"
"126.4630","0.3368","5.2241"
"126.4830","0.3369","5.2279"
"126.5030","0.3370","5.2319"
"126.5230","0.3371","5.2358"
"126.5430","0.3372","5.2398"
"126.5630","0.3373","5.2437"
"126.5830","0.3374","5.2478"
"126.6030","0.3375","5.2518"
"126.6230","0.3376","5.2559"
"126.6430","0.3377","5.2599"
"126.6630","0.3378","5.2641"
"126.6830","0.3379","5.2681"
"126.7030","0.3380","5.2723"
"126.7230","0.3381","5.2765"
"126.7430","0.3382","5.2806"
"126.7630","0.3383","5.2847"
"126.7830","0.3384","5.2889"
"126.8030","0.3385","5.2930"
"126.8230","0.3386","5.2971"
"126.8430","0.3387","5.3011"
"126.8630","0.3388","5.3052"
"126.8830","0.3389","5.3093"
"126.9030","0.3390","5.3133"
"126.9230","0.3391","5.3173"
"126.9430","0.3392","5.3213"
"126.9630","0.3393","5.3253"
"126.9830","0.3394","5.3292"
"127.0030","0.3395","5.3331"
"127.0230","0.3396","5.3371"
"127.0430","0.3397","5.3410"
"127.0630","0.3398","5.3450"
"127.0830","0.3399","5.3489"
"127.1030","0.3400","5.3528"
"127.1230","0.3401","5.3568"
"127.1430","0.3402","5.3607"
"127.1630","0.3403","5.3648"
"127.1830","0.3404","5.3687"
"127.2030","0.3405","5.3727"
"127.2230","0.3406","5.3767"
"127.2430","0.3406","5.3806"
"127.2630","0.3407","5.3847"
"127.2830","0.3408","5.3887"
"127.3030","0.3409","5.3927"
"127.3230","0.3410","5.3966"
"127.3430","0.3411","5.4005"
"127.3630","0.3412","5.4045"
"127.3830","0.3413","5.4085"
"127.4030","0.3414","5.4125"
"127.4230","0.3415","5.4165"
"127.4430","0.3416","5.4205"
"127.4630","0.3417","5.4244"
"127.4830","0.3418","5.4284"
"127.5030","0.3419","5.4323"
"127.5230","0.3420","5.4363"
"127.5430","0.3421","5.4402"
"127.5630","0.3422","5.4441"
"127.5830","0.3423","5.4479"
"127.6030","0.3424","5.4518"
"127.6230","0.3425","5.4557"
"127.6430","0.3426","5.4595"
"127.6630","0.3427","5.4633"
"127.6830","0.3428","5.4672"
"127.7030","0.3429","5.4710"
"127.7230","0.3430","5.4748"
"127.7430","0.3431","5.4786"
"127.7630","0.3432","5.4825"
"127.7830","0.3432","5.4863"
"127.8030","0.3433","5.4901"
"127.8230","0.3434","5.4940"
"127.8430","0.3435","5.4978"
"127.8630","0.3436","5.5017"
"127.8830","0.3437","5.5055"
"127.9030","0.3438","5.5095"
"127.9230","0.3439","5.5134"
"127.9430","0.3440","5.5173"
"127.9630","0.3441","5.5213"
"127.9830","0.3442","5.5254"
"128.0030","0.3443","5.5293"
"128.0230","0.3444","5.5333"
"128.0430","0.3445","5.5374"
"128.0630","0.3446","5.5414"
"128.0830","0.3447","5.5455"
"128.1030","0.3448","5.5495"
"128.1230","0.3449","5.5535"
"128.1430","0.3450","5.5576"
"128.1630","0.3451","5.5618"
"128.1830","0.3452","5.5658"
"128.2030","0.3453","5.5698"
"128.2230","0.3454","5.5739"
"128.2430","0.3455","5.5780"
"128.2630","0.3456","5.5821"
"128.2830","0.3457","5.5861"
"128.3030","0.3458","5.5901"
"128.3230","0.3459","5.5942"
"128.3430","0.3460","5.5982"
"128.3630","0.3461","5.6022"
"128.3830","0.3462","5.6062"
"128.4030","0.3463","5.6102"
"128.4230","0.3464","5.6141"
"128.4430","0.3465","5.6180"
"128.4630","0.3465","5.6219"
"128.4830","0.3466","5.6258"
"128.5030","0.3467","5.6297"
"128.5230","0.3468","5.6337"
"128.5430","0.3469","5.6376"
"128.5630","0.3470","5.6415"
"128.5830","0.3471","5.6455"
"128.6030","0.3472","5.6496"
"128.6230","0.3473","5.6536"
"128.6430","0.3474","5.6577"
"128.6630","0.3475","5.6618"
"128.6830","0.3476","5.6660"
"128.7030","0.3477","5.6702"
"128.7230","0.3478","5.6744"
"128.7430","0.3479","5.6786"
"128.7630","0.3480","5.6828"
"128.7830","0.3481","5.6870"
"128.8030","0.3482","5.6913"
"128.8230","0.3483","5.6955"
"128.8430","0.3484","5.6997"
"128.8630","0.3485","5.7039"
"128.8830","0.3486","5.7081"
"128.9030","0.3487","5.7122"
"128.9230","0.3488","5.7163"
"128.9430","0.3489","5.7204"
"128.9630","0.3490","5.7244"
"128.9830","0.3491","5.7285"
"129.0030","0.3492","5.7325"
"129.0230","0.3493","5.7365"
"129.0430","0.3494","5.7405"
"129.0630","0.3495","5.7446"
"129.0830","0.3496","5.7486"
"129.1030","0.3497","5.7526"
"129.1230","0.3498","5.7566"
"129.1430","0.3499","5.7606"
"129.1630","0.3500","5.7647"
"129.1830","0.3501","5.7686"
"129.2030","0.3502","5.7726"
"129.2230","0.3503","5.7767"
"129.2430","0.3504","5.7807"
"129.2630","0.3505","5.7847"
"129.2830","0.3506","5.7888"
"129.3030","0.3507","5.7929"
"129.3230","0.3508","5.7970"
"129.3430","0.3509","5.8009"
"129.3630","0.3510","5.8050"
"129.3830","0.3511","5.8092"
"129.4030","0.3512","5.8131"
"129.4230","0.3513","5.8171"
"129.4430","0.3514","5.8211"
"129.4630","0.3515","5.8251"
"129.4830","0.3516","5.8292"
"129.5030","0.3517","5.8333"
"129.5230","0.3518","5.8374"
"129.5430","0.3519","5.8414"
"129.5630","0.3520","5.8454"
"129.5830","0.3521","5.8493"
"129.6030","0.3522","5.8532"
"129.6230","0.3523","5.8571"
"129.6430","0.3524","5.8610"
"129.6630","0.3524","5.8648"
"129.6830","0.3525","5.8687"
"129.7030","0.3526","5.8725"
"129.7230","0.3527","5.8763"
"129.7430","0.3528","5.8801"
"129.7630","0.3529","5.8839"
"129.7830","0.3530","5.8878"
"129.8030","0.3531","5.8915"
"129.8230","0.3532","5.8953"
"129.8430","0.3533","5.8991"
"129.8630","0.3534","5.9028"
"129.8830","0.3535","5.9066"
"129.9030","0.3536","5.9104"
"129.9230","0.3537","5.9144"
"129.9430","0.3538","5.9182"
"129.9630","0.3539","5.9221"
"129.9830","0.3539","5.9261"
"130.0030","0.3540","5.9301"
"130.0230","0.3541","5.9341"
"130.0430","0.3542","5.9382"
"130.0630","0.3543","5.9423"
"130.0830","0.3544","5.9464"
"130.1030","0.3545","5.9504"
"130.1230","0.3546","5.9546"
"130.1430","0.3547","5.9588"
"130.1630","0.3548","5.9630"
"130.1830","0.3549","5.9672"
"130.2030","0.3550","5.9714"
"130.2230","0.3551","5.9756"
"130.2430","0.3552","5.9798"
"130.2630","0.3554","5.9839"
"130.2830","0.3555","5.9881"
"130.3030","0.3556","5.9922"
"130.3230","0.3557","5.9964"
"130.3410","0.3557","6.0001"
"130.3420","0.3558","6.0003"
"130.3430","0.3558","6.0005"
"130.3630","0.3558","6.0043"
"130.3830","0.3559","6.0057"
"130.4030","0.3559","6.0046"
"130.4230","0.3559","6.0026"
"130.4430","0.3558","6.0005"
"130.4630","0.3558","5.9985"
"130.4830","0.3558","5.9964"
"130.5030","0.3557","5.9943"
"130.5230","0.3557","5.9920"
"130.5430","0.3557","5.9896"
"130.5630","0.3556","5.9871"
"130.5830","0.3556","5.9844"
"130.6030","0.3555","5.9817"
"130.6230","0.3555","5.9790"
"130.6430","0.3554","5.9761"
"130.6630","0.3554","5.9731"
"130.6830","0.3553","5.9701"
"130.7030","0.3553","5.9670"
"130.7230","0.3552","5.9639"
"130.7430","0.3552","5.9607"
"130.7630","0.3551","5.9574"
"130.7830","0.3551","5.9541"
"130.8030","0.3550","5.9508"
"130.8230","0.3549","5.9474"
"130.8430","0.3549","5.9439"
"130.8630","0.3548","5.9404"
"130.8830","0.3547","5.9369"
"130.9030","0.3547","5.9333"
"130.9230","0.3546","5.9297"
"130.9430","0.3546","5.9261"
"130.9630","0.3545","5.9225"
"130.9830","0.3544","5.9189"
"131.0030","0.3544","5.9153"
"131.0230","0.3543","5.9115"
"131.0430","0.3542","5.9078"
"131.0630","0.3542","5.9041"
"131.0830","0.3541","5.9002"
"131.1030","0.3540","5.8965"
"131.1230","0.3540","5.8927"
"131.1430","0.3539","5.8889"
"131.1630","0.3538","5.8850"
"131.1830","0.3538","5.8812"
"131.2030","0.3537","5.8774"
"131.2230","0.3536","5.8735"
"131.2430","0.3536","5.8696"
"131.2630","0.3535","5.8657"
"131.2830","0.3534","5.8618"
"131.3030","0.3533","5.8578"
"131.3230","0.3533","5.8539"
"131.3430","0.3532","5.8499"
"131.3630","0.3531","5.8459"
"131.3830","0.3531","5.8420"
"131.4030","0.3530","5.8380"
"131.4230","0.3529","5.8339"
"131.4430","0.3528","5.8299"
"131.4630","0.3528","5.8259"
"131.4830","0.3527","5.8218"
"131.5030","0.3526","5.8178"
"131.5230","0.3526","5.8136"
"131.5430","0.3525","5.8095"
"131.5630","0.3524","5.8054"
"131.5830","0.3523","5.8012"
"131.6030","0.3523","5.7972"
"131.6230","0.3522","5.7930"
"131.6430","0.3521","5.7888"
"131.6630","0.3520","5.7847"
"131.6830","0.3520","5.7806"
"131.7030","0.3519","5.7764"
"131.7230","0.3518","5.7721"
"131.7430","0.3517","5.7680"
"131.7630","0.3517","5.7636"
"131.7830","0.3516","5.7593"
"131.8030","0.3515","5.7549"
"131.8230","0.3514","5.7506"
"131.8430","0.3513","5.7462"
"131.8630","0.3513","5.7418"
"131.8830","0.3512","5.7375"
"131.9030","0.3511","5.7332"
"131.9230","0.3510","5.7288"
"131.9430","0.3509","5.7244"
"131.9630","0.3509","5.7200"
"131.9830","0.3508","5.7156"
"132.0030","0.3507","5.7112"
"132.0230","0.3506","5.7068"
"132.0430","0.3505","5.7024"
"132.0630","0.3505","5.6980"
"132.0830","0.3504","5.6937"
"132.1030","0.3503","5.6893"
"132.1230","0.3502","5.6849"
"132.1430","0.3501","5.6805"
"132.1630","0.3501","5.6761"
"132.1830","0.3500","5.6717"
"132.2030","0.3499","5.6673"
"132.2230","0.3498","5.6629"
"132.2430","0.3497","5.6586"
"132.2630","0.3497","5.6543"
"132.2830","0.3496","5.6499"
"132.3030","0.3495","5.6455"
"132.3230","0.3494","5.6413"
"132.3430","0.3493","5.6369"
"132.3630","0.3493","5.6327"
"132.3830","0.3492","5.6284"
"132.4030","0.3491","5.6241"
"132.4230","0.3490","5.6199"
"132.4430","0.3489","5.6155"
"132.4630","0.3489","5.6112"
"132.4830","0.3488","5.6070"
"132.5030","0.3487","5.6028"
"132.5230","0.3486","5.5985"
"132.5430","0.3486","5.5941"
"132.5630","0.3485","5.5898"
"132.5830","0.3484","5.5856"
"132.6030","0.3483","5.5812"
"132.6230","0.3482","5.5769"
"132.6430","0.3482","5.5725"
"132.6630","0.3481","5.5682"
"132.6830","0.3480","5.5638"
"132.7030","0.3479","5.5595"
"132.7230","0.3478","5.5551"
"132.7430","0.3477","5.5508"
"132.7630","0.3477","5.5463"
"132.7830","0.3476","5.5420"
"132.8030","0.3475","5.5377"
"132.8230","0.3474","5.5335"
"132.8430","0.3473","5.5292"
"132.8630","0.3473","5.5249"
"132.8830","0.3472","5.5206"
"132.9030","0.3471","5.5164"
"132.9230","0.3470","5.5122"
"132.9430","0.3470","5.5080"
"132.9630","0.3469","5.5038"
"132.9830","0.3468","5.4997"
"133.0030","0.3467","5.4955"
"133.0230","0.3466","5.4913"
"133.0430","0.3466","5.4872"
"133.0630","0.3465","5.4830"
"133.0830","0.3464","5.4788"
"133.1030","0.3463","5.4747"
"133.1230","0.3462","5.4705"
"133.1430","0.3462","5.4664"
"133.1630","0.3461","5.4624"
"133.1830","0.3460","5.4582"
"133.2030","0.3459","5.4540"
"133.2230","0.3458","5.4498"
"133.2430","0.3458","5.4458"
"133.2630","0.3457","5.4416"
"133.2830","0.3456","5.4375"
"133.3030","0.3455","5.4334"
"133.3230","0.3455","5.4292"
"133.3430","0.3454","5.4251"
"133.3630","0.3453","5.4210"
"133.3830","0.3452","5.4169"
"133.4030","0.3451","5.4127"
"133.4230","0.3451","5.4086"
"133.4430","0.3450","5.4045"
"133.4630","0.3449","5.4005"
"133.4830","0.3448","5.3963"
"133.5030","0.3448","5.3922"
"133.5230","0.3447","5.3881"
"133.5430","0.3446","5.3840"
"133.5630","0.3445","5.3798"
"133.5830","0.3444","5.3757"
"133.6030","0.3444","5.3715"
"133.6230","0.3443","5.3675"
"133.6430","0.3442","5.3633"
"133.6630","0.3441","5.3591"
"133.6830","0.3440","5.3551"
"133.7030","0.3440","5.3509"
"133.7230","0.3439","5.3469"
"133.7430","0.3438","5.3427"
"133.7630","0.3437","5.3387"
"133.7830","0.3436","5.3345"
"133.8030","0.3436","5.3305"
"133.8230","0.3435","5.3264"
"133.8430","0.3434","5.3223"
"133.8630","0.3433","5.3183"
"133.8830","0.3433","5.3143"
"133.9030","0.3432","5.3102"
"133.9230","0.3431","5.3063"
"133.9430","0.3430","5.3022"
"133.9630","0.3430","5.2982"
"133.9830","0.3429","5.2942"
"134.0030","0.3428","5.2902"
"134.0230","0.3427","5.2862"
"134.0430","0.3426","5.2821"
"134.0630","0.3426","5.2782"
"134.0830","0.3425","5.2742"
"134.1030","0.3424","5.2702"
"134.1230","0.3423","5.2661"
"134.1430","0.3422","5.2621"
"134.1630","0.3422","5.2581"
"134.1830","0.3421","5.2540"
"134.2030","0.3420","5.2499"
"134.2230","0.3419","5.2458"
"134.2430","0.3418","5.2418"
"134.2630","0.3418","5.2377"
"134.2830","0.3417","5.2336"
"134.3030","0.3416","5.2296"
"134.3230","0.3415","5.2254"
"134.3430","0.3414","5.2213"
"134.3630","0.3414","5.2172"
"134.3830","0.3413","5.2131"
"134.4030","0.3412","5.2090"
"134.4230","0.3411","5.2049"
"134.4430","0.3410","5.2008"
"134.4630","0.3410","5.1966"
"134.4830","0.3409","5.1924"
"134.5030","0.3408","5.1883"
"134.5230","0.3407","5.1842"
"134.5430","0.3406","5.1800"
"134.5630","0.3405","5.1758"
"134.5830","0.3405","5.1717"
"134.6030","0.3404","5.1676"
"134.6230","0.3403","5.1633"
"134.6430","0.3402","5.1593"
"134.6630","0.3401","5.1551"
"134.6830","0.3401","5.1510"
"134.7030","0.3400","5.1468"
"134.7230","0.3399","5.1427"
"134.7430","0.3398","5.1385"
"134.7630","0.3397","5.1345"
"134.7830","0.3396","5.1304"
"134.8030","0.3396","5.1263"
"134.8230","0.3395","5.1223"
"134.8430","0.3394","5.1182"
"134.8630","0.3393","5.1142"
"134.8830","0.3392","5.1101"
"134.9030","0.3392","5.1061"
"134.9230","0.3391","5.1022"
"134.9430","0.3390","5.0981"
"134.9630","0.3389","5.0940"
"134.9830","0.3388","5.0900"
"135.0030","0.3388","5.0860"
"135.0230","0.3387","5.0820"
"135.0430","0.3386","5.0779"
"135.0630","0.3385","5.0739"
"135.0830","0.3384","5.0698"
"135.1030","0.3383","5.0656"
"135.1230","0.3383","5.0615"
"135.1430","0.3382","5.0576"
"135.1630","0.3381","5.0534"
"135.1830","0.3380","5.0492"
"135.2030","0.3379","5.0450"
"135.2230","0.3379","5.0410"
"135.2430","0.3378","5.0368"
"135.2630","0.3377","5.0327"
"135.2830","0.3376","5.0285"
"135.3030","0.3375","5.0244"
"135.3230","0.3374","5.0203"
"135.3430","0.3373","5.0162"
"135.3630","0.3373","5.0121"
"135.3830","0.3372","5.0080"
"135.4030","0.3371","5.0040"
"135.4230","0.3370","4.9999"
"135.4430","0.3369","4.9960"
"135.4630","0.3369","4.9919"
"135.4830","0.3368","4.9878"
"135.5030","0.3367","4.9839"
"135.5230","0.3366","4.9799"
"135.5430","0.3365","4.9760"
"135.5630","0.3365","4.9719"
"135.5830","0.3364","4.9680"
"135.6030","0.3363","4.9640"
"135.6230","0.3362","4.9599"
"135.6430","0.3361","4.9560"
"135.6630","0.3360","4.9520"
"135.6830","0.3360","4.9479"
"135.7030","0.3359","4.9439"
"135.7230","0.3358","4.9399"
"135.7430","0.3357","4.9359"
"135.7630","0.3356","4.9318"
"135.7830","0.3355","4.9277"
"135.8030","0.3355","4.9236"
"135.8230","0.3354","4.9195"
"135.8430","0.3353","4.9155"
"135.8630","0.3352","4.9114"
"135.8830","0.3351","4.9073"
"135.9030","0.3350","4.9033"
"135.9230","0.3350","4.8991"
"135.9430","0.3349","4.8950"
"135.9630","0.3348","4.8909"
"135.9830","0.3347","4.8867"
"136.0030","0.3346","4.8826"
"136.0230","0.3345","4.8785"
"136.0430","0.3344","4.8744"
"136.0630","0.3344","4.8703"
"136.0830","0.3343","4.8662"
"136.1030","0.3342","4.8622"
"136.1230","0.3341","4.8581"
"136.1430","0.3340","4.8541"
"136.1630","0.3339","4.8502"
"136.1830","0.3339","4.8460"
"136.2030","0.3338","4.8420"
"136.2230","0.3337","4.8380"
"136.2430","0.3336","4.8340"
"136.2630","0.3335","4.8300"
"136.2830","0.3334","4.8261"
"136.3030","0.3334","4.8221"
"136.3230","0.3333","4.8182"
"136.3430","0.3332","4.8142"
"136.3630","0.3331","4.8103"
"136.3830","0.3330","4.8064"
"136.4030","0.3330","4.8025"
"136.4230","0.3329","4.7987"
"136.4430","0.3328","4.7947"
"136.4630","0.3327","4.7909"
"136.4830","0.3326","4.7870"
"136.5030","0.3325","4.7830"
"136.5230","0.3325","4.7792"
"136.5430","0.3324","4.7752"
"136.5630","0.3323","4.7713"
"136.5830","0.3322","4.7674"
"136.6030","0.3321","4.7634"
"136.6230","0.3320","4.7595"
"136.6430","0.3320","4.7556"
"136.6630","0.3319","4.7516"
"136.6830","0.3318","4.7476"
"136.7030","0.3317","4.7437"
"136.7230","0.3316","4.7396"
"136.7430","0.3315","4.7356"
"136.7630","0.3315","4.7316"
"136.7830","0.3314","4.7276"
"136.8030","0.3313","4.7235"
"136.8230","0.3312","4.7194"
"136.8430","0.3311","4.7155"
"136.8630","0.3310","4.7114"
"136.8830","0.3309","4.7073"
"136.9030","0.3309","4.7032"
"136.9230","0.3308","4.6992"
"136.9430","0.3307","4.6951"
"136.9630","0.3306","4.6909"
"136.9830","0.3305","4.6868"
"137.0030","0.3304","4.6827"
"137.0230","0.3303","4.6786"
"137.0430","0.3302","4.6745"
"137.0630","0.3302","4.6705"
"137.0830","0.3301","4.6663"
"137.1030","0.3300","4.6622"
"137.1230","0.3299","4.6581"
"137.1430","0.3298","4.6540"
"137.1630","0.3297","4.6500"
"137.1830","0.3296","4.6459"
"137.2030","0.3295","4.6418"
"137.2230","0.3295","4.6378"
"137.2430","0.3294","4.6338"
"137.2630","0.3293","4.6297"
"137.2830","0.3292","4.6258"
"137.3030","0.3291","4.6218"
"137.3230","0.3290","4.6178"
"137.3430","0.3289","4.6138"
"137.3630","0.3289","4.6098"
"137.3830","0.3288","4.6058"
"137.4030","0.3287","4.6018"
"137.4230","0.3286","4.5978"
"137.4430","0.3285","4.5938"
"137.4630","0.3284","4.5898"
"137.4830","0.3283","4.5857"
"137.5030","0.3282","4.5817"
"137.5230","0.3282","4.5777"
"137.5430","0.3281","4.5735"
"137.5630","0.3280","4.5694"
"137.5830","0.3279","4.5654"
"137.6030","0.3278","4.5613"
"137.6230","0.3277","4.5571"
"137.6430","0.3276","4.5530"
"137.6630","0.3275","4.5489"
"137.6830","0.3274","4.5449"
"137.7030","0.3273","4.5407"
"137.7230","0.3273","4.5367"
"137.7430","0.3272","4.5327"
"137.7630","0.3271","4.5287"
"137.7830","0.3270","4.5246"
"137.8030","0.3269","4.5206"
"137.8230","0.3268","4.5167"
"137.8430","0.3267","4.5127"
"137.8630","0.3266","4.5087"
"137.8830","0.3266","4.5047"
"137.9030","0.3265","4.5008"
"137.9230","0.3264","4.4968"
"137.9430","0.3263","4.4929"
"137.9630","0.3262","4.4889"
"137.9830","0.3261","4.4850"
"138.0030","0.3260","4.4810"
"138.0230","0.3259","4.4771"
"138.0430","0.3259","4.4731"
"138.0630","0.3258","4.4691"
"138.0830","0.3257","4.4651"
"138.1030","0.3256","4.4613"
"138.1230","0.3255","4.4573"
"138.1430","0.3254","4.4533"
"138.1630","0.3253","4.4493"
"138.1830","0.3252","4.4454"
"138.2030","0.3252","4.4414"
"138.2230","0.3251","4.4374"
"138.2430","0.3250","4.4335"
"138.2630","0.3249","4.4295"
"138.2830","0.3248","4.4255"
"138.3030","0.3247","4.4214"
"138.3230","0.3246","4.4175"
"138.3430","0.3245","4.4136"
"138.3630","0.3244","4.4095"
"138.3830","0.3244","4.4056"
"138.4030","0.3243","4.4015"
"138.4230","0.3242","4.3975"
"138.4430","0.3241","4.3935"
"138.4630","0.3240","4.3895"
"138.4830","0.3239","4.3854"
"138.5030","0.3238","4.3814"
"138.5230","0.3237","4.3774"
"138.5430","0.3236","4.3735"
"138.5630","0.3235","4.3695"
"138.5830","0.3235","4.3656"
"138.6030","0.3234","4.3615"
"138.6230","0.3233","4.3576"
"138.6430","0.3232","4.3536"
"138.6630","0.3231","4.3497"
"138.6830","0.3230","4.3458"
"138.7030","0.3229","4.3418"
"138.7230","0.3228","4.3379"
"138.7430","0.3227","4.3340"
"138.7630","0.3227","4.3301"
"138.7830","0.3226","4.3262"
"138.8030","0.3225","4.3223"
"138.8230","0.3224","4.3183"
"138.8430","0.3223","4.3143"
"138.8630","0.3222","4.3105"
"138.8830","0.3221","4.3066"
"138.9030","0.3220","4.3025"
"138.9230","0.3219","4.2985"
"138.9430","0.3218","4.2945"
"138.9630","0.3218","4.2905"
"138.9830","0.3217","4.2865"
"139.0030","0.3216","4.2825"
"139.0230","0.3215","4.2783"
"139.0430","0.3214","4.2742"
"139.0630","0.3213","4.2702"
"139.0830","0.3212","4.2662"
"139.1030","0.3211","4.2621"
"139.1230","0.3210","4.2580"
"139.1430","0.3209","4.2539"
"139.1630","0.3208","4.2497"
"139.1830","0.3207","4.2456"
"139.2030","0.3206","4.2414"
"139.2230","0.3205","4.2373"
"139.2430","0.3205","4.2332"
"139.2630","0.3204","4.2291"
"139.2830","0.3203","4.2250"
"139.3030","0.3202","4.2208"
"139.3230","0.3201","4.2167"
"139.3430","0.3200","4.2125"
"139.3630","0.3199","4.2085"
"139.3830","0.3198","4.2043"
"139.4030","0.3197","4.2002"
"139.4230","0.3196","4.1962"
"139.4430","0.3195","4.1920"
"139.4630","0.3194","4.1880"
"139.4830","0.3193","4.1840"
"139.5030","0.3192","4.1801"
"139.5230","0.3191","4.1762"
"139.5430","0.3190","4.1722"
"139.5630","0.3190","4.1683"
"139.5830","0.3189","4.1643"
"139.6030","0.3188","4.1604"
"139.6230","0.3187","4.1564"
"139.6430","0.3186","4.1525"
"139.6630","0.3185","4.1485"
"139.6830","0.3184","4.1448"
"139.7030","0.3183","4.1407"
"139.7230","0.3182","4.1368"
"139.7430","0.3181","4.1327"
"139.7630","0.3180","4.1288"
"139.7830","0.3179","4.1248"
"139.8030","0.3178","4.1208"
"139.8230","0.3177","4.1167"
"139.8430","0.3177","4.1127"
"139.8630","0.3176","4.1088"
"139.8830","0.3175","4.1048"
"139.9030","0.3174","4.1008"
"139.9230","0.3173","4.0969"
"139.9430","0.3172","4.0930"
"139.9630","0.3171","4.0890"
"139.9830","0.3170","4.0852"
"140.0030","0.3169","4.0813"
"140.0230","0.3168","4.0773"
"140.0430","0.3167","4.0735"
"140.0630","0.3166","4.0698"
"140.0830","0.3165","4.0659"
"140.1030","0.3165","4.0620"
"140.1230","0.3164","4.0582"
"140.1430","0.3163","4.0544"
"140.1630","0.3162","4.0505"
"140.1830","0.3161","4.0468"
"140.2030","0.3160","4.0430"
"140.2230","0.3159","4.0392"
"140.2430","0.3158","4.0353"
"140.2630","0.3157","4.0315"
"140.2830","0.3156","4.0276"
"140.3030","0.3155","4.0237"
"140.3230","0.3155","4.0197"
"140.3430","0.3154","4.0158"
"140.3630","0.3153","4.0118"
"140.3830","0.3152","4.0079"
"140.4030","0.3151","4.0039"
"140.4230","0.3150","4.0000"
"140.4430","0.3149","3.9959"
"140.4630","0.3148","3.9920"
"140.4830","0.3147","3.9880"
"140.5030","0.3146","3.9840"
"140.5230","0.3145","3.9799"
"140.5430","0.3144","3.9759"
"140.5630","0.3143","3.9719"
"140.5830","0.3142","3.9679"
"140.6030","0.3141","3.9639"
"140.6230","0.3140","3.9598"
"140.6430","0.3139","3.9558"
"140.6630","0.3138","3.9517"
"140.6830","0.3137","3.9477"
"140.7030","0.3136","3.9436"
"140.7230","0.3135","3.9397"
"140.7430","0.3134","3.9357"
"140.7630","0.3133","3.9317"
"140.7830","0.3132","3.9277"
"140.8030","0.3131","3.9239"
"140.8230","0.3130","3.9199"
"140.8430","0.3130","3.9159"
"140.8630","0.3129","3.9120"
"140.8830","0.3128","3.9081"
"140.9030","0.3127","3.9041"
"140.9230","0.3126","3.9003"
"140.9430","0.3125","3.8963"
"140.9630","0.3124","3.8924"
"140.9830","0.3123","3.8884"
"141.0030","0.3122","3.8845"
"141.0230","0.3121","3.8804"
"141.0430","0.3120","3.8764"
"141.0630","0.3119","3.8725"
"141.0830","0.3118","3.8684"
"141.1030","0.3117","3.8644"
"141.1230","0.3116","3.8603"
"141.1430","0.3115","3.8562"
"141.1630","0.3114","3.8522"
"141.1830","0.3113","3.8481"
"141.2030","0.3112","3.8440"
"141.2230","0.3111","3.8399"
"141.2430","0.3110","3.8358"
"141.2630","0.3109","3.8318"
"141.2830","0.3108","3.8276"
"141.3030","0.3107","3.8234"
"141.3230","0.3106","3.8193"
"141.3430","0.3105","3.8152"
"141.3630","0.3104","3.8112"
"141.3830","0.3103","3.8071"
"141.4030","0.3102","3.8030"
"141.4230","0.3101","3.7989"
"141.4430","0.3100","3.7948"
"141.4630","0.3099","3.7907"
"141.4830","0.3098","3.7867"
"141.5030","0.3097","3.7826"
"141.5230","0.3096","3.7786"
"141.5430","0.3095","3.7746"
"141.5630","0.3094","3.7706"
"141.5830","0.3093","3.7667"
"141.6030","0.3092","3.7628"
"141.6230","0.3091","3.7589"
"141.6430","0.3090","3.7550"
"141.6630","0.3089","3.7513"
"141.6830","0.3088","3.7473"
"141.7030","0.3087","3.7435"
"141.7230","0.3086","3.7396"
"141.7430","0.3085","3.7358"
"141.7630","0.3084","3.7319"
"141.7830","0.3083","3.7280"
"141.8030","0.3082","3.7241"
"141.8230","0.3081","3.7201"
"141.8430","0.3080","3.7162"
"141.8630","0.3079","3.7122"
"141.8830","0.3078","3.7081"
"141.9030","0.3077","3.7042"
"141.9230","0.3076","3.7003"
"141.9430","0.3075","3.6963"
"141.9630","0.3074","3.6922"
"141.9830","0.3073","3.6883"
"142.0030","0.3072","3.6844"
"142.0230","0.3071","3.6804"
"142.0430","0.3070","3.6764"
"142.0630","0.3069","3.6725"
"142.0830","0.3068","3.6686"
"142.1030","0.3067","3.6647"
"142.1230","0.3066","3.6609"
"142.1430","0.3065","3.6570"
"142.1630","0.3064","3.6531"
"142.1830","0.3063","3.6492"
"142.2030","0.3062","3.6452"
"142.2230","0.3061","3.6413"
"142.2430","0.3060","3.6374"
"142.2630","0.3059","3.6334"
"142.2830","0.3058","3.6294"
"142.3030","0.3057","3.6254"
"142.3230","0.3056","3.6215"
"142.3430","0.3055","3.6174"
"142.3630","0.3054","3.6134"
"142.3830","0.3053","3.6093"
"142.4030","0.3052","3.6053"
"142.4230","0.3051","3.6012"
"142.4430","0.3050","3.5971"
"142.4630","0.3049","3.5929"
"142.4830","0.3048","3.5887"
"142.5030","0.3047","3.5846"
"142.5230","0.3046","3.5805"
"142.5430","0.3045","3.5764"
"142.5630","0.3044","3.5722"
"142.5830","0.3043","3.5680"
"142.6030","0.3041","3.5638"
"142.6230","0.3040","3.5596"
"142.6430","0.3039","3.5555"
"142.6630","0.3038","3.5513"
"142.6830","0.3037","3.5471"
"142.7030","0.3036","3.5429"
"142.7230","0.3035","3.5388"
"142.7430","0.3034","3.5347"
"142.7630","0.3033","3.5305"
"142.7830","0.3032","3.5265"
"142.8030","0.3031","3.5224"
"142.8230","0.3030","3.5184"
"142.8430","0.3029","3.5143"
"142.8630","0.3028","3.5103"
"142.8830","0.3027","3.5064"
"142.9030","0.3026","3.5024"
"142.9230","0.3024","3.4983"
"142.9430","0.3023","3.4943"
"142.9630","0.3022","3.4904"
"142.9830","0.3021","3.4864"
"143.0030","0.3020","3.4824"
"143.0230","0.3019","3.4785"
"143.0430","0.3018","3.4744"
"143.0630","0.3017","3.4705"
"143.0830","0.3016","3.4665"
"143.1030","0.3015","3.4625"
"143.1230","0.3014","3.4585"
"143.1430","0.3013","3.4545"
"143.1630","0.3012","3.4505"
"143.1830","0.3011","3.4465"
"143.2030","0.3010","3.4426"
"143.2230","0.3009","3.4385"
"143.2430","0.3008","3.4346"
"143.2630","0.3007","3.4305"
"143.2830","0.3006","3.4265"
"143.3030","0.3005","3.4226"
"143.3230","0.3004","3.4186"
"143.3430","0.3002","3.4146"
"143.3630","0.3001","3.4107"
"143.3830","0.3000","3.4067"
"143.4030","0.2999","3.4027"
"143.4230","0.2998","3.3987"
"143.4430","0.2997","3.3947"
"143.4630","0.2996","3.3908"
"143.4830","0.2995","3.3870"
"143.5030","0.2994","3.3831"
"143.5230","0.2993","3.3792"
"143.5430","0.2992","3.3754"
"143.5630","0.2991","3.3716"
"143.5830","0.2990","3.3678"
"143.6030","0.2989","3.3641"
"143.6230","0.2988","3.3603"
"143.6430","0.2987","3.3565"
"143.6630","0.2986","3.3527"
"143.6830","0.2985","3.3489"
"143.7030","0.2984","3.3451"
"143.7230","0.2983","3.3413"
"143.7430","0.2982","3.3375"
"143.7630","0.2981","3.3336"
"143.7830","0.2980","3.3296"
"143.8030","0.2979","3.3258"
"143.8230","0.2978","3.3218"
"143.8430","0.2977","3.3178"
"143.8630","0.2975","3.3138"
"143.8830","0.2974","3.3098"
"143.9030","0.2973","3.3058"
"143.9230","0.2972","3.3018"
"143.9430","0.2971","3.2978"
"143.9630","0.2970","3.2937"
"143.9830","0.2969","3.2897"
"144.0030","0.2968","3.2857"
"144.0230","0.2967","3.2817"
"144.0430","0.2966","3.2777"
"144.0630","0.2965","3.2737"
"144.0830","0.2964","3.2696"
"144.1030","0.2962","3.2656"
"144.1230","0.2961","3.2615"
"144.1430","0.2960","3.2575"
"144.1630","0.2959","3.2534"
"144.1830","0.2958","3.2493"
"144.2030","0.2957","3.2451"
"144.2230","0.2956","3.2409"
"144.2430","0.2955","3.2368"
"144.2630","0.2953","3.2327"
"144.2830","0.2952","3.2285"
"144.3030","0.2951","3.2243"
"144.3230","0.2950","3.2200"
"144.3430","0.2949","3.2158"
"144.3630","0.2948","3.2116"
"144.3830","0.2947","3.2073"
"144.4030","0.2945","3.2031"
"144.4230","0.2944","3.1988"
"144.4430","0.2943","3.1946"
"144.4630","0.2942","3.1904"
"144.4830","0.2941","3.1861"
"144.5030","0.2940","3.1819"
"144.5230","0.2938","3.1778"
"144.5430","0.2937","3.1737"
"144.5630","0.2936","3.1696"
"144.5830","0.2935","3.1655"
"144.6030","0.2934","3.1615"
"144.6230","0.2933","3.1575"
"144.6430","0.2932","3.1535"
"144.6630","0.2931","3.1495"
"144.6830","0.2929","3.1456"
"144.7030","0.2928","3.1416"
"144.7230","0.2927","3.1377"
"144.7430","0.2926","3.1340"
"144.7630","0.2925","3.1301"
"144.7830","0.2924","3.1262"
"144.8030","0.2923","3.1225"
"144.8230","0.2922","3.1186"
"144.8430","0.2921","3.1148"
"144.8630","0.2920","3.1110"
"144.8830","0.2919","3.1071"
"144.9030","0.2918","3.1033"
"144.9230","0.2917","3.0994"
"144.9430","0.2916","3.0956"
"144.9630","0.2914","3.0917"
"144.9830","0.2913","3.0877"
"145.0030","0.2912","3.0839"
"145.0230","0.2911","3.0800"
"145.0430","0.2910","3.0761"
"145.0630","0.2909","3.0722"
"145.0830","0.2908","3.0683"
"145.1030","0.2907","3.0643"
"145.1230","0.2906","3.0603"
"145.1430","0.2905","3.0564"
"145.1630","0.2903","3.0524"
"145.1830","0.2902","3.0484"
"145.2030","0.2901","3.0444"
"145.2230","0.2900","3.0405"
"145.2430","0.2899","3.0364"
"145.2630","0.2898","3.0323"
"145.2830","0.2897","3.0283"
"145.3030","0.2895","3.0243"
"145.3230","0.2894","3.0204"
"145.3430","0.2893","3.0164"
"145.3630","0.2892","3.0125"
"145.3830","0.2891","3.0086"
"145.4030","0.2890","3.0048"
"145.4230","0.2889","3.0009"
"145.4430","0.2888","2.9971"
"145.4630","0.2887","2.9932"
"145.4830","0.2885","2.9893"
"145.5030","0.2884","2.9854"
"145.5230","0.2883","2.9815"
"145.5430","0.2882","2.9776"
"145.5630","0.2881","2.9735"
"145.5830","0.2880","2.9695"
"145.6030","0.2879","2.9655"
"145.6230","0.2877","2.9613"
"145.6430","0.2876","2.9571"
"145.6630","0.2875","2.9528"
"145.6830","0.2874","2.9486"
"145.7030","0.2873","2.9444"
"145.7230","0.2871","2.9402"
"145.7430","0.2870","2.9360"
"145.7630","0.2869","2.9319"
"145.7830","0.2868","2.9277"
"145.8030","0.2867","2.9236"
"145.8230","0.2865","2.9195"
"145.8430","0.2864","2.9155"
"145.8630","0.2863","2.9114"
"145.8830","0.2862","2.9073"
"145.9030","0.2861","2.9034"
"145.9230","0.2859","2.8992"
"145.9430","0.2858","2.8951"
"145.9630","0.2857","2.8912"
"145.9830","0.2856","2.8872"
"146.0030","0.2855","2.8832"
"146.0230","0.2853","2.8791"
"146.0430","0.2852","2.8750"
"146.0630","0.2851","2.8710"
"146.0830","0.2850","2.8669"
"146.1030","0.2849","2.8629"
"146.1230","0.2848","2.8588"
"146.1430","0.2846","2.8548"
"146.1630","0.2845","2.8508"
"146.1830","0.2844","2.8467"
"146.2030","0.2843","2.8427"
"146.2230","0.2842","2.8387"
"146.2430","0.2840","2.8347"
"146.2630","0.2839","2.8306"
"146.2830","0.2838","2.8266"
"146.3030","0.2837","2.8226"
"146.3230","0.2836","2.8187"
"146.3430","0.2834","2.8147"
"146.3630","0.2833","2.8107"
"146.3830","0.2832","2.8068"
"146.4030","0.2831","2.8029"
"146.4230","0.2830","2.7991"
"146.4430","0.2829","2.7953"
"146.4630","0.2828","2.7915"
"146.4830","0.2826","2.7878"
"146.5030","0.2825","2.7841"
"146.5230","0.2824","2.7804"
"146.5430","0.2823","2.7767"
"146.5630","0.2822","2.7729"
"146.5830","0.2821","2.7691"
"146.6030","0.2820","2.7653"
"146.6230","0.2818","2.7616"
"146.6430","0.2817","2.7578"
"146.6630","0.2816","2.7540"
"146.6830","0.2815","2.7501"
"146.7030","0.2814","2.7462"
"146.7230","0.2813","2.7423"
"146.7430","0.2811","2.7384"
"146.7630","0.2810","2.7345"
"146.7830","0.2809","2.7306"
"146.8030","0.2808","2.7266"
"146.8230","0.2807","2.7227"
"146.8430","0.2805","2.7186"
"146.8630","0.2804","2.7146"
"146.8830","0.2803","2.7106"
"146.9030","0.2802","2.7066"
"146.9230","0.2801","2.7025"
"146.9430","0.2799","2.6984"
"146.9630","0.2798","2.6944"
"146.9830","0.2797","2.6902"
"147.0030","0.2796","2.6862"
"147.0230","0.2794","2.6822"
"147.0430","0.2793","2.6780"
"147.0630","0.2792","2.6740"
"147.0830","0.2791","2.6700"
"147.1030","0.2789","2.6659"
"147.1230","0.2788","2.6620"
"147.1430","0.2787","2.6579"
"147.1630","0.2786","2.6538"
"147.1830","0.2784","2.6498"
"147.2030","0.2783","2.6457"
"147.2230","0.2782","2.6416"
"147.2430","0.2781","2.6374"
"147.2630","0.2779","2.6333"
"147.2830","0.2778","2.6290"
"147.3030","0.2777","2.6248"
"147.3230","0.2775","2.6206"
"147.3430","0.2774","2.6164"
"147.3630","0.2773","2.6122"
"147.3830","0.2772","2.6080"
"147.4030","0.2770","2.6038"
"147.4230","0.2769","2.5997"
"147.4430","0.2768","2.5956"
"147.4630","0.2766","2.5915"
"147.4830","0.2765","2.5874"
"147.5030","0.2764","2.5833"
"147.5230","0.2763","2.5792"
"147.5430","0.2761","2.5753"
"147.5630","0.2760","2.5713"
"147.5830","0.2759","2.5673"
"147.6030","0.2758","2.5633"
"147.6230","0.2756","2.5593"
"147.6430","0.2755","2.5553"
"147.6630","0.2754","2.5512"
"147.6830","0.2752","2.5471"
"147.7030","0.2751","2.5432"
"147.7230","0.2750","2.5390"
"147.7430","0.2749","2.5350"
"147.7630","0.2747","2.5309"
"147.7830","0.2746","2.5269"
"147.8030","0.2745","2.5228"
"147.8230","0.2744","2.5188"
"147.8430","0.2742","2.5147"
"147.8630","0.2741","2.5107"
"147.8830","0.2740","2.5068"
"147.9030","0.2738","2.5029"
"147.9230","0.2737","2.4989"
"147.9430","0.2736","2.4948"
"147.9630","0.2735","2.4909"
"147.9830","0.2733","2.4869"
"148.0030","0.2732","2.4830"
"148.0230","0.2731","2.4791"
"148.0430","0.2730","2.4752"
"148.0630","0.2728","2.4713"
"148.0830","0.2727","2.4675"
"148.1030","0.2726","2.4637"
"148.1230","0.2725","2.4599"
"148.1430","0.2723","2.4561"
"148.1630","0.2722","2.4522"
"148.1830","0.2721","2.4484"
"148.2030","0.2720","2.4446"
"148.2230","0.2718","2.4408"
"148.2430","0.2717","2.4369"
"148.2630","0.2716","2.4331"
"148.2830","0.2715","2.4293"
"148.3030","0.2713","2.4252"
"148.3230","0.2712","2.4213"
"148.3430","0.2711","2.4174"
"148.3630","0.2710","2.4134"
"148.3830","0.2708","2.4093"
"148.4030","0.2707","2.4053"
"148.4230","0.2706","2.4011"
"148.4430","0.2704","2.3969"
"148.4630","0.2703","2.3927"
"148.4830","0.2701","2.3884"
"148.5030","0.2700","2.3842"
"148.5230","0.2699","2.3799"
"148.5430","0.2697","2.3756"
"148.5630","0.2696","2.3714"
"148.5830","0.2695","2.3672"
"148.6030","0.2693","2.3631"
"148.6230","0.2692","2.3590"
"148.6430","0.2690","2.3549"
"148.6630","0.2689","2.3508"
"148.6830","0.2688","2.3468"
"148.7030","0.2687","2.3430"
"148.7230","0.2685","2.3390"
"148.7430","0.2684","2.3351"
"148.7630","0.2683","2.3311"
"148.7830","0.2681","2.3272"
"148.8030","0.2680","2.3232"
"148.8230","0.2679","2.3191"
"148.8430","0.2677","2.3150"
"148.8630","0.2676","2.3108"
"148.8830","0.2674","2.3067"
"148.9030","0.2673","2.3026"
"148.9230","0.2672","2.2984"
"148.9430","0.2670","2.2943"
"148.9630","0.2669","2.2902"
"148.9830","0.2667","2.2860"
"149.0030","0.2666","2.2820"
"149.0230","0.2665","2.2781"
"149.0430","0.2663","2.2740"
"149.0630","0.2662","2.2701"
"149.0830","0.2661","2.2661"
"149.1030","0.2659","2.2621"
"149.1230","0.2658","2.2582"
"149.1430","0.2657","2.2542"
"149.1630","0.2655","2.2503"
"149.1830","0.2654","2.2463"
"149.2030","0.2653","2.2423"
"149.2230","0.2651","2.2384"
"149.2430","0.2650","2.2344"
"149.2630","0.2649","2.2304"
"149.2830","0.2647","2.2264"
"149.3030","0.2646","2.2224"
"149.3230","0.2644","2.2184"
"149.3430","0.2643","2.2144"
"149.3630","0.2642","2.2104"
"149.3830","0.2640","2.2063"
"149.4030","0.2639","2.2022"
"149.4230","0.2638","2.1981"
"149.4430","0.2636","2.1941"
"149.4630","0.2635","2.1900"
"149.4830","0.2633","2.1859"
"149.5030","0.2632","2.1818"
"149.5230","0.2631","2.1778"
"149.5430","0.2629","2.1738"
"149.5630","0.2628","2.1699"
"149.5830","0.2626","2.1660"
"149.6030","0.2625","2.1621"
"149.6230","0.2624","2.1583"
"149.6430","0.2622","2.1545"
"149.6630","0.2621","2.1506"
"149.6830","0.2620","2.1467"
"149.7030","0.2618","2.1428"
"149.7230","0.2617","2.1388"
"149.7430","0.2616","2.1348"
"149.7630","0.2614","2.1309"
"149.7830","0.2613","2.1269"
"149.8030","0.2611","2.1228"
"149.8230","0.2610","2.1186"
"149.8430","0.2608","2.1145"
"149.8630","0.2607","2.1105"
"149.8830","0.2606","2.1063"
"149.9030","0.2604","2.1021"
"149.9230","0.2603","2.0979"
"149.9430","0.2601","2.0937"
"149.9630","0.2600","2.0896"
"149.9830","0.2598","2.0854"
"150.0030","0.2597","2.0813"
"150.0230","0.2595","2.0773"
"150.0430","0.2594","2.0732"
"150.0630","0.2592","2.0692"
"150.0830","0.2591","2.0653"
"150.1030","0.2590","2.0614"
"150.1230","0.2588","2.0574"
"150.1430","0.2587","2.0536"
"150.1630","0.2585","2.0498"
"150.1830","0.2584","2.0460"
"150.2030","0.2583","2.0420"
"150.2230","0.2581","2.0381"
"150.2430","0.2580","2.0341"
"150.2630","0.2578","2.0302"
"150.2830","0.2577","2.0262"
"150.3030","0.2575","2.0221"
"150.3230","0.2574","2.0180"
"150.3430","0.2573","2.0139"
"150.3630","0.2571","2.0099"
"150.3830","0.2570","2.0059"
"150.4030","0.2568","2.0019"
"150.4230","0.2567","1.9980"
"150.4430","0.2565","1.9941"
"150.4630","0.2564","1.9902"
"150.4830","0.2563","1.9863"
"150.5030","0.2561","1.9825"
"150.5230","0.2560","1.9787"
"150.5430","0.2558","1.9748"
"150.5630","0.2557","1.9709"
"150.5830","0.2555","1.9670"
"150.6030","0.2554","1.9630"
"150.6230","0.2553","1.9591"
"150.6430","0.2551","1.9551"
"150.6630","0.2550","1.9511"
"150.6830","0.2548","1.9470"
"150.7030","0.2547","1.9430"
"150.7230","0.2545","1.9390"
"150.7430","0.2544","1.9349"
"150.7630","0.2542","1.9309"
"150.7830","0.2541","1.9270"
"150.8030","0.2539","1.9229"
"150.8230","0.2538","1.9189"
"150.8430","0.2536","1.9149"
"150.8630","0.2535","1.9109"
"150.8830","0.2533","1.9070"
"150.9030","0.2532","1.9031"
"150.9230","0.2530","1.8992"
"150.9430","0.2529","1.8954"
"150.9630","0.2528","1.8916"
"150.9830","0.2526","1.8878"
"151.0030","0.2525","1.8840"
"151.0230","0.2523","1.8804"
"151.0430","0.2522","1.8766"
"151.0630","0.2520","1.8728"
"151.0830","0.2519","1.8691"
"151.1030","0.2518","1.8653"
"151.1230","0.2516","1.8615"
"151.1430","0.2515","1.8576"
"151.1630","0.2513","1.8537"
"151.1830","0.2512","1.8497"
"151.2030","0.2510","1.8458"
"151.2230","0.2509","1.8419"
"151.2430","0.2507","1.8379"
"151.2630","0.2506","1.8338"
"151.2830","0.2504","1.8298"
"151.3030","0.2503","1.8257"
"151.3230","0.2501","1.8217"
"151.3430","0.2499","1.8175"
"151.3630","0.2498","1.8133"
"151.3830","0.2496","1.8091"
"151.4030","0.2495","1.8050"
"151.4230","0.2493","1.8009"
"151.4430","0.2492","1.7969"
"151.4630","0.2490","1.7927"
"151.4830","0.2488","1.7888"
"151.5030","0.2487","1.7848"
"151.5230","0.2485","1.7808"
"151.5430","0.2484","1.7769"
"151.5630","0.2482","1.7729"
"151.5830","0.2481","1.7689"
"151.6030","0.2479","1.7649"
"151.6230","0.2478","1.7608"
"151.6430","0.2476","1.7566"
"151.6630","0.2474","1.7524"
"151.6830","0.2473","1.7482"
"151.7030","0.2471","1.7441"
"151.7230","0.2470","1.7398"
"151.7430","0.2468","1.7356"
"151.7630","0.2466","1.7315"
"151.7830","0.2465","1.7274"
"151.8030","0.2463","1.7233"
"151.8230","0.2461","1.7193"
"151.8430","0.2460","1.7153"
"151.8630","0.2458","1.7114"
"151.8830","0.2457","1.7073"
"151.9030","0.2455","1.7033"
"151.9230","0.2454","1.6994"
"151.9430","0.2452","1.6954"
"151.9630","0.2450","1.6914"
"151.9830","0.2449","1.6874"
"152.0030","0.2447","1.6834"
"152.0230","0.2446","1.6793"
"152.0430","0.2444","1.6753"
"152.0630","0.2442","1.6713"
"152.0830","0.2441","1.6673"
"152.1030","0.2439","1.6634"
"152.1230","0.2438","1.6594"
"152.1430","0.2436","1.6554"
"152.1630","0.2434","1.6514"
"152.1830","0.2433","1.6473"
"152.2030","0.2431","1.6434"
"152.2230","0.2430","1.6394"
"152.2430","0.2428","1.6355"
"152.2630","0.2426","1.6317"
"152.2830","0.2425","1.6278"
"152.3030","0.2423","1.6239"
"152.3230","0.2422","1.6201"
"152.3430","0.2420","1.6162"
"152.3630","0.2419","1.6124"
"152.3830","0.2417","1.6085"
"152.4030","0.2415","1.6046"
"152.4230","0.2414","1.6007"
"152.4430","0.2412","1.5967"
"152.4630","0.2410","1.5926"
"152.4830","0.2409","1.5886"
"152.5030","0.2407","1.5845"
"152.5230","0.2405","1.5802"
"152.5430","0.2404","1.5759"
"152.5630","0.2402","1.5716"
"152.5830","0.2400","1.5673"
"152.6030","0.2398","1.5631"
"152.6230","0.2397","1.5588"
"152.6430","0.2395","1.5545"
"152.6630","0.2393","1.5502"
"152.6830","0.2391","1.5460"
"152.7030","0.2390","1.5420"
"152.7230","0.2388","1.5380"
"152.7430","0.2386","1.5340"
"152.7630","0.2385","1.5301"
"152.7830","0.2383","1.5262"
"152.8030","0.2381","1.5223"
"152.8230","0.2380","1.5184"
"152.8430","0.2378","1.5145"
"152.8630","0.2376","1.5104"
"152.8830","0.2375","1.5065"
"152.9030","0.2373","1.5024"
"152.9230","0.2371","1.4984"
"152.9430","0.2370","1.4943"
"152.9630","0.2368","1.4904"
"152.9830","0.2366","1.4864"
"153.0030","0.2365","1.4825"
"153.0230","0.2363","1.4786"
"153.0430","0.2361","1.4748"
"153.0630","0.2359","1.4709"
"153.0830","0.2358","1.4672"
"153.1030","0.2356","1.4633"
"153.1230","0.2355","1.4596"
"153.1430","0.2353","1.4557"
"153.1630","0.2351","1.4520"
"153.1830","0.2350","1.4481"
"153.2030","0.2348","1.4442"
"153.2230","0.2346","1.4402"
"153.2430","0.2344","1.4362"
"153.2630","0.2343","1.4321"
"153.2830","0.2341","1.4282"
"153.3030","0.2339","1.4242"
"153.3230","0.2337","1.4200"
"153.3430","0.2336","1.4159"
"153.3630","0.2334","1.4118"
"153.3830","0.2332","1.4077"
"153.4030","0.2330","1.4037"
"153.4230","0.2328","1.3996"
"153.4430","0.2327","1.3957"
"153.4630","0.2325","1.3917"
"153.4830","0.2323","1.3877"
"153.5030","0.2321","1.3839"
"153.5230","0.2320","1.3799"
"153.5430","0.2318","1.3759"
"153.5630","0.2316","1.3720"
"153.5830","0.2314","1.3679"
"153.6030","0.2313","1.3638"
"153.6230","0.2311","1.3597"
"153.6430","0.2309","1.3555"
"153.6630","0.2307","1.3513"
"153.6830","0.2305","1.3468"
"153.7030","0.2303","1.3425"
"153.7230","0.2301","1.3382"
"153.7430","0.2299","1.3340"
"153.7630","0.2297","1.3297"
"153.7830","0.2295","1.3254"
"153.8030","0.2294","1.3212"
"153.8230","0.2292","1.3171"
"153.8430","0.2290","1.3130"
"153.8630","0.2288","1.3092"
"153.8830","0.2286","1.3054"
"153.9030","0.2285","1.3018"
"153.9230","0.2283","1.2981"
"153.9430","0.2281","1.2945"
"153.9630","0.2279","1.2907"
"153.9830","0.2278","1.2869"
"154.0030","0.2276","1.2830"
"154.0230","0.2274","1.2790"
"154.0430","0.2272","1.2750"
"154.0630","0.2270","1.2711"
"154.0830","0.2269","1.2672"
"154.1030","0.2267","1.2633"
"154.1230","0.2265","1.2596"
"154.1430","0.2263","1.2558"
"154.1630","0.2261","1.2520"
"154.1830","0.2260","1.2483"
"154.2030","0.2258","1.2446"
"154.2230","0.2256","1.2409"
"154.2430","0.2254","1.2371"
"154.2630","0.2252","1.2333"
"154.2830","0.2251","1.2295"
"154.3030","0.2249","1.2256"
"154.3230","0.2247","1.2216"
"154.3430","0.2245","1.2176"
"154.3630","0.2243","1.2136"
"154.3830","0.2241","1.2096"
"154.4030","0.2239","1.2055"
"154.4230","0.2237","1.2013"
"154.4430","0.2235","1.1971"
"154.4630","0.2233","1.1929"
"154.4830","0.2231","1.1887"
"154.5030","0.2229","1.1845"
"154.5230","0.2227","1.1804"
"154.5430","0.2225","1.1763"
"154.5630","0.2224","1.1723"
"154.5830","0.2222","1.1683"
"154.6030","0.2220","1.1643"
"154.6230","0.2218","1.1603"
"154.6430","0.2216","1.1563"
"154.6630","0.2214","1.1523"
"154.6830","0.2212","1.1484"
"154.7030","0.2210","1.1444"
"154.7230","0.2208","1.1404"
"154.7430","0.2206","1.1364"
"154.7630","0.2204","1.1325"
"154.7830","0.2202","1.1286"
"154.8030","0.2200","1.1246"
"154.8230","0.2198","1.1206"
"154.8430","0.2196","1.1166"
"154.8630","0.2194","1.1126"
"154.8830","0.2192","1.1087"
"154.9030","0.2190","1.1048"
"154.9230","0.2188","1.1012"
"154.9430","0.2187","1.0975"
"154.9630","0.2185","1.0938"
"154.9830","0.2183","1.0900"
"155.0030","0.2181","1.0864"
"155.0230","0.2179","1.0827"
"155.0430","0.2177","1.0790"
"155.0630","0.2175","1.0750"
"155.0830","0.2173","1.0711"
"155.1030","0.2171","1.0672"
"155.1230","0.2169","1.0631"
"155.1430","0.2167","1.0591"
"155.1630","0.2165","1.0552"
"155.1830","0.2163","1.0512"
"155.2030","0.2161","1.0471"
"155.2230","0.2159","1.0431"
"155.2430","0.2157","1.0389"
"155.2630","0.2155","1.0347"
"155.2830","0.2153","1.0305"
"155.3030","0.2151","1.0264"
"155.3230","0.2148","1.0222"
"155.3430","0.2146","1.0177"
"155.3630","0.2144","1.0132"
"155.3830","0.2142","1.0088"
"155.4030","0.2139","1.0043"
"155.4230","0.2137","0.9999"
"155.4240","0.2137","0.9996"
"155.4250","0.2137","0.9994"
"155.4450","0.2135","0.9951"
"155.4650","0.2133","0.9931"
"155.4850","0.2133","0.9939"
"155.5050","0.2133","0.9957"
"155.5250","0.2133","0.9976"
"155.5450","0.2133","0.9993"
"155.5650","0.2134","1.0009"
"155.5850","0.2134","1.0025"
"155.6050","0.2134","1.0042"
"155.6250","0.2135","1.0060"
"155.6450","0.2135","1.0078"
"155.6650","0.2136","1.0098"
"155.6850","0.2137","1.0119"
"155.7050","0.2137","1.0142"
"155.7250","0.2138","1.0166"
"155.7450","0.2139","1.0192"
"155.7650","0.2140","1.0218"
"155.7850","0.2140","1.0247"
"155.8050","0.2141","1.0274"
"155.8250","0.2142","1.0300"
"155.8450","0.2143","1.0330"
"155.8650","0.2144","1.0363"
"155.8850","0.2145","1.0396"
"155.9050","0.2146","1.0430"
"155.9250","0.2147","1.0464"
"155.9450","0.2148","1.0497"
"155.9650","0.2149","1.0531"
"155.9850","0.2150","1.0566"
"156.0050","0.2151","1.0602"
"156.0250","0.2153","1.0637"
"156.0450","0.2154","1.0674"
"156.0650","0.2155","1.0710"
"156.0850","0.2156","1.0748"
"156.1050","0.2157","1.0785"
"156.1250","0.2159","1.0823"
"156.1450","0.2160","1.0860"
"156.1650","0.2161","1.0899"
"156.1850","0.2162","1.0936"
"156.2050","0.2163","1.0975"
"156.2250","0.2165","1.1012"
"156.2450","0.2166","1.1052"
"156.2650","0.2167","1.1092"
"156.2850","0.2169","1.1132"
"156.3050","0.2170","1.1173"
"156.3250","0.2171","1.1215"
"156.3450","0.2173","1.1256"
"156.3650","0.2174","1.1299"
"156.3850","0.2175","1.1342"
"156.4050","0.2177","1.1385"
"156.4250","0.2178","1.1427"
"156.4450","0.2180","1.1470"
"156.4650","0.2181","1.1514"
"156.4850","0.2183","1.1557"
"156.5050","0.2184","1.1600"
"156.5250","0.2185","1.1643"
"156.5450","0.2187","1.1685"
"156.5650","0.2188","1.1728"
"156.5850","0.2190","1.1772"
"156.6050","0.2191","1.1815"
"156.6250","0.2192","1.1858"
"156.6450","0.2194","1.1902"
"156.6650","0.2195","1.1946"
"156.6850","0.2197","1.1990"
"156.7050","0.2198","1.2034"
"156.7250","0.2200","1.2079"
"156.7450","0.2201","1.2124"
"156.7650","0.2203","1.2169"
"156.7850","0.2204","1.2214"
"156.8050","0.2206","1.2259"
"156.8250","0.2207","1.2305"
"156.8450","0.2209","1.2349"
"156.8650","0.2210","1.2394"
"156.8850","0.2212","1.2440"
"156.9050","0.2213","1.2486"
"156.9250","0.2215","1.2533"
"156.9450","0.2216","1.2578"
"156.9650","0.2218","1.2623"
"156.9850","0.2220","1.2669"
"157.0050","0.2221","1.2713"
"157.0250","0.2223","1.2758"
"157.0450","0.2224","1.2803"
"157.0650","0.2226","1.2847"
"157.0850","0.2227","1.2891"
"157.1050","0.2229","1.2935"
"157.1250","0.2230","1.2979"
"157.1450","0.2232","1.3025"
"157.1650","0.2233","1.3071"
"157.1850","0.2235","1.3116"
"157.2050","0.2236","1.3162"
"157.2250","0.2238","1.3208"
"157.2450","0.2239","1.3254"
"157.2650","0.2241","1.3301"
"157.2850","0.2242","1.3346"
"157.3050","0.2244","1.3392"
"157.3250","0.2246","1.3437"
"157.3450","0.2247","1.3483"
"157.3650","0.2249","1.3528"
"157.3850","0.2250","1.3571"
"157.4050","0.2252","1.3615"
"157.4250","0.2253","1.3657"
"157.4450","0.2255","1.3700"
"157.4650","0.2256","1.3741"
"157.4850","0.2257","1.3783"
"157.5050","0.2259","1.3824"
"157.5250","0.2260","1.3865"
"157.5450","0.2262","1.3904"
"157.5650","0.2263","1.3945"
"157.5850","0.2264","1.3985"
"157.6050","0.2266","1.4025"
"157.6250","0.2267","1.4067"
"157.6450","0.2269","1.4108"
"157.6650","0.2270","1.4151"
"157.6850","0.2271","1.4193"
"157.7050","0.2273","1.4237"
"157.7250","0.2274","1.4281"
"157.7450","0.2276","1.4325"
"157.7650","0.2277","1.4369"
"157.7850","0.2279","1.4412"
"157.8050","0.2280","1.4456"
"157.8250","0.2282","1.4499"
"157.8450","0.2283","1.4541"
"157.8650","0.2285","1.4584"
"157.8850","0.2286","1.4626"
"157.9050","0.2288","1.4668"
"157.9250","0.2289","1.4710"
"157.9450","0.2291","1.4753"
"157.9650","0.2292","1.4795"
"157.9850","0.2294","1.4838"
"158.0050","0.2295","1.4881"
"158.0250","0.2297","1.4924"
"158.0450","0.2298","1.4968"
"158.0650","0.2300","1.5013"
"158.0850","0.2301","1.5057"
"158.1050","0.2303","1.5102"
"158.1250","0.2304","1.5147"
"158.1450","0.2306","1.5192"
"158.1650","0.2307","1.5236"
"158.1850","0.2309","1.5281"
"158.2050","0.2310","1.5323"
"158.2250","0.2312","1.5367"
"158.2450","0.2313","1.5411"
"158.2650","0.2315","1.5454"
"158.2850","0.2316","1.5497"
"158.3050","0.2318","1.5538"
"158.3250","0.2319","1.5580"
"158.3450","0.2321","1.5622"
"158.3650","0.2322","1.5663"
"158.3850","0.2323","1.5703"
"158.4050","0.2325","1.5744"
"158.4250","0.2326","1.5783"
"158.4450","0.2328","1.5823"
"158.4650","0.2329","1.5864"
"158.4850","0.2330","1.5904"
"158.5050","0.2332","1.5945"
"158.5250","0.2333","1.5986"
"158.5450","0.2335","1.6026"
"158.5650","0.2336","1.6068"
"158.5850","0.2338","1.6109"
"158.6050","0.2339","1.6151"
"158.6250","0.2340","1.6193"
"158.6450","0.2342","1.6234"
"158.6650","0.2343","1.6276"
"158.6850","0.2345","1.6317"
"158.7050","0.2346","1.6358"
"158.7250","0.2348","1.6400"
"158.7450","0.2349","1.6441"
"158.7650","0.2350","1.6480"
"158.7850","0.2352","1.6522"
"158.8050","0.2353","1.6562"
"158.8250","0.2355","1.6601"
"158.8450","0.2356","1.6640"
"158.8650","0.2357","1.6680"
"158.8850","0.2359","1.6718"
"158.9050","0.2360","1.6756"
"158.9250","0.2361","1.6795"
"158.9450","0.2363","1.6833"
"158.9650","0.2364","1.6870"
"158.9850","0.2365","1.6909"
"159.0050","0.2367","1.6948"
"159.0250","0.2368","1.6986"
"159.0450","0.2369","1.7025"
"159.0650","0.2371","1.7065"
"159.0850","0.2372","1.7106"
"159.1050","0.2373","1.7148"
"159.1250","0.2375","1.7190"
"159.1450","0.2376","1.7231"
"159.1650","0.2378","1.7272"
"159.1850","0.2379","1.7314"
"159.2050","0.2381","1.7357"
"159.2250","0.2382","1.7399"
"159.2450","0.2383","1.7440"
"159.2650","0.2385","1.7481"
"159.2850","0.2386","1.7522"
"159.3050","0.2388","1.7563"
"159.3250","0.2389","1.7605"
"159.3450","0.2391","1.7647"
"159.3650","0.2392","1.7688"
"159.3850","0.2393","1.7730"
"159.4050","0.2395","1.7771"
"159.4250","0.2396","1.7813"
"159.4450","0.2398","1.7854"
"159.4650","0.2399","1.7895"
"159.4850","0.2400","1.7938"
"159.5050","0.2402","1.7979"
"159.5250","0.2403","1.8021"
"159.5450","0.2405","1.8062"
"159.5650","0.2406","1.8103"
"159.5850","0.2408","1.8145"
"159.6050","0.2409","1.8187"
"159.6250","0.2410","1.8226"
"159.6450","0.2412","1.8267"
"159.6650","0.2413","1.8307"
"159.6850","0.2415","1.8347"
"159.7050","0.2416","1.8387"
"159.7250","0.2417","1.8426"
"159.7450","0.2419","1.8465"
"159.7650","0.2420","1.8503"
"159.7850","0.2421","1.8542"
"159.8050","0.2423","1.8581"
"159.8250","0.2424","1.8618"
"159.8450","0.2425","1.8657"
"159.8650","0.2426","1.8694"
"159.8850","0.2428","1.8732"
"159.9050","0.2429","1.8771"
"159.9250","0.2430","1.8808"
"159.9450","0.2432","1.8847"
"159.9650","0.2433","1.8885"
"159.9850","0.2434","1.8924"
"160.0050","0.2436","1.8962"
"160.0250","0.2437","1.9002"
"160.0450","0.2438","1.9043"
"160.0650","0.2440","1.9082"
"160.0850","0.2441","1.9123"
"160.1050","0.2442","1.9164"
"160.1250","0.2444","1.9204"
"160.1450","0.2445","1.9245"
"160.1650","0.2447","1.9285"
"160.1850","0.2448","1.9326"
"160.2050","0.2449","1.9367"
"160.2250","0.2451","1.9408"
"160.2450","0.2452","1.9449"
"160.2650","0.2453","1.9489"
"160.2850","0.2455","1.9530"
"160.3050","0.2456","1.9571"
"160.3250","0.2458","1.9610"
"160.3450","0.2459","1.9650"
"160.3650","0.2460","1.9690"
"160.3850","0.2462","1.9729"
"160.4050","0.2463","1.9768"
"160.4250","0.2464","1.9807"
"160.4450","0.2466","1.9847"
"160.4650","0.2467","1.9886"
"160.4850","0.2468","1.9927"
"160.5050","0.2470","1.9968"
"160.5250","0.2471","2.0009"
"160.5450","0.2472","2.0051"
"160.5650","0.2474","2.0094"
"160.5850","0.2475","2.0137"
"160.6050","0.2477","2.0180"
"160.6250","0.2478","2.0223"
"160.6450","0.2480","2.0266"
"160.6650","0.2481","2.0309"
"160.6850","0.2483","2.0351"
"160.7050","0.2484","2.0392"
"160.7250","0.2485","2.0433"
"160.7450","0.2487","2.0474"
"160.7650","0.2488","2.0514"
"160.7850","0.2489","2.0554"
"160.8050","0.2491","2.0594"
"160.8250","0.2492","2.0634"
"160.8450","0.2493","2.0673"
"160.8650","0.2495","2.0713"
"160.8850","0.2496","2.0753"
"160.9050","0.2497","2.0793"
"160.9250","0.2499","2.0833"
"160.9450","0.2500","2.0873"
"160.9650","0.2501","2.0912"
"160.9850","0.2503","2.0953"
"161.0050","0.2504","2.0993"
"161.0250","0.2506","2.1033"
"161.0450","0.2507","2.1072"
"161.0650","0.2508","2.1111"
"161.0850","0.2510","2.1151"
"161.1050","0.2511","2.1190"
"161.1250","0.2512","2.1230"
"161.1450","0.2514","2.1270"
"161.1650","0.2515","2.1309"
"161.1850","0.2516","2.1347"
"161.2050","0.2517","2.1387"
"161.2250","0.2519","2.1425"
"161.2450","0.2520","2.1462"
"161.2650","0.2521","2.1499"
"161.2850","0.2523","2.1537"
"161.3050","0.2524","2.1574"
"161.3250","0.2525","2.1612"
"161.3450","0.2526","2.1649"
"161.3650","0.2528","2.1687"
"161.3850","0.2529","2.1724"
"161.4050","0.2530","2.1762"
"161.4250","0.2531","2.1800"
"161.4450","0.2533","2.1839"
"161.4650","0.2534","2.1878"
"161.4850","0.2535","2.1918"
"161.5050","0.2537","2.1957"
"161.5250","0.2538","2.1997"
"161.5450","0.2539","2.2039"
"161.5650","0.2541","2.2079"
"161.5850","0.2542","2.2121"
"161.6050","0.2543","2.2162"
"161.6250","0.2545","2.2203"
"161.6450","0.2546","2.2245"
"161.6650","0.2548","2.2288"
"161.6850","0.2549","2.2330"
"161.7050","0.2550","2.2372"
"161.7250","0.2552","2.2413"
"161.7450","0.2553","2.2455"
"161.7650","0.2554","2.2495"
"161.7850","0.2556","2.2536"
"161.8050","0.2557","2.2576"
"161.8250","0.2558","2.2616"
"161.8450","0.2560","2.2654"
"161.8650","0.2561","2.2693"
"161.8850","0.2562","2.2732"
"161.9050","0.2564","2.2771"
"161.9250","0.2565","2.2810"
"161.9450","0.2566","2.2849"
"161.9650","0.2567","2.2888"
"161.9850","0.2569","2.2929"
"162.0050","0.2570","2.2970"
"162.0250","0.2571","2.3010"
"162.0450","0.2573","2.3051"
"162.0650","0.2574","2.3092"
"162.0850","0.2575","2.3135"
"162.1050","0.2577","2.3177"
"162.1250","0.2578","2.3219"
"162.1450","0.2580","2.3262"
"162.1650","0.2581","2.3304"
"162.1850","0.2582","2.3346"
"162.2050","0.2584","2.3388"
"162.2250","0.2585","2.3430"
"162.2450","0.2586","2.3469"
"162.2650","0.2588","2.3510"
"162.2850","0.2589","2.3550"
"162.3050","0.2590","2.3590"
"162.3250","0.2592","2.3632"
"162.3450","0.2593","2.3672"
"162.3650","0.2594","2.3712"
"162.3850","0.2596","2.3753"
"162.4050","0.2597","2.3793"
"162.4250","0.2598","2.3834"
"162.4450","0.2600","2.3875"
"162.4650","0.2601","2.3916"
"162.4850","0.2602","2.3957"
"162.5050","0.2604","2.3999"
"162.5250","0.2605","2.4039"
"162.5450","0.2606","2.4081"
"162.5650","0.2608","2.4122"
"162.5850","0.2609","2.4164"
"162.6050","0.2610","2.4205"
"162.6250","0.2612","2.4246"
"162.6450","0.2613","2.4287"
"162.6650","0.2614","2.4327"
"162.6850","0.2616","2.4367"
"162.7050","0.2617","2.4407"
"162.7250","0.2618","2.4447"
"162.7450","0.2620","2.4486"
"162.7650","0.2621","2.4525"
"162.7850","0.2622","2.4563"
"162.8050","0.2623","2.4602"
"162.8250","0.2625","2.4641"
"162.8450","0.2626","2.4679"
"162.8650","0.2627","2.4717"
"162.8850","0.2628","2.4755"
"162.9050","0.2630","2.4793"
"162.9250","0.2631","2.4832"
"162.9450","0.2632","2.4871"
"162.9650","0.2633","2.4910"
"162.9850","0.2635","2.4950"
"163.0050","0.2636","2.4991"
"163.0250","0.2637","2.5031"
"163.0450","0.2639","2.5072"
"163.0650","0.2640","2.5112"
"163.0850","0.2641","2.5153"
"163.1050","0.2642","2.5193"
"163.1250","0.2644","2.5235"
"163.1450","0.2645","2.5276"
"163.1650","0.2646","2.5317"
"163.1850","0.2648","2.5359"
"163.2050","0.2649","2.5400"
"163.2250","0.2650","2.5441"
"163.2450","0.2652","2.5481"
"163.2650","0.2653","2.5523"
"163.2850","0.2654","2.5563"
"163.3050","0.2656","2.5604"
"163.3250","0.2657","2.5644"
"163.3450","0.2658","2.5684"
"163.3650","0.2659","2.5723"
"163.3850","0.2661","2.5762"
"163.4050","0.2662","2.5801"
"163.4250","0.2663","2.5839"
"163.4450","0.2664","2.5878"
"163.4650","0.2666","2.5917"
"163.4850","0.2667","2.5956"
"163.5050","0.2668","2.5996"
"163.5250","0.2670","2.6036"
"163.5450","0.2671","2.6076"
"163.5650","0.2672","2.6117"
"163.5850","0.2673","2.6157"
"163.6050","0.2675","2.6199"
"163.6250","0.2676","2.6241"
"163.6450","0.2677","2.6283"
"163.6650","0.2679","2.6325"
"163.6850","0.2680","2.6367"
"163.7050","0.2681","2.6408"
"163.7250","0.2683","2.6449"
"163.7450","0.2684","2.6490"
"163.7650","0.2685","2.6531"
"163.7850","0.2687","2.6571"
"163.8050","0.2688","2.6612"
"163.8250","0.2689","2.6652"
"163.8450","0.2690","2.6692"
"163.8650","0.2692","2.6733"
"163.8850","0.2693","2.6774"
"163.9050","0.2694","2.6814"
"163.9250","0.2696","2.6855"
"163.9450","0.2697","2.6895"
"163.9650","0.2698","2.6935"
"163.9850","0.2699","2.6976"
"164.0050","0.2701","2.7017"
"164.0250","0.2702","2.7058"
"164.0450","0.2703","2.7098"
"164.0650","0.2704","2.7138"
"164.0850","0.2706","2.7179"
"164.1050","0.2707","2.7219"
"164.1250","0.2708","2.7258"
"164.1450","0.2710","2.7298"
"164.1650","0.2711","2.7338"
"164.1850","0.2712","2.7378"
"164.2050","0.2713","2.7417"
"164.2250","0.2714","2.7456"
"164.2450","0.2716","2.7494"
"164.2650","0.2717","2.7533"
"164.2850","0.2718","2.7571"
"164.3050","0.2719","2.7609"
"164.3250","0.2720","2.7646"
"164.3450","0.2722","2.7684"
"164.3650","0.2723","2.7722"
"164.3850","0.2724","2.7758"
"164.4050","0.2725","2.7796"
"164.4250","0.2726","2.7833"
"164.4450","0.2728","2.7870"
"164.4650","0.2729","2.7908"
"164.4850","0.2730","2.7946"
"164.5050","0.2731","2.7983"
"164.5250","0.2732","2.8020"
"164.5450","0.2733","2.8059"
"164.5650","0.2735","2.8098"
"164.5850","0.2736","2.8137"
"164.6050","0.2737","2.8177"
"164.6250","0.2738","2.8217"
"164.6450","0.2740","2.8257"
"164.6650","0.2741","2.8297"
"164.6850","0.2742","2.8338"
"164.7050","0.2743","2.8379"
"164.7250","0.2745","2.8420"
"164.7450","0.2746","2.8461"
"164.7650","0.2747","2.8503"
"164.7850","0.2748","2.8545"
"164.8050","0.2750","2.8588"
"164.8250","0.2751","2.8630"
"164.8450","0.2752","2.8671"
"164.8650","0.2754","2.8713"
"164.8850","0.2755","2.8754"
"164.9050","0.2756","2.8793"
"164.9250","0.2757","2.8835"
"164.9450","0.2759","2.8874"
"164.9650","0.2760","2.8915"
"164.9850","0.2761","2.8953"
"165.0050","0.2762","2.8992"
"165.0250","0.2763","2.9031"
"165.0450","0.2765","2.9070"
"165.0650","0.2766","2.9109"
"165.0850","0.2767","2.9149"
"165.1050","0.2768","2.9189"
"165.1250","0.2770","2.9229"
"165.1450","0.2771","2.9270"
"165.1650","0.2772","2.9311"
"165.1850","0.2773","2.9352"
"165.2050","0.2775","2.9396"
"165.2250","0.2776","2.9437"
"165.2450","0.2777","2.9480"
"165.2650","0.2778","2.9523"
"165.2850","0.2780","2.9566"
"165.3050","0.2781","2.9608"
"165.3250","0.2782","2.9651"
"165.3450","0.2784","2.9693"
"165.3650","0.2785","2.9734"
"165.3850","0.2786","2.9776"
"165.4050","0.2787","2.9818"
"165.4250","0.2789","2.9857"
"165.4450","0.2790","2.9898"
"165.4650","0.2791","2.9937"
"165.4850","0.2792","2.9977"
"165.5050","0.2793","3.0016"
"165.5250","0.2795","3.0055"
"165.5450","0.2796","3.0095"
"165.5650","0.2797","3.0134"
"165.5850","0.2798","3.0173"
"165.6050","0.2800","3.0213"
"165.6250","0.2801","3.0252"
"165.6450","0.2802","3.0291"
"165.6650","0.2803","3.0330"
"165.6850","0.2804","3.0369"
"165.7050","0.2805","3.0408"
"165.7250","0.2807","3.0447"
"165.7450","0.2808","3.0486"
"165.7650","0.2809","3.0524"
"165.7850","0.2810","3.0562"
"165.8050","0.2811","3.0600"
"165.8250","0.2812","3.0639"
"165.8450","0.2814","3.0677"
"165.8650","0.2815","3.0715"
"165.8850","0.2816","3.0753"
"165.9050","0.2817","3.0793"
"165.9250","0.2818","3.0831"
"165.9450","0.2819","3.0868"
"165.9650","0.2821","3.0905"
"165.9850","0.2822","3.0943"
"166.0050","0.2823","3.0980"
"166.0250","0.2824","3.1017"
"166.0450","0.2825","3.1054"
"166.0650","0.2826","3.1092"
"166.0850","0.2827","3.1129"
"166.1050","0.2828","3.1167"
"166.1250","0.2830","3.1204"
"166.1450","0.2831","3.1243"
"166.1650","0.2832","3.1281"
"166.1850","0.2833","3.1319"
"166.2050","0.2834","3.1358"
"166.2250","0.2835","3.1398"
"166.2450","0.2837","3.1438"
"166.2650","0.2838","3.1478"
"166.2850","0.2839","3.1520"
"166.3050","0.2840","3.1560"
"166.3250","0.2841","3.1601"
"166.3450","0.2843","3.1642"
"166.3650","0.2844","3.1685"
"166.3850","0.2845","3.1726"
"166.4050","0.2846","3.1768"
"166.4250","0.2848","3.1809"
"166.4450","0.2849","3.1851"
"166.4650","0.2850","3.1894"
"166.4850","0.2851","3.1935"
"166.5050","0.2853","3.1978"
"166.5250","0.2854","3.2020"
"166.5450","0.2855","3.2062"
"166.5650","0.2856","3.2103"
"166.5850","0.2857","3.2144"
"166.6050","0.2859","3.2185"
"166.6250","0.2860","3.2226"
"166.6450","0.2861","3.2267"
"166.6650","0.2862","3.2307"
"166.6850","0.2863","3.2347"
"166.7050","0.2865","3.2388"
"166.7250","0.2866","3.2427"
"166.7450","0.2867","3.2468"
"166.7650","0.2868","3.2509"
"166.7850","0.2869","3.2550"
"166.8050","0.2871","3.2592"
"166.8250","0.2872","3.2634"
"166.8450","0.2873","3.2676"
"166.8650","0.2874","3.2719"
"166.8850","0.2876","3.2762"
"166.9050","0.2877","3.2805"
"166.9250","0.2878","3.2847"
"166.9450","0.2879","3.2889"
"166.9650","0.2881","3.2932"
"166.9850","0.2882","3.2974"
"167.0050","0.2883","3.3015"
"167.0250","0.2884","3.3056"
"167.0450","0.2885","3.3096"
"167.0650","0.2887","3.3137"
"167.0850","0.2888","3.3176"
"167.1050","0.2889","3.3216"
"167.1250","0.2890","3.3255"
"167.1450","0.2891","3.3293"
"167.1650","0.2892","3.3332"
"167.1850","0.2894","3.3371"
"167.2050","0.2895","3.3410"
"167.2250","0.2896","3.3448"
"167.2450","0.2897","3.3487"
"167.2650","0.2898","3.3526"
"167.2850","0.2899","3.3565"
"167.3050","0.2900","3.3603"
"167.3250","0.2902","3.3643"
"167.3450","0.2903","3.3682"
"167.3650","0.2904","3.3722"
"167.3850","0.2905","3.3762"
"167.4050","0.2906","3.3800"
"167.4250","0.2907","3.3840"
"167.4450","0.2908","3.3879"
"167.4650","0.2910","3.3918"
"167.4850","0.2911","3.3957"
"167.5050","0.2912","3.3995"
"167.5250","0.2913","3.4034"
"167.5450","0.2914","3.4074"
"167.5650","0.2915","3.4113"
"167.5850","0.2916","3.4152"
"167.6050","0.2918","3.4192"
"167.6250","0.2919","3.4231"
"167.6450","0.2920","3.4270"
"167.6650","0.2921","3.4309"
"167.6850","0.2922","3.4348"
"167.7050","0.2923","3.4387"
"167.7250","0.2924","3.4426"
"167.7450","0.2925","3.4463"
"167.7650","0.2927","3.4502"
"167.7850","0.2928","3.4541"
"167.8050","0.2929","3.4581"
"167.8250","0.2930","3.4620"
"167.8450","0.2931","3.4658"
"167.8650","0.2932","3.4698"
"167.8850","0.2933","3.4738"
"167.9050","0.2934","3.4778"
"167.9250","0.2936","3.4819"
"167.9450","0.2937","3.4860"
"167.9650","0.2938","3.4902"
"167.9850","0.2939","3.4943"
"168.0050","0.2940","3.4986"
"168.0250","0.2941","3.5028"
"168.0450","0.2943","3.5071"
"168.0650","0.2944","3.5115"
"168.0850","0.2945","3.5158"
"168.1050","0.2946","3.5201"
"168.1250","0.2948","3.5244"
"168.1450","0.2949","3.5287"
"168.1650","0.2950","3.5330"
"168.1850","0.2951","3.5373"
"168.2050","0.2952","3.5416"
"168.2250","0.2954","3.5459"
"168.2450","0.2955","3.5501"
"168.2650","0.2956","3.5543"
"168.2850","0.2957","3.5584"
"168.3050","0.2958","3.5624"
"168.3250","0.2960","3.5664"
"168.3450","0.2961","3.5703"
"168.3650","0.2962","3.5743"
"168.3850","0.2963","3.5782"
"168.4050","0.2964","3.5820"
"168.4250","0.2965","3.5858"
"168.4450","0.2966","3.5896"
"168.4650","0.2967","3.5935"
"168.4850","0.2968","3.5973"
"168.5050","0.2970","3.6012"
"168.5250","0.2971","3.6050"
"168.5450","0.2972","3.6090"
"168.5650","0.2973","3.6128"
"168.5850","0.2974","3.6168"
"168.6050","0.2975","3.6207"
"168.6250","0.2976","3.6246"
"168.6450","0.2977","3.6287"
"168.6650","0.2978","3.6326"
"168.6850","0.2980","3.6366"
"168.7050","0.2981","3.6406"
"168.7250","0.2982","3.6445"
"168.7450","0.2983","3.6484"
"168.7650","0.2984","3.6522"
"168.7850","0.2985","3.6561"
"168.8050","0.2986","3.6600"
"168.8250","0.2987","3.6638"
"168.8450","0.2988","3.6676"
"168.8650","0.2989","3.6714"
"168.8850","0.2991","3.6752"
"168.9050","0.2992","3.6791"
"168.9250","0.2993","3.6829"
"168.9450","0.2994","3.6866"
"168.9650","0.2995","3.6905"
"168.9850","0.2996","3.6942"
"169.0050","0.2997","3.6981"
"169.0250","0.2998","3.7020"
"169.0450","0.2999","3.7058"
"169.0650","0.3000","3.7097"
"169.0850","0.3001","3.7137"
"169.1050","0.3002","3.7176"
"169.1250","0.3004","3.7215"
"169.1450","0.3005","3.7255"
"169.1650","0.3006","3.7294"
"169.1850","0.3007","3.7333"
"169.2050","0.3008","3.7374"
"169.2250","0.3009","3.7415"
"169.2450","0.3010","3.7454"
"169.2650","0.3011","3.7495"
"169.2850","0.3012","3.7534"
"169.3050","0.3014","3.7574"
"169.3250","0.3015","3.7615"
"169.3450","0.3016","3.7656"
"169.3650","0.3017","3.7696"
"169.3850","0.3018","3.7737"
"169.4050","0.3019","3.7777"
"169.4250","0.3020","3.7818"
"169.4450","0.3021","3.7858"
"169.4650","0.3023","3.7897"
"169.4850","0.3024","3.7937"
"169.5050","0.3025","3.7976"
"169.5250","0.3026","3.8016"
"169.5450","0.3027","3.8056"
"169.5650","0.3028","3.8095"
"169.5850","0.3029","3.8135"
"169.6050","0.3030","3.8175"
"169.6250","0.3031","3.8214"
"169.6450","0.3033","3.8254"
"169.6650","0.3034","3.8295"
"169.6850","0.3035","3.8335"
"169.7050","0.3036","3.8376"
"169.7250","0.3037","3.8417"
"169.7450","0.3038","3.8459"
"169.7650","0.3039","3.8500"
"169.7850","0.3040","3.8542"
"169.8050","0.3042","3.8584"
"169.8250","0.3043","3.8625"
"169.8450","0.3044","3.8668"
"169.8650","0.3045","3.8710"
"169.8850","0.3046","3.8751"
"169.9050","0.3047","3.8793"
"169.9250","0.3049","3.8836"
"169.9450","0.3050","3.8878"
"169.9650","0.3051","3.8918"
"169.9850","0.3052","3.8959"
"170.0050","0.3053","3.9001"
"170.0250","0.3054","3.9042"
"170.0450","0.3055","3.9082"
"170.0650","0.3056","3.9121"
"170.0850","0.3057","3.9161"
"170.1050","0.3059","3.9201"
"170.1250","0.3060","3.9241"
"170.1450","0.3061","3.9279"
"170.1650","0.3062","3.9318"
"170.1850","0.3063","3.9356"
"170.2050","0.3064","3.9394"
"170.2250","0.3065","3.9432"
"170.2450","0.3066","3.9470"
"170.2650","0.3067","3.9508"
"170.2850","0.3068","3.9546"
"170.3050","0.3069","3.9585"
"170.3250","0.3070","3.9624"
"170.3450","0.3071","3.9663"
"170.3650","0.3072","3.9701"
"170.3850","0.3073","3.9740"
"170.4050","0.3075","3.9780"
"170.4250","0.3076","3.9820"
"170.4450","0.3077","3.9860"
"170.4650","0.3078","3.9900"
"170.4850","0.3079","3.9941"
"170.5050","0.3080","3.9981"
"170.5250","0.3081","4.0022"
"170.5450","0.3082","4.0062"
"170.5650","0.3083","4.0103"
"170.5850","0.3084","4.0143"
"170.6050","0.3085","4.0183"
"170.6250","0.3087","4.0223"
"170.6450","0.3088","4.0262"
"170.6650","0.3089","4.0302"
"170.6850","0.3090","4.0342"
"170.7050","0.3091","4.0381"
"170.7250","0.3092","4.0420"
"170.7450","0.3093","4.0460"
"170.7650","0.3094","4.0500"
"170.7850","0.3095","4.0540"
"170.8050","0.3096","4.0579"
"170.8250","0.3097","4.0619"
"170.8450","0.3098","4.0660"
"170.8650","0.3099","4.0700"
"170.8850","0.3101","4.0741"
"170.9050","0.3102","4.0782"
"170.9250","0.3103","4.0823"
"170.9450","0.3104","4.0863"
"170.9650","0.3105","4.0905"
"170.9850","0.3106","4.0946"
"171.0050","0.3107","4.0988"
"171.0250","0.3108","4.1029"
"171.0450","0.3109","4.1070"
"171.0650","0.3110","4.1111"
"171.0850","0.3112","4.1152"
"171.1050","0.3113","4.1193"
"171.1250","0.3114","4.1233"
"171.1450","0.3115","4.1275"
"171.1650","0.3116","4.1316"
"171.1850","0.3117","4.1356"
"171.2050","0.3118","4.1397"
"171.2250","0.3119","4.1437"
"171.2450","0.3120","4.1478"
"171.2650","0.3121","4.1518"
"171.2850","0.3122","4.1558"
"171.3050","0.3124","4.1596"
"171.3250","0.3125","4.1636"
"171.3450","0.3126","4.1676"
"171.3650","0.3127","4.1714"
"171.3850","0.3128","4.1753"
"171.4050","0.3129","4.1792"
"171.4250","0.3130","4.1830"
"171.4450","0.3131","4.1870"
"171.4650","0.3132","4.1908"
"171.4850","0.3133","4.1947"
"171.5050","0.3134","4.1987"
"171.5250","0.3135","4.2026"
"171.5450","0.3136","4.2065"
"171.5650","0.3137","4.2106"
"171.5850","0.3138","4.2146"
"171.6050","0.3139","4.2187"
"171.6250","0.3140","4.2227"
"171.6450","0.3142","4.2268"
"171.6650","0.3143","4.2309"
"171.6850","0.3144","4.2350"
"171.7050","0.3145","4.2391"
"171.7250","0.3146","4.2432"
"171.7450","0.3147","4.2473"
"171.7650","0.3148","4.2514"
"171.7850","0.3149","4.2555"
"171.8050","0.3150","4.2596"
"171.8250","0.3151","4.2636"
"171.8450","0.3152","4.2677"
"171.8650","0.3153","4.2717"
"171.8850","0.3154","4.2757"
"171.9050","0.3155","4.2798"
"171.9250","0.3157","4.2837"
"171.9450","0.3158","4.2876"
"171.9650","0.3159","4.2916"
"171.9850","0.3160","4.2955"
"172.0050","0.3161","4.2993"
"172.0250","0.3162","4.3031"
"172.0450","0.3163","4.3070"
"172.0650","0.3164","4.3108"
"172.0850","0.3165","4.3145"
"172.1050","0.3166","4.3183"
"172.1250","0.3167","4.3221"
"172.1450","0.3168","4.3259"
"172.1650","0.3169","4.3298"
"172.1850","0.3170","4.3336"
"172.2050","0.3171","4.3376"
"172.2250","0.3172","4.3416"
"172.2450","0.3173","4.3455"
"172.2650","0.3174","4.3496"
"172.2850","0.3175","4.3536"
"172.3050","0.3176","4.3577"
"172.3250","0.3177","4.3620"
"172.3450","0.3178","4.3662"
"172.3650","0.3179","4.3704"
"172.3850","0.3180","4.3745"
"172.4050","0.3182","4.3787"
"172.4250","0.3183","4.3829"
"172.4450","0.3184","4.3871"
"172.4650","0.3185","4.3912"
"172.4850","0.3186","4.3955"
"172.5050","0.3187","4.3996"
"172.5250","0.3188","4.4037"
"172.5450","0.3189","4.4079"
"172.5650","0.3190","4.4120"
"172.5850","0.3191","4.4161"
"172.6050","0.3192","4.4202"
"172.6250","0.3193","4.4244"
"172.6450","0.3194","4.4286"
"172.6650","0.3196","4.4327"
"172.6850","0.3197","4.4368"
"172.7050","0.3198","4.4409"
"172.7250","0.3199","4.4451"
"172.7450","0.3200","4.4492"
"172.7650","0.3201","4.4534"
"172.7850","0.3202","4.4574"
"172.8050","0.3203","4.4615"
"172.8250","0.3204","4.4658"
"172.8450","0.3205","4.4698"
"172.8650","0.3206","4.4740"
"172.8850","0.3207","4.4782"
"172.9050","0.3208","4.4823"
"172.9250","0.3209","4.4864"
"172.9450","0.3210","4.4904"
"172.9650","0.3212","4.4945"
"172.9850","0.3213","4.4986"
"173.0050","0.3214","4.5026"
"173.0250","0.3215","4.5068"
"173.0450","0.3216","4.5108"
"173.0650","0.3217","4.5149"
"173.0850","0.3218","4.5189"
"173.1050","0.3219","4.5229"
"173.1250","0.3220","4.5269"
"173.1450","0.3221","4.5308"
"173.1650","0.3222","4.5348"
"173.1850","0.3223","4.5387"
"173.2050","0.3224","4.5426"
"173.2250","0.3225","4.5465"
"173.2450","0.3226","4.5503"
"173.2650","0.3227","4.5541"
"173.2850","0.3228","4.5580"
"173.3050","0.3229","4.5618"
"173.3250","0.3230","4.5657"
"173.3450","0.3231","4.5695"
"173.3650","0.3232","4.5733"
"173.3850","0.3233","4.5772"
"173.4050","0.3234","4.5811"
"173.4250","0.3235","4.5849"
"173.4450","0.3236","4.5888"
"173.4650","0.3237","4.5928"
"173.4850","0.3238","4.5967"
"173.5050","0.3239","4.6007"
"173.5250","0.3240","4.6047"
"173.5450","0.3241","4.6087"
"173.5650","0.3242","4.6127"
"173.5850","0.3243","4.6167"
"173.6050","0.3244","4.6207"
"173.6250","0.3245","4.6249"
"173.6450","0.3246","4.6290"
"173.6650","0.3247","4.6330"
"173.6850","0.3248","4.6371"
"173.7050","0.3249","4.6412"
"173.7250","0.3250","4.6452"
"173.7450","0.3251","4.6493"
"173.7650","0.3252","4.6534"
"173.7850","0.3253","4.6574"
"173.8050","0.3254","4.6614"
"173.8250","0.3255","4.6654"
"173.8450","0.3256","4.6694"
"173.8650","0.3257","4.6734"
"173.8850","0.3258","4.6775"
"173.9050","0.3259","4.6814"
"173.9250","0.3260","4.6853"
"173.9450","0.3261","4.6891"
"173.9650","0.3262","4.6931"
"173.9850","0.3263","4.6970"
"174.0050","0.3264","4.7009"
"174.0250","0.3265","4.7048"
"174.0450","0.3266","4.7087"
"174.0650","0.3267","4.7125"
"174.0850","0.3268","4.7164"
"174.1050","0.3269","4.7203"
"174.1250","0.3270","4.7243"
"174.1450","0.3271","4.7282"
"174.1650","0.3272","4.7322"
"174.1850","0.3273","4.7363"
"174.2050","0.3274","4.7404"
"174.2250","0.3275","4.7445"
"174.2450","0.3277","4.7486"
"174.2650","0.3278","4.7528"
"174.2850","0.3279","4.7570"
"174.3050","0.3280","4.7611"
"174.3250","0.3281","4.7654"
"174.3450","0.3282","4.7695"
"174.3650","0.3283","4.7736"
"174.3850","0.3284","4.7778"
"174.4050","0.3285","4.7820"
"174.4250","0.3286","4.7861"
"174.4450","0.3287","4.7902"
"174.4650","0.3288","4.7942"
"174.4850","0.3289","4.7982"
"174.5050","0.3290","4.8022"
"174.5250","0.3291","4.8062"
"174.5450","0.3292","4.8102"
"174.5650","0.3293","4.8142"
"174.5850","0.3294","4.8182"
"174.6050","0.3295","4.8221"
"174.6250","0.3296","4.8262"
"174.6450","0.3297","4.8301"
"174.6650","0.3298","4.8340"
"174.6850","0.3299","4.8381"
"174.7050","0.3300","4.8420"
"174.7250","0.3301","4.8460"
"174.7450","0.3302","4.8501"
"174.7650","0.3303","4.8540"
"174.7850","0.3304","4.8579"
"174.8050","0.3305","4.8620"
"174.8250","0.3306","4.8660"
"174.8450","0.3307","4.8699"
"174.8650","0.3308","4.8739"
"174.8850","0.3309","4.8779"
"174.9050","0.3310","4.8819"
"174.9250","0.3311","4.8858"
"174.9450","0.3312","4.8897"
"174.9650","0.3313","4.8937"
"174.9850","0.3314","4.8976"
"175.0050","0.3315","4.9016"
"175.0250","0.3316","4.9056"
"175.0450","0.3317","4.9095"
"175.0650","0.3318","4.9135"
"175.0850","0.3319","4.9174"
"175.1050","0.3320","4.9213"
"175.1250","0.3321","4.9252"
"175.1450","0.3322","4.9291"
"175.1650","0.3323","4.9330"
"175.1850","0.3324","4.9368"
"175.2050","0.3325","4.9406"
"175.2250","0.3325","4.9444"
"175.2450","0.3326","4.9482"
"175.2650","0.3327","4.9520"
"175.2850","0.3328","4.9557"
"175.3050","0.3329","4.9595"
"175.3250","0.3330","4.9634"
"175.3450","0.3331","4.9672"
"175.3650","0.3332","4.9710"
"175.3850","0.3333","4.9749"
"175.4050","0.3334","4.9788"
"175.4250","0.3335","4.9826"
"175.4450","0.3336","4.9866"
"175.4650","0.3337","4.9905"
"175.4850","0.3338","4.9945"
"175.5050","0.3339","4.9985"
"175.5250","0.3340","5.0025"
"175.5450","0.3341","5.0066"
"175.5650","0.3342","5.0107"
"175.5850","0.3343","5.0147"
"175.6050","0.3344","5.0188"
"175.6250","0.3345","5.0229"
"175.6450","0.3346","5.0271"
"175.6650","0.3347","5.0312"
"175.6850","0.3348","5.0353"
"175.7050","0.3349","5.0395"
"175.7250","0.3350","5.0436"
"175.7450","0.3351","5.0478"
"175.7650","0.3352","5.0519"
"175.7850","0.3353","5.0560"
"175.8050","0.3354","5.0601"
"175.8250","0.3355","5.0642"
"175.8450","0.3356","5.0683"
"175.8650","0.3357","5.0724"
"175.8850","0.3358","5.0763"
"175.9050","0.3359","5.0803"
"175.9250","0.3360","5.0842"
"175.9450","0.3361","5.0882"
"175.9650","0.3362","5.0921"
"175.9850","0.3363","5.0961"
"176.0050","0.3364","5.0998"
"176.0250","0.3365","5.1038"
"176.0450","0.3366","5.1076"
"176.0650","0.3367","5.1115"
"176.0850","0.3368","5.1154"
"176.1050","0.3368","5.1193"
"176.1250","0.3369","5.1231"
"176.1450","0.3370","5.1271"
"176.1650","0.3371","5.1311"
"176.1850","0.3372","5.1350"
"176.2050","0.3373","5.1390"
"176.2250","0.3374","5.1430"
"176.2450","0.3375","5.1470"
"176.2650","0.3376","5.1511"
"176.2850","0.3377","5.1552"
"176.3050","0.3378","5.1593"
"176.3250","0.3379","5.1634"
"176.3450","0.3380","5.1677"
"176.3650","0.3381","5.1718"
"176.3850","0.3382","5.1759"
"176.4050","0.3383","5.1799"
"176.4250","0.3384","5.1841"
"176.4450","0.3385","5.1882"
"176.4650","0.3386","5.1923"
"176.4850","0.3387","5.1963"
"176.5050","0.3388","5.2004"
"176.5250","0.3389","5.2044"
"176.5450","0.3390","5.2085"
"176.5650","0.3391","5.2124"
"176.5850","0.3392","5.2164"
"176.6050","0.3393","5.2204"
"176.6250","0.3394","5.2243"
"176.6450","0.3395","5.2283"
"176.6650","0.3396","5.2322"
"176.6850","0.3397","5.2362"
"176.7050","0.3398","5.2400"
"176.7250","0.3399","5.2440"
"176.7450","0.3400","5.2480"
"176.7650","0.3401","5.2519"
"176.7850","0.3402","5.2558"
"176.8050","0.3403","5.2598"
"176.8250","0.3404","5.2639"
"176.8450","0.3405","5.2678"
"176.8650","0.3406","5.2718"
"176.8850","0.3406","5.2758"
"176.9050","0.3407","5.2798"
"176.9250","0.3408","5.2839"
"176.9450","0.3409","5.2878"
"176.9650","0.3410","5.2918"
"176.9850","0.3411","5.2957"
"177.0050","0.3412","5.2996"
"177.0250","0.3413","5.3035"
"177.0450","0.3414","5.3076"
"177.0650","0.3415","5.3116"
"177.0850","0.3416","5.3155"
"177.1050","0.3417","5.3195"
"177.1250","0.3418","5.3234"
"177.1450","0.3419","5.3274"
"177.1650","0.3420","5.3313"
"177.1850","0.3421","5.3353"
"177.2050","0.3422","5.3392"
"177.2250","0.3423","5.3430"
"177.2450","0.3424","5.3469"
"177.2650","0.3425","5.3508"
"177.2850","0.3426","5.3546"
"177.3050","0.3427","5.3584"
"177.3250","0.3427","5.3623"
"177.3450","0.3428","5.3662"
"177.3650","0.3429","5.3701"
"177.3850","0.3430","5.3739"
"177.4050","0.3431","5.3777"
"177.4250","0.3432","5.3815"
"177.4450","0.3433","5.3853"
"177.4650","0.3434","5.3891"
"177.4850","0.3435","5.3930"
"177.5050","0.3436","5.3969"
"177.5250","0.3437","5.4008"
"177.5450","0.3438","5.4046"
"177.5650","0.3439","5.4086"
"177.5850","0.3440","5.4125"
"177.6050","0.3440","5.4164"
"177.6250","0.3441","5.4204"
"177.6450","0.3442","5.4244"
"177.6650","0.3443","5.4284"
"177.6850","0.3444","5.4324"
"177.7050","0.3445","5.4365"
"177.7250","0.3446","5.4404"
"177.7450","0.3447","5.4444"
"177.7650","0.3448","5.4486"
"177.7850","0.3449","5.4526"
"177.8050","0.3450","5.4566"
"177.8250","0.3451","5.4607"
"177.8450","0.3452","5.4648"
"177.8650","0.3453","5.4689"
"177.8850","0.3454","5.4728"
"177.9050","0.3455","5.4770"
"177.9250","0.3456","5.4810"
"177.9450","0.3457","5.4850"
"177.9650","0.3458","5.4891"
"177.9850","0.3459","5.4931"
"178.0050","0.3460","5.4971"
"178.0250","0.3461","5.5011"
"178.0450","0.3462","5.5051"
"178.0650","0.3463","5.5090"
"178.0850","0.3464","5.5130"
"178.1050","0.3465","5.5170"
"178.1250","0.3465","5.5208"
"178.1450","0.3466","5.5248"
"178.1650","0.3467","5.5287"
"178.1850","0.3468","5.5326"
"178.2050","0.3469","5.5365"
"178.2250","0.3470","5.5406"
"178.2450","0.3471","5.5444"
"178.2650","0.3472","5.5485"
"178.2850","0.3473","5.5526"
"178.3050","0.3474","5.5567"
"178.3250","0.3475","5.5607"
"178.3450","0.3476","5.5649"
"178.3650","0.3477","5.5691"
"178.3850","0.3478","5.5733"
"178.4050","0.3479","5.5775"
"178.4250","0.3480","5.5817"
"178.4450","0.3481","5.5858"
"178.4650","0.3482","5.5901"
"178.4850","0.3483","5.5944"
"178.5050","0.3484","5.5986"
"178.5250","0.3485","5.6027"
"178.5450","0.3486","5.6068"
"178.5650","0.3487","5.6110"
"178.5850","0.3488","5.6150"
"178.6050","0.3489","5.6191"
"178.6250","0.3490","5.6233"
"178.6450","0.3491","5.6273"
"178.6650","0.3492","5.6313"
"178.6850","0.3493","5.6353"
"178.7050","0.3494","5.6394"
"178.7250","0.3495","5.6434"
"178.7450","0.3495","5.6474"
"178.7650","0.3496","5.6515"
"178.7850","0.3497","5.6555"
"178.8050","0.3498","5.6594"
"178.8250","0.3499","5.6635"
"178.8450","0.3500","5.6675"
"178.8650","0.3501","5.6714"
"178.8850","0.3502","5.6754"
"178.9050","0.3503","5.6795"
"178.9250","0.3504","5.6836"
"178.9450","0.3505","5.6876"
"178.9650","0.3506","5.6916"
"178.9850","0.3507","5.6957"
"179.0050","0.3508","5.6997"
"179.0250","0.3509","5.7037"
"179.0450","0.3510","5.7077"
"179.0650","0.3511","5.7118"
"179.0850","0.3512","5.7159"
"179.1050","0.3513","5.7198"
"179.1250","0.3514","5.7238"
"179.1450","0.3515","5.7278"
"179.1650","0.3516","5.7319"
"179.1850","0.3517","5.7359"
"179.2050","0.3517","5.7399"
"179.2250","0.3518","5.7439"
"179.2450","0.3519","5.7479"
"179.2650","0.3520","5.7519"
"179.2850","0.3521","5.7558"
"179.3050","0.3522","5.7596"
"179.3250","0.3523","5.7635"
"179.3450","0.3524","5.7673"
"179.3650","0.3525","5.7712"
"179.3850","0.3526","5.7751"
"179.4050","0.3527","5.7789"
"179.4250","0.3528","5.7827"
"179.4450","0.3529","5.7865"
"179.4650","0.3530","5.7902"
"179.4850","0.3530","5.7940"
"179.5050","0.3531","5.7979"
"179.5250","0.3532","5.8016"
"179.5450","0.3533","5.8054"
"179.5650","0.3534","5.8092"
"179.5850","0.3535","5.8130"
"179.6050","0.3536","5.8169"
"179.6250","0.3537","5.8208"
"179.6450","0.3538","5.8247"
"179.6650","0.3539","5.8286"
"179.6850","0.3540","5.8325"
"179.7050","0.3541","5.8365"
"179.7250","0.3542","5.8405"
"179.7450","0.3542","5.8446"
"179.7650","0.3543","5.8486"
"179.7850","0.3544","5.8527"
"179.8050","0.3545","5.8568"
"179.8250","0.3546","5.8610"
"179.8450","0.3547","5.8651"
"179.8650","0.3548","5.8693"
"179.8850","0.3549","5.8735"
"179.9050","0.3550","5.8777"
"179.9250","0.3551","5.8820"
"179.9450","0.3552","5.8861"
"179.9650","0.3553","5.8903"
"179.9850","0.3554","5.8945"
"180.0050","0.3555","5.8986"
"180.0250","0.3556","5.9028"
"180.0450","0.3557","5.9069"
"180.0650","0.3558","5.9110"
"180.0850","0.3559","5.9151"
"180.1050","0.3560","5.9190"
"180.1250","0.3561","5.9230"
"180.1450","0.3562","5.9270"
"180.1650","0.3563","5.9310"
"180.1850","0.3564","5.9349"
"180.2050","0.3565","5.9389"
"180.2250","0.3566","5.9428"
"180.2450","0.3567","5.9466"
"180.2650","0.3568","5.9505"
"180.2850","0.3569","5.9544"
"180.3050","0.3569","5.9583"
"180.3250","0.3570","5.9623"
"180.3450","0.3571","5.9662"
"180.3650","0.3572","5.9701"
"180.3850","0.3573","5.9741"
"180.4050","0.3574","5.9782"
"180.4250","0.3575","5.9822"
"180.4450","0.3576","5.9862"
"180.4650","0.3577","5.9904"
"180.4850","0.3578","5.9946"
"180.5050","0.3579","5.9986"
"180.5120","0.3579","6.0001"
"180.5130","0.3579","6.0003"
"180.5140","0.3580","6.0005"
"180.5340","0.3580","6.0044"
"180.5540","0.3581","6.0059"
"180.5740","0.3581","6.0048"
"180.5940","0.3581","6.0028"
"180.6140","0.3580","6.0008"
"180.6340","0.3580","5.9988"
"180.6540","0.3580","5.9966"
"180.6740","0.3579","5.9945"
"180.6940","0.3579","5.9923"
"180.7140","0.3579","5.9899"
"180.7340","0.3578","5.9875"
"180.7540","0.3578","5.9849"
"180.7740","0.3577","5.9822"
"180.7940","0.3577","5.9794"
"180.8140","0.3576","5.9765"
"180.8340","0.3576","5.9735"
"180.8540","0.3575","5.9706"
"180.8740","0.3575","5.9675"
"180.8940","0.3574","5.9644"
"180.9140","0.3573","5.9612"
"180.9340","0.3573","5.9580"
"180.9540","0.3572","5.9548"
"180.9740","0.3572","5.9514"
"180.9940","0.3571","5.9481"
"181.0140","0.3571","5.9446"
"181.0340","0.3570","5.9412"
"181.0540","0.3569","5.9378"
"181.0740","0.3569","5.9342"
"181.0940","0.3568","5.9307"
"181.1140","0.3567","5.9272"
"181.1340","0.3567","5.9236"
"181.1540","0.3566","5.9199"
"181.1740","0.3565","5.9162"
"181.1940","0.3565","5.9124"
"181.2140","0.3564","5.9087"
"181.2340","0.3563","5.9049"
"181.2540","0.3563","5.9011"
"181.2740","0.3562","5.8972"
"181.2940","0.3561","5.8933"
"181.3140","0.3561","5.8894"
"181.3340","0.3560","5.8854"
"181.3540","0.3559","5.8815"
"181.3740","0.3559","5.8775"
"181.3940","0.3558","5.8733"
"181.4140","0.3557","5.8693"
"181.4340","0.3556","5.8652"
"181.4540","0.3556","5.8611"
"181.4740","0.3555","5.8569"
"181.4940","0.3554","5.8528"
"181.5140","0.3553","5.8486"
"181.5340","0.3553","5.8445"
"181.5540","0.3552","5.8402"
"181.5740","0.3551","5.8359"
"181.5940","0.3550","5.8317"
"181.6140","0.3550","5.8275"
"181.6340","0.3549","5.8232"
"181.6540","0.3548","5.8190"
"181.6740","0.3547","5.8146"
"181.6940","0.3547","5.8104"
"181.7140","0.3546","5.8062"
"181.7340","0.3545","5.8020"
"181.7540","0.3544","5.7977"
"181.7740","0.3543","5.7934"
"181.7940","0.3543","5.7892"
"181.8140","0.3542","5.7849"
"181.8340","0.3541","5.7807"
"181.8540","0.3540","5.7765"
"181.8740","0.3540","5.7722"
"181.8940","0.3539","5.7680"
"181.9140","0.3538","5.7637"
"181.9340","0.3537","5.7595"
"181.9540","0.3537","5.7555"
"181.9740","0.3536","5.7514"
"181.9940","0.3535","5.7471"
"182.0140","0.3534","5.7428"
"182.0340","0.3534","5.7387"
"182.0540","0.3533","5.7346"
"182.0740","0.3532","5.7303"
"182.0940","0.3531","5.7261"
"182.1140","0.3530","5.7218"
"182.1340","0.3530","5.7175"
"182.1540","0.3529","5.7134"
"182.1740","0.3528","5.7092"
"182.1940","0.3527","5.7049"
"182.2140","0.3527","5.7007"
"182.2340","0.3526","5.6965"
"182.2540","0.3525","5.6924"
"182.2740","0.3524","5.6882"
"182.2940","0.3524","5.6840"
"182.3140","0.3523","5.6798"
"182.3340","0.3522","5.6755"
"182.3540","0.3521","5.6713"
"182.3740","0.3521","5.6670"
"182.3940","0.3520","5.6628"
"182.4140","0.3519","5.6585"
"182.4340","0.3518","5.6543"
"182.4540","0.3517","5.6500"
"182.4740","0.3517","5.6457"
"182.4940","0.3516","5.6414"
"182.5140","0.3515","5.6371"
"182.5340","0.3514","5.6328"
"182.5540","0.3514","5.6285"
"182.5740","0.3513","5.6241"
"182.5940","0.3512","5.6198"
"182.6140","0.3511","5.6154"
"182.6340","0.3510","5.6111"
"182.6540","0.3510","5.6067"
"182.6740","0.3509","5.6024"
"182.6940","0.3508","5.5980"
"182.7140","0.3507","5.5936"
"182.7340","0.3506","5.5893"
"182.7540","0.3506","5.5849"
"182.7740","0.3505","5.5805"
"182.7940","0.3504","5.5761"
"182.8140","0.3503","5.5718"
"182.8340","0.3502","5.5675"
"182.8540","0.3501","5.5632"
"182.8740","0.3501","5.5588"
"182.8940","0.3500","5.5545"
"182.9140","0.3499","5.5502"
"182.9340","0.3498","5.5459"
"182.9540","0.3497","5.5416"
"182.9740","0.3497","5.5373"
"182.9940","0.3496","5.5331"
"183.0140","0.3495","5.5289"
"183.0340","0.3494","5.5245"
"183.0540","0.3493","5.5203"
"183.0740","0.3493","5.5161"
"183.0940","0.3492","5.5119"
"183.1140","0.3491","5.5077"
"183.1340","0.3490","5.5035"
"183.1540","0.3490","5.4992"
"183.1740","0.3489","5.4951"
"183.1940","0.3488","5.4909"
"183.2140","0.3487","5.4868"
"183.2340","0.3486","5.4825"
"183.2540","0.3486","5.4784"
"183.2740","0.3485","5.4741"
"183.2940","0.3484","5.4700"
"183.3140","0.3483","5.4657"
"183.3340","0.3482","5.4614"
"183.3540","0.3482","5.4571"
"183.3740","0.3481","5.4529"
"183.3940","0.3480","5.4486"
"183.4140","0.3479","5.4443"
"183.4340","0.3478","5.4400"
"183.4540","0.3478","5.4357"
"183.4740","0.3477","5.4315"
"183.4940","0.3476","5.4273"
"183.5140","0.3475","5.4230"
"183.5340","0.3474","5.4188"
"183.5540","0.3473","5.4147"
"183.5740","0.3473","5.4104"
"183.5940","0.3472","5.4062"
"183.6140","0.3471","5.4021"
"183.6340","0.3470","5.3979"
"183.6540","0.3470","5.3938"
"183.6740","0.3469","5.3898"
"183.6940","0.3468","5.3857"
"183.7140","0.3467","5.3817"
"183.7340","0.3466","5.3775"
"183.7540","0.3466","5.3734"
"183.7740","0.3465","5.3693"
"183.7940","0.3464","5.3653"
"183.8140","0.3463","5.3612"
"183.8340","0.3463","5.3571"
"183.8540","0.3462","5.3531"
"183.8740","0.3461","5.3491"
"183.8940","0.3460","5.3450"
"183.9140","0.3459","5.3409"
"183.9340","0.3459","5.3369"
"183.9540","0.3458","5.3328"
"183.9740","0.3457","5.3288"
"183.9940","0.3456","5.3248"
"184.0140","0.3455","5.3207"
"184.0340","0.3455","5.3166"
"184.0540","0.3454","5.3126"
"184.0740","0.3453","5.3086"
"184.0940","0.3452","5.3045"
"184.1140","0.3452","5.3005"
"184.1340","0.3451","5.2964"
"184.1540","0.3450","5.2924"
"184.1740","0.3449","5.2883"
"184.1940","0.3448","5.2842"
"184.2140","0.3448","5.2801"
"184.2340","0.3447","5.2761"
"184.2540","0.3446","5.2720"
"184.2740","0.3445","5.2679"
"184.2940","0.3444","5.2638"
"184.3140","0.3444","5.2598"
"184.3340","0.3443","5.2558"
"184.3540","0.3442","5.2516"
"184.3740","0.3441","5.2476"
"184.3940","0.3441","5.2435"
"184.4140","0.3440","5.2394"
"184.4340","0.3439","5.2354"
"184.4540","0.3438","5.2313"
"184.4740","0.3437","5.2272"
"184.4940","0.3437","5.2233"
"184.5140","0.3436","5.2193"
"184.5340","0.3435","5.2152"
"184.5540","0.3434","5.2112"
"184.5740","0.3433","5.2073"
"184.5940","0.3433","5.2032"
"184.6140","0.3432","5.1992"
"184.6340","0.3431","5.1953"
"184.6540","0.3430","5.1913"
"184.6740","0.3430","5.1873"
"184.6940","0.3429","5.1833"
"184.7140","0.3428","5.1794"
"184.7340","0.3427","5.1754"
"184.7540","0.3426","5.1714"
"184.7740","0.3426","5.1675"
"184.7940","0.3425","5.1636"
"184.8140","0.3424","5.1596"
"184.8340","0.3423","5.1556"
"184.8540","0.3422","5.1516"
"184.8740","0.3422","5.1475"
"184.8940","0.3421","5.1435"
"184.9140","0.3420","5.1395"
"184.9340","0.3419","5.1355"
"184.9540","0.3418","5.1314"
"184.9740","0.3418","5.1274"
"184.9940","0.3417","5.1233"
"185.0140","0.3416","5.1193"
"185.0340","0.3415","5.1151"
"185.0540","0.3414","5.1111"
"185.0740","0.3414","5.1070"
"185.0940","0.3413","5.1029"
"185.1140","0.3412","5.0989"
"185.1340","0.3411","5.0948"
"185.1540","0.3410","5.0906"
"185.1740","0.3409","5.0865"
"185.1940","0.3409","5.0824"
"185.2140","0.3408","5.0783"
"185.2340","0.3407","5.0741"
"185.2540","0.3406","5.0700"
"185.2740","0.3405","5.0660"
"185.2940","0.3404","5.0618"
"185.3140","0.3404","5.0577"
"185.3340","0.3403","5.0535"
"185.3540","0.3402","5.0494"
"185.3740","0.3401","5.0453"
"185.3940","0.3400","5.0412"
"185.4140","0.3399","5.0371"
"185.4340","0.3399","5.0330"
"185.4540","0.3398","5.0289"
"185.4740","0.3397","5.0248"
"185.4940","0.3396","5.0208"
"185.5140","0.3395","5.0167"
"185.5340","0.3395","5.0127"
"185.5540","0.3394","5.0087"
"185.5740","0.3393","5.0047"
"185.5940","0.3392","5.0006"
"185.6140","0.3391","4.9966"
"185.6340","0.3390","4.9927"
"185.6540","0.3390","4.9887"
"185.6740","0.3389","4.9846"
"185.6940","0.3388","4.9806"
"185.7140","0.3387","4.9766"
"185.7340","0.3386","4.9726"
"185.7540","0.3386","4.9686"
"185.7740","0.3385","4.9645"
"185.7940","0.3384","4.9605"
"185.8140","0.3383","4.9564"
"185.8340","0.3382","4.9523"
"185.8540","0.3381","4.9482"
"185.8740","0.3381","4.9441"
"185.8940","0.3380","4.9399"
"185.9140","0.3379","4.9358"
"185.9340","0.3378","4.9317"
"185.9540","0.3377","4.9276"
"185.9740","0.3376","4.9234"
"185.9940","0.3375","4.9193"
"186.0140","0.3375","4.9153"
"186.0340","0.3374","4.9112"
"186.0540","0.3373","4.9070"
"186.0740","0.3372","4.9030"
"186.0940","0.3371","4.8989"
"186.1140","0.3370","4.8950"
"186.1340","0.3370","4.8909"
"186.1540","0.3369","4.8869"
"186.1740","0.3368","4.8829"
"186.1940","0.3367","4.8789"
"186.2140","0.3366","4.8749"
"186.2340","0.3366","4.8709"
"186.2540","0.3365","4.8670"
"186.2740","0.3364","4.8630"
"186.2940","0.3363","4.8590"
"186.3140","0.3362","4.8551"
"186.3340","0.3361","4.8511"
"186.3540","0.3361","4.8470"
"186.3740","0.3360","4.8430"
"186.3940","0.3359","4.8390"
"186.4140","0.3358","4.8351"
"186.4340","0.3357","4.8310"
"186.4540","0.3356","4.8269"
"186.4740","0.3356","4.8228"
"186.4940","0.3355","4.8188"
"186.5140","0.3354","4.8148"
"186.5340","0.3353","4.8107"
"186.5540","0.3352","4.8066"
"186.5740","0.3351","4.8025"
"186.5940","0.3350","4.7984"
"186.6140","0.3350","4.7943"
"186.6340","0.3349","4.7902"
"186.6540","0.3348","4.7861"
"186.6740","0.3347","4.7820"
"186.6940","0.3346","4.7779"
"186.7140","0.3345","4.7737"
"186.7340","0.3344","4.7697"
"186.7540","0.3344","4.7656"
"186.7740","0.3343","4.7616"
"186.7940","0.3342","4.7574"
"186.8140","0.3341","4.7533"
"186.8340","0.3340","4.7494"
"186.8540","0.3339","4.7454"
"186.8740","0.3338","4.7413"
"186.8940","0.3338","4.7374"
"186.9140","0.3337","4.7334"
"186.9340","0.3336","4.7293"
"186.9540","0.3335","4.7254"
"186.9740","0.3334","4.7214"
"186.9940","0.3333","4.7175"
"187.0140","0.3333","4.7134"
"187.0340","0.3332","4.7097"
"187.0540","0.3331","4.7058"
"187.0740","0.3330","4.7018"
"187.0940","0.3329","4.6979"
"187.1140","0.3328","4.6940"
"187.1340","0.3328","4.6902"
"187.1540","0.3327","4.6862"
"187.1740","0.3326","4.6823"
"187.1940","0.3325","4.6785"
"187.2140","0.3324","4.6747"
"187.2340","0.3323","4.6707"
"187.2540","0.3323","4.6667"
"187.2740","0.3322","4.6628"
"187.2940","0.3321","4.6589"
"187.3140","0.3320","4.6550"
"187.3340","0.3319","4.6510"
"187.3540","0.3318","4.6471"
"187.3740","0.3318","4.6430"
"187.3940","0.3317","4.6390"
"187.4140","0.3316","4.6351"
"187.4340","0.3315","4.6311"
"187.4540","0.3314","4.6270"
"187.4740","0.3313","4.6229"
"187.4940","0.3312","4.6189"
"187.5140","0.3312","4.6150"
"187.5340","0.3311","4.6109"
"187.5540","0.3310","4.6068"
"187.5740","0.3309","4.6027"
"187.5940","0.3308","4.5986"
"187.6140","0.3307","4.5946"
"187.6340","0.3306","4.5904"
"187.6540","0.3305","4.5864"
"187.6740","0.3305","4.5823"
"187.6940","0.3304","4.5781"
"187.7140","0.3303","4.5740"
"187.7340","0.3302","4.5699"
"187.7540","0.3301","4.5658"
"187.7740","0.3300","4.5617"
"187.7940","0.3299","4.5576"
"187.8140","0.3298","4.5535"
"187.8340","0.3297","4.5495"
"187.8540","0.3297","4.5454"
"187.8740","0.3296","4.5412"
"187.8940","0.3295","4.5373"
"187.9140","0.3294","4.5332"
"187.9340","0.3293","4.5293"
"187.9540","0.3292","4.5253"
"187.9740","0.3291","4.5212"
"187.9940","0.3290","4.5172"
"188.0140","0.3290","4.5132"
"188.0340","0.3289","4.5092"
"188.0540","0.3288","4.5053"
"188.0740","0.3287","4.5013"
"188.0940","0.3286","4.4973"
"188.1140","0.3285","4.4932"
"188.1340","0.3284","4.4892"
"188.1540","0.3283","4.4851"
"188.1740","0.3283","4.4812"
"188.1940","0.3282","4.4772"
"188.2140","0.3281","4.4730"
"188.2340","0.3280","4.4689"
"188.2540","0.3279","4.4648"
"188.2740","0.3278","4.4606"
"188.2940","0.3277","4.4566"
"188.3140","0.3276","4.4525"
"188.3340","0.3275","4.4485"
"188.3540","0.3274","4.4443"
"188.3740","0.3273","4.4402"
"188.3940","0.3273","4.4362"
"188.4140","0.3272","4.4321"
"188.4340","0.3271","4.4281"
"188.4540","0.3270","4.4241"
"188.4740","0.3269","4.4201"
"188.4940","0.3268","4.4161"
"188.5140","0.3267","4.4122"
"188.5340","0.3266","4.4081"
"188.5540","0.3265","4.4042"
"188.5740","0.3265","4.4003"
"188.5940","0.3264","4.3963"
"188.6140","0.3263","4.3925"
"188.6340","0.3262","4.3885"
"188.6540","0.3261","4.3845"
"188.6740","0.3260","4.3805"
"188.6940","0.3259","4.3765"
"188.7140","0.3258","4.3726"
"188.7340","0.3258","4.3686"
"188.7540","0.3257","4.3647"
"188.7740","0.3256","4.3607"
"188.7940","0.3255","4.3568"
"188.8140","0.3254","4.3528"
"188.8340","0.3253","4.3489"
"188.8540","0.3252","4.3449"
"188.8740","0.3251","4.3409"
"188.8940","0.3250","4.3370"
"188.9140","0.3249","4.3330"
"188.9340","0.3249","4.3290"
"188.9540","0.3248","4.3250"
"188.9740","0.3247","4.3210"
"188.9940","0.3246","4.3171"
"189.0140","0.3245","4.3131"
"189.0340","0.3244","4.3090"
"189.0540","0.3243","4.3050"
"189.0740","0.3242","4.3010"
"189.0940","0.3241","4.2970"
"189.1140","0.3240","4.2930"
"189.1340","0.3239","4.2890"
"189.1540","0.3239","4.2849"
"189.1740","0.3238","4.2809"
"189.1940","0.3237","4.2770"
"189.2140","0.3236","4.2731"
"189.2340","0.3235","4.2690"
"189.2540","0.3234","4.2650"
"189.2740","0.3233","4.2610"
"189.2940","0.3232","4.2571"
"189.3140","0.3231","4.2533"
"189.3340","0.3230","4.2493"
"189.3540","0.3230","4.2454"
"189.3740","0.3229","4.2414"
"189.3940","0.3228","4.2375"
"189.4140","0.3227","4.2336"
"189.4340","0.3226","4.2297"
"189.4540","0.3225","4.2258"
"189.4740","0.3224","4.2218"
"189.4940","0.3223","4.2179"
"189.5140","0.3222","4.2139"
"189.5340","0.3221","4.2100"
"189.5540","0.3221","4.2060"
"189.5740","0.3220","4.2020"
"189.5940","0.3219","4.1980"
"189.6140","0.3218","4.1940"
"189.6340","0.3217","4.1900"
"189.6540","0.3216","4.1860"
"189.6740","0.3215","4.1818"
"189.6940","0.3214","4.1777"
"189.7140","0.3213","4.1737"
"189.7340","0.3212","4.1697"
"189.7540","0.3211","4.1656"
"189.7740","0.3210","4.1616"
"189.7940","0.3209","4.1574"
"189.8140","0.3208","4.1532"
"189.8340","0.3207","4.1492"
"189.8540","0.3206","4.1451"
"189.8740","0.3206","4.1409"
"189.8940","0.3205","4.1368"
"189.9140","0.3204","4.1326"
"189.9340","0.3203","4.1284"
"189.9540","0.3202","4.1243"
"189.9740","0.3201","4.1201"
"189.9940","0.3200","4.1161"
"190.0140","0.3199","4.1120"
"190.0340","0.3198","4.1079"
"190.0540","0.3197","4.1037"
"190.0740","0.3196","4.0997"
"190.0940","0.3195","4.0956"
"190.1140","0.3194","4.0916"
"190.1340","0.3193","4.0876"
"190.1540","0.3192","4.0836"
"190.1740","0.3191","4.0796"
"190.1940","0.3190","4.0757"
"190.2140","0.3189","4.0718"
"190.2340","0.3188","4.0678"
"190.2540","0.3188","4.0639"
"190.2740","0.3187","4.0600"
"190.2940","0.3186","4.0561"
"190.3140","0.3185","4.0521"
"190.3340","0.3184","4.0481"
"190.3540","0.3183","4.0442"
"190.3740","0.3182","4.0402"
"190.3940","0.3181","4.0362"
"190.4140","0.3180","4.0322"
"190.4340","0.3179","4.0283"
"190.4540","0.3178","4.0243"
"190.4740","0.3177","4.0203"
"190.4940","0.3176","4.0162"
"190.5140","0.3175","4.0122"
"190.5340","0.3174","4.0082"
"190.5540","0.3173","4.0043"
"190.5740","0.3173","4.0004"
"190.5940","0.3172","3.9964"
"190.6140","0.3171","3.9925"
"190.6340","0.3170","3.9886"
"190.6540","0.3169","3.9848"
"190.6740","0.3168","3.9809"
"190.6940","0.3167","3.9770"
"190.7140","0.3166","3.9732"
"190.7340","0.3165","3.9693"
"190.7540","0.3164","3.9655"
"190.7740","0.3163","3.9617"
"190.7940","0.3162","3.9579"
"190.8140","0.3161","3.9541"
"190.8340","0.3161","3.9503"
"190.8540","0.3160","3.9464"
"190.8740","0.3159","3.9427"
"190.8940","0.3158","3.9388"
"190.9140","0.3157","3.9350"
"190.9340","0.3156","3.9311"
"190.9540","0.3155","3.9272"
"190.9740","0.3154","3.9232"
"190.9940","0.3153","3.9193"
"191.0140","0.3152","3.9154"
"191.0340","0.3151","3.9114"
"191.0540","0.3150","3.9074"
"191.0740","0.3149","3.9034"
"191.0940","0.3148","3.8995"
"191.1140","0.3147","3.8955"
"191.1340","0.3146","3.8915"
"191.1540","0.3145","3.8874"
"191.1740","0.3144","3.8834"
"191.1940","0.3143","3.8795"
"191.2140","0.3142","3.8754"
"191.2340","0.3141","3.8713"
"191.2540","0.3140","3.8673"
"191.2740","0.3139","3.8633"
"191.2940","0.3139","3.8591"
"191.3140","0.3138","3.8552"
"191.3340","0.3137","3.8512"
"191.3540","0.3136","3.8472"
"191.3740","0.3135","3.8432"
"191.3940","0.3134","3.8392"
"191.4140","0.3133","3.8352"
"191.4340","0.3132","3.8313"
"191.4540","0.3131","3.8274"
"191.4740","0.3130","3.8234"
"191.4940","0.3129","3.8194"
"191.5140","0.3128","3.8156"
"191.5340","0.3127","3.8117"
"191.5540","0.3126","3.8078"
"191.5740","0.3125","3.8038"
"191.5940","0.3124","3.7999"
"191.6140","0.3123","3.7960"
"191.6340","0.3122","3.7920"
"191.6540","0.3121","3.7880"
"191.6740","0.3120","3.7840"
"191.6940","0.3119","3.7800"
"191.7140","0.3118","3.7760"
"191.7340","0.3117","3.7719"
"191.7540","0.3116","3.7679"
"191.7740","0.3115","3.7638"
"191.7940","0.3114","3.7597"
"191.8140","0.3113","3.7556"
"191.8340","0.3112","3.7515"
"191.8540","0.3111","3.7474"
"191.8740","0.3110","3.7434"
"191.8940","0.3109","3.7392"
"191.9140","0.3108","3.7352"
"191.9340","0.3107","3.7310"
"191.9540","0.3106","3.7269"
"191.9740","0.3105","3.7227"
"191.9940","0.3104","3.7187"
"192.0140","0.3103","3.7146"
"192.0340","0.3102","3.7105"
"192.0540","0.3101","3.7065"
"192.0740","0.3100","3.7023"
"192.0940","0.3099","3.6982"
"192.1140","0.3098","3.6942"
"192.1340","0.3097","3.6901"
"192.1540","0.3096","3.6862"
"192.1740","0.3095","3.6821"
"192.1940","0.3094","3.6783"
"192.2140","0.3093","3.6743"
"192.2340","0.3092","3.6704"
"192.2540","0.3091","3.6665"
"192.2740","0.3090","3.6626"
"192.2940","0.3089","3.6588"
"192.3140","0.3088","3.6550"
"192.3340","0.3087","3.6511"
"192.3540","0.3086","3.6473"
"192.3740","0.3085","3.6434"
"192.3940","0.3084","3.6395"
"192.4140","0.3083","3.6356"
"192.4340","0.3082","3.6316"
"192.4540","0.3081","3.6278"
"192.4740","0.3080","3.6237"
"192.4940","0.3079","3.6197"
"192.5140","0.3078","3.6158"
"192.5340","0.3077","3.6118"
"192.5540","0.3076","3.6077"
"192.5740","0.3075","3.6039"
"192.5940","0.3074","3.5998"
"192.6140","0.3073","3.5959"
"192.6340","0.3072","3.5920"
"192.6540","0.3071","3.5880"
"192.6740","0.3070","3.5840"
"192.6940","0.3069","3.5802"
"192.7140","0.3068","3.5762"
"192.7340","0.3067","3.5724"
"192.7540","0.3066","3.5686"
"192.7740","0.3065","3.5647"
"192.7940","0.3064","3.5607"
"192.8140","0.3063","3.5568"
"192.8340","0.3062","3.5529"
"192.8540","0.3061","3.5489"
"192.8740","0.3060","3.5450"
"192.8940","0.3059","3.5411"
"192.9140","0.3058","3.5371"
"192.9340","0.3057","3.5330"
"192.9540","0.3056","3.5291"
"192.9740","0.3054","3.5250"
"192.9940","0.3053","3.5209"
"193.0140","0.3052","3.5169"
"193.0340","0.3051","3.5128"
"193.0540","0.3050","3.5087"
"193.0740","0.3049","3.5046"
"193.0940","0.3048","3.5005"
"193.1140","0.3047","3.4963"
"193.1340","0.3046","3.4921"
"193.1540","0.3045","3.4880"
"193.1740","0.3044","3.4838"
"193.1940","0.3043","3.4797"
"193.2140","0.3042","3.4755"
"193.2340","0.3041","3.4713"
"193.2540","0.3039","3.4671"
"193.2740","0.3038","3.4629"
"193.2940","0.3037","3.4587"
"193.3140","0.3036","3.4546"
"193.3340","0.3035","3.4503"
"193.3540","0.3034","3.4463"
"193.3740","0.3033","3.4422"
"193.3940","0.3032","3.4381"
"193.4140","0.3031","3.4341"
"193.4340","0.3030","3.4300"
"193.4540","0.3029","3.4260"
"193.4740","0.3028","3.4220"
"193.4940","0.3027","3.4181"
"193.5140","0.3025","3.4141"
"193.5340","0.3024","3.4101"
"193.5540","0.3023","3.4060"
"193.5740","0.3022","3.4020"
"193.5940","0.3021","3.3980"
"193.6140","0.3020","3.3941"
"193.6340","0.3019","3.3901"
"193.6540","0.3018","3.3862"
"193.6740","0.3017","3.3822"
"193.6940","0.3016","3.3782"
"193.7140","0.3015","3.3741"
"193.7340","0.3014","3.3702"
"193.7540","0.3013","3.3663"
"193.7740","0.3012","3.3622"
"193.7940","0.3011","3.3582"
"193.8140","0.3010","3.3542"
"193.8340","0.3009","3.3503"
"193.8540","0.3008","3.3463"
"193.8740","0.3006","3.3422"
"193.8940","0.3005","3.3382"
"193.9140","0.3004","3.3342"
"193.9340","0.3003","3.3303"
"193.9540","0.3002","3.3263"
"193.9740","0.3001","3.3223"
"193.9940","0.3000","3.3184"
"194.0140","0.2999","3.3144"
"194.0340","0.2998","3.3105"
"194.0540","0.2997","3.3066"
"194.0740","0.2996","3.3025"
"194.0940","0.2995","3.2987"
"194.1140","0.2994","3.2949"
"194.1340","0.2993","3.2911"
"194.1540","0.2992","3.2872"
"194.1740","0.2991","3.2834"
"194.1940","0.2990","3.2796"
"194.2140","0.2989","3.2759"
"194.2340","0.2988","3.2721"
"194.2540","0.2986","3.2683"
"194.2740","0.2985","3.2645"
"194.2940","0.2984","3.2607"
"194.3140","0.2983","3.2569"
"194.3340","0.2982","3.2531"
"194.3540","0.2981","3.2491"
"194.3740","0.2980","3.2453"
"194.3940","0.2979","3.2414"
"194.4140","0.2978","3.2375"
"194.4340","0.2977","3.2336"
"194.4540","0.2976","3.2295"
"194.4740","0.2975","3.2255"
"194.4940","0.2974","3.2216"
"194.5140","0.2973","3.2176"
"194.5340","0.2972","3.2135"
"194.5540","0.2970","3.2094"
"194.5740","0.2969","3.2054"
"194.5940","0.2968","3.2014"
"194.6140","0.2967","3.1974"
"194.6340","0.2966","3.1934"
"194.6540","0.2965","3.1894"
"194.6740","0.2964","3.1853"
"194.6940","0.2963","3.1812"
"194.7140","0.2962","3.1773"
"194.7340","0.2961","3.1731"
"194.7540","0.2959","3.1692"
"194.7740","0.2958","3.1650"
"194.7940","0.2957","3.1609"
"194.8140","0.2956","3.1567"
"194.8340","0.2955","3.1526"
"194.8540","0.2954","3.1485"
"194.8740","0.2953","3.1442"
"194.8940","0.2951","3.1400"
"194.9140","0.2950","3.1358"
"194.9340","0.2949","3.1315"
"194.9540","0.2948","3.1272"
"194.9740","0.2947","3.1230"
"194.9940","0.2945","3.1188"
"195.0140","0.2944","3.1145"
"195.0340","0.2943","3.1103"
"195.0540","0.2942","3.1061"
"195.0740","0.2941","3.1019"
"195.0940","0.2940","3.0977"
"195.1140","0.2938","3.0934"
"195.1340","0.2937","3.0893"
"195.1540","0.2936","3.0852"
"195.1740","0.2935","3.0812"
"195.1940","0.2934","3.0771"
"195.2140","0.2933","3.0731"
"195.2340","0.2932","3.0692"
"195.2540","0.2931","3.0653"
"195.2740","0.2929","3.0612"
"195.2940","0.2928","3.0573"
"195.3140","0.2927","3.0534"
"195.3340","0.2926","3.0496"
"195.3540","0.2925","3.0458"
"195.3740","0.2924","3.0421"
"195.3940","0.2923","3.0382"
"195.4140","0.2922","3.0344"
"195.4340","0.2921","3.0305"
"195.4540","0.2920","3.0266"
"195.4740","0.2919","3.0228"
"195.4940","0.2917","3.0191"
"195.5140","0.2916","3.0152"
"195.5340","0.2915","3.0113"
"195.5540","0.2914","3.0074"
"195.5740","0.2913","3.0035"
"195.5940","0.2912","2.9997"
"195.6140","0.2911","2.9957"
"195.6340","0.2910","2.9917"
"195.6540","0.2909","2.9878"
"195.6740","0.2908","2.9839"
"195.6940","0.2906","2.9800"
"195.7140","0.2905","2.9760"
"195.7340","0.2904","2.9720"
"195.7540","0.2903","2.9680"
"195.7740","0.2902","2.9641"
"195.7940","0.2901","2.9601"
"195.8140","0.2900","2.9561"
"195.8340","0.2898","2.9521"
"195.8540","0.2897","2.9480"
"195.8740","0.2896","2.9440"
"195.8940","0.2895","2.9400"
"195.9140","0.2894","2.9360"
"195.9340","0.2893","2.9321"
"195.9540","0.2892","2.9282"
"195.9740","0.2890","2.9243"
"195.9940","0.2889","2.9205"
"196.0140","0.2888","2.9166"
"196.0340","0.2887","2.9128"
"196.0540","0.2886","2.9089"
"196.0740","0.2885","2.9051"
"196.0940","0.2884","2.9011"
"196.1140","0.2882","2.8972"
"196.1340","0.2881","2.8931"
"196.1540","0.2880","2.8892"
"196.1740","0.2879","2.8851"
"196.1940","0.2878","2.8809"
"196.2140","0.2877","2.8768"
"196.2340","0.2875","2.8726"
"196.2540","0.2874","2.8684"
"196.2740","0.2873","2.8641"
"196.2940","0.2872","2.8599"
"196.3140","0.2870","2.8557"
"196.3340","0.2869","2.8515"
"196.3540","0.2868","2.8473"
"196.3740","0.2867","2.8432"
"196.3940","0.2866","2.8392"
"196.4140","0.2864","2.8351"
"196.4340","0.2863","2.8310"
"196.4540","0.2862","2.8269"
"196.4740","0.2861","2.8229"
"196.4940","0.2860","2.8189"
"196.5140","0.2858","2.8149"
"196.5340","0.2857","2.8108"
"196.5540","0.2856","2.8068"
"196.5740","0.2855","2.8027"
"196.5940","0.2854","2.7987"
"196.6140","0.2852","2.7946"
"196.6340","0.2851","2.7905"
"196.6540","0.2850","2.7866"
"196.6740","0.2849","2.7825"
"196.6940","0.2848","2.7785"
"196.7140","0.2846","2.7744"
"196.7340","0.2845","2.7705"
"196.7540","0.2844","2.7663"
"196.7740","0.2843","2.7623"
"196.7940","0.2842","2.7583"
"196.8140","0.2840","2.7543"
"196.8340","0.2839","2.7502"
"196.8540","0.2838","2.7462"
"196.8740","0.2837","2.7422"
"196.8940","0.2835","2.7381"
"196.9140","0.2834","2.7342"
"196.9340","0.2833","2.7303"
"196.9540","0.2832","2.7265"
"196.9740","0.2831","2.7226"
"196.9940","0.2830","2.7188"
"197.0140","0.2828","2.7150"
"197.0340","0.2827","2.7112"
"197.0540","0.2826","2.7075"
"197.0740","0.2825","2.7038"
"197.0940","0.2824","2.7001"
"197.1140","0.2823","2.6964"
"197.1340","0.2822","2.6927"
"197.1540","0.2820","2.6889"
"197.1740","0.2819","2.6851"
"197.1940","0.2818","2.6813"
"197.2140","0.2817","2.6775"
"197.2340","0.2816","2.6736"
"197.2540","0.2815","2.6698"
"197.2740","0.2813","2.6660"
"197.2940","0.2812","2.6620"
"197.3140","0.2811","2.6581"
"197.3340","0.2810","2.6542"
"197.3540","0.2809","2.6502"
"197.3740","0.2807","2.6463"
"197.3940","0.2806","2.6424"
"197.4140","0.2805","2.6383"
"197.4340","0.2804","2.6343"
"197.4540","0.2803","2.6303"
"197.4740","0.2801","2.6263"
"197.4940","0.2800","2.6222"
"197.5140","0.2799","2.6181"
"197.5340","0.2797","2.6140"
"197.5540","0.2796","2.6099"
"197.5740","0.2795","2.6058"
"197.5940","0.2794","2.6017"
"197.6140","0.2792","2.5977"
"197.6340","0.2791","2.5937"
"197.6540","0.2790","2.5897"
"197.6740","0.2789","2.5856"
"197.6940","0.2787","2.5816"
"197.7140","0.2786","2.5776"
"197.7340","0.2785","2.5735"
"197.7540","0.2784","2.5694"
"197.7740","0.2782","2.5653"
"197.7940","0.2781","2.5612"
"197.8140","0.2780","2.5570"
"197.8340","0.2778","2.5529"
"197.8540","0.2777","2.5486"
"197.8740","0.2776","2.5444"
"197.8940","0.2775","2.5402"
"197.9140","0.2773","2.5359"
"197.9340","0.2772","2.5317"
"197.9540","0.2771","2.5275"
"197.9740","0.2769","2.5234"
"197.9940","0.2768","2.5192"
"198.0140","0.2767","2.5152"
"198.0340","0.2765","2.5111"
"198.0540","0.2764","2.5071"
"198.0740","0.2763","2.5031"
"198.0940","0.2762","2.4989"
"198.1140","0.2760","2.4950"
"198.1340","0.2759","2.4910"
"198.1540","0.2758","2.4870"
"198.1740","0.2756","2.4829"
"198.1940","0.2755","2.4790"
"198.2140","0.2754","2.4750"
"198.2340","0.2753","2.4708"
"198.2540","0.2751","2.4668"
"198.2740","0.2750","2.4627"
"198.2940","0.2749","2.4586"
"198.3140","0.2747","2.4546"
"198.3340","0.2746","2.4504"
"198.3540","0.2745","2.4464"
"198.3740","0.2743","2.4425"
"198.3940","0.2742","2.4385"
"198.4140","0.2741","2.4345"
"198.4340","0.2740","2.4304"
"198.4540","0.2738","2.4265"
"198.4740","0.2737","2.4226"
"198.4940","0.2736","2.4185"
"198.5140","0.2734","2.4145"
"198.5340","0.2733","2.4106"
"198.5540","0.2732","2.4066"
"198.5740","0.2731","2.4028"
"198.5940","0.2729","2.3989"
"198.6140","0.2728","2.3951"
"198.6340","0.2727","2.3912"
"198.6540","0.2726","2.3874"
"198.6740","0.2724","2.3836"
"198.6940","0.2723","2.3797"
"198.7140","0.2722","2.3760"
"198.7340","0.2721","2.3721"
"198.7540","0.2719","2.3684"
"198.7740","0.2718","2.3645"
"198.7940","0.2717","2.3607"
"198.8140","0.2716","2.3568"
"198.8340","0.2714","2.3529"
"198.8540","0.2713","2.3489"
"198.8740","0.2712","2.3449"
"198.8940","0.2710","2.3410"
"198.9140","0.2709","2.3370"
"198.9340","0.2708","2.3330"
"198.9540","0.2706","2.3288"
"198.9740","0.2705","2.3247"
"198.9940","0.2704","2.3204"
"199.0140","0.2702","2.3162"
"199.0340","0.2701","2.3119"
"199.0540","0.2699","2.3077"
"199.0740","0.2698","2.3035"
"199.0940","0.2697","2.2992"
"199.1140","0.2695","2.2950"
"199.1340","0.2694","2.2908"
"199.1540","0.2692","2.2868"
"199.1740","0.2691","2.2827"
"199.1940","0.2690","2.2785"
"199.2140","0.2688","2.2745"
"199.2340","0.2687","2.2706"
"199.2540","0.2686","2.2666"
"199.2740","0.2684","2.2627"
"199.2940","0.2683","2.2587"
"199.3140","0.2682","2.2548"
"199.3340","0.2680","2.2509"
"199.3540","0.2679","2.2469"
"199.3740","0.2678","2.2427"
"199.3940","0.2676","2.2385"
"199.4140","0.2675","2.2344"
"199.4340","0.2673","2.2303"
"199.4540","0.2672","2.2261"
"199.4740","0.2670","2.2220"
"199.4940","0.2669","2.2179"
"199.5140","0.2668","2.2138"
"199.5340","0.2666","2.2097"
"199.5540","0.2665","2.2057"
"199.5740","0.2664","2.2018"
"199.5940","0.2662","2.1978"
"199.6140","0.2661","2.1938"
"199.6340","0.2659","2.1898"
"199.6540","0.2658","2.1858"
"199.6740","0.2657","2.1819"
"199.6940","0.2655","2.1780"
"199.7140","0.2654","2.1740"
"199.7340","0.2653","2.1700"
"199.7540","0.2651","2.1660"
"199.7740","0.2650","2.1620"
"199.7940","0.2648","2.1580"
"199.8140","0.2647","2.1541"
"199.8340","0.2646","2.1500"
"199.8540","0.2644","2.1461"
"199.8740","0.2643","2.1420"
"199.8940","0.2641","2.1380"
"199.9140","0.2640","2.1339"
"199.9340","0.2639","2.1299"
"199.9540","0.2637","2.1258"
"199.9740","0.2636","2.1216"
"199.9940","0.2634","2.1175"
"200.0140","0.2633","2.1135"
"200.0340","0.2632","2.1095"
"200.0540","0.2630","2.1055"
"200.0740","0.2629","2.1015"
"200.0940","0.2627","2.0976"
"200.1140","0.2626","2.0937"
"200.1340","0.2625","2.0898"
"200.1540","0.2623","2.0860"
"200.1740","0.2622","2.0822"
"200.1940","0.2621","2.0782"
"200.2140","0.2619","2.0744"
"200.2340","0.2618","2.0704"
"200.2540","0.2616","2.0665"
"200.2740","0.2615","2.0625"
"200.2940","0.2614","2.0585"
"200.3140","0.2612","2.0545"
"200.3340","0.2611","2.0505"
"200.3540","0.2609","2.0463"
"200.3740","0.2608","2.0421"
"200.3940","0.2606","2.0379"
"200.4140","0.2605","2.0338"
"200.4340","0.2603","2.0296"
"200.4540","0.2602","2.0254"
"200.4740","0.2600","2.0212"
"200.4940","0.2599","2.0171"
"200.5140","0.2597","2.0130"
"200.5340","0.2596","2.0089"
"200.5540","0.2594","2.0049"
"200.5740","0.2593","2.0008"
"200.5940","0.2592","1.9968"
"200.6140","0.2590","1.9929"
"200.6340","0.2589","1.9890"
"200.6540","0.2587","1.9852"
"200.6740","0.2586","1.9813"
"200.6940","0.2584","1.9775"
"200.7140","0.2583","1.9735"
"200.7340","0.2582","1.9697"
"200.7540","0.2580","1.9658"
"200.7740","0.2579","1.9617"
"200.7940","0.2577","1.9577"
"200.8140","0.2576","1.9537"
"200.8340","0.2574","1.9497"
"200.8540","0.2573","1.9456"
"200.8740","0.2571","1.9415"
"200.8940","0.2570","1.9375"
"200.9140","0.2568","1.9335"
"200.9340","0.2567","1.9295"
"200.9540","0.2566","1.9256"
"200.9740","0.2564","1.9218"
"200.9940","0.2563","1.9179"
"201.0140","0.2561","1.9141"
"201.0340","0.2560","1.9102"
"201.0540","0.2558","1.9064"
"201.0740","0.2557","1.9025"
"201.0940","0.2556","1.8986"
"201.1140","0.2554","1.8947"
"201.1340","0.2553","1.8907"
"201.1540","0.2551","1.8867"
"201.1740","0.2550","1.8827"
"201.1940","0.2548","1.8788"
"201.2140","0.2547","1.8746"
"201.2340","0.2545","1.8706"
"201.2540","0.2544","1.8666"
"201.2740","0.2542","1.8625"
"201.2940","0.2541","1.8585"
"201.3140","0.2539","1.8545"
"201.3340","0.2538","1.8505"
"201.3540","0.2536","1.8466"
"201.3740","0.2535","1.8426"
"201.3940","0.2533","1.8386"
"201.4140","0.2532","1.8347"
"201.4340","0.2530","1.8308"
"201.4540","0.2529","1.8270"
"201.4740","0.2527","1.8232"
"201.4940","0.2526","1.8195"
"201.5140","0.2524","1.8157"
"201.5340","0.2523","1.8120"
"201.5540","0.2521","1.8083"
"201.5740","0.2520","1.8045"
"201.5940","0.2518","1.8008"
"201.6140","0.2517","1.7969"
"201.6340","0.2516","1.7931"
"201.6540","0.2514","1.7892"
"201.6740","0.2513","1.7853"
"201.6940","0.2511","1.7813"
"201.7140","0.2510","1.7774"
"201.7340","0.2508","1.7735"
"201.7540","0.2506","1.7694"
"201.7740","0.2505","1.7654"
"201.7940","0.2503","1.7614"
"201.8140","0.2502","1.7573"
"201.8340","0.2500","1.7532"
"201.8540","0.2499","1.7491"
"201.8740","0.2497","1.7448"
"201.8940","0.2495","1.7407"
"201.9140","0.2494","1.7366"
"201.9340","0.2492","1.7325"
"201.9540","0.2491","1.7284"
"201.9740","0.2489","1.7244"
"201.9940","0.2487","1.7205"
"202.0140","0.2486","1.7165"
"202.0340","0.2484","1.7125"
"202.0540","0.2483","1.7086"
"202.0740","0.2481","1.7045"
"202.0940","0.2480","1.7006"
"202.1140","0.2478","1.6964"
"202.1340","0.2476","1.6922"
"202.1540","0.2475","1.6881"
"202.1740","0.2473","1.6838"
"202.1940","0.2471","1.6795"
"202.2140","0.2470","1.6754"
"202.2340","0.2468","1.6712"
"202.2540","0.2467","1.6670"
"202.2740","0.2465","1.6629"
"202.2940","0.2463","1.6589"
"202.3140","0.2462","1.6549"
"202.3340","0.2460","1.6509"
"202.3540","0.2458","1.6469"
"202.3740","0.2457","1.6430"
"202.3940","0.2455","1.6389"
"202.4140","0.2454","1.6350"
"202.4340","0.2452","1.6309"
"202.4540","0.2450","1.6269"
"202.4740","0.2449","1.6229"
"202.4940","0.2447","1.6189"
"202.5140","0.2446","1.6149"
"202.5340","0.2444","1.6109"
"202.5540","0.2442","1.6069"
"202.5740","0.2441","1.6029"
"202.5940","0.2439","1.5990"
"202.6140","0.2437","1.5950"
"202.6340","0.2436","1.5909"
"202.6540","0.2434","1.5870"
"202.6740","0.2433","1.5831"
"202.6940","0.2431","1.5790"
"202.7140","0.2429","1.5751"
"202.7340","0.2428","1.5711"
"202.7540","0.2426","1.5673"
"202.7740","0.2424","1.5634"
"202.7940","0.2423","1.5595"
"202.8140","0.2421","1.5557"
"202.8340","0.2420","1.5518"
"202.8540","0.2418","1.5480"
"202.8740","0.2416","1.5441"
"202.8940","0.2415","1.5402"
"202.9140","0.2413","1.5362"
"202.9340","0.2412","1.5322"
"202.9540","0.2410","1.5281"
"202.9740","0.2408","1.5241"
"202.9940","0.2406","1.5198"
"203.0140","0.2405","1.5156"
"203.0340","0.2403","1.5115"
"203.0540","0.2401","1.5071"
"203.0740","0.2399","1.5028"
"203.0940","0.2398","1.4984"
"203.1140","0.2396","1.4941"
"203.1340","0.2394","1.4899"
"203.1540","0.2392","1.4857"
"203.1740","0.2390","1.4815"
"203.1940","0.2389","1.4775"
"203.2140","0.2387","1.4735"
"203.2340","0.2385","1.4696"
"203.2540","0.2384","1.4657"
"203.2740","0.2382","1.4618"
"203.2940","0.2380","1.4579"
"203.3140","0.2379","1.4540"
"203.3340","0.2377","1.4501"
"203.3540","0.2375","1.4459"
"203.3740","0.2373","1.4419"
"203.3940","0.2372","1.4379"
"203.4140","0.2370","1.4339"
"203.4340","0.2368","1.4298"
"203.4540","0.2367","1.4259"
"203.4740","0.2365","1.4219"
"203.4940","0.2363","1.4181"
"203.5140","0.2361","1.4142"
"203.5340","0.2360","1.4104"
"203.5540","0.2358","1.4066"
"203.5740","0.2356","1.4027"
"203.5940","0.2355","1.3990"
"203.6140","0.2353","1.3952"
"203.6340","0.2351","1.3913"
"203.6540","0.2350","1.3875"
"203.6740","0.2348","1.3835"
"203.6940","0.2346","1.3796"
"203.7140","0.2344","1.3756"
"203.7340","0.2343","1.3716"
"203.7540","0.2341","1.3675"
"203.7740","0.2339","1.3635"
"203.7940","0.2337","1.3594"
"203.8140","0.2335","1.3553"
"203.8340","0.2334","1.3511"
"203.8540","0.2332","1.3471"
"203.8740","0.2330","1.3431"
"203.8940","0.2328","1.3390"
"203.9140","0.2326","1.3350"
"203.9340","0.2325","1.3311"
"203.9540","0.2323","1.3271"
"203.9740","0.2321","1.3232"
"203.9940","0.2319","1.3194"
"204.0140","0.2317","1.3154"
"204.0340","0.2316","1.3114"
"204.0540","0.2314","1.3073"
"204.0740","0.2312","1.3032"
"204.0940","0.2310","1.2991"
"204.1140","0.2308","1.2948"
"204.1340","0.2306","1.2905"
"204.1540","0.2304","1.2861"
"204.1740","0.2302","1.2819"
"204.1940","0.2300","1.2776"
"204.2140","0.2299","1.2733"
"204.2340","0.2297","1.2691"
"204.2540","0.2295","1.2648"
"204.2740","0.2293","1.2606"
"204.2940","0.2291","1.2565"
"204.3140","0.2289","1.2526"
"204.3340","0.2287","1.2488"
"204.3540","0.2285","1.2451"
"204.3740","0.2284","1.2414"
"204.3940","0.2282","1.2378"
"204.4140","0.2280","1.2340"
"204.4340","0.2278","1.2302"
"204.4540","0.2277","1.2264"
"204.4740","0.2275","1.2225"
"204.4940","0.2273","1.2185"
"204.5140","0.2271","1.2145"
"204.5340","0.2269","1.2106"
"204.5540","0.2267","1.2068"
"204.5740","0.2265","1.2029"
"204.5940","0.2264","1.1990"
"204.6140","0.2262","1.1954"
"204.6340","0.2260","1.1917"
"204.6540","0.2258","1.1880"
"204.6740","0.2257","1.1843"
"204.6940","0.2255","1.1806"
"204.7140","0.2253","1.1768"
"204.7340","0.2251","1.1730"
"204.7540","0.2249","1.1690"
"204.7740","0.2247","1.1651"
"204.7940","0.2245","1.1611"
"204.8140","0.2244","1.1571"
"204.8340","0.2242","1.1531"
"204.8540","0.2240","1.1490"
"204.8740","0.2238","1.1447"
"204.8940","0.2236","1.1406"
"204.9140","0.2234","1.1365"
"204.9340","0.2232","1.1323"
"204.9540","0.2230","1.1281"
"204.9740","0.2228","1.1239"
"204.9940","0.2226","1.1198"
"205.0140","0.2224","1.1158"
"205.0340","0.2222","1.1118"
"205.0540","0.2220","1.1078"
"205.0740","0.2218","1.1038"
"205.0940","0.2216","1.0998"
"205.1140","0.2214","1.0959"
"205.1340","0.2212","1.0919"
"205.1540","0.2210","1.0877"
"205.1740","0.2208","1.0838"
"205.1940","0.2206","1.0799"
"205.2140","0.2204","1.0759"
"205.2340","0.2202","1.0720"
"205.2540","0.2200","1.0680"
"205.2740","0.2198","1.0640"
"205.2940","0.2196","1.0600"
"205.3140","0.2194","1.0560"
"205.3340","0.2192","1.0522"
"205.3540","0.2190","1.0484"
"205.3740","0.2188","1.0446"
"205.3940","0.2186","1.0409"
"205.4140","0.2184","1.0372"
"205.4340","0.2182","1.0336"
"205.4540","0.2180","1.0298"
"205.4740","0.2178","1.0261"
"205.4940","0.2177","1.0225"
"205.5140","0.2175","1.0186"
"205.5340","0.2173","1.0146"
"205.5540","0.2171","1.0107"
"205.5740","0.2169","1.0067"
"205.5940","0.2167","1.0028"
"205.6080","0.2165","1.0000"
"205.6090","0.2165","0.9998"
"205.6100","0.2165","0.9996"
"205.6300","0.2163","0.9958"
"205.6500","0.2162","0.9941"
"205.6700","0.2161","0.9949"
"205.6900","0.2162","0.9966"
"205.7100","0.2162","0.9984"
"205.7300","0.2162","1.0000"
"205.7500","0.2162","1.0016"
"205.7700","0.2163","1.0031"
"205.7900","0.2163","1.0047"
"205.8100","0.2164","1.0064"
"205.8300","0.2164","1.0082"
"205.8500","0.2165","1.0101"
"205.8700","0.2165","1.0122"
"205.8900","0.2166","1.0144"
"205.9100","0.2167","1.0168"
"205.9300","0.2167","1.0192"
"205.9500","0.2168","1.0217"
"205.9700","0.2169","1.0244"
"205.9900","0.2170","1.0271"
"206.0100","0.2170","1.0295"
"206.0300","0.2171","1.0323"
"206.0500","0.2172","1.0356"
"206.0700","0.2173","1.0388"
"206.0900","0.2174","1.0420"
"206.1100","0.2175","1.0452"
"206.1300","0.2176","1.0485"
"206.1500","0.2177","1.0517"
"206.1700","0.2178","1.0551"
"206.1900","0.2179","1.0584"
"206.2100","0.2181","1.0619"
"206.2300","0.2182","1.0654"
"206.2500","0.2183","1.0690"
"206.2700","0.2184","1.0725"
"206.2900","0.2185","1.0762"
"206.3100","0.2186","1.0798"
"206.3300","0.2187","1.0836"
"206.3500","0.2189","1.0873"
"206.3700","0.2190","1.0912"
"206.3900","0.2191","1.0951"
"206.4100","0.2192","1.0991"
"206.4300","0.2194","1.1031"
"206.4500","0.2195","1.1071"
"206.4700","0.2196","1.1112"
"206.4900","0.2198","1.1154"
"206.5100","0.2199","1.1196"
"206.5300","0.2201","1.1238"
"206.5500","0.2202","1.1282"
"206.5700","0.2203","1.1326"
"206.5900","0.2205","1.1370"
"206.6100","0.2206","1.1414"
"206.6300","0.2208","1.1457"
"206.6500","0.2209","1.1501"
"206.6700","0.2211","1.1546"
"206.6900","0.2212","1.1591"
"206.7100","0.2214","1.1637"
"206.7300","0.2215","1.1683"
"206.7500","0.2217","1.1729"
"206.7700","0.2218","1.1774"
"206.7900","0.2220","1.1820"
"206.8100","0.2221","1.1865"
"206.8300","0.2223","1.1910"
"206.8500","0.2224","1.1955"
"206.8700","0.2226","1.1999"
"206.8900","0.2227","1.2045"
"206.9100","0.2229","1.2090"
"206.9300","0.2230","1.2135"
"206.9500","0.2232","1.2182"
"206.9700","0.2233","1.2228"
"206.9900","0.2235","1.2275"
"207.0100","0.2236","1.2323"
"207.0300","0.2238","1.2371"
"207.0500","0.2239","1.2418"
"207.0700","0.2241","1.2465"
"207.0900","0.2243","1.2512"
"207.1100","0.2244","1.2559"
"207.1300","0.2246","1.2606"
"207.1500","0.2247","1.2652"
"207.1700","0.2249","1.2698"
"207.1900","0.2250","1.2743"
"207.2100","0.2252","1.2788"
"207.2300","0.2253","1.2833"
"207.2500","0.2255","1.2876"
"207.2700","0.2256","1.2919"
"207.2900","0.2258","1.2961"
"207.3100","0.2259","1.3003"
"207.3300","0.2261","1.3045"
"207.3500","0.2262","1.3087"
"207.3700","0.2263","1.3128"
"207.3900","0.2265","1.3169"
"207.4100","0.2266","1.3211"
"207.4300","0.2268","1.3254"
"207.4500","0.2269","1.3297"
"207.4700","0.2271","1.3340"
"207.4900","0.2272","1.3385"
"207.5100","0.2274","1.3430"
"207.5300","0.2275","1.3474"
"207.5500","0.2277","1.3520"
"207.5700","0.2278","1.3565"
"207.5900","0.2280","1.3609"
"207.6100","0.2281","1.3653"
"207.6300","0.2283","1.3697"
"207.6500","0.2284","1.3740"
"207.6700","0.2286","1.3783"
"207.6900","0.2287","1.3826"
"207.7100","0.2289","1.3870"
"207.7300","0.2290","1.3913"
"207.7500","0.2292","1.3957"
"207.7700","0.2293","1.4000"
"207.7900","0.2295","1.4044"
"207.8100","0.2296","1.4089"
"207.8300","0.2298","1.4133"
"207.8500","0.2299","1.4178"
"207.8700","0.2301","1.4223"
"207.8900","0.2302","1.4270"
"207.9100","0.2304","1.4315"
"207.9300","0.2305","1.4360"
"207.9500","0.2307","1.4405"
"207.9700","0.2309","1.4452"
"207.9900","0.2310","1.4496"
"208.0100","0.2312","1.4540"
"208.0300","0.2313","1.4583"
"208.0500","0.2315","1.4627"
"208.0700","0.2316","1.4672"
"208.0900","0.2318","1.4714"
"208.1100","0.2319","1.4757"
"208.1300","0.2320","1.4798"
"208.1500","0.2322","1.4839"
"208.1700","0.2323","1.4881"
"208.1900","0.2325","1.4923"
"208.2100","0.2326","1.4963"
"208.2300","0.2328","1.5004"
"208.2500","0.2329","1.5044"
"208.2700","0.2330","1.5085"
"208.2900","0.2332","1.5127"
"208.3100","0.2333","1.5168"
"208.3300","0.2335","1.5210"
"208.3500","0.2336","1.5252"
"208.3700","0.2338","1.5294"
"208.3900","0.2339","1.5335"
"208.4100","0.2340","1.5377"
"208.4300","0.2342","1.5420"
"208.4500","0.2343","1.5462"
"208.4700","0.2345","1.5504"
"208.4900","0.2346","1.5546"
"208.5100","0.2348","1.5587"
"208.5300","0.2349","1.5629"
"208.5500","0.2351","1.5670"
"208.5700","0.2352","1.5711"
"208.5900","0.2353","1.5751"
"208.6100","0.2355","1.5791"
"208.6300","0.2356","1.5831"
"208.6500","0.2357","1.5870"
"208.6700","0.2359","1.5909"
"208.6900","0.2360","1.5949"
"208.7100","0.2361","1.5987"
"208.7300","0.2363","1.6025"
"208.7500","0.2364","1.6062"
"208.7700","0.2365","1.6102"
"208.7900","0.2367","1.6141"
"208.8100","0.2368","1.6181"
"208.8300","0.2370","1.6220"
"208.8500","0.2371","1.6261"
"208.8700","0.2372","1.6302"
"208.8900","0.2374","1.6343"
"208.9100","0.2375","1.6386"
"208.9300","0.2377","1.6427"
"208.9500","0.2378","1.6469"
"208.9700","0.2380","1.6512"
"208.9900","0.2381","1.6554"
"209.0100","0.2382","1.6596"
"209.0300","0.2384","1.6638"
"209.0500","0.2385","1.6680"
"209.0700","0.2387","1.6722"
"209.0900","0.2388","1.6763"
"209.1100","0.2390","1.6804"
"209.1300","0.2391","1.6846"
"209.1500","0.2392","1.6888"
"209.1700","0.2394","1.6930"
"209.1900","0.2395","1.6972"
"209.2100","0.2397","1.7014"
"209.2300","0.2398","1.7055"
"209.2500","0.2400","1.7097"
"209.2700","0.2401","1.7140"
"209.2900","0.2402","1.7181"
"209.3100","0.2404","1.7222"
"209.3300","0.2405","1.7264"
"209.3500","0.2407","1.7307"
"209.3700","0.2408","1.7348"
"209.3900","0.2410","1.7390"
"209.4100","0.2411","1.7430"
"209.4300","0.2412","1.7470"
"209.4500","0.2414","1.7510"
"209.4700","0.2415","1.7550"
"209.4900","0.2416","1.7590"
"209.5100","0.2418","1.7630"
"209.5300","0.2419","1.7669"
"209.5500","0.2420","1.7707"
"209.5700","0.2422","1.7746"
"209.5900","0.2423","1.7784"
"209.6100","0.2424","1.7822"
"209.6300","0.2426","1.7860"
"209.6500","0.2427","1.7899"
"209.6700","0.2428","1.7937"
"209.6900","0.2430","1.7975"
"209.7100","0.2431","1.8013"
"209.7300","0.2432","1.8051"
"209.7500","0.2434","1.8090"
"209.7700","0.2435","1.8130"
"209.7900","0.2436","1.8169"
"209.8100","0.2438","1.8209"
"209.8300","0.2439","1.8250"
"209.8500","0.2440","1.8290"
"209.8700","0.2442","1.8330"
"209.8900","0.2443","1.8371"
"209.9100","0.2445","1.8411"
"209.9300","0.2446","1.8452"
"209.9500","0.2447","1.8493"
"209.9700","0.2449","1.8534"
"209.9900","0.2450","1.8575"
"210.0100","0.2452","1.8616"
"210.0300","0.2453","1.8658"
"210.0500","0.2454","1.8698"
"210.0700","0.2456","1.8738"
"210.0900","0.2457","1.8779"
"210.1100","0.2458","1.8818"
"210.1300","0.2460","1.8858"
"210.1500","0.2461","1.8897"
"210.1700","0.2462","1.8936"
"210.1900","0.2464","1.8975"
"210.2100","0.2465","1.9015"
"210.2300","0.2466","1.9055"
"210.2500","0.2468","1.9095"
"210.2700","0.2469","1.9135"
"210.2900","0.2471","1.9177"
"210.3100","0.2472","1.9219"
"210.3300","0.2473","1.9261"
"210.3500","0.2475","1.9304"
"210.3700","0.2476","1.9348"
"210.3900","0.2478","1.9391"
"210.4100","0.2479","1.9434"
"210.4300","0.2481","1.9475"
"210.4500","0.2482","1.9518"
"210.4700","0.2483","1.9559"
"210.4900","0.2485","1.9600"
"210.5100","0.2486","1.9642"
"210.5300","0.2488","1.9681"
"210.5500","0.2489","1.9722"
"210.5700","0.2490","1.9762"
"210.5900","0.2492","1.9801"
"210.6100","0.2493","1.9841"
"210.6300","0.2494","1.9881"
"210.6500","0.2496","1.9921"
"210.6700","0.2497","1.9961"
"210.6900","0.2498","2.0002"
"210.7100","0.2500","2.0042"
"210.7300","0.2501","2.0081"
"210.7500","0.2502","2.0121"
"210.7700","0.2504","2.0161"
"210.7900","0.2505","2.0202"
"210.8100","0.2506","2.0241"
"210.8300","0.2508","2.0281"
"210.8500","0.2509","2.0320"
"210.8700","0.2510","2.0360"
"210.8900","0.2512","2.0399"
"210.9100","0.2513","2.0438"
"210.9300","0.2514","2.0478"
"210.9500","0.2516","2.0517"
"210.9700","0.2517","2.0556"
"210.9900","0.2518","2.0594"
"211.0100","0.2520","2.0632"
"211.0300","0.2521","2.0670"
"211.0500","0.2522","2.0707"
"211.0700","0.2523","2.0744"
"211.0900","0.2525","2.0781"
"211.1100","0.2526","2.0818"
"211.1300","0.2527","2.0856"
"211.1500","0.2528","2.0893"
"211.1700","0.2530","2.0931"
"211.1900","0.2531","2.0970"
"211.2100","0.2532","2.1009"
"211.2300","0.2534","2.1047"
"211.2500","0.2535","2.1087"
"211.2700","0.2536","2.1126"
"211.2900","0.2538","2.1166"
"211.3100","0.2539","2.1208"
"211.3300","0.2540","2.1248"
"211.3500","0.2542","2.1288"
"211.3700","0.2543","2.1331"
"211.3900","0.2544","2.1372"
"211.4100","0.2546","2.1414"
"211.4300","0.2547","2.1455"
"211.4500","0.2549","2.1497"
"211.4700","0.2550","2.1539"
"211.4900","0.2551","2.1582"
"211.5100","0.2553","2.1623"
"211.5300","0.2554","2.1664"
"211.5500","0.2555","2.1704"
"211.5700","0.2557","2.1744"
"211.5900","0.2558","2.1784"
"211.6100","0.2559","2.1823"
"211.6300","0.2561","2.1861"
"211.6500","0.2562","2.1901"
"211.6700","0.2563","2.1940"
"211.6900","0.2564","2.1978"
"211.7100","0.2566","2.2018"
"211.7300","0.2567","2.2057"
"211.7500","0.2568","2.2096"
"211.7700","0.2570","2.2136"
"211.7900","0.2571","2.2179"
"211.8100","0.2572","2.2220"
"211.8300","0.2574","2.2261"
"211.8500","0.2575","2.2304"
"211.8700","0.2577","2.2345"
"211.8900","0.2578","2.2387"
"211.9100","0.2579","2.2430"
"211.9300","0.2581","2.2471"
"211.9500","0.2582","2.2514"
"211.9700","0.2583","2.2555"
"211.9900","0.2585","2.2596"
"212.0100","0.2586","2.2637"
"212.0300","0.2587","2.2678"
"212.0500","0.2589","2.2718"
"212.0700","0.2590","2.2759"
"212.0900","0.2592","2.2799"
"212.1100","0.2593","2.2840"
"212.1300","0.2594","2.2881"
"212.1500","0.2595","2.2922"
"212.1700","0.2597","2.2961"
"212.1900","0.2598","2.3001"
"212.2100","0.2600","2.3042"
"212.2300","0.2601","2.3084"
"212.2500","0.2602","2.3125"
"212.2700","0.2604","2.3167"
"212.2900","0.2605","2.3208"
"212.3100","0.2606","2.3249"
"212.3300","0.2608","2.3290"
"212.3500","0.2609","2.3330"
"212.3700","0.2610","2.3372"
"212.3900","0.2612","2.3413"
"212.4100","0.2613","2.3453"
"212.4300","0.2614","2.3494"
"212.4500","0.2616","2.3534"
"212.4700","0.2617","2.3574"
"212.4900","0.2618","2.3614"
"212.5100","0.2619","2.3654"
"212.5300","0.2621","2.3693"
"212.5500","0.2622","2.3733"
"212.5700","0.2623","2.3771"
"212.5900","0.2624","2.3809"
"212.6100","0.2626","2.3847"
"212.6300","0.2627","2.3886"
"212.6500","0.2628","2.3924"
"212.6700","0.2629","2.3962"
"212.6900","0.2631","2.4001"
"212.7100","0.2632","2.4040"
"212.7300","0.2633","2.4078"
"212.7500","0.2635","2.4118"
"212.7700","0.2636","2.4159"
"212.7900","0.2637","2.4199"
"212.8100","0.2638","2.4240"
"212.8300","0.2640","2.4281"
"212.8500","0.2641","2.4322"
"212.8700","0.2642","2.4362"
"212.8900","0.2644","2.4404"
"212.9100","0.2645","2.4445"
"212.9300","0.2646","2.4486"
"212.9500","0.2648","2.4527"
"212.9700","0.2649","2.4568"
"212.9900","0.2650","2.4610"
"213.0100","0.2652","2.4650"
"213.0300","0.2653","2.4690"
"213.0500","0.2654","2.4731"
"213.0700","0.2656","2.4772"
"213.0900","0.2657","2.4813"
"213.1100","0.2658","2.4852"
"213.1300","0.2659","2.4891"
"213.1500","0.2661","2.4931"
"213.1700","0.2662","2.4970"
"213.1900","0.2663","2.5008"
"213.2100","0.2664","2.5047"
"213.2300","0.2666","2.5086"
"213.2500","0.2667","2.5125"
"213.2700","0.2668","2.5165"
"213.2900","0.2670","2.5204"
"213.3100","0.2671","2.5244"
"213.3300","0.2672","2.5285"
"213.3500","0.2673","2.5326"
"213.3700","0.2675","2.5368"
"213.3900","0.2676","2.5410"
"213.4100","0.2677","2.5452"
"213.4300","0.2679","2.5494"
"213.4500","0.2680","2.5535"
"213.4700","0.2681","2.5576"
"213.4900","0.2683","2.5617"
"213.5100","0.2684","2.5658"
"213.5300","0.2685","2.5699"
"213.5500","0.2687","2.5740"
"213.5700","0.2688","2.5780"
"213.5900","0.2689","2.5820"
"213.6100","0.2690","2.5860"
"213.6300","0.2692","2.5901"
"213.6500","0.2693","2.5941"
"213.6700","0.2694","2.5982"
"213.6900","0.2696","2.6022"
"213.7100","0.2697","2.6063"
"213.7300","0.2698","2.6104"
"213.7500","0.2699","2.6144"
"213.7700","0.2701","2.6185"
"213.7900","0.2702","2.6226"
"213.8100","0.2703","2.6267"
"213.8300","0.2705","2.6307"
"213.8500","0.2706","2.6347"
"213.8700","0.2707","2.6387"
"213.8900","0.2708","2.6427"
"213.9100","0.2710","2.6467"
"213.9300","0.2711","2.6507"
"213.9500","0.2712","2.6546"
"213.9700","0.2713","2.6585"
"213.9900","0.2715","2.6625"
"214.0100","0.2716","2.6663"
"214.0300","0.2717","2.6702"
"214.0500","0.2718","2.6740"
"214.0700","0.2719","2.6777"
"214.0900","0.2721","2.6815"
"214.1100","0.2722","2.6853"
"214.1300","0.2723","2.6889"
"214.1500","0.2724","2.6926"
"214.1700","0.2725","2.6964"
"214.1900","0.2727","2.7001"
"214.2100","0.2728","2.7039"
"214.2300","0.2729","2.7076"
"214.2500","0.2730","2.7114"
"214.2700","0.2731","2.7151"
"214.2900","0.2732","2.7190"
"214.3100","0.2734","2.7228"
"214.3300","0.2735","2.7267"
"214.3500","0.2736","2.7306"
"214.3700","0.2737","2.7346"
"214.3900","0.2739","2.7386"
"214.4100","0.2740","2.7427"
"214.4300","0.2741","2.7466"
"214.4500","0.2742","2.7506"
"214.4700","0.2744","2.7549"
"214.4900","0.2745","2.7589"
"214.5100","0.2746","2.7630"
"214.5300","0.2747","2.7673"
"214.5500","0.2749","2.7715"
"214.5700","0.2750","2.7757"
"214.5900","0.2751","2.7799"
"214.6100","0.2753","2.7840"
"214.6300","0.2754","2.7882"
"214.6500","0.2755","2.7922"
"214.6700","0.2756","2.7963"
"214.6900","0.2758","2.8004"
"214.7100","0.2759","2.8043"
"214.7300","0.2760","2.8083"
"214.7500","0.2761","2.8122"
"214.7700","0.2763","2.8161"
"214.7900","0.2764","2.8200"
"214.8100","0.2765","2.8239"
"214.8300","0.2766","2.8279"
"214.8500","0.2767","2.8318"
"214.8700","0.2769","2.8358"
"214.8900","0.2770","2.8398"
"214.9100","0.2771","2.8439"
"214.9300","0.2772","2.8481"
"214.9500","0.2774","2.8522"
"214.9700","0.2775","2.8565"
"214.9900","0.2776","2.8607"
"215.0100","0.2778","2.8649"
"215.0300","0.2779","2.8693"
"215.0500","0.2780","2.8735"
"215.0700","0.2781","2.8778"
"215.0900","0.2783","2.8820"
"215.1100","0.2784","2.8862"
"215.1300","0.2785","2.8904"
"215.1500","0.2787","2.8945"
"215.1700","0.2788","2.8985"
"215.1900","0.2789","2.9026"
"215.2100","0.2790","2.9065"
"215.2300","0.2791","2.9105"
"215.2500","0.2793","2.9144"
"215.2700","0.2794","2.9184"
"215.2900","0.2795","2.9224"
"215.3100","0.2796","2.9263"
"215.3300","0.2797","2.9303"
"215.3500","0.2799","2.9342"
"215.3700","0.2800","2.9381"
"215.3900","0.2801","2.9421"
"215.4100","0.2802","2.9460"
"215.4300","0.2803","2.9498"
"215.4500","0.2805","2.9537"
"215.4700","0.2806","2.9577"
"215.4900","0.2807","2.9616"
"215.5100","0.2808","2.9654"
"215.5300","0.2809","2.9692"
"215.5500","0.2811","2.9731"
"215.5700","0.2812","2.9769"
"215.5900","0.2813","2.9807"
"215.6100","0.2814","2.9844"
"215.6300","0.2815","2.9883"
"215.6500","0.2816","2.9922"
"215.6700","0.2818","2.9960"
"215.6900","0.2819","2.9999"
"215.7100","0.2820","3.0037"
"215.7300","0.2821","3.0073"
"215.7500","0.2822","3.0111"
"215.7700","0.2823","3.0149"
"215.7900","0.2824","3.0185"
"215.8100","0.2825","3.0222"
"215.8300","0.2827","3.0260"
"215.8500","0.2828","3.0297"
"215.8700","0.2829","3.0335"
"215.8900","0.2830","3.0373"
"215.9100","0.2831","3.0411"
"215.9300","0.2832","3.0449"
"215.9500","0.2833","3.0488"
"215.9700","0.2835","3.0528"
"215.9900","0.2836","3.0567"
"216.0100","0.2837","3.0607"
"216.0300","0.2838","3.0647"
"216.0500","0.2839","3.0688"
"216.0700","0.2841","3.0729"
"216.0900","0.2842","3.0770"
"216.1100","0.2843","3.0811"
"216.1300","0.2844","3.0852"
"216.1500","0.2846","3.0895"
"216.1700","0.2847","3.0936"
"216.1900","0.2848","3.0979"
"216.2100","0.2849","3.1021"
"216.2300","0.2851","3.1062"
"216.2500","0.2852","3.1105"
"216.2700","0.2853","3.1146"
"216.2900","0.2854","3.1188"
"216.3100","0.2856","3.1231"
"216.3300","0.2857","3.1271"
"216.3500","0.2858","3.1313"
"216.3700","0.2859","3.1354"
"216.3900","0.2860","3.1395"
"216.4100","0.2862","3.1435"
"216.4300","0.2863","3.1475"
"216.4500","0.2864","3.1516"
"216.4700","0.2865","3.1555"
"216.4900","0.2866","3.1596"
"216.5100","0.2868","3.1636"
"216.5300","0.2869","3.1677"
"216.5500","0.2870","3.1719"
"216.5700","0.2871","3.1762"
"216.5900","0.2872","3.1804"
"216.6100","0.2874","3.1845"
"216.6300","0.2875","3.1888"
"216.6500","0.2876","3.1931"
"216.6700","0.2877","3.1974"
"216.6900","0.2879","3.2017"
"216.7100","0.2880","3.2059"
"216.7300","0.2881","3.2101"
"216.7500","0.2882","3.2142"
"216.7700","0.2884","3.2183"
"216.7900","0.2885","3.2223"
"216.8100","0.2886","3.2265"
"216.8300","0.2887","3.2304"
"216.8500","0.2888","3.2344"
"216.8700","0.2890","3.2383"
"216.8900","0.2891","3.2422"
"216.9100","0.2892","3.2460"
"216.9300","0.2893","3.2500"
"216.9500","0.2894","3.2539"
"216.9700","0.2895","3.2577"
"216.9900","0.2896","3.2615"
"217.0100","0.2898","3.2654"
"217.0300","0.2899","3.2694"
"217.0500","0.2900","3.2732"
"217.0700","0.2901","3.2771"
"217.0900","0.2902","3.2811"
"217.1100","0.2903","3.2850"
"217.1300","0.2904","3.2889"
"217.1500","0.2906","3.2929"
"217.1700","0.2907","3.2967"
"217.1900","0.2908","3.3008"
"217.2100","0.2909","3.3047"
"217.2300","0.2910","3.3085"
"217.2500","0.2911","3.3124"
"217.2700","0.2912","3.3163"
"217.2900","0.2914","3.3202"
"217.3100","0.2915","3.3241"
"217.3300","0.2916","3.3281"
"217.3500","0.2917","3.3320"
"217.3700","0.2918","3.3359"
"217.3900","0.2919","3.3399"
"217.4100","0.2920","3.3438"
"217.4300","0.2922","3.3477"
"217.4500","0.2923","3.3515"
"217.4700","0.2924","3.3554"
"217.4900","0.2925","3.3593"
"217.5100","0.2926","3.3631"
"217.5300","0.2927","3.3669"
"217.5500","0.2928","3.3708"
"217.5700","0.2929","3.3747"
"217.5900","0.2930","3.3786"
"217.6100","0.2932","3.3825"
"217.6300","0.2933","3.3866"
"217.6500","0.2934","3.3906"
"217.6700","0.2935","3.3946"
"217.6900","0.2936","3.3988"
"217.7100","0.2937","3.4029"
"217.7300","0.2939","3.4071"
"217.7500","0.2940","3.4112"
"217.7700","0.2941","3.4155"
"217.7900","0.2942","3.4197"
"217.8100","0.2943","3.4240"
"217.8300","0.2945","3.4284"
"217.8500","0.2946","3.4328"
"217.8700","0.2947","3.4370"
"217.8900","0.2948","3.4413"
"217.9100","0.2950","3.4456"
"217.9300","0.2951","3.4499"
"217.9500","0.2952","3.4542"
"217.9700","0.2953","3.4586"
"217.9900","0.2954","3.4627"
"218.0100","0.2956","3.4669"
"218.0300","0.2957","3.4710"
"218.0500","0.2958","3.4751"
"218.0700","0.2959","3.4791"
"218.0900","0.2960","3.4831"
"218.1100","0.2961","3.4870"
"218.1300","0.2962","3.4909"
"218.1500","0.2964","3.4948"
"218.1700","0.2965","3.4987"
"218.1900","0.2966","3.5024"
"218.2100","0.2967","3.5062"
"218.2300","0.2968","3.5101"
"218.2500","0.2969","3.5139"
"218.2700","0.2970","3.5178"
"218.2900","0.2971","3.5216"
"218.3100","0.2972","3.5256"
"218.3300","0.2973","3.5295"
"218.3500","0.2975","3.5334"
"218.3700","0.2976","3.5373"
"218.3900","0.2977","3.5413"
"218.4100","0.2978","3.5453"
"218.4300","0.2979","3.5493"
"218.4500","0.2980","3.5533"
"218.4700","0.2981","3.5572"
"218.4900","0.2982","3.5611"
"218.5100","0.2984","3.5650"
"218.5300","0.2985","3.5689"
"218.5500","0.2986","3.5727"
"218.5700","0.2987","3.5766"
"218.5900","0.2988","3.5804"
"218.6100","0.2989","3.5841"
"218.6300","0.2990","3.5879"
"218.6500","0.2991","3.5918"
"218.6700","0.2992","3.5956"
"218.6900","0.2993","3.5994"
"218.7100","0.2994","3.6032"
"218.7300","0.2995","3.6070"
"218.7500","0.2997","3.6109"
"218.7700","0.2998","3.6147"
"218.7900","0.2999","3.6186"
"218.8100","0.3000","3.6224"
"218.8300","0.3001","3.6264"
"218.8500","0.3002","3.6303"
"218.8700","0.3003","3.6343"
"218.8900","0.3004","3.6383"
"218.9100","0.3005","3.6421"
"218.9300","0.3006","3.6461"
"218.9500","0.3008","3.6501"
"218.9700","0.3009","3.6541"
"218.9900","0.3010","3.6581"
"219.0100","0.3011","3.6621"
"219.0300","0.3012","3.6662"
"219.0500","0.3013","3.6703"
"219.0700","0.3014","3.6742"
"219.0900","0.3015","3.6782"
"219.1100","0.3017","3.6823"
"219.1300","0.3018","3.6864"
"219.1500","0.3019","3.6905"
"219.1700","0.3020","3.6945"
"219.1900","0.3021","3.6985"
"219.2100","0.3022","3.7025"
"219.2300","0.3023","3.7065"
"219.2500","0.3024","3.7105"
"219.2700","0.3026","3.7143"
"219.2900","0.3027","3.7184"
"219.3100","0.3028","3.7223"
"219.3300","0.3029","3.7263"
"219.3500","0.3030","3.7303"
"219.3700","0.3031","3.7343"
"219.3900","0.3032","3.7383"
"219.4100","0.3033","3.7423"
"219.4300","0.3034","3.7464"
"219.4500","0.3036","3.7505"
"219.4700","0.3037","3.7545"
"219.4900","0.3038","3.7587"
"219.5100","0.3039","3.7628"
"219.5300","0.3040","3.7670"
"219.5500","0.3041","3.7711"
"219.5700","0.3042","3.7753"
"219.5900","0.3044","3.7795"
"219.6100","0.3045","3.7838"
"219.6300","0.3046","3.7880"
"219.6500","0.3047","3.7922"
"219.6700","0.3048","3.7964"
"219.6900","0.3049","3.8005"
"219.7100","0.3050","3.8047"
"219.7300","0.3052","3.8089"
"219.7500","0.3053","3.8129"
"219.7700","0.3054","3.8171"
"219.7900","0.3055","3.8211"
"219.8100","0.3056","3.8251"
"219.8300","0.3057","3.8292"
"219.8500","0.3058","3.8330"
"219.8700","0.3059","3.8371"
"219.8900","0.3060","3.8409"
"219.9100","0.3061","3.8448"
"219.9300","0.3063","3.8486"
"219.9500","0.3064","3.8524"
"219.9700","0.3065","3.8562"
"219.9900","0.3066","3.8601"
"220.0100","0.3067","3.8638"
"220.0300","0.3068","3.8676"
"220.0500","0.3069","3.8715"
"220.0700","0.3070","3.8753"
"220.0900","0.3071","3.8792"
"220.1100","0.3072","3.8831"
"220.1300","0.3073","3.8871"
"220.1500","0.3074","3.8910"
"220.1700","0.3075","3.8950"
"220.1900","0.3076","3.8990"
"220.2100","0.3077","3.9030"
"220.2300","0.3079","3.9071"
"220.2500","0.3080","3.9111"
"220.2700","0.3081","3.9152"
"220.2900","0.3082","3.9192"
"220.3100","0.3083","3.9232"
"220.3300","0.3084","3.9272"
"220.3500","0.3085","3.9313"
"220.3700","0.3086","3.9353"
"220.3900","0.3087","3.9393"
"220.4100","0.3088","3.9432"
"220.4300","0.3089","3.9471"
"220.4500","0.3090","3.9511"
"220.4700","0.3092","3.9550"
"220.4900","0.3093","3.9589"
"220.5100","0.3094","3.9629"
"220.5300","0.3095","3.9669"
"220.5500","0.3096","3.9710"
"220.5700","0.3097","3.9749"
"220.5900","0.3098","3.9789"
"220.6100","0.3099","3.9830"
"220.6300","0.3100","3.9870"
"220.6500","0.3101","3.9911"
"220.6700","0.3102","3.9951"
"220.6900","0.3103","3.9993"
"220.7100","0.3105","4.0033"
"220.7300","0.3106","4.0074"
"220.7500","0.3107","4.0116"
"220.7700","0.3108","4.0158"
"220.7900","0.3109","4.0199"
"220.8100","0.3110","4.0240"
"220.8300","0.3111","4.0281"
"220.8500","0.3112","4.0321"
"220.8700","0.3113","4.0362"
"220.8900","0.3115","4.0403"
"220.9100","0.3116","4.0444"
"220.9300","0.3117","4.0485"
"220.9500","0.3118","4.0525"
"220.9700","0.3119","4.0566"
"220.9900","0.3120","4.0607"
"221.0100","0.3121","4.0647"
"221.0300","0.3122","4.0686"
"221.0500","0.3123","4.0726"
"221.0700","0.3124","4.0766"
"221.0900","0.3125","4.0805"
"221.1100","0.3126","4.0844"
"221.1300","0.3127","4.0883"
"221.1500","0.3128","4.0921"
"221.1700","0.3130","4.0960"
"221.1900","0.3131","4.1000"
"221.2100","0.3132","4.1037"
"221.2300","0.3133","4.1077"
"221.2500","0.3134","4.1117"
"221.2700","0.3135","4.1156"
"221.2900","0.3136","4.1195"
"221.3100","0.3137","4.1235"
"221.3300","0.3138","4.1275"
"221.3500","0.3139","4.1316"
"221.3700","0.3140","4.1356"
"221.3900","0.3141","4.1397"
"221.4100","0.3142","4.1439"
"221.4300","0.3143","4.1479"
"221.4500","0.3144","4.1520"
"221.4700","0.3145","4.1561"
"221.4900","0.3147","4.1601"
"221.5100","0.3148","4.1643"
"221.5300","0.3149","4.1684"
"221.5500","0.3150","4.1724"
"221.5700","0.3151","4.1765"
"221.5900","0.3152","4.1806"
"221.6100","0.3153","4.1847"
"221.6300","0.3154","4.1887"
"221.6500","0.3155","4.1928"
"221.6700","0.3156","4.1968"
"221.6900","0.3157","4.2007"
"221.7100","0.3158","4.2046"
"221.7300","0.3159","4.2084"
"221.7500","0.3160","4.2123"
"221.7700","0.3161","4.2162"
"221.7900","0.3162","4.2200"
"221.8100","0.3163","4.2237"
"221.8300","0.3164","4.2275"
"221.8500","0.3165","4.2313"
"221.8700","0.3166","4.2352"
"221.8900","0.3167","4.2390"
"221.9100","0.3168","4.2428"
"221.9300","0.3169","4.2466"
"221.9500","0.3170","4.2504"
"221.9700","0.3172","4.2545"
"221.9900","0.3173","4.2585"
"222.0100","0.3174","4.2625"
"222.0300","0.3175","4.2665"
"222.0500","0.3176","4.2707"
"222.0700","0.3177","4.2748"
"222.0900","0.3178","4.2790"
"222.1100","0.3179","4.2831"
"222.1300","0.3180","4.2874"
"222.1500","0.3181","4.2916"
"222.1700","0.3182","4.2958"
"222.1900","0.3183","4.3000"
"222.2100","0.3184","4.3041"
"222.2300","0.3185","4.3083"
"222.2500","0.3187","4.3125"
"222.2700","0.3188","4.3167"
"222.2900","0.3189","4.3208"
"222.3100","0.3190","4.3250"
"222.3300","0.3191","4.3291"
"222.3500","0.3192","4.3332"
"222.3700","0.3193","4.3372"
"222.3900","0.3194","4.3415"
"222.4100","0.3195","4.3456"
"222.4300","0.3196","4.3497"
"222.4500","0.3197","4.3538"
"222.4700","0.3198","4.3580"
"222.4900","0.3199","4.3621"
"222.5100","0.3200","4.3662"
"222.5300","0.3202","4.3703"
"222.5500","0.3203","4.3744"
"222.5700","0.3204","4.3786"
"222.5900","0.3205","4.3828"
"222.6100","0.3206","4.3870"
"222.6300","0.3207","4.3911"
"222.6500","0.3208","4.3952"
"222.6700","0.3209","4.3993"
"222.6900","0.3210","4.4034"
"222.7100","0.3211","4.4075"
"222.7300","0.3212","4.4116"
"222.7500","0.3213","4.4157"
"222.7700","0.3214","4.4197"
"222.7900","0.3215","4.4239"
"222.8100","0.3216","4.4279"
"222.8300","0.3217","4.4319"
"222.8500","0.3218","4.4358"
"222.8700","0.3219","4.4399"
"222.8900","0.3220","4.4438"
"222.9100","0.3222","4.4478"
"222.9300","0.3223","4.4518"
"222.9500","0.3224","4.4557"
"222.9700","0.3225","4.4596"
"222.9900","0.3226","4.4635"
"223.0100","0.3227","4.4673"
"223.0300","0.3228","4.4711"
"223.0500","0.3228","4.4750"
"223.0700","0.3229","4.4788"
"223.0900","0.3230","4.4827"
"223.1100","0.3231","4.4865"
"223.1300","0.3232","4.4902"
"223.1500","0.3233","4.4941"
"223.1700","0.3234","4.4981"
"223.1900","0.3235","4.5019"
"223.2100","0.3236","4.5058"
"223.2300","0.3237","4.5098"
"223.2500","0.3238","4.5138"
"223.2700","0.3239","4.5178"
"223.2900","0.3240","4.5218"
"223.3100","0.3242","4.5258"
"223.3300","0.3243","4.5298"
"223.3500","0.3244","4.5339"
"223.3700","0.3245","4.5379"
"223.3900","0.3246","4.5420"
"223.4100","0.3247","4.5461"
"223.4300","0.3248","4.5501"
"223.4500","0.3249","4.5543"
"223.4700","0.3250","4.5583"
"223.4900","0.3251","4.5624"
"223.5100","0.3252","4.5665"
"223.5300","0.3253","4.5705"
"223.5500","0.3254","4.5745"
"223.5700","0.3255","4.5785"
"223.5900","0.3256","4.5825"
"223.6100","0.3257","4.5865"
"223.6300","0.3258","4.5906"
"223.6500","0.3259","4.5945"
"223.6700","0.3260","4.5984"
"223.6900","0.3261","4.6023"
"223.7100","0.3262","4.6062"
"223.7300","0.3263","4.6102"
"223.7500","0.3264","4.6141"
"223.7700","0.3265","4.6180"
"223.7900","0.3266","4.6218"
"223.8100","0.3267","4.6257"
"223.8300","0.3268","4.6296"
"223.8500","0.3269","4.6336"
"223.8700","0.3270","4.6375"
"223.8900","0.3271","4.6414"
"223.9100","0.3272","4.6454"
"223.9300","0.3273","4.6495"
"223.9500","0.3274","4.6535"
"223.9700","0.3275","4.6576"
"223.9900","0.3276","4.6617"
"224.0100","0.3277","4.6659"
"224.0300","0.3278","4.6701"
"224.0500","0.3279","4.6742"
"224.0700","0.3280","4.6784"
"224.0900","0.3281","4.6826"
"224.1100","0.3282","4.6869"
"224.1300","0.3283","4.6910"
"224.1500","0.3284","4.6951"
"224.1700","0.3285","4.6993"
"224.1900","0.3286","4.7034"
"224.2100","0.3287","4.7075"
"224.2300","0.3288","4.7115"
"224.2500","0.3289","4.7155"
"224.2700","0.3290","4.7195"
"224.2900","0.3291","4.7235"
"224.3100","0.3292","4.7275"
"224.3300","0.3293","4.7315"
"224.3500","0.3294","4.7354"
"224.3700","0.3295","4.7394"
"224.3900","0.3296","4.7434"
"224.4100","0.3297","4.7474"
"224.4300","0.3298","4.7514"
"224.4500","0.3299","4.7553"
"224.4700","0.3300","4.7594"
"224.4900","0.3301","4.7634"
"224.5100","0.3302","4.7674"
"224.5300","0.3303","4.7713"
"224.5500","0.3304","4.7753"
"224.5700","0.3305","4.7794"
"224.5900","0.3306","4.7833"
"224.6100","0.3307","4.7872"
"224.6300","0.3308","4.7912"
"224.6500","0.3309","4.7953"
"224.6700","0.3310","4.7993"
"224.6900","0.3311","4.8032"
"224.7100","0.3312","4.8072"
"224.7300","0.3313","4.8112"
"224.7500","0.3314","4.8151"
"224.7700","0.3315","4.8190"
"224.7900","0.3316","4.8230"
"224.8100","0.3317","4.8270"
"224.8300","0.3318","4.8309"
"224.8500","0.3319","4.8348"
"224.8700","0.3320","4.8387"
"224.8900","0.3321","4.8427"
"224.9100","0.3322","4.8464"
"224.9300","0.3323","4.8503"
"224.9500","0.3324","4.8541"
"224.9700","0.3325","4.8580"
"224.9900","0.3326","4.8617"
"225.0100","0.3327","4.8655"
"225.0300","0.3328","4.8693"
"225.0500","0.3328","4.8730"
"225.0700","0.3329","4.8768"
"225.0900","0.3330","4.8807"
"225.1100","0.3331","4.8845"
"225.1300","0.3332","4.8883"
"225.1500","0.3333","4.8922"
"225.1700","0.3334","4.8961"
"225.1900","0.3335","4.8999"
"225.2100","0.3336","4.9039"
"225.2300","0.3337","4.9078"
"225.2500","0.3338","4.9118"
"225.2700","0.3339","4.9158"
"225.2900","0.3340","4.9198"
"225.3100","0.3341","4.9239"
"225.3300","0.3342","4.9279"
"225.3500","0.3343","4.9320"
"225.3700","0.3344","4.9361"
"225.3900","0.3345","4.9402"
"225.4100","0.3346","4.9443"
"225.4300","0.3347","4.9484"
"225.4500","0.3348","4.9526"
"225.4700","0.3349","4.9567"
"225.4900","0.3350","4.9609"
"225.5100","0.3351","4.9650"
"225.5300","0.3352","4.9692"
"225.5500","0.3353","4.9732"
"225.5700","0.3354","4.9773"
"225.5900","0.3355","4.9815"
"225.6100","0.3356","4.9855"
"225.6300","0.3357","4.9896"
"225.6500","0.3358","4.9936"
"225.6700","0.3359","4.9976"
"225.6900","0.3360","5.0016"
"225.7100","0.3361","5.0055"
"225.7300","0.3362","5.0094"
"225.7500","0.3363","5.0133"
"225.7700","0.3364","5.0172"
"225.7900","0.3365","5.0210"
"225.8100","0.3366","5.0248"
"225.8300","0.3367","5.0288"
"225.8500","0.3368","5.0326"
"225.8700","0.3368","5.0365"
"225.8900","0.3369","5.0404"
"225.9100","0.3370","5.0444"
"225.9300","0.3371","5.0483"
"225.9500","0.3372","5.0523"
"225.9700","0.3373","5.0562"
"225.9900","0.3374","5.0603"
"226.0100","0.3375","5.0643"
"226.0300","0.3376","5.0685"
"226.0500","0.3377","5.0725"
"226.0700","0.3378","5.0766"
"226.0900","0.3379","5.0807"
"226.1100","0.3380","5.0849"
"226.1300","0.3381","5.0890"
"226.1500","0.3382","5.0932"
"226.1700","0.3383","5.0972"
"226.1900","0.3384","5.1014"
"226.2100","0.3385","5.1054"
"226.2300","0.3386","5.1095"
"226.2500","0.3387","5.1136"
"226.2700","0.3388","5.1177"
"226.2900","0.3389","5.1217"
"226.3100","0.3390","5.1257"
"226.3300","0.3391","5.1297"
"226.3500","0.3392","5.1337"
"226.3700","0.3393","5.1376"
"226.3900","0.3394","5.1415"
"226.4100","0.3395","5.1456"
"226.4300","0.3396","5.1495"
"226.4500","0.3397","5.1534"
"226.4700","0.3398","5.1574"
"226.4900","0.3399","5.1613"
"226.5100","0.3399","5.1652"
"226.5300","0.3400","5.1692"
"226.5500","0.3401","5.1731"
"226.5700","0.3402","5.1771"
"226.5900","0.3403","5.1811"
"226.6100","0.3404","5.1851"
"226.6300","0.3405","5.1891"
"226.6500","0.3406","5.1930"
"226.6700","0.3407","5.1970"
"226.6900","0.3408","5.2011"
"226.7100","0.3409","5.2051"
"226.7300","0.3410","5.2090"
"226.7500","0.3411","5.2130"
"226.7700","0.3412","5.2169"
"226.7900","0.3413","5.2208"
"226.8100","0.3414","5.2248"
"226.8300","0.3415","5.2288"
"226.8500","0.3416","5.2327"
"226.8700","0.3417","5.2367"
"226.8900","0.3418","5.2406"
"226.9100","0.3419","5.2446"
"226.9300","0.3420","5.2486"
"226.9500","0.3420","5.2525"
"226.9700","0.3421","5.2563"
"226.9900","0.3422","5.2602"
"227.0100","0.3423","5.2641"
"227.0300","0.3424","5.2681"
"227.0500","0.3425","5.2719"
"227.0700","0.3426","5.2757"
"227.0900","0.3427","5.2795"
"227.1100","0.3428","5.2834"
"227.1300","0.3429","5.2872"
"227.1500","0.3430","5.2911"
"227.1700","0.3431","5.2950"
"227.1900","0.3432","5.2988"
"227.2100","0.3432","5.3026"
"227.2300","0.3433","5.3064"
"227.2500","0.3434","5.3102"
"227.2700","0.3435","5.3141"
"227.2900","0.3436","5.3180"
"227.3100","0.3437","5.3218"
"227.3300","0.3438","5.3257"
"227.3500","0.3439","5.3297"
"227.3700","0.3440","5.3336"
"227.3900","0.3441","5.3375"
"227.4100","0.3442","5.3416"
"227.4300","0.3443","5.3456"
"227.4500","0.3444","5.3496"
"227.4700","0.3445","5.3536"
"227.4900","0.3446","5.3576"
"227.5100","0.3447","5.3616"
"227.5300","0.3447","5.3656"
"227.5500","0.3448","5.3697"
"227.5700","0.3449","5.3737"
"227.5900","0.3450","5.3778"
"227.6100","0.3451","5.3819"
"227.6300","0.3452","5.3858"
"227.6500","0.3453","5.3899"
"227.6700","0.3454","5.3940"
"227.6900","0.3455","5.3982"
"227.7100","0.3456","5.4022"
"227.7300","0.3457","5.4062"
"227.7500","0.3458","5.4102"
"227.7700","0.3459","5.4142"
"227.7900","0.3460","5.4182"
"227.8100","0.3461","5.4222"
"227.8300","0.3462","5.4261"
"227.8500","0.3463","5.4301"
"227.8700","0.3464","5.4341"
"227.8900","0.3465","5.4379"
"227.9100","0.3466","5.4419"
"227.9300","0.3466","5.4459"
"227.9500","0.3467","5.4498"
"227.9700","0.3468","5.4536"
"227.9900","0.3469","5.4576"
"228.0100","0.3470","5.4615"
"228.0300","0.3471","5.4655"
"228.0500","0.3472","5.4696"
"228.0700","0.3473","5.4736"
"228.0900","0.3474","5.4777"
"228.1100","0.3475","5.4818"
"228.1300","0.3476","5.4860"
"228.1500","0.3477","5.4901"
"228.1700","0.3478","5.4943"
"228.1900","0.3479","5.4985"
"228.2100","0.3480","5.5027"
"228.2300","0.3481","5.5070"
"228.2500","0.3482","5.5112"
"228.2700","0.3483","5.5154"
"228.2900","0.3484","5.5196"
"228.3100","0.3485","5.5238"
"228.3300","0.3486","5.5280"
"228.3500","0.3487","5.5321"
"228.3700","0.3488","5.5362"
"228.3900","0.3489","5.5403"
"228.4100","0.3490","5.5443"
"228.4300","0.3491","5.5484"
"228.4500","0.3492","5.5525"
"228.4700","0.3492","5.5565"
"228.4900","0.3493","5.5605"
"228.5100","0.3494","5.5645"
"228.5300","0.3495","5.5685"
"228.5500","0.3496","5.5726"
"228.5700","0.3497","5.5766"
"228.5900","0.3498","5.5806"
"228.6100","0.3499","5.5846"
"228.6300","0.3500","5.5886"
"228.6500","0.3501","5.5926"
"228.6700","0.3502","5.5966"
"228.6900","0.3503","5.6006"
"228.7100","0.3504","5.6048"
"228.7300","0.3505","5.6088"
"228.7500","0.3506","5.6128"
"228.7700","0.3507","5.6169"
"228.7900","0.3508","5.6209"
"228.8100","0.3509","5.6249"
"228.8300","0.3510","5.6290"
"228.8500","0.3510","5.6330"
"228.8700","0.3511","5.6370"
"228.8900","0.3512","5.6410"
"228.9100","0.3513","5.6450"
"228.9300","0.3514","5.6490"
"228.9500","0.3515","5.6530"
"228.9700","0.3516","5.6570"
"228.9900","0.3517","5.6611"
"229.0100","0.3518","5.6651"
"229.0300","0.3519","5.6690"
"229.0500","0.3520","5.6730"
"229.0700","0.3521","5.6770"
"229.0900","0.3522","5.6808"
"229.1100","0.3523","5.6847"
"229.1300","0.3524","5.6885"
"229.1500","0.3524","5.6925"
"229.1700","0.3525","5.6962"
"229.1900","0.3526","5.7000"
"229.2100","0.3527","5.7038"
"229.2300","0.3528","5.7076"
"229.2500","0.3529","5.7114"
"229.2700","0.3530","5.7152"
"229.2900","0.3531","5.7190"
"229.3100","0.3532","5.7229"
"229.3300","0.3532","5.7266"
"229.3500","0.3533","5.7305"
"229.3700","0.3534","5.7342"
"229.3900","0.3535","5.7380"
"229.4100","0.3536","5.7418"
"229.4300","0.3537","5.7457"
"229.4500","0.3538","5.7496"
"229.4700","0.3539","5.7535"
"229.4900","0.3540","5.7574"
"229.5100","0.3541","5.7614"
"229.5300","0.3542","5.7654"
"229.5500","0.3543","5.7695"
"229.5700","0.3544","5.7736"
"229.5900","0.3544","5.7776"
"229.6100","0.3545","5.7817"
"229.6300","0.3546","5.7858"
"229.6500","0.3547","5.7899"
"229.6700","0.3548","5.7941"
"229.6900","0.3549","5.7983"
"229.7100","0.3550","5.8025"
"229.7300","0.3551","5.8066"
"229.7500","0.3552","5.8109"
"229.7700","0.3553","5.8150"
"229.7900","0.3554","5.8192"
"229.8100","0.3555","5.8232"
"229.8300","0.3556","5.8273"
"229.8500","0.3557","5.8315"
"229.8700","0.3558","5.8356"
"229.8900","0.3559","5.8396"
"229.9100","0.3560","5.8437"
"229.9300","0.3561","5.8476"
"229.9500","0.3562","5.8516"
"229.9700","0.3563","5.8556"
"229.9900","0.3564","5.8595"
"230.0100","0.3564","5.8634"
"230.0300","0.3565","5.8672"
"230.0500","0.3566","5.8712"
"230.0700","0.3567","5.8751"
"230.0900","0.3568","5.8791"
"230.1100","0.3569","5.8829"
"230.1300","0.3570","5.8869"
"230.1500","0.3571","5.8908"
"230.1700","0.3572","5.8948"
"230.1900","0.3573","5.8988"
"230.2100","0.3574","5.9028"
"230.2300","0.3575","5.9068"
"230.2500","0.3576","5.9110"
"230.2700","0.3577","5.9151"
"230.2900","0.3577","5.9191"
"230.3100","0.3578","5.9233"
"230.3300","0.3579","5.9274"
"230.3500","0.3580","5.9317"
"230.3700","0.3581","5.9358"
"230.3900","0.3582","5.9400"
"230.4100","0.3583","5.9442"
"230.4300","0.3584","5.9484"
"230.4500","0.3585","5.9525"
"230.4700","0.3586","5.9567"
"230.4900","0.3587","5.9608"
"230.5100","0.3588","5.9650"
"230.5300","0.3589","5.9690"
"230.5500","0.3590","5.9730"
"230.5700","0.3591","5.9770"
"230.5900","0.3592","5.9811"
"230.6100","0.3593","5.9851"
"230.6300","0.3594","5.9890"
"230.6500","0.3595","5.9930"
"230.6700","0.3596","5.9970"
"230.6860","0.3596","6.0001"
"230.6870","0.3596","6.0003"
"230.6880","0.3597","6.0005"
"230.7080","0.3597","6.0042"
"230.7280","0.3598","6.0055"
"230.7480","0.3598","6.0046"
"230.7680","0.3597","6.0027"
"230.7880","0.3597","6.0007"
"230.8080","0.3597","5.9987"
"230.8280","0.3596","5.9967"
"230.8480","0.3596","5.9946"
"230.8680","0.3596","5.9924"
"230.8880","0.3595","5.9900"
"230.9080","0.3595","5.9875"
"230.9280","0.3595","5.9850"
"230.9480","0.3594","5.9824"
"230.9680","0.3594","5.9796"
"230.9880","0.3593","5.9767"
"231.0080","0.3593","5.9738"
"231.0280","0.3592","5.9708"
"231.0480","0.3591","5.9677"
"231.0680","0.3591","5.9646"
"231.0880","0.3590","5.9614"
"231.1080","0.3590","5.9581"
"231.1280","0.3589","5.9548"
"231.1480","0.3589","5.9513"
"231.1680","0.3588","5.9480"
"231.1880","0.3587","5.9444"
"231.2080","0.3587","5.9409"
"231.2280","0.3586","5.9374"
"231.2480","0.3585","5.9337"
"231.2680","0.3585","5.9300"
"231.2880","0.3584","5.9263"
"231.3080","0.3583","5.9226"
"231.3280","0.3583","5.9187"
"231.3480","0.3582","5.9148"
"231.3680","0.3581","5.9110"
"231.3880","0.3581","5.9072"
"231.4080","0.3580","5.9033"
"231.4280","0.3579","5.8993"
"231.4480","0.3579","5.8953"
"231.4680","0.3578","5.8914"
"231.4880","0.3577","5.8874"
"231.5080","0.3576","5.8834"
"231.5280","0.3576","5.8794"
"231.5480","0.3575","5.8753"
"231.5680","0.3574","5.8713"
"231.5880","0.3574","5.8672"
"231.6080","0.3573","5.8632"
"231.6280","0.3572","5.8591"
"231.6480","0.3571","5.8550"
"231.6680","0.3571","5.8509"
"231.6880","0.3570","5.8468"
"231.7080","0.3569","5.8427"
"231.7280","0.3568","5.8386"
"231.7480","0.3568","5.8345"
"231.7680","0.3567","5.8304"
"231.7880","0.3566","5.8263"
"231.8080","0.3565","5.8220"
"231.8280","0.3565","5.8178"
"231.8480","0.3564","5.8137"
"231.8680","0.3563","5.8095"
"231.8880","0.3562","5.8052"
"231.9080","0.3562","5.8010"
"231.9280","0.3561","5.7968"
"231.9480","0.3560","5.7926"
"231.9680","0.3559","5.7883"
"231.9880","0.3559","5.7840"
"232.0080","0.3558","5.7797"
"232.0280","0.3557","5.7755"
"232.0480","0.3556","5.7713"
"232.0680","0.3556","5.7669"
"232.0880","0.3555","5.7623"
"232.1080","0.3554","5.7579"
"232.1280","0.3553","5.7535"
"232.1480","0.3552","5.7492"
"232.1680","0.3552","5.7447"
"232.1880","0.3551","5.7404"
"232.2080","0.3550","5.7361"
"232.2280","0.3549","5.7319"
"232.2480","0.3548","5.7274"
"232.2680","0.3548","5.7230"
"232.2880","0.3547","5.7186"
"232.3080","0.3546","5.7144"
"232.3280","0.3545","5.7099"
"232.3480","0.3544","5.7056"
"232.3680","0.3544","5.7013"
"232.3880","0.3543","5.6971"
"232.4080","0.3542","5.6928"
"232.4280","0.3541","5.6884"
"232.4480","0.3541","5.6841"
"232.4680","0.3540","5.6799"
"232.4880","0.3539","5.6756"
"232.5080","0.3538","5.6713"
"232.5280","0.3537","5.6671"
"232.5480","0.3537","5.6629"
"232.5680","0.3536","5.6587"
"232.5880","0.3535","5.6545"
"232.6080","0.3534","5.6503"
"232.6280","0.3534","5.6461"
"232.6480","0.3533","5.6419"
"232.6680","0.3532","5.6379"
"232.6880","0.3531","5.6336"
"232.7080","0.3531","5.6294"
"232.7280","0.3530","5.6254"
"232.7480","0.3529","5.6211"
"232.7680","0.3528","5.6170"
"232.7880","0.3527","5.6128"
"232.8080","0.3527","5.6087"
"232.8280","0.3526","5.6046"
"232.8480","0.3525","5.6005"
"232.8680","0.3524","5.5964"
"232.8880","0.3524","5.5922"
"232.9080","0.3523","5.5881"
"232.9280","0.3522","5.5839"
"232.9480","0.3521","5.5798"
"232.9680","0.3521","5.5756"
"232.9880","0.3520","5.5714"
"233.0080","0.3519","5.5671"
"233.0280","0.3518","5.5630"
"233.0480","0.3517","5.5588"
"233.0680","0.3517","5.5545"
"233.0880","0.3516","5.5503"
"233.1080","0.3515","5.5460"
"233.1280","0.3514","5.5417"
"233.1480","0.3514","5.5376"
"233.1680","0.3513","5.5333"
"233.1880","0.3512","5.5289"
"233.2080","0.3511","5.5247"
"233.2280","0.3510","5.5204"
"233.2480","0.3510","5.5161"
"233.2680","0.3509","5.5119"
"233.2880","0.3508","5.5076"
"233.3080","0.3507","5.5033"
"233.3280","0.3506","5.4989"
"233.3480","0.3506","5.4946"
"233.3680","0.3505","5.4903"
"233.3880","0.3504","5.4861"
"233.4080","0.3503","5.4818"
"233.4280","0.3502","5.4775"
"233.4480","0.3502","5.4733"
"233.4680","0.3501","5.4691"
"233.4880","0.3500","5.4649"
"233.5080","0.3499","5.4605"
"233.5280","0.3498","5.4563"
"233.5480","0.3498","5.4521"
"233.5680","0.3497","5.4479"
"233.5880","0.3496","5.4436"
"233.6080","0.3495","5.4394"
"233.6280","0.3494","5.4353"
"233.6480","0.3494","5.4311"
"233.6680","0.3493","5.4269"
"233.6880","0.3492","5.4229"
"233.7080","0.3491","5.4187"
"233.7280","0.3490","5.4146"
"233.7480","0.3490","5.4105"
"233.7680","0.3489","5.4064"
"233.7880","0.3488","5.4021"
"233.8080","0.3487","5.3980"
"233.8280","0.3487","5.3939"
"233.8480","0.3486","5.3899"
"233.8680","0.3485","5.3857"
"233.8880","0.3484","5.3816"
"233.9080","0.3483","5.3773"
"233.9280","0.3483","5.3731"
"233.9480","0.3482","5.3690"
"233.9680","0.3481","5.3648"
"233.9880","0.3480","5.3606"
"234.0080","0.3479","5.3564"
"234.0280","0.3478","5.3522"
"234.0480","0.3478","5.3479"
"234.0680","0.3477","5.3437"
"234.0880","0.3476","5.3395"
"234.1080","0.3475","5.3354"
"234.1280","0.3474","5.3313"
"234.1480","0.3474","5.3271"
"234.1680","0.3473","5.3229"
"234.1880","0.3472","5.3187"
"234.2080","0.3471","5.3147"
"234.2280","0.3470","5.3106"
"234.2480","0.3470","5.3065"
"234.2680","0.3469","5.3025"
"234.2880","0.3468","5.2985"
"234.3080","0.3467","5.2944"
"234.3280","0.3467","5.2903"
"234.3480","0.3466","5.2864"
"234.3680","0.3465","5.2823"
"234.3880","0.3464","5.2783"
"234.4080","0.3463","5.2744"
"234.4280","0.3463","5.2704"
"234.4480","0.3462","5.2663"
"234.4680","0.3461","5.2624"
"234.4880","0.3460","5.2583"
"234.5080","0.3460","5.2543"
"234.5280","0.3459","5.2502"
"234.5480","0.3458","5.2462"
"234.5680","0.3457","5.2422"
"234.5880","0.3456","5.2382"
"234.6080","0.3456","5.2342"
"234.6280","0.3455","5.2302"
"234.6480","0.3454","5.2262"
"234.6680","0.3453","5.2222"
"234.6880","0.3453","5.2182"
"234.7080","0.3452","5.2142"
"234.7280","0.3451","5.2101"
"234.7480","0.3450","5.2062"
"234.7680","0.3449","5.2021"
"234.7880","0.3449","5.1980"
"234.8080","0.3448","5.1940"
"234.8280","0.3447","5.1900"
"234.8480","0.3446","5.1860"
"234.8680","0.3445","5.1819"
"234.8880","0.3445","5.1779"
"234.9080","0.3444","5.1738"
"234.9280","0.3443","5.1698"
"234.9480","0.3442","5.1657"
"234.9680","0.3441","5.1617"
"234.9880","0.3441","5.1576"
"235.0080","0.3440","5.1536"
"235.0280","0.3439","5.1496"
"235.0480","0.3438","5.1456"
"235.0680","0.3437","5.1415"
"235.0880","0.3437","5.1376"
"235.1080","0.3436","5.1335"
"235.1280","0.3435","5.1295"
"235.1480","0.3434","5.1255"
"235.1680","0.3433","5.1215"
"235.1880","0.3433","5.1176"
"235.2080","0.3432","5.1137"
"235.2280","0.3431","5.1097"
"235.2480","0.3430","5.1057"
"235.2680","0.3430","5.1017"
"235.2880","0.3429","5.0979"
"235.3080","0.3428","5.0939"
"235.3280","0.3427","5.0900"
"235.3480","0.3426","5.0860"
"235.3680","0.3426","5.0821"
"235.3880","0.3425","5.0781"
"235.4080","0.3424","5.0741"
"235.4280","0.3423","5.0702"
"235.4480","0.3422","5.0662"
"235.4680","0.3422","5.0623"
"235.4880","0.3421","5.0583"
"235.5080","0.3420","5.0542"
"235.5280","0.3419","5.0502"
"235.5480","0.3418","5.0462"
"235.5680","0.3418","5.0422"
"235.5880","0.3417","5.0381"
"235.6080","0.3416","5.0341"
"235.6280","0.3415","5.0300"
"235.6480","0.3414","5.0259"
"235.6680","0.3413","5.0219"
"235.6880","0.3413","5.0178"
"235.7080","0.3412","5.0137"
"235.7280","0.3411","5.0096"
"235.7480","0.3410","5.0055"
"235.7680","0.3409","5.0014"
"235.7880","0.3408","4.9973"
"235.8080","0.3408","4.9932"
"235.8280","0.3407","4.9891"
"235.8480","0.3406","4.9851"
"235.8680","0.3405","4.9809"
"235.8880","0.3404","4.9768"
"235.9080","0.3403","4.9727"
"235.9280","0.3403","4.9685"
"235.9480","0.3402","4.9644"
"235.9680","0.3401","4.9604"
"235.9880","0.3400","4.9563"
"236.0080","0.3399","4.9521"
"236.0280","0.3398","4.9480"
"236.0480","0.3398","4.9439"
"236.0680","0.3397","4.9399"
"236.0880","0.3396","4.9358"
"236.1080","0.3395","4.9318"
"236.1280","0.3394","4.9278"
"236.1480","0.3393","4.9238"
"236.1680","0.3393","4.9198"
"236.1880","0.3392","4.9158"
"236.2080","0.3391","4.9119"
"236.2280","0.3390","4.9078"
"236.2480","0.3389","4.9038"
"236.2680","0.3389","4.8998"
"236.2880","0.3388","4.8958"
"236.3080","0.3387","4.8918"
"236.3280","0.3386","4.8878"
"236.3480","0.3385","4.8837"
"236.3680","0.3384","4.8797"
"236.3880","0.3384","4.8757"
"236.4080","0.3383","4.8716"
"236.4280","0.3382","4.8676"
"236.4480","0.3381","4.8634"
"236.4680","0.3380","4.8593"
"236.4880","0.3379","4.8551"
"236.5080","0.3379","4.8511"
"236.5280","0.3378","4.8470"
"236.5480","0.3377","4.8428"
"236.5680","0.3376","4.8387"
"236.5880","0.3375","4.8347"
"236.6080","0.3374","4.8306"
"236.6280","0.3373","4.8265"
"236.6480","0.3373","4.8224"
"236.6680","0.3372","4.8184"
"236.6880","0.3371","4.8143"
"236.7080","0.3370","4.8103"
"236.7280","0.3369","4.8063"
"236.7480","0.3368","4.8022"
"236.7680","0.3368","4.7983"
"236.7880","0.3367","4.7944"
"236.8080","0.3366","4.7903"
"236.8280","0.3365","4.7864"
"236.8480","0.3364","4.7824"
"236.8680","0.3363","4.7785"
"236.8880","0.3363","4.7745"
"236.9080","0.3362","4.7704"
"236.9280","0.3361","4.7665"
"236.9480","0.3360","4.7625"
"236.9680","0.3359","4.7585"
"236.9880","0.3358","4.7545"
"237.0080","0.3358","4.7505"
"237.0280","0.3357","4.7464"
"237.0480","0.3356","4.7423"
"237.0680","0.3355","4.7383"
"237.0880","0.3354","4.7343"
"237.1080","0.3353","4.7302"
"237.1280","0.3352","4.7261"
"237.1480","0.3352","4.7220"
"237.1680","0.3351","4.7179"
"237.1880","0.3350","4.7138"
"237.2080","0.3349","4.7097"
"237.2280","0.3348","4.7056"
"237.2480","0.3347","4.7015"
"237.2680","0.3346","4.6974"
"237.2880","0.3345","4.6932"
"237.3080","0.3345","4.6892"
"237.3280","0.3344","4.6851"
"237.3480","0.3343","4.6811"
"237.3680","0.3342","4.6769"
"237.3880","0.3341","4.6729"
"237.4080","0.3340","4.6688"
"237.4280","0.3339","4.6649"
"237.4480","0.3339","4.6609"
"237.4680","0.3338","4.6569"
"237.4880","0.3337","4.6528"
"237.5080","0.3336","4.6489"
"237.5280","0.3335","4.6449"
"237.5480","0.3334","4.6409"
"237.5680","0.3334","4.6370"
"237.5880","0.3333","4.6330"
"237.6080","0.3332","4.6291"
"237.6280","0.3331","4.6252"
"237.6480","0.3330","4.6213"
"237.6680","0.3329","4.6174"
"237.6880","0.3329","4.6135"
"237.7080","0.3328","4.6097"
"237.7280","0.3327","4.6058"
"237.7480","0.3326","4.6019"
"237.7680","0.3325","4.5980"
"237.7880","0.3324","4.5940"
"237.8080","0.3324","4.5902"
"237.8280","0.3323","4.5863"
"237.8480","0.3322","4.5824"
"237.8680","0.3321","4.5784"
"237.8880","0.3320","4.5745"
"237.9080","0.3319","4.5705"
"237.9280","0.3318","4.5665"
"237.9480","0.3318","4.5626"
"237.9680","0.3317","4.5586"
"237.9880","0.3316","4.5545"
"238.0080","0.3315","4.5505"
"238.0280","0.3314","4.5465"
"238.0480","0.3313","4.5424"
"238.0680","0.3312","4.5384"
"238.0880","0.3311","4.5344"
"238.1080","0.3311","4.5303"
"238.1280","0.3310","4.5263"
"238.1480","0.3309","4.5222"
"238.1680","0.3308","4.5181"
"238.1880","0.3307","4.5141"
"238.2080","0.3306","4.5100"
"238.2280","0.3305","4.5058"
"238.2480","0.3304","4.5016"
"238.2680","0.3303","4.4976"
"238.2880","0.3303","4.4935"
"238.3080","0.3302","4.4894"
"238.3280","0.3301","4.4853"
"238.3480","0.3300","4.4812"
"238.3680","0.3299","4.4772"
"238.3880","0.3298","4.4730"
"238.4080","0.3297","4.4689"
"238.4280","0.3296","4.4648"
"238.4480","0.3295","4.4608"
"238.4680","0.3295","4.4568"
"238.4880","0.3294","4.4526"
"238.5080","0.3293","4.4487"
"238.5280","0.3292","4.4448"
"238.5480","0.3291","4.4408"
"238.5680","0.3290","4.4368"
"238.5880","0.3289","4.4328"
"238.6080","0.3288","4.4288"
"238.6280","0.3287","4.4248"
"238.6480","0.3287","4.4208"
"238.6680","0.3286","4.4168"
"238.6880","0.3285","4.4128"
"238.7080","0.3284","4.4088"
"238.7280","0.3283","4.4047"
"238.7480","0.3282","4.4007"
"238.7680","0.3281","4.3966"
"238.7880","0.3280","4.3925"
"238.8080","0.3279","4.3884"
"238.8280","0.3279","4.3843"
"238.8480","0.3278","4.3802"
"238.8680","0.3277","4.3761"
"238.8880","0.3276","4.3720"
"238.9080","0.3275","4.3679"
"238.9280","0.3274","4.3638"
"238.9480","0.3273","4.3598"
"238.9680","0.3272","4.3557"
"238.9880","0.3271","4.3516"
"239.0080","0.3270","4.3475"
"239.0280","0.3269","4.3435"
"239.0480","0.3269","4.3397"
"239.0680","0.3268","4.3356"
"239.0880","0.3267","4.3316"
"239.1080","0.3266","4.3277"
"239.1280","0.3265","4.3238"
"239.1480","0.3264","4.3199"
"239.1680","0.3263","4.3158"
"239.1880","0.3262","4.3120"
"239.2080","0.3261","4.3080"
"239.2280","0.3260","4.3041"
"239.2480","0.3260","4.3001"
"239.2680","0.3259","4.2961"
"239.2880","0.3258","4.2922"
"239.3080","0.3257","4.2882"
"239.3280","0.3256","4.2843"
"239.3480","0.3255","4.2803"
"239.3680","0.3254","4.2763"
"239.3880","0.3253","4.2724"
"239.4080","0.3252","4.2684"
"239.4280","0.3251","4.2645"
"239.4480","0.3251","4.2604"
"239.4680","0.3250","4.2565"
"239.4880","0.3249","4.2525"
"239.5080","0.3248","4.2485"
"239.5280","0.3247","4.2445"
"239.5480","0.3246","4.2405"
"239.5680","0.3245","4.2365"
"239.5880","0.3244","4.2326"
"239.6080","0.3243","4.2286"
"239.6280","0.3242","4.2246"
"239.6480","0.3241","4.2205"
"239.6680","0.3241","4.2165"
"239.6880","0.3240","4.2125"
"239.7080","0.3239","4.2085"
"239.7280","0.3238","4.2045"
"239.7480","0.3237","4.2006"
"239.7680","0.3236","4.1965"
"239.7880","0.3235","4.1925"
"239.8080","0.3234","4.1885"
"239.8280","0.3233","4.1846"
"239.8480","0.3232","4.1807"
"239.8680","0.3231","4.1767"
"239.8880","0.3230","4.1728"
"239.9080","0.3230","4.1689"
"239.9280","0.3229","4.1649"
"239.9480","0.3228","4.1610"
"239.9680","0.3227","4.1571"
"239.9880","0.3226","4.1533"
"240.0080","0.3225","4.1493"
"240.0280","0.3224","4.1453"
"240.0480","0.3223","4.1414"
"240.0680","0.3222","4.1374"
"240.0880","0.3221","4.1335"
"240.1080","0.3220","4.1295"
"240.1280","0.3220","4.1255"
"240.1480","0.3219","4.1215"
"240.1680","0.3218","4.1175"
"240.1880","0.3217","4.1135"
"240.2080","0.3216","4.1095"
"240.2280","0.3215","4.1054"
"240.2480","0.3214","4.1013"
"240.2680","0.3213","4.0972"
"240.2880","0.3212","4.0932"
"240.3080","0.3211","4.0892"
"240.3280","0.3210","4.0850"
"240.3480","0.3209","4.0809"
"240.3680","0.3208","4.0767"
"240.3880","0.3207","4.0727"
"240.4080","0.3206","4.0686"
"240.4280","0.3205","4.0644"
"240.4480","0.3204","4.0602"
"240.4680","0.3203","4.0561"
"240.4880","0.3202","4.0520"
"240.5080","0.3201","4.0478"
"240.5280","0.3200","4.0436"
"240.5480","0.3200","4.0395"
"240.5680","0.3199","4.0355"
"240.5880","0.3198","4.0313"
"240.6080","0.3197","4.0271"
"240.6280","0.3196","4.0231"
"240.6480","0.3195","4.0191"
"240.6680","0.3194","4.0151"
"240.6880","0.3193","4.0111"
"240.7080","0.3192","4.0072"
"240.7280","0.3191","4.0031"
"240.7480","0.3190","3.9992"
"240.7680","0.3189","3.9953"
"240.7880","0.3188","3.9913"
"240.8080","0.3187","3.9874"
"240.8280","0.3186","3.9834"
"240.8480","0.3185","3.9795"
"240.8680","0.3184","3.9756"
"240.8880","0.3183","3.9717"
"240.9080","0.3183","3.9677"
"240.9280","0.3182","3.9637"
"240.9480","0.3181","3.9597"
"240.9680","0.3180","3.9557"
"240.9880","0.3179","3.9517"
"241.0080","0.3178","3.9478"
"241.0280","0.3177","3.9436"
"241.0480","0.3176","3.9397"
"241.0680","0.3175","3.9358"
"241.0880","0.3174","3.9318"
"241.1080","0.3173","3.9279"
"241.1280","0.3172","3.9239"
"241.1480","0.3171","3.9200"
"241.1680","0.3170","3.9160"
"241.1880","0.3169","3.9122"
"241.2080","0.3168","3.9083"
"241.2280","0.3167","3.9045"
"241.2480","0.3166","3.9006"
"241.2680","0.3166","3.8968"
"241.2880","0.3165","3.8930"
"241.3080","0.3164","3.8892"
"241.3280","0.3163","3.8854"
"241.3480","0.3162","3.8816"
"241.3680","0.3161","3.8778"
"241.3880","0.3160","3.8740"
"241.4080","0.3159","3.8701"
"241.4280","0.3158","3.8663"
"241.4480","0.3157","3.8624"
"241.4680","0.3156","3.8586"
"241.4880","0.3155","3.8547"
"241.5080","0.3154","3.8508"
"241.5280","0.3153","3.8468"
"241.5480","0.3152","3.8429"
"241.5680","0.3151","3.8389"
"241.5880","0.3151","3.8350"
"241.6080","0.3150","3.8310"
"241.6280","0.3149","3.8270"
"241.6480","0.3148","3.8230"
"241.6680","0.3147","3.8190"
"241.6880","0.3146","3.8150"
"241.7080","0.3145","3.8109"
"241.7280","0.3144","3.8069"
"241.7480","0.3143","3.8030"
"241.7680","0.3142","3.7989"
"241.7880","0.3141","3.7949"
"241.8080","0.3140","3.7908"
"241.8280","0.3139","3.7868"
"241.8480","0.3138","3.7827"
"241.8680","0.3137","3.7788"
"241.8880","0.3136","3.7748"
"241.9080","0.3135","3.7707"
"241.9280","0.3134","3.7668"
"241.9480","0.3133","3.7628"
"241.9680","0.3132","3.7588"
"241.9880","0.3131","3.7549"
"242.0080","0.3130","3.7511"
"242.0280","0.3129","3.7470"
"242.0480","0.3128","3.7431"
"242.0680","0.3127","3.7392"
"242.0880","0.3126","3.7353"
"242.1080","0.3125","3.7314"
"242.1280","0.3124","3.7274"
"242.1480","0.3123","3.7235"
"242.1680","0.3122","3.7196"
"242.1880","0.3121","3.7156"
"242.2080","0.3120","3.7116"
"242.2280","0.3119","3.7076"
"242.2480","0.3118","3.7035"
"242.2680","0.3117","3.6995"
"242.2880","0.3116","3.6954"
"242.3080","0.3115","3.6913"
"242.3280","0.3114","3.6872"
"242.3480","0.3113","3.6832"
"242.3680","0.3112","3.6791"
"242.3880","0.3111","3.6750"
"242.4080","0.3110","3.6709"
"242.4280","0.3109","3.6668"
"242.4480","0.3108","3.6627"
"242.4680","0.3107","3.6585"
"242.4880","0.3106","3.6544"
"242.5080","0.3105","3.6504"
"242.5280","0.3104","3.6463"
"242.5480","0.3103","3.6422"
"242.5680","0.3102","3.6381"
"242.5880","0.3101","3.6340"
"242.6080","0.3100","3.6299"
"242.6280","0.3098","3.6259"
"242.6480","0.3097","3.6218"
"242.6680","0.3096","3.6178"
"242.6880","0.3095","3.6137"
"242.7080","0.3094","3.6099"
"242.7280","0.3093","3.6060"
"242.7480","0.3092","3.6019"
"242.7680","0.3091","3.5980"
"242.7880","0.3090","3.5942"
"242.8080","0.3089","3.5903"
"242.8280","0.3088","3.5864"
"242.8480","0.3087","3.5826"
"242.8680","0.3086","3.5787"
"242.8880","0.3086","3.5749"
"242.9080","0.3085","3.5710"
"242.9280","0.3084","3.5671"
"242.9480","0.3083","3.5632"
"242.9680","0.3082","3.5594"
"242.9880","0.3080","3.5554"
"243.0080","0.3079","3.5514"
"243.0280","0.3078","3.5473"
"243.0480","0.3077","3.5434"
"243.0680","0.3076","3.5394"
"243.0880","0.3075","3.5354"
"243.1080","0.3074","3.5315"
"243.1280","0.3073","3.5274"
"243.1480","0.3072","3.5235"
"243.1680","0.3071","3.5195"
"243.1880","0.3070","3.5156"
"243.2080","0.3069","3.5117"
"243.2280","0.3068","3.5079"
"243.2480","0.3067","3.5040"
"243.2680","0.3066","3.5001"
"243.2880","0.3065","3.4962"
"243.3080","0.3064","3.4922"
"243.3280","0.3063","3.4884"
"243.3480","0.3062","3.4846"
"243.3680","0.3061","3.4806"
"243.3880","0.3060","3.4767"
"243.4080","0.3059","3.4727"
"243.4280","0.3058","3.4687"
"243.4480","0.3057","3.4647"
"243.4680","0.3056","3.4607"
"243.4880","0.3055","3.4567"
"243.5080","0.3054","3.4526"
"243.5280","0.3053","3.4486"
"243.5480","0.3052","3.4445"
"243.5680","0.3051","3.4403"
"243.5880","0.3050","3.4363"
"243.6080","0.3049","3.4322"
"243.6280","0.3047","3.4280"
"243.6480","0.3046","3.4238"
"243.6680","0.3045","3.4198"
"243.6880","0.3044","3.4155"
"243.7080","0.3043","3.4114"
"243.7280","0.3042","3.4072"
"243.7480","0.3041","3.4031"
"243.7680","0.3040","3.3988"
"243.7880","0.3039","3.3946"
"243.8080","0.3038","3.3905"
"243.8280","0.3037","3.3863"
"243.8480","0.3035","3.3822"
"243.8680","0.3034","3.3780"
"243.8880","0.3033","3.3739"
"243.9080","0.3032","3.3698"
"243.9280","0.3031","3.3658"
"243.9480","0.3030","3.3617"
"243.9680","0.3029","3.3577"
"243.9880","0.3028","3.3537"
"244.0080","0.3027","3.3496"
"244.0280","0.3026","3.3457"
"244.0480","0.3025","3.3417"
"244.0680","0.3024","3.3377"
"244.0880","0.3023","3.3338"
"244.1080","0.3022","3.3297"
"244.1280","0.3020","3.3258"
"244.1480","0.3019","3.3218"
"244.1680","0.3018","3.3177"
"244.1880","0.3017","3.3139"
"244.2080","0.3016","3.3098"
"244.2280","0.3015","3.3058"
"244.2480","0.3014","3.3019"
"244.2680","0.3013","3.2979"
"244.2880","0.3012","3.2939"
"244.3080","0.3011","3.2898"
"244.3280","0.3010","3.2859"
"244.3480","0.3009","3.2819"
"244.3680","0.3008","3.2779"
"244.3880","0.3006","3.2739"
"244.4080","0.3005","3.2699"
"244.4280","0.3004","3.2660"
"244.4480","0.3003","3.2619"
"244.4680","0.3002","3.2580"
"244.4880","0.3001","3.2540"
"244.5080","0.3000","3.2500"
"244.5280","0.2999","3.2461"
"244.5480","0.2998","3.2421"
"244.5680","0.2997","3.2382"
"244.5880","0.2996","3.2343"
"244.6080","0.2995","3.2304"
"244.6280","0.2994","3.2265"
"244.6480","0.2993","3.2227"
"244.6680","0.2992","3.2188"
"244.6880","0.2990","3.2150"
"244.7080","0.2989","3.2113"
"244.7280","0.2988","3.2075"
"244.7480","0.2987","3.2037"
"244.7680","0.2986","3.2000"
"244.7880","0.2985","3.1962"
"244.8080","0.2984","3.1925"
"244.8280","0.2983","3.1886"
"244.8480","0.2982","3.1848"
"244.8680","0.2981","3.1809"
"244.8880","0.2980","3.1771"
"244.9080","0.2979","3.1731"
"244.9280","0.2978","3.1692"
"244.9480","0.2977","3.1652"
"244.9680","0.2976","3.1612"
"244.9880","0.2975","3.1573"
"245.0080","0.2973","3.1532"
"245.0280","0.2972","3.1491"
"245.0480","0.2971","3.1451"
"245.0680","0.2970","3.1411"
"245.0880","0.2969","3.1371"
"245.1080","0.2968","3.1331"
"245.1280","0.2967","3.1291"
"245.1480","0.2966","3.1252"
"245.1680","0.2965","3.1211"
"245.1880","0.2963","3.1171"
"245.2080","0.2962","3.1130"
"245.2280","0.2961","3.1090"
"245.2480","0.2960","3.1049"
"245.2680","0.2959","3.1008"
"245.2880","0.2958","3.0967"
"245.3080","0.2957","3.0926"
"245.3280","0.2956","3.0884"
"245.3480","0.2954","3.0843"
"245.3680","0.2953","3.0801"
"245.3880","0.2952","3.0758"
"245.4080","0.2951","3.0716"
"245.4280","0.2950","3.0674"
"245.4480","0.2949","3.0631"
"245.4680","0.2947","3.0589"
"245.4880","0.2946","3.0547"
"245.5080","0.2945","3.0504"
"245.5280","0.2944","3.0461"
"245.5480","0.2943","3.0419"
"245.5680","0.2941","3.0377"
"245.5880","0.2940","3.0334"
"245.6080","0.2939","3.0293"
"245.6280","0.2938","3.0252"
"245.6480","0.2937","3.0210"
"245.6680","0.2936","3.0169"
"245.6880","0.2934","3.0129"
"245.7080","0.2933","3.0088"
"245.7280","0.2932","3.0047"
"245.7480","0.2931","3.0008"
"245.7680","0.2930","2.9969"
"245.7880","0.2929","2.9929"
"245.8080","0.2928","2.9892"
"245.8280","0.2927","2.9853"
"245.8480","0.2925","2.9814"
"245.8680","0.2924","2.9776"
"245.8880","0.2923","2.9738"
"245.9080","0.2922","2.9700"
"245.9280","0.2921","2.9662"
"245.9480","0.2920","2.9623"
"245.9680","0.2919","2.9585"
"245.9880","0.2918","2.9546"
"246.0080","0.2917","2.9508"
"246.0280","0.2916","2.9469"
"246.0480","0.2914","2.9431"
"246.0680","0.2913","2.9392"
"246.0880","0.2912","2.9353"
"246.1080","0.2911","2.9314"
"246.1280","0.2910","2.9274"
"246.1480","0.2909","2.9235"
"246.1680","0.2908","2.9196"
"246.1880","0.2907","2.9156"
"246.2080","0.2905","2.9117"
"246.2280","0.2904","2.9077"
"246.2480","0.2903","2.9037"
"246.2680","0.2902","2.8997"
"246.2880","0.2901","2.8957"
"246.3080","0.2900","2.8918"
"246.3280","0.2899","2.8878"
"246.3480","0.2897","2.8837"
"246.3680","0.2896","2.8797"
"246.3880","0.2895","2.8756"
"246.4080","0.2894","2.8716"
"246.4280","0.2893","2.8677"
"246.4480","0.2892","2.8639"
"246.4680","0.2890","2.8600"
"246.4880","0.2889","2.8561"
"246.5080","0.2888","2.8523"
"246.5280","0.2887","2.8485"
"246.5480","0.2886","2.8446"
"246.5680","0.2885","2.8408"
"246.5880","0.2884","2.8368"
"246.6080","0.2882","2.8328"
"246.6280","0.2881","2.8288"
"246.6480","0.2880","2.8248"
"246.6680","0.2879","2.8207"
"246.6880","0.2878","2.8166"
"246.7080","0.2876","2.8125"
"246.7280","0.2875","2.8082"
"246.7480","0.2874","2.8041"
"246.7680","0.2873","2.7997"
"246.7880","0.2872","2.7955"
"246.8080","0.2870","2.7913"
"246.8280","0.2869","2.7871"
"246.8480","0.2868","2.7829"
"246.8680","0.2867","2.7789"
"246.8880","0.2865","2.7747"
"246.9080","0.2864","2.7707"
"246.9280","0.2863","2.7667"
"246.9480","0.2862","2.7626"
"246.9680","0.2861","2.7585"
"246.9880","0.2859","2.7545"
"247.0080","0.2858","2.7505"
"247.0280","0.2857","2.7464"
"247.0480","0.2856","2.7424"
"247.0680","0.2854","2.7384"
"247.0880","0.2853","2.7343"
"247.1080","0.2852","2.7303"
"247.1280","0.2851","2.7262"
"247.1480","0.2850","2.7222"
"247.1680","0.2848","2.7181"
"247.1880","0.2847","2.7141"
"247.2080","0.2846","2.7101"
"247.2280","0.2845","2.7061"
"247.2480","0.2844","2.7020"
"247.2680","0.2842","2.6980"
"247.2880","0.2841","2.6940"
"247.3080","0.2840","2.6899"
"247.3280","0.2839","2.6859"
"247.3480","0.2837","2.6818"
"247.3680","0.2836","2.6779"
"247.3880","0.2835","2.6739"
"247.4080","0.2834","2.6699"
"247.4280","0.2833","2.6660"
"247.4480","0.2831","2.6621"
"247.4680","0.2830","2.6584"
"247.4880","0.2829","2.6547"
"247.5080","0.2828","2.6507"
"247.5280","0.2827","2.6470"
"247.5480","0.2826","2.6433"
"247.5680","0.2824","2.6396"
"247.5880","0.2823","2.6359"
"247.6080","0.2822","2.6321"
"247.6280","0.2821","2.6283"
"247.6480","0.2820","2.6247"
"247.6680","0.2819","2.6209"
"247.6880","0.2817","2.6171"
"247.7080","0.2816","2.6133"
"247.7280","0.2815","2.6095"
"247.7480","0.2814","2.6056"
"247.7680","0.2813","2.6017"
"247.7880","0.2811","2.5978"
"247.8080","0.2810","2.5938"
"247.8280","0.2809","2.5899"
"247.8480","0.2808","2.5860"
"247.8680","0.2807","2.5820"
"247.8880","0.2805","2.5780"
"247.9080","0.2804","2.5740"
"247.9280","0.2803","2.5699"
"247.9480","0.2802","2.5659"
"247.9680","0.2800","2.5618"
"247.9880","0.2799","2.5578"
"248.0080","0.2798","2.5537"
"248.0280","0.2797","2.5495"
"248.0480","0.2795","2.5455"
"248.0680","0.2794","2.5414"
"248.0880","0.2793","2.5374"
"248.1080","0.2791","2.5334"
"248.1280","0.2790","2.5294"
"248.1480","0.2789","2.5253"
"248.1680","0.2788","2.5213"
"248.1880","0.2786","2.5172"
"248.2080","0.2785","2.5132"
"248.2280","0.2784","2.5091"
"248.2480","0.2783","2.5050"
"248.2680","0.2781","2.5009"
"248.2880","0.2780","2.4968"
"248.3080","0.2779","2.4925"
"248.3280","0.2777","2.4883"
"248.3480","0.2776","2.4840"
"248.3680","0.2775","2.4798"
"248.3880","0.2773","2.4756"
"248.4080","0.2772","2.4714"
"248.4280","0.2771","2.4672"
"248.4480","0.2769","2.4631"
"248.4680","0.2768","2.4589"
"248.4880","0.2767","2.4549"
"248.5080","0.2765","2.4508"
"248.5280","0.2764","2.4467"
"248.5480","0.2763","2.4427"
"248.5680","0.2761","2.4388"
"248.5880","0.2760","2.4347"
"248.6080","0.2759","2.4306"
"248.6280","0.2758","2.4267"
"248.6480","0.2756","2.4226"
"248.6680","0.2755","2.4186"
"248.6880","0.2754","2.4146"
"248.7080","0.2752","2.4105"
"248.7280","0.2751","2.4064"
"248.7480","0.2750","2.4024"
"248.7680","0.2748","2.3984"
"248.7880","0.2747","2.3942"
"248.8080","0.2746","2.3902"
"248.8280","0.2745","2.3861"
"248.8480","0.2743","2.3821"
"248.8680","0.2742","2.3781"
"248.8880","0.2741","2.3741"
"248.9080","0.2739","2.3702"
"248.9280","0.2738","2.3661"
"248.9480","0.2737","2.3622"
"248.9680","0.2735","2.3582"
"248.9880","0.2734","2.3542"
"249.0080","0.2733","2.3502"
"249.0280","0.2732","2.3463"
"249.0480","0.2730","2.3425"
"249.0680","0.2729","2.3386"
"249.0880","0.2728","2.3347"
"249.1080","0.2726","2.3309"
"249.1280","0.2725","2.3271"
"249.1480","0.2724","2.3234"
"249.1680","0.2723","2.3195"
"249.1880","0.2721","2.3157"
"249.2080","0.2720","2.3118"
"249.2280","0.2719","2.3081"
"249.2480","0.2718","2.3042"
"249.2680","0.2716","2.3004"
"249.2880","0.2715","2.2965"
"249.3080","0.2714","2.2926"
"249.3280","0.2712","2.2886"
"249.3480","0.2711","2.2847"
"249.3680","0.2710","2.2807"
"249.3880","0.2708","2.2766"
"249.4080","0.2707","2.2725"
"249.4280","0.2706","2.2684"
"249.4480","0.2704","2.2643"
"249.4680","0.2703","2.2601"
"249.4880","0.2701","2.2558"
"249.5080","0.2700","2.2516"
"249.5280","0.2699","2.2472"
"249.5480","0.2697","2.2430"
"249.5680","0.2696","2.2388"
"249.5880","0.2694","2.2345"
"249.6080","0.2693","2.2304"
"249.6280","0.2692","2.2262"
"249.6480","0.2690","2.2223"
"249.6680","0.2689","2.2182"
"249.6880","0.2687","2.2143"
"249.7080","0.2686","2.2103"
"249.7280","0.2685","2.2063"
"249.7480","0.2683","2.2025"
"249.7680","0.2682","2.1985"
"249.7880","0.2681","2.1944"
"249.8080","0.2679","2.1905"
"249.8280","0.2678","2.1864"
"249.8480","0.2676","2.1823"
"249.8680","0.2675","2.1781"
"249.8880","0.2674","2.1740"
"249.9080","0.2672","2.1698"
"249.9280","0.2671","2.1656"
"249.9480","0.2669","2.1615"
"249.9680","0.2668","2.1575"
"249.9880","0.2667","2.1534"
"250.0080","0.2665","2.1494"
"250.0280","0.2664","2.1454"
"250.0480","0.2662","2.1414"
"250.0680","0.2661","2.1374"
"250.0880","0.2660","2.1335"
"250.1080","0.2658","2.1296"
"250.1280","0.2657","2.1256"
"250.1480","0.2655","2.1216"
"250.1680","0.2654","2.1176"
"250.1880","0.2653","2.1136"
"250.2080","0.2651","2.1097"
"250.2280","0.2650","2.1057"
"250.2480","0.2649","2.1018"
"250.2680","0.2647","2.0978"
"250.2880","0.2646","2.0937"
"250.3080","0.2644","2.0897"
"250.3280","0.2643","2.0857"
"250.3480","0.2642","2.0817"
"250.3680","0.2640","2.0776"
"250.3880","0.2639","2.0735"
"250.4080","0.2637","2.0695"
"250.4280","0.2636","2.0654"
"250.4480","0.2634","2.0613"
"250.4680","0.2633","2.0571"
"250.4880","0.2631","2.0531"
"250.5080","0.2630","2.0491"
"250.5280","0.2629","2.0452"
"250.5480","0.2627","2.0413"
"250.5680","0.2626","2.0373"
"250.5880","0.2624","2.0335"
"250.6080","0.2623","2.0298"
"250.6280","0.2622","2.0259"
"250.6480","0.2620","2.0219"
"250.6680","0.2619","2.0180"
"250.6880","0.2617","2.0142"
"250.7080","0.2616","2.0102"
"250.7280","0.2615","2.0062"
"250.7480","0.2613","2.0022"
"250.7680","0.2612","1.9981"
"250.7880","0.2610","1.9940"
"250.8080","0.2609","1.9898"
"250.8280","0.2607","1.9857"
"250.8480","0.2606","1.9816"
"250.8680","0.2604","1.9774"
"250.8880","0.2603","1.9733"
"250.9080","0.2601","1.9690"
"250.9280","0.2600","1.9648"
"250.9480","0.2598","1.9606"
"250.9680","0.2597","1.9566"
"250.9880","0.2595","1.9525"
"251.0080","0.2594","1.9485"
"251.0280","0.2592","1.9444"
"251.0480","0.2591","1.9405"
"251.0680","0.2590","1.9366"
"251.0880","0.2588","1.9327"
"251.1080","0.2587","1.9289"
"251.1280","0.2585","1.9250"
"251.1480","0.2584","1.9212"
"251.1680","0.2582","1.9172"
"251.1880","0.2581","1.9133"
"251.2080","0.2579","1.9094"
"251.2280","0.2578","1.9053"
"251.2480","0.2577","1.9013"
"251.2680","0.2575","1.8973"
"251.2880","0.2574","1.8932"
"251.3080","0.2572","1.8892"
"251.3280","0.2571","1.8851"
"251.3480","0.2569","1.8812"
"251.3680","0.2568","1.8771"
"251.3880","0.2566","1.8733"
"251.4080","0.2565","1.8694"
"251.4280","0.2563","1.8655"
"251.4480","0.2562","1.8617"
"251.4680","0.2560","1.8578"
"251.4880","0.2559","1.8541"
"251.5080","0.2557","1.8501"
"251.5280","0.2556","1.8462"
"251.5480","0.2554","1.8422"
"251.5680","0.2553","1.8384"
"251.5880","0.2552","1.8344"
"251.6080","0.2550","1.8303"
"251.6280","0.2549","1.8264"
"251.6480","0.2547","1.8223"
"251.6680","0.2545","1.8183"
"251.6880","0.2544","1.8142"
"251.7080","0.2542","1.8102"
"251.7280","0.2541","1.8062"
"251.7480","0.2539","1.8022"
"251.7680","0.2538","1.7981"
"251.7880","0.2536","1.7942"
"251.8080","0.2535","1.7902"
"251.8280","0.2533","1.7863"
"251.8480","0.2532","1.7824"
"251.8680","0.2530","1.7785"
"251.8880","0.2529","1.7747"
"251.9080","0.2527","1.7708"
"251.9280","0.2526","1.7671"
"251.9480","0.2524","1.7634"
"251.9680","0.2523","1.7596"
"251.9880","0.2521","1.7559"
"252.0080","0.2520","1.7522"
"252.0280","0.2519","1.7484"
"252.0480","0.2517","1.7446"
"252.0680","0.2516","1.7407"
"252.0880","0.2514","1.7369"
"252.1080","0.2513","1.7329"
"252.1280","0.2511","1.7290"
"252.1480","0.2509","1.7251"
"252.1680","0.2508","1.7211"
"252.1880","0.2506","1.7170"
"252.2080","0.2505","1.7131"
"252.2280","0.2503","1.7090"
"252.2480","0.2502","1.7049"
"252.2680","0.2500","1.7008"
"252.2880","0.2498","1.6966"
"252.3080","0.2497","1.6924"
"252.3280","0.2495","1.6882"
"252.3480","0.2494","1.6842"
"252.3680","0.2492","1.6801"
"252.3880","0.2490","1.6761"
"252.4080","0.2489","1.6720"
"252.4280","0.2487","1.6681"
"252.4480","0.2486","1.6641"
"252.4680","0.2484","1.6602"
"252.4880","0.2482","1.6562"
"252.5080","0.2481","1.6522"
"252.5280","0.2479","1.6482"
"252.5480","0.2478","1.6440"
"252.5680","0.2476","1.6398"
"252.5880","0.2474","1.6356"
"252.6080","0.2473","1.6314"
"252.6280","0.2471","1.6272"
"252.6480","0.2469","1.6230"
"252.6680","0.2468","1.6188"
"252.6880","0.2466","1.6147"
"252.7080","0.2464","1.6106"
"252.7280","0.2463","1.6065"
"252.7480","0.2461","1.6025"
"252.7680","0.2459","1.5986"
"252.7880","0.2458","1.5945"
"252.8080","0.2456","1.5906"
"252.8280","0.2454","1.5867"
"252.8480","0.2453","1.5826"
"252.8680","0.2451","1.5786"
"252.8880","0.2450","1.5745"
"252.9080","0.2448","1.5705"
"252.9280","0.2446","1.5665"
"252.9480","0.2445","1.5626"
"252.9680","0.2443","1.5586"
"252.9880","0.2441","1.5545"
"253.0080","0.2440","1.5506"
"253.0280","0.2438","1.5466"
"253.0480","0.2436","1.5427"
"253.0680","0.2435","1.5386"
"253.0880","0.2433","1.5346"
"253.1080","0.2431","1.5306"
"253.1280","0.2430","1.5266"
"253.1480","0.2428","1.5227"
"253.1680","0.2427","1.5189"
"253.1880","0.2425","1.5150"
"253.2080","0.2423","1.5110"
"253.2280","0.2422","1.5072"
"253.2480","0.2420","1.5034"
"253.2680","0.2418","1.4996"
"253.2880","0.2417","1.4957"
"253.3080","0.2415","1.4917"
"253.3280","0.2413","1.4877"
"253.3480","0.2412","1.4838"
"253.3680","0.2410","1.4797"
"253.3880","0.2408","1.4756"
"253.4080","0.2407","1.4713"
"253.4280","0.2405","1.4671"
"253.4480","0.2403","1.4630"
"253.4680","0.2401","1.4587"
"253.4880","0.2400","1.4544"
"253.5080","0.2398","1.4500"
"253.5280","0.2396","1.4456"
"253.5480","0.2394","1.4413"
"253.5680","0.2392","1.4371"
"253.5880","0.2390","1.4330"
"253.6080","0.2389","1.4289"
"253.6280","0.2387","1.4249"
"253.6480","0.2385","1.4210"
"253.6680","0.2384","1.4170"
"253.6880","0.2382","1.4131"
"253.7080","0.2380","1.4093"
"253.7280","0.2378","1.4054"
"253.7480","0.2377","1.4014"
"253.7680","0.2375","1.3973"
"253.7880","0.2373","1.3932"
"253.8080","0.2371","1.3892"
"253.8280","0.2370","1.3853"
"253.8480","0.2368","1.3813"
"253.8680","0.2366","1.3773"
"253.8880","0.2364","1.3734"
"253.9080","0.2363","1.3694"
"253.9280","0.2361","1.3657"
"253.9480","0.2359","1.3619"
"253.9680","0.2358","1.3581"
"253.9880","0.2356","1.3542"
"254.0080","0.2354","1.3503"
"254.0280","0.2353","1.3466"
"254.0480","0.2351","1.3428"
"254.0680","0.2349","1.3388"
"254.0880","0.2347","1.3349"
"254.1080","0.2345","1.3309"
"254.1280","0.2344","1.3270"
"254.1480","0.2342","1.3229"
"254.1680","0.2340","1.3189"
"254.1880","0.2338","1.3148"
"254.2080","0.2337","1.3107"
"254.2280","0.2335","1.3067"
"254.2480","0.2333","1.3025"
"254.2680","0.2331","1.2984"
"254.2880","0.2329","1.2944"
"254.3080","0.2327","1.2904"
"254.3280","0.2326","1.2864"
"254.3480","0.2324","1.2826"
"254.3680","0.2322","1.2786"
"254.3880","0.2320","1.2747"
"254.4080","0.2318","1.2708"
"254.4280","0.2317","1.2667"
"254.4480","0.2315","1.2627"
"254.4680","0.2313","1.2587"
"254.4880","0.2311","1.2546"
"254.5080","0.2309","1.2502"
"254.5280","0.2307","1.2460"
"254.5480","0.2305","1.2416"
"254.5680","0.2303","1.2373"
"254.5880","0.2301","1.2330"
"254.6080","0.2299","1.2288"
"254.6280","0.2297","1.2245"
"254.6480","0.2295","1.2202"
"254.6680","0.2293","1.2159"
"254.6880","0.2291","1.2120"
"254.7080","0.2290","1.2079"
"254.7280","0.2288","1.2041"
"254.7480","0.2286","1.2004"
"254.7680","0.2284","1.1968"
"254.7880","0.2282","1.1931"
"254.8080","0.2281","1.1893"
"254.8280","0.2279","1.1856"
"254.8480","0.2277","1.1817"
"254.8680","0.2275","1.1779"
"254.8880","0.2273","1.1740"
"254.9080","0.2271","1.1700"
"254.9280","0.2269","1.1661"
"254.9480","0.2268","1.1621"
"254.9680","0.2266","1.1582"
"254.9880","0.2264","1.1544"
"255.0080","0.2262","1.1507"
"255.0280","0.2260","1.1470"
"255.0480","0.2258","1.1433"
"255.0680","0.2257","1.1396"
"255.0880","0.2255","1.1359"
"255.1080","0.2253","1.1322"
"255.1280","0.2251","1.1284"
"255.1480","0.2249","1.1245"
"255.1680","0.2247","1.1204"
"255.1880","0.2246","1.1165"
"255.2080","0.2244","1.1125"
"255.2280","0.2242","1.1084"
"255.2480","0.2240","1.1043"
"255.2680","0.2238","1.1001"
"255.2880","0.2236","1.0959"
"255.3080","0.2234","1.0917"
"255.3280","0.2232","1.0875"
"255.3480","0.2230","1.0833"
"255.3680","0.2227","1.0792"
"255.3880","0.2225","1.0752"
"255.4080","0.2223","1.0711"
"255.4280","0.2221","1.0670"
"255.4480","0.2219","1.0631"
"255.4680","0.2217","1.0591"
"255.4880","0.2215","1.0551"
"255.5080","0.2214","1.0512"
"255.5280","0.2211","1.0472"
"255.5480","0.2209","1.0432"
"255.5680","0.2208","1.0393"
"255.5880","0.2206","1.0354"
"255.6080","0.2204","1.0315"
"255.6280","0.2202","1.0275"
"255.6480","0.2200","1.0235"
"255.6680","0.2198","1.0196"
"255.6880","0.2195","1.0156"
"255.7080","0.2193","1.0117"
"255.7280","0.2192","1.0078"
"255.7480","0.2190","1.0041"
"255.7680","0.2188","1.0004"
"255.7700","0.2187","1.0000"
"255.7710","0.2187","0.9998"
"255.7720","0.2187","0.9996"
"255.7920","0.2185","0.9962"
"255.8120","0.2184","0.9947"
"255.8320","0.2184","0.9955"
"255.8520","0.2184","0.9972"
"255.8720","0.2184","0.9989"
"255.8920","0.2185","1.0005"
"255.9120","0.2185","1.0020"
"255.9320","0.2185","1.0036"
"255.9520","0.2186","1.0051"
"255.9720","0.2186","1.0068"
"255.9920","0.2187","1.0086"
"256.0120","0.2187","1.0105"
"256.0320","0.2188","1.0125"
"256.0520","0.2188","1.0147"
"256.0720","0.2189","1.0169"
"256.0920","0.2190","1.0193"
"256.1120","0.2191","1.0219"
"256.1320","0.2191","1.0242"
"256.1520","0.2192","1.0269"
"256.1720","0.2193","1.0299"
"256.1920","0.2194","1.0330"
"256.2120","0.2195","1.0361"
"256.2320","0.2196","1.0392"
"256.2520","0.2197","1.0423"
"256.2720","0.2198","1.0455"
"256.2920","0.2199","1.0488"
"256.3120","0.2200","1.0522"
"256.3320","0.2201","1.0556"
"256.3520","0.2202","1.0591"
"256.3720","0.2203","1.0628"
"256.3920","0.2205","1.0664"
"256.4120","0.2206","1.0700"
"256.4320","0.2207","1.0737"
"256.4520","0.2208","1.0775"
"256.4720","0.2209","1.0813"
"256.4920","0.2211","1.0852"
"256.5120","0.2212","1.0892"
"256.5320","0.2213","1.0932"
"256.5520","0.2215","1.0973"
"256.5720","0.2216","1.1015"
"256.5920","0.2217","1.1056"
"256.6120","0.2219","1.1098"
"256.6320","0.2220","1.1140"
"256.6520","0.2221","1.1183"
"256.6720","0.2223","1.1225"
"256.6920","0.2224","1.1267"
"256.7120","0.2225","1.1311"
"256.7320","0.2227","1.1355"
"256.7520","0.2228","1.1398"
"256.7720","0.2230","1.1442"
"256.7920","0.2231","1.1487"
"256.8120","0.2233","1.1533"
"256.8320","0.2234","1.1579"
"256.8520","0.2236","1.1625"
"256.8720","0.2237","1.1672"
"256.8920","0.2239","1.1718"
"256.9120","0.2240","1.1765"
"256.9320","0.2242","1.1812"
"256.9520","0.2243","1.1859"
"256.9720","0.2245","1.1905"
"256.9920","0.2247","1.1953"
"257.0120","0.2248","1.1999"
"257.0320","0.2250","1.2045"
"257.0520","0.2251","1.2091"
"257.0720","0.2253","1.2135"
"257.0920","0.2254","1.2179"
"257.1120","0.2256","1.2223"
"257.1320","0.2257","1.2266"
"257.1520","0.2258","1.2310"
"257.1720","0.2260","1.2351"
"257.1920","0.2261","1.2393"
"257.2120","0.2263","1.2436"
"257.2320","0.2264","1.2479"
"257.2520","0.2265","1.2522"
"257.2720","0.2267","1.2565"
"257.2920","0.2268","1.2608"
"257.3120","0.2270","1.2652"
"257.3320","0.2271","1.2697"
"257.3520","0.2273","1.2742"
"257.3720","0.2274","1.2788"
"257.3920","0.2276","1.2834"
"257.4120","0.2277","1.2879"
"257.4320","0.2279","1.2925"
"257.4520","0.2281","1.2970"
"257.4720","0.2282","1.3015"
"257.4920","0.2284","1.3060"
"257.5120","0.2285","1.3104"
"257.5320","0.2287","1.3148"
"257.5520","0.2288","1.3191"
"257.5720","0.2290","1.3235"
"257.5920","0.2291","1.3280"
"257.6120","0.2293","1.3324"
"257.6320","0.2294","1.3369"
"257.6520","0.2296","1.3414"
"257.6720","0.2297","1.3458"
"257.6920","0.2299","1.3505"
"257.7120","0.2300","1.3551"
"257.7320","0.2302","1.3597"
"257.7520","0.2303","1.3643"
"257.7720","0.2305","1.3690"
"257.7920","0.2306","1.3736"
"257.8120","0.2308","1.3781"
"257.8320","0.2310","1.3827"
"257.8520","0.2311","1.3872"
"257.8720","0.2313","1.3917"
"257.8920","0.2314","1.3960"
"257.9120","0.2316","1.4004"
"257.9320","0.2317","1.4048"
"257.9520","0.2319","1.4091"
"257.9720","0.2320","1.4134"
"257.9920","0.2322","1.4176"
"258.0120","0.2323","1.4219"
"258.0320","0.2324","1.4260"
"258.0520","0.2326","1.4302"
"258.0720","0.2327","1.4343"
"258.0920","0.2329","1.4384"
"258.1120","0.2330","1.4425"
"258.1320","0.2332","1.4467"
"258.1520","0.2333","1.4509"
"258.1720","0.2334","1.4552"
"258.1920","0.2336","1.4594"
"258.2120","0.2337","1.4636"
"258.2320","0.2339","1.4678"
"258.2520","0.2340","1.4720"
"258.2720","0.2342","1.4763"
"258.2920","0.2343","1.4806"
"258.3120","0.2345","1.4848"
"258.3320","0.2346","1.4891"
"258.3520","0.2348","1.4933"
"258.3720","0.2349","1.4975"
"258.3920","0.2350","1.5016"
"258.4120","0.2352","1.5057"
"258.4320","0.2353","1.5099"
"258.4520","0.2355","1.5140"
"258.4720","0.2356","1.5180"
"258.4920","0.2357","1.5219"
"258.5120","0.2359","1.5258"
"258.5320","0.2360","1.5298"
"258.5520","0.2361","1.5336"
"258.5720","0.2363","1.5374"
"258.5920","0.2364","1.5413"
"258.6120","0.2365","1.5452"
"258.6320","0.2367","1.5492"
"258.6520","0.2368","1.5532"
"258.6720","0.2370","1.5573"
"258.6920","0.2371","1.5613"
"258.7120","0.2372","1.5655"
"258.7320","0.2374","1.5697"
"258.7520","0.2375","1.5738"
"258.7720","0.2377","1.5781"
"258.7920","0.2378","1.5823"
"258.8120","0.2380","1.5866"
"258.8320","0.2381","1.5908"
"258.8520","0.2382","1.5951"
"258.8720","0.2384","1.5993"
"258.8920","0.2385","1.6034"
"258.9120","0.2387","1.6076"
"258.9320","0.2388","1.6118"
"258.9520","0.2390","1.6160"
"258.9720","0.2391","1.6203"
"258.9920","0.2392","1.6245"
"259.0120","0.2394","1.6285"
"259.0320","0.2395","1.6328"
"259.0520","0.2397","1.6370"
"259.0720","0.2398","1.6413"
"259.0920","0.2400","1.6454"
"259.1120","0.2401","1.6497"
"259.1320","0.2403","1.6539"
"259.1520","0.2404","1.6581"
"259.1720","0.2405","1.6623"
"259.1920","0.2407","1.6665"
"259.2120","0.2408","1.6707"
"259.2320","0.2410","1.6748"
"259.2520","0.2411","1.6788"
"259.2720","0.2412","1.6830"
"259.2920","0.2414","1.6870"
"259.3120","0.2415","1.6910"
"259.3320","0.2417","1.6950"
"259.3520","0.2418","1.6990"
"259.3720","0.2419","1.7029"
"259.3920","0.2421","1.7068"
"259.4120","0.2422","1.7107"
"259.4320","0.2423","1.7145"
"259.4520","0.2425","1.7183"
"259.4720","0.2426","1.7221"
"259.4920","0.2427","1.7260"
"259.5120","0.2429","1.7298"
"259.5320","0.2430","1.7336"
"259.5520","0.2431","1.7375"
"259.5720","0.2433","1.7414"
"259.5920","0.2434","1.7452"
"259.6120","0.2435","1.7492"
"259.6320","0.2437","1.7532"
"259.6520","0.2438","1.7571"
"259.6720","0.2439","1.7612"
"259.6920","0.2441","1.7652"
"259.7120","0.2442","1.7694"
"259.7320","0.2443","1.7734"
"259.7520","0.2445","1.7775"
"259.7720","0.2446","1.7816"
"259.7920","0.2448","1.7857"
"259.8120","0.2449","1.7898"
"259.8320","0.2450","1.7938"
"259.8520","0.2452","1.7980"
"259.8720","0.2453","1.8021"
"259.8920","0.2455","1.8062"
"259.9120","0.2456","1.8102"
"259.9320","0.2457","1.8143"
"259.9520","0.2459","1.8182"
"259.9720","0.2460","1.8221"
"259.9920","0.2461","1.8261"
"260.0120","0.2463","1.8301"
"260.0320","0.2464","1.8340"
"260.0520","0.2465","1.8378"
"260.0720","0.2467","1.8419"
"260.0920","0.2468","1.8460"
"260.1120","0.2470","1.8501"
"260.1320","0.2471","1.8542"
"260.1520","0.2472","1.8584"
"260.1720","0.2474","1.8626"
"260.1920","0.2475","1.8669"
"260.2120","0.2477","1.8712"
"260.2320","0.2478","1.8757"
"260.2520","0.2480","1.8799"
"260.2720","0.2481","1.8841"
"260.2920","0.2482","1.8883"
"260.3120","0.2484","1.8924"
"260.3320","0.2485","1.8965"
"260.3520","0.2487","1.9006"
"260.3720","0.2488","1.9047"
"260.3920","0.2489","1.9087"
"260.4120","0.2491","1.9127"
"260.4320","0.2492","1.9166"
"260.4520","0.2493","1.9206"
"260.4720","0.2495","1.9246"
"260.4920","0.2496","1.9286"
"260.5120","0.2497","1.9326"
"260.5320","0.2499","1.9366"
"260.5520","0.2500","1.9406"
"260.5720","0.2501","1.9446"
"260.5920","0.2503","1.9486"
"260.6120","0.2504","1.9527"
"260.6320","0.2506","1.9567"
"260.6520","0.2507","1.9607"
"260.6720","0.2508","1.9645"
"260.6920","0.2510","1.9684"
"260.7120","0.2511","1.9723"
"260.7320","0.2512","1.9763"
"260.7520","0.2514","1.9803"
"260.7720","0.2515","1.9842"
"260.7920","0.2516","1.9881"
"260.8120","0.2518","1.9920"
"260.8320","0.2519","1.9959"
"260.8520","0.2520","1.9996"
"260.8720","0.2521","2.0034"
"260.8920","0.2523","2.0071"
"260.9120","0.2524","2.0108"
"260.9320","0.2525","2.0146"
"260.9520","0.2526","2.0183"
"260.9720","0.2528","2.0220"
"260.9920","0.2529","2.0258"
"261.0120","0.2530","2.0295"
"261.0320","0.2532","2.0334"
"261.0520","0.2533","2.0373"
"261.0720","0.2534","2.0412"
"261.0920","0.2535","2.0451"
"261.1120","0.2537","2.0491"
"261.1320","0.2538","2.0532"
"261.1520","0.2539","2.0572"
"261.1720","0.2541","2.0612"
"261.1920","0.2542","2.0654"
"261.2120","0.2544","2.0695"
"261.2320","0.2545","2.0737"
"261.2520","0.2546","2.0780"
"261.2720","0.2548","2.0821"
"261.2920","0.2549","2.0863"
"261.3120","0.2550","2.0905"
"261.3320","0.2552","2.0946"
"261.3520","0.2553","2.0988"
"261.3720","0.2555","2.1028"
"261.3920","0.2556","2.1069"
"261.4120","0.2557","2.1109"
"261.4320","0.2559","2.1148"
"261.4520","0.2560","2.1187"
"261.4720","0.2561","2.1226"
"261.4920","0.2562","2.1265"
"261.5120","0.2564","2.1304"
"261.5320","0.2565","2.1343"
"261.5520","0.2566","2.1382"
"261.5720","0.2568","2.1421"
"261.5920","0.2569","2.1461"
"261.6120","0.2570","2.1502"
"261.6320","0.2572","2.1542"
"261.6520","0.2573","2.1584"
"261.6720","0.2574","2.1626"
"261.6920","0.2576","2.1669"
"261.7120","0.2577","2.1710"
"261.7320","0.2579","2.1753"
"261.7520","0.2580","2.1796"
"261.7720","0.2581","2.1837"
"261.7920","0.2583","2.1878"
"261.8120","0.2584","2.1919"
"261.8320","0.2585","2.1961"
"261.8520","0.2587","2.2002"
"261.8720","0.2588","2.2042"
"261.8920","0.2589","2.2083"
"261.9120","0.2591","2.2122"
"261.9320","0.2592","2.2164"
"261.9520","0.2593","2.2204"
"261.9720","0.2595","2.2244"
"261.9920","0.2596","2.2285"
"262.0120","0.2597","2.2325"
"262.0320","0.2599","2.2367"
"262.0520","0.2600","2.2407"
"262.0720","0.2601","2.2449"
"262.0920","0.2603","2.2490"
"262.1120","0.2604","2.2532"
"262.1320","0.2606","2.2573"
"262.1520","0.2607","2.2614"
"262.1720","0.2608","2.2655"
"262.1920","0.2610","2.2696"
"262.2120","0.2611","2.2737"
"262.2320","0.2612","2.2778"
"262.2520","0.2614","2.2819"
"262.2720","0.2615","2.2859"
"262.2920","0.2616","2.2899"
"262.3120","0.2618","2.2939"
"262.3320","0.2619","2.2978"
"262.3520","0.2620","2.3018"
"262.3720","0.2621","2.3057"
"262.3920","0.2623","2.3096"
"262.4120","0.2624","2.3134"
"262.4320","0.2625","2.3172"
"262.4520","0.2626","2.3211"
"262.4720","0.2628","2.3250"
"262.4920","0.2629","2.3288"
"262.5120","0.2630","2.3326"
"262.5320","0.2631","2.3365"
"262.5520","0.2633","2.3404"
"262.5720","0.2634","2.3444"
"262.5920","0.2635","2.3484"
"262.6120","0.2637","2.3524"
"262.6320","0.2638","2.3564"
"262.6520","0.2639","2.3605"
"262.6720","0.2641","2.3646"
"262.6920","0.2642","2.3686"
"262.7120","0.2643","2.3727"
"262.7320","0.2644","2.3768"
"262.7520","0.2646","2.3810"
"262.7720","0.2647","2.3851"
"262.7920","0.2648","2.3892"
"262.8120","0.2650","2.3934"
"262.8320","0.2651","2.3974"
"262.8520","0.2652","2.4015"
"262.8720","0.2654","2.4055"
"262.8920","0.2655","2.4096"
"262.9120","0.2656","2.4137"
"262.9320","0.2658","2.4176"
"262.9520","0.2659","2.4216"
"262.9720","0.2660","2.4255"
"262.9920","0.2661","2.4294"
"263.0120","0.2663","2.4333"
"263.0320","0.2664","2.4372"
"263.0520","0.2665","2.4411"
"263.0720","0.2667","2.4449"
"263.0920","0.2668","2.4489"
"263.1120","0.2669","2.4528"
"263.1320","0.2670","2.4569"
"263.1520","0.2672","2.4609"
"263.1720","0.2673","2.4651"
"263.1920","0.2674","2.4692"
"263.2120","0.2676","2.4734"
"263.2320","0.2677","2.4775"
"263.2520","0.2678","2.4817"
"263.2720","0.2680","2.4859"
"263.2920","0.2681","2.4900"
"263.3120","0.2682","2.4942"
"263.3320","0.2684","2.4982"
"263.3520","0.2685","2.5023"
"263.3720","0.2686","2.5063"
"263.3920","0.2687","2.5104"
"263.4120","0.2689","2.5144"
"263.4320","0.2690","2.5183"
"263.4520","0.2691","2.5224"
"263.4720","0.2693","2.5265"
"263.4920","0.2694","2.5306"
"263.5120","0.2695","2.5346"
"263.5320","0.2696","2.5386"
"263.5520","0.2698","2.5428"
"263.5720","0.2699","2.5469"
"263.5920","0.2700","2.5509"
"263.6120","0.2702","2.5551"
"263.6320","0.2703","2.5591"
"263.6520","0.2704","2.5631"
"263.6720","0.2706","2.5672"
"263.6920","0.2707","2.5712"
"263.7120","0.2708","2.5751"
"263.7320","0.2709","2.5792"
"263.7520","0.2711","2.5832"
"263.7720","0.2712","2.5870"
"263.7920","0.2713","2.5909"
"263.8120","0.2714","2.5949"
"263.8320","0.2716","2.5988"
"263.8520","0.2717","2.6026"
"263.8720","0.2718","2.6064"
"263.8920","0.2719","2.6102"
"263.9120","0.2720","2.6140"
"263.9320","0.2722","2.6177"
"263.9520","0.2723","2.6214"
"263.9720","0.2724","2.6251"
"263.9920","0.2725","2.6288"
"264.0120","0.2726","2.6325"
"264.0320","0.2728","2.6364"
"264.0520","0.2729","2.6400"
"264.0720","0.2730","2.6438"
"264.0920","0.2731","2.6476"
"264.1120","0.2732","2.6514"
"264.1320","0.2733","2.6552"
"264.1520","0.2735","2.6591"
"264.1720","0.2736","2.6631"
"264.1920","0.2737","2.6671"
"264.2120","0.2738","2.6710"
"264.2320","0.2740","2.6750"
"264.2520","0.2741","2.6791"
"264.2720","0.2742","2.6831"
"264.2920","0.2743","2.6873"
"264.3120","0.2745","2.6914"
"264.3320","0.2746","2.6955"
"264.3520","0.2747","2.6997"
"264.3720","0.2749","2.7039"
"264.3920","0.2750","2.7081"
"264.4120","0.2751","2.7123"
"264.4320","0.2752","2.7164"
"264.4520","0.2754","2.7205"
"264.4720","0.2755","2.7247"
"264.4920","0.2756","2.7287"
"264.5120","0.2757","2.7327"
"264.5320","0.2759","2.7367"
"264.5520","0.2760","2.7407"
"264.5720","0.2761","2.7446"
"264.5920","0.2762","2.7486"
"264.6120","0.2764","2.7525"
"264.6320","0.2765","2.7564"
"264.6520","0.2766","2.7603"
"264.6720","0.2767","2.7642"
"264.6920","0.2768","2.7682"
"264.7120","0.2770","2.7722"
"264.7320","0.2771","2.7763"
"264.7520","0.2772","2.7805"
"264.7720","0.2773","2.7846"
"264.7920","0.2775","2.7888"
"264.8120","0.2776","2.7931"
"264.8320","0.2777","2.7974"
"264.8520","0.2779","2.8017"
"264.8720","0.2780","2.8059"
"264.8920","0.2781","2.8101"
"264.9120","0.2783","2.8144"
"264.9320","0.2784","2.8186"
"264.9520","0.2785","2.8227"
"264.9720","0.2786","2.8268"
"264.9920","0.2788","2.8309"
"265.0120","0.2789","2.8350"
"265.0320","0.2790","2.8390"
"265.0520","0.2791","2.8429"
"265.0720","0.2793","2.8468"
"265.0920","0.2794","2.8509"
"265.1120","0.2795","2.8549"
"265.1320","0.2796","2.8587"
"265.1520","0.2797","2.8627"
"265.1720","0.2799","2.8666"
"265.1920","0.2800","2.8706"
"265.2120","0.2801","2.8745"
"265.2320","0.2802","2.8784"
"265.2520","0.2803","2.8823"
"265.2720","0.2805","2.8862"
"265.2920","0.2806","2.8901"
"265.3120","0.2807","2.8940"
"265.3320","0.2808","2.8979"
"265.3520","0.2809","2.9016"
"265.3720","0.2810","2.9054"
"265.3920","0.2812","2.9093"
"265.4120","0.2813","2.9131"
"265.4320","0.2814","2.9170"
"265.4520","0.2815","2.9208"
"265.4720","0.2816","2.9246"
"265.4920","0.2817","2.9284"
"265.5120","0.2819","2.9323"
"265.5320","0.2820","2.9360"
"265.5520","0.2821","2.9398"
"265.5720","0.2822","2.9436"
"265.5920","0.2823","2.9473"
"265.6120","0.2824","2.9510"
"265.6320","0.2825","2.9547"
"265.6520","0.2827","2.9584"
"265.6720","0.2828","2.9620"
"265.6920","0.2829","2.9659"
"265.7120","0.2830","2.9697"
"265.7320","0.2831","2.9734"
"265.7520","0.2832","2.9773"
"265.7720","0.2833","2.9812"
"265.7920","0.2835","2.9851"
"265.8120","0.2836","2.9891"
"265.8320","0.2837","2.9932"
"265.8520","0.2838","2.9972"
"265.8720","0.2839","3.0012"
"265.8920","0.2841","3.0054"
"265.9120","0.2842","3.0094"
"265.9320","0.2843","3.0136"
"265.9520","0.2844","3.0177"
"265.9720","0.2846","3.0219"
"265.9920","0.2847","3.0261"
"266.0120","0.2848","3.0303"
"266.0320","0.2849","3.0345"
"266.0520","0.2851","3.0387"
"266.0720","0.2852","3.0429"
"266.0920","0.2853","3.0471"
"266.1120","0.2854","3.0513"
"266.1320","0.2856","3.0554"
"266.1520","0.2857","3.0595"
"266.1720","0.2858","3.0637"
"266.1920","0.2859","3.0678"
"266.2120","0.2860","3.0718"
"266.2320","0.2862","3.0759"
"266.2520","0.2863","3.0798"
"266.2720","0.2864","3.0839"
"266.2920","0.2865","3.0880"
"266.3120","0.2866","3.0920"
"266.3320","0.2868","3.0960"
"266.3520","0.2869","3.1001"
"266.3720","0.2870","3.1042"
"266.3920","0.2871","3.1084"
"266.4120","0.2873","3.1127"
"266.4320","0.2874","3.1169"
"266.4520","0.2875","3.1212"
"266.4720","0.2876","3.1256"
"266.4920","0.2878","3.1297"
"266.5120","0.2879","3.1340"
"266.5320","0.2880","3.1382"
"266.5520","0.2881","3.1424"
"266.5720","0.2883","3.1465"
"266.5920","0.2884","3.1506"
"266.6120","0.2885","3.1547"
"266.6320","0.2886","3.1587"
"266.6520","0.2887","3.1627"
"266.6720","0.2888","3.1666"
"266.6920","0.2890","3.1706"
"266.7120","0.2891","3.1744"
"266.7320","0.2892","3.1783"
"266.7520","0.2893","3.1822"
"266.7720","0.2894","3.1861"
"266.7920","0.2895","3.1899"
"266.8120","0.2896","3.1937"
"266.8320","0.2898","3.1976"
"266.8520","0.2899","3.2015"
"266.8720","0.2900","3.2055"
"266.8920","0.2901","3.2094"
"266.9120","0.2902","3.2132"
"266.9320","0.2903","3.2172"
"266.9520","0.2905","3.2211"
"266.9720","0.2906","3.2250"
"266.9920","0.2907","3.2290"
"267.0120","0.2908","3.2330"
"267.0320","0.2909","3.2369"
"267.0520","0.2910","3.2408"
"267.0720","0.2911","3.2447"
"267.0920","0.2913","3.2485"
"267.1120","0.2914","3.2525"
"267.1320","0.2915","3.2563"
"267.1520","0.2916","3.2603"
"267.1720","0.2917","3.2642"
"267.1920","0.2918","3.2682"
"267.2120","0.2919","3.2721"
"267.2320","0.2921","3.2760"
"267.2520","0.2922","3.2798"
"267.2720","0.2923","3.2838"
"267.2920","0.2924","3.2876"
"267.3120","0.2925","3.2914"
"267.3320","0.2926","3.2953"
"267.3520","0.2927","3.2992"
"267.3720","0.2928","3.3030"
"267.3920","0.2929","3.3069"
"267.4120","0.2931","3.3108"
"267.4320","0.2932","3.3148"
"267.4520","0.2933","3.3188"
"267.4720","0.2934","3.3228"
"267.4920","0.2935","3.3269"
"267.5120","0.2936","3.3310"
"267.5320","0.2938","3.3352"
"267.5520","0.2939","3.3393"
"267.5720","0.2940","3.3436"
"267.5920","0.2941","3.3478"
"267.6120","0.2942","3.3521"
"267.6320","0.2944","3.3565"
"267.6520","0.2945","3.3608"
"267.6720","0.2946","3.3651"
"267.6920","0.2947","3.3693"
"267.7120","0.2949","3.3737"
"267.7320","0.2950","3.3781"
"267.7520","0.2951","3.3824"
"267.7720","0.2952","3.3866"
"267.7920","0.2953","3.3909"
"267.8120","0.2955","3.3952"
"267.8320","0.2956","3.3993"
"267.8520","0.2957","3.4034"
"267.8720","0.2958","3.4074"
"267.8920","0.2959","3.4114"
"267.9120","0.2960","3.4153"
"267.9320","0.2962","3.4193"
"267.9520","0.2963","3.4233"
"267.9720","0.2964","3.4271"
"267.9920","0.2965","3.4309"
"268.0120","0.2966","3.4347"
"268.0320","0.2967","3.4387"
"268.0520","0.2968","3.4425"
"268.0720","0.2969","3.4463"
"268.0920","0.2970","3.4501"
"268.1120","0.2972","3.4540"
"268.1320","0.2973","3.4579"
"268.1520","0.2974","3.4618"
"268.1720","0.2975","3.4658"
"268.1920","0.2976","3.4698"
"268.2120","0.2977","3.4737"
"268.2320","0.2978","3.4777"
"268.2520","0.2979","3.4817"
"268.2720","0.2981","3.4857"
"268.2920","0.2982","3.4896"
"268.3120","0.2983","3.4935"
"268.3320","0.2984","3.4973"
"268.3520","0.2985","3.5012"
"268.3720","0.2986","3.5051"
"268.3920","0.2987","3.5089"
"268.4120","0.2988","3.5128"
"268.4320","0.2989","3.5166"
"268.4520","0.2990","3.5204"
"268.4720","0.2991","3.5241"
"268.4920","0.2993","3.5280"
"268.5120","0.2994","3.5318"
"268.5320","0.2995","3.5355"
"268.5520","0.2996","3.5394"
"268.5720","0.2997","3.5432"
"268.5920","0.2998","3.5471"
"268.6120","0.2999","3.5509"
"268.6320","0.3000","3.5548"
"268.6520","0.3001","3.5587"
"268.6720","0.3002","3.5626"
"268.6920","0.3003","3.5666"
"268.7120","0.3005","3.5705"
"268.7320","0.3006","3.5745"
"268.7520","0.3007","3.5784"
"268.7720","0.3008","3.5824"
"268.7920","0.3009","3.5864"
"268.8120","0.3010","3.5905"
"268.8320","0.3011","3.5944"
"268.8520","0.3012","3.5984"
"268.8720","0.3014","3.6025"
"268.8920","0.3015","3.6065"
"268.9120","0.3016","3.6105"
"268.9320","0.3017","3.6146"
"268.9520","0.3018","3.6187"
"268.9720","0.3019","3.6226"
"268.9920","0.3020","3.6267"
"269.0120","0.3021","3.6307"
"269.0320","0.3023","3.6347"
"269.0520","0.3024","3.6386"
"269.0720","0.3025","3.6426"
"269.0920","0.3026","3.6466"
"269.1120","0.3027","3.6506"
"269.1320","0.3028","3.6545"
"269.1520","0.3029","3.6585"
"269.1720","0.3030","3.6624"
"269.1920","0.3031","3.6664"
"269.2120","0.3033","3.6704"
"269.2320","0.3034","3.6745"
"269.2520","0.3035","3.6786"
"269.2720","0.3036","3.6826"
"269.2920","0.3037","3.6868"
"269.3120","0.3038","3.6909"
"269.3320","0.3039","3.6950"
"269.3520","0.3040","3.6992"
"269.3720","0.3042","3.7034"
"269.3920","0.3043","3.7076"
"269.4120","0.3044","3.7118"
"269.4320","0.3045","3.7160"
"269.4520","0.3046","3.7202"
"269.4720","0.3047","3.7244"
"269.4920","0.3049","3.7286"
"269.5120","0.3050","3.7328"
"269.5320","0.3051","3.7369"
"269.5520","0.3052","3.7410"
"269.5720","0.3053","3.7451"
"269.5920","0.3054","3.7493"
"269.6120","0.3055","3.7533"
"269.6320","0.3056","3.7573"
"269.6520","0.3058","3.7613"
"269.6720","0.3059","3.7653"
"269.6920","0.3060","3.7692"
"269.7120","0.3061","3.7732"
"269.7320","0.3062","3.7769"
"269.7520","0.3063","3.7808"
"269.7720","0.3064","3.7845"
"269.7920","0.3065","3.7884"
"269.8120","0.3066","3.7922"
"269.8320","0.3067","3.7960"
"269.8520","0.3068","3.7998"
"269.8720","0.3069","3.8037"
"269.8920","0.3070","3.8076"
"269.9120","0.3071","3.8115"
"269.9320","0.3072","3.8154"
"269.9520","0.3074","3.8193"
"269.9720","0.3075","3.8232"
"269.9920","0.3076","3.8273"
"270.0120","0.3077","3.8312"
"270.0320","0.3078","3.8353"
"270.0520","0.3079","3.8394"
"270.0720","0.3080","3.8434"
"270.0920","0.3081","3.8475"
"270.1120","0.3082","3.8515"
"270.1320","0.3083","3.8555"
"270.1520","0.3084","3.8596"
"270.1720","0.3086","3.8636"
"270.1920","0.3087","3.8676"
"270.2120","0.3088","3.8716"
"270.2320","0.3089","3.8755"
"270.2520","0.3090","3.8795"
"270.2720","0.3091","3.8834"
"270.2920","0.3092","3.8874"
"270.3120","0.3093","3.8914"
"270.3320","0.3094","3.8954"
"270.3520","0.3095","3.8993"
"270.3720","0.3096","3.9033"
"270.3920","0.3097","3.9073"
"270.4120","0.3098","3.9114"
"270.4320","0.3100","3.9154"
"270.4520","0.3101","3.9195"
"270.4720","0.3102","3.9236"
"270.4920","0.3103","3.9277"
"270.5120","0.3104","3.9318"
"270.5320","0.3105","3.9360"
"270.5520","0.3106","3.9401"
"270.5720","0.3107","3.9443"
"270.5920","0.3108","3.9484"
"270.6120","0.3110","3.9524"
"270.6320","0.3111","3.9565"
"270.6520","0.3112","3.9605"
"270.6720","0.3113","3.9647"
"270.6920","0.3114","3.9689"
"270.7120","0.3115","3.9729"
"270.7320","0.3116","3.9770"
"270.7520","0.3117","3.9811"
"270.7720","0.3118","3.9852"
"270.7920","0.3119","3.9892"
"270.8120","0.3120","3.9934"
"270.8320","0.3122","3.9973"
"270.8520","0.3123","4.0012"
"270.8720","0.3124","4.0052"
"270.8920","0.3125","4.0092"
"270.9120","0.3126","4.0130"
"270.9320","0.3127","4.0169"
"270.9520","0.3128","4.0208"
"270.9720","0.3129","4.0247"
"270.9920","0.3130","4.0286"
"271.0120","0.3131","4.0325"
"271.0320","0.3132","4.0363"
"271.0520","0.3133","4.0402"
"271.0720","0.3134","4.0441"
"271.0920","0.3135","4.0481"
"271.1120","0.3136","4.0521"
"271.1320","0.3137","4.0561"
"271.1520","0.3138","4.0601"
"271.1720","0.3140","4.0642"
"271.1920","0.3141","4.0683"
"271.2120","0.3142","4.0723"
"271.2320","0.3143","4.0764"
"271.2520","0.3144","4.0804"
"271.2720","0.3145","4.0846"
"271.2920","0.3146","4.0887"
"271.3120","0.3147","4.0928"
"271.3320","0.3148","4.0969"
"271.3520","0.3149","4.1009"
"271.3720","0.3150","4.1049"
"271.3920","0.3151","4.1089"
"271.4120","0.3152","4.1131"
"271.4320","0.3154","4.1173"
"271.4520","0.3155","4.1213"
"271.4720","0.3156","4.1252"
"271.4920","0.3157","4.1291"
"271.5120","0.3158","4.1331"
"271.5320","0.3159","4.1370"
"271.5520","0.3160","4.1409"
"271.5720","0.3161","4.1447"
"271.5920","0.3162","4.1486"
"271.6120","0.3163","4.1523"
"271.6320","0.3164","4.1562"
"271.6520","0.3165","4.1600"
"271.6720","0.3166","4.1637"
"271.6920","0.3167","4.1676"
"271.7120","0.3168","4.1714"
"271.7320","0.3169","4.1752"
"271.7520","0.3170","4.1791"
"271.7720","0.3171","4.1830"
"271.7920","0.3172","4.1869"
"271.8120","0.3173","4.1910"
"271.8320","0.3174","4.1951"
"271.8520","0.3175","4.1991"
"271.8720","0.3176","4.2032"
"271.8920","0.3177","4.2073"
"271.9120","0.3178","4.2115"
"271.9320","0.3179","4.2157"
"271.9520","0.3181","4.2199"
"271.9720","0.3182","4.2241"
"271.9920","0.3183","4.2283"
"272.0120","0.3184","4.2326"
"272.0320","0.3185","4.2368"
"272.0520","0.3186","4.2409"
"272.0720","0.3187","4.2451"
"272.0920","0.3188","4.2492"
"272.1120","0.3189","4.2534"
"272.1320","0.3190","4.2575"
"272.1520","0.3191","4.2617"
"272.1720","0.3192","4.2657"
"272.1920","0.3193","4.2699"
"272.2120","0.3195","4.2740"
"272.2320","0.3196","4.2781"
"272.2520","0.3197","4.2822"
"272.2720","0.3198","4.2864"
"272.2920","0.3199","4.2905"
"272.3120","0.3200","4.2947"
"272.3320","0.3201","4.2988"
"272.3520","0.3202","4.3029"
"272.3720","0.3203","4.3070"
"272.3920","0.3204","4.3112"
"272.4120","0.3205","4.3153"
"272.4320","0.3206","4.3196"
"272.4520","0.3207","4.3236"
"272.4720","0.3208","4.3278"
"272.4920","0.3209","4.3319"
"272.5120","0.3210","4.3360"
"272.5320","0.3212","4.3401"
"272.5520","0.3213","4.3442"
"272.5720","0.3214","4.3482"
"272.5920","0.3215","4.3524"
"272.6120","0.3216","4.3565"
"272.6320","0.3217","4.3605"
"272.6520","0.3218","4.3645"
"272.6720","0.3219","4.3685"
"272.6920","0.3220","4.3725"
"272.7120","0.3221","4.3765"
"272.7320","0.3222","4.3805"
"272.7520","0.3223","4.3843"
"272.7720","0.3224","4.3882"
"272.7920","0.3225","4.3921"
"272.8120","0.3226","4.3959"
"272.8320","0.3227","4.3998"
"272.8520","0.3228","4.4037"
"272.8720","0.3229","4.4075"
"272.8920","0.3230","4.4114"
"272.9120","0.3231","4.4152"
"272.9320","0.3232","4.4190"
"272.9520","0.3233","4.4228"
"272.9720","0.3234","4.4268"
"272.9920","0.3235","4.4306"
"273.0120","0.3236","4.4345"
"273.0320","0.3237","4.4384"
"273.0520","0.3238","4.4423"
"273.0720","0.3239","4.4464"
"273.0920","0.3240","4.4504"
"273.1120","0.3241","4.4543"
"273.1320","0.3242","4.4583"
"273.1520","0.3243","4.4624"
"273.1720","0.3244","4.4665"
"273.1920","0.3245","4.4706"
"273.2120","0.3246","4.4746"
"273.2320","0.3247","4.4786"
"273.2520","0.3248","4.4827"
"273.2720","0.3249","4.4868"
"273.2920","0.3250","4.4910"
"273.3120","0.3251","4.4950"
"273.3320","0.3252","4.4991"
"273.3520","0.3253","4.5030"
"273.3720","0.3254","4.5071"
"273.3920","0.3255","4.5111"
"273.4120","0.3256","4.5151"
"273.4320","0.3257","4.5191"
"273.4520","0.3258","4.5231"
"273.4720","0.3259","4.5270"
"273.4920","0.3260","4.5310"
"273.5120","0.3261","4.5349"
"273.5320","0.3262","4.5389"
"273.5520","0.3263","4.5427"
"273.5720","0.3264","4.5467"
"273.5920","0.3265","4.5506"
"273.6120","0.3266","4.5544"
"273.6320","0.3267","4.5582"
"273.6520","0.3268","4.5621"
"273.6720","0.3269","4.5661"
"273.6920","0.3270","4.5701"
"273.7120","0.3271","4.5740"
"273.7320","0.3272","4.5780"
"273.7520","0.3273","4.5821"
"273.7720","0.3274","4.5861"
"273.7920","0.3275","4.5903"
"273.8120","0.3276","4.5944"
"273.8320","0.3277","4.5986"
"273.8520","0.3278","4.6027"
"273.8720","0.3279","4.6070"
"273.8920","0.3280","4.6112"
"273.9120","0.3282","4.6154"
"273.9320","0.3283","4.6196"
"273.9520","0.3284","4.6237"
"273.9720","0.3285","4.6279"
"273.9920","0.3286","4.6320"
"274.0120","0.3287","4.6360"
"274.0320","0.3288","4.6401"
"274.0520","0.3289","4.6441"
"274.0720","0.3290","4.6482"
"274.0920","0.3291","4.6521"
"274.1120","0.3292","4.6561"
"274.1320","0.3293","4.6602"
"274.1520","0.3294","4.6641"
"274.1720","0.3295","4.6681"
"274.1920","0.3296","4.6721"
"274.2120","0.3297","4.6761"
"274.2320","0.3298","4.6801"
"274.2520","0.3299","4.6841"
"274.2720","0.3300","4.6880"
"274.2920","0.3301","4.6920"
"274.3120","0.3302","4.6960"
"274.3320","0.3303","4.7000"
"274.3520","0.3304","4.7040"
"274.3720","0.3305","4.7081"
"274.3920","0.3306","4.7121"
"274.4120","0.3307","4.7160"
"274.4320","0.3308","4.7200"
"274.4520","0.3309","4.7240"
"274.4720","0.3310","4.7280"
"274.4920","0.3311","4.7320"
"274.5120","0.3311","4.7359"
"274.5320","0.3312","4.7399"
"274.5520","0.3313","4.7438"
"274.5720","0.3314","4.7478"
"274.5920","0.3315","4.7518"
"274.6120","0.3316","4.7557"
"274.6320","0.3317","4.7597"
"274.6520","0.3318","4.7636"
"274.6720","0.3319","4.7675"
"274.6920","0.3320","4.7715"
"274.7120","0.3321","4.7754"
"274.7320","0.3322","4.7793"
"274.7520","0.3323","4.7831"
"274.7720","0.3324","4.7869"
"274.7920","0.3325","4.7908"
"274.8120","0.3326","4.7946"
"274.8320","0.3327","4.7984"
"274.8520","0.3328","4.8022"
"274.8720","0.3329","4.8060"
"274.8920","0.3330","4.8098"
"274.9120","0.3331","4.8136"
"274.9320","0.3332","4.8174"
"274.9520","0.3333","4.8213"
"274.9720","0.3334","4.8252"
"274.9920","0.3334","4.8291"
"275.0120","0.3335","4.8330"
"275.0320","0.3336","4.8369"
"275.0520","0.3337","4.8409"
"275.0720","0.3338","4.8449"
"275.0920","0.3339","4.8490"
"275.1120","0.3340","4.8530"
"275.1320","0.3341","4.8570"
"275.1520","0.3342","4.8610"
"275.1720","0.3343","4.8651"
"275.1920","0.3344","4.8693"
"275.2120","0.3345","4.8735"
"275.2320","0.3346","4.8776"
"275.2520","0.3347","4.8816"
"275.2720","0.3348","4.8858"
"275.2920","0.3349","4.8900"
"275.3120","0.3350","4.8941"
"275.3320","0.3351","4.8982"
"275.3520","0.3352","4.9024"
"275.3720","0.3353","4.9065"
"275.3920","0.3354","4.9106"
"275.4120","0.3355","4.9147"
"275.4320","0.3356","4.9188"
"275.4520","0.3357","4.9228"
"275.4720","0.3358","4.9268"
"275.4920","0.3359","4.9308"
"275.5120","0.3360","4.9347"
"275.5320","0.3361","4.9386"
"275.5520","0.3362","4.9426"
"275.5720","0.3363","4.9465"
"275.5920","0.3364","4.9503"
"275.6120","0.3365","4.9542"
"275.6320","0.3366","4.9580"
"275.6520","0.3367","4.9619"
"275.6720","0.3368","4.9658"
"275.6920","0.3369","4.9696"
"275.7120","0.3370","4.9735"
"275.7320","0.3371","4.9775"
"275.7520","0.3371","4.9814"
"275.7720","0.3372","4.9854"
"275.7920","0.3373","4.9895"
"275.8120","0.3374","4.9935"
"275.8320","0.3375","4.9975"
"275.8520","0.3376","5.0015"
"275.8720","0.3377","5.0057"
"275.8920","0.3378","5.0098"
"275.9120","0.3379","5.0140"
"275.9320","0.3380","5.0181"
"275.9520","0.3381","5.0222"
"275.9720","0.3382","5.0263"
"275.9920","0.3383","5.0304"
"276.0120","0.3384","5.0345"
"276.0320","0.3385","5.0386"
"276.0520","0.3386","5.0427"
"276.0720","0.3387","5.0466"
"276.0920","0.3388","5.0507"
"276.1120","0.3389","5.0547"
"276.1320","0.3390","5.0588"
"276.1520","0.3391","5.0627"
"276.1720","0.3392","5.0666"
"276.1920","0.3393","5.0706"
"276.2120","0.3394","5.0746"
"276.2320","0.3395","5.0785"
"276.2520","0.3396","5.0825"
"276.2720","0.3397","5.0864"
"276.2920","0.3398","5.0904"
"276.3120","0.3399","5.0943"
"276.3320","0.3400","5.0982"
"276.3520","0.3400","5.1021"
"276.3720","0.3401","5.1061"
"276.3920","0.3402","5.1101"
"276.4120","0.3403","5.1140"
"276.4320","0.3404","5.1180"
"276.4520","0.3405","5.1220"
"276.4720","0.3406","5.1260"
"276.4920","0.3407","5.1300"
"276.5120","0.3408","5.1340"
"276.5320","0.3409","5.1380"
"276.5520","0.3410","5.1420"
"276.5720","0.3411","5.1459"
"276.5920","0.3412","5.1498"
"276.6120","0.3413","5.1538"
"276.6320","0.3414","5.1578"
"276.6520","0.3415","5.1617"
"276.6720","0.3416","5.1657"
"276.6920","0.3417","5.1697"
"276.7120","0.3418","5.1736"
"276.7320","0.3419","5.1775"
"276.7520","0.3419","5.1814"
"276.7720","0.3420","5.1854"
"276.7920","0.3421","5.1893"
"276.8120","0.3422","5.1932"
"276.8320","0.3423","5.1971"
"276.8520","0.3424","5.2009"
"276.8720","0.3425","5.2048"
"276.8920","0.3426","5.2086"
"276.9120","0.3427","5.2125"
"276.9320","0.3428","5.2163"
"276.9520","0.3429","5.2201"
"276.9720","0.3430","5.2239"
"276.9920","0.3431","5.2278"
"277.0120","0.3431","5.2316"
"277.0320","0.3432","5.2354"
"277.0520","0.3433","5.2392"
"277.0720","0.3434","5.2431"
"277.0920","0.3435","5.2470"
"277.1120","0.3436","5.2508"
"277.1320","0.3437","5.2547"
"277.1520","0.3438","5.2586"
"277.1720","0.3439","5.2626"
"277.1920","0.3440","5.2665"
"277.2120","0.3441","5.2705"
"277.2320","0.3442","5.2744"
"277.2520","0.3443","5.2784"
"277.2720","0.3443","5.2825"
"277.2920","0.3444","5.2865"
"277.3120","0.3445","5.2905"
"277.3320","0.3446","5.2944"
"277.3520","0.3447","5.2985"
"277.3720","0.3448","5.3025"
"277.3920","0.3449","5.3065"
"277.4120","0.3450","5.3106"
"277.4320","0.3451","5.3146"
"277.4520","0.3452","5.3187"
"277.4720","0.3453","5.3227"
"277.4920","0.3454","5.3267"
"277.5120","0.3455","5.3308"
"277.5320","0.3456","5.3348"
"277.5520","0.3457","5.3389"
"277.5720","0.3458","5.3429"
"277.5920","0.3459","5.3470"
"277.6120","0.3460","5.3510"
"277.6320","0.3461","5.3549"
"277.6520","0.3461","5.3588"
"277.6720","0.3462","5.3628"
"277.6920","0.3463","5.3668"
"277.7120","0.3464","5.3707"
"277.7320","0.3465","5.3747"
"277.7520","0.3466","5.3786"
"277.7720","0.3467","5.3824"
"277.7920","0.3468","5.3864"
"277.8120","0.3469","5.3903"
"277.8320","0.3470","5.3942"
"277.8520","0.3471","5.3983"
"277.8720","0.3472","5.4022"
"277.8920","0.3473","5.4063"
"277.9120","0.3474","5.4103"
"277.9320","0.3475","5.4144"
"277.9520","0.3475","5.4185"
"277.9720","0.3476","5.4226"
"277.9920","0.3477","5.4268"
"278.0120","0.3478","5.4310"
"278.0320","0.3479","5.4352"
"278.0520","0.3480","5.4394"
"278.0720","0.3481","5.4436"
"278.0920","0.3482","5.4478"
"278.1120","0.3483","5.4521"
"278.1320","0.3484","5.4562"
"278.1520","0.3485","5.4604"
"278.1720","0.3486","5.4645"
"278.1920","0.3487","5.4686"
"278.2120","0.3488","5.4727"
"278.2320","0.3489","5.4768"
"278.2520","0.3490","5.4808"
"278.2720","0.3491","5.4848"
"278.2920","0.3492","5.4889"
"278.3120","0.3493","5.4929"
"278.3320","0.3494","5.4969"
"278.3520","0.3495","5.5010"
"278.3720","0.3496","5.5050"
"278.3920","0.3497","5.5091"
"278.4120","0.3497","5.5130"
"278.4320","0.3498","5.5171"
"278.4520","0.3499","5.5211"
"278.4720","0.3500","5.5251"
"278.4920","0.3501","5.5291"
"278.5120","0.3502","5.5331"
"278.5320","0.3503","5.5372"
"278.5520","0.3504","5.5412"
"278.5720","0.3505","5.5453"
"278.5920","0.3506","5.5493"
"278.6120","0.3507","5.5534"
"278.6320","0.3508","5.5575"
"278.6520","0.3509","5.5615"
"278.6720","0.3510","5.5655"
"278.6920","0.3511","5.5697"
"278.7120","0.3512","5.5736"
"278.7320","0.3513","5.5777"
"278.7520","0.3513","5.5816"
"278.7720","0.3514","5.5856"
"278.7920","0.3515","5.5897"
"278.8120","0.3516","5.5937"
"278.8320","0.3517","5.5977"
"278.8520","0.3518","5.6017"
"278.8720","0.3519","5.6057"
"278.8920","0.3520","5.6097"
"278.9120","0.3521","5.6136"
"278.9320","0.3522","5.6176"
"278.9520","0.3523","5.6215"
"278.9720","0.3524","5.6253"
"278.9920","0.3525","5.6291"
"279.0120","0.3525","5.6329"
"279.0320","0.3526","5.6368"
"279.0520","0.3527","5.6406"
"279.0720","0.3528","5.6444"
"279.0920","0.3529","5.6482"
"279.1120","0.3530","5.6520"
"279.1320","0.3531","5.6558"
"279.1520","0.3532","5.6596"
"279.1720","0.3533","5.6634"
"279.1920","0.3533","5.6672"
"279.2120","0.3534","5.6710"
"279.2320","0.3535","5.6749"
"279.2520","0.3536","5.6787"
"279.2720","0.3537","5.6826"
"279.2920","0.3538","5.6866"
"279.3120","0.3539","5.6904"
"279.3320","0.3540","5.6944"
"279.3520","0.3541","5.6984"
"279.3720","0.3542","5.7024"
"279.3920","0.3543","5.7063"
"279.4120","0.3543","5.7104"
"279.4320","0.3544","5.7146"
"279.4520","0.3545","5.7186"
"279.4720","0.3546","5.7227"
"279.4920","0.3547","5.7269"
"279.5120","0.3548","5.7310"
"279.5320","0.3549","5.7352"
"279.5520","0.3550","5.7393"
"279.5720","0.3551","5.7435"
"279.5920","0.3552","5.7476"
"279.6120","0.3553","5.7518"
"279.6320","0.3554","5.7559"
"279.6520","0.3555","5.7601"
"279.6720","0.3556","5.7641"
"279.6920","0.3557","5.7682"
"279.7120","0.3558","5.7723"
"279.7320","0.3559","5.7763"
"279.7520","0.3560","5.7804"
"279.7720","0.3561","5.7843"
"279.7920","0.3561","5.7883"
"279.8120","0.3562","5.7923"
"279.8320","0.3563","5.7962"
"279.8520","0.3564","5.8001"
"279.8720","0.3565","5.8040"
"279.8920","0.3566","5.8079"
"279.9120","0.3567","5.8118"
"279.9320","0.3568","5.8157"
"279.9520","0.3569","5.8196"
"279.9720","0.3570","5.8234"
"279.9920","0.3571","5.8274"
"280.0120","0.3571","5.8313"
"280.0320","0.3572","5.8353"
"280.0520","0.3573","5.8392"
"280.0720","0.3574","5.8432"
"280.0920","0.3575","5.8473"
"280.1120","0.3576","5.8514"
"280.1320","0.3577","5.8554"
"280.1520","0.3578","5.8596"
"280.1720","0.3579","5.8638"
"280.1920","0.3580","5.8679"
"280.2120","0.3581","5.8721"
"280.2320","0.3582","5.8763"
"280.2520","0.3583","5.8806"
"280.2720","0.3584","5.8846"
"280.2920","0.3585","5.8888"
"280.3120","0.3586","5.8928"
"280.3320","0.3587","5.8970"
"280.3520","0.3587","5.9011"
"280.3720","0.3588","5.9052"
"280.3920","0.3589","5.9093"
"280.4120","0.3590","5.9133"
"280.4320","0.3591","5.9174"
"280.4520","0.3592","5.9214"
"280.4720","0.3593","5.9255"
"280.4920","0.3594","5.9294"
"280.5120","0.3595","5.9334"
"280.5320","0.3596","5.9374"
"280.5520","0.3597","5.9414"
"280.5720","0.3598","5.9453"
"280.5920","0.3599","5.9492"
"280.6120","0.3599","5.9532"
"280.6320","0.3600","5.9572"
"280.6520","0.3601","5.9611"
"280.6720","0.3602","5.9651"
"280.6920","0.3603","5.9690"
"280.7120","0.3604","5.9730"
"280.7320","0.3605","5.9770"
"280.7520","0.3606","5.9810"
"280.7720","0.3607","5.9849"
"280.7920","0.3608","5.9890"
"280.8120","0.3609","5.9929"
"280.8320","0.3610","5.9968"
"280.8490","0.3610","6.0002"
"280.8500","0.3610","6.0004"
"280.8510","0.3610","6.0006"
"280.8710","0.3611","6.0043"
"280.8910","0.3612","6.0056"
"280.9110","0.3612","6.0045"
"280.9310","0.3611","6.0026"
"280.9510","0.3611","6.0006"
"280.9710","0.3611","5.9987"
"280.9910","0.3610","5.9966"
"281.0110","0.3610","5.9945"
"281.0310","0.3610","5.9923"
"281.0510","0.3609","5.9899"
"281.0710","0.3609","5.9875"
"281.0910","0.3608","5.9848"
"281.1110","0.3608","5.9822"
"281.1310","0.3607","5.9794"
"281.1510","0.3607","5.9765"
"281.1710","0.3606","5.9736"
"281.1910","0.3606","5.9705"
"281.2110","0.3605","5.9675"
"281.2310","0.3605","5.9644"
"281.2510","0.3604","5.9611"
"281.2710","0.3604","5.9579"
"281.2910","0.3603","5.9545"
"281.3110","0.3602","5.9511"
"281.3310","0.3602","5.9478"
"281.3510","0.3601","5.9444"
"281.3710","0.3601","5.9408"
"281.3910","0.3600","5.9373"
"281.4110","0.3599","5.9337"
"281.4310","0.3599","5.9300"
"281.4510","0.3598","5.9263"
"281.4710","0.3597","5.9226"
"281.4910","0.3597","5.9188"
"281.5110","0.3596","5.9150"
"281.5310","0.3595","5.9112"
"281.5510","0.3595","5.9073"
"281.5710","0.3594","5.9034"
"281.5910","0.3593","5.8996"
"281.6110","0.3593","5.8957"
"281.6310","0.3592","5.8917"
"281.6510","0.3591","5.8877"
"281.6710","0.3590","5.8837"
"281.6910","0.3590","5.8798"
"281.7110","0.3589","5.8757"
"281.7310","0.3588","5.8716"
"281.7510","0.3588","5.8676"
"281.7710","0.3587","5.8634"
"281.7910","0.3586","5.8593"
"281.8110","0.3585","5.8552"
"281.8310","0.3585","5.8510"
"281.8510","0.3584","5.8469"
"281.8710","0.3583","5.8426"
"281.8910","0.3582","5.8383"
"281.9110","0.3582","5.8341"
"281.9310","0.3581","5.8298"
"281.9510","0.3580","5.8255"
"281.9710","0.3579","5.8213"
"281.9910","0.3578","5.8170"
"282.0110","0.3578","5.8126"
"282.0310","0.3577","5.8083"
"282.0510","0.3576","5.8040"
"282.0710","0.3575","5.7997"
"282.0910","0.3575","5.7955"
"282.1110","0.3574","5.7913"
"282.1310","0.3573","5.7870"
"282.1510","0.3572","5.7827"
"282.1710","0.3572","5.7785"
"282.1910","0.3571","5.7743"
"282.2110","0.3570","5.7702"
"282.2310","0.3569","5.7659"
"282.2510","0.3569","5.7616"
"282.2710","0.3568","5.7571"
"282.2910","0.3567","5.7528"
"282.3110","0.3566","5.7486"
"282.3310","0.3565","5.7443"
"282.3510","0.3565","5.7401"
"282.3710","0.3564","5.7360"
"282.3910","0.3563","5.7317"
"282.4110","0.3562","5.7274"
"282.4310","0.3562","5.7230"
"282.4510","0.3561","5.7187"
"282.4710","0.3560","5.7144"
"282.4910","0.3559","5.7100"
"282.5110","0.3558","5.7057"
"282.5310","0.3558","5.7013"
"282.5510","0.3557","5.6970"
"282.5710","0.3556","5.6927"
"282.5910","0.3555","5.6884"
"282.6110","0.3554","5.6839"
"282.6310","0.3554","5.6796"
"282.6510","0.3553","5.6752"
"282.6710","0.3552","5.6708"
"282.6910","0.3551","5.6664"
"282.7110","0.3551","5.6621"
"282.7310","0.3550","5.6578"
"282.7510","0.3549","5.6535"
"282.7710","0.3548","5.6491"
"282.7910","0.3547","5.6447"
"282.8110","0.3547","5.6404"
"282.8310","0.3546","5.6360"
"282.8510","0.3545","5.6319"
"282.8710","0.3544","5.6275"
"282.8910","0.3543","5.6233"
"282.9110","0.3543","5.6190"
"282.9310","0.3542","5.6148"
"282.9510","0.3541","5.6106"
"282.9710","0.3540","5.6064"
"282.9910","0.3540","5.6021"
"283.0110","0.3539","5.5979"
"283.0310","0.3538","5.5938"
"283.0510","0.3537","5.5895"
"283.0710","0.3536","5.5853"
"283.0910","0.3536","5.5812"
"283.1110","0.3535","5.5771"
"283.1310","0.3534","5.5729"
"283.1510","0.3533","5.5688"
"283.1710","0.3533","5.5647"
"283.1910","0.3532","5.5605"
"283.2110","0.3531","5.5565"
"283.2310","0.3530","5.5524"
"283.2510","0.3530","5.5484"
"283.2710","0.3529","5.5442"
"283.2910","0.3528","5.5401"
"283.3110","0.3527","5.5360"
"283.3310","0.3527","5.5320"
"283.3510","0.3526","5.5279"
"283.3710","0.3525","5.5238"
"283.3910","0.3524","5.5197"
"283.4110","0.3523","5.5157"
"283.4310","0.3523","5.5116"
"283.4510","0.3522","5.5074"
"283.4710","0.3521","5.5033"
"283.4910","0.3520","5.4992"
"283.5110","0.3520","5.4950"
"283.5310","0.3519","5.4909"
"283.5510","0.3518","5.4868"
"283.5710","0.3517","5.4826"
"283.5910","0.3516","5.4784"
"283.6110","0.3516","5.4742"
"283.6310","0.3515","5.4701"
"283.6510","0.3514","5.4659"
"283.6710","0.3513","5.4617"
"283.6910","0.3513","5.4574"
"283.7110","0.3512","5.4532"
"283.7310","0.3511","5.4490"
"283.7510","0.3510","5.4448"
"283.7710","0.3509","5.4406"
"283.7910","0.3509","5.4364"
"283.8110","0.3508","5.4321"
"283.8310","0.3507","5.4279"
"283.8510","0.3506","5.4237"
"283.8710","0.3505","5.4194"
"283.8910","0.3505","5.4152"
"283.9110","0.3504","5.4109"
"283.9310","0.3503","5.4066"
"283.9510","0.3502","5.4024"
"283.9710","0.3501","5.3983"
"283.9910","0.3501","5.3940"
"284.0110","0.3500","5.3899"
"284.0310","0.3499","5.3857"
"284.0510","0.3498","5.3815"
"284.0710","0.3497","5.3774"
"284.0910","0.3497","5.3732"
"284.1110","0.3496","5.3689"
"284.1310","0.3495","5.3648"
"284.1510","0.3494","5.3606"
"284.1710","0.3493","5.3566"
"284.1910","0.3493","5.3526"
"284.2110","0.3492","5.3484"
"284.2310","0.3491","5.3443"
"284.2510","0.3490","5.3402"
"284.2710","0.3489","5.3361"
"284.2910","0.3489","5.3321"
"284.3110","0.3488","5.3281"
"284.3310","0.3487","5.3240"
"284.3510","0.3486","5.3198"
"284.3710","0.3486","5.3157"
"284.3910","0.3485","5.3116"
"284.4110","0.3484","5.3075"
"284.4310","0.3483","5.3034"
"284.4510","0.3482","5.2992"
"284.4710","0.3482","5.2951"
"284.4910","0.3481","5.2909"
"284.5110","0.3480","5.2868"
"284.5310","0.3479","5.2825"
"284.5510","0.3478","5.2784"
"284.5710","0.3477","5.2742"
"284.5910","0.3477","5.2701"
"284.6110","0.3476","5.2658"
"284.6310","0.3475","5.2617"
"284.6510","0.3474","5.2575"
"284.6710","0.3473","5.2535"
"284.6910","0.3473","5.2494"
"284.7110","0.3472","5.2452"
"284.7310","0.3471","5.2412"
"284.7510","0.3470","5.2371"
"284.7710","0.3470","5.2331"
"284.7910","0.3469","5.2292"
"284.8110","0.3468","5.2252"
"284.8310","0.3467","5.2211"
"284.8510","0.3466","5.2172"
"284.8710","0.3466","5.2132"
"284.8910","0.3465","5.2091"
"284.9110","0.3464","5.2051"
"284.9310","0.3463","5.2011"
"284.9510","0.3462","5.1972"
"284.9710","0.3462","5.1932"
"284.9910","0.3461","5.1891"
"285.0110","0.3460","5.1851"
"285.0310","0.3459","5.1812"
"285.0510","0.3459","5.1772"
"285.0710","0.3458","5.1732"
"285.0910","0.3457","5.1692"
"285.1110","0.3456","5.1653"
"285.1310","0.3455","5.1613"
"285.1510","0.3455","5.1572"
"285.1710","0.3454","5.1532"
"285.1910","0.3453","5.1493"
"285.2110","0.3452","5.1453"
"285.2310","0.3451","5.1414"
"285.2510","0.3451","5.1374"
"285.2710","0.3450","5.1333"
"285.2910","0.3449","5.1293"
"285.3110","0.3448","5.1253"
"285.3310","0.3447","5.1213"
"285.3510","0.3447","5.1173"
"285.3710","0.3446","5.1132"
"285.3910","0.3445","5.1092"
"285.4110","0.3444","5.1052"
"285.4310","0.3444","5.1011"
"285.4510","0.3443","5.0971"
"285.4710","0.3442","5.0930"
"285.4910","0.3441","5.0891"
"285.5110","0.3440","5.0850"
"285.5310","0.3439","5.0810"
"285.5510","0.3439","5.0769"
"285.5710","0.3438","5.0729"
"285.5910","0.3437","5.0689"
"285.6110","0.3436","5.0650"
"285.6310","0.3435","5.0610"
"285.6510","0.3435","5.0570"
"285.6710","0.3434","5.0530"
"285.6910","0.3433","5.0490"
"285.7110","0.3432","5.0451"
"285.7310","0.3431","5.0411"
"285.7510","0.3431","5.0372"
"285.7710","0.3430","5.0333"
"285.7910","0.3429","5.0294"
"285.8110","0.3428","5.0254"
"285.8310","0.3428","5.0214"
"285.8510","0.3427","5.0175"
"285.8710","0.3426","5.0137"
"285.8910","0.3425","5.0096"
"285.9110","0.3424","5.0057"
"285.9310","0.3424","5.0017"
"285.9510","0.3423","4.9978"
"285.9710","0.3422","4.9939"
"285.9910","0.3421","4.9898"
"286.0110","0.3420","4.9858"
"286.0310","0.3420","4.9818"
"286.0510","0.3419","4.9778"
"286.0710","0.3418","4.9738"
"286.0910","0.3417","4.9698"
"286.1110","0.3416","4.9657"
"286.1310","0.3415","4.9617"
"286.1510","0.3415","4.9576"
"286.1710","0.3414","4.9536"
"286.1910","0.3413","4.9495"
"286.2110","0.3412","4.9454"
"286.2310","0.3411","4.9413"
"286.2510","0.3410","4.9373"
"286.2710","0.3410","4.9332"
"286.2910","0.3409","4.9291"
"286.3110","0.3408","4.9249"
"286.3310","0.3407","4.9209"
"286.3510","0.3406","4.9168"
"286.3710","0.3405","4.9127"
"286.3910","0.3405","4.9086"
"286.4110","0.3404","4.9045"
"286.4310","0.3403","4.9003"
"286.4510","0.3402","4.8962"
"286.4710","0.3401","4.8922"
"286.4910","0.3400","4.8881"
"286.5110","0.3400","4.8840"
"286.5310","0.3399","4.8799"
"286.5510","0.3398","4.8758"
"286.5710","0.3397","4.8718"
"286.5910","0.3396","4.8677"
"286.6110","0.3395","4.8637"
"286.6310","0.3395","4.8597"
"286.6510","0.3394","4.8557"
"286.6710","0.3393","4.8517"
"286.6910","0.3392","4.8477"
"286.7110","0.3391","4.8437"
"286.7310","0.3390","4.8397"
"286.7510","0.3390","4.8357"
"286.7710","0.3389","4.8317"
"286.7910","0.3388","4.8278"
"286.8110","0.3387","4.8238"
"286.8310","0.3386","4.8197"
"286.8510","0.3385","4.8157"
"286.8710","0.3385","4.8117"
"286.8910","0.3384","4.8076"
"286.9110","0.3383","4.8035"
"286.9310","0.3382","4.7995"
"286.9510","0.3381","4.7953"
"286.9710","0.3380","4.7913"
"286.9910","0.3379","4.7871"
"287.0110","0.3379","4.7830"
"287.0310","0.3378","4.7790"
"287.0510","0.3377","4.7748"
"287.0710","0.3376","4.7707"
"287.0910","0.3375","4.7666"
"287.1110","0.3374","4.7625"
"287.1310","0.3373","4.7584"
"287.1510","0.3373","4.7544"
"287.1710","0.3372","4.7502"
"287.1910","0.3371","4.7462"
"287.2110","0.3370","4.7422"
"287.2310","0.3369","4.7382"
"287.2510","0.3368","4.7342"
"287.2710","0.3368","4.7303"
"287.2910","0.3367","4.7263"
"287.3110","0.3366","4.7223"
"287.3310","0.3365","4.7183"
"287.3510","0.3364","4.7143"
"287.3710","0.3363","4.7104"
"287.3910","0.3363","4.7064"
"287.4110","0.3362","4.7024"
"287.4310","0.3361","4.6984"
"287.4510","0.3360","4.6944"
"287.4710","0.3359","4.6904"
"287.4910","0.3358","4.6864"
"287.5110","0.3357","4.6824"
"287.5310","0.3357","4.6783"
"287.5510","0.3356","4.6743"
"287.5710","0.3355","4.6703"
"287.5910","0.3354","4.6662"
"287.6110","0.3353","4.6621"
"287.6310","0.3352","4.6580"
"287.6510","0.3351","4.6539"
"287.6710","0.3351","4.6498"
"287.6910","0.3350","4.6457"
"287.7110","0.3349","4.6415"
"287.7310","0.3348","4.6375"
"287.7510","0.3347","4.6334"
"287.7710","0.3346","4.6293"
"287.7910","0.3345","4.6251"
"287.8110","0.3344","4.6210"
"287.8310","0.3344","4.6170"
"287.8510","0.3343","4.6128"
"287.8710","0.3342","4.6088"
"287.8910","0.3341","4.6048"
"287.9110","0.3340","4.6008"
"287.9310","0.3339","4.5968"
"287.9510","0.3338","4.5928"
"287.9710","0.3338","4.5887"
"287.9910","0.3337","4.5847"
"288.0110","0.3336","4.5808"
"288.0310","0.3335","4.5768"
"288.0510","0.3334","4.5728"
"288.0710","0.3333","4.5689"
"288.0910","0.3332","4.5649"
"288.1110","0.3332","4.5611"
"288.1310","0.3331","4.5572"
"288.1510","0.3330","4.5532"
"288.1710","0.3329","4.5493"
"288.1910","0.3328","4.5454"
"288.2110","0.3327","4.5416"
"288.2310","0.3327","4.5377"
"288.2510","0.3326","4.5338"
"288.2710","0.3325","4.5299"
"288.2910","0.3324","4.5260"
"288.3110","0.3323","4.5222"
"288.3310","0.3322","4.5182"
"288.3510","0.3321","4.5143"
"288.3710","0.3321","4.5103"
"288.3910","0.3320","4.5063"
"288.4110","0.3319","4.5024"
"288.4310","0.3318","4.4984"
"288.4510","0.3317","4.4944"
"288.4710","0.3316","4.4904"
"288.4910","0.3315","4.4864"
"288.5110","0.3315","4.4824"
"288.5310","0.3314","4.4784"
"288.5510","0.3313","4.4744"
"288.5710","0.3312","4.4703"
"288.5910","0.3311","4.4662"
"288.6110","0.3310","4.4621"
"288.6310","0.3309","4.4581"
"288.6510","0.3308","4.4540"
"288.6710","0.3307","4.4499"
"288.6910","0.3307","4.4459"
"288.7110","0.3306","4.4418"
"288.7310","0.3305","4.4377"
"288.7510","0.3304","4.4335"
"288.7710","0.3303","4.4294"
"288.7910","0.3302","4.4253"
"288.8110","0.3301","4.4212"
"288.8310","0.3300","4.4172"
"288.8510","0.3299","4.4130"
"288.8710","0.3298","4.4089"
"288.8910","0.3298","4.4048"
"288.9110","0.3297","4.4008"
"288.9310","0.3296","4.3967"
"288.9510","0.3295","4.3927"
"288.9710","0.3294","4.3887"
"288.9910","0.3293","4.3847"
"289.0110","0.3292","4.3807"
"289.0310","0.3291","4.3767"
"289.0510","0.3290","4.3727"
"289.0710","0.3289","4.3687"
"289.0910","0.3289","4.3647"
"289.1110","0.3288","4.3607"
"289.1310","0.3287","4.3568"
"289.1510","0.3286","4.3528"
"289.1710","0.3285","4.3487"
"289.1910","0.3284","4.3448"
"289.2110","0.3283","4.3407"
"289.2310","0.3282","4.3367"
"289.2510","0.3281","4.3326"
"289.2710","0.3280","4.3284"
"289.2910","0.3280","4.3244"
"289.3110","0.3279","4.3203"
"289.3310","0.3278","4.3161"
"289.3510","0.3277","4.3121"
"289.3710","0.3276","4.3080"
"289.3910","0.3275","4.3039"
"289.4110","0.3274","4.2998"
"289.4310","0.3273","4.2957"
"289.4510","0.3272","4.2916"
"289.4710","0.3271","4.2876"
"289.4910","0.3270","4.2836"
"289.5110","0.3269","4.2796"
"289.5310","0.3269","4.2756"
"289.5510","0.3268","4.2717"
"289.5710","0.3267","4.2676"
"289.5910","0.3266","4.2637"
"289.6110","0.3265","4.2598"
"289.6310","0.3264","4.2558"
"289.6510","0.3263","4.2519"
"289.6710","0.3262","4.2479"
"289.6910","0.3261","4.2440"
"289.7110","0.3261","4.2400"
"289.7310","0.3260","4.2361"
"289.7510","0.3259","4.2321"
"289.7710","0.3258","4.2281"
"289.7910","0.3257","4.2242"
"289.8110","0.3256","4.2202"
"289.8310","0.3255","4.2163"
"289.8510","0.3254","4.2124"
"289.8710","0.3253","4.2084"
"289.8910","0.3252","4.2044"
"289.9110","0.3251","4.2004"
"289.9310","0.3251","4.1965"
"289.9510","0.3250","4.1925"
"289.9710","0.3249","4.1885"
"289.9910","0.3248","4.1846"
"290.0110","0.3247","4.1805"
"290.0310","0.3246","4.1765"
"290.0510","0.3245","4.1725"
"290.0710","0.3244","4.1686"
"290.0910","0.3243","4.1645"
"290.1110","0.3242","4.1605"
"290.1310","0.3241","4.1565"
"290.1510","0.3240","4.1525"
"290.1710","0.3240","4.1485"
"290.1910","0.3239","4.1445"
"290.2110","0.3238","4.1405"
"290.2310","0.3237","4.1365"
"290.2510","0.3236","4.1325"
"290.2710","0.3235","4.1284"
"290.2910","0.3234","4.1245"
"290.3110","0.3233","4.1206"
"290.3310","0.3232","4.1167"
"290.3510","0.3231","4.1128"
"290.3710","0.3230","4.1089"
"290.3910","0.3229","4.1048"
"290.4110","0.3228","4.1009"
"290.4310","0.3228","4.0971"
"290.4510","0.3227","4.0931"
"290.4710","0.3226","4.0892"
"290.4910","0.3225","4.0853"
"290.5110","0.3224","4.0813"
"290.5310","0.3223","4.0774"
"290.5510","0.3222","4.0734"
"290.5710","0.3221","4.0694"
"290.5910","0.3220","4.0654"
"290.6110","0.3219","4.0615"
"290.6310","0.3218","4.0575"
"290.6510","0.3217","4.0535"
"290.6710","0.3216","4.0494"
"290.6910","0.3216","4.0455"
"290.7110","0.3215","4.0413"
"290.7310","0.3214","4.0373"
"290.7510","0.3213","4.0333"
"290.7710","0.3212","4.0292"
"290.7910","0.3211","4.0251"
"290.8110","0.3210","4.0210"
"290.8310","0.3209","4.0168"
"290.8510","0.3208","4.0127"
"290.8710","0.3207","4.0086"
"290.8910","0.3206","4.0045"
"290.9110","0.3205","4.0002"
"290.9310","0.3204","3.9961"
"290.9510","0.3203","3.9920"
"290.9710","0.3202","3.9878"
"290.9910","0.3201","3.9838"
"291.0110","0.3200","3.9796"
"291.0310","0.3199","3.9755"
"291.0510","0.3198","3.9714"
"291.0710","0.3197","3.9673"
"291.0910","0.3196","3.9632"
"291.1110","0.3195","3.9592"
"291.1310","0.3194","3.9551"
"291.1510","0.3193","3.9511"
"291.1710","0.3192","3.9471"
"291.1910","0.3191","3.9432"
"291.2110","0.3190","3.9392"
"291.2310","0.3190","3.9352"
"291.2510","0.3189","3.9313"
"291.2710","0.3188","3.9274"
"291.2910","0.3187","3.9235"
"291.3110","0.3186","3.9195"
"291.3310","0.3185","3.9156"
"291.3510","0.3184","3.9117"
"291.3710","0.3183","3.9077"
"291.3910","0.3182","3.9038"
"291.4110","0.3181","3.8998"
"291.4310","0.3180","3.8957"
"291.4510","0.3179","3.8918"
"291.4710","0.3178","3.8877"
"291.4910","0.3177","3.8837"
"291.5110","0.3176","3.8798"
"291.5310","0.3175","3.8757"
"291.5510","0.3174","3.8717"
"291.5710","0.3173","3.8678"
"291.5910","0.3172","3.8639"
"291.6110","0.3171","3.8600"
"291.6310","0.3170","3.8560"
"291.6510","0.3170","3.8522"
"291.6710","0.3169","3.8483"
"291.6910","0.3168","3.8444"
"291.7110","0.3167","3.8406"
"291.7310","0.3166","3.8367"
"291.7510","0.3165","3.8329"
"291.7710","0.3164","3.8291"
"291.7910","0.3163","3.8253"
"291.8110","0.3162","3.8215"
"291.8310","0.3161","3.8179"
"291.8510","0.3160","3.8140"
"291.8710","0.3159","3.8101"
"291.8910","0.3158","3.8063"
"291.9110","0.3157","3.8025"
"291.9310","0.3156","3.7986"
"291.9510","0.3155","3.7947"
"291.9710","0.3155","3.7907"
"291.9910","0.3154","3.7868"
"292.0110","0.3153","3.7829"
"292.0310","0.3152","3.7790"
"292.0510","0.3151","3.7750"
"292.0710","0.3150","3.7710"
"292.0910","0.3149","3.7670"
"292.1110","0.3148","3.7631"
"292.1310","0.3147","3.7590"
"292.1510","0.3146","3.7550"
"292.1710","0.3145","3.7511"
"292.1910","0.3144","3.7469"
"292.2110","0.3143","3.7430"
"292.2310","0.3142","3.7390"
"292.2510","0.3141","3.7349"
"292.2710","0.3140","3.7309"
"292.2910","0.3139","3.7268"
"292.3110","0.3138","3.7228"
"292.3310","0.3137","3.7188"
"292.3510","0.3136","3.7149"
"292.3710","0.3135","3.7108"
"292.3910","0.3134","3.7068"
"292.4110","0.3133","3.7028"
"292.4310","0.3132","3.6989"
"292.4510","0.3131","3.6950"
"292.4710","0.3130","3.6911"
"292.4910","0.3129","3.6872"
"292.5110","0.3128","3.6832"
"292.5310","0.3127","3.6792"
"292.5510","0.3126","3.6754"
"292.5710","0.3125","3.6715"
"292.5910","0.3124","3.6675"
"292.6110","0.3123","3.6635"
"292.6310","0.3122","3.6596"
"292.6510","0.3121","3.6556"
"292.6710","0.3120","3.6516"
"292.6910","0.3119","3.6476"
"292.7110","0.3118","3.6435"
"292.7310","0.3117","3.6396"
"292.7510","0.3116","3.6355"
"292.7710","0.3115","3.6315"
"292.7910","0.3114","3.6273"
"292.8110","0.3113","3.6232"
"292.8310","0.3112","3.6192"
"292.8510","0.3111","3.6152"
"292.8710","0.3110","3.6110"
"292.8910","0.3109","3.6069"
"292.9110","0.3108","3.6028"
"292.9310","0.3107","3.5986"
"292.9510","0.3106","3.5945"
"292.9710","0.3105","3.5904"
"292.9910","0.3104","3.5863"
"293.0110","0.3102","3.5822"
"293.0310","0.3101","3.5782"
"293.0510","0.3100","3.5742"
"293.0710","0.3099","3.5700"
"293.0910","0.3098","3.5660"
"293.1110","0.3097","3.5619"
"293.1310","0.3096","3.5578"
"293.1510","0.3095","3.5539"
"293.1710","0.3094","3.5498"
"293.1910","0.3093","3.5460"
"293.2110","0.3092","3.5421"
"293.2310","0.3091","3.5381"
"293.2510","0.3090","3.5342"
"293.2710","0.3089","3.5304"
"293.2910","0.3088","3.5264"
"293.3110","0.3087","3.5227"
"293.3310","0.3086","3.5188"
"293.3510","0.3085","3.5150"
"293.3710","0.3084","3.5111"
"293.3910","0.3083","3.5073"
"293.4110","0.3082","3.5034"
"293.4310","0.3081","3.4994"
"293.4510","0.3080","3.4954"
"293.4710","0.3079","3.4914"
"293.4910","0.3078","3.4874"
"293.5110","0.3077","3.4834"
"293.5310","0.3076","3.4795"
"293.5510","0.3075","3.4755"
"293.5710","0.3074","3.4715"
"293.5910","0.3073","3.4675"
"293.6110","0.3072","3.4636"
"293.6310","0.3071","3.4597"
"293.6510","0.3070","3.4557"
"293.6710","0.3069","3.4519"
"293.6910","0.3068","3.4480"
"293.7110","0.3067","3.4440"
"293.7310","0.3066","3.4402"
"293.7510","0.3065","3.4363"
"293.7710","0.3064","3.4324"
"293.7910","0.3063","3.4285"
"293.8110","0.3062","3.4246"
"293.8310","0.3061","3.4207"
"293.8510","0.3060","3.4167"
"293.8710","0.3059","3.4128"
"293.8910","0.3058","3.4087"
"293.9110","0.3057","3.4048"
"293.9310","0.3056","3.4008"
"293.9510","0.3054","3.3967"
"293.9710","0.3053","3.3927"
"293.9910","0.3052","3.3886"
"294.0110","0.3051","3.3845"
"294.0310","0.3050","3.3805"
"294.0510","0.3049","3.3763"
"294.0710","0.3048","3.3722"
"294.0910","0.3047","3.3680"
"294.1110","0.3046","3.3639"
"294.1310","0.3045","3.3597"
"294.1510","0.3044","3.3555"
"294.1710","0.3043","3.3514"
"294.1910","0.3041","3.3472"
"294.2110","0.3040","3.3429"
"294.2310","0.3039","3.3388"
"294.2510","0.3038","3.3346"
"294.2710","0.3037","3.3306"
"294.2910","0.3036","3.3263"
"294.3110","0.3035","3.3222"
"294.3310","0.3034","3.3180"
"294.3510","0.3033","3.3139"
"294.3710","0.3031","3.3098"
"294.3910","0.3030","3.3058"
"294.4110","0.3029","3.3018"
"294.4310","0.3028","3.2978"
"294.4510","0.3027","3.2938"
"294.4710","0.3026","3.2898"
"294.4910","0.3025","3.2857"
"294.5110","0.3024","3.2818"
"294.5310","0.3023","3.2779"
"294.5510","0.3022","3.2739"
"294.5710","0.3021","3.2699"
"294.5910","0.3020","3.2658"
"294.6110","0.3019","3.2619"
"294.6310","0.3018","3.2580"
"294.6510","0.3016","3.2539"
"294.6710","0.3015","3.2499"
"294.6910","0.3014","3.2459"
"294.7110","0.3013","3.2419"
"294.7310","0.3012","3.2380"
"294.7510","0.3011","3.2340"
"294.7710","0.3010","3.2300"
"294.7910","0.3009","3.2260"
"294.8110","0.3008","3.2220"
"294.8310","0.3007","3.2180"
"294.8510","0.3006","3.2140"
"294.8710","0.3004","3.2100"
"294.8910","0.3003","3.2059"
"294.9110","0.3002","3.2020"
"294.9310","0.3001","3.1981"
"294.9510","0.3000","3.1942"
"294.9710","0.2999","3.1902"
"294.9910","0.2998","3.1862"
"295.0110","0.2997","3.1822"
"295.0310","0.2996","3.1783"
"295.0510","0.2995","3.1745"
"295.0710","0.2994","3.1707"
"295.0910","0.2993","3.1668"
"295.1110","0.2992","3.1630"
"295.1310","0.2991","3.1591"
"295.1510","0.2990","3.1554"
"295.1710","0.2988","3.1517"
"295.1910","0.2987","3.1478"
"295.2110","0.2986","3.1441"
"295.2310","0.2985","3.1402"
"295.2510","0.2984","3.1364"
"295.2710","0.2983","3.1327"
"295.2910","0.2982","3.1289"
"295.3110","0.2981","3.1251"
"295.3310","0.2980","3.1212"
"295.3510","0.2979","3.1172"
"295.3710","0.2978","3.1132"
"295.3910","0.2977","3.1093"
"295.4110","0.2976","3.1053"
"295.4310","0.2975","3.1013"
"295.4510","0.2973","3.0973"
"295.4710","0.2972","3.0933"
"295.4910","0.2971","3.0893"
"295.5110","0.2970","3.0853"
"295.5310","0.2969","3.0812"
"295.5510","0.2968","3.0771"
"295.5710","0.2967","3.0732"
"295.5910","0.2966","3.0692"
"295.6110","0.2965","3.0652"
"295.6310","0.2963","3.0612"
"295.6510","0.2962","3.0571"
"295.6710","0.2961","3.0530"
"295.6910","0.2960","3.0489"
"295.7110","0.2959","3.0449"
"295.7310","0.2958","3.0408"
"295.7510","0.2957","3.0367"
"295.7710","0.2955","3.0325"
"295.7910","0.2954","3.0283"
"295.8110","0.2953","3.0241"
"295.8310","0.2952","3.0199"
"295.8510","0.2951","3.0156"
"295.8710","0.2949","3.0114"
"295.8910","0.2948","3.0072"
"295.9110","0.2947","3.0029"
"295.9310","0.2946","2.9987"
"295.9510","0.2945","2.9944"
"295.9710","0.2943","2.9902"
"295.9910","0.2942","2.9859"
"296.0110","0.2941","2.9817"
"296.0310","0.2940","2.9775"
"296.0510","0.2939","2.9733"
"296.0710","0.2938","2.9691"
"296.0910","0.2936","2.9651"
"296.1110","0.2935","2.9610"
"296.1310","0.2934","2.9570"
"296.1510","0.2933","2.9529"
"296.1710","0.2932","2.9489"
"296.1910","0.2931","2.9450"
"296.2110","0.2929","2.9411"
"296.2310","0.2928","2.9371"
"296.2510","0.2927","2.9332"
"296.2710","0.2926","2.9294"
"296.2910","0.2925","2.9255"
"296.3110","0.2924","2.9218"
"296.3310","0.2923","2.9180"
"296.3510","0.2922","2.9142"
"296.3710","0.2921","2.9103"
"296.3910","0.2920","2.9064"
"296.4110","0.2918","2.9026"
"296.4310","0.2917","2.8988"
"296.4510","0.2916","2.8949"
"296.4710","0.2915","2.8910"
"296.4910","0.2914","2.8871"
"296.5110","0.2913","2.8834"
"296.5310","0.2912","2.8794"
"296.5510","0.2911","2.8755"
"296.5710","0.2909","2.8715"
"296.5910","0.2908","2.8676"
"296.6110","0.2907","2.8637"
"296.6310","0.2906","2.8597"
"296.6510","0.2905","2.8557"
"296.6710","0.2904","2.8518"
"296.6910","0.2903","2.8478"
"296.7110","0.2901","2.8438"
"296.7310","0.2900","2.8399"
"296.7510","0.2899","2.8358"
"296.7710","0.2898","2.8318"
"296.7910","0.2897","2.8277"
"296.8110","0.2895","2.8237"
"296.8310","0.2894","2.8198"
"296.8510","0.2893","2.8158"
"296.8710","0.2892","2.8119"
"296.8910","0.2891","2.8081"
"296.9110","0.2890","2.8042"
"296.9310","0.2889","2.8003"
"296.9510","0.2887","2.7965"
"296.9710","0.2886","2.7927"
"296.9910","0.2885","2.7888"
"297.0110","0.2884","2.7849"
"297.0310","0.2883","2.7810"
"297.0510","0.2882","2.7770"
"297.0710","0.2880","2.7729"
"297.0910","0.2879","2.7689"
"297.1110","0.2878","2.7647"
"297.1310","0.2877","2.7605"
"297.1510","0.2876","2.7564"
"297.1710","0.2874","2.7522"
"297.1910","0.2873","2.7479"
"297.2110","0.2872","2.7436"
"297.2310","0.2871","2.7394"
"297.2510","0.2869","2.7352"
"297.2710","0.2868","2.7310"
"297.2910","0.2867","2.7270"
"297.3110","0.2866","2.7228"
"297.3310","0.2864","2.7188"
"297.3510","0.2863","2.7147"
"297.3710","0.2862","2.7107"
"297.3910","0.2861","2.7066"
"297.4110","0.2860","2.7026"
"297.4310","0.2858","2.6985"
"297.4510","0.2857","2.6945"
"297.4710","0.2856","2.6905"
"297.4910","0.2855","2.6865"
"297.5110","0.2853","2.6824"
"297.5310","0.2852","2.6784"
"297.5510","0.2851","2.6743"
"297.5710","0.2850","2.6702"
"297.5910","0.2848","2.6661"
"297.6110","0.2847","2.6621"
"297.6310","0.2846","2.6581"
"297.6510","0.2845","2.6541"
"297.6710","0.2844","2.6501"
"297.6910","0.2842","2.6460"
"297.7110","0.2841","2.6419"
"297.7310","0.2840","2.6379"
"297.7510","0.2839","2.6339"
"297.7710","0.2837","2.6298"
"297.7910","0.2836","2.6259"
"297.8110","0.2835","2.6219"
"297.8310","0.2834","2.6179"
"297.8510","0.2833","2.6140"
"297.8710","0.2831","2.6102"
"297.8910","0.2830","2.6064"
"297.9110","0.2829","2.6025"
"297.9310","0.2828","2.5988"
"297.9510","0.2827","2.5951"
"297.9710","0.2825","2.5913"
"297.9910","0.2824","2.5876"
"298.0110","0.2823","2.5840"
"298.0310","0.2822","2.5801"
"298.0510","0.2821","2.5765"
"298.0710","0.2820","2.5727"
"298.0910","0.2818","2.5689"
"298.1110","0.2817","2.5651"
"298.1310","0.2816","2.5612"
"298.1510","0.2815","2.5574"
"298.1710","0.2814","2.5537"
"298.1910","0.2812","2.5497"
"298.2110","0.2811","2.5458"
"298.2310","0.2810","2.5419"
"298.2510","0.2809","2.5380"
"298.2710","0.2808","2.5340"
"298.2910","0.2806","2.5300"
"298.3110","0.2805","2.5260"
"298.3310","0.2804","2.5221"
"298.3510","0.2803","2.5181"
"298.3710","0.2801","2.5141"
"298.3910","0.2800","2.5100"
"298.4110","0.2799","2.5059"
"298.4310","0.2797","2.5018"
"298.4510","0.2796","2.4977"
"298.4710","0.2795","2.4936"
"298.4910","0.2794","2.4895"
"298.5110","0.2792","2.4854"
"298.5310","0.2791","2.4814"
"298.5510","0.2790","2.4774"
"298.5710","0.2788","2.4733"
"298.5910","0.2787","2.4694"
"298.6110","0.2786","2.4653"
"298.6310","0.2785","2.4612"
"298.6510","0.2783","2.4572"
"298.6710","0.2782","2.4530"
"298.6910","0.2781","2.4489"
"298.7110","0.2779","2.4448"
"298.7310","0.2778","2.4405"
"298.7510","0.2777","2.4363"
"298.7710","0.2775","2.4321"
"298.7910","0.2774","2.4278"
"298.8110","0.2773","2.4236"
"298.8310","0.2771","2.4194"
"298.8510","0.2770","2.4152"
"298.8710","0.2769","2.4110"
"298.8910","0.2767","2.4069"
"298.9110","0.2766","2.4029"
"298.9310","0.2765","2.3989"
"298.9510","0.2763","2.3948"
"298.9710","0.2762","2.3907"
"298.9910","0.2761","2.3868"
"299.0110","0.2759","2.3827"
"299.0310","0.2758","2.3788"
"299.0510","0.2757","2.3747"
"299.0710","0.2756","2.3707"
"299.0910","0.2754","2.3667"
"299.1110","0.2753","2.3626"
"299.1310","0.2752","2.3585"
"299.1510","0.2750","2.3545"
"299.1710","0.2749","2.3504"
"299.1910","0.2748","2.3463"
"299.2110","0.2746","2.3423"
"299.2310","0.2745","2.3382"
"299.2510","0.2744","2.3343"
"299.2710","0.2742","2.3302"
"299.2910","0.2741","2.3261"
"299.3110","0.2740","2.3223"
"299.3310","0.2738","2.3183"
"299.3510","0.2737","2.3143"
"299.3710","0.2736","2.3103"
"299.3910","0.2734","2.3063"
"299.4110","0.2733","2.3023"
"299.4310","0.2732","2.2984"
"299.4510","0.2731","2.2945"
"299.4710","0.2729","2.2906"
"299.4910","0.2728","2.2868"
"299.5110","0.2727","2.2830"
"299.5310","0.2725","2.2792"
"299.5510","0.2724","2.2754"
"299.5710","0.2723","2.2716"
"299.5910","0.2722","2.2678"
"299.6110","0.2720","2.2639"
"299.6310","0.2719","2.2601"
"299.6510","0.2718","2.2563"
"299.6710","0.2716","2.2525"
"299.6910","0.2715","2.2485"
"299.7110","0.2714","2.2447"
"299.7310","0.2713","2.2407"
"299.7510","0.2711","2.2369"
"299.7710","0.2710","2.2328"
"299.7910","0.2709","2.2288"
"299.8110","0.2707","2.2248"
"299.8310","0.2706","2.2206"
"299.8510","0.2704","2.2165"
"299.8710","0.2703","2.2122"
"299.8910","0.2702","2.2079"
"299.9110","0.2700","2.2037"
"299.9310","0.2699","2.1994"
"299.9510","0.2697","2.1951"
"299.9710","0.2696","2.1909"
"299.9910","0.2694","2.1867"
"300.0110","0.2693","2.1825"
"300.0310","0.2692","2.1784"
"300.0510","0.2690","2.1744"
"300.0710","0.2689","2.1704"
"300.0910","0.2687","2.1664"
"300.1110","0.2686","2.1624"
"300.1310","0.2685","2.1585"
"300.1510","0.2683","2.1546"
"300.1710","0.2682","2.1507"
"300.1910","0.2681","2.1467"
"300.2110","0.2679","2.1426"
"300.2310","0.2678","2.1385"
"300.2510","0.2676","2.1344"
"300.2710","0.2675","2.1303"
"300.2910","0.2674","2.1261"
"300.3110","0.2672","2.1219"
"300.3310","0.2671","2.1178"
"300.3510","0.2669","2.1138"
"300.3710","0.2668","2.1096"
"300.3910","0.2666","2.1055"
"300.4110","0.2665","2.1015"
"300.4310","0.2664","2.0975"
"300.4510","0.2662","2.0936"
"300.4710","0.2661","2.0896"
"300.4910","0.2659","2.0856"
"300.5110","0.2658","2.0817"
"300.5310","0.2657","2.0778"
"300.5510","0.2655","2.0738"
"300.5710","0.2654","2.0698"
"300.5910","0.2652","2.0659"
"300.6110","0.2651","2.0619"
"300.6310","0.2650","2.0579"
"300.6510","0.2648","2.0539"
"300.6710","0.2647","2.0499"
"300.6910","0.2645","2.0459"
"300.7110","0.2644","2.0418"
"300.7310","0.2642","2.0379"
"300.7510","0.2641","2.0337"
"300.7710","0.2640","2.0297"
"300.7910","0.2638","2.0255"
"300.8110","0.2637","2.0215"
"300.8310","0.2635","2.0175"
"300.8510","0.2634","2.0133"
"300.8710","0.2632","2.0093"
"300.8910","0.2631","2.0053"
"300.9110","0.2629","2.0013"
"300.9310","0.2628","1.9973"
"300.9510","0.2627","1.9934"
"300.9710","0.2625","1.9895"
"300.9910","0.2624","1.9858"
"301.0110","0.2622","1.9819"
"301.0310","0.2621","1.9781"
"301.0510","0.2620","1.9741"
"301.0710","0.2618","1.9702"
"301.0910","0.2617","1.9663"
"301.1110","0.2615","1.9623"
"301.1310","0.2614","1.9584"
"301.1510","0.2612","1.9543"
"301.1710","0.2611","1.9502"
"301.1910","0.2609","1.9461"
"301.2110","0.2608","1.9419"
"301.2310","0.2606","1.9377"
"301.2510","0.2605","1.9336"
"301.2710","0.2603","1.9294"
"301.2910","0.2602","1.9251"
"301.3110","0.2600","1.9210"
"301.3310","0.2599","1.9168"
"301.3510","0.2597","1.9128"
"301.3710","0.2596","1.9086"
"301.3910","0.2594","1.9047"
"301.4110","0.2593","1.9006"
"301.4310","0.2591","1.8965"
"301.4510","0.2590","1.8927"
"301.4710","0.2588","1.8887"
"301.4910","0.2587","1.8849"
"301.5110","0.2586","1.8811"
"301.5310","0.2584","1.8772"
"301.5510","0.2583","1.8733"
"301.5710","0.2581","1.8694"
"301.5910","0.2580","1.8655"
"301.6110","0.2578","1.8615"
"301.6310","0.2577","1.8575"
"301.6510","0.2575","1.8534"
"301.6710","0.2574","1.8493"
"301.6910","0.2572","1.8453"
"301.7110","0.2571","1.8412"
"301.7310","0.2569","1.8372"
"301.7510","0.2568","1.8332"
"301.7710","0.2566","1.8294"
"301.7910","0.2565","1.8254"
"301.8110","0.2563","1.8216"
"301.8310","0.2562","1.8178"
"301.8510","0.2560","1.8139"
"301.8710","0.2559","1.8100"
"301.8910","0.2558","1.8062"
"301.9110","0.2556","1.8023"
"301.9310","0.2555","1.7984"
"301.9510","0.2553","1.7945"
"301.9710","0.2552","1.7905"
"301.9910","0.2550","1.7864"
"302.0110","0.2549","1.7825"
"302.0310","0.2547","1.7784"
"302.0510","0.2545","1.7743"
"302.0710","0.2544","1.7703"
"302.0910","0.2542","1.7661"
"302.1110","0.2541","1.7621"
"302.1310","0.2539","1.7584"
"302.1510","0.2538","1.7544"
"302.1710","0.2536","1.7503"
"302.1910","0.2535","1.7462"
"302.2110","0.2533","1.7422"
"302.2310","0.2532","1.7384"
"302.2510","0.2530","1.7346"
"302.2710","0.2529","1.7308"
"302.2910","0.2527","1.7268"
"302.3110","0.2526","1.7231"
"302.3310","0.2524","1.7196"
"302.3510","0.2523","1.7160"
"302.3710","0.2521","1.7121"
"302.3910","0.2520","1.7082"
"302.4110","0.2518","1.7044"
"302.4310","0.2517","1.7008"
"302.4510","0.2515","1.6968"
"302.4710","0.2514","1.6928"
"302.4910","0.2512","1.6889"
"302.5110","0.2511","1.6851"
"302.5310","0.2509","1.6812"
"302.5510","0.2508","1.6772"
"302.5710","0.2506","1.6731"
"302.5910","0.2504","1.6691"
"302.6110","0.2503","1.6652"
"302.6310","0.2501","1.6611"
"302.6510","0.2499","1.6568"
"302.6710","0.2498","1.6526"
"302.6910","0.2496","1.6484"
"302.7110","0.2495","1.6444"
"302.7310","0.2493","1.6402"
"302.7510","0.2491","1.6360"
"302.7710","0.2490","1.6320"
"302.7910","0.2488","1.6282"
"302.8110","0.2487","1.6243"
"302.8310","0.2485","1.6204"
"302.8510","0.2483","1.6163"
"302.8710","0.2482","1.6122"
"302.8910","0.2480","1.6083"
"302.9110","0.2478","1.6042"
"302.9310","0.2477","1.6000"
"302.9510","0.2475","1.5957"
"302.9710","0.2474","1.5915"
"302.9910","0.2472","1.5874"
"303.0110","0.2470","1.5831"
"303.0310","0.2468","1.5788"
"303.0510","0.2467","1.5748"
"303.0710","0.2465","1.5708"
"303.0910","0.2463","1.5667"
"303.1110","0.2462","1.5626"
"303.1310","0.2460","1.5585"
"303.1510","0.2458","1.5546"
"303.1710","0.2457","1.5506"
"303.1910","0.2455","1.5467"
"303.2110","0.2453","1.5426"
"303.2310","0.2452","1.5385"
"303.2510","0.2450","1.5345"
"303.2710","0.2449","1.5306"
"303.2910","0.2447","1.5266"
"303.3110","0.2445","1.5225"
"303.3310","0.2444","1.5185"
"303.3510","0.2442","1.5146"
"303.3710","0.2440","1.5106"
"303.3910","0.2439","1.5066"
"303.4110","0.2437","1.5026"
"303.4310","0.2435","1.4985"
"303.4510","0.2434","1.4944"
"303.4710","0.2432","1.4905"
"303.4910","0.2430","1.4865"
"303.5110","0.2429","1.4825"
"303.5310","0.2427","1.4787"
"303.5510","0.2425","1.4749"
"303.5710","0.2424","1.4711"
"303.5910","0.2422","1.4672"
"303.6110","0.2420","1.4633"
"303.6310","0.2419","1.4594"
"303.6510","0.2417","1.4556"
"303.6710","0.2415","1.4516"
"303.6910","0.2414","1.4475"
"303.7110","0.2412","1.4435"
"303.7310","0.2410","1.4396"
"303.7510","0.2409","1.4355"
"303.7710","0.2407","1.4312"
"303.7910","0.2405","1.4270"
"303.8110","0.2403","1.4229"
"303.8310","0.2401","1.4187"
"303.8510","0.2400","1.4143"
"303.8710","0.2398","1.4099"
"303.8910","0.2396","1.4055"
"303.9110","0.2394","1.4012"
"303.9310","0.2392","1.3970"
"303.9510","0.2390","1.3928"
"303.9710","0.2389","1.3887"
"303.9910","0.2387","1.3847"
"304.0110","0.2385","1.3809"
"304.0310","0.2383","1.3769"
"304.0510","0.2382","1.3731"
"304.0710","0.2380","1.3691"
"304.0910","0.2378","1.3652"
"304.1110","0.2376","1.3613"
"304.1310","0.2375","1.3572"
"304.1510","0.2373","1.3530"
"304.1710","0.2371","1.3490"
"304.1910","0.2369","1.3451"
"304.2110","0.2368","1.3411"
"304.2310","0.2366","1.3371"
"304.2510","0.2364","1.3332"
"304.2710","0.2362","1.3294"
"304.2910","0.2361","1.3256"
"304.3110","0.2359","1.3218"
"304.3310","0.2357","1.3180"
"304.3510","0.2355","1.3142"
"304.3710","0.2354","1.3104"
"304.3910","0.2352","1.3066"
"304.4110","0.2350","1.3026"
"304.4310","0.2348","1.2987"
"304.4510","0.2347","1.2946"
"304.4710","0.2345","1.2907"
"304.4910","0.2343","1.2868"
"304.5110","0.2341","1.2829"
"304.5310","0.2340","1.2788"
"304.5510","0.2338","1.2747"
"304.5710","0.2336","1.2707"
"304.5910","0.2334","1.2666"
"304.6110","0.2332","1.2625"
"304.6310","0.2330","1.2583"
"304.6510","0.2328","1.2543"
"304.6710","0.2327","1.2503"
"304.6910","0.2325","1.2463"
"304.7110","0.2323","1.2424"
"304.7310","0.2321","1.2386"
"304.7510","0.2319","1.2347"
"304.7710","0.2318","1.2307"
"304.7910","0.2316","1.2267"
"304.8110","0.2314","1.2227"
"304.8310","0.2312","1.2185"
"304.8510","0.2310","1.2144"
"304.8710","0.2308","1.2101"
"304.8910","0.2306","1.2057"
"304.9110","0.2304","1.2014"
"304.9310","0.2302","1.1971"
"304.9510","0.2300","1.1928"
"304.9710","0.2298","1.1887"
"304.9910","0.2296","1.1844"
"305.0110","0.2294","1.1801"
"305.0310","0.2292","1.1760"
"305.0510","0.2290","1.1720"
"305.0710","0.2288","1.1681"
"305.0910","0.2287","1.1643"
"305.1110","0.2285","1.1605"
"305.1310","0.2283","1.1568"
"305.1510","0.2281","1.1531"
"305.1710","0.2279","1.1494"
"305.1910","0.2278","1.1456"
"305.2110","0.2276","1.1418"
"305.2310","0.2274","1.1378"
"305.2510","0.2272","1.1338"
"305.2710","0.2270","1.1299"
"305.2910","0.2268","1.1259"
"305.3110","0.2266","1.1221"
"305.3310","0.2264","1.1183"
"305.3510","0.2263","1.1144"
"305.3710","0.2261","1.1107"
"305.3910","0.2259","1.1070"
"305.4110","0.2257","1.1034"
"305.4310","0.2255","1.0997"
"305.4510","0.2254","1.0959"
"305.4710","0.2252","1.0920"
"305.4910","0.2250","1.0882"
"305.5110","0.2248","1.0843"
"305.5310","0.2246","1.0802"
"305.5510","0.2244","1.0762"
"305.5710","0.2242","1.0722"
"305.5910","0.2240","1.0681"
"305.6110","0.2238","1.0639"
"305.6310","0.2236","1.0598"
"305.6510","0.2234","1.0555"
"305.6710","0.2232","1.0513"
"305.6910","0.2230","1.0472"
"305.7110","0.2228","1.0431"
"305.7310","0.2226","1.0391"
"305.7510","0.2224","1.0351"
"305.7710","0.2222","1.0310"
"305.7910","0.2220","1.0270"
"305.8110","0.2218","1.0231"
"305.8310","0.2216","1.0192"
"305.8510","0.2214","1.0152"
"305.8710","0.2212","1.0113"
"305.8910","0.2210","1.0073"
"305.9110","0.2208","1.0034"
"305.9290","0.2206","0.9999"

