Time,Displacement,Force
(s),(mm),(kN)
"0.0000","0.0000","-0.0005"
"0.0200","0.0000","-0.0005"
"0.0400","0.0000","-0.0005"
"0.0600","0.0000","-0.0006"
"0.0800","0.0000","-0.0006"
"0.1000","0.0000","-0.0006"
"0.1200","0.0001","-0.0006"
"0.1400","0.0001","-0.0007"
"0.1600","0.0001","-0.0006"
"0.1800","0.0001","-0.0006"
"0.2000","0.0001","-0.0006"
"0.2200","0.0001","-0.0006"
"0.2400","0.0001","-0.0005"
"0.2600","0.0001","-0.0005"
"0.2800","0.0002","-0.0006"
"0.3000","0.0002","-0.0006"
"0.3200","0.0002","-0.0006"
"0.3400","0.0002","-0.0005"
"0.3600","0.0003","-0.0005"
"0.3800","0.0003","-0.0004"
"0.4000","0.0003","-0.0005"
"0.4200","0.0003","-0.0005"
"0.4400","0.0004","-0.0005"
"0.4600","0.0004","-0.0004"
"0.4800","0.0005","-0.0005"
"0.5000","0.0005","-0.0006"
"0.5200","0.0006","-0.0004"
"0.5400","0.0007","-0.0002"
"0.5600","0.0009","-0.0001"
"0.5800","0.0010","0.0000"
"0.6000","0.0012","0.0002"
"0.6200","0.0015","0.0003"
"0.6400","0.0017","0.0006"
"0.6600","0.0020","0.0009"
"0.6800","0.0024","0.0011"
"0.7000","0.0028","0.0014"
"0.7200","0.0033","0.0018"
"0.7400","0.0039","0.0023"
"0.7600","0.0046","0.0029"
"0.7800","0.0054","0.0035"
"0.8000","0.0063","0.0040"
"0.8200","0.0072","0.0045"
"0.8400","0.0081","0.0049"
"0.8600","0.0090","0.0054"
"0.8800","0.0100","0.0058"
"0.9000","0.0111","0.0063"
"0.9200","0.0123","0.0069"
"0.9400","0.0137","0.0075"
"0.9600","0.0152","0.0080"
"0.9800","0.0168","0.0084"
"1.0000","0.0184","0.0087"
"1.0200","0.0200","0.0091"
"1.0400","0.0219","0.0097"
"1.0600","0.0239","0.0100"
"1.0800","0.0260","0.0104"
"1.1000","0.0281","0.0108"
"1.1200","0.0302","0.0112"
"1.1400","0.0325","0.0117"
"1.1600","0.0349","0.0121"
"1.1800","0.0375","0.0126"
"1.2000","0.0402","0.0131"
"1.2200","0.0431","0.0137"
"1.2400","0.0461","0.0143"
"1.2600","0.0492","0.0148"
"1.2800","0.0524","0.0152"
"1.3000","0.0557","0.0158"
"1.3200","0.0591","0.0163"
"1.3400","0.0626","0.0169"
"1.3600","0.0662","0.0176"
"1.3800","0.0699","0.0184"
"1.4000","0.0738","0.0192"
"1.4200","0.0779","0.0201"
"1.4400","0.0820","0.0209"
"1.4600","0.0862","0.0217"
"1.4800","0.0904","0.0224"
"1.5000","0.0946","0.0233"
"1.5200","0.0990","0.0242"
"1.5400","0.1035","0.0254"
"1.5600","0.1081","0.0265"
"1.5800","0.1128","0.0276"
"1.6000","0.1175","0.0288"
"1.6200","0.1223","0.0299"
"1.6400","0.1271","0.0311"
"1.6600","0.1321","0.0322"
"1.6800","0.1372","0.0334"
"1.7000","0.1423","0.0348"
"1.7200","0.1475","0.0366"
"1.7400","0.1526","0.0385"
"1.7600","0.1577","0.0406"
"1.7800","0.1628","0.0429"
"1.8000","0.1680","0.0454"
"1.8200","0.1731","0.0481"
"1.8400","0.1782","0.0509"
"1.8600","0.1832","0.0534"
"1.8800","0.1881","0.0563"
"1.9000","0.1930","0.0596"
"1.9200","0.1979","0.0629"
"1.9400","0.2026","0.0662"
"1.9600","0.2072","0.0698"
"1.9800","0.2115","0.0734"
"2.0000","0.2157","0.0770"
"2.0200","0.2197","0.0809"
"2.0400","0.2236","0.0848"
"2.0600","0.2274","0.0886"
"2.0800","0.2309","0.0923"
"2.1000","0.2342","0.0960"
"2.1200","0.2373","0.0998"
"2.1400","0.2403","0.1034"
"2.1600","0.2429","0.1066"
"2.1800","0.2454","0.1100"
"2.2000","0.2478","0.1135"
"2.2200","0.2501","0.1166"
"2.2400","0.2522","0.1196"
"2.2600","0.2542","0.1226"
"2.2800","0.2561","0.1256"
"2.3000","0.2578","0.1282"
"2.3200","0.2593","0.1302"
"2.3400","0.2606","0.1318"
"2.3600","0.2619","0.1339"
"2.3800","0.2632","0.1361"
"2.4000","0.2643","0.1380"
"2.4200","0.2654","0.1395"
"2.4400","0.2663","0.1408"
"2.4600","0.2671","0.1416"
"2.4800","0.2679","0.1426"
"2.5000","0.2686","0.1433"
"2.5200","0.2692","0.1441"
"2.5400","0.2698","0.1448"
"2.5600","0.2704","0.1455"
"2.5800","0.2710","0.1462"
"2.6000","0.2715","0.1471"
"2.6200","0.2721","0.1480"
"2.6400","0.2726","0.1487"
"2.6600","0.2731","0.1492"
"2.6800","0.2735","0.1495"
"2.7000","0.2739","0.1497"
"2.7200","0.2743","0.1501"
"2.7400","0.2746","0.1508"
"2.7600","0.2750","0.1513"
"2.7800","0.2754","0.1520"
"2.8000","0.2758","0.1526"
"2.8200","0.2762","0.1531"
"2.8400","0.2765","0.1538"
"2.8600","0.2769","0.1546"
"2.8800","0.2773","0.1555"
"2.9000","0.2777","0.1565"
"2.9200","0.2781","0.1575"
"2.9400","0.2786","0.1585"
"2.9600","0.2789","0.1593"
"2.9800","0.2793","0.1599"
"3.0000","0.2797","0.1606"
"3.0200","0.2800","0.1612"
"3.0400","0.2804","0.1617"
"3.0600","0.2807","0.1624"
"3.0800","0.2810","0.1631"
"3.1000","0.2814","0.1638"
"3.1200","0.2817","0.1647"
"3.1400","0.2820","0.1654"
"3.1600","0.2824","0.1662"
"3.1800","0.2827","0.1668"
"3.2000","0.2830","0.1673"
"3.2200","0.2833","0.1678"
"3.2400","0.2836","0.1681"
"3.2600","0.2838","0.1686"
"3.2800","0.2841","0.1690"
"3.3000","0.2844","0.1697"
"3.3200","0.2846","0.1704"
"3.3400","0.2849","0.1711"
"3.3600","0.2852","0.1720"
"3.3800","0.2855","0.1729"
"3.4000","0.2859","0.1738"
"3.4200","0.2862","0.1746"
"3.4400","0.2865","0.1755"
"3.4600","0.2868","0.1764"
"3.4800","0.2871","0.1773"
"3.5000","0.2874","0.1782"
"3.5200","0.2878","0.1792"
"3.5400","0.2881","0.1801"
"3.5600","0.2884","0.1809"
"3.5800","0.2887","0.1817"
"3.6000","0.2890","0.1824"
"3.6200","0.2893","0.1829"
"3.6400","0.2895","0.1834"
"3.6600","0.2898","0.1839"
"3.6800","0.2900","0.1844"
"3.7000","0.2903","0.1849"
"3.7200","0.2905","0.1855"
"3.7400","0.2907","0.1861"
"3.7600","0.2910","0.1868"
"3.7800","0.2913","0.1877"
"3.8000","0.2915","0.1885"
"3.8200","0.2918","0.1894"
"3.8400","0.2921","0.1903"
"3.8600","0.2924","0.1912"
"3.8800","0.2927","0.1921"
"3.9000","0.2929","0.1929"
"3.9200","0.2932","0.1937"
"3.9400","0.2935","0.1945"
"3.9600","0.2937","0.1952"
"3.9800","0.2940","0.1962"
"4.0000","0.2943","0.1974"
"4.0200","0.2947","0.1986"
"4.0400","0.2950","0.2000"
"4.0600","0.2954","0.2014"
"4.0800","0.2957","0.2027"
"4.1000","0.2960","0.2038"
"4.1200","0.2963","0.2049"
"4.1400","0.2967","0.2059"
"4.1600","0.2970","0.2068"
"4.1800","0.2973","0.2078"
"4.2000","0.2976","0.2089"
"4.2200","0.2979","0.2098"
"4.2400","0.2982","0.2107"
"4.2600","0.2985","0.2115"
"4.2800","0.2987","0.2124"
"4.3000","0.2990","0.2130"
"4.3200","0.2993","0.2137"
"4.3400","0.2995","0.2144"
"4.3600","0.2997","0.2150"
"4.3800","0.3000","0.2156"
"4.4000","0.3002","0.2162"
"4.4200","0.3004","0.2170"
"4.4400","0.3007","0.2178"
"4.4600","0.3009","0.2187"
"4.4800","0.3012","0.2198"
"4.5000","0.3015","0.2210"
"4.5200","0.3018","0.2219"
"4.5400","0.3020","0.2231"
"4.5600","0.3023","0.2243"
"4.5800","0.3026","0.2255"
"4.6000","0.3029","0.2266"
"4.6200","0.3032","0.2276"
"4.6400","0.3035","0.2285"
"4.6600","0.3037","0.2293"
"4.6800","0.3040","0.2302"
"4.7000","0.3043","0.2313"
"4.7200","0.3045","0.2325"
"4.7400","0.3048","0.2337"
"4.7600","0.3051","0.2349"
"4.7800","0.3054","0.2362"
"4.8000","0.3057","0.2374"
"4.8200","0.3060","0.2385"
"4.8400","0.3063","0.2397"
"4.8600","0.3066","0.2408"
"4.8800","0.3069","0.2419"
"4.9000","0.3072","0.2431"
"4.9200","0.3075","0.2443"
"4.9400","0.3078","0.2455"
"4.9600","0.3081","0.2467"
"4.9800","0.3084","0.2479"
"5.0000","0.3086","0.2489"
"5.0200","0.3089","0.2500"
"5.0400","0.3092","0.2510"
"5.0600","0.3095","0.2519"
"5.0800","0.3097","0.2528"
"5.1000","0.3100","0.2536"
"5.1200","0.3102","0.2544"
"5.1400","0.3104","0.2552"
"5.1600","0.3107","0.2561"
"5.1800","0.3109","0.2570"
"5.2000","0.3112","0.2581"
"5.2200","0.3114","0.2591"
"5.2400","0.3117","0.2602"
"5.2600","0.3119","0.2613"
"5.2800","0.3122","0.2626"
"5.3000","0.3125","0.2638"
"5.3200","0.3127","0.2650"
"5.3400","0.3130","0.2660"
"5.3600","0.3132","0.2669"
"5.3800","0.3135","0.2677"
"5.4000","0.3137","0.2685"
"5.4200","0.3139","0.2694"
"5.4400","0.3142","0.2702"
"5.4600","0.3144","0.2713"
"5.4800","0.3146","0.2726"
"5.5000","0.3149","0.2738"
"5.5200","0.3152","0.2750"
"5.5400","0.3154","0.2763"
"5.5600","0.3157","0.2774"
"5.5800","0.3159","0.2785"
"5.6000","0.3162","0.2795"
"5.6200","0.3164","0.2806"
"5.6400","0.3167","0.2818"
"5.6600","0.3169","0.2829"
"5.6800","0.3172","0.2841"
"5.7000","0.3174","0.2853"
"5.7200","0.3177","0.2864"
"5.7400","0.3179","0.2875"
"5.7600","0.3181","0.2886"
"5.7800","0.3184","0.2897"
"5.8000","0.3186","0.2906"
"5.8200","0.3188","0.2914"
"5.8400","0.3190","0.2922"
"5.8600","0.3192","0.2929"
"5.8800","0.3194","0.2935"
"5.9000","0.3196","0.2942"
"5.9200","0.3198","0.2947"
"5.9400","0.3200","0.2953"
"5.9600","0.3202","0.2960"
"5.9800","0.3203","0.2966"
"6.0000","0.3205","0.2974"
"6.0200","0.3207","0.2982"
"6.0400","0.3209","0.2991"
"6.0600","0.3211","0.3001"
"6.0800","0.3213","0.3012"
"6.1000","0.3215","0.3022"
"6.1200","0.3217","0.3033"
"6.1400","0.3219","0.3046"
"6.1600","0.3222","0.3057"
"6.1800","0.3224","0.3069"
"6.2000","0.3226","0.3081"
"6.2200","0.3228","0.3091"
"6.2400","0.3230","0.3101"
"6.2600","0.3232","0.3109"
"6.2800","0.3234","0.3119"
"6.3000","0.3236","0.3127"
"6.3200","0.3238","0.3135"
"6.3400","0.3240","0.3144"
"6.3600","0.3242","0.3154"
"6.3800","0.3244","0.3166"
"6.4000","0.3246","0.3177"
"6.4200","0.3248","0.3191"
"6.4400","0.3250","0.3205"
"6.4600","0.3253","0.3218"
"6.4800","0.3255","0.3231"
"6.5000","0.3257","0.3244"
"6.5200","0.3259","0.3256"
"6.5400","0.3262","0.3268"
"6.5600","0.3264","0.3278"
"6.5800","0.3266","0.3288"
"6.6000","0.3268","0.3298"
"6.6200","0.3270","0.3308"
"6.6400","0.3272","0.3317"
"6.6600","0.3274","0.3326"
"6.6800","0.3276","0.3337"
"6.7000","0.3277","0.3346"
"6.7200","0.3279","0.3353"
"6.7400","0.3281","0.3361"
"6.7600","0.3283","0.3368"
"6.7800","0.3285","0.3377"
"6.8000","0.3286","0.3384"
"6.8200","0.3288","0.3392"
"6.8400","0.3289","0.3399"
"6.8600","0.3291","0.3405"
"6.8800","0.3293","0.3411"
"6.9000","0.3294","0.3417"
"6.9200","0.3296","0.3423"
"6.9400","0.3297","0.3430"
"6.9600","0.3298","0.3437"
"6.9800","0.3300","0.3443"
"7.0000","0.3301","0.3450"
"7.0200","0.3303","0.3458"
"7.0400","0.3304","0.3466"
"7.0600","0.3306","0.3474"
"7.0800","0.3308","0.3483"
"7.1000","0.3309","0.3494"
"7.1200","0.3311","0.3504"
"7.1400","0.3313","0.3514"
"7.1600","0.3314","0.3525"
"7.1800","0.3316","0.3536"
"7.2000","0.3318","0.3547"
"7.2200","0.3320","0.3559"
"7.2400","0.3322","0.3572"
"7.2600","0.3324","0.3584"
"7.2800","0.3326","0.3596"
"7.3000","0.3327","0.3608"
"7.3200","0.3329","0.3620"
"7.3400","0.3331","0.3631"
"7.3600","0.3333","0.3641"
"7.3800","0.3335","0.3651"
"7.4000","0.3336","0.3662"
"7.4200","0.3338","0.3673"
"7.4400","0.3340","0.3684"
"7.4600","0.3342","0.3695"
"7.4800","0.3344","0.3709"
"7.5000","0.3346","0.3724"
"7.5200","0.3348","0.3736"
"7.5400","0.3350","0.3751"
"7.5600","0.3352","0.3765"
"7.5800","0.3354","0.3778"
"7.6000","0.3356","0.3790"
"7.6200","0.3358","0.3801"
"7.6400","0.3360","0.3810"
"7.6600","0.3361","0.3820"
"7.6800","0.3363","0.3831"
"7.7000","0.3365","0.3840"
"7.7200","0.3367","0.3849"
"7.7400","0.3368","0.3859"
"7.7600","0.3370","0.3868"
"7.7800","0.3372","0.3876"
"7.8000","0.3373","0.3886"
"7.8200","0.3375","0.3895"
"7.8400","0.3376","0.3904"
"7.8600","0.3378","0.3913"
"7.8800","0.3380","0.3922"
"7.9000","0.3381","0.3931"
"7.9200","0.3383","0.3939"
"7.9400","0.3384","0.3948"
"7.9600","0.3386","0.3956"
"7.9800","0.3387","0.3967"
"8.0000","0.3389","0.3976"
"8.0200","0.3390","0.3985"
"8.0400","0.3392","0.3992"
"8.0600","0.3393","0.4001"
"8.0800","0.3395","0.4009"
"8.1000","0.3396","0.4018"
"8.1200","0.3397","0.4026"
"8.1400","0.3399","0.4035"
"8.1600","0.3400","0.4043"
"8.1800","0.3402","0.4051"
"8.2000","0.3403","0.4060"
"8.2200","0.3405","0.4071"
"8.2400","0.3406","0.4081"
"8.2600","0.3408","0.4092"
"8.2800","0.3410","0.4105"
"8.3000","0.3411","0.4118"
"8.3200","0.3413","0.4130"
"8.3400","0.3415","0.4143"
"8.3600","0.3417","0.4158"
"8.3800","0.3419","0.4173"
"8.4000","0.3420","0.4189"
"8.4200","0.3422","0.4203"
"8.4400","0.3424","0.4218"
"8.4600","0.3426","0.4231"
"8.4800","0.3428","0.4244"
"8.5000","0.3430","0.4256"
"8.5200","0.3431","0.4267"
"8.5400","0.3433","0.4275"
"8.5600","0.3435","0.4284"
"8.5800","0.3436","0.4294"
"8.6000","0.3438","0.4303"
"8.6200","0.3439","0.4311"
"8.6400","0.3441","0.4319"
"8.6600","0.3442","0.4328"
"8.6800","0.3444","0.4338"
"8.7000","0.3445","0.4347"
"8.7200","0.3446","0.4356"
"8.7400","0.3448","0.4367"
"8.7600","0.3450","0.4377"
"8.7800","0.3451","0.4387"
"8.8000","0.3453","0.4397"
"8.8200","0.3454","0.4407"
"8.8400","0.3455","0.4417"
"8.8600","0.3457","0.4425"
"8.8800","0.3458","0.4434"
"8.9000","0.3460","0.4442"
"8.9200","0.3461","0.4450"
"8.9400","0.3462","0.4458"
"8.9600","0.3464","0.4465"
"8.9800","0.3465","0.4474"
"9.0000","0.3466","0.4482"
"9.0200","0.3468","0.4489"
"9.0400","0.3469","0.4498"
"9.0600","0.3470","0.4506"
"9.0800","0.3471","0.4514"
"9.1000","0.3473","0.4523"
"9.1200","0.3474","0.4532"
"9.1400","0.3475","0.4542"
"9.1600","0.3477","0.4551"
"9.1800","0.3478","0.4561"
"9.2000","0.3479","0.4571"
"9.2200","0.3481","0.4580"
"9.2400","0.3482","0.4590"
"9.2600","0.3484","0.4601"
"9.2800","0.3485","0.4612"
"9.3000","0.3486","0.4621"
"9.3200","0.3488","0.4632"
"9.3400","0.3489","0.4642"
"9.3600","0.3491","0.4652"
"9.3800","0.3492","0.4662"
"9.4000","0.3493","0.4671"
"9.4200","0.3495","0.4680"
"9.4400","0.3496","0.4690"
"9.4600","0.3497","0.4699"
"9.4800","0.3499","0.4708"
"9.5000","0.3500","0.4717"
"9.5200","0.3501","0.4727"
"9.5400","0.3503","0.4736"
"9.5600","0.3504","0.4746"
"9.5800","0.3505","0.4757"
"9.6000","0.3507","0.4768"
"9.6200","0.3508","0.4779"
"9.6400","0.3510","0.4789"
"9.6600","0.3511","0.4802"
"9.6800","0.3513","0.4814"
"9.7000","0.3514","0.4825"
"9.7200","0.3516","0.4838"
"9.7400","0.3517","0.4849"
"9.7600","0.3519","0.4861"
"9.7800","0.3520","0.4873"
"9.8000","0.3521","0.4884"
"9.8200","0.3523","0.4895"
"9.8400","0.3524","0.4907"
"9.8600","0.3526","0.4918"
"9.8800","0.3527","0.4928"
"9.9000","0.3529","0.4937"
"9.9200","0.3530","0.4946"
"9.9400","0.3531","0.4955"
"9.9600","0.3533","0.4964"
"9.9800","0.3534","0.4973"
"10.0000","0.3535","0.4981"
"10.0200","0.3536","0.4989"
"10.0400","0.3537","0.4997"
"10.0600","0.3539","0.5005"
"10.0800","0.3540","0.5014"
"10.1000","0.3541","0.5023"
"10.1200","0.3542","0.5032"
"10.1400","0.3544","0.5042"
"10.1600","0.3545","0.5052"
"10.1800","0.3546","0.5063"
"10.2000","0.3548","0.5074"
"10.2200","0.3549","0.5085"
"10.2400","0.3550","0.5095"
"10.2600","0.3552","0.5105"
"10.2800","0.3553","0.5115"
"10.3000","0.3554","0.5127"
"10.3200","0.3556","0.5137"
"10.3400","0.3557","0.5146"
"10.3600","0.3558","0.5155"
"10.3800","0.3560","0.5166"
"10.4000","0.3561","0.5175"
"10.4200","0.3562","0.5184"
"10.4400","0.3563","0.5193"
"10.4600","0.3565","0.5202"
"10.4800","0.3566","0.5213"
"10.5000","0.3567","0.5222"
"10.5200","0.3568","0.5232"
"10.5400","0.3570","0.5242"
"10.5600","0.3571","0.5254"
"10.5800","0.3572","0.5265"
"10.6000","0.3574","0.5276"
"10.6200","0.3575","0.5286"
"10.6400","0.3576","0.5297"
"10.6600","0.3578","0.5310"
"10.6800","0.3579","0.5321"
"10.7000","0.3581","0.5331"
"10.7200","0.3582","0.5342"
"10.7400","0.3583","0.5353"
"10.7600","0.3584","0.5364"
"10.7800","0.3586","0.5374"
"10.8000","0.3587","0.5385"
"10.8200","0.3588","0.5395"
"10.8400","0.3590","0.5405"
"10.8600","0.3591","0.5415"
"10.8800","0.3592","0.5425"
"10.9000","0.3594","0.5433"
"10.9200","0.3595","0.5442"
"10.9400","0.3596","0.5452"
"10.9600","0.3597","0.5461"
"10.9800","0.3598","0.5469"
"11.0000","0.3600","0.5477"
"11.0200","0.3601","0.5485"
"11.0400","0.3602","0.5493"
"11.0600","0.3603","0.5502"
"11.0800","0.3604","0.5510"
"11.1000","0.3605","0.5519"
"11.1200","0.3607","0.5528"
"11.1400","0.3608","0.5538"
"11.1600","0.3609","0.5547"
"11.1800","0.3610","0.5558"
"11.2000","0.3611","0.5569"
"11.2200","0.3613","0.5579"
"11.2400","0.3614","0.5588"
"11.2600","0.3615","0.5600"
"11.2800","0.3617","0.5611"
"11.3000","0.3618","0.5622"
"11.3200","0.3619","0.5633"
"11.3400","0.3620","0.5643"
"11.3600","0.3622","0.5654"
"11.3800","0.3623","0.5665"
"11.4000","0.3624","0.5676"
"11.4200","0.3625","0.5686"
"11.4400","0.3627","0.5696"
"11.4600","0.3628","0.5706"
"11.4800","0.3629","0.5716"
"11.5000","0.3630","0.5725"
"11.5200","0.3632","0.5732"
"11.5400","0.3633","0.5741"
"11.5600","0.3634","0.5750"
"11.5800","0.3635","0.5758"
"11.6000","0.3636","0.5766"
"11.6200","0.3637","0.5775"
"11.6400","0.3638","0.5783"
"11.6600","0.3640","0.5792"
"11.6800","0.3641","0.5800"
"11.7000","0.3642","0.5809"
"11.7200","0.3643","0.5819"
"11.7400","0.3644","0.5829"
"11.7600","0.3645","0.5840"
"11.7800","0.3647","0.5851"
"11.8000","0.3648","0.5862"
"11.8200","0.3649","0.5874"
"11.8400","0.3651","0.5886"
"11.8600","0.3652","0.5898"
"11.8800","0.3653","0.5910"
"11.9000","0.3655","0.5923"
"11.9200","0.3656","0.5936"
"11.9400","0.3657","0.5947"
"11.9600","0.3659","0.5959"
"11.9800","0.3660","0.5972"
"12.0000","0.3662","0.5984"
"12.0200","0.3663","0.5995"
"12.0400","0.3664","0.6006"
"12.0600","0.3665","0.6018"
"12.0800","0.3667","0.6029"
"12.1000","0.3668","0.6040"
"12.1200","0.3669","0.6050"
"12.1400","0.3671","0.6062"
"12.1600","0.3672","0.6073"
"12.1800","0.3674","0.6085"
"12.2000","0.3675","0.6097"
"12.2200","0.3676","0.6109"
"12.2400","0.3678","0.6121"
"12.2600","0.3679","0.6132"
"12.2800","0.3680","0.6143"
"12.3000","0.3682","0.6153"
"12.3200","0.3683","0.6164"
"12.3400","0.3684","0.6175"
"12.3600","0.3686","0.6186"
"12.3800","0.3687","0.6196"
"12.4000","0.3688","0.6207"
"12.4200","0.3689","0.6217"
"12.4400","0.3691","0.6226"
"12.4600","0.3692","0.6236"
"12.4800","0.3693","0.6245"
"12.5000","0.3694","0.6253"
"12.5200","0.3696","0.6262"
"12.5400","0.3697","0.6271"
"12.5600","0.3698","0.6278"
"12.5800","0.3699","0.6286"
"12.6000","0.3700","0.6295"
"12.6200","0.3701","0.6303"
"12.6400","0.3702","0.6310"
"12.6600","0.3703","0.6318"
"12.6800","0.3705","0.6327"
"12.7000","0.3706","0.6336"
"12.7200","0.3707","0.6345"
"12.7400","0.3708","0.6354"
"12.7600","0.3709","0.6363"
"12.7800","0.3710","0.6372"
"12.8000","0.3712","0.6383"
"12.8200","0.3713","0.6393"
"12.8400","0.3714","0.6403"
"12.8600","0.3715","0.6414"
"12.8800","0.3717","0.6425"
"12.9000","0.3718","0.6436"
"12.9200","0.3719","0.6447"
"12.9400","0.3720","0.6457"
"12.9600","0.3722","0.6469"
"12.9800","0.3723","0.6480"
"13.0000","0.3724","0.6491"
"13.0200","0.3726","0.6501"
"13.0400","0.3727","0.6512"
"13.0600","0.3728","0.6522"
"13.0800","0.3729","0.6533"
"13.1000","0.3731","0.6543"
"13.1200","0.3732","0.6552"
"13.1400","0.3733","0.6560"
"13.1600","0.3734","0.6568"
"13.1800","0.3735","0.6577"
"13.2000","0.3737","0.6587"
"13.2200","0.3738","0.6595"
"13.2400","0.3739","0.6604"
"13.2600","0.3740","0.6614"
"13.2800","0.3741","0.6623"
"13.3000","0.3742","0.6632"
"13.3200","0.3744","0.6643"
"13.3400","0.3745","0.6653"
"13.3600","0.3746","0.6665"
"13.3800","0.3748","0.6678"
"13.4000","0.3749","0.6690"
"13.4200","0.3750","0.6702"
"13.4400","0.3752","0.6715"
"13.4600","0.3753","0.6727"
"13.4800","0.3754","0.6738"
"13.5000","0.3756","0.6750"
"13.5200","0.3757","0.6761"
"13.5400","0.3758","0.6771"
"13.5600","0.3760","0.6781"
"13.5800","0.3761","0.6791"
"13.6000","0.3762","0.6801"
"13.6200","0.3763","0.6811"
"13.6400","0.3765","0.6820"
"13.6600","0.3766","0.6830"
"13.6800","0.3767","0.6840"
"13.7000","0.3768","0.6850"
"13.7200","0.3770","0.6859"
"13.7400","0.3771","0.6869"
"13.7600","0.3772","0.6879"
"13.7800","0.3773","0.6889"
"13.8000","0.3775","0.6898"
"13.8200","0.3776","0.6908"
"13.8400","0.3777","0.6917"
"13.8600","0.3778","0.6927"
"13.8800","0.3780","0.6937"
"13.9000","0.3781","0.6947"
"13.9200","0.3782","0.6956"
"13.9400","0.3783","0.6965"
"13.9600","0.3785","0.6975"
"13.9800","0.3786","0.6984"
"14.0000","0.3787","0.6993"
"14.0200","0.3788","0.7002"
"14.0400","0.3790","0.7011"
"14.0600","0.3791","0.7020"
"14.0800","0.3792","0.7029"
"14.1000","0.3793","0.7038"
"14.1200","0.3794","0.7046"
"14.1400","0.3796","0.7054"
"14.1600","0.3797","0.7062"
"14.1800","0.3798","0.7069"
"14.2000","0.3799","0.7077"
"14.2200","0.3800","0.7085"
"14.2400","0.3801","0.7093"
"14.2600","0.3802","0.7101"
"14.2800","0.3804","0.7109"
"14.3000","0.3805","0.7118"
"14.3200","0.3806","0.7127"
"14.3400","0.3807","0.7136"
"14.3600","0.3808","0.7147"
"14.3800","0.3810","0.7156"
"14.4000","0.3811","0.7166"
"14.4200","0.3812","0.7178"
"14.4400","0.3813","0.7189"
"14.4600","0.3815","0.7200"
"14.4800","0.3816","0.7213"
"14.5000","0.3817","0.7224"
"14.5200","0.3819","0.7236"
"14.5400","0.3820","0.7247"
"14.5600","0.3821","0.7260"
"14.5800","0.3823","0.7272"
"14.6000","0.3824","0.7282"
"14.6200","0.3826","0.7294"
"14.6400","0.3827","0.7305"
"14.6600","0.3828","0.7315"
"14.6800","0.3830","0.7326"
"14.7000","0.3831","0.7335"
"14.7200","0.3832","0.7344"
"14.7400","0.3834","0.7354"
"14.7600","0.3835","0.7362"
"14.7800","0.3836","0.7371"
"14.8000","0.3837","0.7380"
"14.8200","0.3839","0.7389"
"14.8400","0.3840","0.7398"
"14.8600","0.3841","0.7406"
"14.8800","0.3842","0.7416"
"14.9000","0.3844","0.7426"
"14.9200","0.3845","0.7437"
"14.9400","0.3846","0.7448"
"14.9600","0.3848","0.7458"
"14.9800","0.3849","0.7470"
"15.0000","0.3851","0.7481"
"15.0200","0.3852","0.7493"
"15.0400","0.3853","0.7505"
"15.0600","0.3855","0.7516"
"15.0800","0.3856","0.7527"
"15.1000","0.3857","0.7538"
"15.1200","0.3859","0.7548"
"15.1400","0.3860","0.7558"
"15.1600","0.3862","0.7568"
"15.1800","0.3863","0.7577"
"15.2000","0.3864","0.7586"
"15.2200","0.3866","0.7596"
"15.2400","0.3867","0.7606"
"15.2600","0.3868","0.7615"
"15.2800","0.3870","0.7623"
"15.3000","0.3871","0.7633"
"15.3200","0.3872","0.7643"
"15.3400","0.3874","0.7654"
"15.3600","0.3875","0.7664"
"15.3800","0.3876","0.7673"
"15.4000","0.3878","0.7682"
"15.4200","0.3879","0.7693"
"15.4400","0.3880","0.7703"
"15.4600","0.3882","0.7712"
"15.4800","0.3883","0.7722"
"15.5000","0.3884","0.7732"
"15.5200","0.3886","0.7740"
"15.5400","0.3887","0.7749"
"15.5600","0.3888","0.7759"
"15.5800","0.3890","0.7769"
"15.6000","0.3891","0.7779"
"15.6200","0.3892","0.7788"
"15.6400","0.3894","0.7795"
"15.6600","0.3895","0.7804"
"15.6800","0.3896","0.7813"
"15.7000","0.3897","0.7821"
"15.7200","0.3899","0.7829"
"15.7400","0.3900","0.7837"
"15.7600","0.3901","0.7845"
"15.7800","0.3902","0.7854"
"15.8000","0.3904","0.7861"
"15.8200","0.3905","0.7870"
"15.8400","0.3906","0.7878"
"15.8600","0.3908","0.7887"
"15.8800","0.3909","0.7897"
"15.9000","0.3910","0.7906"
"15.9200","0.3912","0.7916"
"15.9400","0.3913","0.7927"
"15.9600","0.3914","0.7937"
"15.9800","0.3916","0.7947"
"16.0000","0.3917","0.7957"
"16.0200","0.3918","0.7967"
"16.0400","0.3920","0.7978"
"16.0600","0.3921","0.7990"
"16.0790","0.3923","0.8000"
"16.0800","0.3923","0.8001"
"16.0810","0.3923","0.8001"
"16.1010","0.3924","0.8011"
"16.1210","0.3925","0.8017"
"16.1410","0.3926","0.8016"
"16.1610","0.3927","0.8010"
"16.1810","0.3927","0.8002"
"16.2010","0.3928","0.7995"
"16.2210","0.3928","0.7987"
"16.2410","0.3929","0.7978"
"16.2610","0.3929","0.7970"
"16.2810","0.3930","0.7962"
"16.3010","0.3930","0.7952"
"16.3210","0.3930","0.7943"
"16.3410","0.3930","0.7935"
"16.3610","0.3931","0.7925"
"16.3810","0.3931","0.7916"
"16.4010","0.3931","0.7907"
"16.4210","0.3931","0.7898"
"16.4410","0.3931","0.7890"
"16.4610","0.3931","0.7881"
"16.4810","0.3931","0.7872"
"16.5010","0.3932","0.7863"
"16.5210","0.3932","0.7854"
"16.5410","0.3932","0.7846"
"16.5610","0.3932","0.7837"
"16.5810","0.3932","0.7828"
"16.6010","0.3932","0.7820"
"16.6210","0.3932","0.7811"
"16.6410","0.3932","0.7802"
"16.6610","0.3932","0.7793"
"16.6810","0.3932","0.7786"
"16.7010","0.3932","0.7778"
"16.7210","0.3932","0.7770"
"16.7410","0.3932","0.7761"
"16.7610","0.3932","0.7753"
"16.7810","0.3932","0.7745"
"16.8010","0.3932","0.7737"
"16.8210","0.3932","0.7731"
"16.8410","0.3932","0.7724"
"16.8610","0.3932","0.7717"
"16.8810","0.3932","0.7710"
"16.9010","0.3932","0.7702"
"16.9210","0.3931","0.7696"
"16.9410","0.3931","0.7689"
"16.9610","0.3931","0.7682"
"16.9810","0.3931","0.7675"
"17.0010","0.3931","0.7669"
"17.0210","0.3931","0.7662"
"17.0410","0.3931","0.7655"
"17.0610","0.3931","0.7650"
"17.0810","0.3931","0.7643"
"17.1010","0.3931","0.7637"
"17.1210","0.3931","0.7631"
"17.1410","0.3931","0.7624"
"17.1610","0.3931","0.7617"
"17.1810","0.3931","0.7612"
"17.2010","0.3931","0.7606"
"17.2210","0.3930","0.7600"
"17.2410","0.3930","0.7594"
"17.2610","0.3930","0.7588"
"17.2810","0.3930","0.7582"
"17.3010","0.3930","0.7575"
"17.3210","0.3930","0.7569"
"17.3410","0.3930","0.7563"
"17.3610","0.3930","0.7558"
"17.3810","0.3930","0.7551"
"17.4010","0.3929","0.7545"
"17.4210","0.3929","0.7539"
"17.4410","0.3929","0.7532"
"17.4610","0.3929","0.7525"
"17.4810","0.3929","0.7520"
"17.5010","0.3929","0.7514"
"17.5210","0.3929","0.7507"
"17.5410","0.3928","0.7500"
"17.5610","0.3928","0.7492"
"17.5810","0.3928","0.7486"
"17.6010","0.3928","0.7479"
"17.6210","0.3928","0.7472"
"17.6410","0.3928","0.7465"
"17.6610","0.3927","0.7457"
"17.6810","0.3927","0.7450"
"17.7010","0.3927","0.7443"
"17.7210","0.3927","0.7436"
"17.7410","0.3926","0.7428"
"17.7610","0.3926","0.7421"
"17.7810","0.3926","0.7412"
"17.8010","0.3926","0.7404"
"17.8210","0.3926","0.7396"
"17.8410","0.3925","0.7389"
"17.8610","0.3925","0.7381"
"17.8810","0.3925","0.7373"
"17.9010","0.3925","0.7364"
"17.9210","0.3924","0.7355"
"17.9410","0.3924","0.7347"
"17.9610","0.3924","0.7339"
"17.9810","0.3923","0.7331"
"18.0010","0.3923","0.7322"
"18.0210","0.3923","0.7313"
"18.0410","0.3923","0.7305"
"18.0610","0.3922","0.7296"
"18.0810","0.3922","0.7287"
"18.1010","0.3922","0.7278"
"18.1210","0.3921","0.7269"
"18.1410","0.3921","0.7261"
"18.1610","0.3921","0.7252"
"18.1810","0.3920","0.7244"
"18.2010","0.3920","0.7234"
"18.2210","0.3920","0.7225"
"18.2410","0.3920","0.7216"
"18.2610","0.3919","0.7207"
"18.2810","0.3919","0.7198"
"18.3010","0.3919","0.7189"
"18.3210","0.3918","0.7180"
"18.3410","0.3918","0.7171"
"18.3610","0.3918","0.7161"
"18.3810","0.3917","0.7152"
"18.4010","0.3917","0.7143"
"18.4210","0.3917","0.7134"
"18.4410","0.3916","0.7126"
"18.4610","0.3916","0.7117"
"18.4810","0.3916","0.7106"
"18.5010","0.3915","0.7096"
"18.5210","0.3915","0.7087"
"18.5410","0.3914","0.7076"
"18.5610","0.3914","0.7065"
"18.5810","0.3914","0.7056"
"18.6010","0.3913","0.7046"
"18.6210","0.3913","0.7036"
"18.6410","0.3913","0.7026"
"18.6610","0.3912","0.7017"
"18.6810","0.3912","0.7006"
"18.7010","0.3911","0.6996"
"18.7210","0.3911","0.6986"
"18.7410","0.3911","0.6976"
"18.7610","0.3910","0.6967"
"18.7810","0.3910","0.6956"
"18.8010","0.3909","0.6946"
"18.8210","0.3909","0.6936"
"18.8410","0.3909","0.6926"
"18.8610","0.3908","0.6916"
"18.8810","0.3908","0.6906"
"18.9010","0.3907","0.6895"
"18.9210","0.3907","0.6884"
"18.9410","0.3907","0.6873"
"18.9610","0.3906","0.6863"
"18.9810","0.3906","0.6853"
"19.0010","0.3905","0.6842"
"19.0210","0.3905","0.6832"
"19.0410","0.3905","0.6822"
"19.0610","0.3904","0.6811"
"19.0810","0.3904","0.6800"
"19.1010","0.3903","0.6790"
"19.1210","0.3903","0.6780"
"19.1410","0.3902","0.6769"
"19.1610","0.3902","0.6759"
"19.1810","0.3902","0.6748"
"19.2010","0.3901","0.6738"
"19.2210","0.3901","0.6727"
"19.2410","0.3900","0.6716"
"19.2610","0.3900","0.6706"
"19.2810","0.3899","0.6695"
"19.3010","0.3899","0.6685"
"19.3210","0.3899","0.6674"
"19.3410","0.3898","0.6663"
"19.3610","0.3898","0.6652"
"19.3810","0.3897","0.6641"
"19.4010","0.3897","0.6630"
"19.4210","0.3896","0.6619"
"19.4410","0.3896","0.6608"
"19.4610","0.3895","0.6597"
"19.4810","0.3895","0.6587"
"19.5010","0.3895","0.6576"
"19.5210","0.3894","0.6565"
"19.5410","0.3894","0.6554"
"19.5610","0.3893","0.6543"
"19.5810","0.3893","0.6531"
"19.6010","0.3892","0.6520"
"19.6210","0.3892","0.6510"
"19.6410","0.3891","0.6498"
"19.6610","0.3891","0.6487"
"19.6810","0.3890","0.6475"
"19.7010","0.3890","0.6463"
"19.7210","0.3889","0.6451"
"19.7410","0.3889","0.6440"
"19.7610","0.3888","0.6430"
"19.7810","0.3888","0.6419"
"19.8010","0.3887","0.6406"
"19.8210","0.3887","0.6395"
"19.8410","0.3886","0.6384"
"19.8610","0.3886","0.6372"
"19.8810","0.3885","0.6360"
"19.9010","0.3885","0.6349"
"19.9210","0.3884","0.6338"
"19.9410","0.3884","0.6326"
"19.9610","0.3883","0.6314"
"19.9810","0.3883","0.6302"
"20.0010","0.3882","0.6291"
"20.0210","0.3882","0.6278"
"20.0410","0.3881","0.6267"
"20.0610","0.3881","0.6255"
"20.0810","0.3880","0.6244"
"20.1010","0.3880","0.6231"
"20.1210","0.3879","0.6219"
"20.1410","0.3879","0.6208"
"20.1610","0.3878","0.6195"
"20.1810","0.3878","0.6184"
"20.2010","0.3877","0.6171"
"20.2210","0.3877","0.6159"
"20.2410","0.3876","0.6147"
"20.2610","0.3876","0.6135"
"20.2810","0.3875","0.6123"
"20.3010","0.3875","0.6111"
"20.3210","0.3874","0.6099"
"20.3410","0.3874","0.6087"
"20.3610","0.3873","0.6075"
"20.3810","0.3872","0.6062"
"20.4010","0.3872","0.6050"
"20.4210","0.3871","0.6037"
"20.4410","0.3871","0.6026"
"20.4610","0.3870","0.6014"
"20.4810","0.3870","0.6002"
"20.5010","0.3869","0.5989"
"20.5210","0.3869","0.5977"
"20.5410","0.3868","0.5966"
"20.5610","0.3868","0.5955"
"20.5810","0.3867","0.5943"
"20.6010","0.3867","0.5931"
"20.6210","0.3866","0.5919"
"20.6410","0.3866","0.5908"
"20.6610","0.3865","0.5896"
"20.6810","0.3864","0.5885"
"20.7010","0.3864","0.5873"
"20.7210","0.3863","0.5862"
"20.7410","0.3863","0.5851"
"20.7610","0.3862","0.5840"
"20.7810","0.3862","0.5829"
"20.8010","0.3861","0.5818"
"20.8210","0.3861","0.5806"
"20.8410","0.3860","0.5796"
"20.8610","0.3860","0.5785"
"20.8810","0.3859","0.5773"
"20.9010","0.3859","0.5762"
"20.9210","0.3858","0.5750"
"20.9410","0.3858","0.5739"
"20.9610","0.3857","0.5729"
"20.9810","0.3857","0.5717"
"21.0010","0.3856","0.5706"
"21.0210","0.3856","0.5695"
"21.0410","0.3855","0.5684"
"21.0610","0.3855","0.5672"
"21.0810","0.3854","0.5661"
"21.1010","0.3854","0.5650"
"21.1210","0.3853","0.5639"
"21.1410","0.3852","0.5627"
"21.1610","0.3852","0.5615"
"21.1810","0.3851","0.5604"
"21.2010","0.3851","0.5593"
"21.2210","0.3850","0.5581"
"21.2410","0.3850","0.5568"
"21.2610","0.3849","0.5557"
"21.2810","0.3849","0.5545"
"21.3010","0.3848","0.5533"
"21.3210","0.3847","0.5521"
"21.3410","0.3847","0.5509"
"21.3610","0.3846","0.5497"
"21.3810","0.3846","0.5485"
"21.4010","0.3845","0.5473"
"21.4210","0.3845","0.5462"
"21.4410","0.3844","0.5450"
"21.4610","0.3844","0.5438"
"21.4810","0.3843","0.5426"
"21.5010","0.3842","0.5415"
"21.5210","0.3842","0.5403"
"21.5410","0.3841","0.5391"
"21.5610","0.3841","0.5380"
"21.5810","0.3840","0.5369"
"21.6010","0.3840","0.5358"
"21.6210","0.3839","0.5346"
"21.6410","0.3838","0.5334"
"21.6610","0.3838","0.5323"
"21.6810","0.3837","0.5312"
"21.7010","0.3837","0.5300"
"21.7210","0.3836","0.5290"
"21.7410","0.3836","0.5279"
"21.7610","0.3835","0.5268"
"21.7810","0.3835","0.5257"
"21.8010","0.3834","0.5246"
"21.8210","0.3833","0.5234"
"21.8410","0.3833","0.5224"
"21.8610","0.3832","0.5213"
"21.8810","0.3832","0.5201"
"21.9010","0.3831","0.5191"
"21.9210","0.3831","0.5180"
"21.9410","0.3830","0.5169"
"21.9610","0.3830","0.5158"
"21.9810","0.3829","0.5147"
"22.0010","0.3828","0.5137"
"22.0210","0.3828","0.5126"
"22.0410","0.3827","0.5115"
"22.0610","0.3827","0.5104"
"22.0810","0.3826","0.5093"
"22.1010","0.3826","0.5082"
"22.1210","0.3825","0.5071"
"22.1410","0.3825","0.5060"
"22.1610","0.3824","0.5048"
"22.1810","0.3823","0.5038"
"22.2010","0.3823","0.5027"
"22.2210","0.3822","0.5015"
"22.2410","0.3822","0.5004"
"22.2610","0.3821","0.4993"
"22.2810","0.3820","0.4982"
"22.3010","0.3820","0.4970"
"22.3210","0.3819","0.4958"
"22.3410","0.3819","0.4947"
"22.3610","0.3818","0.4937"
"22.3810","0.3818","0.4925"
"22.4010","0.3817","0.4914"
"22.4210","0.3816","0.4903"
"22.4410","0.3816","0.4892"
"22.4610","0.3815","0.4880"
"22.4810","0.3815","0.4869"
"22.5010","0.3814","0.4858"
"22.5210","0.3813","0.4846"
"22.5410","0.3813","0.4836"
"22.5610","0.3812","0.4825"
"22.5810","0.3812","0.4814"
"22.6010","0.3811","0.4803"
"22.6210","0.3810","0.4792"
"22.6410","0.3810","0.4781"
"22.6610","0.3809","0.4770"
"22.6810","0.3809","0.4759"
"22.7010","0.3808","0.4748"
"22.7210","0.3807","0.4737"
"22.7410","0.3807","0.4725"
"22.7610","0.3806","0.4715"
"22.7810","0.3806","0.4704"
"22.8010","0.3805","0.4694"
"22.8210","0.3805","0.4684"
"22.8410","0.3804","0.4674"
"22.8610","0.3803","0.4663"
"22.8810","0.3803","0.4653"
"22.9010","0.3802","0.4643"
"22.9210","0.3802","0.4633"
"22.9410","0.3801","0.4623"
"22.9610","0.3800","0.4613"
"22.9810","0.3800","0.4603"
"23.0010","0.3799","0.4593"
"23.0210","0.3799","0.4584"
"23.0410","0.3798","0.4574"
"23.0610","0.3798","0.4564"
"23.0810","0.3797","0.4554"
"23.1010","0.3797","0.4544"
"23.1210","0.3796","0.4535"
"23.1410","0.3795","0.4526"
"23.1610","0.3795","0.4516"
"23.1810","0.3794","0.4506"
"23.2010","0.3794","0.4497"
"23.2210","0.3793","0.4487"
"23.2410","0.3793","0.4477"
"23.2610","0.3792","0.4468"
"23.2810","0.3792","0.4458"
"23.3010","0.3791","0.4448"
"23.3210","0.3790","0.4438"
"23.3410","0.3790","0.4428"
"23.3610","0.3789","0.4418"
"23.3810","0.3789","0.4408"
"23.4010","0.3788","0.4398"
"23.4210","0.3788","0.4389"
"23.4410","0.3787","0.4379"
"23.4610","0.3786","0.4368"
"23.4810","0.3786","0.4357"
"23.5010","0.3785","0.4348"
"23.5210","0.3785","0.4338"
"23.5410","0.3784","0.4327"
"23.5610","0.3783","0.4317"
"23.5810","0.3783","0.4306"
"23.6010","0.3782","0.4295"
"23.6210","0.3782","0.4285"
"23.6410","0.3781","0.4275"
"23.6610","0.3780","0.4265"
"23.6810","0.3780","0.4254"
"23.7010","0.3779","0.4243"
"23.7210","0.3778","0.4232"
"23.7410","0.3778","0.4221"
"23.7610","0.3777","0.4210"
"23.7810","0.3776","0.4200"
"23.8010","0.3776","0.4189"
"23.8210","0.3775","0.4178"
"23.8410","0.3774","0.4167"
"23.8610","0.3774","0.4155"
"23.8810","0.3773","0.4143"
"23.9010","0.3772","0.4132"
"23.9210","0.3772","0.4121"
"23.9410","0.3771","0.4110"
"23.9610","0.3770","0.4098"
"23.9810","0.3770","0.4088"
"24.0010","0.3769","0.4077"
"24.0210","0.3768","0.4065"
"24.0410","0.3768","0.4054"
"24.0610","0.3767","0.4044"
"24.0810","0.3766","0.4033"
"24.1010","0.3766","0.4022"
"24.1210","0.3765","0.4011"
"24.1410","0.3764","0.4001"
"24.1610","0.3764","0.3991"
"24.1810","0.3763","0.3982"
"24.2010","0.3762","0.3971"
"24.2210","0.3762","0.3961"
"24.2410","0.3761","0.3951"
"24.2610","0.3760","0.3942"
"24.2810","0.3760","0.3932"
"24.3010","0.3759","0.3922"
"24.3210","0.3759","0.3912"
"24.3410","0.3758","0.3902"
"24.3610","0.3757","0.3892"
"24.3810","0.3757","0.3883"
"24.4010","0.3756","0.3873"
"24.4210","0.3755","0.3863"
"24.4410","0.3755","0.3852"
"24.4610","0.3754","0.3843"
"24.4810","0.3753","0.3833"
"24.5010","0.3753","0.3822"
"24.5210","0.3752","0.3811"
"24.5410","0.3751","0.3802"
"24.5610","0.3751","0.3791"
"24.5810","0.3750","0.3780"
"24.6010","0.3749","0.3769"
"24.6210","0.3749","0.3758"
"24.6410","0.3748","0.3748"
"24.6610","0.3747","0.3737"
"24.6810","0.3746","0.3726"
"24.7010","0.3746","0.3714"
"24.7210","0.3745","0.3704"
"24.7410","0.3744","0.3693"
"24.7610","0.3743","0.3682"
"24.7810","0.3743","0.3671"
"24.8010","0.3742","0.3660"
"24.8210","0.3741","0.3649"
"24.8410","0.3740","0.3638"
"24.8610","0.3740","0.3628"
"24.8810","0.3739","0.3618"
"24.9010","0.3738","0.3606"
"24.9210","0.3738","0.3597"
"24.9410","0.3737","0.3585"
"24.9610","0.3736","0.3575"
"24.9810","0.3736","0.3565"
"25.0010","0.3735","0.3556"
"25.0210","0.3734","0.3546"
"25.0410","0.3733","0.3536"
"25.0610","0.3733","0.3526"
"25.0810","0.3732","0.3516"
"25.1010","0.3731","0.3507"
"25.1210","0.3731","0.3496"
"25.1410","0.3730","0.3486"
"25.1610","0.3729","0.3476"
"25.1810","0.3729","0.3467"
"25.2010","0.3728","0.3456"
"25.2210","0.3727","0.3446"
"25.2410","0.3726","0.3436"
"25.2610","0.3726","0.3426"
"25.2810","0.3725","0.3417"
"25.3010","0.3724","0.3407"
"25.3210","0.3723","0.3397"
"25.3410","0.3723","0.3386"
"25.3610","0.3722","0.3377"
"25.3810","0.3721","0.3367"
"25.4010","0.3721","0.3358"
"25.4210","0.3720","0.3347"
"25.4410","0.3719","0.3336"
"25.4610","0.3718","0.3327"
"25.4810","0.3718","0.3319"
"25.5010","0.3717","0.3308"
"25.5210","0.3716","0.3298"
"25.5410","0.3715","0.3288"
"25.5610","0.3715","0.3278"
"25.5810","0.3714","0.3268"
"25.6010","0.3713","0.3258"
"25.6210","0.3713","0.3248"
"25.6410","0.3712","0.3239"
"25.6610","0.3711","0.3229"
"25.6810","0.3710","0.3218"
"25.7010","0.3710","0.3208"
"25.7210","0.3709","0.3198"
"25.7410","0.3708","0.3188"
"25.7610","0.3707","0.3177"
"25.7810","0.3707","0.3168"
"25.8010","0.3706","0.3157"
"25.8210","0.3705","0.3148"
"25.8410","0.3704","0.3138"
"25.8610","0.3703","0.3129"
"25.8810","0.3703","0.3119"
"25.9010","0.3702","0.3109"
"25.9210","0.3701","0.3099"
"25.9410","0.3700","0.3089"
"25.9610","0.3700","0.3080"
"25.9810","0.3699","0.3070"
"26.0010","0.3698","0.3061"
"26.0210","0.3697","0.3052"
"26.0410","0.3697","0.3042"
"26.0610","0.3696","0.3033"
"26.0810","0.3695","0.3024"
"26.1010","0.3694","0.3014"
"26.1210","0.3694","0.3005"
"26.1410","0.3693","0.2996"
"26.1610","0.3692","0.2987"
"26.1810","0.3691","0.2977"
"26.2010","0.3691","0.2968"
"26.2210","0.3690","0.2958"
"26.2410","0.3689","0.2949"
"26.2610","0.3688","0.2940"
"26.2810","0.3688","0.2930"
"26.3010","0.3687","0.2920"
"26.3210","0.3686","0.2910"
"26.3410","0.3685","0.2900"
"26.3610","0.3684","0.2889"
"26.3810","0.3684","0.2879"
"26.4010","0.3683","0.2870"
"26.4210","0.3682","0.2860"
"26.4410","0.3681","0.2849"
"26.4610","0.3680","0.2838"
"26.4810","0.3679","0.2826"
"26.5010","0.3678","0.2815"
"26.5210","0.3677","0.2803"
"26.5410","0.3676","0.2792"
"26.5610","0.3676","0.2781"
"26.5810","0.3675","0.2770"
"26.6010","0.3674","0.2759"
"26.6210","0.3673","0.2748"
"26.6410","0.3672","0.2736"
"26.6610","0.3671","0.2724"
"26.6810","0.3670","0.2712"
"26.7010","0.3669","0.2701"
"26.7210","0.3668","0.2690"
"26.7410","0.3667","0.2678"
"26.7610","0.3666","0.2667"
"26.7810","0.3665","0.2656"
"26.8010","0.3664","0.2646"
"26.8210","0.3663","0.2636"
"26.8410","0.3662","0.2626"
"26.8610","0.3661","0.2617"
"26.8810","0.3660","0.2606"
"26.9010","0.3659","0.2596"
"26.9210","0.3659","0.2587"
"26.9410","0.3658","0.2578"
"26.9610","0.3657","0.2569"
"26.9810","0.3656","0.2559"
"27.0010","0.3655","0.2550"
"27.0210","0.3654","0.2541"
"27.0410","0.3653","0.2531"
"27.0610","0.3653","0.2522"
"27.0810","0.3652","0.2512"
"27.1010","0.3651","0.2502"
"27.1210","0.3650","0.2492"
"27.1410","0.3649","0.2483"
"27.1610","0.3648","0.2474"
"27.1810","0.3647","0.2464"
"27.2010","0.3646","0.2453"
"27.2210","0.3645","0.2443"
"27.2410","0.3644","0.2433"
"27.2610","0.3643","0.2424"
"27.2810","0.3642","0.2414"
"27.3010","0.3642","0.2403"
"27.3210","0.3641","0.2395"
"27.3410","0.3640","0.2385"
"27.3610","0.3639","0.2375"
"27.3810","0.3638","0.2367"
"27.4010","0.3637","0.2357"
"27.4210","0.3636","0.2348"
"27.4410","0.3635","0.2339"
"27.4610","0.3634","0.2331"
"27.4810","0.3633","0.2322"
"27.5010","0.3633","0.2313"
"27.5210","0.3632","0.2304"
"27.5410","0.3631","0.2295"
"27.5610","0.3630","0.2287"
"27.5810","0.3629","0.2278"
"27.6010","0.3628","0.2270"
"27.6210","0.3627","0.2261"
"27.6410","0.3626","0.2252"
"27.6610","0.3626","0.2244"
"27.6810","0.3625","0.2235"
"27.7010","0.3624","0.2227"
"27.7210","0.3623","0.2217"
"27.7410","0.3622","0.2208"
"27.7610","0.3621","0.2199"
"27.7810","0.3620","0.2190"
"27.8010","0.3619","0.2181"
"27.8210","0.3618","0.2172"
"27.8410","0.3617","0.2163"
"27.8610","0.3616","0.2154"
"27.8810","0.3615","0.2143"
"27.9010","0.3614","0.2134"
"27.9210","0.3613","0.2125"
"27.9410","0.3612","0.2114"
"27.9610","0.3611","0.2104"
"27.9810","0.3610","0.2094"
"28.0010","0.3609","0.2084"
"28.0210","0.3608","0.2074"
"28.0410","0.3607","0.2064"
"28.0610","0.3606","0.2055"
"28.0810","0.3605","0.2045"
"28.1010","0.3604","0.2034"
"28.1210","0.3603","0.2024"
"28.1410","0.3602","0.2014"
"28.1610","0.3601","0.2005"
"28.1810","0.3600","0.1996"
"28.2010","0.3599","0.1985"
"28.2210","0.3598","0.1977"
"28.2410","0.3597","0.1968"
"28.2610","0.3595","0.1959"
"28.2810","0.3594","0.1950"
"28.3010","0.3593","0.1941"
"28.3210","0.3592","0.1932"
"28.3410","0.3591","0.1923"
"28.3610","0.3590","0.1913"
"28.3810","0.3589","0.1904"
"28.4010","0.3588","0.1894"
"28.4210","0.3587","0.1884"
"28.4410","0.3586","0.1875"
"28.4610","0.3585","0.1865"
"28.4810","0.3584","0.1854"
"28.5010","0.3582","0.1844"
"28.5210","0.3581","0.1833"
"28.5410","0.3580","0.1823"
"28.5610","0.3579","0.1813"
"28.5810","0.3577","0.1803"
"28.6010","0.3576","0.1790"
"28.6210","0.3575","0.1779"
"28.6410","0.3574","0.1768"
"28.6610","0.3572","0.1756"
"28.6810","0.3571","0.1744"
"28.7010","0.3569","0.1732"
"28.7210","0.3568","0.1720"
"28.7410","0.3567","0.1709"
"28.7610","0.3565","0.1698"
"28.7810","0.3564","0.1688"
"28.8010","0.3563","0.1678"
"28.8210","0.3561","0.1667"
"28.8410","0.3560","0.1658"
"28.8610","0.3559","0.1648"
"28.8810","0.3558","0.1640"
"28.9010","0.3557","0.1631"
"28.9210","0.3555","0.1623"
"28.9410","0.3554","0.1615"
"28.9610","0.3553","0.1606"
"28.9810","0.3552","0.1596"
"29.0010","0.3551","0.1588"
"29.0210","0.3549","0.1579"
"29.0410","0.3548","0.1570"
"29.0610","0.3547","0.1559"
"29.0810","0.3546","0.1549"
"29.1010","0.3544","0.1540"
"29.1210","0.3543","0.1530"
"29.1410","0.3542","0.1520"
"29.1610","0.3540","0.1510"
"29.1810","0.3539","0.1499"
"29.2010","0.3538","0.1489"
"29.2210","0.3536","0.1480"
"29.2410","0.3535","0.1472"
"29.2610","0.3534","0.1462"
"29.2810","0.3532","0.1453"
"29.3010","0.3531","0.1443"
"29.3210","0.3530","0.1434"
"29.3410","0.3528","0.1425"
"29.3610","0.3527","0.1415"
"29.3810","0.3526","0.1406"
"29.4010","0.3524","0.1397"
"29.4210","0.3523","0.1388"
"29.4410","0.3521","0.1378"
"29.4610","0.3520","0.1367"
"29.4810","0.3518","0.1357"
"29.5010","0.3517","0.1346"
"29.5210","0.3515","0.1335"
"29.5410","0.3514","0.1323"
"29.5610","0.3512","0.1312"
"29.5810","0.3510","0.1300"
"29.6010","0.3509","0.1288"
"29.6210","0.3507","0.1275"
"29.6410","0.3505","0.1262"
"29.6610","0.3503","0.1250"
"29.6810","0.3501","0.1238"
"29.7010","0.3499","0.1226"
"29.7210","0.3498","0.1214"
"29.7410","0.3496","0.1203"
"29.7610","0.3494","0.1193"
"29.7810","0.3492","0.1181"
"29.8010","0.3491","0.1171"
"29.8210","0.3489","0.1162"
"29.8410","0.3487","0.1152"
"29.8610","0.3485","0.1140"
"29.8810","0.3484","0.1130"
"29.9010","0.3482","0.1120"
"29.9210","0.3480","0.1109"
"29.9410","0.3478","0.1099"
"29.9610","0.3476","0.1089"
"29.9810","0.3475","0.1078"
"30.0010","0.3473","0.1067"
"30.0210","0.3471","0.1056"
"30.0410","0.3469","0.1046"
"30.0610","0.3467","0.1035"
"30.0810","0.3465","0.1026"
"30.1010","0.3463","0.1016"
"30.1210","0.3462","0.1006"
"30.1410","0.3460","0.0998"
"30.1610","0.3458","0.0992"
"30.1810","0.3457","0.0985"
"30.2010","0.3455","0.0978"
"30.2210","0.3454","0.0971"
"30.2410","0.3452","0.0963"
"30.2610","0.3451","0.0956"
"30.2810","0.3449","0.0948"
"30.3010","0.3448","0.0940"
"30.3210","0.3446","0.0932"
"30.3410","0.3444","0.0923"
"30.3610","0.3442","0.0914"
"30.3810","0.3441","0.0905"
"30.4010","0.3439","0.0896"
"30.4210","0.3437","0.0886"
"30.4410","0.3435","0.0875"
"30.4610","0.3433","0.0865"
"30.4810","0.3431","0.0855"
"30.5010","0.3429","0.0845"
"30.5210","0.3426","0.0834"
"30.5410","0.3424","0.0824"
"30.5610","0.3422","0.0812"
"30.5810","0.3419","0.0800"
"30.6010","0.3417","0.0787"
"30.6210","0.3414","0.0775"
"30.6410","0.3411","0.0761"
"30.6610","0.3409","0.0747"
"30.6810","0.3406","0.0733"
"30.7010","0.3403","0.0720"
"30.7210","0.3400","0.0708"
"30.7410","0.3397","0.0696"
"30.7610","0.3394","0.0686"
"30.7810","0.3392","0.0676"
"30.8010","0.3389","0.0669"
"30.8210","0.3387","0.0660"
"30.8410","0.3385","0.0653"
"30.8610","0.3382","0.0645"
"30.8810","0.3380","0.0636"
"30.9010","0.3378","0.0628"
"30.9210","0.3375","0.0620"
"30.9410","0.3373","0.0611"
"30.9610","0.3371","0.0602"
"30.9810","0.3368","0.0593"
"31.0010","0.3365","0.0583"
"31.0210","0.3363","0.0573"
"31.0410","0.3360","0.0564"
"31.0610","0.3358","0.0557"
"31.0810","0.3355","0.0550"
"31.1010","0.3353","0.0544"
"31.1210","0.3351","0.0535"
"31.1410","0.3348","0.0527"
"31.1610","0.3345","0.0518"
"31.1810","0.3342","0.0506"
"31.2010","0.3339","0.0495"
"31.2210","0.3336","0.0485"
"31.2410","0.3332","0.0473"
"31.2610","0.3329","0.0462"
"31.2810","0.3325","0.0451"
"31.3010","0.3322","0.0441"
"31.3210","0.3318","0.0430"
"31.3410","0.3315","0.0420"
"31.3610","0.3311","0.0409"
"31.3810","0.3308","0.0399"
"31.4010","0.3304","0.0389"
"31.4210","0.3300","0.0380"
"31.4410","0.3296","0.0371"
"31.4610","0.3293","0.0362"
"31.4810","0.3290","0.0355"
"31.5010","0.3287","0.0349"
"31.5210","0.3284","0.0344"
"31.5410","0.3281","0.0337"
"31.5610","0.3277","0.0331"
"31.5810","0.3274","0.0323"
"31.6010","0.3271","0.0316"
"31.6210","0.3268","0.0308"
"31.6410","0.3264","0.0300"
"31.6610","0.3260","0.0291"
"31.6810","0.3257","0.0282"
"31.7010","0.3253","0.0274"
"31.7210","0.3249","0.0266"
"31.7410","0.3245","0.0256"
"31.7610","0.3240","0.0246"
"31.7810","0.3235","0.0235"
"31.8010","0.3230","0.0224"
"31.8210","0.3225","0.0214"
"31.8410","0.3219","0.0204"
"31.8500","0.3217","0.0200"
"31.8510","0.3216","0.0199"
"31.8520","0.3216","0.0199"
"31.8720","0.3210","0.0189"
"31.8920","0.3205","0.0180"
"31.9120","0.3200","0.0173"
"31.9320","0.3196","0.0169"
"31.9520","0.3192","0.0168"
"31.9720","0.3190","0.0169"
"31.9920","0.3188","0.0170"
"32.0120","0.3187","0.0173"
"32.0320","0.3186","0.0176"
"32.0520","0.3186","0.0179"
"32.0720","0.3185","0.0183"
"32.0920","0.3185","0.0188"
"32.1120","0.3185","0.0192"
"32.1320","0.3185","0.0196"
"32.1520","0.3185","0.0200"
"32.1720","0.3185","0.0205"
"32.1920","0.3185","0.0209"
"32.2120","0.3185","0.0212"
"32.2320","0.3185","0.0215"
"32.2520","0.3185","0.0219"
"32.2720","0.3185","0.0222"
"32.2920","0.3185","0.0225"
"32.3120","0.3185","0.0228"
"32.3320","0.3186","0.0230"
"32.3520","0.3186","0.0234"
"32.3720","0.3186","0.0237"
"32.3920","0.3186","0.0241"
"32.4120","0.3186","0.0244"
"32.4320","0.3186","0.0246"
"32.4520","0.3187","0.0249"
"32.4720","0.3187","0.0252"
"32.4920","0.3187","0.0255"
"32.5120","0.3187","0.0257"
"32.5320","0.3187","0.0260"
"32.5520","0.3188","0.0262"
"32.5720","0.3188","0.0266"
"32.5920","0.3188","0.0268"
"32.6120","0.3188","0.0271"
"32.6320","0.3189","0.0275"
"32.6520","0.3189","0.0278"
"32.6720","0.3189","0.0281"
"32.6920","0.3190","0.0284"
"32.7120","0.3190","0.0288"
"32.7320","0.3191","0.0291"
"32.7520","0.3191","0.0295"
"32.7720","0.3192","0.0299"
"32.7920","0.3192","0.0302"
"32.8120","0.3193","0.0305"
"32.8320","0.3193","0.0309"
"32.8520","0.3194","0.0313"
"32.8720","0.3194","0.0317"
"32.8920","0.3195","0.0320"
"32.9120","0.3195","0.0325"
"32.9320","0.3196","0.0329"
"32.9520","0.3197","0.0333"
"32.9720","0.3197","0.0338"
"32.9920","0.3198","0.0342"
"33.0120","0.3199","0.0346"
"33.0320","0.3199","0.0351"
"33.0520","0.3200","0.0354"
"33.0720","0.3201","0.0359"
"33.0920","0.3202","0.0365"
"33.1120","0.3203","0.0371"
"33.1320","0.3203","0.0376"
"33.1520","0.3204","0.0382"
"33.1720","0.3205","0.0387"
"33.1920","0.3206","0.0393"
"33.2120","0.3207","0.0399"
"33.2320","0.3209","0.0406"
"33.2520","0.3210","0.0412"
"33.2720","0.3211","0.0418"
"33.2920","0.3212","0.0426"
"33.3120","0.3214","0.0432"
"33.3320","0.3215","0.0440"
"33.3520","0.3216","0.0448"
"33.3720","0.3218","0.0456"
"33.3920","0.3219","0.0464"
"33.4120","0.3221","0.0473"
"33.4320","0.3223","0.0482"
"33.4520","0.3224","0.0492"
"33.4720","0.3226","0.0502"
"33.4920","0.3228","0.0510"
"33.5120","0.3230","0.0519"
"33.5320","0.3232","0.0529"
"33.5520","0.3233","0.0538"
"33.5720","0.3235","0.0549"
"33.5920","0.3237","0.0560"
"33.6120","0.3239","0.0570"
"33.6320","0.3241","0.0581"
"33.6520","0.3244","0.0592"
"33.6720","0.3246","0.0606"
"33.6920","0.3249","0.0621"
"33.7120","0.3251","0.0637"
"33.7320","0.3254","0.0652"
"33.7520","0.3257","0.0667"
"33.7720","0.3260","0.0683"
"33.7920","0.3263","0.0699"
"33.8120","0.3266","0.0715"
"33.8320","0.3269","0.0731"
"33.8520","0.3272","0.0746"
"33.8720","0.3275","0.0761"
"33.8920","0.3278","0.0776"
"33.9120","0.3280","0.0789"
"33.9320","0.3283","0.0803"
"33.9520","0.3285","0.0817"
"33.9720","0.3288","0.0831"
"33.9920","0.3290","0.0843"
"34.0120","0.3293","0.0855"
"34.0320","0.3295","0.0868"
"34.0520","0.3297","0.0880"
"34.0720","0.3299","0.0892"
"34.0920","0.3302","0.0905"
"34.1120","0.3304","0.0917"
"34.1320","0.3306","0.0931"
"34.1520","0.3309","0.0945"
"34.1720","0.3311","0.0960"
"34.1920","0.3314","0.0977"
"34.2120","0.3317","0.0992"
"34.2320","0.3320","0.1010"
"34.2520","0.3323","0.1027"
"34.2720","0.3326","0.1046"
"34.2920","0.3329","0.1065"
"34.3120","0.3332","0.1083"
"34.3320","0.3335","0.1101"
"34.3520","0.3338","0.1118"
"34.3720","0.3341","0.1136"
"34.3920","0.3344","0.1155"
"34.4120","0.3348","0.1176"
"34.4320","0.3351","0.1198"
"34.4520","0.3354","0.1218"
"34.4720","0.3357","0.1236"
"34.4920","0.3360","0.1254"
"34.5120","0.3363","0.1270"
"34.5320","0.3366","0.1286"
"34.5520","0.3368","0.1302"
"34.5720","0.3370","0.1317"
"34.5920","0.3373","0.1331"
"34.6120","0.3375","0.1345"
"34.6320","0.3378","0.1360"
"34.6520","0.3380","0.1374"
"34.6720","0.3382","0.1389"
"34.6920","0.3384","0.1402"
"34.7120","0.3386","0.1415"
"34.7320","0.3388","0.1428"
"34.7520","0.3391","0.1442"
"34.7720","0.3393","0.1455"
"34.7920","0.3394","0.1467"
"34.8120","0.3396","0.1480"
"34.8320","0.3398","0.1491"
"34.8520","0.3400","0.1503"
"34.8720","0.3402","0.1515"
"34.8920","0.3404","0.1529"
"34.9120","0.3406","0.1542"
"34.9320","0.3408","0.1555"
"34.9520","0.3410","0.1571"
"34.9720","0.3412","0.1587"
"34.9920","0.3415","0.1604"
"35.0120","0.3417","0.1621"
"35.0320","0.3420","0.1639"
"35.0520","0.3422","0.1658"
"35.0720","0.3425","0.1677"
"35.0920","0.3427","0.1694"
"35.1120","0.3429","0.1710"
"35.1320","0.3431","0.1725"
"35.1520","0.3434","0.1739"
"35.1720","0.3435","0.1752"
"35.1920","0.3437","0.1763"
"35.2120","0.3439","0.1775"
"35.2320","0.3441","0.1786"
"35.2520","0.3442","0.1798"
"35.2720","0.3444","0.1809"
"35.2920","0.3446","0.1821"
"35.3120","0.3447","0.1832"
"35.3320","0.3449","0.1843"
"35.3520","0.3450","0.1855"
"35.3720","0.3452","0.1866"
"35.3920","0.3454","0.1877"
"35.4120","0.3455","0.1888"
"35.4320","0.3457","0.1899"
"35.4520","0.3458","0.1909"
"35.4720","0.3460","0.1919"
"35.4920","0.3461","0.1929"
"35.5120","0.3462","0.1938"
"35.5320","0.3464","0.1947"
"35.5520","0.3465","0.1957"
"35.5720","0.3466","0.1966"
"35.5920","0.3468","0.1977"
"35.6120","0.3469","0.1987"
"35.6320","0.3470","0.1997"
"35.6520","0.3472","0.2008"
"35.6720","0.3473","0.2017"
"35.6920","0.3474","0.2028"
"35.7120","0.3476","0.2039"
"35.7320","0.3477","0.2049"
"35.7520","0.3479","0.2061"
"35.7720","0.3480","0.2072"
"35.7920","0.3482","0.2083"
"35.8120","0.3483","0.2094"
"35.8320","0.3484","0.2106"
"35.8520","0.3486","0.2116"
"35.8720","0.3487","0.2127"
"35.8920","0.3489","0.2140"
"35.9120","0.3490","0.2150"
"35.9320","0.3491","0.2161"
"35.9520","0.3493","0.2172"
"35.9720","0.3494","0.2183"
"35.9920","0.3496","0.2194"
"36.0120","0.3497","0.2204"
"36.0320","0.3498","0.2214"
"36.0520","0.3499","0.2225"
"36.0720","0.3501","0.2234"
"36.0920","0.3502","0.2245"
"36.1120","0.3503","0.2256"
"36.1320","0.3505","0.2268"
"36.1520","0.3506","0.2279"
"36.1720","0.3508","0.2290"
"36.1920","0.3509","0.2302"
"36.2120","0.3510","0.2314"
"36.2320","0.3512","0.2326"
"36.2520","0.3513","0.2339"
"36.2720","0.3515","0.2351"
"36.2920","0.3516","0.2364"
"36.3120","0.3518","0.2377"
"36.3320","0.3519","0.2389"
"36.3520","0.3520","0.2400"
"36.3720","0.3522","0.2412"
"36.3920","0.3523","0.2424"
"36.4120","0.3525","0.2435"
"36.4320","0.3526","0.2446"
"36.4520","0.3527","0.2456"
"36.4720","0.3528","0.2466"
"36.4920","0.3530","0.2477"
"36.5120","0.3531","0.2485"
"36.5320","0.3532","0.2496"
"36.5520","0.3533","0.2505"
"36.5720","0.3534","0.2513"
"36.5920","0.3535","0.2523"
"36.6120","0.3536","0.2531"
"36.6320","0.3537","0.2539"
"36.6520","0.3539","0.2549"
"36.6720","0.3540","0.2558"
"36.6920","0.3541","0.2567"
"36.7120","0.3542","0.2576"
"36.7320","0.3543","0.2585"
"36.7520","0.3544","0.2595"
"36.7720","0.3545","0.2605"
"36.7920","0.3546","0.2616"
"36.8120","0.3548","0.2627"
"36.8320","0.3549","0.2637"
"36.8520","0.3550","0.2648"
"36.8720","0.3551","0.2659"
"36.8920","0.3552","0.2670"
"36.9120","0.3553","0.2680"
"36.9320","0.3555","0.2690"
"36.9520","0.3556","0.2700"
"36.9720","0.3557","0.2710"
"36.9920","0.3558","0.2721"
"37.0120","0.3559","0.2731"
"37.0320","0.3560","0.2741"
"37.0520","0.3561","0.2751"
"37.0720","0.3562","0.2760"
"37.0920","0.3563","0.2770"
"37.1120","0.3565","0.2781"
"37.1320","0.3566","0.2790"
"37.1520","0.3567","0.2800"
"37.1720","0.3568","0.2810"
"37.1920","0.3569","0.2821"
"37.2120","0.3570","0.2832"
"37.2320","0.3571","0.2844"
"37.2520","0.3573","0.2854"
"37.2720","0.3574","0.2865"
"37.2920","0.3575","0.2877"
"37.3120","0.3576","0.2888"
"37.3320","0.3577","0.2900"
"37.3520","0.3578","0.2910"
"37.3720","0.3580","0.2922"
"37.3920","0.3581","0.2932"
"37.4120","0.3582","0.2942"
"37.4320","0.3583","0.2953"
"37.4520","0.3584","0.2964"
"37.4720","0.3585","0.2975"
"37.4920","0.3586","0.2985"
"37.5120","0.3588","0.2997"
"37.5320","0.3589","0.3007"
"37.5520","0.3590","0.3017"
"37.5720","0.3591","0.3027"
"37.5920","0.3592","0.3038"
"37.6120","0.3593","0.3047"
"37.6320","0.3594","0.3056"
"37.6520","0.3595","0.3065"
"37.6720","0.3596","0.3074"
"37.6920","0.3597","0.3083"
"37.7120","0.3598","0.3092"
"37.7320","0.3599","0.3101"
"37.7520","0.3600","0.3109"
"37.7720","0.3601","0.3118"
"37.7920","0.3602","0.3127"
"37.8120","0.3603","0.3136"
"37.8320","0.3603","0.3145"
"37.8520","0.3604","0.3154"
"37.8720","0.3605","0.3165"
"37.8920","0.3606","0.3174"
"37.9120","0.3607","0.3184"
"37.9320","0.3608","0.3193"
"37.9520","0.3609","0.3203"
"37.9720","0.3610","0.3212"
"37.9920","0.3611","0.3223"
"38.0120","0.3612","0.3233"
"38.0320","0.3613","0.3243"
"38.0520","0.3614","0.3253"
"38.0720","0.3615","0.3264"
"38.0920","0.3616","0.3275"
"38.1120","0.3617","0.3284"
"38.1320","0.3618","0.3295"
"38.1520","0.3619","0.3305"
"38.1720","0.3620","0.3316"
"38.1920","0.3621","0.3326"
"38.2120","0.3623","0.3337"
"38.2320","0.3624","0.3348"
"38.2520","0.3624","0.3358"
"38.2720","0.3625","0.3367"
"38.2920","0.3626","0.3376"
"38.3120","0.3627","0.3386"
"38.3320","0.3628","0.3396"
"38.3520","0.3629","0.3406"
"38.3720","0.3630","0.3414"
"38.3920","0.3631","0.3423"
"38.4120","0.3632","0.3432"
"38.4320","0.3633","0.3441"
"38.4520","0.3634","0.3450"
"38.4720","0.3635","0.3458"
"38.4920","0.3636","0.3468"
"38.5120","0.3636","0.3476"
"38.5320","0.3637","0.3484"
"38.5520","0.3638","0.3493"
"38.5720","0.3639","0.3503"
"38.5920","0.3640","0.3513"
"38.6120","0.3641","0.3522"
"38.6320","0.3642","0.3532"
"38.6520","0.3643","0.3541"
"38.6720","0.3644","0.3551"
"38.6920","0.3645","0.3561"
"38.7120","0.3646","0.3573"
"38.7320","0.3647","0.3583"
"38.7520","0.3648","0.3594"
"38.7720","0.3649","0.3606"
"38.7920","0.3650","0.3617"
"38.8120","0.3651","0.3628"
"38.8320","0.3652","0.3640"
"38.8520","0.3653","0.3653"
"38.8720","0.3654","0.3664"
"38.8920","0.3655","0.3675"
"38.9120","0.3656","0.3687"
"38.9320","0.3657","0.3699"
"38.9520","0.3658","0.3710"
"38.9720","0.3659","0.3721"
"38.9920","0.3660","0.3732"
"39.0120","0.3661","0.3743"
"39.0320","0.3662","0.3754"
"39.0520","0.3663","0.3765"
"39.0720","0.3664","0.3777"
"39.0920","0.3665","0.3789"
"39.1120","0.3666","0.3800"
"39.1320","0.3667","0.3811"
"39.1520","0.3668","0.3821"
"39.1720","0.3669","0.3832"
"39.1920","0.3670","0.3844"
"39.2120","0.3671","0.3855"
"39.2320","0.3672","0.3866"
"39.2520","0.3673","0.3877"
"39.2720","0.3674","0.3888"
"39.2920","0.3675","0.3900"
"39.3120","0.3676","0.3911"
"39.3320","0.3677","0.3922"
"39.3520","0.3678","0.3933"
"39.3720","0.3679","0.3944"
"39.3920","0.3680","0.3955"
"39.4120","0.3681","0.3966"
"39.4320","0.3682","0.3975"
"39.4520","0.3683","0.3987"
"39.4720","0.3684","0.3997"
"39.4920","0.3685","0.4008"
"39.5120","0.3686","0.4018"
"39.5320","0.3687","0.4029"
"39.5520","0.3688","0.4038"
"39.5720","0.3688","0.4048"
"39.5920","0.3689","0.4059"
"39.6120","0.3690","0.4068"
"39.6320","0.3691","0.4077"
"39.6520","0.3692","0.4087"
"39.6720","0.3693","0.4096"
"39.6920","0.3694","0.4106"
"39.7120","0.3695","0.4115"
"39.7320","0.3695","0.4124"
"39.7520","0.3696","0.4132"
"39.7720","0.3697","0.4141"
"39.7920","0.3698","0.4150"
"39.8120","0.3699","0.4159"
"39.8320","0.3699","0.4168"
"39.8520","0.3700","0.4175"
"39.8720","0.3701","0.4184"
"39.8920","0.3702","0.4193"
"39.9120","0.3703","0.4202"
"39.9320","0.3703","0.4211"
"39.9520","0.3704","0.4220"
"39.9720","0.3705","0.4229"
"39.9920","0.3706","0.4238"
"40.0120","0.3707","0.4247"
"40.0320","0.3707","0.4256"
"40.0520","0.3708","0.4266"
"40.0720","0.3709","0.4276"
"40.0920","0.3710","0.4285"
"40.1120","0.3711","0.4294"
"40.1320","0.3711","0.4305"
"40.1520","0.3712","0.4314"
"40.1720","0.3713","0.4324"
"40.1920","0.3714","0.4334"
"40.2120","0.3715","0.4344"
"40.2320","0.3716","0.4354"
"40.2520","0.3717","0.4365"
"40.2720","0.3717","0.4376"
"40.2920","0.3718","0.4386"
"40.3120","0.3719","0.4396"
"40.3320","0.3720","0.4407"
"40.3520","0.3721","0.4417"
"40.3720","0.3722","0.4427"
"40.3920","0.3723","0.4439"
"40.4120","0.3724","0.4450"
"40.4320","0.3724","0.4459"
"40.4520","0.3725","0.4470"
"40.4720","0.3726","0.4480"
"40.4920","0.3727","0.4490"
"40.5120","0.3728","0.4501"
"40.5320","0.3729","0.4511"
"40.5520","0.3730","0.4521"
"40.5720","0.3730","0.4531"
"40.5920","0.3731","0.4541"
"40.6120","0.3732","0.4550"
"40.6320","0.3733","0.4559"
"40.6520","0.3734","0.4568"
"40.6720","0.3734","0.4578"
"40.6920","0.3735","0.4586"
"40.7120","0.3736","0.4597"
"40.7320","0.3737","0.4607"
"40.7520","0.3738","0.4615"
"40.7720","0.3738","0.4625"
"40.7920","0.3739","0.4634"
"40.8120","0.3740","0.4643"
"40.8320","0.3741","0.4654"
"40.8520","0.3742","0.4663"
"40.8720","0.3742","0.4674"
"40.8920","0.3743","0.4684"
"40.9120","0.3744","0.4695"
"40.9320","0.3745","0.4705"
"40.9520","0.3746","0.4716"
"40.9720","0.3747","0.4727"
"40.9920","0.3747","0.4738"
"41.0120","0.3748","0.4750"
"41.0320","0.3749","0.4762"
"41.0520","0.3750","0.4772"
"41.0720","0.3751","0.4784"
"41.0920","0.3752","0.4795"
"41.1120","0.3753","0.4806"
"41.1320","0.3754","0.4816"
"41.1520","0.3754","0.4827"
"41.1720","0.3755","0.4838"
"41.1920","0.3756","0.4849"
"41.2120","0.3757","0.4859"
"41.2320","0.3758","0.4869"
"41.2520","0.3759","0.4879"
"41.2720","0.3759","0.4889"
"41.2920","0.3760","0.4898"
"41.3120","0.3761","0.4908"
"41.3320","0.3762","0.4918"
"41.3520","0.3763","0.4927"
"41.3720","0.3763","0.4938"
"41.3920","0.3764","0.4947"
"41.4120","0.3765","0.4956"
"41.4320","0.3766","0.4966"
"41.4520","0.3767","0.4977"
"41.4720","0.3767","0.4986"
"41.4920","0.3768","0.4996"
"41.5120","0.3769","0.5005"
"41.5320","0.3770","0.5015"
"41.5520","0.3770","0.5024"
"41.5720","0.3771","0.5034"
"41.5920","0.3772","0.5045"
"41.6120","0.3773","0.5055"
"41.6320","0.3774","0.5064"
"41.6520","0.3774","0.5074"
"41.6720","0.3775","0.5084"
"41.6920","0.3776","0.5094"
"41.7120","0.3777","0.5104"
"41.7320","0.3777","0.5114"
"41.7520","0.3778","0.5124"
"41.7720","0.3779","0.5134"
"41.7920","0.3780","0.5144"
"41.8120","0.3781","0.5153"
"41.8320","0.3781","0.5163"
"41.8520","0.3782","0.5172"
"41.8720","0.3783","0.5182"
"41.8920","0.3784","0.5192"
"41.9120","0.3784","0.5200"
"41.9320","0.3785","0.5210"
"41.9520","0.3786","0.5220"
"41.9720","0.3787","0.5229"
"41.9920","0.3787","0.5239"
"42.0120","0.3788","0.5248"
"42.0320","0.3789","0.5257"
"42.0520","0.3790","0.5267"
"42.0720","0.3790","0.5277"
"42.0920","0.3791","0.5286"
"42.1120","0.3792","0.5294"
"42.1320","0.3792","0.5303"
"42.1520","0.3793","0.5312"
"42.1720","0.3794","0.5321"
"42.1920","0.3795","0.5330"
"42.2120","0.3795","0.5338"
"42.2320","0.3796","0.5347"
"42.2520","0.3797","0.5356"
"42.2720","0.3797","0.5365"
"42.2920","0.3798","0.5374"
"42.3120","0.3799","0.5382"
"42.3320","0.3799","0.5390"
"42.3520","0.3800","0.5399"
"42.3720","0.3801","0.5408"
"42.3920","0.3801","0.5417"
"42.4120","0.3802","0.5427"
"42.4320","0.3803","0.5435"
"42.4520","0.3804","0.5444"
"42.4720","0.3804","0.5454"
"42.4920","0.3805","0.5463"
"42.5120","0.3806","0.5473"
"42.5320","0.3806","0.5482"
"42.5520","0.3807","0.5492"
"42.5720","0.3808","0.5502"
"42.5920","0.3809","0.5512"
"42.6120","0.3809","0.5523"
"42.6320","0.3810","0.5533"
"42.6520","0.3811","0.5543"
"42.6720","0.3812","0.5553"
"42.6920","0.3812","0.5564"
"42.7120","0.3813","0.5575"
"42.7320","0.3814","0.5586"
"42.7520","0.3815","0.5598"
"42.7720","0.3816","0.5609"
"42.7920","0.3816","0.5620"
"42.8120","0.3817","0.5631"
"42.8320","0.3818","0.5642"
"42.8520","0.3819","0.5653"
"42.8720","0.3820","0.5663"
"42.8920","0.3820","0.5675"
"42.9120","0.3821","0.5686"
"42.9320","0.3822","0.5697"
"42.9520","0.3823","0.5707"
"42.9720","0.3824","0.5718"
"42.9920","0.3824","0.5730"
"43.0120","0.3825","0.5741"
"43.0320","0.3826","0.5752"
"43.0520","0.3827","0.5762"
"43.0720","0.3827","0.5772"
"43.0920","0.3828","0.5782"
"43.1120","0.3829","0.5791"
"43.1320","0.3830","0.5803"
"43.1520","0.3830","0.5813"
"43.1720","0.3831","0.5821"
"43.1920","0.3832","0.5831"
"43.2120","0.3833","0.5841"
"43.2320","0.3833","0.5850"
"43.2520","0.3834","0.5859"
"43.2720","0.3835","0.5868"
"43.2920","0.3836","0.5878"
"43.3120","0.3836","0.5887"
"43.3320","0.3837","0.5897"
"43.3520","0.3838","0.5906"
"43.3720","0.3838","0.5915"
"43.3920","0.3839","0.5926"
"43.4120","0.3840","0.5935"
"43.4320","0.3840","0.5944"
"43.4520","0.3841","0.5953"
"43.4720","0.3842","0.5963"
"43.4920","0.3843","0.5972"
"43.5120","0.3843","0.5982"
"43.5320","0.3844","0.5993"
"43.5520","0.3845","0.6003"
"43.5720","0.3845","0.6013"
"43.5920","0.3846","0.6023"
"43.6120","0.3847","0.6033"
"43.6320","0.3848","0.6044"
"43.6520","0.3849","0.6055"
"43.6720","0.3849","0.6066"
"43.6920","0.3850","0.6077"
"43.7120","0.3851","0.6087"
"43.7320","0.3852","0.6098"
"43.7520","0.3852","0.6109"
"43.7720","0.3853","0.6120"
"43.7920","0.3854","0.6130"
"43.8120","0.3855","0.6141"
"43.8320","0.3855","0.6151"
"43.8520","0.3856","0.6161"
"43.8720","0.3857","0.6171"
"43.8920","0.3858","0.6182"
"43.9120","0.3858","0.6193"
"43.9320","0.3859","0.6202"
"43.9520","0.3860","0.6211"
"43.9720","0.3861","0.6221"
"43.9920","0.3861","0.6232"
"44.0120","0.3862","0.6242"
"44.0320","0.3863","0.6251"
"44.0520","0.3863","0.6261"
"44.0720","0.3864","0.6270"
"44.0920","0.3865","0.6280"
"44.1120","0.3866","0.6289"
"44.1320","0.3866","0.6299"
"44.1520","0.3867","0.6308"
"44.1720","0.3868","0.6318"
"44.1920","0.3868","0.6328"
"44.2120","0.3869","0.6337"
"44.2320","0.3870","0.6346"
"44.2520","0.3871","0.6357"
"44.2720","0.3871","0.6366"
"44.2920","0.3872","0.6377"
"44.3120","0.3873","0.6387"
"44.3320","0.3873","0.6396"
"44.3520","0.3874","0.6406"
"44.3720","0.3875","0.6415"
"44.3920","0.3876","0.6426"
"44.4120","0.3876","0.6436"
"44.4320","0.3877","0.6445"
"44.4520","0.3878","0.6455"
"44.4720","0.3879","0.6466"
"44.4920","0.3879","0.6477"
"44.5120","0.3880","0.6486"
"44.5320","0.3881","0.6495"
"44.5520","0.3881","0.6505"
"44.5720","0.3882","0.6514"
"44.5920","0.3883","0.6524"
"44.6120","0.3884","0.6534"
"44.6320","0.3884","0.6544"
"44.6520","0.3885","0.6553"
"44.6720","0.3886","0.6562"
"44.6920","0.3886","0.6572"
"44.7120","0.3887","0.6582"
"44.7320","0.3888","0.6591"
"44.7520","0.3889","0.6602"
"44.7720","0.3889","0.6611"
"44.7920","0.3890","0.6621"
"44.8120","0.3891","0.6630"
"44.8320","0.3891","0.6640"
"44.8520","0.3892","0.6648"
"44.8720","0.3893","0.6658"
"44.8920","0.3893","0.6667"
"44.9120","0.3894","0.6676"
"44.9320","0.3895","0.6685"
"44.9520","0.3896","0.6695"
"44.9720","0.3896","0.6704"
"44.9920","0.3897","0.6712"
"45.0120","0.3898","0.6721"
"45.0320","0.3898","0.6731"
"45.0520","0.3899","0.6739"
"45.0720","0.3900","0.6748"
"45.0920","0.3900","0.6758"
"45.1120","0.3901","0.6767"
"45.1320","0.3902","0.6776"
"45.1520","0.3902","0.6785"
"45.1720","0.3903","0.6794"
"45.1920","0.3904","0.6803"
"45.2120","0.3904","0.6813"
"45.2320","0.3905","0.6822"
"45.2520","0.3906","0.6832"
"45.2720","0.3907","0.6842"
"45.2920","0.3907","0.6850"
"45.3120","0.3908","0.6861"
"45.3320","0.3909","0.6871"
"45.3520","0.3910","0.6882"
"45.3720","0.3910","0.6891"
"45.3920","0.3911","0.6901"
"45.4120","0.3912","0.6911"
"45.4320","0.3913","0.6921"
"45.4520","0.3913","0.6932"
"45.4720","0.3914","0.6943"
"45.4920","0.3915","0.6953"
"45.5120","0.3915","0.6963"
"45.5320","0.3916","0.6973"
"45.5520","0.3917","0.6984"
"45.5720","0.3918","0.6995"
"45.5920","0.3919","0.7006"
"45.6120","0.3919","0.7017"
"45.6320","0.3920","0.7027"
"45.6520","0.3921","0.7038"
"45.6720","0.3922","0.7049"
"45.6920","0.3923","0.7060"
"45.7120","0.3923","0.7070"
"45.7320","0.3924","0.7081"
"45.7520","0.3925","0.7093"
"45.7720","0.3926","0.7104"
"45.7920","0.3927","0.7114"
"45.8120","0.3927","0.7125"
"45.8320","0.3928","0.7135"
"45.8520","0.3929","0.7146"
"45.8720","0.3930","0.7156"
"45.8920","0.3931","0.7166"
"45.9120","0.3931","0.7176"
"45.9320","0.3932","0.7186"
"45.9520","0.3933","0.7195"
"45.9720","0.3934","0.7206"
"45.9920","0.3934","0.7216"
"46.0120","0.3935","0.7226"
"46.0320","0.3936","0.7235"
"46.0520","0.3937","0.7245"
"46.0720","0.3937","0.7254"
"46.0920","0.3938","0.7263"
"46.1120","0.3939","0.7273"
"46.1320","0.3940","0.7283"
"46.1520","0.3941","0.7293"
"46.1720","0.3941","0.7303"
"46.1920","0.3942","0.7313"
"46.2120","0.3943","0.7323"
"46.2320","0.3944","0.7334"
"46.2520","0.3945","0.7345"
"46.2720","0.3945","0.7357"
"46.2920","0.3946","0.7368"
"46.3120","0.3947","0.7379"
"46.3320","0.3948","0.7390"
"46.3520","0.3949","0.7402"
"46.3720","0.3950","0.7414"
"46.3920","0.3951","0.7426"
"46.4120","0.3951","0.7437"
"46.4320","0.3952","0.7448"
"46.4520","0.3953","0.7460"
"46.4720","0.3954","0.7472"
"46.4920","0.3955","0.7484"
"46.5120","0.3956","0.7495"
"46.5320","0.3957","0.7506"
"46.5520","0.3958","0.7517"
"46.5720","0.3959","0.7528"
"46.5920","0.3959","0.7538"
"46.6120","0.3960","0.7549"
"46.6320","0.3961","0.7560"
"46.6520","0.3962","0.7570"
"46.6720","0.3963","0.7580"
"46.6920","0.3964","0.7590"
"46.7120","0.3965","0.7600"
"46.7320","0.3966","0.7611"
"46.7520","0.3966","0.7621"
"46.7720","0.3967","0.7630"
"46.7920","0.3968","0.7642"
"46.8120","0.3969","0.7652"
"46.8320","0.3970","0.7661"
"46.8520","0.3971","0.7671"
"46.8720","0.3972","0.7682"
"46.8920","0.3973","0.7692"
"46.9120","0.3973","0.7703"
"46.9320","0.3974","0.7713"
"46.9520","0.3975","0.7723"
"46.9720","0.3976","0.7734"
"46.9920","0.3977","0.7745"
"47.0120","0.3978","0.7756"
"47.0320","0.3979","0.7766"
"47.0520","0.3980","0.7776"
"47.0720","0.3981","0.7787"
"47.0920","0.3982","0.7797"
"47.1120","0.3982","0.7807"
"47.1320","0.3983","0.7817"
"47.1520","0.3984","0.7827"
"47.1720","0.3985","0.7837"
"47.1920","0.3986","0.7847"
"47.2120","0.3987","0.7858"
"47.2320","0.3988","0.7868"
"47.2520","0.3989","0.7878"
"47.2720","0.3990","0.7888"
"47.2920","0.3991","0.7897"
"47.3120","0.3992","0.7908"
"47.3320","0.3993","0.7917"
"47.3520","0.3993","0.7926"
"47.3720","0.3994","0.7935"
"47.3920","0.3995","0.7943"
"47.4120","0.3996","0.7952"
"47.4320","0.3997","0.7961"
"47.4520","0.3998","0.7969"
"47.4720","0.3999","0.7977"
"47.4920","0.3999","0.7985"
"47.5120","0.4000","0.7993"
"47.5280","0.4001","0.8000"
"47.5290","0.4001","0.8000"
"47.5300","0.4001","0.8001"
"47.5500","0.4002","0.8009"
"47.5700","0.4003","0.8012"
"47.5900","0.4003","0.8009"
"47.6100","0.4003","0.8004"
"47.6300","0.4003","0.7997"
"47.6500","0.4004","0.7990"
"47.6700","0.4004","0.7982"
"47.6900","0.4004","0.7975"
"47.7100","0.4004","0.7967"
"47.7300","0.4004","0.7959"
"47.7500","0.4004","0.7951"
"47.7700","0.4004","0.7943"
"47.7900","0.4004","0.7934"
"47.8100","0.4004","0.7927"
"47.8300","0.4004","0.7920"
"47.8500","0.4004","0.7912"
"47.8700","0.4004","0.7905"
"47.8900","0.4004","0.7897"
"47.9100","0.4004","0.7890"
"47.9300","0.4004","0.7883"
"47.9500","0.4004","0.7876"
"47.9700","0.4004","0.7868"
"47.9900","0.4004","0.7862"
"48.0100","0.4004","0.7856"
"48.0300","0.4004","0.7850"
"48.0500","0.4004","0.7843"
"48.0700","0.4004","0.7836"
"48.0900","0.4004","0.7830"
"48.1100","0.4004","0.7823"
"48.1300","0.4004","0.7818"
"48.1500","0.4004","0.7812"
"48.1700","0.4004","0.7805"
"48.1900","0.4003","0.7799"
"48.2100","0.4003","0.7793"
"48.2300","0.4003","0.7788"
"48.2500","0.4003","0.7782"
"48.2700","0.4003","0.7776"
"48.2900","0.4003","0.7770"
"48.3100","0.4003","0.7764"
"48.3300","0.4003","0.7758"
"48.3500","0.4003","0.7752"
"48.3700","0.4003","0.7746"
"48.3900","0.4002","0.7740"
"48.4100","0.4002","0.7735"
"48.4300","0.4002","0.7728"
"48.4500","0.4002","0.7722"
"48.4700","0.4002","0.7716"
"48.4900","0.4002","0.7709"
"48.5100","0.4002","0.7703"
"48.5300","0.4002","0.7696"
"48.5500","0.4001","0.7689"
"48.5700","0.4001","0.7683"
"48.5900","0.4001","0.7677"
"48.6100","0.4001","0.7671"
"48.6300","0.4001","0.7664"
"48.6500","0.4001","0.7657"
"48.6700","0.4000","0.7650"
"48.6900","0.4000","0.7643"
"48.7100","0.4000","0.7636"
"48.7300","0.4000","0.7629"
"48.7500","0.4000","0.7621"
"48.7700","0.3999","0.7614"
"48.7900","0.3999","0.7607"
"48.8100","0.3999","0.7600"
"48.8300","0.3999","0.7593"
"48.8500","0.3998","0.7585"
"48.8700","0.3998","0.7577"
"48.8900","0.3998","0.7569"
"48.9100","0.3998","0.7561"
"48.9300","0.3998","0.7553"
"48.9500","0.3997","0.7546"
"48.9700","0.3997","0.7539"
"48.9900","0.3997","0.7530"
"49.0100","0.3997","0.7522"
"49.0300","0.3996","0.7514"
"49.0500","0.3996","0.7505"
"49.0700","0.3996","0.7497"
"49.0900","0.3995","0.7489"
"49.1100","0.3995","0.7481"
"49.1300","0.3995","0.7473"
"49.1500","0.3995","0.7464"
"49.1700","0.3994","0.7456"
"49.1900","0.3994","0.7446"
"49.2100","0.3994","0.7437"
"49.2300","0.3993","0.7429"
"49.2500","0.3993","0.7421"
"49.2700","0.3993","0.7411"
"49.2900","0.3992","0.7402"
"49.3100","0.3992","0.7394"
"49.3300","0.3992","0.7385"
"49.3500","0.3992","0.7378"
"49.3700","0.3991","0.7370"
"49.3900","0.3991","0.7360"
"49.4100","0.3991","0.7349"
"49.4300","0.3990","0.7339"
"49.4500","0.3990","0.7330"
"49.4700","0.3990","0.7321"
"49.4900","0.3989","0.7311"
"49.5100","0.3989","0.7302"
"49.5300","0.3989","0.7292"
"49.5500","0.3988","0.7282"
"49.5700","0.3988","0.7273"
"49.5900","0.3987","0.7264"
"49.6100","0.3987","0.7254"
"49.6300","0.3987","0.7244"
"49.6500","0.3986","0.7234"
"49.6700","0.3986","0.7223"
"49.6900","0.3986","0.7214"
"49.7100","0.3985","0.7203"
"49.7300","0.3985","0.7193"
"49.7500","0.3985","0.7183"
"49.7700","0.3984","0.7174"
"49.7900","0.3984","0.7163"
"49.8100","0.3983","0.7152"
"49.8300","0.3983","0.7141"
"49.8500","0.3983","0.7131"
"49.8700","0.3982","0.7121"
"49.8900","0.3982","0.7110"
"49.9100","0.3981","0.7099"
"49.9300","0.3981","0.7088"
"49.9500","0.3981","0.7078"
"49.9700","0.3980","0.7067"
"49.9900","0.3980","0.7056"
"50.0100","0.3979","0.7045"
"50.0300","0.3979","0.7034"
"50.0500","0.3978","0.7023"
"50.0700","0.3978","0.7012"
"50.0900","0.3978","0.7001"
"50.1100","0.3977","0.6990"
"50.1300","0.3977","0.6980"
"50.1500","0.3976","0.6968"
"50.1700","0.3976","0.6957"
"50.1900","0.3975","0.6945"
"50.2100","0.3975","0.6934"
"50.2300","0.3974","0.6923"
"50.2500","0.3974","0.6911"
"50.2700","0.3974","0.6900"
"50.2900","0.3973","0.6888"
"50.3100","0.3973","0.6876"
"50.3300","0.3972","0.6864"
"50.3500","0.3972","0.6852"
"50.3700","0.3971","0.6841"
"50.3900","0.3971","0.6829"
"50.4100","0.3970","0.6817"
"50.4300","0.3970","0.6806"
"50.4500","0.3969","0.6794"
"50.4700","0.3969","0.6783"
"50.4900","0.3968","0.6770"
"50.5100","0.3968","0.6759"
"50.5300","0.3968","0.6748"
"50.5500","0.3967","0.6736"
"50.5700","0.3967","0.6725"
"50.5900","0.3966","0.6713"
"50.6100","0.3966","0.6701"
"50.6300","0.3965","0.6690"
"50.6500","0.3965","0.6678"
"50.6700","0.3964","0.6667"
"50.6900","0.3964","0.6656"
"50.7100","0.3963","0.6645"
"50.7300","0.3963","0.6633"
"50.7500","0.3962","0.6622"
"50.7700","0.3962","0.6610"
"50.7900","0.3961","0.6598"
"50.8100","0.3961","0.6587"
"50.8300","0.3961","0.6576"
"50.8500","0.3960","0.6565"
"50.8700","0.3960","0.6554"
"50.8900","0.3959","0.6542"
"50.9100","0.3959","0.6531"
"50.9300","0.3958","0.6519"
"50.9500","0.3958","0.6508"
"50.9700","0.3957","0.6496"
"50.9900","0.3957","0.6486"
"51.0100","0.3956","0.6474"
"51.0300","0.3956","0.6462"
"51.0500","0.3955","0.6451"
"51.0700","0.3955","0.6440"
"51.0900","0.3954","0.6428"
"51.1100","0.3954","0.6417"
"51.1300","0.3953","0.6405"
"51.1500","0.3953","0.6393"
"51.1700","0.3952","0.6381"
"51.1900","0.3952","0.6369"
"51.2100","0.3951","0.6357"
"51.2300","0.3951","0.6345"
"51.2500","0.3950","0.6333"
"51.2700","0.3950","0.6320"
"51.2900","0.3949","0.6308"
"51.3100","0.3949","0.6297"
"51.3300","0.3948","0.6285"
"51.3500","0.3948","0.6273"
"51.3700","0.3947","0.6260"
"51.3900","0.3947","0.6248"
"51.4100","0.3946","0.6237"
"51.4300","0.3946","0.6225"
"51.4500","0.3945","0.6212"
"51.4700","0.3945","0.6200"
"51.4900","0.3944","0.6188"
"51.5100","0.3944","0.6177"
"51.5300","0.3943","0.6165"
"51.5500","0.3943","0.6153"
"51.5700","0.3942","0.6141"
"51.5900","0.3942","0.6130"
"51.6100","0.3941","0.6118"
"51.6300","0.3941","0.6106"
"51.6500","0.3940","0.6094"
"51.6700","0.3940","0.6083"
"51.6900","0.3939","0.6072"
"51.7100","0.3939","0.6061"
"51.7300","0.3938","0.6050"
"51.7500","0.3938","0.6038"
"51.7700","0.3937","0.6026"
"51.7900","0.3937","0.6016"
"51.8100","0.3936","0.6004"
"51.8300","0.3936","0.5993"
"51.8500","0.3935","0.5982"
"51.8700","0.3935","0.5971"
"51.8900","0.3934","0.5959"
"51.9100","0.3934","0.5949"
"51.9300","0.3933","0.5937"
"51.9500","0.3933","0.5926"
"51.9700","0.3932","0.5915"
"51.9900","0.3932","0.5904"
"52.0100","0.3931","0.5892"
"52.0300","0.3931","0.5881"
"52.0500","0.3930","0.5869"
"52.0700","0.3930","0.5859"
"52.0900","0.3929","0.5848"
"52.1100","0.3929","0.5837"
"52.1300","0.3928","0.5825"
"52.1500","0.3928","0.5815"
"52.1700","0.3927","0.5804"
"52.1900","0.3927","0.5793"
"52.2100","0.3926","0.5781"
"52.2300","0.3926","0.5770"
"52.2500","0.3925","0.5759"
"52.2700","0.3925","0.5748"
"52.2900","0.3924","0.5737"
"52.3100","0.3924","0.5727"
"52.3300","0.3923","0.5717"
"52.3500","0.3923","0.5705"
"52.3700","0.3922","0.5694"
"52.3900","0.3922","0.5683"
"52.4100","0.3921","0.5672"
"52.4300","0.3921","0.5661"
"52.4500","0.3920","0.5650"
"52.4700","0.3920","0.5640"
"52.4900","0.3919","0.5630"
"52.5100","0.3919","0.5618"
"52.5300","0.3918","0.5608"
"52.5500","0.3918","0.5597"
"52.5700","0.3917","0.5585"
"52.5900","0.3917","0.5575"
"52.6100","0.3916","0.5563"
"52.6300","0.3916","0.5552"
"52.6500","0.3915","0.5542"
"52.6700","0.3915","0.5531"
"52.6900","0.3914","0.5520"
"52.7100","0.3913","0.5510"
"52.7300","0.3913","0.5498"
"52.7500","0.3912","0.5487"
"52.7700","0.3912","0.5476"
"52.7900","0.3911","0.5465"
"52.8100","0.3911","0.5455"
"52.8300","0.3910","0.5444"
"52.8500","0.3910","0.5432"
"52.8700","0.3909","0.5421"
"52.8900","0.3909","0.5410"
"52.9100","0.3908","0.5400"
"52.9300","0.3908","0.5388"
"52.9500","0.3907","0.5378"
"52.9700","0.3907","0.5366"
"52.9900","0.3906","0.5356"
"53.0100","0.3906","0.5345"
"53.0300","0.3905","0.5335"
"53.0500","0.3905","0.5324"
"53.0700","0.3904","0.5313"
"53.0900","0.3904","0.5302"
"53.1100","0.3903","0.5292"
"53.1300","0.3902","0.5282"
"53.1500","0.3902","0.5272"
"53.1700","0.3901","0.5261"
"53.1900","0.3901","0.5251"
"53.2100","0.3900","0.5240"
"53.2300","0.3900","0.5230"
"53.2500","0.3899","0.5221"
"53.2700","0.3899","0.5210"
"53.2900","0.3898","0.5200"
"53.3100","0.3898","0.5190"
"53.3300","0.3897","0.5180"
"53.3500","0.3897","0.5169"
"53.3700","0.3896","0.5160"
"53.3900","0.3896","0.5150"
"53.4100","0.3895","0.5140"
"53.4300","0.3895","0.5129"
"53.4500","0.3894","0.5120"
"53.4700","0.3894","0.5110"
"53.4900","0.3893","0.5100"
"53.5100","0.3893","0.5089"
"53.5300","0.3892","0.5078"
"53.5500","0.3892","0.5068"
"53.5700","0.3891","0.5058"
"53.5900","0.3891","0.5048"
"53.6100","0.3890","0.5038"
"53.6300","0.3890","0.5028"
"53.6500","0.3889","0.5017"
"53.6700","0.3889","0.5007"
"53.6900","0.3888","0.4997"
"53.7100","0.3888","0.4987"
"53.7300","0.3887","0.4976"
"53.7500","0.3886","0.4966"
"53.7700","0.3886","0.4954"
"53.7900","0.3885","0.4944"
"53.8100","0.3885","0.4935"
"53.8300","0.3884","0.4925"
"53.8500","0.3884","0.4914"
"53.8700","0.3883","0.4903"
"53.8900","0.3883","0.4893"
"53.9100","0.3882","0.4882"
"53.9300","0.3882","0.4871"
"53.9500","0.3881","0.4860"
"53.9700","0.3880","0.4850"
"53.9900","0.3880","0.4839"
"54.0100","0.3879","0.4828"
"54.0300","0.3879","0.4818"
"54.0500","0.3878","0.4807"
"54.0700","0.3877","0.4796"
"54.0900","0.3877","0.4784"
"54.1100","0.3876","0.4774"
"54.1300","0.3876","0.4763"
"54.1500","0.3875","0.4752"
"54.1700","0.3875","0.4741"
"54.1900","0.3874","0.4730"
"54.2100","0.3873","0.4719"
"54.2300","0.3873","0.4708"
"54.2500","0.3872","0.4696"
"54.2700","0.3872","0.4686"
"54.2900","0.3871","0.4675"
"54.3100","0.3870","0.4664"
"54.3300","0.3870","0.4653"
"54.3500","0.3869","0.4641"
"54.3700","0.3869","0.4631"
"54.3900","0.3868","0.4620"
"54.4100","0.3868","0.4610"
"54.4300","0.3867","0.4599"
"54.4500","0.3866","0.4590"
"54.4700","0.3866","0.4578"
"54.4900","0.3865","0.4568"
"54.5100","0.3865","0.4557"
"54.5300","0.3864","0.4547"
"54.5500","0.3864","0.4536"
"54.5700","0.3863","0.4527"
"54.5900","0.3862","0.4519"
"54.6100","0.3862","0.4509"
"54.6300","0.3861","0.4498"
"54.6500","0.3861","0.4488"
"54.6700","0.3860","0.4478"
"54.6900","0.3860","0.4468"
"54.7100","0.3859","0.4458"
"54.7300","0.3858","0.4449"
"54.7500","0.3858","0.4439"
"54.7700","0.3857","0.4429"
"54.7900","0.3857","0.4419"
"54.8100","0.3856","0.4409"
"54.8300","0.3856","0.4399"
"54.8500","0.3855","0.4389"
"54.8700","0.3854","0.4379"
"54.8900","0.3854","0.4369"
"54.9100","0.3853","0.4359"
"54.9300","0.3853","0.4348"
"54.9500","0.3852","0.4338"
"54.9700","0.3852","0.4328"
"54.9900","0.3851","0.4318"
"55.0100","0.3850","0.4306"
"55.0300","0.3850","0.4296"
"55.0500","0.3849","0.4285"
"55.0700","0.3848","0.4273"
"55.0900","0.3848","0.4262"
"55.1100","0.3847","0.4252"
"55.1300","0.3847","0.4241"
"55.1500","0.3846","0.4230"
"55.1700","0.3845","0.4218"
"55.1900","0.3845","0.4208"
"55.2100","0.3844","0.4198"
"55.2300","0.3843","0.4187"
"55.2500","0.3843","0.4177"
"55.2700","0.3842","0.4165"
"55.2900","0.3841","0.4154"
"55.3100","0.3841","0.4143"
"55.3300","0.3840","0.4133"
"55.3500","0.3840","0.4122"
"55.3700","0.3839","0.4112"
"55.3900","0.3838","0.4101"
"55.4100","0.3838","0.4092"
"55.4300","0.3837","0.4081"
"55.4500","0.3836","0.4070"
"55.4700","0.3836","0.4060"
"55.4900","0.3835","0.4050"
"55.5100","0.3835","0.4041"
"55.5300","0.3834","0.4030"
"55.5500","0.3833","0.4019"
"55.5700","0.3833","0.4010"
"55.5900","0.3832","0.4000"
"55.6100","0.3832","0.3990"
"55.6300","0.3831","0.3979"
"55.6500","0.3830","0.3969"
"55.6700","0.3830","0.3960"
"55.6900","0.3829","0.3950"
"55.7100","0.3828","0.3939"
"55.7300","0.3828","0.3929"
"55.7500","0.3827","0.3919"
"55.7700","0.3826","0.3909"
"55.7900","0.3826","0.3898"
"55.8100","0.3825","0.3888"
"55.8300","0.3825","0.3878"
"55.8500","0.3824","0.3867"
"55.8700","0.3823","0.3857"
"55.8900","0.3823","0.3846"
"55.9100","0.3822","0.3835"
"55.9300","0.3821","0.3825"
"55.9500","0.3821","0.3814"
"55.9700","0.3820","0.3803"
"55.9900","0.3819","0.3793"
"56.0100","0.3818","0.3782"
"56.0300","0.3818","0.3770"
"56.0500","0.3817","0.3760"
"56.0700","0.3816","0.3750"
"56.0900","0.3816","0.3739"
"56.1100","0.3815","0.3728"
"56.1300","0.3814","0.3717"
"56.1500","0.3814","0.3707"
"56.1700","0.3813","0.3696"
"56.1900","0.3812","0.3685"
"56.2100","0.3812","0.3675"
"56.2300","0.3811","0.3665"
"56.2500","0.3810","0.3655"
"56.2700","0.3810","0.3644"
"56.2900","0.3809","0.3633"
"56.3100","0.3808","0.3623"
"56.3300","0.3807","0.3613"
"56.3500","0.3807","0.3602"
"56.3700","0.3806","0.3592"
"56.3900","0.3805","0.3581"
"56.4100","0.3805","0.3571"
"56.4300","0.3804","0.3562"
"56.4500","0.3803","0.3552"
"56.4700","0.3803","0.3543"
"56.4900","0.3802","0.3533"
"56.5100","0.3801","0.3523"
"56.5300","0.3801","0.3513"
"56.5500","0.3800","0.3505"
"56.5700","0.3799","0.3496"
"56.5900","0.3799","0.3487"
"56.6100","0.3798","0.3478"
"56.6300","0.3797","0.3468"
"56.6500","0.3797","0.3458"
"56.6700","0.3796","0.3450"
"56.6900","0.3796","0.3442"
"56.7100","0.3795","0.3432"
"56.7300","0.3794","0.3423"
"56.7500","0.3794","0.3414"
"56.7700","0.3793","0.3405"
"56.7900","0.3792","0.3396"
"56.8100","0.3792","0.3387"
"56.8300","0.3791","0.3377"
"56.8500","0.3790","0.3368"
"56.8700","0.3790","0.3359"
"56.8900","0.3789","0.3349"
"56.9100","0.3788","0.3340"
"56.9300","0.3788","0.3330"
"56.9500","0.3787","0.3321"
"56.9700","0.3786","0.3311"
"56.9900","0.3786","0.3301"
"57.0100","0.3785","0.3292"
"57.0300","0.3784","0.3281"
"57.0500","0.3783","0.3271"
"57.0700","0.3783","0.3262"
"57.0900","0.3782","0.3252"
"57.1100","0.3781","0.3242"
"57.1300","0.3781","0.3231"
"57.1500","0.3780","0.3221"
"57.1700","0.3779","0.3210"
"57.1900","0.3778","0.3200"
"57.2100","0.3777","0.3189"
"57.2300","0.3777","0.3179"
"57.2500","0.3776","0.3169"
"57.2700","0.3775","0.3158"
"57.2900","0.3774","0.3146"
"57.3100","0.3774","0.3135"
"57.3300","0.3773","0.3124"
"57.3500","0.3772","0.3114"
"57.3700","0.3771","0.3102"
"57.3900","0.3770","0.3091"
"57.4100","0.3770","0.3080"
"57.4300","0.3769","0.3070"
"57.4500","0.3768","0.3060"
"57.4700","0.3767","0.3048"
"57.4900","0.3766","0.3037"
"57.5100","0.3765","0.3026"
"57.5300","0.3765","0.3016"
"57.5500","0.3764","0.3006"
"57.5700","0.3763","0.2997"
"57.5900","0.3762","0.2987"
"57.6100","0.3761","0.2977"
"57.6300","0.3761","0.2968"
"57.6500","0.3760","0.2957"
"57.6700","0.3759","0.2947"
"57.6900","0.3758","0.2939"
"57.7100","0.3758","0.2930"
"57.7300","0.3757","0.2920"
"57.7500","0.3756","0.2910"
"57.7700","0.3755","0.2900"
"57.7900","0.3755","0.2891"
"57.8100","0.3754","0.2881"
"57.8300","0.3753","0.2870"
"57.8500","0.3752","0.2860"
"57.8700","0.3751","0.2850"
"57.8900","0.3751","0.2839"
"57.9100","0.3750","0.2829"
"57.9300","0.3749","0.2819"
"57.9500","0.3748","0.2809"
"57.9700","0.3747","0.2798"
"57.9900","0.3746","0.2786"
"58.0100","0.3745","0.2775"
"58.0300","0.3744","0.2765"
"58.0500","0.3743","0.2753"
"58.0700","0.3743","0.2742"
"58.0900","0.3742","0.2731"
"58.1100","0.3741","0.2720"
"58.1300","0.3740","0.2710"
"58.1500","0.3739","0.2699"
"58.1700","0.3738","0.2689"
"58.1900","0.3737","0.2679"
"58.2100","0.3736","0.2668"
"58.2300","0.3736","0.2658"
"58.2500","0.3735","0.2648"
"58.2700","0.3734","0.2639"
"58.2900","0.3733","0.2629"
"58.3100","0.3732","0.2619"
"58.3300","0.3731","0.2609"
"58.3500","0.3730","0.2600"
"58.3700","0.3730","0.2590"
"58.3900","0.3729","0.2580"
"58.4100","0.3728","0.2570"
"58.4300","0.3727","0.2561"
"58.4500","0.3726","0.2551"
"58.4700","0.3725","0.2541"
"58.4900","0.3724","0.2531"
"58.5100","0.3723","0.2521"
"58.5300","0.3722","0.2511"
"58.5500","0.3722","0.2501"
"58.5700","0.3721","0.2492"
"58.5900","0.3720","0.2482"
"58.6100","0.3719","0.2473"
"58.6300","0.3718","0.2463"
"58.6500","0.3717","0.2453"
"58.6700","0.3716","0.2443"
"58.6900","0.3715","0.2433"
"58.7100","0.3714","0.2424"
"58.7300","0.3714","0.2414"
"58.7500","0.3713","0.2404"
"58.7700","0.3712","0.2394"
"58.7900","0.3711","0.2385"
"58.8100","0.3710","0.2374"
"58.8300","0.3709","0.2364"
"58.8500","0.3708","0.2355"
"58.8700","0.3707","0.2345"
"58.8900","0.3706","0.2334"
"58.9100","0.3705","0.2325"
"58.9300","0.3704","0.2315"
"58.9500","0.3703","0.2305"
"58.9700","0.3702","0.2295"
"58.9900","0.3701","0.2287"
"59.0100","0.3700","0.2278"
"59.0300","0.3700","0.2268"
"59.0500","0.3699","0.2257"
"59.0700","0.3698","0.2248"
"59.0900","0.3697","0.2240"
"59.1100","0.3696","0.2231"
"59.1300","0.3695","0.2222"
"59.1500","0.3694","0.2214"
"59.1700","0.3693","0.2204"
"59.1900","0.3692","0.2194"
"59.2100","0.3691","0.2186"
"59.2300","0.3690","0.2177"
"59.2500","0.3689","0.2167"
"59.2700","0.3689","0.2159"
"59.2900","0.3688","0.2149"
"59.3100","0.3687","0.2139"
"59.3300","0.3686","0.2130"
"59.3500","0.3685","0.2119"
"59.3700","0.3684","0.2109"
"59.3900","0.3682","0.2099"
"59.4100","0.3681","0.2089"
"59.4300","0.3680","0.2077"
"59.4500","0.3679","0.2067"
"59.4700","0.3678","0.2056"
"59.4900","0.3677","0.2044"
"59.5100","0.3676","0.2033"
"59.5300","0.3675","0.2023"
"59.5500","0.3674","0.2011"
"59.5700","0.3672","0.1999"
"59.5900","0.3671","0.1987"
"59.6100","0.3670","0.1975"
"59.6300","0.3669","0.1963"
"59.6500","0.3667","0.1952"
"59.6700","0.3666","0.1941"
"59.6900","0.3665","0.1929"
"59.7100","0.3664","0.1919"
"59.7300","0.3663","0.1909"
"59.7500","0.3661","0.1898"
"59.7700","0.3660","0.1888"
"59.7900","0.3659","0.1878"
"59.8100","0.3658","0.1869"
"59.8300","0.3657","0.1859"
"59.8500","0.3656","0.1849"
"59.8700","0.3655","0.1841"
"59.8900","0.3654","0.1832"
"59.9100","0.3653","0.1823"
"59.9300","0.3651","0.1813"
"59.9500","0.3650","0.1803"
"59.9700","0.3649","0.1793"
"59.9900","0.3648","0.1784"
"60.0100","0.3647","0.1774"
"60.0300","0.3646","0.1764"
"60.0500","0.3645","0.1754"
"60.0700","0.3643","0.1744"
"60.0900","0.3642","0.1735"
"60.1100","0.3641","0.1725"
"60.1300","0.3640","0.1715"
"60.1500","0.3639","0.1706"
"60.1700","0.3638","0.1697"
"60.1900","0.3636","0.1688"
"60.2100","0.3635","0.1679"
"60.2300","0.3634","0.1669"
"60.2500","0.3633","0.1661"
"60.2700","0.3632","0.1653"
"60.2900","0.3631","0.1646"
"60.3100","0.3630","0.1637"
"60.3300","0.3629","0.1629"
"60.3500","0.3628","0.1621"
"60.3700","0.3627","0.1612"
"60.3900","0.3626","0.1603"
"60.4100","0.3624","0.1595"
"60.4300","0.3623","0.1587"
"60.4500","0.3622","0.1578"
"60.4700","0.3621","0.1570"
"60.4900","0.3620","0.1561"
"60.5100","0.3619","0.1552"
"60.5300","0.3618","0.1543"
"60.5500","0.3616","0.1534"
"60.5700","0.3615","0.1525"
"60.5900","0.3614","0.1515"
"60.6100","0.3613","0.1506"
"60.6300","0.3611","0.1496"
"60.6500","0.3610","0.1487"
"60.6700","0.3609","0.1477"
"60.6900","0.3607","0.1467"
"60.7100","0.3606","0.1456"
"60.7300","0.3605","0.1447"
"60.7500","0.3603","0.1437"
"60.7700","0.3602","0.1427"
"60.7900","0.3601","0.1418"
"60.8100","0.3600","0.1409"
"60.8300","0.3598","0.1400"
"60.8500","0.3597","0.1390"
"60.8700","0.3596","0.1382"
"60.8900","0.3594","0.1373"
"60.9100","0.3593","0.1364"
"60.9300","0.3592","0.1356"
"60.9500","0.3590","0.1346"
"60.9700","0.3589","0.1337"
"60.9900","0.3588","0.1328"
"61.0100","0.3586","0.1319"
"61.0300","0.3585","0.1309"
"61.0500","0.3583","0.1299"
"61.0700","0.3582","0.1289"
"61.0900","0.3580","0.1278"
"61.1100","0.3579","0.1267"
"61.1300","0.3577","0.1257"
"61.1500","0.3576","0.1246"
"61.1700","0.3574","0.1234"
"61.1900","0.3572","0.1222"
"61.2100","0.3571","0.1210"
"61.2300","0.3569","0.1199"
"61.2500","0.3567","0.1187"
"61.2700","0.3565","0.1174"
"61.2900","0.3563","0.1164"
"61.3100","0.3562","0.1154"
"61.3300","0.3560","0.1144"
"61.3500","0.3558","0.1133"
"61.3700","0.3557","0.1125"
"61.3900","0.3555","0.1117"
"61.4100","0.3554","0.1109"
"61.4300","0.3552","0.1101"
"61.4500","0.3551","0.1092"
"61.4700","0.3549","0.1082"
"61.4900","0.3547","0.1073"
"61.5100","0.3546","0.1063"
"61.5300","0.3544","0.1052"
"61.5500","0.3542","0.1042"
"61.5700","0.3541","0.1032"
"61.5900","0.3539","0.1022"
"61.6100","0.3537","0.1013"
"61.6300","0.3535","0.1005"
"61.6500","0.3534","0.0996"
"61.6700","0.3532","0.0986"
"61.6900","0.3530","0.0977"
"61.7100","0.3529","0.0968"
"61.7300","0.3527","0.0959"
"61.7500","0.3525","0.0950"
"61.7700","0.3524","0.0941"
"61.7900","0.3522","0.0932"
"61.8100","0.3520","0.0922"
"61.8300","0.3518","0.0911"
"61.8500","0.3516","0.0900"
"61.8700","0.3514","0.0889"
"61.8900","0.3512","0.0877"
"61.9100","0.3509","0.0866"
"61.9300","0.3507","0.0852"
"61.9500","0.3505","0.0841"
"61.9700","0.3502","0.0828"
"61.9900","0.3500","0.0815"
"62.0100","0.3497","0.0803"
"62.0300","0.3495","0.0792"
"62.0500","0.3493","0.0782"
"62.0700","0.3490","0.0771"
"62.0900","0.3488","0.0760"
"62.1100","0.3486","0.0750"
"62.1300","0.3483","0.0740"
"62.1500","0.3481","0.0729"
"62.1700","0.3478","0.0719"
"62.1900","0.3476","0.0709"
"62.2100","0.3473","0.0698"
"62.2300","0.3471","0.0687"
"62.2500","0.3468","0.0676"
"62.2700","0.3466","0.0665"
"62.2900","0.3463","0.0655"
"62.3100","0.3461","0.0646"
"62.3300","0.3459","0.0639"
"62.3500","0.3457","0.0632"
"62.3700","0.3454","0.0625"
"62.3900","0.3452","0.0618"
"62.4100","0.3450","0.0611"
"62.4300","0.3448","0.0603"
"62.4500","0.3446","0.0595"
"62.4700","0.3444","0.0587"
"62.4900","0.3442","0.0579"
"62.5100","0.3439","0.0570"
"62.5300","0.3437","0.0561"
"62.5500","0.3435","0.0551"
"62.5700","0.3432","0.0542"
"62.5900","0.3429","0.0532"
"62.6100","0.3427","0.0522"
"62.6300","0.3424","0.0512"
"62.6500","0.3421","0.0500"
"62.6700","0.3417","0.0489"
"62.6900","0.3414","0.0476"
"62.7100","0.3410","0.0462"
"62.7300","0.3406","0.0449"
"62.7500","0.3402","0.0435"
"62.7700","0.3398","0.0424"
"62.7900","0.3394","0.0413"
"62.8100","0.3391","0.0403"
"62.8300","0.3387","0.0394"
"62.8500","0.3384","0.0386"
"62.8700","0.3381","0.0378"
"62.8900","0.3378","0.0370"
"62.9100","0.3375","0.0361"
"62.9300","0.3371","0.0353"
"62.9500","0.3368","0.0344"
"62.9700","0.3365","0.0336"
"62.9900","0.3361","0.0327"
"63.0100","0.3358","0.0318"
"63.0300","0.3355","0.0311"
"63.0500","0.3352","0.0305"
"63.0700","0.3348","0.0298"
"63.0900","0.3345","0.0289"
"63.1100","0.3341","0.0279"
"63.1300","0.3337","0.0268"
"63.1500","0.3333","0.0258"
"63.1700","0.3328","0.0247"
"63.1900","0.3324","0.0238"
"63.2100","0.3319","0.0230"
"63.2300","0.3315","0.0219"
"63.2500","0.3310","0.0209"
"63.2690","0.3306","0.0200"
"63.2700","0.3305","0.0199"
"63.2710","0.3305","0.0199"
"63.2910","0.3300","0.0190"
"63.3110","0.3296","0.0183"
"63.3310","0.3293","0.0180"
"63.3510","0.3290","0.0179"
"63.3710","0.3289","0.0180"
"63.3910","0.3287","0.0182"
"63.4110","0.3287","0.0184"
"63.4310","0.3286","0.0188"
"63.4510","0.3286","0.0191"
"63.4710","0.3285","0.0195"
"63.4910","0.3285","0.0199"
"63.5110","0.3285","0.0202"
"63.5310","0.3285","0.0205"
"63.5510","0.3285","0.0209"
"63.5710","0.3285","0.0213"
"63.5910","0.3285","0.0216"
"63.6110","0.3285","0.0220"
"63.6310","0.3286","0.0223"
"63.6510","0.3286","0.0226"
"63.6710","0.3286","0.0229"
"63.6910","0.3286","0.0232"
"63.7110","0.3286","0.0235"
"63.7310","0.3286","0.0238"
"63.7510","0.3286","0.0241"
"63.7710","0.3286","0.0243"
"63.7910","0.3286","0.0246"
"63.8110","0.3287","0.0248"
"63.8310","0.3287","0.0251"
"63.8510","0.3287","0.0254"
"63.8710","0.3287","0.0256"
"63.8910","0.3287","0.0259"
"63.9110","0.3288","0.0261"
"63.9310","0.3288","0.0264"
"63.9510","0.3288","0.0267"
"63.9710","0.3288","0.0270"
"63.9910","0.3289","0.0273"
"64.0110","0.3289","0.0277"
"64.0310","0.3289","0.0279"
"64.0510","0.3290","0.0282"
"64.0710","0.3290","0.0286"
"64.0910","0.3290","0.0289"
"64.1110","0.3291","0.0292"
"64.1310","0.3291","0.0296"
"64.1510","0.3292","0.0298"
"64.1710","0.3292","0.0303"
"64.1910","0.3293","0.0307"
"64.2110","0.3293","0.0311"
"64.2310","0.3294","0.0314"
"64.2510","0.3294","0.0318"
"64.2710","0.3295","0.0322"
"64.2910","0.3296","0.0326"
"64.3110","0.3296","0.0331"
"64.3310","0.3297","0.0334"
"64.3510","0.3297","0.0338"
"64.3710","0.3298","0.0342"
"64.3910","0.3299","0.0348"
"64.4110","0.3299","0.0353"
"64.4310","0.3300","0.0358"
"64.4510","0.3301","0.0363"
"64.4710","0.3302","0.0368"
"64.4910","0.3303","0.0373"
"64.5110","0.3304","0.0379"
"64.5310","0.3305","0.0384"
"64.5510","0.3306","0.0390"
"64.5710","0.3307","0.0397"
"64.5910","0.3308","0.0404"
"64.6110","0.3309","0.0410"
"64.6310","0.3310","0.0417"
"64.6510","0.3311","0.0424"
"64.6710","0.3313","0.0432"
"64.6910","0.3314","0.0440"
"64.7110","0.3315","0.0449"
"64.7310","0.3317","0.0456"
"64.7510","0.3318","0.0464"
"64.7710","0.3320","0.0473"
"64.7910","0.3322","0.0482"
"64.8110","0.3324","0.0492"
"64.8310","0.3325","0.0504"
"64.8510","0.3327","0.0514"
"64.8710","0.3329","0.0525"
"64.8910","0.3331","0.0536"
"64.9110","0.3333","0.0548"
"64.9310","0.3335","0.0559"
"64.9510","0.3337","0.0571"
"64.9710","0.3340","0.0583"
"64.9910","0.3342","0.0596"
"65.0110","0.3345","0.0612"
"65.0310","0.3348","0.0628"
"65.0510","0.3351","0.0644"
"65.0710","0.3354","0.0661"
"65.0910","0.3357","0.0677"
"65.1110","0.3359","0.0693"
"65.1310","0.3362","0.0708"
"65.1510","0.3365","0.0724"
"65.1710","0.3367","0.0738"
"65.1910","0.3370","0.0752"
"65.2110","0.3373","0.0767"
"65.2310","0.3375","0.0782"
"65.2510","0.3378","0.0798"
"65.2710","0.3381","0.0813"
"65.2910","0.3384","0.0828"
"65.3110","0.3386","0.0843"
"65.3310","0.3389","0.0858"
"65.3510","0.3391","0.0872"
"65.3710","0.3394","0.0887"
"65.3910","0.3396","0.0901"
"65.4110","0.3399","0.0916"
"65.4310","0.3401","0.0931"
"65.4510","0.3404","0.0945"
"65.4710","0.3406","0.0959"
"65.4910","0.3409","0.0975"
"65.5110","0.3412","0.0995"
"65.5310","0.3415","0.1015"
"65.5510","0.3418","0.1035"
"65.5710","0.3422","0.1056"
"65.5910","0.3425","0.1078"
"65.6110","0.3429","0.1100"
"65.6310","0.3432","0.1120"
"65.6510","0.3435","0.1139"
"65.6710","0.3438","0.1155"
"65.6910","0.3440","0.1171"
"65.7110","0.3443","0.1185"
"65.7310","0.3445","0.1200"
"65.7510","0.3447","0.1214"
"65.7710","0.3450","0.1229"
"65.7910","0.3452","0.1243"
"65.8110","0.3454","0.1257"
"65.8310","0.3456","0.1270"
"65.8510","0.3458","0.1282"
"65.8710","0.3460","0.1295"
"65.8910","0.3462","0.1307"
"65.9110","0.3464","0.1318"
"65.9310","0.3466","0.1330"
"65.9510","0.3467","0.1341"
"65.9710","0.3469","0.1353"
"65.9910","0.3471","0.1365"
"66.0110","0.3473","0.1376"
"66.0310","0.3475","0.1389"
"66.0510","0.3477","0.1402"
"66.0710","0.3478","0.1415"
"66.0910","0.3480","0.1428"
"66.1110","0.3482","0.1442"
"66.1310","0.3484","0.1455"
"66.1510","0.3486","0.1468"
"66.1710","0.3488","0.1482"
"66.1910","0.3490","0.1495"
"66.2110","0.3492","0.1509"
"66.2310","0.3493","0.1521"
"66.2510","0.3495","0.1533"
"66.2710","0.3497","0.1545"
"66.2910","0.3499","0.1558"
"66.3110","0.3501","0.1569"
"66.3310","0.3502","0.1583"
"66.3510","0.3504","0.1596"
"66.3710","0.3506","0.1609"
"66.3910","0.3507","0.1621"
"66.4110","0.3509","0.1635"
"66.4310","0.3511","0.1648"
"66.4510","0.3513","0.1662"
"66.4710","0.3515","0.1678"
"66.4910","0.3517","0.1693"
"66.5110","0.3519","0.1708"
"66.5310","0.3521","0.1722"
"66.5510","0.3522","0.1735"
"66.5710","0.3524","0.1748"
"66.5910","0.3526","0.1761"
"66.6110","0.3528","0.1773"
"66.6310","0.3529","0.1785"
"66.6510","0.3531","0.1796"
"66.6710","0.3532","0.1806"
"66.6910","0.3534","0.1817"
"66.7110","0.3535","0.1826"
"66.7310","0.3536","0.1836"
"66.7510","0.3538","0.1845"
"66.7710","0.3539","0.1855"
"66.7910","0.3540","0.1866"
"66.8110","0.3542","0.1876"
"66.8310","0.3543","0.1886"
"66.8510","0.3544","0.1896"
"66.8710","0.3546","0.1907"
"66.8910","0.3547","0.1918"
"66.9110","0.3548","0.1930"
"66.9310","0.3550","0.1942"
"66.9510","0.3551","0.1954"
"66.9710","0.3553","0.1964"
"66.9910","0.3554","0.1975"
"67.0110","0.3556","0.1987"
"67.0310","0.3557","0.1998"
"67.0510","0.3558","0.2009"
"67.0710","0.3560","0.2019"
"67.0910","0.3561","0.2030"
"67.1110","0.3562","0.2041"
"67.1310","0.3564","0.2051"
"67.1510","0.3565","0.2061"
"67.1710","0.3566","0.2073"
"67.1910","0.3568","0.2084"
"67.2110","0.3569","0.2095"
"67.2310","0.3570","0.2106"
"67.2510","0.3572","0.2118"
"67.2710","0.3573","0.2130"
"67.2910","0.3574","0.2142"
"67.3110","0.3576","0.2154"
"67.3310","0.3577","0.2167"
"67.3510","0.3579","0.2179"
"67.3710","0.3580","0.2190"
"67.3910","0.3581","0.2202"
"67.4110","0.3583","0.2214"
"67.4310","0.3584","0.2224"
"67.4510","0.3585","0.2235"
"67.4710","0.3587","0.2248"
"67.4910","0.3588","0.2259"
"67.5110","0.3589","0.2270"
"67.5310","0.3591","0.2280"
"67.5510","0.3592","0.2291"
"67.5710","0.3593","0.2301"
"67.5910","0.3594","0.2311"
"67.6110","0.3595","0.2321"
"67.6310","0.3596","0.2330"
"67.6510","0.3598","0.2339"
"67.6710","0.3599","0.2348"
"67.6910","0.3600","0.2357"
"67.7110","0.3601","0.2366"
"67.7310","0.3602","0.2376"
"67.7510","0.3603","0.2385"
"67.7710","0.3604","0.2394"
"67.7910","0.3605","0.2404"
"67.8110","0.3606","0.2413"
"67.8310","0.3607","0.2423"
"67.8510","0.3608","0.2432"
"67.8710","0.3609","0.2444"
"67.8910","0.3611","0.2454"
"67.9110","0.3612","0.2464"
"67.9310","0.3613","0.2475"
"67.9510","0.3614","0.2486"
"67.9710","0.3615","0.2496"
"67.9910","0.3616","0.2507"
"68.0110","0.3618","0.2517"
"68.0310","0.3619","0.2528"
"68.0510","0.3620","0.2539"
"68.0710","0.3621","0.2550"
"68.0910","0.3622","0.2560"
"68.1110","0.3623","0.2570"
"68.1310","0.3624","0.2581"
"68.1510","0.3625","0.2591"
"68.1710","0.3627","0.2601"
"68.1910","0.3628","0.2611"
"68.2110","0.3629","0.2621"
"68.2310","0.3630","0.2629"
"68.2510","0.3631","0.2639"
"68.2710","0.3632","0.2648"
"68.2910","0.3633","0.2657"
"68.3110","0.3634","0.2666"
"68.3310","0.3635","0.2675"
"68.3510","0.3636","0.2684"
"68.3710","0.3637","0.2693"
"68.3910","0.3637","0.2702"
"68.4110","0.3638","0.2711"
"68.4310","0.3639","0.2720"
"68.4510","0.3640","0.2729"
"68.4710","0.3641","0.2739"
"68.4910","0.3642","0.2748"
"68.5110","0.3643","0.2758"
"68.5310","0.3644","0.2768"
"68.5510","0.3646","0.2780"
"68.5710","0.3647","0.2790"
"68.5910","0.3648","0.2802"
"68.6110","0.3649","0.2814"
"68.6310","0.3650","0.2826"
"68.6510","0.3651","0.2838"
"68.6710","0.3652","0.2850"
"68.6910","0.3653","0.2861"
"68.7110","0.3655","0.2872"
"68.7310","0.3656","0.2884"
"68.7510","0.3657","0.2897"
"68.7710","0.3658","0.2909"
"68.7910","0.3659","0.2920"
"68.8110","0.3660","0.2932"
"68.8310","0.3662","0.2943"
"68.8510","0.3663","0.2954"
"68.8710","0.3664","0.2966"
"68.8910","0.3665","0.2978"
"68.9110","0.3666","0.2989"
"68.9310","0.3667","0.3000"
"68.9510","0.3668","0.3012"
"68.9710","0.3669","0.3022"
"68.9910","0.3670","0.3034"
"69.0110","0.3672","0.3046"
"69.0310","0.3673","0.3058"
"69.0510","0.3674","0.3068"
"69.0710","0.3675","0.3079"
"69.0910","0.3676","0.3091"
"69.1110","0.3677","0.3103"
"69.1310","0.3678","0.3114"
"69.1510","0.3679","0.3125"
"69.1710","0.3680","0.3137"
"69.1910","0.3681","0.3148"
"69.2110","0.3682","0.3159"
"69.2310","0.3683","0.3169"
"69.2510","0.3684","0.3180"
"69.2710","0.3686","0.3191"
"69.2910","0.3687","0.3201"
"69.3110","0.3688","0.3211"
"69.3310","0.3689","0.3223"
"69.3510","0.3689","0.3233"
"69.3710","0.3690","0.3242"
"69.3910","0.3691","0.3251"
"69.4110","0.3692","0.3261"
"69.4310","0.3693","0.3271"
"69.4510","0.3694","0.3280"
"69.4710","0.3695","0.3288"
"69.4910","0.3696","0.3298"
"69.5110","0.3697","0.3306"
"69.5310","0.3698","0.3316"
"69.5510","0.3698","0.3324"
"69.5710","0.3699","0.3333"
"69.5910","0.3700","0.3342"
"69.6110","0.3701","0.3350"
"69.6310","0.3702","0.3359"
"69.6510","0.3703","0.3368"
"69.6710","0.3704","0.3377"
"69.6910","0.3704","0.3386"
"69.7110","0.3705","0.3394"
"69.7310","0.3706","0.3403"
"69.7510","0.3707","0.3413"
"69.7710","0.3708","0.3423"
"69.7910","0.3709","0.3433"
"69.8110","0.3710","0.3442"
"69.8310","0.3710","0.3451"
"69.8510","0.3711","0.3461"
"69.8710","0.3712","0.3471"
"69.8910","0.3713","0.3481"
"69.9110","0.3714","0.3490"
"69.9310","0.3715","0.3501"
"69.9510","0.3716","0.3512"
"69.9710","0.3717","0.3522"
"69.9910","0.3718","0.3532"
"70.0110","0.3719","0.3542"
"70.0310","0.3720","0.3553"
"70.0510","0.3720","0.3564"
"70.0710","0.3721","0.3574"
"70.0910","0.3722","0.3584"
"70.1110","0.3723","0.3595"
"70.1310","0.3724","0.3606"
"70.1510","0.3725","0.3616"
"70.1710","0.3726","0.3627"
"70.1910","0.3727","0.3637"
"70.2110","0.3728","0.3647"
"70.2310","0.3729","0.3657"
"70.2510","0.3730","0.3667"
"70.2710","0.3730","0.3677"
"70.2910","0.3731","0.3687"
"70.3110","0.3732","0.3696"
"70.3310","0.3733","0.3706"
"70.3510","0.3734","0.3715"
"70.3710","0.3735","0.3725"
"70.3910","0.3736","0.3735"
"70.4110","0.3736","0.3744"
"70.4310","0.3737","0.3753"
"70.4510","0.3738","0.3764"
"70.4710","0.3739","0.3773"
"70.4910","0.3740","0.3782"
"70.5110","0.3741","0.3792"
"70.5310","0.3741","0.3802"
"70.5510","0.3742","0.3812"
"70.5710","0.3743","0.3823"
"70.5910","0.3744","0.3834"
"70.6110","0.3745","0.3844"
"70.6310","0.3746","0.3855"
"70.6510","0.3747","0.3866"
"70.6710","0.3748","0.3876"
"70.6910","0.3749","0.3888"
"70.7110","0.3749","0.3900"
"70.7310","0.3750","0.3911"
"70.7510","0.3751","0.3922"
"70.7710","0.3752","0.3934"
"70.7910","0.3753","0.3944"
"70.8110","0.3754","0.3955"
"70.8310","0.3755","0.3967"
"70.8510","0.3756","0.3978"
"70.8710","0.3757","0.3987"
"70.8910","0.3758","0.3997"
"70.9110","0.3758","0.4007"
"70.9310","0.3759","0.4017"
"70.9510","0.3760","0.4027"
"70.9710","0.3761","0.4037"
"70.9910","0.3762","0.4046"
"71.0110","0.3763","0.4057"
"71.0310","0.3763","0.4066"
"71.0510","0.3764","0.4075"
"71.0710","0.3765","0.4086"
"71.0910","0.3766","0.4095"
"71.1110","0.3767","0.4105"
"71.1310","0.3768","0.4115"
"71.1510","0.3768","0.4124"
"71.1710","0.3769","0.4133"
"71.1910","0.3770","0.4144"
"71.2110","0.3771","0.4155"
"71.2310","0.3772","0.4164"
"71.2510","0.3772","0.4174"
"71.2710","0.3773","0.4184"
"71.2910","0.3774","0.4195"
"71.3110","0.3775","0.4204"
"71.3310","0.3776","0.4215"
"71.3510","0.3776","0.4225"
"71.3710","0.3777","0.4234"
"71.3910","0.3778","0.4244"
"71.4110","0.3779","0.4253"
"71.4310","0.3780","0.4263"
"71.4510","0.3780","0.4273"
"71.4710","0.3781","0.4283"
"71.4910","0.3782","0.4293"
"71.5110","0.3783","0.4302"
"71.5310","0.3784","0.4312"
"71.5510","0.3784","0.4322"
"71.5710","0.3785","0.4331"
"71.5910","0.3786","0.4340"
"71.6110","0.3787","0.4350"
"71.6310","0.3787","0.4360"
"71.6510","0.3788","0.4370"
"71.6710","0.3789","0.4379"
"71.6910","0.3790","0.4388"
"71.7110","0.3790","0.4397"
"71.7310","0.3791","0.4406"
"71.7510","0.3792","0.4415"
"71.7710","0.3793","0.4424"
"71.7910","0.3793","0.4433"
"71.8110","0.3794","0.4441"
"71.8310","0.3795","0.4450"
"71.8510","0.3795","0.4459"
"71.8710","0.3796","0.4468"
"71.8910","0.3797","0.4477"
"71.9110","0.3798","0.4485"
"71.9310","0.3798","0.4493"
"71.9510","0.3799","0.4503"
"71.9710","0.3800","0.4512"
"71.9910","0.3800","0.4520"
"72.0110","0.3801","0.4529"
"72.0310","0.3802","0.4538"
"72.0510","0.3802","0.4547"
"72.0710","0.3803","0.4556"
"72.0910","0.3804","0.4565"
"72.1110","0.3805","0.4574"
"72.1310","0.3805","0.4583"
"72.1510","0.3806","0.4593"
"72.1710","0.3807","0.4603"
"72.1910","0.3808","0.4613"
"72.2110","0.3808","0.4623"
"72.2310","0.3809","0.4633"
"72.2510","0.3810","0.4644"
"72.2710","0.3811","0.4654"
"72.2910","0.3811","0.4664"
"72.3110","0.3812","0.4675"
"72.3310","0.3813","0.4685"
"72.3510","0.3814","0.4696"
"72.3710","0.3815","0.4707"
"72.3910","0.3815","0.4719"
"72.4110","0.3816","0.4730"
"72.4310","0.3817","0.4740"
"72.4510","0.3818","0.4752"
"72.4710","0.3819","0.4763"
"72.4910","0.3819","0.4774"
"72.5110","0.3820","0.4785"
"72.5310","0.3821","0.4796"
"72.5510","0.3822","0.4808"
"72.5710","0.3823","0.4818"
"72.5910","0.3823","0.4829"
"72.6110","0.3824","0.4840"
"72.6310","0.3825","0.4851"
"72.6510","0.3826","0.4861"
"72.6710","0.3827","0.4872"
"72.6910","0.3827","0.4882"
"72.7110","0.3828","0.4892"
"72.7310","0.3829","0.4902"
"72.7510","0.3830","0.4912"
"72.7710","0.3830","0.4923"
"72.7910","0.3831","0.4932"
"72.8110","0.3832","0.4942"
"72.8310","0.3833","0.4951"
"72.8510","0.3833","0.4961"
"72.8710","0.3834","0.4970"
"72.8910","0.3835","0.4979"
"72.9110","0.3835","0.4989"
"72.9310","0.3836","0.4998"
"72.9510","0.3837","0.5008"
"72.9710","0.3838","0.5017"
"72.9910","0.3838","0.5026"
"73.0110","0.3839","0.5035"
"73.0310","0.3840","0.5045"
"73.0510","0.3840","0.5055"
"73.0710","0.3841","0.5064"
"73.0910","0.3842","0.5073"
"73.1110","0.3842","0.5083"
"73.1310","0.3843","0.5094"
"73.1510","0.3844","0.5104"
"73.1710","0.3845","0.5114"
"73.1910","0.3845","0.5124"
"73.2110","0.3846","0.5133"
"73.2310","0.3847","0.5145"
"73.2510","0.3848","0.5156"
"73.2710","0.3848","0.5165"
"73.2910","0.3849","0.5175"
"73.3110","0.3850","0.5187"
"73.3310","0.3850","0.5197"
"73.3510","0.3851","0.5208"
"73.3710","0.3852","0.5218"
"73.3910","0.3853","0.5229"
"73.4110","0.3853","0.5240"
"73.4310","0.3854","0.5250"
"73.4510","0.3855","0.5260"
"73.4710","0.3856","0.5270"
"73.4910","0.3856","0.5281"
"73.5110","0.3857","0.5291"
"73.5310","0.3858","0.5302"
"73.5510","0.3859","0.5311"
"73.5710","0.3859","0.5321"
"73.5910","0.3860","0.5331"
"73.6110","0.3861","0.5340"
"73.6310","0.3861","0.5351"
"73.6510","0.3862","0.5360"
"73.6710","0.3863","0.5369"
"73.6910","0.3863","0.5379"
"73.7110","0.3864","0.5388"
"73.7310","0.3865","0.5398"
"73.7510","0.3866","0.5408"
"73.7710","0.3866","0.5417"
"73.7910","0.3867","0.5427"
"73.8110","0.3868","0.5437"
"73.8310","0.3868","0.5447"
"73.8510","0.3869","0.5456"
"73.8710","0.3870","0.5465"
"73.8910","0.3870","0.5476"
"73.9110","0.3871","0.5486"
"73.9310","0.3872","0.5496"
"73.9510","0.3872","0.5505"
"73.9710","0.3873","0.5515"
"73.9910","0.3874","0.5525"
"74.0110","0.3875","0.5535"
"74.0310","0.3875","0.5546"
"74.0510","0.3876","0.5555"
"74.0710","0.3877","0.5565"
"74.0910","0.3877","0.5575"
"74.1110","0.3878","0.5586"
"74.1310","0.3879","0.5595"
"74.1510","0.3879","0.5605"
"74.1710","0.3880","0.5614"
"74.1910","0.3881","0.5624"
"74.2110","0.3882","0.5634"
"74.2310","0.3882","0.5643"
"74.2510","0.3883","0.5654"
"74.2710","0.3884","0.5663"
"74.2910","0.3884","0.5673"
"74.3110","0.3885","0.5682"
"74.3310","0.3886","0.5692"
"74.3510","0.3886","0.5702"
"74.3710","0.3887","0.5711"
"74.3910","0.3888","0.5721"
"74.4110","0.3888","0.5730"
"74.4310","0.3889","0.5739"
"74.4510","0.3890","0.5749"
"74.4710","0.3890","0.5759"
"74.4910","0.3891","0.5768"
"74.5110","0.3891","0.5778"
"74.5310","0.3892","0.5788"
"74.5510","0.3893","0.5796"
"74.5710","0.3893","0.5805"
"74.5910","0.3894","0.5815"
"74.6110","0.3895","0.5824"
"74.6310","0.3895","0.5834"
"74.6510","0.3896","0.5843"
"74.6710","0.3897","0.5851"
"74.6910","0.3897","0.5860"
"74.7110","0.3898","0.5869"
"74.7310","0.3899","0.5878"
"74.7510","0.3899","0.5888"
"74.7710","0.3900","0.5896"
"74.7910","0.3900","0.5905"
"74.8110","0.3901","0.5915"
"74.8310","0.3902","0.5925"
"74.8510","0.3902","0.5934"
"74.8710","0.3903","0.5943"
"74.8910","0.3904","0.5952"
"74.9110","0.3904","0.5962"
"74.9310","0.3905","0.5971"
"74.9510","0.3906","0.5980"
"74.9710","0.3906","0.5991"
"74.9910","0.3907","0.6000"
"75.0110","0.3908","0.6009"
"75.0310","0.3908","0.6019"
"75.0510","0.3909","0.6029"
"75.0710","0.3910","0.6040"
"75.0910","0.3910","0.6050"
"75.1110","0.3911","0.6060"
"75.1310","0.3912","0.6070"
"75.1510","0.3912","0.6080"
"75.1710","0.3913","0.6091"
"75.1910","0.3914","0.6101"
"75.2110","0.3914","0.6112"
"75.2310","0.3915","0.6122"
"75.2510","0.3916","0.6132"
"75.2710","0.3916","0.6142"
"75.2910","0.3917","0.6153"
"75.3110","0.3918","0.6164"
"75.3310","0.3918","0.6174"
"75.3510","0.3919","0.6184"
"75.3710","0.3920","0.6195"
"75.3910","0.3920","0.6205"
"75.4110","0.3921","0.6216"
"75.4310","0.3922","0.6226"
"75.4510","0.3923","0.6237"
"75.4710","0.3923","0.6247"
"75.4910","0.3924","0.6258"
"75.5110","0.3925","0.6269"
"75.5310","0.3925","0.6280"
"75.5510","0.3926","0.6290"
"75.5710","0.3927","0.6301"
"75.5910","0.3927","0.6312"
"75.6110","0.3928","0.6322"
"75.6310","0.3929","0.6332"
"75.6510","0.3929","0.6342"
"75.6710","0.3930","0.6352"
"75.6910","0.3931","0.6362"
"75.7110","0.3931","0.6372"
"75.7310","0.3932","0.6382"
"75.7510","0.3933","0.6392"
"75.7710","0.3933","0.6402"
"75.7910","0.3934","0.6411"
"75.8110","0.3935","0.6420"
"75.8310","0.3935","0.6430"
"75.8510","0.3936","0.6440"
"75.8710","0.3937","0.6450"
"75.8910","0.3937","0.6460"
"75.9110","0.3938","0.6468"
"75.9310","0.3939","0.6478"
"75.9510","0.3939","0.6487"
"75.9710","0.3940","0.6497"
"75.9910","0.3940","0.6507"
"76.0110","0.3941","0.6517"
"76.0310","0.3942","0.6528"
"76.0510","0.3942","0.6538"
"76.0710","0.3943","0.6548"
"76.0910","0.3944","0.6559"
"76.1110","0.3944","0.6569"
"76.1310","0.3945","0.6580"
"76.1510","0.3946","0.6592"
"76.1710","0.3947","0.6603"
"76.1910","0.3947","0.6613"
"76.2110","0.3948","0.6624"
"76.2310","0.3949","0.6635"
"76.2510","0.3949","0.6647"
"76.2710","0.3950","0.6659"
"76.2910","0.3951","0.6670"
"76.3110","0.3952","0.6681"
"76.3310","0.3952","0.6691"
"76.3510","0.3953","0.6703"
"76.3710","0.3954","0.6715"
"76.3910","0.3954","0.6726"
"76.4110","0.3955","0.6737"
"76.4310","0.3956","0.6747"
"76.4510","0.3957","0.6757"
"76.4710","0.3957","0.6768"
"76.4910","0.3958","0.6779"
"76.5110","0.3959","0.6790"
"76.5310","0.3959","0.6801"
"76.5510","0.3960","0.6810"
"76.5710","0.3961","0.6820"
"76.5910","0.3961","0.6830"
"76.6110","0.3962","0.6840"
"76.6310","0.3963","0.6850"
"76.6510","0.3963","0.6860"
"76.6710","0.3964","0.6870"
"76.6910","0.3965","0.6880"
"76.7110","0.3965","0.6890"
"76.7310","0.3966","0.6901"
"76.7510","0.3967","0.6911"
"76.7710","0.3967","0.6921"
"76.7910","0.3968","0.6930"
"76.8110","0.3969","0.6940"
"76.8310","0.3969","0.6951"
"76.8510","0.3970","0.6961"
"76.8710","0.3971","0.6971"
"76.8910","0.3971","0.6981"
"76.9110","0.3972","0.6992"
"76.9310","0.3973","0.7002"
"76.9510","0.3974","0.7012"
"76.9710","0.3974","0.7022"
"76.9910","0.3975","0.7033"
"77.0110","0.3976","0.7043"
"77.0310","0.3976","0.7054"
"77.0510","0.3977","0.7064"
"77.0710","0.3978","0.7074"
"77.0910","0.3978","0.7084"
"77.1110","0.3979","0.7095"
"77.1310","0.3980","0.7105"
"77.1510","0.3980","0.7115"
"77.1710","0.3981","0.7125"
"77.1910","0.3982","0.7134"
"77.2110","0.3982","0.7145"
"77.2310","0.3983","0.7155"
"77.2510","0.3984","0.7165"
"77.2710","0.3984","0.7175"
"77.2910","0.3985","0.7184"
"77.3110","0.3986","0.7195"
"77.3310","0.3986","0.7205"
"77.3510","0.3987","0.7215"
"77.3710","0.3988","0.7225"
"77.3910","0.3989","0.7235"
"77.4110","0.3989","0.7245"
"77.4310","0.3990","0.7254"
"77.4510","0.3991","0.7263"
"77.4710","0.3991","0.7274"
"77.4910","0.3992","0.7284"
"77.5110","0.3993","0.7293"
"77.5310","0.3993","0.7302"
"77.5510","0.3994","0.7312"
"77.5710","0.3995","0.7321"
"77.5910","0.3995","0.7330"
"77.6110","0.3996","0.7339"
"77.6310","0.3996","0.7349"
"77.6510","0.3997","0.7358"
"77.6710","0.3998","0.7366"
"77.6910","0.3998","0.7375"
"77.7110","0.3999","0.7384"
"77.7310","0.4000","0.7393"
"77.7510","0.4000","0.7401"
"77.7710","0.4001","0.7411"
"77.7910","0.4002","0.7419"
"77.8110","0.4002","0.7428"
"77.8310","0.4003","0.7437"
"77.8510","0.4004","0.7446"
"77.8710","0.4004","0.7455"
"77.8910","0.4005","0.7465"
"77.9110","0.4005","0.7474"
"77.9310","0.4006","0.7484"
"77.9510","0.4007","0.7492"
"77.9710","0.4007","0.7502"
"77.9910","0.4008","0.7511"
"78.0110","0.4009","0.7521"
"78.0310","0.4010","0.7532"
"78.0510","0.4010","0.7541"
"78.0710","0.4011","0.7551"
"78.0910","0.4012","0.7561"
"78.1110","0.4012","0.7572"
"78.1310","0.4013","0.7583"
"78.1510","0.4014","0.7593"
"78.1710","0.4015","0.7604"
"78.1910","0.4015","0.7615"
"78.2110","0.4016","0.7626"
"78.2310","0.4017","0.7637"
"78.2510","0.4018","0.7648"
"78.2710","0.4018","0.7659"
"78.2910","0.4019","0.7670"
"78.3110","0.4020","0.7680"
"78.3310","0.4021","0.7691"
"78.3510","0.4022","0.7702"
"78.3710","0.4022","0.7713"
"78.3910","0.4023","0.7724"
"78.4110","0.4024","0.7736"
"78.4310","0.4025","0.7746"
"78.4510","0.4025","0.7757"
"78.4710","0.4026","0.7767"
"78.4910","0.4027","0.7778"
"78.5110","0.4028","0.7789"
"78.5310","0.4029","0.7799"
"78.5510","0.4029","0.7809"
"78.5710","0.4030","0.7819"
"78.5910","0.4031","0.7829"
"78.6110","0.4032","0.7839"
"78.6310","0.4032","0.7848"
"78.6510","0.4033","0.7858"
"78.6710","0.4034","0.7866"
"78.6910","0.4035","0.7875"
"78.7110","0.4035","0.7885"
"78.7310","0.4036","0.7895"
"78.7510","0.4037","0.7904"
"78.7710","0.4038","0.7913"
"78.7910","0.4038","0.7922"
"78.8110","0.4039","0.7932"
"78.8310","0.4040","0.7940"
"78.8510","0.4041","0.7949"
"78.8710","0.4041","0.7959"
"78.8910","0.4042","0.7969"
"78.9110","0.4043","0.7979"
"78.9310","0.4044","0.7988"
"78.9510","0.4044","0.7998"
"78.9550","0.4045","0.8000"
"78.9560","0.4045","0.8001"
"78.9570","0.4045","0.8001"
"78.9770","0.4046","0.8012"
"78.9970","0.4046","0.8017"
"79.0170","0.4046","0.8015"
"79.0370","0.4047","0.8009"
"79.0570","0.4047","0.8003"
"79.0770","0.4047","0.7996"
"79.0970","0.4047","0.7990"
"79.1170","0.4047","0.7985"
"79.1370","0.4047","0.7977"
"79.1570","0.4047","0.7969"
"79.1770","0.4047","0.7962"
"79.1970","0.4047","0.7955"
"79.2170","0.4047","0.7949"
"79.2370","0.4047","0.7942"
"79.2570","0.4047","0.7935"
"79.2770","0.4047","0.7929"
"79.2970","0.4047","0.7922"
"79.3170","0.4047","0.7916"
"79.3370","0.4047","0.7909"
"79.3570","0.4047","0.7903"
"79.3770","0.4047","0.7897"
"79.3970","0.4047","0.7892"
"79.4170","0.4047","0.7886"
"79.4370","0.4047","0.7880"
"79.4570","0.4046","0.7873"
"79.4770","0.4046","0.7867"
"79.4970","0.4046","0.7861"
"79.5170","0.4046","0.7855"
"79.5370","0.4046","0.7849"
"79.5570","0.4046","0.7844"
"79.5770","0.4046","0.7838"
"79.5970","0.4046","0.7832"
"79.6170","0.4046","0.7826"
"79.6370","0.4046","0.7820"
"79.6570","0.4046","0.7814"
"79.6770","0.4045","0.7809"
"79.6970","0.4045","0.7803"
"79.7170","0.4045","0.7798"
"79.7370","0.4045","0.7791"
"79.7570","0.4045","0.7785"
"79.7770","0.4045","0.7779"
"79.7970","0.4045","0.7773"
"79.8170","0.4044","0.7767"
"79.8370","0.4044","0.7760"
"79.8570","0.4044","0.7753"
"79.8770","0.4044","0.7747"
"79.8970","0.4044","0.7740"
"79.9170","0.4044","0.7734"
"79.9370","0.4043","0.7727"
"79.9570","0.4043","0.7720"
"79.9770","0.4043","0.7713"
"79.9970","0.4043","0.7706"
"80.0170","0.4043","0.7699"
"80.0370","0.4042","0.7692"
"80.0570","0.4042","0.7685"
"80.0770","0.4042","0.7677"
"80.0970","0.4042","0.7670"
"80.1170","0.4041","0.7662"
"80.1370","0.4041","0.7655"
"80.1570","0.4041","0.7647"
"80.1770","0.4041","0.7639"
"80.1970","0.4041","0.7631"
"80.2170","0.4040","0.7623"
"80.2370","0.4040","0.7615"
"80.2570","0.4040","0.7607"
"80.2770","0.4040","0.7599"
"80.2970","0.4039","0.7591"
"80.3170","0.4039","0.7583"
"80.3370","0.4039","0.7574"
"80.3570","0.4038","0.7566"
"80.3770","0.4038","0.7558"
"80.3970","0.4038","0.7549"
"80.4170","0.4037","0.7540"
"80.4370","0.4037","0.7532"
"80.4570","0.4037","0.7523"
"80.4770","0.4037","0.7514"
"80.4970","0.4036","0.7506"
"80.5170","0.4036","0.7496"
"80.5370","0.4036","0.7488"
"80.5570","0.4035","0.7479"
"80.5770","0.4035","0.7472"
"80.5970","0.4035","0.7463"
"80.6170","0.4034","0.7453"
"80.6370","0.4034","0.7442"
"80.6570","0.4034","0.7433"
"80.6770","0.4033","0.7424"
"80.6970","0.4033","0.7414"
"80.7170","0.4033","0.7404"
"80.7370","0.4032","0.7394"
"80.7570","0.4032","0.7385"
"80.7770","0.4032","0.7375"
"80.7970","0.4031","0.7365"
"80.8170","0.4031","0.7355"
"80.8370","0.4031","0.7346"
"80.8570","0.4030","0.7335"
"80.8770","0.4030","0.7326"
"80.8970","0.4030","0.7315"
"80.9170","0.4029","0.7305"
"80.9370","0.4029","0.7295"
"80.9570","0.4028","0.7284"
"80.9770","0.4028","0.7275"
"80.9970","0.4028","0.7264"
"81.0170","0.4027","0.7254"
"81.0370","0.4027","0.7242"
"81.0570","0.4026","0.7233"
"81.0770","0.4026","0.7222"
"81.0970","0.4026","0.7211"
"81.1170","0.4025","0.7200"
"81.1370","0.4025","0.7189"
"81.1570","0.4024","0.7178"
"81.1770","0.4024","0.7168"
"81.1970","0.4024","0.7157"
"81.2170","0.4023","0.7146"
"81.2370","0.4023","0.7134"
"81.2570","0.4022","0.7123"
"81.2770","0.4022","0.7112"
"81.2970","0.4021","0.7100"
"81.3170","0.4021","0.7089"
"81.3370","0.4021","0.7078"
"81.3570","0.4020","0.7067"
"81.3770","0.4020","0.7055"
"81.3970","0.4019","0.7043"
"81.4170","0.4019","0.7032"
"81.4370","0.4018","0.7021"
"81.4570","0.4018","0.7010"
"81.4770","0.4017","0.6999"
"81.4970","0.4017","0.6986"
"81.5170","0.4017","0.6974"
"81.5370","0.4016","0.6962"
"81.5570","0.4016","0.6951"
"81.5770","0.4015","0.6941"
"81.5970","0.4015","0.6930"
"81.6170","0.4014","0.6917"
"81.6370","0.4014","0.6906"
"81.6570","0.4013","0.6894"
"81.6770","0.4013","0.6883"
"81.6970","0.4013","0.6872"
"81.7170","0.4012","0.6860"
"81.7370","0.4012","0.6849"
"81.7570","0.4011","0.6837"
"81.7770","0.4011","0.6826"
"81.7970","0.4010","0.6814"
"81.8170","0.4010","0.6803"
"81.8370","0.4009","0.6791"
"81.8570","0.4009","0.6780"
"81.8770","0.4008","0.6769"
"81.8970","0.4008","0.6758"
"81.9170","0.4008","0.6746"
"81.9370","0.4007","0.6735"
"81.9570","0.4007","0.6723"
"81.9770","0.4006","0.6712"
"81.9970","0.4006","0.6701"
"82.0170","0.4005","0.6689"
"82.0370","0.4005","0.6679"
"82.0570","0.4004","0.6666"
"82.0770","0.4004","0.6655"
"82.0970","0.4003","0.6644"
"82.1170","0.4003","0.6633"
"82.1370","0.4003","0.6622"
"82.1570","0.4002","0.6610"
"82.1770","0.4002","0.6598"
"82.1970","0.4001","0.6588"
"82.2170","0.4001","0.6577"
"82.2370","0.4000","0.6565"
"82.2570","0.4000","0.6554"
"82.2770","0.3999","0.6543"
"82.2970","0.3999","0.6532"
"82.3170","0.3999","0.6521"
"82.3370","0.3998","0.6510"
"82.3570","0.3998","0.6498"
"82.3770","0.3997","0.6487"
"82.3970","0.3997","0.6476"
"82.4170","0.3996","0.6466"
"82.4370","0.3996","0.6454"
"82.4570","0.3995","0.6442"
"82.4770","0.3995","0.6432"
"82.4970","0.3994","0.6421"
"82.5170","0.3994","0.6409"
"82.5370","0.3993","0.6398"
"82.5570","0.3993","0.6387"
"82.5770","0.3993","0.6376"
"82.5970","0.3992","0.6365"
"82.6170","0.3992","0.6354"
"82.6370","0.3991","0.6343"
"82.6570","0.3991","0.6331"
"82.6770","0.3990","0.6320"
"82.6970","0.3990","0.6308"
"82.7170","0.3989","0.6297"
"82.7370","0.3989","0.6287"
"82.7570","0.3988","0.6275"
"82.7770","0.3988","0.6263"
"82.7970","0.3987","0.6252"
"82.8170","0.3987","0.6240"
"82.8370","0.3986","0.6229"
"82.8570","0.3986","0.6217"
"82.8770","0.3985","0.6205"
"82.8970","0.3985","0.6195"
"82.9170","0.3984","0.6183"
"82.9370","0.3984","0.6170"
"82.9570","0.3983","0.6158"
"82.9770","0.3983","0.6147"
"82.9970","0.3982","0.6135"
"83.0170","0.3982","0.6124"
"83.0370","0.3981","0.6112"
"83.0570","0.3981","0.6099"
"83.0770","0.3980","0.6088"
"83.0970","0.3980","0.6077"
"83.1170","0.3979","0.6065"
"83.1370","0.3979","0.6054"
"83.1570","0.3978","0.6042"
"83.1770","0.3978","0.6030"
"83.1970","0.3977","0.6018"
"83.2170","0.3977","0.6006"
"83.2370","0.3976","0.5994"
"83.2570","0.3976","0.5982"
"83.2770","0.3975","0.5970"
"83.2970","0.3975","0.5959"
"83.3170","0.3974","0.5947"
"83.3370","0.3974","0.5934"
"83.3570","0.3973","0.5922"
"83.3770","0.3973","0.5911"
"83.3970","0.3972","0.5899"
"83.4170","0.3972","0.5887"
"83.4370","0.3971","0.5875"
"83.4570","0.3970","0.5863"
"83.4770","0.3970","0.5851"
"83.4970","0.3969","0.5840"
"83.5170","0.3969","0.5828"
"83.5370","0.3968","0.5817"
"83.5570","0.3968","0.5805"
"83.5770","0.3967","0.5795"
"83.5970","0.3967","0.5783"
"83.6170","0.3966","0.5772"
"83.6370","0.3966","0.5761"
"83.6570","0.3965","0.5750"
"83.6770","0.3965","0.5738"
"83.6970","0.3964","0.5727"
"83.7170","0.3964","0.5716"
"83.7370","0.3963","0.5706"
"83.7570","0.3963","0.5696"
"83.7770","0.3962","0.5684"
"83.7970","0.3962","0.5674"
"83.8170","0.3961","0.5663"
"83.8370","0.3961","0.5653"
"83.8570","0.3960","0.5644"
"83.8770","0.3960","0.5633"
"83.8970","0.3959","0.5622"
"83.9170","0.3959","0.5612"
"83.9370","0.3959","0.5602"
"83.9570","0.3958","0.5591"
"83.9770","0.3958","0.5579"
"83.9970","0.3957","0.5569"
"84.0170","0.3957","0.5559"
"84.0370","0.3956","0.5548"
"84.0570","0.3956","0.5537"
"84.0770","0.3955","0.5526"
"84.0970","0.3955","0.5516"
"84.1170","0.3954","0.5505"
"84.1370","0.3954","0.5494"
"84.1570","0.3953","0.5483"
"84.1770","0.3953","0.5473"
"84.1970","0.3952","0.5462"
"84.2170","0.3951","0.5450"
"84.2370","0.3951","0.5440"
"84.2570","0.3950","0.5429"
"84.2770","0.3950","0.5417"
"84.2970","0.3949","0.5406"
"84.3170","0.3949","0.5396"
"84.3370","0.3948","0.5385"
"84.3570","0.3948","0.5373"
"84.3770","0.3947","0.5361"
"84.3970","0.3947","0.5350"
"84.4170","0.3946","0.5339"
"84.4370","0.3946","0.5327"
"84.4570","0.3945","0.5317"
"84.4770","0.3945","0.5307"
"84.4970","0.3944","0.5295"
"84.5170","0.3943","0.5283"
"84.5370","0.3943","0.5273"
"84.5570","0.3942","0.5262"
"84.5770","0.3942","0.5251"
"84.5970","0.3941","0.5241"
"84.6170","0.3941","0.5230"
"84.6370","0.3940","0.5219"
"84.6570","0.3940","0.5208"
"84.6770","0.3939","0.5198"
"84.6970","0.3939","0.5188"
"84.7170","0.3938","0.5177"
"84.7370","0.3938","0.5166"
"84.7570","0.3937","0.5156"
"84.7770","0.3937","0.5146"
"84.7970","0.3936","0.5136"
"84.8170","0.3936","0.5126"
"84.8370","0.3935","0.5116"
"84.8570","0.3935","0.5105"
"84.8770","0.3934","0.5094"
"84.8970","0.3934","0.5085"
"84.9170","0.3933","0.5075"
"84.9370","0.3933","0.5064"
"84.9570","0.3932","0.5054"
"84.9770","0.3932","0.5044"
"84.9970","0.3931","0.5034"
"85.0170","0.3930","0.5024"
"85.0370","0.3930","0.5013"
"85.0570","0.3929","0.5002"
"85.0770","0.3929","0.4992"
"85.0970","0.3928","0.4982"
"85.1170","0.3928","0.4972"
"85.1370","0.3927","0.4962"
"85.1570","0.3927","0.4952"
"85.1770","0.3926","0.4942"
"85.1970","0.3926","0.4932"
"85.2170","0.3925","0.4923"
"85.2370","0.3925","0.4912"
"85.2570","0.3924","0.4901"
"85.2770","0.3924","0.4891"
"85.2970","0.3923","0.4882"
"85.3170","0.3923","0.4871"
"85.3370","0.3922","0.4861"
"85.3570","0.3922","0.4851"
"85.3770","0.3921","0.4842"
"85.3970","0.3921","0.4832"
"85.4170","0.3920","0.4821"
"85.4370","0.3920","0.4811"
"85.4570","0.3919","0.4801"
"85.4770","0.3918","0.4791"
"85.4970","0.3918","0.4781"
"85.5170","0.3917","0.4770"
"85.5370","0.3917","0.4760"
"85.5570","0.3916","0.4749"
"85.5770","0.3916","0.4740"
"85.5970","0.3915","0.4730"
"85.6170","0.3915","0.4720"
"85.6370","0.3914","0.4710"
"85.6570","0.3914","0.4700"
"85.6770","0.3913","0.4690"
"85.6970","0.3912","0.4679"
"85.7170","0.3912","0.4668"
"85.7370","0.3911","0.4657"
"85.7570","0.3911","0.4647"
"85.7770","0.3910","0.4637"
"85.7970","0.3910","0.4627"
"85.8170","0.3909","0.4617"
"85.8370","0.3909","0.4606"
"85.8570","0.3908","0.4596"
"85.8770","0.3907","0.4585"
"85.8970","0.3907","0.4574"
"85.9170","0.3906","0.4564"
"85.9370","0.3906","0.4554"
"85.9570","0.3905","0.4544"
"85.9770","0.3905","0.4534"
"85.9970","0.3904","0.4524"
"86.0170","0.3903","0.4514"
"86.0370","0.3903","0.4504"
"86.0570","0.3902","0.4494"
"86.0770","0.3902","0.4484"
"86.0970","0.3901","0.4474"
"86.1170","0.3901","0.4465"
"86.1370","0.3900","0.4455"
"86.1570","0.3900","0.4446"
"86.1770","0.3899","0.4436"
"86.1970","0.3899","0.4426"
"86.2170","0.3898","0.4417"
"86.2370","0.3897","0.4408"
"86.2570","0.3897","0.4397"
"86.2770","0.3896","0.4388"
"86.2970","0.3896","0.4379"
"86.3170","0.3895","0.4369"
"86.3370","0.3895","0.4359"
"86.3570","0.3894","0.4350"
"86.3770","0.3894","0.4340"
"86.3970","0.3893","0.4331"
"86.4170","0.3893","0.4320"
"86.4370","0.3892","0.4310"
"86.4570","0.3891","0.4301"
"86.4770","0.3891","0.4291"
"86.4970","0.3890","0.4282"
"86.5170","0.3890","0.4273"
"86.5370","0.3889","0.4262"
"86.5570","0.3889","0.4252"
"86.5770","0.3888","0.4242"
"86.5970","0.3887","0.4232"
"86.6170","0.3887","0.4222"
"86.6370","0.3886","0.4212"
"86.6570","0.3886","0.4203"
"86.6770","0.3885","0.4193"
"86.6970","0.3885","0.4182"
"86.7170","0.3884","0.4172"
"86.7370","0.3883","0.4162"
"86.7570","0.3883","0.4152"
"86.7770","0.3882","0.4142"
"86.7970","0.3882","0.4132"
"86.8170","0.3881","0.4122"
"86.8370","0.3880","0.4111"
"86.8570","0.3880","0.4101"
"86.8770","0.3879","0.4090"
"86.8970","0.3878","0.4079"
"86.9170","0.3878","0.4069"
"86.9370","0.3877","0.4058"
"86.9570","0.3877","0.4047"
"86.9770","0.3876","0.4036"
"86.9970","0.3875","0.4026"
"87.0170","0.3875","0.4015"
"87.0370","0.3874","0.4005"
"87.0570","0.3873","0.3994"
"87.0770","0.3873","0.3983"
"87.0970","0.3872","0.3972"
"87.1170","0.3871","0.3961"
"87.1370","0.3871","0.3950"
"87.1570","0.3870","0.3940"
"87.1770","0.3869","0.3929"
"87.1970","0.3869","0.3919"
"87.2170","0.3868","0.3908"
"87.2370","0.3867","0.3898"
"87.2570","0.3867","0.3888"
"87.2770","0.3866","0.3877"
"87.2970","0.3865","0.3867"
"87.3170","0.3865","0.3856"
"87.3370","0.3864","0.3846"
"87.3570","0.3864","0.3837"
"87.3770","0.3863","0.3828"
"87.3970","0.3862","0.3818"
"87.4170","0.3862","0.3808"
"87.4370","0.3861","0.3798"
"87.4570","0.3861","0.3789"
"87.4770","0.3860","0.3779"
"87.4970","0.3859","0.3770"
"87.5170","0.3859","0.3759"
"87.5370","0.3858","0.3750"
"87.5570","0.3857","0.3741"
"87.5770","0.3857","0.3732"
"87.5970","0.3856","0.3722"
"87.6170","0.3856","0.3712"
"87.6370","0.3855","0.3702"
"87.6570","0.3854","0.3692"
"87.6770","0.3854","0.3682"
"87.6970","0.3853","0.3672"
"87.7170","0.3852","0.3661"
"87.7370","0.3852","0.3651"
"87.7570","0.3851","0.3640"
"87.7770","0.3850","0.3630"
"87.7970","0.3850","0.3620"
"87.8170","0.3849","0.3609"
"87.8370","0.3848","0.3598"
"87.8570","0.3848","0.3587"
"87.8770","0.3847","0.3576"
"87.8970","0.3846","0.3566"
"87.9170","0.3845","0.3555"
"87.9370","0.3845","0.3545"
"87.9570","0.3844","0.3534"
"87.9770","0.3843","0.3523"
"87.9970","0.3843","0.3512"
"88.0170","0.3842","0.3501"
"88.0370","0.3841","0.3491"
"88.0570","0.3840","0.3481"
"88.0770","0.3840","0.3470"
"88.0970","0.3839","0.3459"
"88.1170","0.3838","0.3448"
"88.1370","0.3838","0.3438"
"88.1570","0.3837","0.3428"
"88.1770","0.3836","0.3418"
"88.1970","0.3836","0.3409"
"88.2170","0.3835","0.3398"
"88.2370","0.3834","0.3388"
"88.2570","0.3833","0.3378"
"88.2770","0.3833","0.3368"
"88.2970","0.3832","0.3358"
"88.3170","0.3831","0.3348"
"88.3370","0.3831","0.3339"
"88.3570","0.3830","0.3329"
"88.3770","0.3829","0.3318"
"88.3970","0.3829","0.3308"
"88.4170","0.3828","0.3298"
"88.4370","0.3827","0.3288"
"88.4570","0.3826","0.3277"
"88.4770","0.3826","0.3267"
"88.4970","0.3825","0.3257"
"88.5170","0.3824","0.3246"
"88.5370","0.3823","0.3235"
"88.5570","0.3823","0.3226"
"88.5770","0.3822","0.3216"
"88.5970","0.3821","0.3205"
"88.6170","0.3820","0.3194"
"88.6370","0.3820","0.3183"
"88.6570","0.3819","0.3172"
"88.6770","0.3818","0.3162"
"88.6970","0.3817","0.3151"
"88.7170","0.3816","0.3140"
"88.7370","0.3816","0.3128"
"88.7570","0.3815","0.3118"
"88.7770","0.3814","0.3107"
"88.7970","0.3813","0.3097"
"88.8170","0.3813","0.3087"
"88.8370","0.3812","0.3076"
"88.8570","0.3811","0.3065"
"88.8770","0.3810","0.3054"
"88.8970","0.3809","0.3044"
"88.9170","0.3809","0.3034"
"88.9370","0.3808","0.3023"
"88.9570","0.3807","0.3013"
"88.9770","0.3806","0.3002"
"88.9970","0.3805","0.2992"
"89.0170","0.3805","0.2983"
"89.0370","0.3804","0.2973"
"89.0570","0.3803","0.2963"
"89.0770","0.3802","0.2953"
"89.0970","0.3802","0.2944"
"89.1170","0.3801","0.2935"
"89.1370","0.3800","0.2926"
"89.1570","0.3799","0.2916"
"89.1770","0.3799","0.2907"
"89.1970","0.3798","0.2897"
"89.2170","0.3797","0.2889"
"89.2370","0.3797","0.2880"
"89.2570","0.3796","0.2871"
"89.2770","0.3795","0.2863"
"89.2970","0.3794","0.2854"
"89.3170","0.3794","0.2845"
"89.3370","0.3793","0.2836"
"89.3570","0.3792","0.2827"
"89.3770","0.3791","0.2818"
"89.3970","0.3791","0.2809"
"89.4170","0.3790","0.2799"
"89.4370","0.3789","0.2790"
"89.4570","0.3788","0.2781"
"89.4770","0.3788","0.2772"
"89.4970","0.3787","0.2762"
"89.5170","0.3786","0.2752"
"89.5370","0.3785","0.2743"
"89.5570","0.3785","0.2733"
"89.5770","0.3784","0.2723"
"89.5970","0.3783","0.2714"
"89.6170","0.3782","0.2704"
"89.6370","0.3781","0.2693"
"89.6570","0.3780","0.2683"
"89.6770","0.3780","0.2672"
"89.6970","0.3779","0.2662"
"89.7170","0.3778","0.2652"
"89.7370","0.3777","0.2643"
"89.7570","0.3776","0.2632"
"89.7770","0.3775","0.2621"
"89.7970","0.3774","0.2609"
"89.8170","0.3773","0.2598"
"89.8370","0.3773","0.2587"
"89.8570","0.3772","0.2577"
"89.8770","0.3771","0.2566"
"89.8970","0.3770","0.2555"
"89.9170","0.3769","0.2543"
"89.9370","0.3768","0.2532"
"89.9570","0.3767","0.2521"
"89.9770","0.3766","0.2510"
"89.9970","0.3765","0.2500"
"90.0170","0.3764","0.2491"
"90.0370","0.3763","0.2480"
"90.0570","0.3762","0.2470"
"90.0770","0.3761","0.2461"
"90.0970","0.3760","0.2451"
"90.1170","0.3760","0.2441"
"90.1370","0.3759","0.2432"
"90.1570","0.3758","0.2423"
"90.1770","0.3757","0.2413"
"90.1970","0.3756","0.2403"
"90.2170","0.3755","0.2393"
"90.2370","0.3754","0.2384"
"90.2570","0.3753","0.2375"
"90.2770","0.3752","0.2365"
"90.2970","0.3752","0.2354"
"90.3170","0.3751","0.2343"
"90.3370","0.3750","0.2332"
"90.3570","0.3749","0.2321"
"90.3770","0.3748","0.2311"
"90.3970","0.3747","0.2300"
"90.4170","0.3746","0.2289"
"90.4370","0.3745","0.2278"
"90.4570","0.3744","0.2267"
"90.4770","0.3742","0.2256"
"90.4970","0.3741","0.2245"
"90.5170","0.3740","0.2234"
"90.5370","0.3739","0.2223"
"90.5570","0.3738","0.2212"
"90.5770","0.3737","0.2203"
"90.5970","0.3736","0.2193"
"90.6170","0.3735","0.2183"
"90.6370","0.3734","0.2172"
"90.6570","0.3733","0.2162"
"90.6770","0.3732","0.2152"
"90.6970","0.3731","0.2143"
"90.7170","0.3730","0.2134"
"90.7370","0.3729","0.2124"
"90.7570","0.3728","0.2113"
"90.7770","0.3727","0.2104"
"90.7970","0.3726","0.2094"
"90.8170","0.3725","0.2084"
"90.8370","0.3724","0.2074"
"90.8570","0.3723","0.2065"
"90.8770","0.3722","0.2055"
"90.8970","0.3721","0.2045"
"90.9170","0.3720","0.2036"
"90.9370","0.3719","0.2027"
"90.9570","0.3718","0.2017"
"90.9770","0.3717","0.2007"
"90.9970","0.3716","0.1997"
"91.0170","0.3715","0.1986"
"91.0370","0.3714","0.1977"
"91.0570","0.3713","0.1968"
"91.0770","0.3712","0.1957"
"91.0970","0.3711","0.1948"
"91.1170","0.3710","0.1938"
"91.1370","0.3709","0.1928"
"91.1570","0.3708","0.1919"
"91.1770","0.3707","0.1909"
"91.1970","0.3706","0.1899"
"91.2170","0.3704","0.1889"
"91.2370","0.3703","0.1879"
"91.2570","0.3702","0.1870"
"91.2770","0.3701","0.1861"
"91.2970","0.3700","0.1851"
"91.3170","0.3699","0.1842"
"91.3370","0.3698","0.1833"
"91.3570","0.3697","0.1824"
"91.3770","0.3696","0.1815"
"91.3970","0.3695","0.1805"
"91.4170","0.3694","0.1797"
"91.4370","0.3693","0.1788"
"91.4570","0.3692","0.1779"
"91.4770","0.3691","0.1771"
"91.4970","0.3690","0.1762"
"91.5170","0.3689","0.1753"
"91.5370","0.3687","0.1743"
"91.5570","0.3686","0.1734"
"91.5770","0.3685","0.1723"
"91.5970","0.3684","0.1714"
"91.6170","0.3683","0.1704"
"91.6370","0.3682","0.1694"
"91.6570","0.3680","0.1684"
"91.6770","0.3679","0.1673"
"91.6970","0.3678","0.1661"
"91.7170","0.3676","0.1649"
"91.7370","0.3675","0.1638"
"91.7570","0.3674","0.1626"
"91.7770","0.3673","0.1614"
"91.7970","0.3671","0.1603"
"91.8170","0.3670","0.1592"
"91.8370","0.3668","0.1580"
"91.8570","0.3667","0.1568"
"91.8770","0.3665","0.1556"
"91.8970","0.3664","0.1545"
"91.9170","0.3662","0.1535"
"91.9370","0.3661","0.1524"
"91.9570","0.3660","0.1514"
"91.9770","0.3658","0.1505"
"91.9970","0.3657","0.1495"
"92.0170","0.3656","0.1486"
"92.0370","0.3654","0.1476"
"92.0570","0.3653","0.1467"
"92.0770","0.3652","0.1458"
"92.0970","0.3651","0.1447"
"92.1170","0.3649","0.1438"
"92.1370","0.3648","0.1428"
"92.1570","0.3647","0.1418"
"92.1770","0.3645","0.1408"
"92.1970","0.3644","0.1398"
"92.2170","0.3642","0.1388"
"92.2370","0.3641","0.1379"
"92.2570","0.3640","0.1369"
"92.2770","0.3638","0.1360"
"92.2970","0.3637","0.1351"
"92.3170","0.3636","0.1342"
"92.3370","0.3634","0.1334"
"92.3570","0.3633","0.1325"
"92.3770","0.3632","0.1316"
"92.3970","0.3631","0.1308"
"92.4170","0.3629","0.1300"
"92.4370","0.3628","0.1293"
"92.4570","0.3627","0.1285"
"92.4770","0.3626","0.1277"
"92.4970","0.3624","0.1269"
"92.5170","0.3623","0.1261"
"92.5370","0.3622","0.1252"
"92.5570","0.3620","0.1243"
"92.5770","0.3619","0.1234"
"92.5970","0.3618","0.1225"
"92.6170","0.3616","0.1216"
"92.6370","0.3615","0.1208"
"92.6570","0.3614","0.1199"
"92.6770","0.3612","0.1190"
"92.6970","0.3611","0.1180"
"92.7170","0.3609","0.1170"
"92.7370","0.3608","0.1161"
"92.7570","0.3606","0.1151"
"92.7770","0.3605","0.1141"
"92.7970","0.3603","0.1133"
"92.8170","0.3601","0.1122"
"92.8370","0.3600","0.1113"
"92.8570","0.3598","0.1104"
"92.8770","0.3597","0.1096"
"92.8970","0.3595","0.1086"
"92.9170","0.3594","0.1078"
"92.9370","0.3592","0.1070"
"92.9570","0.3591","0.1062"
"92.9770","0.3589","0.1051"
"92.9970","0.3588","0.1043"
"93.0170","0.3586","0.1034"
"93.0370","0.3585","0.1024"
"93.0570","0.3583","0.1014"
"93.0770","0.3581","0.1005"
"93.0970","0.3579","0.0995"
"93.1170","0.3577","0.0984"
"93.1370","0.3576","0.0973"
"93.1570","0.3574","0.0960"
"93.1770","0.3572","0.0949"
"93.1970","0.3569","0.0937"
"93.2170","0.3567","0.0925"
"93.2370","0.3565","0.0913"
"93.2570","0.3563","0.0902"
"93.2770","0.3561","0.0893"
"93.2970","0.3559","0.0883"
"93.3170","0.3557","0.0873"
"93.3370","0.3555","0.0864"
"93.3570","0.3553","0.0856"
"93.3770","0.3552","0.0847"
"93.3970","0.3550","0.0838"
"93.4170","0.3548","0.0829"
"93.4370","0.3546","0.0819"
"93.4570","0.3544","0.0809"
"93.4770","0.3542","0.0799"
"93.4970","0.3540","0.0790"
"93.5170","0.3538","0.0781"
"93.5370","0.3536","0.0772"
"93.5570","0.3534","0.0762"
"93.5770","0.3532","0.0753"
"93.5970","0.3530","0.0744"
"93.6170","0.3528","0.0736"
"93.6370","0.3526","0.0727"
"93.6570","0.3524","0.0718"
"93.6770","0.3522","0.0709"
"93.6970","0.3519","0.0699"
"93.7170","0.3517","0.0688"
"93.7370","0.3515","0.0678"
"93.7570","0.3512","0.0667"
"93.7770","0.3510","0.0655"
"93.7970","0.3507","0.0643"
"93.8170","0.3504","0.0630"
"93.8370","0.3501","0.0616"
"93.8570","0.3498","0.0604"
"93.8770","0.3495","0.0593"
"93.8970","0.3492","0.0582"
"93.9170","0.3489","0.0571"
"93.9370","0.3486","0.0560"
"93.9570","0.3483","0.0550"
"93.9770","0.3481","0.0540"
"93.9970","0.3478","0.0529"
"94.0170","0.3475","0.0518"
"94.0370","0.3471","0.0507"
"94.0570","0.3468","0.0496"
"94.0770","0.3465","0.0485"
"94.0970","0.3462","0.0476"
"94.1170","0.3459","0.0467"
"94.1370","0.3457","0.0460"
"94.1570","0.3454","0.0453"
"94.1770","0.3452","0.0445"
"94.1970","0.3450","0.0439"
"94.2170","0.3447","0.0432"
"94.2370","0.3445","0.0425"
"94.2570","0.3442","0.0417"
"94.2770","0.3439","0.0408"
"94.2970","0.3436","0.0399"
"94.3170","0.3433","0.0390"
"94.3370","0.3430","0.0381"
"94.3570","0.3427","0.0372"
"94.3770","0.3424","0.0362"
"94.3970","0.3420","0.0351"
"94.4170","0.3416","0.0339"
"94.4370","0.3412","0.0326"
"94.4570","0.3408","0.0314"
"94.4770","0.3403","0.0301"
"94.4970","0.3398","0.0289"
"94.5170","0.3394","0.0277"
"94.5370","0.3389","0.0267"
"94.5570","0.3385","0.0259"
"94.5770","0.3382","0.0251"
"94.5970","0.3378","0.0243"
"94.6170","0.3374","0.0234"
"94.6370","0.3370","0.0227"
"94.6570","0.3366","0.0218"
"94.6770","0.3362","0.0209"
"94.6970","0.3358","0.0202"
"94.7020","0.3357","0.0200"
"94.7030","0.3357","0.0199"
"94.7040","0.3357","0.0199"
"94.7240","0.3353","0.0192"
"94.7440","0.3349","0.0185"
"94.7640","0.3346","0.0181"
"94.7840","0.3344","0.0178"
"94.8040","0.3342","0.0176"
"94.8240","0.3340","0.0176"
"94.8440","0.3339","0.0176"
"94.8640","0.3338","0.0178"
"94.8840","0.3337","0.0180"
"94.9040","0.3337","0.0182"
"94.9240","0.3337","0.0185"
"94.9440","0.3336","0.0188"
"94.9640","0.3336","0.0192"
"94.9840","0.3336","0.0196"
"95.0040","0.3336","0.0200"
"95.0240","0.3336","0.0204"
"95.0440","0.3336","0.0207"
"95.0640","0.3337","0.0210"
"95.0840","0.3337","0.0213"
"95.1040","0.3337","0.0215"
"95.1240","0.3337","0.0218"
"95.1440","0.3337","0.0220"
"95.1640","0.3337","0.0223"
"95.1840","0.3337","0.0226"
"95.2040","0.3337","0.0228"
"95.2240","0.3337","0.0231"
"95.2440","0.3338","0.0234"
"95.2640","0.3338","0.0236"
"95.2840","0.3338","0.0239"
"95.3040","0.3338","0.0242"
"95.3240","0.3338","0.0245"
"95.3440","0.3339","0.0247"
"95.3640","0.3339","0.0251"
"95.3840","0.3339","0.0253"
"95.4040","0.3340","0.0256"
"95.4240","0.3340","0.0259"
"95.4440","0.3340","0.0262"
"95.4640","0.3341","0.0265"
"95.4840","0.3341","0.0268"
"95.5040","0.3342","0.0272"
"95.5240","0.3342","0.0276"
"95.5440","0.3342","0.0280"
"95.5640","0.3343","0.0284"
"95.5840","0.3344","0.0287"
"95.6040","0.3344","0.0291"
"95.6240","0.3345","0.0296"
"95.6440","0.3346","0.0301"
"95.6640","0.3346","0.0307"
"95.6840","0.3347","0.0311"
"95.7040","0.3348","0.0315"
"95.7240","0.3348","0.0319"
"95.7440","0.3349","0.0323"
"95.7640","0.3350","0.0329"
"95.7840","0.3351","0.0336"
"95.8040","0.3352","0.0340"
"95.8240","0.3353","0.0346"
"95.8440","0.3354","0.0353"
"95.8640","0.3355","0.0358"
"95.8840","0.3356","0.0363"
"95.9040","0.3357","0.0369"
"95.9240","0.3358","0.0376"
"95.9440","0.3359","0.0382"
"95.9640","0.3360","0.0389"
"95.9840","0.3361","0.0396"
"96.0040","0.3362","0.0402"
"96.0240","0.3363","0.0410"
"96.0440","0.3365","0.0417"
"96.0640","0.3366","0.0426"
"96.0840","0.3368","0.0434"
"96.1040","0.3369","0.0442"
"96.1240","0.3370","0.0450"
"96.1440","0.3372","0.0459"
"96.1640","0.3374","0.0468"
"96.1840","0.3375","0.0478"
"96.2040","0.3377","0.0489"
"96.2240","0.3379","0.0498"
"96.2440","0.3381","0.0508"
"96.2640","0.3383","0.0519"
"96.2840","0.3385","0.0530"
"96.3040","0.3387","0.0541"
"96.3240","0.3389","0.0553"
"96.3440","0.3391","0.0565"
"96.3640","0.3393","0.0576"
"96.3840","0.3395","0.0587"
"96.4040","0.3397","0.0599"
"96.4240","0.3400","0.0612"
"96.4440","0.3402","0.0625"
"96.4640","0.3404","0.0638"
"96.4840","0.3407","0.0653"
"96.5040","0.3410","0.0668"
"96.5240","0.3413","0.0686"
"96.5440","0.3416","0.0706"
"96.5640","0.3420","0.0726"
"96.5840","0.3423","0.0747"
"96.6040","0.3427","0.0770"
"96.6240","0.3431","0.0791"
"96.6440","0.3434","0.0811"
"96.6640","0.3438","0.0829"
"96.6840","0.3441","0.0846"
"96.7040","0.3444","0.0862"
"96.7240","0.3446","0.0879"
"96.7440","0.3449","0.0895"
"96.7640","0.3452","0.0910"
"96.7840","0.3455","0.0926"
"96.8040","0.3457","0.0940"
"96.8240","0.3460","0.0954"
"96.8440","0.3462","0.0968"
"96.8640","0.3464","0.0981"
"96.8840","0.3466","0.0995"
"96.9040","0.3468","0.1008"
"96.9240","0.3471","0.1021"
"96.9440","0.3473","0.1034"
"96.9640","0.3475","0.1047"
"96.9840","0.3477","0.1061"
"97.0040","0.3480","0.1077"
"97.0240","0.3482","0.1092"
"97.0440","0.3485","0.1107"
"97.0640","0.3487","0.1122"
"97.0840","0.3489","0.1137"
"97.1040","0.3492","0.1151"
"97.1240","0.3494","0.1166"
"97.1440","0.3496","0.1180"
"97.1640","0.3498","0.1194"
"97.1840","0.3500","0.1208"
"97.2040","0.3503","0.1223"
"97.2240","0.3505","0.1236"
"97.2440","0.3507","0.1251"
"97.2640","0.3509","0.1266"
"97.2840","0.3511","0.1283"
"97.3040","0.3514","0.1298"
"97.3240","0.3516","0.1315"
"97.3440","0.3519","0.1332"
"97.3640","0.3521","0.1348"
"97.3840","0.3523","0.1364"
"97.4040","0.3525","0.1378"
"97.4240","0.3528","0.1392"
"97.4440","0.3530","0.1406"
"97.4640","0.3532","0.1419"
"97.4840","0.3533","0.1430"
"97.5040","0.3535","0.1442"
"97.5240","0.3537","0.1453"
"97.5440","0.3538","0.1464"
"97.5640","0.3540","0.1474"
"97.5840","0.3542","0.1485"
"97.6040","0.3543","0.1497"
"97.6240","0.3545","0.1509"
"97.6440","0.3546","0.1521"
"97.6640","0.3548","0.1533"
"97.6840","0.3550","0.1545"
"97.7040","0.3552","0.1558"
"97.7240","0.3553","0.1571"
"97.7440","0.3555","0.1583"
"97.7640","0.3557","0.1595"
"97.7840","0.3558","0.1607"
"97.8040","0.3560","0.1618"
"97.8240","0.3562","0.1631"
"97.8440","0.3563","0.1643"
"97.8640","0.3565","0.1654"
"97.8840","0.3566","0.1666"
"97.9040","0.3568","0.1678"
"97.9240","0.3569","0.1690"
"97.9440","0.3571","0.1702"
"97.9640","0.3573","0.1715"
"97.9840","0.3574","0.1728"
"98.0040","0.3576","0.1741"
"98.0240","0.3578","0.1755"
"98.0440","0.3579","0.1767"
"98.0640","0.3581","0.1779"
"98.0840","0.3583","0.1793"
"98.1040","0.3584","0.1805"
"98.1240","0.3586","0.1818"
"98.1440","0.3587","0.1830"
"98.1640","0.3589","0.1842"
"98.1840","0.3590","0.1854"
"98.2040","0.3592","0.1866"
"98.2240","0.3593","0.1876"
"98.2440","0.3595","0.1887"
"98.2640","0.3596","0.1897"
"98.2840","0.3597","0.1907"
"98.3040","0.3598","0.1917"
"98.3240","0.3600","0.1926"
"98.3440","0.3601","0.1936"
"98.3640","0.3602","0.1946"
"98.3840","0.3603","0.1954"
"98.4040","0.3605","0.1965"
"98.4240","0.3606","0.1975"
"98.4440","0.3607","0.1986"
"98.4640","0.3608","0.1996"
"98.4840","0.3610","0.2007"
"98.5040","0.3611","0.2017"
"98.5240","0.3612","0.2028"
"98.5440","0.3614","0.2039"
"98.5640","0.3615","0.2051"
"98.5840","0.3616","0.2063"
"98.6040","0.3617","0.2073"
"98.6240","0.3619","0.2084"
"98.6440","0.3620","0.2096"
"98.6640","0.3621","0.2107"
"98.6840","0.3623","0.2117"
"98.7040","0.3624","0.2128"
"98.7240","0.3625","0.2138"
"98.7440","0.3626","0.2149"
"98.7640","0.3628","0.2160"
"98.7840","0.3629","0.2169"
"98.8040","0.3630","0.2178"
"98.8240","0.3631","0.2188"
"98.8440","0.3632","0.2197"
"98.8640","0.3633","0.2207"
"98.8840","0.3634","0.2216"
"98.9040","0.3635","0.2225"
"98.9240","0.3636","0.2234"
"98.9440","0.3637","0.2243"
"98.9640","0.3639","0.2252"
"98.9840","0.3640","0.2261"
"99.0040","0.3641","0.2271"
"99.0240","0.3642","0.2281"
"99.0440","0.3643","0.2291"
"99.0640","0.3644","0.2301"
"99.0840","0.3645","0.2313"
"99.1040","0.3646","0.2323"
"99.1240","0.3648","0.2334"
"99.1440","0.3649","0.2346"
"99.1640","0.3650","0.2358"
"99.1840","0.3651","0.2371"
"99.2040","0.3653","0.2383"
"99.2240","0.3654","0.2396"
"99.2440","0.3655","0.2408"
"99.2640","0.3657","0.2420"
"99.2840","0.3658","0.2432"
"99.3040","0.3659","0.2445"
"99.3240","0.3660","0.2457"
"99.3440","0.3662","0.2469"
"99.3640","0.3663","0.2480"
"99.3840","0.3664","0.2492"
"99.4040","0.3665","0.2504"
"99.4240","0.3667","0.2516"
"99.4440","0.3668","0.2528"
"99.4640","0.3669","0.2539"
"99.4840","0.3670","0.2552"
"99.5040","0.3672","0.2563"
"99.5240","0.3673","0.2574"
"99.5440","0.3674","0.2587"
"99.5640","0.3675","0.2598"
"99.5840","0.3676","0.2610"
"99.6040","0.3678","0.2622"
"99.6240","0.3679","0.2634"
"99.6440","0.3680","0.2646"
"99.6640","0.3681","0.2657"
"99.6840","0.3682","0.2668"
"99.7040","0.3684","0.2679"
"99.7240","0.3685","0.2690"
"99.7440","0.3686","0.2702"
"99.7640","0.3687","0.2713"
"99.7840","0.3688","0.2723"
"99.8040","0.3689","0.2734"
"99.8240","0.3690","0.2743"
"99.8440","0.3691","0.2754"
"99.8640","0.3692","0.2764"
"99.8840","0.3693","0.2772"
"99.9040","0.3694","0.2782"
"99.9240","0.3695","0.2791"
"99.9440","0.3696","0.2800"
"99.9640","0.3697","0.2810"
"99.9840","0.3698","0.2819"
"100.0040","0.3699","0.2826"
"100.0240","0.3700","0.2836"
"100.0440","0.3701","0.2844"
"100.0640","0.3702","0.2853"
"100.0840","0.3703","0.2863"
"100.1040","0.3704","0.2872"
"100.1240","0.3704","0.2881"
"100.1440","0.3705","0.2890"
"100.1640","0.3706","0.2899"
"100.1840","0.3707","0.2908"
"100.2040","0.3708","0.2918"
"100.2240","0.3709","0.2927"
"100.2440","0.3710","0.2937"
"100.2640","0.3711","0.2947"
"100.2840","0.3712","0.2957"
"100.3040","0.3713","0.2967"
"100.3240","0.3714","0.2977"
"100.3440","0.3715","0.2987"
"100.3640","0.3716","0.2998"
"100.3840","0.3717","0.3009"
"100.4040","0.3718","0.3019"
"100.4240","0.3719","0.3029"
"100.4440","0.3720","0.3040"
"100.4640","0.3721","0.3051"
"100.4840","0.3722","0.3061"
"100.5040","0.3723","0.3072"
"100.5240","0.3724","0.3083"
"100.5440","0.3725","0.3093"
"100.5640","0.3726","0.3103"
"100.5840","0.3727","0.3113"
"100.6040","0.3728","0.3124"
"100.6240","0.3729","0.3135"
"100.6440","0.3729","0.3144"
"100.6640","0.3730","0.3154"
"100.6840","0.3731","0.3165"
"100.7040","0.3732","0.3175"
"100.7240","0.3733","0.3184"
"100.7440","0.3734","0.3193"
"100.7640","0.3735","0.3202"
"100.7840","0.3736","0.3213"
"100.8040","0.3737","0.3222"
"100.8240","0.3738","0.3231"
"100.8440","0.3739","0.3241"
"100.8640","0.3739","0.3250"
"100.8840","0.3740","0.3261"
"100.9040","0.3741","0.3271"
"100.9240","0.3742","0.3280"
"100.9440","0.3743","0.3291"
"100.9640","0.3744","0.3302"
"100.9840","0.3745","0.3312"
"101.0040","0.3746","0.3323"
"101.0240","0.3747","0.3334"
"101.0440","0.3748","0.3346"
"101.0640","0.3749","0.3358"
"101.0840","0.3750","0.3368"
"101.1040","0.3751","0.3379"
"101.1240","0.3752","0.3392"
"101.1440","0.3753","0.3403"
"101.1640","0.3754","0.3414"
"101.1840","0.3755","0.3425"
"101.2040","0.3756","0.3436"
"101.2240","0.3757","0.3446"
"101.2440","0.3758","0.3457"
"101.2640","0.3758","0.3468"
"101.2840","0.3759","0.3478"
"101.3040","0.3760","0.3487"
"101.3240","0.3761","0.3497"
"101.3440","0.3762","0.3506"
"101.3640","0.3763","0.3516"
"101.3840","0.3764","0.3527"
"101.4040","0.3765","0.3536"
"101.4240","0.3765","0.3545"
"101.4440","0.3766","0.3556"
"101.4640","0.3767","0.3565"
"101.4840","0.3768","0.3575"
"101.5040","0.3769","0.3586"
"101.5240","0.3770","0.3595"
"101.5440","0.3771","0.3605"
"101.5640","0.3771","0.3614"
"101.5840","0.3772","0.3625"
"101.6040","0.3773","0.3634"
"101.6240","0.3774","0.3645"
"101.6440","0.3775","0.3656"
"101.6640","0.3776","0.3667"
"101.6840","0.3777","0.3676"
"101.7040","0.3777","0.3685"
"101.7240","0.3778","0.3696"
"101.7440","0.3779","0.3706"
"101.7640","0.3780","0.3716"
"101.7840","0.3781","0.3725"
"101.8040","0.3782","0.3734"
"101.8240","0.3782","0.3745"
"101.8440","0.3783","0.3754"
"101.8640","0.3784","0.3763"
"101.8840","0.3785","0.3773"
"101.9040","0.3786","0.3783"
"101.9240","0.3787","0.3793"
"101.9440","0.3787","0.3802"
"101.9640","0.3788","0.3811"
"101.9840","0.3789","0.3821"
"102.0040","0.3790","0.3830"
"102.0240","0.3790","0.3840"
"102.0440","0.3791","0.3849"
"102.0640","0.3792","0.3858"
"102.0840","0.3793","0.3867"
"102.1040","0.3793","0.3875"
"102.1240","0.3794","0.3884"
"102.1440","0.3795","0.3893"
"102.1640","0.3796","0.3902"
"102.1840","0.3796","0.3911"
"102.2040","0.3797","0.3918"
"102.2240","0.3798","0.3927"
"102.2440","0.3799","0.3936"
"102.2640","0.3799","0.3945"
"102.2840","0.3800","0.3954"
"102.3040","0.3801","0.3963"
"102.3240","0.3801","0.3971"
"102.3440","0.3802","0.3980"
"102.3640","0.3803","0.3989"
"102.3840","0.3804","0.3999"
"102.4040","0.3804","0.4008"
"102.4240","0.3805","0.4017"
"102.4440","0.3806","0.4027"
"102.4640","0.3807","0.4037"
"102.4840","0.3807","0.4047"
"102.5040","0.3808","0.4056"
"102.5240","0.3809","0.4065"
"102.5440","0.3810","0.4076"
"102.5640","0.3811","0.4087"
"102.5840","0.3811","0.4097"
"102.6040","0.3812","0.4108"
"102.6240","0.3813","0.4119"
"102.6440","0.3814","0.4130"
"102.6640","0.3815","0.4142"
"102.6840","0.3816","0.4153"
"102.7040","0.3816","0.4163"
"102.7240","0.3817","0.4174"
"102.7440","0.3818","0.4186"
"102.7640","0.3819","0.4197"
"102.7840","0.3820","0.4207"
"102.8040","0.3821","0.4218"
"102.8240","0.3822","0.4230"
"102.8440","0.3822","0.4241"
"102.8640","0.3823","0.4252"
"102.8840","0.3824","0.4262"
"102.9040","0.3825","0.4273"
"102.9240","0.3826","0.4284"
"102.9440","0.3827","0.4295"
"102.9640","0.3827","0.4305"
"102.9840","0.3828","0.4316"
"103.0040","0.3829","0.4325"
"103.0240","0.3830","0.4336"
"103.0440","0.3830","0.4346"
"103.0640","0.3831","0.4355"
"103.0840","0.3832","0.4364"
"103.1040","0.3833","0.4374"
"103.1240","0.3833","0.4383"
"103.1440","0.3834","0.4394"
"103.1640","0.3835","0.4403"
"103.1840","0.3836","0.4412"
"103.2040","0.3836","0.4421"
"103.2240","0.3837","0.4431"
"103.2440","0.3838","0.4439"
"103.2640","0.3838","0.4449"
"103.2840","0.3839","0.4458"
"103.3040","0.3840","0.4468"
"103.3240","0.3841","0.4478"
"103.3440","0.3841","0.4487"
"103.3640","0.3842","0.4497"
"103.3840","0.3843","0.4506"
"103.4040","0.3844","0.4517"
"103.4240","0.3844","0.4527"
"103.4440","0.3845","0.4537"
"103.4640","0.3846","0.4546"
"103.4840","0.3847","0.4557"
"103.5040","0.3847","0.4568"
"103.5240","0.3848","0.4579"
"103.5440","0.3849","0.4589"
"103.5640","0.3850","0.4599"
"103.5840","0.3850","0.4610"
"103.6040","0.3851","0.4621"
"103.6240","0.3852","0.4631"
"103.6440","0.3853","0.4641"
"103.6640","0.3853","0.4653"
"103.6840","0.3854","0.4663"
"103.7040","0.3855","0.4673"
"103.7240","0.3856","0.4684"
"103.7440","0.3856","0.4694"
"103.7640","0.3857","0.4704"
"103.7840","0.3858","0.4713"
"103.8040","0.3859","0.4723"
"103.8240","0.3859","0.4733"
"103.8440","0.3860","0.4743"
"103.8640","0.3861","0.4753"
"103.8840","0.3862","0.4763"
"103.9040","0.3862","0.4772"
"103.9240","0.3863","0.4782"
"103.9440","0.3864","0.4791"
"103.9640","0.3864","0.4800"
"103.9840","0.3865","0.4810"
"104.0040","0.3866","0.4819"
"104.0240","0.3866","0.4829"
"104.0440","0.3867","0.4839"
"104.0640","0.3868","0.4849"
"104.0840","0.3869","0.4859"
"104.1040","0.3869","0.4869"
"104.1240","0.3870","0.4878"
"104.1440","0.3871","0.4887"
"104.1640","0.3871","0.4897"
"104.1840","0.3872","0.4908"
"104.2040","0.3873","0.4917"
"104.2240","0.3873","0.4927"
"104.2440","0.3874","0.4937"
"104.2640","0.3875","0.4946"
"104.2840","0.3876","0.4956"
"104.3040","0.3876","0.4967"
"104.3240","0.3877","0.4977"
"104.3440","0.3878","0.4987"
"104.3640","0.3878","0.4998"
"104.3840","0.3879","0.5008"
"104.4040","0.3880","0.5017"
"104.4240","0.3881","0.5027"
"104.4440","0.3881","0.5036"
"104.4640","0.3882","0.5046"
"104.4840","0.3883","0.5056"
"104.5040","0.3883","0.5066"
"104.5240","0.3884","0.5074"
"104.5440","0.3885","0.5084"
"104.5640","0.3885","0.5094"
"104.5840","0.3886","0.5103"
"104.6040","0.3887","0.5112"
"104.6240","0.3887","0.5122"
"104.6440","0.3888","0.5132"
"104.6640","0.3889","0.5141"
"104.6840","0.3889","0.5151"
"104.7040","0.3890","0.5160"
"104.7240","0.3891","0.5169"
"104.7440","0.3891","0.5179"
"104.7640","0.3892","0.5189"
"104.7840","0.3893","0.5198"
"104.8040","0.3893","0.5207"
"104.8240","0.3894","0.5216"
"104.8440","0.3895","0.5225"
"104.8640","0.3895","0.5235"
"104.8840","0.3896","0.5244"
"104.9040","0.3897","0.5253"
"104.9240","0.3897","0.5261"
"104.9440","0.3898","0.5271"
"104.9640","0.3899","0.5280"
"104.9840","0.3899","0.5289"
"105.0040","0.3900","0.5298"
"105.0240","0.3900","0.5307"
"105.0440","0.3901","0.5317"
"105.0640","0.3902","0.5326"
"105.0840","0.3902","0.5335"
"105.1040","0.3903","0.5345"
"105.1240","0.3904","0.5354"
"105.1440","0.3904","0.5364"
"105.1640","0.3905","0.5373"
"105.1840","0.3906","0.5382"
"105.2040","0.3906","0.5392"
"105.2240","0.3907","0.5402"
"105.2440","0.3907","0.5412"
"105.2640","0.3908","0.5421"
"105.2840","0.3909","0.5431"
"105.3040","0.3909","0.5441"
"105.3240","0.3910","0.5451"
"105.3440","0.3911","0.5461"
"105.3640","0.3912","0.5471"
"105.3840","0.3912","0.5482"
"105.4040","0.3913","0.5492"
"105.4240","0.3914","0.5503"
"105.4440","0.3914","0.5513"
"105.4640","0.3915","0.5524"
"105.4840","0.3916","0.5534"
"105.5040","0.3916","0.5543"
"105.5240","0.3917","0.5554"
"105.5440","0.3918","0.5565"
"105.5640","0.3918","0.5576"
"105.5840","0.3919","0.5587"
"105.6040","0.3920","0.5596"
"105.6240","0.3920","0.5607"
"105.6440","0.3921","0.5617"
"105.6640","0.3922","0.5627"
"105.6840","0.3923","0.5638"
"105.7040","0.3923","0.5649"
"105.7240","0.3924","0.5660"
"105.7440","0.3925","0.5670"
"105.7640","0.3925","0.5681"
"105.7840","0.3926","0.5691"
"105.8040","0.3927","0.5701"
"105.8240","0.3927","0.5711"
"105.8440","0.3928","0.5721"
"105.8640","0.3929","0.5732"
"105.8840","0.3929","0.5743"
"105.9040","0.3930","0.5752"
"105.9240","0.3931","0.5762"
"105.9440","0.3931","0.5772"
"105.9640","0.3932","0.5782"
"105.9840","0.3933","0.5793"
"106.0040","0.3933","0.5803"
"106.0240","0.3934","0.5811"
"106.0440","0.3935","0.5821"
"106.0640","0.3935","0.5831"
"106.0840","0.3936","0.5841"
"106.1040","0.3936","0.5850"
"106.1240","0.3937","0.5859"
"106.1440","0.3938","0.5869"
"106.1640","0.3938","0.5879"
"106.1840","0.3939","0.5888"
"106.2040","0.3940","0.5898"
"106.2240","0.3940","0.5908"
"106.2440","0.3941","0.5918"
"106.2640","0.3942","0.5928"
"106.2840","0.3942","0.5937"
"106.3040","0.3943","0.5948"
"106.3240","0.3944","0.5958"
"106.3440","0.3944","0.5969"
"106.3640","0.3945","0.5979"
"106.3840","0.3946","0.5990"
"106.4040","0.3946","0.6001"
"106.4240","0.3947","0.6012"
"106.4440","0.3948","0.6024"
"106.4640","0.3948","0.6035"
"106.4840","0.3949","0.6045"
"106.5040","0.3950","0.6056"
"106.5240","0.3950","0.6067"
"106.5440","0.3951","0.6078"
"106.5640","0.3952","0.6090"
"106.5840","0.3953","0.6101"
"106.6040","0.3953","0.6113"
"106.6240","0.3954","0.6124"
"106.6440","0.3955","0.6135"
"106.6640","0.3955","0.6145"
"106.6840","0.3956","0.6156"
"106.7040","0.3957","0.6167"
"106.7240","0.3957","0.6178"
"106.7440","0.3958","0.6187"
"106.7640","0.3959","0.6198"
"106.7840","0.3959","0.6208"
"106.8040","0.3960","0.6219"
"106.8240","0.3961","0.6229"
"106.8440","0.3961","0.6238"
"106.8640","0.3962","0.6249"
"106.8840","0.3963","0.6259"
"106.9040","0.3963","0.6269"
"106.9240","0.3964","0.6279"
"106.9440","0.3965","0.6290"
"106.9640","0.3965","0.6300"
"106.9840","0.3966","0.6309"
"107.0040","0.3966","0.6319"
"107.0240","0.3967","0.6330"
"107.0440","0.3968","0.6340"
"107.0640","0.3968","0.6350"
"107.0840","0.3969","0.6360"
"107.1040","0.3970","0.6370"
"107.1240","0.3970","0.6381"
"107.1440","0.3971","0.6391"
"107.1640","0.3972","0.6400"
"107.1840","0.3972","0.6410"
"107.2040","0.3973","0.6421"
"107.2240","0.3974","0.6432"
"107.2440","0.3974","0.6442"
"107.2640","0.3975","0.6453"
"107.2840","0.3975","0.6463"
"107.3040","0.3976","0.6473"
"107.3240","0.3977","0.6484"
"107.3440","0.3977","0.6493"
"107.3640","0.3978","0.6504"
"107.3840","0.3979","0.6514"
"107.4040","0.3979","0.6524"
"107.4240","0.3980","0.6534"
"107.4440","0.3981","0.6545"
"107.4640","0.3981","0.6555"
"107.4840","0.3982","0.6565"
"107.5040","0.3982","0.6575"
"107.5240","0.3983","0.6585"
"107.5440","0.3984","0.6594"
"107.5640","0.3984","0.6605"
"107.5840","0.3985","0.6614"
"107.6040","0.3986","0.6624"
"107.6240","0.3986","0.6634"
"107.6440","0.3987","0.6645"
"107.6640","0.3988","0.6655"
"107.6840","0.3988","0.6665"
"107.7040","0.3989","0.6674"
"107.7240","0.3989","0.6684"
"107.7440","0.3990","0.6693"
"107.7640","0.3991","0.6703"
"107.7840","0.3991","0.6713"
"107.8040","0.3992","0.6723"
"107.8240","0.3992","0.6733"
"107.8440","0.3993","0.6742"
"107.8640","0.3994","0.6751"
"107.8840","0.3994","0.6761"
"107.9040","0.3995","0.6770"
"107.9240","0.3995","0.6779"
"107.9440","0.3996","0.6788"
"107.9640","0.3997","0.6797"
"107.9840","0.3997","0.6807"
"108.0040","0.3998","0.6815"
"108.0240","0.3998","0.6824"
"108.0440","0.3999","0.6833"
"108.0640","0.4000","0.6842"
"108.0840","0.4000","0.6851"
"108.1040","0.4001","0.6859"
"108.1240","0.4001","0.6869"
"108.1440","0.4002","0.6877"
"108.1640","0.4002","0.6886"
"108.1840","0.4003","0.6894"
"108.2040","0.4004","0.6904"
"108.2240","0.4004","0.6914"
"108.2440","0.4005","0.6923"
"108.2640","0.4005","0.6933"
"108.2840","0.4006","0.6942"
"108.3040","0.4006","0.6950"
"108.3240","0.4007","0.6959"
"108.3440","0.4008","0.6970"
"108.3640","0.4008","0.6980"
"108.3840","0.4009","0.6989"
"108.4040","0.4010","0.6999"
"108.4240","0.4010","0.7009"
"108.4440","0.4011","0.7019"
"108.4640","0.4011","0.7029"
"108.4840","0.4012","0.7039"
"108.5040","0.4013","0.7049"
"108.5240","0.4013","0.7059"
"108.5440","0.4014","0.7070"
"108.5640","0.4015","0.7081"
"108.5840","0.4015","0.7092"
"108.6040","0.4016","0.7102"
"108.6240","0.4017","0.7113"
"108.6440","0.4017","0.7124"
"108.6640","0.4018","0.7134"
"108.6840","0.4018","0.7144"
"108.7040","0.4019","0.7155"
"108.7240","0.4020","0.7166"
"108.7440","0.4021","0.7179"
"108.7640","0.4021","0.7189"
"108.7840","0.4022","0.7199"
"108.8040","0.4022","0.7209"
"108.8240","0.4023","0.7220"
"108.8440","0.4024","0.7231"
"108.8640","0.4024","0.7241"
"108.8840","0.4025","0.7252"
"108.9040","0.4026","0.7263"
"108.9240","0.4026","0.7273"
"108.9440","0.4027","0.7284"
"108.9640","0.4028","0.7294"
"108.9840","0.4028","0.7304"
"109.0040","0.4029","0.7314"
"109.0240","0.4030","0.7324"
"109.0440","0.4030","0.7333"
"109.0640","0.4031","0.7343"
"109.0840","0.4032","0.7353"
"109.1040","0.4032","0.7364"
"109.1240","0.4033","0.7373"
"109.1440","0.4033","0.7382"
"109.1640","0.4034","0.7392"
"109.1840","0.4035","0.7401"
"109.2040","0.4035","0.7410"
"109.2240","0.4036","0.7420"
"109.2440","0.4037","0.7429"
"109.2640","0.4037","0.7439"
"109.2840","0.4038","0.7449"
"109.3040","0.4038","0.7457"
"109.3240","0.4039","0.7466"
"109.3440","0.4040","0.7476"
"109.3640","0.4040","0.7486"
"109.3840","0.4041","0.7496"
"109.4040","0.4042","0.7506"
"109.4240","0.4042","0.7515"
"109.4440","0.4043","0.7525"
"109.4640","0.4044","0.7535"
"109.4840","0.4044","0.7545"
"109.5040","0.4045","0.7556"
"109.5240","0.4046","0.7566"
"109.5440","0.4046","0.7576"
"109.5640","0.4047","0.7587"
"109.5840","0.4048","0.7596"
"109.6040","0.4048","0.7608"
"109.6240","0.4049","0.7620"
"109.6440","0.4050","0.7630"
"109.6640","0.4050","0.7641"
"109.6840","0.4051","0.7653"
"109.7040","0.4052","0.7664"
"109.7240","0.4053","0.7674"
"109.7440","0.4053","0.7686"
"109.7640","0.4054","0.7696"
"109.7840","0.4055","0.7707"
"109.8040","0.4056","0.7718"
"109.8240","0.4056","0.7729"
"109.8440","0.4057","0.7740"
"109.8640","0.4058","0.7750"
"109.8840","0.4058","0.7761"
"109.9040","0.4059","0.7772"
"109.9240","0.4060","0.7782"
"109.9440","0.4060","0.7791"
"109.9640","0.4061","0.7801"
"109.9840","0.4062","0.7811"
"110.0040","0.4063","0.7821"
"110.0240","0.4063","0.7832"
"110.0440","0.4064","0.7841"
"110.0640","0.4065","0.7850"
"110.0840","0.4065","0.7860"
"110.1040","0.4066","0.7869"
"110.1240","0.4067","0.7879"
"110.1440","0.4067","0.7889"
"110.1640","0.4068","0.7899"
"110.1840","0.4069","0.7908"
"110.2040","0.4070","0.7918"
"110.2240","0.4070","0.7928"
"110.2440","0.4071","0.7938"
"110.2640","0.4072","0.7947"
"110.2840","0.4072","0.7957"
"110.3040","0.4073","0.7967"
"110.3240","0.4074","0.7975"
"110.3440","0.4075","0.7986"
"110.3640","0.4075","0.7996"
"110.3740","0.4076","0.8000"
"110.3750","0.4076","0.8001"
"110.3760","0.4076","0.8001"
"110.3960","0.4076","0.8012"
"110.4160","0.4077","0.8017"
"110.4360","0.4077","0.8015"
"110.4560","0.4077","0.8011"
"110.4760","0.4077","0.8004"
"110.4960","0.4077","0.7998"
"110.5160","0.4077","0.7991"
"110.5360","0.4077","0.7985"
"110.5560","0.4077","0.7979"
"110.5760","0.4077","0.7972"
"110.5960","0.4077","0.7965"
"110.6160","0.4077","0.7958"
"110.6360","0.4077","0.7953"
"110.6560","0.4077","0.7947"
"110.6760","0.4077","0.7941"
"110.6960","0.4077","0.7934"
"110.7160","0.4077","0.7928"
"110.7360","0.4077","0.7922"
"110.7560","0.4077","0.7916"
"110.7760","0.4077","0.7911"
"110.7960","0.4077","0.7904"
"110.8160","0.4077","0.7898"
"110.8360","0.4077","0.7893"
"110.8560","0.4077","0.7888"
"110.8760","0.4077","0.7883"
"110.8960","0.4077","0.7877"
"110.9160","0.4077","0.7871"
"110.9360","0.4076","0.7865"
"110.9560","0.4076","0.7860"
"110.9760","0.4076","0.7854"
"110.9960","0.4076","0.7848"
"111.0160","0.4076","0.7843"
"111.0360","0.4076","0.7837"
"111.0560","0.4076","0.7832"
"111.0760","0.4076","0.7826"
"111.0960","0.4075","0.7819"
"111.1160","0.4075","0.7813"
"111.1360","0.4075","0.7807"
"111.1560","0.4075","0.7801"
"111.1760","0.4075","0.7795"
"111.1960","0.4075","0.7789"
"111.2160","0.4075","0.7783"
"111.2360","0.4074","0.7776"
"111.2560","0.4074","0.7769"
"111.2760","0.4074","0.7762"
"111.2960","0.4074","0.7756"
"111.3160","0.4074","0.7749"
"111.3360","0.4073","0.7741"
"111.3560","0.4073","0.7735"
"111.3760","0.4073","0.7727"
"111.3960","0.4073","0.7721"
"111.4160","0.4072","0.7713"
"111.4360","0.4072","0.7706"
"111.4560","0.4072","0.7698"
"111.4760","0.4072","0.7690"
"111.4960","0.4072","0.7683"
"111.5160","0.4071","0.7675"
"111.5360","0.4071","0.7667"
"111.5560","0.4071","0.7659"
"111.5760","0.4071","0.7651"
"111.5960","0.4070","0.7643"
"111.6160","0.4070","0.7635"
"111.6360","0.4070","0.7627"
"111.6560","0.4069","0.7618"
"111.6760","0.4069","0.7610"
"111.6960","0.4069","0.7601"
"111.7160","0.4069","0.7594"
"111.7360","0.4068","0.7585"
"111.7560","0.4068","0.7576"
"111.7760","0.4068","0.7567"
"111.7960","0.4067","0.7559"
"111.8160","0.4067","0.7551"
"111.8360","0.4067","0.7543"
"111.8560","0.4067","0.7534"
"111.8760","0.4066","0.7523"
"111.8960","0.4066","0.7513"
"111.9160","0.4065","0.7503"
"111.9360","0.4065","0.7494"
"111.9560","0.4065","0.7485"
"111.9760","0.4065","0.7476"
"111.9960","0.4064","0.7466"
"112.0160","0.4064","0.7457"
"112.0360","0.4063","0.7447"
"112.0560","0.4063","0.7438"
"112.0760","0.4063","0.7428"
"112.0960","0.4062","0.7418"
"112.1160","0.4062","0.7408"
"112.1360","0.4062","0.7399"
"112.1560","0.4061","0.7389"
"112.1760","0.4061","0.7379"
"112.1960","0.4061","0.7369"
"112.2160","0.4060","0.7359"
"112.2360","0.4060","0.7349"
"112.2560","0.4060","0.7339"
"112.2760","0.4059","0.7329"
"112.2960","0.4059","0.7318"
"112.3160","0.4058","0.7307"
"112.3360","0.4058","0.7297"
"112.3560","0.4058","0.7287"
"112.3760","0.4057","0.7277"
"112.3960","0.4057","0.7266"
"112.4160","0.4056","0.7255"
"112.4360","0.4056","0.7244"
"112.4560","0.4056","0.7234"
"112.4760","0.4055","0.7223"
"112.4960","0.4055","0.7212"
"112.5160","0.4054","0.7201"
"112.5360","0.4054","0.7190"
"112.5560","0.4054","0.7179"
"112.5760","0.4053","0.7169"
"112.5960","0.4053","0.7157"
"112.6160","0.4052","0.7146"
"112.6360","0.4052","0.7134"
"112.6560","0.4052","0.7123"
"112.6760","0.4051","0.7112"
"112.6960","0.4051","0.7100"
"112.7160","0.4050","0.7089"
"112.7360","0.4050","0.7078"
"112.7560","0.4049","0.7066"
"112.7760","0.4049","0.7055"
"112.7960","0.4048","0.7043"
"112.8160","0.4048","0.7031"
"112.8360","0.4048","0.7020"
"112.8560","0.4047","0.7008"
"112.8760","0.4047","0.6997"
"112.8960","0.4046","0.6986"
"112.9160","0.4046","0.6973"
"112.9360","0.4045","0.6962"
"112.9560","0.4045","0.6950"
"112.9760","0.4044","0.6938"
"112.9960","0.4044","0.6927"
"113.0160","0.4044","0.6915"
"113.0360","0.4043","0.6904"
"113.0560","0.4043","0.6893"
"113.0760","0.4042","0.6881"
"113.0960","0.4042","0.6869"
"113.1160","0.4041","0.6858"
"113.1360","0.4041","0.6846"
"113.1560","0.4040","0.6834"
"113.1760","0.4040","0.6822"
"113.1960","0.4040","0.6811"
"113.2160","0.4039","0.6800"
"113.2360","0.4039","0.6788"
"113.2560","0.4038","0.6776"
"113.2760","0.4038","0.6765"
"113.2960","0.4037","0.6753"
"113.3160","0.4037","0.6742"
"113.3360","0.4036","0.6730"
"113.3560","0.4036","0.6719"
"113.3760","0.4035","0.6707"
"113.3960","0.4035","0.6696"
"113.4160","0.4035","0.6684"
"113.4360","0.4034","0.6673"
"113.4560","0.4034","0.6662"
"113.4760","0.4033","0.6651"
"113.4960","0.4033","0.6638"
"113.5160","0.4032","0.6626"
"113.5360","0.4032","0.6615"
"113.5560","0.4031","0.6603"
"113.5760","0.4031","0.6592"
"113.5960","0.4030","0.6581"
"113.6160","0.4030","0.6569"
"113.6360","0.4029","0.6556"
"113.6560","0.4029","0.6544"
"113.6760","0.4028","0.6533"
"113.6960","0.4028","0.6521"
"113.7160","0.4027","0.6509"
"113.7360","0.4027","0.6498"
"113.7560","0.4027","0.6486"
"113.7760","0.4026","0.6475"
"113.7960","0.4026","0.6463"
"113.8160","0.4025","0.6450"
"113.8360","0.4025","0.6438"
"113.8560","0.4024","0.6427"
"113.8760","0.4024","0.6416"
"113.8960","0.4023","0.6404"
"113.9160","0.4023","0.6391"
"113.9360","0.4022","0.6380"
"113.9560","0.4022","0.6368"
"113.9760","0.4021","0.6356"
"113.9960","0.4021","0.6344"
"114.0160","0.4020","0.6332"
"114.0360","0.4020","0.6321"
"114.0560","0.4019","0.6309"
"114.0760","0.4019","0.6297"
"114.0960","0.4018","0.6286"
"114.1160","0.4018","0.6273"
"114.1360","0.4017","0.6260"
"114.1560","0.4017","0.6249"
"114.1760","0.4016","0.6239"
"114.1960","0.4016","0.6227"
"114.2160","0.4015","0.6215"
"114.2360","0.4015","0.6203"
"114.2560","0.4014","0.6192"
"114.2760","0.4014","0.6181"
"114.2960","0.4013","0.6170"
"114.3160","0.4013","0.6158"
"114.3360","0.4012","0.6146"
"114.3560","0.4012","0.6135"
"114.3760","0.4011","0.6123"
"114.3960","0.4011","0.6112"
"114.4160","0.4010","0.6101"
"114.4360","0.4010","0.6090"
"114.4560","0.4009","0.6079"
"114.4760","0.4009","0.6068"
"114.4960","0.4008","0.6057"
"114.5160","0.4008","0.6046"
"114.5360","0.4007","0.6034"
"114.5560","0.4007","0.6023"
"114.5760","0.4007","0.6013"
"114.5960","0.4006","0.6001"
"114.6160","0.4006","0.5990"
"114.6360","0.4005","0.5980"
"114.6560","0.4005","0.5969"
"114.6760","0.4004","0.5958"
"114.6960","0.4004","0.5948"
"114.7160","0.4003","0.5938"
"114.7360","0.4003","0.5927"
"114.7560","0.4002","0.5916"
"114.7760","0.4002","0.5904"
"114.7960","0.4001","0.5894"
"114.8160","0.4001","0.5884"
"114.8360","0.4000","0.5873"
"114.8560","0.4000","0.5862"
"114.8760","0.3999","0.5852"
"114.8960","0.3999","0.5842"
"114.9160","0.3999","0.5831"
"114.9360","0.3998","0.5821"
"114.9560","0.3998","0.5810"
"114.9760","0.3997","0.5800"
"114.9960","0.3997","0.5790"
"115.0160","0.3996","0.5780"
"115.0360","0.3996","0.5769"
"115.0560","0.3995","0.5759"
"115.0760","0.3995","0.5749"
"115.0960","0.3994","0.5738"
"115.1160","0.3994","0.5728"
"115.1360","0.3993","0.5717"
"115.1560","0.3993","0.5707"
"115.1760","0.3992","0.5696"
"115.1960","0.3992","0.5686"
"115.2160","0.3992","0.5676"
"115.2360","0.3991","0.5666"
"115.2560","0.3991","0.5655"
"115.2760","0.3990","0.5644"
"115.2960","0.3990","0.5634"
"115.3160","0.3989","0.5623"
"115.3360","0.3989","0.5613"
"115.3560","0.3988","0.5603"
"115.3760","0.3988","0.5592"
"115.3960","0.3987","0.5581"
"115.4160","0.3987","0.5570"
"115.4360","0.3986","0.5559"
"115.4560","0.3986","0.5549"
"115.4760","0.3985","0.5538"
"115.4960","0.3985","0.5526"
"115.5160","0.3984","0.5516"
"115.5360","0.3984","0.5505"
"115.5560","0.3983","0.5494"
"115.5760","0.3983","0.5483"
"115.5960","0.3982","0.5472"
"115.6160","0.3982","0.5461"
"115.6360","0.3981","0.5450"
"115.6560","0.3981","0.5440"
"115.6760","0.3980","0.5427"
"115.6960","0.3980","0.5416"
"115.7160","0.3979","0.5406"
"115.7360","0.3979","0.5395"
"115.7560","0.3978","0.5383"
"115.7760","0.3977","0.5372"
"115.7960","0.3977","0.5362"
"115.8160","0.3976","0.5351"
"115.8360","0.3976","0.5340"
"115.8560","0.3975","0.5328"
"115.8760","0.3975","0.5317"
"115.8960","0.3974","0.5306"
"115.9160","0.3974","0.5295"
"115.9360","0.3973","0.5283"
"115.9560","0.3973","0.5272"
"115.9760","0.3972","0.5261"
"115.9960","0.3972","0.5250"
"116.0160","0.3971","0.5238"
"116.0360","0.3970","0.5227"
"116.0560","0.3970","0.5216"
"116.0760","0.3969","0.5206"
"116.0960","0.3969","0.5194"
"116.1160","0.3968","0.5183"
"116.1360","0.3968","0.5173"
"116.1560","0.3967","0.5162"
"116.1760","0.3967","0.5152"
"116.1960","0.3966","0.5141"
"116.2160","0.3966","0.5129"
"116.2360","0.3965","0.5119"
"116.2560","0.3965","0.5109"
"116.2760","0.3964","0.5099"
"116.2960","0.3964","0.5089"
"116.3160","0.3963","0.5078"
"116.3360","0.3963","0.5069"
"116.3560","0.3962","0.5059"
"116.3760","0.3962","0.5050"
"116.3960","0.3961","0.5039"
"116.4160","0.3961","0.5030"
"116.4360","0.3960","0.5020"
"116.4560","0.3960","0.5010"
"116.4760","0.3959","0.5000"
"116.4960","0.3959","0.4990"
"116.5160","0.3958","0.4980"
"116.5360","0.3958","0.4971"
"116.5560","0.3957","0.4960"
"116.5760","0.3957","0.4950"
"116.5960","0.3956","0.4940"
"116.6160","0.3956","0.4930"
"116.6360","0.3955","0.4919"
"116.6560","0.3955","0.4909"
"116.6760","0.3954","0.4900"
"116.6960","0.3953","0.4889"
"116.7160","0.3953","0.4879"
"116.7360","0.3952","0.4867"
"116.7560","0.3952","0.4857"
"116.7760","0.3951","0.4847"
"116.7960","0.3951","0.4837"
"116.8160","0.3950","0.4826"
"116.8360","0.3950","0.4815"
"116.8560","0.3949","0.4805"
"116.8760","0.3949","0.4794"
"116.8960","0.3948","0.4783"
"116.9160","0.3948","0.4773"
"116.9360","0.3947","0.4762"
"116.9560","0.3946","0.4752"
"116.9760","0.3946","0.4742"
"116.9960","0.3945","0.4730"
"117.0160","0.3945","0.4720"
"117.0360","0.3944","0.4709"
"117.0560","0.3944","0.4697"
"117.0760","0.3943","0.4687"
"117.0960","0.3942","0.4677"
"117.1160","0.3942","0.4667"
"117.1360","0.3941","0.4657"
"117.1560","0.3941","0.4645"
"117.1760","0.3940","0.4636"
"117.1960","0.3940","0.4626"
"117.2160","0.3939","0.4614"
"117.2360","0.3939","0.4605"
"117.2560","0.3938","0.4595"
"117.2760","0.3937","0.4586"
"117.2960","0.3937","0.4575"
"117.3160","0.3936","0.4565"
"117.3360","0.3936","0.4555"
"117.3560","0.3935","0.4544"
"117.3760","0.3935","0.4535"
"117.3960","0.3934","0.4525"
"117.4160","0.3934","0.4515"
"117.4360","0.3933","0.4505"
"117.4560","0.3933","0.4495"
"117.4760","0.3932","0.4485"
"117.4960","0.3931","0.4475"
"117.5160","0.3931","0.4465"
"117.5360","0.3930","0.4456"
"117.5560","0.3930","0.4446"
"117.5760","0.3929","0.4436"
"117.5960","0.3929","0.4426"
"117.6160","0.3928","0.4417"
"117.6360","0.3928","0.4407"
"117.6560","0.3927","0.4397"
"117.6760","0.3926","0.4387"
"117.6960","0.3926","0.4377"
"117.7160","0.3925","0.4367"
"117.7360","0.3925","0.4357"
"117.7560","0.3924","0.4347"
"117.7760","0.3924","0.4337"
"117.7960","0.3923","0.4327"
"117.8160","0.3923","0.4318"
"117.8360","0.3922","0.4308"
"117.8560","0.3922","0.4298"
"117.8760","0.3921","0.4288"
"117.8960","0.3920","0.4278"
"117.9160","0.3920","0.4268"
"117.9360","0.3919","0.4258"
"117.9560","0.3919","0.4249"
"117.9760","0.3918","0.4238"
"117.9960","0.3918","0.4229"
"118.0160","0.3917","0.4219"
"118.0360","0.3916","0.4209"
"118.0560","0.3916","0.4198"
"118.0760","0.3915","0.4189"
"118.0960","0.3915","0.4179"
"118.1160","0.3914","0.4169"
"118.1360","0.3913","0.4158"
"118.1560","0.3913","0.4148"
"118.1760","0.3912","0.4138"
"118.1960","0.3912","0.4128"
"118.2160","0.3911","0.4118"
"118.2360","0.3910","0.4108"
"118.2560","0.3910","0.4097"
"118.2760","0.3909","0.4085"
"118.2960","0.3909","0.4077"
"118.3160","0.3908","0.4066"
"118.3360","0.3907","0.4055"
"118.3560","0.3907","0.4045"
"118.3760","0.3906","0.4035"
"118.3960","0.3906","0.4024"
"118.4160","0.3905","0.4014"
"118.4360","0.3904","0.4005"
"118.4560","0.3904","0.3995"
"118.4760","0.3903","0.3985"
"118.4960","0.3903","0.3976"
"118.5160","0.3902","0.3965"
"118.5360","0.3901","0.3956"
"118.5560","0.3901","0.3946"
"118.5760","0.3900","0.3937"
"118.5960","0.3900","0.3927"
"118.6160","0.3899","0.3918"
"118.6360","0.3898","0.3908"
"118.6560","0.3898","0.3899"
"118.6760","0.3897","0.3890"
"118.6960","0.3897","0.3880"
"118.7160","0.3896","0.3871"
"118.7360","0.3895","0.3861"
"118.7560","0.3895","0.3852"
"118.7760","0.3894","0.3843"
"118.7960","0.3894","0.3833"
"118.8160","0.3893","0.3823"
"118.8360","0.3893","0.3814"
"118.8560","0.3892","0.3804"
"118.8760","0.3891","0.3795"
"118.8960","0.3891","0.3785"
"118.9160","0.3890","0.3775"
"118.9360","0.3889","0.3766"
"118.9560","0.3889","0.3756"
"118.9760","0.3888","0.3746"
"118.9960","0.3888","0.3736"
"119.0160","0.3887","0.3727"
"119.0360","0.3886","0.3717"
"119.0560","0.3886","0.3707"
"119.0760","0.3885","0.3697"
"119.0960","0.3884","0.3687"
"119.1160","0.3884","0.3677"
"119.1360","0.3883","0.3667"
"119.1560","0.3882","0.3657"
"119.1760","0.3882","0.3647"
"119.1960","0.3881","0.3636"
"119.2160","0.3881","0.3626"
"119.2360","0.3880","0.3616"
"119.2560","0.3879","0.3606"
"119.2760","0.3878","0.3594"
"119.2960","0.3878","0.3584"
"119.3160","0.3877","0.3574"
"119.3360","0.3876","0.3563"
"119.3560","0.3876","0.3552"
"119.3760","0.3875","0.3542"
"119.3960","0.3874","0.3531"
"119.4160","0.3874","0.3521"
"119.4360","0.3873","0.3510"
"119.4560","0.3872","0.3498"
"119.4760","0.3871","0.3488"
"119.4960","0.3871","0.3478"
"119.5160","0.3870","0.3467"
"119.5360","0.3869","0.3455"
"119.5560","0.3869","0.3445"
"119.5760","0.3868","0.3435"
"119.5960","0.3867","0.3424"
"119.6160","0.3867","0.3414"
"119.6360","0.3866","0.3404"
"119.6560","0.3865","0.3394"
"119.6760","0.3864","0.3384"
"119.6960","0.3864","0.3374"
"119.7160","0.3863","0.3363"
"119.7360","0.3862","0.3354"
"119.7560","0.3862","0.3345"
"119.7760","0.3861","0.3336"
"119.7960","0.3860","0.3326"
"119.8160","0.3860","0.3317"
"119.8360","0.3859","0.3308"
"119.8560","0.3858","0.3298"
"119.8760","0.3858","0.3288"
"119.8960","0.3857","0.3278"
"119.9160","0.3856","0.3269"
"119.9360","0.3856","0.3259"
"119.9560","0.3855","0.3249"
"119.9760","0.3854","0.3241"
"119.9960","0.3853","0.3230"
"120.0160","0.3853","0.3219"
"120.0360","0.3852","0.3209"
"120.0560","0.3851","0.3199"
"120.0760","0.3851","0.3188"
"120.0960","0.3850","0.3177"
"120.1160","0.3849","0.3167"
"120.1360","0.3848","0.3156"
"120.1560","0.3848","0.3145"
"120.1760","0.3847","0.3135"
"120.1960","0.3846","0.3124"
"120.2160","0.3845","0.3113"
"120.2360","0.3845","0.3103"
"120.2560","0.3844","0.3091"
"120.2760","0.3843","0.3081"
"120.2960","0.3842","0.3070"
"120.3160","0.3841","0.3059"
"120.3360","0.3841","0.3049"
"120.3560","0.3840","0.3038"
"120.3760","0.3839","0.3027"
"120.3960","0.3838","0.3017"
"120.4160","0.3838","0.3007"
"120.4360","0.3837","0.2998"
"120.4560","0.3836","0.2988"
"120.4760","0.3835","0.2977"
"120.4960","0.3834","0.2967"
"120.5160","0.3834","0.2957"
"120.5360","0.3833","0.2947"
"120.5560","0.3832","0.2937"
"120.5760","0.3831","0.2927"
"120.5960","0.3831","0.2916"
"120.6160","0.3830","0.2907"
"120.6360","0.3829","0.2897"
"120.6560","0.3828","0.2887"
"120.6760","0.3828","0.2877"
"120.6960","0.3827","0.2867"
"120.7160","0.3826","0.2857"
"120.7360","0.3825","0.2846"
"120.7560","0.3824","0.2835"
"120.7760","0.3824","0.2824"
"120.7960","0.3823","0.2814"
"120.8160","0.3822","0.2804"
"120.8360","0.3821","0.2793"
"120.8560","0.3820","0.2783"
"120.8760","0.3819","0.2771"
"120.8960","0.3818","0.2760"
"120.9160","0.3818","0.2750"
"120.9360","0.3817","0.2739"
"120.9560","0.3816","0.2728"
"120.9760","0.3815","0.2717"
"120.9960","0.3814","0.2705"
"121.0160","0.3813","0.2694"
"121.0360","0.3812","0.2684"
"121.0560","0.3811","0.2674"
"121.0760","0.3811","0.2663"
"121.0960","0.3810","0.2653"
"121.1160","0.3809","0.2642"
"121.1360","0.3808","0.2632"
"121.1560","0.3807","0.2621"
"121.1760","0.3806","0.2611"
"121.1960","0.3805","0.2601"
"121.2160","0.3804","0.2591"
"121.2360","0.3804","0.2581"
"121.2560","0.3803","0.2572"
"121.2760","0.3802","0.2562"
"121.2960","0.3801","0.2552"
"121.3160","0.3800","0.2542"
"121.3360","0.3799","0.2534"
"121.3560","0.3799","0.2524"
"121.3760","0.3798","0.2515"
"121.3960","0.3797","0.2507"
"121.4160","0.3796","0.2498"
"121.4360","0.3795","0.2490"
"121.4560","0.3795","0.2481"
"121.4760","0.3794","0.2471"
"121.4960","0.3793","0.2462"
"121.5160","0.3792","0.2454"
"121.5360","0.3791","0.2446"
"121.5560","0.3791","0.2436"
"121.5760","0.3790","0.2427"
"121.5960","0.3789","0.2418"
"121.6160","0.3788","0.2409"
"121.6360","0.3787","0.2400"
"121.6560","0.3786","0.2390"
"121.6760","0.3786","0.2381"
"121.6960","0.3785","0.2370"
"121.7160","0.3784","0.2360"
"121.7360","0.3783","0.2351"
"121.7560","0.3782","0.2341"
"121.7760","0.3781","0.2330"
"121.7960","0.3780","0.2322"
"121.8160","0.3779","0.2312"
"121.8360","0.3778","0.2301"
"121.8560","0.3777","0.2291"
"121.8760","0.3776","0.2281"
"121.8960","0.3775","0.2269"
"121.9160","0.3774","0.2258"
"121.9360","0.3774","0.2248"
"121.9560","0.3772","0.2237"
"121.9760","0.3771","0.2225"
"121.9960","0.3770","0.2214"
"122.0160","0.3769","0.2203"
"122.0360","0.3768","0.2191"
"122.0560","0.3767","0.2181"
"122.0760","0.3766","0.2170"
"122.0960","0.3765","0.2159"
"122.1160","0.3764","0.2149"
"122.1360","0.3763","0.2139"
"122.1560","0.3762","0.2130"
"122.1760","0.3761","0.2120"
"122.1960","0.3760","0.2110"
"122.2160","0.3759","0.2101"
"122.2360","0.3758","0.2092"
"122.2560","0.3757","0.2081"
"122.2760","0.3756","0.2072"
"122.2960","0.3755","0.2062"
"122.3160","0.3754","0.2053"
"122.3360","0.3753","0.2043"
"122.3560","0.3752","0.2033"
"122.3760","0.3751","0.2023"
"122.3960","0.3750","0.2012"
"122.4160","0.3749","0.2001"
"122.4360","0.3748","0.1991"
"122.4560","0.3747","0.1980"
"122.4760","0.3746","0.1969"
"122.4960","0.3744","0.1957"
"122.5160","0.3743","0.1946"
"122.5360","0.3742","0.1935"
"122.5560","0.3741","0.1923"
"122.5760","0.3740","0.1913"
"122.5960","0.3739","0.1903"
"122.6160","0.3738","0.1893"
"122.6360","0.3736","0.1882"
"122.6560","0.3735","0.1872"
"122.6760","0.3734","0.1862"
"122.6960","0.3733","0.1853"
"122.7160","0.3732","0.1842"
"122.7360","0.3731","0.1832"
"122.7560","0.3730","0.1823"
"122.7760","0.3729","0.1814"
"122.7960","0.3728","0.1804"
"122.8160","0.3726","0.1794"
"122.8360","0.3725","0.1784"
"122.8560","0.3724","0.1774"
"122.8760","0.3723","0.1764"
"122.8960","0.3722","0.1755"
"122.9160","0.3721","0.1745"
"122.9360","0.3720","0.1735"
"122.9560","0.3718","0.1726"
"122.9760","0.3717","0.1717"
"122.9960","0.3716","0.1707"
"123.0160","0.3715","0.1697"
"123.0360","0.3714","0.1686"
"123.0560","0.3713","0.1676"
"123.0760","0.3712","0.1667"
"123.0960","0.3710","0.1657"
"123.1160","0.3709","0.1649"
"123.1360","0.3708","0.1638"
"123.1560","0.3707","0.1628"
"123.1760","0.3705","0.1618"
"123.1960","0.3704","0.1609"
"123.2160","0.3703","0.1599"
"123.2360","0.3702","0.1589"
"123.2560","0.3701","0.1580"
"123.2760","0.3699","0.1571"
"123.2960","0.3698","0.1561"
"123.3160","0.3697","0.1553"
"123.3360","0.3696","0.1544"
"123.3560","0.3695","0.1535"
"123.3760","0.3694","0.1526"
"123.3960","0.3693","0.1518"
"123.4160","0.3691","0.1509"
"123.4360","0.3690","0.1500"
"123.4560","0.3689","0.1491"
"123.4760","0.3688","0.1482"
"123.4960","0.3687","0.1473"
"123.5160","0.3685","0.1464"
"123.5360","0.3684","0.1454"
"123.5560","0.3683","0.1444"
"123.5760","0.3681","0.1434"
"123.5960","0.3680","0.1423"
"123.6160","0.3678","0.1412"
"123.6360","0.3677","0.1401"
"123.6560","0.3676","0.1389"
"123.6760","0.3674","0.1378"
"123.6960","0.3672","0.1366"
"123.7160","0.3671","0.1354"
"123.7360","0.3669","0.1342"
"123.7560","0.3667","0.1329"
"123.7760","0.3666","0.1318"
"123.7960","0.3664","0.1306"
"123.8160","0.3663","0.1295"
"123.8360","0.3661","0.1285"
"123.8560","0.3660","0.1275"
"123.8760","0.3658","0.1265"
"123.8960","0.3657","0.1256"
"123.9160","0.3655","0.1246"
"123.9360","0.3654","0.1237"
"123.9560","0.3652","0.1228"
"123.9760","0.3651","0.1218"
"123.9960","0.3649","0.1208"
"124.0160","0.3648","0.1198"
"124.0360","0.3646","0.1188"
"124.0560","0.3645","0.1179"
"124.0760","0.3643","0.1170"
"124.0960","0.3641","0.1160"
"124.1160","0.3640","0.1150"
"124.1360","0.3638","0.1139"
"124.1560","0.3637","0.1130"
"124.1760","0.3635","0.1122"
"124.1960","0.3634","0.1115"
"124.2160","0.3632","0.1107"
"124.2360","0.3631","0.1099"
"124.2560","0.3630","0.1091"
"124.2760","0.3628","0.1082"
"124.2960","0.3627","0.1074"
"124.3160","0.3625","0.1066"
"124.3360","0.3624","0.1060"
"124.3560","0.3623","0.1051"
"124.3760","0.3621","0.1042"
"124.3960","0.3620","0.1034"
"124.4160","0.3618","0.1025"
"124.4360","0.3617","0.1016"
"124.4560","0.3615","0.1007"
"124.4760","0.3614","0.0999"
"124.4960","0.3612","0.0990"
"124.5160","0.3610","0.0980"
"124.5360","0.3609","0.0972"
"124.5560","0.3607","0.0962"
"124.5760","0.3605","0.0953"
"124.5960","0.3604","0.0942"
"124.6160","0.3602","0.0933"
"124.6360","0.3600","0.0924"
"124.6560","0.3598","0.0915"
"124.6760","0.3597","0.0907"
"124.6960","0.3595","0.0899"
"124.7160","0.3593","0.0889"
"124.7360","0.3592","0.0880"
"124.7560","0.3590","0.0872"
"124.7760","0.3588","0.0864"
"124.7960","0.3586","0.0855"
"124.8160","0.3585","0.0845"
"124.8360","0.3583","0.0836"
"124.8560","0.3581","0.0827"
"124.8760","0.3579","0.0815"
"124.8960","0.3577","0.0805"
"124.9160","0.3575","0.0794"
"124.9360","0.3572","0.0782"
"124.9560","0.3570","0.0770"
"124.9760","0.3567","0.0757"
"124.9960","0.3565","0.0746"
"125.0160","0.3563","0.0735"
"125.0360","0.3560","0.0725"
"125.0560","0.3558","0.0716"
"125.0760","0.3556","0.0706"
"125.0960","0.3554","0.0698"
"125.1160","0.3552","0.0690"
"125.1360","0.3550","0.0681"
"125.1560","0.3547","0.0671"
"125.1760","0.3545","0.0661"
"125.1960","0.3543","0.0652"
"125.2160","0.3540","0.0643"
"125.2360","0.3538","0.0633"
"125.2560","0.3536","0.0623"
"125.2760","0.3534","0.0615"
"125.2960","0.3531","0.0606"
"125.3160","0.3529","0.0597"
"125.3360","0.3527","0.0589"
"125.3560","0.3524","0.0580"
"125.3760","0.3522","0.0572"
"125.3960","0.3520","0.0562"
"125.4160","0.3517","0.0552"
"125.4360","0.3514","0.0541"
"125.4560","0.3511","0.0529"
"125.4760","0.3508","0.0517"
"125.4960","0.3505","0.0505"
"125.5160","0.3502","0.0492"
"125.5360","0.3499","0.0480"
"125.5560","0.3495","0.0468"
"125.5760","0.3492","0.0458"
"125.5960","0.3489","0.0447"
"125.6160","0.3485","0.0437"
"125.6360","0.3482","0.0426"
"125.6560","0.3478","0.0415"
"125.6760","0.3475","0.0403"
"125.6960","0.3472","0.0393"
"125.7160","0.3468","0.0382"
"125.7360","0.3464","0.0371"
"125.7560","0.3461","0.0361"
"125.7760","0.3458","0.0354"
"125.7960","0.3455","0.0346"
"125.8160","0.3452","0.0340"
"125.8360","0.3450","0.0334"
"125.8560","0.3447","0.0326"
"125.8760","0.3444","0.0319"
"125.8960","0.3441","0.0311"
"125.9160","0.3438","0.0303"
"125.9360","0.3434","0.0295"
"125.9560","0.3431","0.0286"
"125.9760","0.3427","0.0276"
"125.9960","0.3424","0.0266"
"126.0160","0.3419","0.0255"
"126.0360","0.3415","0.0243"
"126.0560","0.3410","0.0231"
"126.0760","0.3405","0.0219"
"126.0960","0.3400","0.0205"
"126.1050","0.3397","0.0200"
"126.1060","0.3397","0.0199"
"126.1070","0.3397","0.0199"
"126.1270","0.3392","0.0188"
"126.1470","0.3387","0.0180"
"126.1670","0.3384","0.0175"
"126.1870","0.3381","0.0172"
"126.2070","0.3379","0.0172"
"126.2270","0.3378","0.0174"
"126.2470","0.3377","0.0174"
"126.2670","0.3376","0.0176"
"126.2870","0.3375","0.0179"
"126.3070","0.3375","0.0182"
"126.3270","0.3375","0.0185"
"126.3470","0.3375","0.0188"
"126.3670","0.3375","0.0191"
"126.3870","0.3375","0.0195"
"126.4070","0.3375","0.0198"
"126.4270","0.3375","0.0203"
"126.4470","0.3375","0.0206"
"126.4670","0.3375","0.0208"
"126.4870","0.3375","0.0211"
"126.5070","0.3375","0.0213"
"126.5270","0.3375","0.0215"
"126.5470","0.3376","0.0217"
"126.5670","0.3376","0.0221"
"126.5870","0.3376","0.0223"
"126.6070","0.3376","0.0226"
"126.6270","0.3376","0.0228"
"126.6470","0.3376","0.0231"
"126.6670","0.3377","0.0233"
"126.6870","0.3377","0.0237"
"126.7070","0.3377","0.0239"
"126.7270","0.3377","0.0242"
"126.7470","0.3377","0.0245"
"126.7670","0.3378","0.0248"
"126.7870","0.3378","0.0251"
"126.8070","0.3378","0.0253"
"126.8270","0.3379","0.0256"
"126.8470","0.3379","0.0259"
"126.8670","0.3379","0.0263"
"126.8870","0.3380","0.0266"
"126.9070","0.3380","0.0270"
"126.9270","0.3381","0.0273"
"126.9470","0.3381","0.0277"
"126.9670","0.3382","0.0280"
"126.9870","0.3382","0.0285"
"127.0070","0.3383","0.0289"
"127.0270","0.3383","0.0293"
"127.0470","0.3384","0.0297"
"127.0670","0.3385","0.0300"
"127.0870","0.3385","0.0303"
"127.1070","0.3386","0.0308"
"127.1270","0.3387","0.0314"
"127.1470","0.3387","0.0319"
"127.1670","0.3388","0.0324"
"127.1870","0.3389","0.0329"
"127.2070","0.3390","0.0335"
"127.2270","0.3391","0.0340"
"127.2470","0.3392","0.0346"
"127.2670","0.3393","0.0351"
"127.2870","0.3394","0.0356"
"127.3070","0.3395","0.0361"
"127.3270","0.3396","0.0368"
"127.3470","0.3397","0.0375"
"127.3670","0.3398","0.0382"
"127.3870","0.3399","0.0389"
"127.4070","0.3400","0.0396"
"127.4270","0.3401","0.0403"
"127.4470","0.3403","0.0411"
"127.4670","0.3404","0.0419"
"127.4870","0.3406","0.0428"
"127.5070","0.3407","0.0436"
"127.5270","0.3409","0.0446"
"127.5470","0.3411","0.0457"
"127.5670","0.3413","0.0468"
"127.5870","0.3415","0.0480"
"127.6070","0.3417","0.0493"
"127.6270","0.3420","0.0508"
"127.6470","0.3423","0.0524"
"127.6670","0.3425","0.0538"
"127.6870","0.3428","0.0554"
"127.7070","0.3431","0.0569"
"127.7270","0.3434","0.0584"
"127.7470","0.3436","0.0598"
"127.7670","0.3439","0.0612"
"127.7870","0.3442","0.0626"
"127.8070","0.3444","0.0641"
"127.8270","0.3447","0.0655"
"127.8470","0.3449","0.0669"
"127.8670","0.3452","0.0684"
"127.8870","0.3455","0.0699"
"127.9070","0.3457","0.0713"
"127.9270","0.3460","0.0727"
"127.9470","0.3462","0.0740"
"127.9670","0.3465","0.0753"
"127.9870","0.3467","0.0767"
"128.0070","0.3469","0.0781"
"128.0270","0.3472","0.0795"
"128.0470","0.3474","0.0808"
"128.0670","0.3477","0.0824"
"128.0870","0.3479","0.0839"
"128.1070","0.3482","0.0855"
"128.1270","0.3485","0.0871"
"128.1470","0.3487","0.0886"
"128.1670","0.3490","0.0902"
"128.1870","0.3493","0.0918"
"128.2070","0.3495","0.0934"
"128.2270","0.3498","0.0949"
"128.2470","0.3500","0.0964"
"128.2670","0.3503","0.0979"
"128.2870","0.3505","0.0994"
"128.3070","0.3508","0.1011"
"128.3270","0.3511","0.1028"
"128.3470","0.3514","0.1046"
"128.3670","0.3516","0.1064"
"128.3870","0.3519","0.1082"
"128.4070","0.3522","0.1099"
"128.4270","0.3525","0.1116"
"128.4470","0.3527","0.1132"
"128.4670","0.3530","0.1149"
"128.4870","0.3532","0.1163"
"128.5070","0.3534","0.1175"
"128.5270","0.3536","0.1188"
"128.5470","0.3538","0.1200"
"128.5670","0.3540","0.1212"
"128.5870","0.3542","0.1224"
"128.6070","0.3544","0.1238"
"128.6270","0.3546","0.1251"
"128.6470","0.3548","0.1264"
"128.6670","0.3550","0.1277"
"128.6870","0.3552","0.1291"
"128.7070","0.3554","0.1304"
"128.7270","0.3556","0.1318"
"128.7470","0.3558","0.1331"
"128.7670","0.3560","0.1344"
"128.7870","0.3562","0.1356"
"128.8070","0.3563","0.1369"
"128.8270","0.3565","0.1382"
"128.8470","0.3567","0.1395"
"128.8670","0.3569","0.1408"
"128.8870","0.3571","0.1421"
"128.9070","0.3573","0.1436"
"128.9270","0.3575","0.1450"
"128.9470","0.3577","0.1464"
"128.9670","0.3579","0.1478"
"128.9870","0.3581","0.1492"
"129.0070","0.3583","0.1506"
"129.0270","0.3584","0.1520"
"129.0470","0.3586","0.1533"
"129.0670","0.3588","0.1546"
"129.0870","0.3590","0.1560"
"129.1070","0.3592","0.1572"
"129.1270","0.3593","0.1584"
"129.1470","0.3595","0.1595"
"129.1670","0.3596","0.1606"
"129.1870","0.3598","0.1616"
"129.2070","0.3599","0.1627"
"129.2270","0.3601","0.1638"
"129.2470","0.3602","0.1648"
"129.2670","0.3603","0.1658"
"129.2870","0.3605","0.1668"
"129.3070","0.3606","0.1679"
"129.3270","0.3608","0.1689"
"129.3470","0.3609","0.1701"
"129.3670","0.3611","0.1713"
"129.3870","0.3612","0.1724"
"129.4070","0.3614","0.1735"
"129.4270","0.3615","0.1747"
"129.4470","0.3617","0.1760"
"129.4670","0.3618","0.1771"
"129.4870","0.3620","0.1784"
"129.5070","0.3621","0.1796"
"129.5270","0.3622","0.1806"
"129.5470","0.3624","0.1817"
"129.5670","0.3625","0.1829"
"129.5870","0.3627","0.1841"
"129.6070","0.3628","0.1851"
"129.6270","0.3629","0.1860"
"129.6470","0.3631","0.1870"
"129.6670","0.3632","0.1880"
"129.6870","0.3633","0.1890"
"129.7070","0.3634","0.1900"
"129.7270","0.3635","0.1909"
"129.7470","0.3637","0.1918"
"129.7670","0.3638","0.1928"
"129.7870","0.3639","0.1937"
"129.8070","0.3640","0.1946"
"129.8270","0.3641","0.1956"
"129.8470","0.3643","0.1966"
"129.8670","0.3644","0.1978"
"129.8870","0.3645","0.1989"
"129.9070","0.3646","0.2001"
"129.9270","0.3648","0.2012"
"129.9470","0.3649","0.2023"
"129.9670","0.3651","0.2036"
"129.9870","0.3652","0.2049"
"130.0070","0.3653","0.2061"
"130.0270","0.3655","0.2074"
"130.0470","0.3656","0.2088"
"130.0670","0.3658","0.2100"
"130.0870","0.3659","0.2114"
"130.1070","0.3661","0.2126"
"130.1270","0.3662","0.2139"
"130.1470","0.3663","0.2151"
"130.1670","0.3665","0.2163"
"130.1870","0.3666","0.2175"
"130.2070","0.3667","0.2188"
"130.2270","0.3669","0.2200"
"130.2470","0.3670","0.2212"
"130.2670","0.3672","0.2223"
"130.2870","0.3673","0.2236"
"130.3070","0.3674","0.2247"
"130.3270","0.3676","0.2260"
"130.3470","0.3677","0.2274"
"130.3670","0.3678","0.2286"
"130.3870","0.3680","0.2298"
"130.4070","0.3681","0.2310"
"130.4270","0.3682","0.2321"
"130.4470","0.3684","0.2332"
"130.4670","0.3685","0.2344"
"130.4870","0.3686","0.2356"
"130.5070","0.3687","0.2368"
"130.5270","0.3688","0.2378"
"130.5470","0.3690","0.2388"
"130.5670","0.3691","0.2399"
"130.5870","0.3692","0.2409"
"130.6070","0.3693","0.2419"
"130.6270","0.3694","0.2430"
"130.6470","0.3695","0.2439"
"130.6670","0.3696","0.2448"
"130.6870","0.3697","0.2456"
"130.7070","0.3698","0.2466"
"130.7270","0.3699","0.2475"
"130.7470","0.3700","0.2484"
"130.7670","0.3701","0.2493"
"130.7870","0.3702","0.2502"
"130.8070","0.3703","0.2511"
"130.8270","0.3704","0.2520"
"130.8470","0.3705","0.2529"
"130.8670","0.3706","0.2539"
"130.8870","0.3707","0.2548"
"130.9070","0.3708","0.2558"
"130.9270","0.3709","0.2568"
"130.9470","0.3710","0.2577"
"130.9670","0.3711","0.2587"
"130.9870","0.3712","0.2597"
"131.0070","0.3713","0.2607"
"131.0270","0.3714","0.2617"
"131.0470","0.3715","0.2628"
"131.0670","0.3716","0.2639"
"131.0870","0.3717","0.2649"
"131.1070","0.3718","0.2660"
"131.1270","0.3719","0.2670"
"131.1470","0.3720","0.2681"
"131.1670","0.3721","0.2692"
"131.1870","0.3723","0.2703"
"131.2070","0.3724","0.2713"
"131.2270","0.3725","0.2724"
"131.2470","0.3726","0.2735"
"131.2670","0.3727","0.2745"
"131.2870","0.3728","0.2756"
"131.3070","0.3729","0.2766"
"131.3270","0.3730","0.2776"
"131.3470","0.3731","0.2787"
"131.3670","0.3732","0.2798"
"131.3870","0.3733","0.2807"
"131.4070","0.3734","0.2817"
"131.4270","0.3735","0.2826"
"131.4470","0.3736","0.2836"
"131.4670","0.3737","0.2845"
"131.4870","0.3738","0.2855"
"131.5070","0.3739","0.2865"
"131.5270","0.3740","0.2875"
"131.5470","0.3740","0.2885"
"131.5670","0.3741","0.2894"
"131.5870","0.3742","0.2905"
"131.6070","0.3743","0.2916"
"131.6270","0.3744","0.2927"
"131.6470","0.3745","0.2937"
"131.6670","0.3746","0.2947"
"131.6870","0.3747","0.2960"
"131.7070","0.3749","0.2972"
"131.7270","0.3750","0.2984"
"131.7470","0.3751","0.2995"
"131.7670","0.3752","0.3007"
"131.7870","0.3753","0.3018"
"131.8070","0.3754","0.3029"
"131.8270","0.3755","0.3040"
"131.8470","0.3756","0.3051"
"131.8670","0.3757","0.3061"
"131.8870","0.3758","0.3073"
"131.9070","0.3759","0.3083"
"131.9270","0.3760","0.3092"
"131.9470","0.3761","0.3102"
"131.9670","0.3762","0.3112"
"131.9870","0.3762","0.3122"
"132.0070","0.3763","0.3132"
"132.0270","0.3764","0.3142"
"132.0470","0.3765","0.3152"
"132.0670","0.3766","0.3162"
"132.0870","0.3767","0.3172"
"132.1070","0.3768","0.3181"
"132.1270","0.3769","0.3191"
"132.1470","0.3770","0.3202"
"132.1670","0.3771","0.3213"
"132.1870","0.3772","0.3222"
"132.2070","0.3772","0.3232"
"132.2270","0.3773","0.3242"
"132.2470","0.3774","0.3253"
"132.2670","0.3775","0.3263"
"132.2870","0.3776","0.3273"
"132.3070","0.3777","0.3284"
"132.3270","0.3778","0.3293"
"132.3470","0.3779","0.3303"
"132.3670","0.3780","0.3314"
"132.3870","0.3781","0.3324"
"132.4070","0.3781","0.3333"
"132.4270","0.3782","0.3343"
"132.4470","0.3783","0.3353"
"132.4670","0.3784","0.3362"
"132.4870","0.3785","0.3372"
"132.5070","0.3786","0.3382"
"132.5270","0.3787","0.3391"
"132.5470","0.3787","0.3401"
"132.5670","0.3788","0.3410"
"132.5870","0.3789","0.3419"
"132.6070","0.3790","0.3429"
"132.6270","0.3791","0.3438"
"132.6470","0.3791","0.3447"
"132.6670","0.3792","0.3457"
"132.6870","0.3793","0.3466"
"132.7070","0.3794","0.3474"
"132.7270","0.3795","0.3483"
"132.7470","0.3795","0.3492"
"132.7670","0.3796","0.3499"
"132.7870","0.3797","0.3508"
"132.8070","0.3798","0.3518"
"132.8270","0.3798","0.3526"
"132.8470","0.3799","0.3534"
"132.8670","0.3800","0.3544"
"132.8870","0.3801","0.3552"
"132.9070","0.3801","0.3561"
"132.9270","0.3802","0.3570"
"132.9470","0.3803","0.3579"
"132.9670","0.3804","0.3588"
"132.9870","0.3804","0.3597"
"133.0070","0.3805","0.3607"
"133.0270","0.3806","0.3617"
"133.0470","0.3807","0.3626"
"133.0670","0.3808","0.3636"
"133.0870","0.3808","0.3646"
"133.1070","0.3809","0.3656"
"133.1270","0.3810","0.3667"
"133.1470","0.3811","0.3677"
"133.1670","0.3812","0.3688"
"133.1870","0.3813","0.3699"
"133.2070","0.3814","0.3710"
"133.2270","0.3814","0.3721"
"133.2470","0.3815","0.3732"
"133.2670","0.3816","0.3743"
"133.2870","0.3817","0.3754"
"133.3070","0.3818","0.3765"
"133.3270","0.3819","0.3776"
"133.3470","0.3820","0.3787"
"133.3670","0.3821","0.3798"
"133.3870","0.3821","0.3810"
"133.4070","0.3822","0.3821"
"133.4270","0.3823","0.3832"
"133.4470","0.3824","0.3843"
"133.4670","0.3825","0.3854"
"133.4870","0.3826","0.3864"
"133.5070","0.3827","0.3875"
"133.5270","0.3827","0.3886"
"133.5470","0.3828","0.3896"
"133.5670","0.3829","0.3906"
"133.5870","0.3830","0.3916"
"133.6070","0.3831","0.3927"
"133.6270","0.3831","0.3936"
"133.6470","0.3832","0.3946"
"133.6670","0.3833","0.3955"
"133.6870","0.3834","0.3963"
"133.7070","0.3835","0.3973"
"133.7270","0.3835","0.3983"
"133.7470","0.3836","0.3993"
"133.7670","0.3837","0.4002"
"133.7870","0.3837","0.4010"
"133.8070","0.3838","0.4019"
"133.8270","0.3839","0.4029"
"133.8470","0.3840","0.4039"
"133.8670","0.3840","0.4048"
"133.8870","0.3841","0.4058"
"133.9070","0.3842","0.4068"
"133.9270","0.3843","0.4079"
"133.9470","0.3843","0.4088"
"133.9670","0.3844","0.4097"
"133.9870","0.3845","0.4107"
"134.0070","0.3846","0.4118"
"134.0270","0.3847","0.4128"
"134.0470","0.3847","0.4139"
"134.0670","0.3848","0.4149"
"134.0870","0.3849","0.4159"
"134.1070","0.3850","0.4170"
"134.1270","0.3851","0.4182"
"134.1470","0.3851","0.4192"
"134.1670","0.3852","0.4202"
"134.1870","0.3853","0.4213"
"134.2070","0.3854","0.4223"
"134.2270","0.3854","0.4233"
"134.2470","0.3855","0.4244"
"134.2670","0.3856","0.4255"
"134.2870","0.3857","0.4264"
"134.3070","0.3858","0.4273"
"134.3270","0.3858","0.4284"
"134.3470","0.3859","0.4294"
"134.3670","0.3860","0.4304"
"134.3870","0.3861","0.4313"
"134.4070","0.3861","0.4322"
"134.4270","0.3862","0.4332"
"134.4470","0.3863","0.4341"
"134.4670","0.3863","0.4351"
"134.4870","0.3864","0.4361"
"134.5070","0.3865","0.4371"
"134.5270","0.3866","0.4380"
"134.5470","0.3866","0.4389"
"134.5670","0.3867","0.4399"
"134.5870","0.3868","0.4409"
"134.6070","0.3868","0.4418"
"134.6270","0.3869","0.4429"
"134.6470","0.3870","0.4438"
"134.6670","0.3871","0.4447"
"134.6870","0.3871","0.4456"
"134.7070","0.3872","0.4467"
"134.7270","0.3873","0.4478"
"134.7470","0.3873","0.4488"
"134.7670","0.3874","0.4497"
"134.7870","0.3875","0.4506"
"134.8070","0.3876","0.4516"
"134.8270","0.3876","0.4527"
"134.8470","0.3877","0.4537"
"134.8670","0.3878","0.4547"
"134.8870","0.3879","0.4557"
"134.9070","0.3879","0.4567"
"134.9270","0.3880","0.4577"
"134.9470","0.3881","0.4587"
"134.9670","0.3881","0.4597"
"134.9870","0.3882","0.4606"
"135.0070","0.3883","0.4615"
"135.0270","0.3884","0.4625"
"135.0470","0.3884","0.4635"
"135.0670","0.3885","0.4644"
"135.0870","0.3886","0.4654"
"135.1070","0.3886","0.4663"
"135.1270","0.3887","0.4672"
"135.1470","0.3888","0.4682"
"135.1670","0.3889","0.4692"
"135.1870","0.3889","0.4702"
"135.2070","0.3890","0.4711"
"135.2270","0.3891","0.4721"
"135.2470","0.3891","0.4730"
"135.2670","0.3892","0.4740"
"135.2870","0.3892","0.4749"
"135.3070","0.3893","0.4758"
"135.3270","0.3894","0.4766"
"135.3470","0.3894","0.4775"
"135.3670","0.3895","0.4785"
"135.3870","0.3896","0.4794"
"135.4070","0.3896","0.4804"
"135.4270","0.3897","0.4812"
"135.4470","0.3898","0.4821"
"135.4670","0.3898","0.4831"
"135.4870","0.3899","0.4840"
"135.5070","0.3900","0.4849"
"135.5270","0.3900","0.4858"
"135.5470","0.3901","0.4866"
"135.5670","0.3902","0.4876"
"135.5870","0.3902","0.4885"
"135.6070","0.3903","0.4894"
"135.6270","0.3904","0.4903"
"135.6470","0.3904","0.4913"
"135.6670","0.3905","0.4922"
"135.6870","0.3906","0.4931"
"135.7070","0.3906","0.4941"
"135.7270","0.3907","0.4951"
"135.7470","0.3908","0.4961"
"135.7670","0.3908","0.4970"
"135.7870","0.3909","0.4981"
"135.8070","0.3910","0.4991"
"135.8270","0.3910","0.5001"
"135.8470","0.3911","0.5011"
"135.8670","0.3912","0.5021"
"135.8870","0.3912","0.5031"
"135.9070","0.3913","0.5042"
"135.9270","0.3914","0.5052"
"135.9470","0.3915","0.5062"
"135.9670","0.3915","0.5073"
"135.9870","0.3916","0.5084"
"136.0070","0.3917","0.5094"
"136.0270","0.3917","0.5105"
"136.0470","0.3918","0.5115"
"136.0670","0.3919","0.5124"
"136.0870","0.3919","0.5134"
"136.1070","0.3920","0.5145"
"136.1270","0.3921","0.5155"
"136.1470","0.3921","0.5166"
"136.1670","0.3922","0.5176"
"136.1870","0.3923","0.5187"
"136.2070","0.3924","0.5198"
"136.2270","0.3924","0.5208"
"136.2470","0.3925","0.5218"
"136.2670","0.3926","0.5228"
"136.2870","0.3926","0.5239"
"136.3070","0.3927","0.5249"
"136.3270","0.3928","0.5260"
"136.3470","0.3928","0.5270"
"136.3670","0.3929","0.5280"
"136.3870","0.3930","0.5290"
"136.4070","0.3930","0.5299"
"136.4270","0.3931","0.5310"
"136.4470","0.3932","0.5320"
"136.4670","0.3932","0.5330"
"136.4870","0.3933","0.5339"
"136.5070","0.3934","0.5349"
"136.5270","0.3934","0.5359"
"136.5470","0.3935","0.5368"
"136.5670","0.3936","0.5378"
"136.5870","0.3936","0.5388"
"136.6070","0.3937","0.5397"
"136.6270","0.3938","0.5406"
"136.6470","0.3938","0.5416"
"136.6670","0.3939","0.5426"
"136.6870","0.3939","0.5435"
"136.7070","0.3940","0.5445"
"136.7270","0.3941","0.5455"
"136.7470","0.3941","0.5465"
"136.7670","0.3942","0.5475"
"136.7870","0.3943","0.5485"
"136.8070","0.3943","0.5496"
"136.8270","0.3944","0.5506"
"136.8470","0.3945","0.5515"
"136.8670","0.3945","0.5526"
"136.8870","0.3946","0.5538"
"136.9070","0.3947","0.5549"
"136.9270","0.3947","0.5560"
"136.9470","0.3948","0.5570"
"136.9670","0.3949","0.5581"
"136.9870","0.3950","0.5593"
"137.0070","0.3950","0.5605"
"137.0270","0.3951","0.5615"
"137.0470","0.3952","0.5626"
"137.0670","0.3952","0.5637"
"137.0870","0.3953","0.5649"
"137.1070","0.3954","0.5660"
"137.1270","0.3955","0.5671"
"137.1470","0.3955","0.5681"
"137.1670","0.3956","0.5691"
"137.1870","0.3957","0.5702"
"137.2070","0.3957","0.5713"
"137.2270","0.3958","0.5724"
"137.2470","0.3959","0.5734"
"137.2670","0.3959","0.5744"
"137.2870","0.3960","0.5754"
"137.3070","0.3961","0.5765"
"137.3270","0.3961","0.5775"
"137.3470","0.3962","0.5784"
"137.3670","0.3963","0.5795"
"137.3870","0.3963","0.5806"
"137.4070","0.3964","0.5816"
"137.4270","0.3964","0.5826"
"137.4470","0.3965","0.5835"
"137.4670","0.3966","0.5846"
"137.4870","0.3966","0.5854"
"137.5070","0.3967","0.5865"
"137.5270","0.3968","0.5876"
"137.5470","0.3968","0.5886"
"137.5670","0.3969","0.5896"
"137.5870","0.3970","0.5905"
"137.6070","0.3970","0.5915"
"137.6270","0.3971","0.5926"
"137.6470","0.3972","0.5937"
"137.6670","0.3972","0.5947"
"137.6870","0.3973","0.5957"
"137.7070","0.3973","0.5968"
"137.7270","0.3974","0.5979"
"137.7470","0.3975","0.5988"
"137.7670","0.3975","0.5998"
"137.7870","0.3976","0.6008"
"137.8070","0.3977","0.6019"
"137.8270","0.3977","0.6030"
"137.8470","0.3978","0.6040"
"137.8670","0.3979","0.6050"
"137.8870","0.3979","0.6060"
"137.9070","0.3980","0.6071"
"137.9270","0.3980","0.6081"
"137.9470","0.3981","0.6092"
"137.9670","0.3982","0.6101"
"137.9870","0.3982","0.6111"
"138.0070","0.3983","0.6121"
"138.0270","0.3984","0.6131"
"138.0470","0.3984","0.6141"
"138.0670","0.3985","0.6152"
"138.0870","0.3986","0.6161"
"138.1070","0.3986","0.6172"
"138.1270","0.3987","0.6181"
"138.1470","0.3987","0.6190"
"138.1670","0.3988","0.6200"
"138.1870","0.3989","0.6210"
"138.2070","0.3989","0.6220"
"138.2270","0.3990","0.6231"
"138.2470","0.3990","0.6240"
"138.2670","0.3991","0.6250"
"138.2870","0.3992","0.6259"
"138.3070","0.3992","0.6268"
"138.3270","0.3993","0.6278"
"138.3470","0.3993","0.6287"
"138.3670","0.3994","0.6297"
"138.3870","0.3995","0.6307"
"138.4070","0.3995","0.6316"
"138.4270","0.3996","0.6324"
"138.4470","0.3996","0.6334"
"138.4670","0.3997","0.6343"
"138.4870","0.3998","0.6352"
"138.5070","0.3998","0.6360"
"138.5270","0.3999","0.6370"
"138.5470","0.3999","0.6379"
"138.5670","0.4000","0.6388"
"138.5870","0.4000","0.6397"
"138.6070","0.4001","0.6407"
"138.6270","0.4001","0.6416"
"138.6470","0.4002","0.6424"
"138.6670","0.4003","0.6433"
"138.6870","0.4003","0.6443"
"138.7070","0.4004","0.6452"
"138.7270","0.4004","0.6460"
"138.7470","0.4005","0.6470"
"138.7670","0.4005","0.6480"
"138.7870","0.4006","0.6489"
"138.8070","0.4007","0.6498"
"138.8270","0.4007","0.6507"
"138.8470","0.4008","0.6517"
"138.8670","0.4008","0.6527"
"138.8870","0.4009","0.6536"
"138.9070","0.4010","0.6547"
"138.9270","0.4010","0.6556"
"138.9470","0.4011","0.6566"
"138.9670","0.4011","0.6576"
"138.9870","0.4012","0.6586"
"139.0070","0.4013","0.6597"
"139.0270","0.4013","0.6608"
"139.0470","0.4014","0.6618"
"139.0670","0.4014","0.6629"
"139.0870","0.4015","0.6640"
"139.1070","0.4016","0.6650"
"139.1270","0.4016","0.6660"
"139.1470","0.4017","0.6671"
"139.1670","0.4018","0.6681"
"139.1870","0.4018","0.6692"
"139.2070","0.4019","0.6703"
"139.2270","0.4019","0.6714"
"139.2470","0.4020","0.6725"
"139.2670","0.4021","0.6736"
"139.2870","0.4021","0.6746"
"139.3070","0.4022","0.6757"
"139.3270","0.4023","0.6768"
"139.3470","0.4023","0.6778"
"139.3670","0.4024","0.6788"
"139.3870","0.4025","0.6798"
"139.4070","0.4025","0.6809"
"139.4270","0.4026","0.6819"
"139.4470","0.4026","0.6830"
"139.4670","0.4027","0.6840"
"139.4870","0.4028","0.6850"
"139.5070","0.4028","0.6861"
"139.5270","0.4029","0.6871"
"139.5470","0.4030","0.6882"
"139.5670","0.4030","0.6891"
"139.5870","0.4031","0.6901"
"139.6070","0.4031","0.6911"
"139.6270","0.4032","0.6921"
"139.6470","0.4033","0.6930"
"139.6670","0.4033","0.6939"
"139.6870","0.4034","0.6949"
"139.7070","0.4034","0.6958"
"139.7270","0.4035","0.6967"
"139.7470","0.4035","0.6977"
"139.7670","0.4036","0.6987"
"139.7870","0.4037","0.6996"
"139.8070","0.4037","0.7006"
"139.8270","0.4038","0.7014"
"139.8470","0.4038","0.7023"
"139.8670","0.4039","0.7033"
"139.8870","0.4040","0.7043"
"139.9070","0.4040","0.7053"
"139.9270","0.4041","0.7062"
"139.9470","0.4041","0.7072"
"139.9670","0.4042","0.7082"
"139.9870","0.4042","0.7091"
"140.0070","0.4043","0.7101"
"140.0270","0.4044","0.7111"
"140.0470","0.4044","0.7121"
"140.0670","0.4045","0.7131"
"140.0870","0.4045","0.7141"
"140.1070","0.4046","0.7152"
"140.1270","0.4047","0.7162"
"140.1470","0.4047","0.7172"
"140.1670","0.4048","0.7183"
"140.1870","0.4049","0.7193"
"140.2070","0.4049","0.7204"
"140.2270","0.4050","0.7216"
"140.2470","0.4051","0.7226"
"140.2670","0.4051","0.7238"
"140.2870","0.4052","0.7248"
"140.3070","0.4052","0.7260"
"140.3270","0.4053","0.7270"
"140.3470","0.4054","0.7281"
"140.3670","0.4054","0.7292"
"140.3870","0.4055","0.7302"
"140.4070","0.4056","0.7312"
"140.4270","0.4056","0.7323"
"140.4470","0.4057","0.7333"
"140.4670","0.4058","0.7344"
"140.4870","0.4058","0.7354"
"140.5070","0.4059","0.7365"
"140.5270","0.4059","0.7375"
"140.5470","0.4060","0.7384"
"140.5670","0.4061","0.7395"
"140.5870","0.4061","0.7405"
"140.6070","0.4062","0.7414"
"140.6270","0.4062","0.7424"
"140.6470","0.4063","0.7433"
"140.6670","0.4064","0.7444"
"140.6870","0.4064","0.7454"
"140.7070","0.4065","0.7463"
"140.7270","0.4066","0.7474"
"140.7470","0.4066","0.7483"
"140.7670","0.4067","0.7492"
"140.7870","0.4067","0.7502"
"140.8070","0.4068","0.7512"
"140.8270","0.4069","0.7522"
"140.8470","0.4069","0.7531"
"140.8670","0.4070","0.7541"
"140.8870","0.4071","0.7550"
"140.9070","0.4071","0.7561"
"140.9270","0.4072","0.7571"
"140.9470","0.4072","0.7581"
"140.9670","0.4073","0.7591"
"140.9870","0.4074","0.7600"
"141.0070","0.4074","0.7611"
"141.0270","0.4075","0.7620"
"141.0470","0.4076","0.7631"
"141.0670","0.4076","0.7640"
"141.0870","0.4077","0.7651"
"141.1070","0.4077","0.7660"
"141.1270","0.4078","0.7669"
"141.1470","0.4079","0.7679"
"141.1670","0.4079","0.7690"
"141.1870","0.4080","0.7700"
"141.2070","0.4081","0.7710"
"141.2270","0.4081","0.7719"
"141.2470","0.4082","0.7728"
"141.2670","0.4082","0.7738"
"141.2870","0.4083","0.7748"
"141.3070","0.4084","0.7758"
"141.3270","0.4084","0.7767"
"141.3470","0.4085","0.7776"
"141.3670","0.4086","0.7785"
"141.3870","0.4086","0.7796"
"141.4070","0.4087","0.7805"
"141.4270","0.4088","0.7815"
"141.4470","0.4088","0.7824"
"141.4670","0.4089","0.7834"
"141.4870","0.4089","0.7842"
"141.5070","0.4090","0.7852"
"141.5270","0.4091","0.7860"
"141.5470","0.4091","0.7870"
"141.5670","0.4092","0.7880"
"141.5870","0.4093","0.7889"
"141.6070","0.4093","0.7898"
"141.6270","0.4094","0.7907"
"141.6470","0.4094","0.7916"
"141.6670","0.4095","0.7925"
"141.6870","0.4096","0.7934"
"141.7070","0.4096","0.7943"
"141.7270","0.4097","0.7951"
"141.7470","0.4098","0.7960"
"141.7670","0.4098","0.7970"
"141.7870","0.4099","0.7979"
"141.8070","0.4099","0.7988"
"141.8270","0.4100","0.7996"
"141.8360","0.4100","0.8000"
"141.8370","0.4100","0.8001"
"141.8380","0.4100","0.8001"
"141.8580","0.4101","0.8011"
"141.8780","0.4102","0.8015"
"141.8980","0.4102","0.8013"
"141.9180","0.4102","0.8009"
"141.9380","0.4102","0.8004"
"141.9580","0.4102","0.7998"
"141.9780","0.4102","0.7992"
"141.9980","0.4102","0.7986"
"142.0180","0.4102","0.7980"
"142.0380","0.4102","0.7974"
"142.0580","0.4102","0.7968"
"142.0780","0.4102","0.7962"
"142.0980","0.4102","0.7956"
"142.1180","0.4102","0.7951"
"142.1380","0.4102","0.7945"
"142.1580","0.4102","0.7940"
"142.1780","0.4102","0.7934"
"142.1980","0.4102","0.7928"
"142.2180","0.4102","0.7924"
"142.2380","0.4101","0.7919"
"142.2580","0.4101","0.7913"
"142.2780","0.4101","0.7908"
"142.2980","0.4101","0.7902"
"142.3180","0.4101","0.7897"
"142.3380","0.4101","0.7891"
"142.3580","0.4101","0.7886"
"142.3780","0.4101","0.7880"
"142.3980","0.4101","0.7875"
"142.4180","0.4101","0.7869"
"142.4380","0.4101","0.7864"
"142.4580","0.4100","0.7859"
"142.4780","0.4100","0.7853"
"142.4980","0.4100","0.7847"
"142.5180","0.4100","0.7841"
"142.5380","0.4100","0.7836"
"142.5580","0.4100","0.7830"
"142.5780","0.4100","0.7824"
"142.5980","0.4099","0.7818"
"142.6180","0.4099","0.7812"
"142.6380","0.4099","0.7806"
"142.6580","0.4099","0.7800"
"142.6780","0.4099","0.7793"
"142.6980","0.4099","0.7787"
"142.7180","0.4098","0.7781"
"142.7380","0.4098","0.7775"
"142.7580","0.4098","0.7767"
"142.7780","0.4098","0.7760"
"142.7980","0.4098","0.7754"
"142.8180","0.4097","0.7746"
"142.8380","0.4097","0.7739"
"142.8580","0.4097","0.7732"
"142.8780","0.4097","0.7725"
"142.8980","0.4096","0.7717"
"142.9180","0.4096","0.7710"
"142.9380","0.4096","0.7703"
"142.9580","0.4096","0.7695"
"142.9780","0.4095","0.7687"
"142.9980","0.4095","0.7679"
"143.0180","0.4095","0.7672"
"143.0380","0.4095","0.7664"
"143.0580","0.4094","0.7655"
"143.0780","0.4094","0.7648"
"143.0980","0.4094","0.7640"
"143.1180","0.4094","0.7632"
"143.1380","0.4093","0.7624"
"143.1580","0.4093","0.7615"
"143.1780","0.4093","0.7607"
"143.1980","0.4092","0.7599"
"143.2180","0.4092","0.7590"
"143.2380","0.4092","0.7581"
"143.2580","0.4092","0.7573"
"143.2780","0.4091","0.7566"
"143.2980","0.4091","0.7557"
"143.3180","0.4091","0.7546"
"143.3380","0.4090","0.7537"
"143.3580","0.4090","0.7527"
"143.3780","0.4090","0.7519"
"143.3980","0.4089","0.7510"
"143.4180","0.4089","0.7500"
"143.4380","0.4089","0.7491"
"143.4580","0.4088","0.7482"
"143.4780","0.4088","0.7472"
"143.4980","0.4088","0.7462"
"143.5180","0.4087","0.7453"
"143.5380","0.4087","0.7444"
"143.5580","0.4087","0.7434"
"143.5780","0.4086","0.7423"
"143.5980","0.4086","0.7414"
"143.6180","0.4086","0.7405"
"143.6380","0.4085","0.7395"
"143.6580","0.4085","0.7384"
"143.6780","0.4085","0.7375"
"143.6980","0.4084","0.7365"
"143.7180","0.4084","0.7355"
"143.7380","0.4083","0.7344"
"143.7580","0.4083","0.7334"
"143.7780","0.4083","0.7323"
"143.7980","0.4082","0.7313"
"143.8180","0.4082","0.7302"
"143.8380","0.4082","0.7292"
"143.8580","0.4081","0.7282"
"143.8780","0.4081","0.7272"
"143.8980","0.4080","0.7260"
"143.9180","0.4080","0.7250"
"143.9380","0.4080","0.7239"
"143.9580","0.4079","0.7228"
"143.9780","0.4079","0.7217"
"143.9980","0.4078","0.7206"
"144.0180","0.4078","0.7195"
"144.0380","0.4077","0.7183"
"144.0580","0.4077","0.7172"
"144.0780","0.4077","0.7160"
"144.0980","0.4076","0.7150"
"144.1180","0.4076","0.7139"
"144.1380","0.4075","0.7127"
"144.1580","0.4075","0.7115"
"144.1780","0.4074","0.7103"
"144.1980","0.4074","0.7092"
"144.2180","0.4074","0.7081"
"144.2380","0.4073","0.7069"
"144.2580","0.4073","0.7057"
"144.2780","0.4072","0.7045"
"144.2980","0.4072","0.7034"
"144.3180","0.4071","0.7022"
"144.3380","0.4071","0.7010"
"144.3580","0.4071","0.6999"
"144.3780","0.4070","0.6987"
"144.3980","0.4070","0.6976"
"144.4180","0.4069","0.6964"
"144.4380","0.4069","0.6952"
"144.4580","0.4068","0.6941"
"144.4780","0.4068","0.6929"
"144.4980","0.4067","0.6917"
"144.5180","0.4067","0.6906"
"144.5380","0.4066","0.6894"
"144.5580","0.4066","0.6882"
"144.5780","0.4066","0.6870"
"144.5980","0.4065","0.6859"
"144.6180","0.4065","0.6848"
"144.6380","0.4064","0.6836"
"144.6580","0.4064","0.6824"
"144.6780","0.4063","0.6813"
"144.6980","0.4063","0.6801"
"144.7180","0.4062","0.6790"
"144.7380","0.4062","0.6778"
"144.7580","0.4061","0.6767"
"144.7780","0.4061","0.6754"
"144.7980","0.4061","0.6743"
"144.8180","0.4060","0.6732"
"144.8380","0.4060","0.6721"
"144.8580","0.4059","0.6709"
"144.8780","0.4059","0.6697"
"144.8980","0.4058","0.6686"
"144.9180","0.4058","0.6674"
"144.9380","0.4057","0.6662"
"144.9580","0.4057","0.6651"
"144.9780","0.4056","0.6639"
"144.9980","0.4056","0.6627"
"145.0180","0.4055","0.6615"
"145.0380","0.4055","0.6603"
"145.0580","0.4054","0.6591"
"145.0780","0.4054","0.6579"
"145.0980","0.4054","0.6567"
"145.1180","0.4053","0.6555"
"145.1380","0.4053","0.6543"
"145.1580","0.4052","0.6531"
"145.1780","0.4052","0.6519"
"145.1980","0.4051","0.6507"
"145.2180","0.4051","0.6494"
"145.2380","0.4050","0.6482"
"145.2580","0.4050","0.6470"
"145.2780","0.4049","0.6458"
"145.2980","0.4049","0.6445"
"145.3180","0.4048","0.6434"
"145.3380","0.4048","0.6422"
"145.3580","0.4047","0.6410"
"145.3780","0.4047","0.6397"
"145.3980","0.4046","0.6385"
"145.4180","0.4046","0.6373"
"145.4380","0.4045","0.6362"
"145.4580","0.4045","0.6350"
"145.4780","0.4044","0.6338"
"145.4980","0.4044","0.6326"
"145.5180","0.4043","0.6314"
"145.5380","0.4043","0.6302"
"145.5580","0.4042","0.6290"
"145.5780","0.4042","0.6279"
"145.5980","0.4041","0.6267"
"145.6180","0.4041","0.6255"
"145.6380","0.4040","0.6244"
"145.6580","0.4040","0.6233"
"145.6780","0.4039","0.6221"
"145.6980","0.4039","0.6209"
"145.7180","0.4038","0.6198"
"145.7380","0.4038","0.6187"
"145.7580","0.4037","0.6175"
"145.7780","0.4037","0.6163"
"145.7980","0.4036","0.6152"
"145.8180","0.4036","0.6141"
"145.8380","0.4035","0.6131"
"145.8580","0.4035","0.6119"
"145.8780","0.4034","0.6108"
"145.8980","0.4034","0.6096"
"145.9180","0.4034","0.6085"
"145.9380","0.4033","0.6074"
"145.9580","0.4033","0.6063"
"145.9780","0.4032","0.6052"
"145.9980","0.4032","0.6041"
"146.0180","0.4031","0.6030"
"146.0380","0.4031","0.6019"
"146.0580","0.4030","0.6007"
"146.0780","0.4030","0.5996"
"146.0980","0.4029","0.5986"
"146.1180","0.4029","0.5974"
"146.1380","0.4028","0.5963"
"146.1580","0.4028","0.5952"
"146.1780","0.4027","0.5940"
"146.1980","0.4027","0.5930"
"146.2180","0.4026","0.5918"
"146.2380","0.4026","0.5907"
"146.2580","0.4025","0.5896"
"146.2780","0.4025","0.5885"
"146.2980","0.4024","0.5873"
"146.3180","0.4024","0.5862"
"146.3380","0.4023","0.5851"
"146.3580","0.4023","0.5839"
"146.3780","0.4022","0.5829"
"146.3980","0.4022","0.5818"
"146.4180","0.4021","0.5806"
"146.4380","0.4021","0.5794"
"146.4580","0.4020","0.5784"
"146.4780","0.4020","0.5772"
"146.4980","0.4019","0.5760"
"146.5180","0.4019","0.5750"
"146.5380","0.4018","0.5739"
"146.5580","0.4018","0.5728"
"146.5780","0.4017","0.5716"
"146.5980","0.4017","0.5705"
"146.6180","0.4016","0.5693"
"146.6380","0.4016","0.5683"
"146.6580","0.4015","0.5673"
"146.6780","0.4015","0.5662"
"146.6980","0.4014","0.5650"
"146.7180","0.4014","0.5640"
"146.7380","0.4013","0.5629"
"146.7580","0.4013","0.5619"
"146.7780","0.4012","0.5608"
"146.7980","0.4012","0.5597"
"146.8180","0.4011","0.5586"
"146.8380","0.4011","0.5575"
"146.8580","0.4010","0.5565"
"146.8780","0.4010","0.5554"
"146.8980","0.4009","0.5544"
"146.9180","0.4009","0.5534"
"146.9380","0.4008","0.5523"
"146.9580","0.4008","0.5512"
"146.9780","0.4007","0.5502"
"146.9980","0.4007","0.5492"
"147.0180","0.4006","0.5481"
"147.0380","0.4006","0.5471"
"147.0580","0.4006","0.5461"
"147.0780","0.4005","0.5451"
"147.0980","0.4005","0.5441"
"147.1180","0.4004","0.5430"
"147.1380","0.4004","0.5420"
"147.1580","0.4003","0.5410"
"147.1780","0.4003","0.5400"
"147.1980","0.4002","0.5390"
"147.2180","0.4002","0.5380"
"147.2380","0.4001","0.5370"
"147.2580","0.4001","0.5360"
"147.2780","0.4000","0.5350"
"147.2980","0.4000","0.5340"
"147.3180","0.3999","0.5330"
"147.3380","0.3999","0.5321"
"147.3580","0.3998","0.5312"
"147.3780","0.3998","0.5301"
"147.3980","0.3997","0.5290"
"147.4180","0.3997","0.5281"
"147.4380","0.3997","0.5272"
"147.4580","0.3996","0.5262"
"147.4780","0.3996","0.5253"
"147.4980","0.3995","0.5243"
"147.5180","0.3995","0.5232"
"147.5380","0.3994","0.5223"
"147.5580","0.3994","0.5213"
"147.5780","0.3993","0.5202"
"147.5980","0.3993","0.5193"
"147.6180","0.3992","0.5183"
"147.6380","0.3992","0.5172"
"147.6580","0.3991","0.5162"
"147.6780","0.3991","0.5153"
"147.6980","0.3990","0.5143"
"147.7180","0.3990","0.5133"
"147.7380","0.3989","0.5123"
"147.7580","0.3989","0.5114"
"147.7780","0.3988","0.5103"
"147.7980","0.3988","0.5092"
"147.8180","0.3987","0.5083"
"147.8380","0.3987","0.5073"
"147.8580","0.3986","0.5062"
"147.8780","0.3986","0.5052"
"147.8980","0.3985","0.5041"
"147.9180","0.3985","0.5030"
"147.9380","0.3984","0.5019"
"147.9580","0.3984","0.5009"
"147.9780","0.3983","0.4998"
"147.9980","0.3983","0.4988"
"148.0180","0.3982","0.4977"
"148.0380","0.3981","0.4967"
"148.0580","0.3981","0.4956"
"148.0780","0.3980","0.4946"
"148.0980","0.3980","0.4935"
"148.1180","0.3979","0.4924"
"148.1380","0.3979","0.4913"
"148.1580","0.3978","0.4902"
"148.1780","0.3978","0.4892"
"148.1980","0.3977","0.4881"
"148.2180","0.3977","0.4870"
"148.2380","0.3976","0.4859"
"148.2580","0.3976","0.4849"
"148.2780","0.3975","0.4838"
"148.2980","0.3974","0.4827"
"148.3180","0.3974","0.4815"
"148.3380","0.3973","0.4805"
"148.3580","0.3973","0.4793"
"148.3780","0.3972","0.4782"
"148.3980","0.3972","0.4771"
"148.4180","0.3971","0.4760"
"148.4380","0.3970","0.4749"
"148.4580","0.3970","0.4739"
"148.4780","0.3969","0.4728"
"148.4980","0.3969","0.4717"
"148.5180","0.3968","0.4707"
"148.5380","0.3968","0.4696"
"148.5580","0.3967","0.4685"
"148.5780","0.3966","0.4675"
"148.5980","0.3966","0.4665"
"148.6180","0.3965","0.4654"
"148.6380","0.3965","0.4644"
"148.6580","0.3964","0.4634"
"148.6780","0.3964","0.4624"
"148.6980","0.3963","0.4614"
"148.7180","0.3963","0.4605"
"148.7380","0.3962","0.4595"
"148.7580","0.3962","0.4585"
"148.7780","0.3961","0.4575"
"148.7980","0.3961","0.4566"
"148.8180","0.3960","0.4556"
"148.8380","0.3960","0.4546"
"148.8580","0.3959","0.4536"
"148.8780","0.3959","0.4527"
"148.8980","0.3958","0.4517"
"148.9180","0.3957","0.4507"
"148.9380","0.3957","0.4497"
"148.9580","0.3956","0.4488"
"148.9780","0.3956","0.4478"
"148.9980","0.3955","0.4469"
"149.0180","0.3955","0.4458"
"149.0380","0.3954","0.4449"
"149.0580","0.3954","0.4438"
"149.0780","0.3953","0.4427"
"149.0980","0.3952","0.4417"
"149.1180","0.3952","0.4407"
"149.1380","0.3951","0.4396"
"149.1580","0.3951","0.4386"
"149.1780","0.3950","0.4376"
"149.1980","0.3950","0.4366"
"149.2180","0.3949","0.4354"
"149.2380","0.3948","0.4344"
"149.2580","0.3948","0.4333"
"149.2780","0.3947","0.4323"
"149.2980","0.3947","0.4312"
"149.3180","0.3946","0.4302"
"149.3380","0.3945","0.4290"
"149.3580","0.3945","0.4280"
"149.3780","0.3944","0.4269"
"149.3980","0.3944","0.4259"
"149.4180","0.3943","0.4248"
"149.4380","0.3942","0.4236"
"149.4580","0.3942","0.4226"
"149.4780","0.3941","0.4217"
"149.4980","0.3941","0.4207"
"149.5180","0.3940","0.4197"
"149.5380","0.3939","0.4186"
"149.5580","0.3939","0.4176"
"149.5780","0.3938","0.4166"
"149.5980","0.3938","0.4157"
"149.6180","0.3937","0.4147"
"149.6380","0.3937","0.4137"
"149.6580","0.3936","0.4127"
"149.6780","0.3935","0.4117"
"149.6980","0.3935","0.4108"
"149.7180","0.3934","0.4097"
"149.7380","0.3934","0.4087"
"149.7580","0.3933","0.4077"
"149.7780","0.3933","0.4067"
"149.7980","0.3932","0.4058"
"149.8180","0.3931","0.4048"
"149.8380","0.3931","0.4039"
"149.8580","0.3930","0.4029"
"149.8780","0.3930","0.4019"
"149.8980","0.3929","0.4009"
"149.9180","0.3928","0.3999"
"149.9380","0.3928","0.3989"
"149.9580","0.3927","0.3980"
"149.9780","0.3927","0.3971"
"149.9980","0.3926","0.3960"
"150.0180","0.3925","0.3950"
"150.0380","0.3925","0.3940"
"150.0580","0.3924","0.3931"
"150.0780","0.3924","0.3921"
"150.0980","0.3923","0.3912"
"150.1180","0.3923","0.3902"
"150.1380","0.3922","0.3892"
"150.1580","0.3921","0.3882"
"150.1780","0.3921","0.3873"
"150.1980","0.3920","0.3862"
"150.2180","0.3919","0.3853"
"150.2380","0.3919","0.3842"
"150.2580","0.3918","0.3832"
"150.2780","0.3918","0.3823"
"150.2980","0.3917","0.3813"
"150.3180","0.3916","0.3803"
"150.3380","0.3916","0.3794"
"150.3580","0.3915","0.3783"
"150.3780","0.3915","0.3773"
"150.3980","0.3914","0.3763"
"150.4180","0.3913","0.3753"
"150.4380","0.3913","0.3743"
"150.4580","0.3912","0.3733"
"150.4780","0.3911","0.3722"
"150.4980","0.3911","0.3712"
"150.5180","0.3910","0.3702"
"150.5380","0.3909","0.3692"
"150.5580","0.3909","0.3681"
"150.5780","0.3908","0.3671"
"150.5980","0.3907","0.3661"
"150.6180","0.3907","0.3650"
"150.6380","0.3906","0.3640"
"150.6580","0.3906","0.3630"
"150.6780","0.3905","0.3620"
"150.6980","0.3904","0.3610"
"150.7180","0.3904","0.3600"
"150.7380","0.3903","0.3591"
"150.7580","0.3902","0.3581"
"150.7780","0.3902","0.3570"
"150.7980","0.3901","0.3560"
"150.8180","0.3900","0.3552"
"150.8380","0.3900","0.3542"
"150.8580","0.3899","0.3533"
"150.8780","0.3899","0.3524"
"150.8980","0.3898","0.3514"
"150.9180","0.3897","0.3505"
"150.9380","0.3897","0.3495"
"150.9580","0.3896","0.3487"
"150.9780","0.3895","0.3477"
"150.9980","0.3895","0.3467"
"151.0180","0.3894","0.3458"
"151.0380","0.3893","0.3448"
"151.0580","0.3893","0.3439"
"151.0780","0.3892","0.3430"
"151.0980","0.3892","0.3421"
"151.1180","0.3891","0.3412"
"151.1380","0.3890","0.3402"
"151.1580","0.3890","0.3392"
"151.1780","0.3889","0.3381"
"151.1980","0.3888","0.3372"
"151.2180","0.3888","0.3363"
"151.2380","0.3887","0.3353"
"151.2580","0.3886","0.3343"
"151.2780","0.3886","0.3334"
"151.2980","0.3885","0.3323"
"151.3180","0.3884","0.3313"
"151.3380","0.3884","0.3304"
"151.3580","0.3883","0.3293"
"151.3780","0.3882","0.3283"
"151.3980","0.3881","0.3273"
"151.4180","0.3881","0.3262"
"151.4380","0.3880","0.3252"
"151.4580","0.3879","0.3242"
"151.4780","0.3879","0.3232"
"151.4980","0.3878","0.3221"
"151.5180","0.3877","0.3211"
"151.5380","0.3876","0.3199"
"151.5580","0.3876","0.3189"
"151.5780","0.3875","0.3178"
"151.5980","0.3874","0.3168"
"151.6180","0.3873","0.3158"
"151.6380","0.3873","0.3147"
"151.6580","0.3872","0.3135"
"151.6780","0.3871","0.3124"
"151.6980","0.3870","0.3114"
"151.7180","0.3869","0.3102"
"151.7380","0.3869","0.3092"
"151.7580","0.3868","0.3082"
"151.7780","0.3867","0.3071"
"151.7980","0.3866","0.3061"
"151.8180","0.3866","0.3051"
"151.8380","0.3865","0.3040"
"151.8580","0.3864","0.3031"
"151.8780","0.3863","0.3022"
"151.8980","0.3863","0.3011"
"151.9180","0.3862","0.3002"
"151.9380","0.3861","0.2992"
"151.9580","0.3861","0.2983"
"151.9780","0.3860","0.2974"
"151.9980","0.3859","0.2964"
"152.0180","0.3858","0.2955"
"152.0380","0.3858","0.2946"
"152.0580","0.3857","0.2936"
"152.0780","0.3856","0.2926"
"152.0980","0.3855","0.2916"
"152.1180","0.3855","0.2907"
"152.1380","0.3854","0.2897"
"152.1580","0.3853","0.2887"
"152.1780","0.3852","0.2877"
"152.1980","0.3852","0.2866"
"152.2180","0.3851","0.2856"
"152.2380","0.3850","0.2846"
"152.2580","0.3849","0.2834"
"152.2780","0.3848","0.2824"
"152.2980","0.3848","0.2814"
"152.3180","0.3847","0.2803"
"152.3380","0.3846","0.2791"
"152.3580","0.3845","0.2780"
"152.3780","0.3844","0.2770"
"152.3980","0.3843","0.2759"
"152.4180","0.3842","0.2748"
"152.4380","0.3842","0.2738"
"152.4580","0.3841","0.2727"
"152.4780","0.3840","0.2717"
"152.4980","0.3839","0.2706"
"152.5180","0.3838","0.2695"
"152.5380","0.3837","0.2684"
"152.5580","0.3837","0.2674"
"152.5780","0.3836","0.2664"
"152.5980","0.3835","0.2655"
"152.6180","0.3834","0.2645"
"152.6380","0.3833","0.2634"
"152.6580","0.3832","0.2624"
"152.6780","0.3832","0.2615"
"152.6980","0.3831","0.2605"
"152.7180","0.3830","0.2594"
"152.7380","0.3829","0.2584"
"152.7580","0.3828","0.2574"
"152.7780","0.3827","0.2564"
"152.7980","0.3826","0.2554"
"152.8180","0.3826","0.2543"
"152.8380","0.3825","0.2533"
"152.8580","0.3824","0.2522"
"152.8780","0.3823","0.2511"
"152.8980","0.3822","0.2501"
"152.9180","0.3821","0.2491"
"152.9380","0.3820","0.2480"
"152.9580","0.3819","0.2469"
"152.9780","0.3818","0.2458"
"152.9980","0.3817","0.2447"
"153.0180","0.3816","0.2437"
"153.0380","0.3815","0.2424"
"153.0580","0.3814","0.2413"
"153.0780","0.3814","0.2402"
"153.0980","0.3813","0.2392"
"153.1180","0.3812","0.2382"
"153.1380","0.3811","0.2371"
"153.1580","0.3810","0.2359"
"153.1780","0.3809","0.2349"
"153.1980","0.3808","0.2339"
"153.2180","0.3807","0.2328"
"153.2380","0.3806","0.2318"
"153.2580","0.3805","0.2308"
"153.2780","0.3804","0.2297"
"153.2980","0.3803","0.2288"
"153.3180","0.3802","0.2278"
"153.3380","0.3801","0.2269"
"153.3580","0.3800","0.2260"
"153.3780","0.3799","0.2251"
"153.3980","0.3799","0.2242"
"153.4180","0.3798","0.2233"
"153.4380","0.3797","0.2224"
"153.4580","0.3796","0.2216"
"153.4780","0.3795","0.2206"
"153.4980","0.3794","0.2198"
"153.5180","0.3793","0.2190"
"153.5380","0.3793","0.2180"
"153.5580","0.3792","0.2171"
"153.5780","0.3791","0.2163"
"153.5980","0.3790","0.2154"
"153.6180","0.3789","0.2145"
"153.6380","0.3788","0.2135"
"153.6580","0.3787","0.2126"
"153.6780","0.3786","0.2118"
"153.6980","0.3785","0.2109"
"153.7180","0.3784","0.2098"
"153.7380","0.3783","0.2088"
"153.7580","0.3783","0.2079"
"153.7780","0.3782","0.2068"
"153.7980","0.3781","0.2058"
"153.8180","0.3780","0.2048"
"153.8380","0.3779","0.2039"
"153.8580","0.3777","0.2029"
"153.8780","0.3776","0.2018"
"153.8980","0.3775","0.2008"
"153.9180","0.3774","0.1996"
"153.9380","0.3773","0.1985"
"153.9580","0.3772","0.1975"
"153.9780","0.3771","0.1964"
"153.9980","0.3770","0.1952"
"154.0180","0.3769","0.1941"
"154.0380","0.3768","0.1930"
"154.0580","0.3766","0.1920"
"154.0780","0.3765","0.1909"
"154.0980","0.3764","0.1897"
"154.1180","0.3763","0.1888"
"154.1380","0.3762","0.1878"
"154.1580","0.3761","0.1868"
"154.1780","0.3760","0.1858"
"154.1980","0.3759","0.1849"
"154.2180","0.3758","0.1841"
"154.2380","0.3757","0.1831"
"154.2580","0.3756","0.1821"
"154.2780","0.3754","0.1812"
"154.2980","0.3753","0.1802"
"154.3180","0.3752","0.1792"
"154.3380","0.3751","0.1782"
"154.3580","0.3750","0.1771"
"154.3780","0.3749","0.1760"
"154.3980","0.3748","0.1750"
"154.4180","0.3746","0.1738"
"154.4380","0.3745","0.1727"
"154.4580","0.3744","0.1717"
"154.4780","0.3742","0.1705"
"154.4980","0.3741","0.1694"
"154.5180","0.3740","0.1683"
"154.5380","0.3739","0.1672"
"154.5580","0.3737","0.1662"
"154.5780","0.3736","0.1651"
"154.5980","0.3735","0.1641"
"154.6180","0.3734","0.1632"
"154.6380","0.3732","0.1621"
"154.6580","0.3731","0.1611"
"154.6780","0.3730","0.1602"
"154.6980","0.3729","0.1592"
"154.7180","0.3727","0.1582"
"154.7380","0.3726","0.1572"
"154.7580","0.3725","0.1562"
"154.7780","0.3724","0.1553"
"154.7980","0.3723","0.1543"
"154.8180","0.3721","0.1533"
"154.8380","0.3720","0.1523"
"154.8580","0.3719","0.1513"
"154.8780","0.3718","0.1504"
"154.8980","0.3716","0.1495"
"154.9180","0.3715","0.1485"
"154.9380","0.3714","0.1475"
"154.9580","0.3712","0.1466"
"154.9780","0.3711","0.1456"
"154.9980","0.3710","0.1446"
"155.0180","0.3709","0.1436"
"155.0380","0.3707","0.1426"
"155.0580","0.3706","0.1417"
"155.0780","0.3705","0.1407"
"155.0980","0.3703","0.1397"
"155.1180","0.3702","0.1387"
"155.1380","0.3701","0.1379"
"155.1580","0.3699","0.1370"
"155.1780","0.3698","0.1361"
"155.1980","0.3697","0.1353"
"155.2180","0.3696","0.1344"
"155.2380","0.3694","0.1335"
"155.2580","0.3693","0.1327"
"155.2780","0.3692","0.1317"
"155.2980","0.3690","0.1309"
"155.3180","0.3689","0.1301"
"155.3380","0.3688","0.1291"
"155.3580","0.3686","0.1281"
"155.3780","0.3685","0.1272"
"155.3980","0.3684","0.1262"
"155.4180","0.3682","0.1252"
"155.4380","0.3681","0.1241"
"155.4580","0.3679","0.1231"
"155.4780","0.3678","0.1221"
"155.4980","0.3676","0.1210"
"155.5180","0.3674","0.1198"
"155.5380","0.3673","0.1186"
"155.5580","0.3671","0.1174"
"155.5780","0.3669","0.1162"
"155.5980","0.3667","0.1151"
"155.6180","0.3665","0.1140"
"155.6380","0.3664","0.1127"
"155.6580","0.3662","0.1116"
"155.6780","0.3660","0.1105"
"155.6980","0.3658","0.1095"
"155.7180","0.3657","0.1086"
"155.7380","0.3655","0.1078"
"155.7580","0.3653","0.1068"
"155.7780","0.3652","0.1058"
"155.7980","0.3650","0.1048"
"155.8180","0.3648","0.1038"
"155.8380","0.3647","0.1028"
"155.8580","0.3645","0.1018"
"155.8780","0.3643","0.1008"
"155.8980","0.3642","0.0998"
"155.9180","0.3640","0.0989"
"155.9380","0.3638","0.0980"
"155.9580","0.3636","0.0971"
"155.9780","0.3635","0.0962"
"155.9980","0.3633","0.0953"
"156.0180","0.3632","0.0946"
"156.0380","0.3630","0.0938"
"156.0580","0.3629","0.0930"
"156.0780","0.3627","0.0922"
"156.0980","0.3625","0.0915"
"156.1180","0.3624","0.0906"
"156.1380","0.3622","0.0899"
"156.1580","0.3621","0.0891"
"156.1780","0.3619","0.0882"
"156.1980","0.3618","0.0874"
"156.2180","0.3616","0.0866"
"156.2380","0.3614","0.0857"
"156.2580","0.3612","0.0848"
"156.2780","0.3611","0.0838"
"156.2980","0.3609","0.0829"
"156.3180","0.3607","0.0820"
"156.3380","0.3605","0.0810"
"156.3580","0.3603","0.0801"
"156.3780","0.3601","0.0792"
"156.3980","0.3599","0.0784"
"156.4180","0.3597","0.0775"
"156.4380","0.3596","0.0766"
"156.4580","0.3594","0.0758"
"156.4780","0.3592","0.0750"
"156.4980","0.3590","0.0741"
"156.5180","0.3588","0.0732"
"156.5380","0.3586","0.0723"
"156.5580","0.3584","0.0714"
"156.5780","0.3582","0.0704"
"156.5980","0.3580","0.0695"
"156.6180","0.3578","0.0685"
"156.6380","0.3576","0.0674"
"156.6580","0.3573","0.0663"
"156.6780","0.3570","0.0652"
"156.6980","0.3568","0.0640"
"156.7180","0.3565","0.0627"
"156.7380","0.3562","0.0616"
"156.7580","0.3560","0.0606"
"156.7780","0.3557","0.0597"
"156.7980","0.3555","0.0588"
"156.8180","0.3552","0.0579"
"156.8380","0.3550","0.0570"
"156.8580","0.3548","0.0562"
"156.8780","0.3545","0.0551"
"156.8980","0.3543","0.0542"
"156.9180","0.3540","0.0533"
"156.9380","0.3537","0.0524"
"156.9580","0.3535","0.0514"
"156.9780","0.3532","0.0505"
"156.9980","0.3530","0.0497"
"157.0180","0.3527","0.0489"
"157.0380","0.3525","0.0480"
"157.0580","0.3522","0.0472"
"157.0780","0.3520","0.0463"
"157.0980","0.3517","0.0452"
"157.1180","0.3514","0.0441"
"157.1380","0.3511","0.0430"
"157.1580","0.3507","0.0418"
"157.1780","0.3504","0.0406"
"157.1980","0.3500","0.0393"
"157.2180","0.3496","0.0381"
"157.2380","0.3492","0.0371"
"157.2580","0.3489","0.0360"
"157.2780","0.3485","0.0349"
"157.2980","0.3481","0.0338"
"157.3180","0.3478","0.0327"
"157.3380","0.3474","0.0316"
"157.3580","0.3470","0.0306"
"157.3780","0.3466","0.0294"
"157.3980","0.3462","0.0285"
"157.4180","0.3458","0.0278"
"157.4380","0.3455","0.0270"
"157.4580","0.3452","0.0263"
"157.4780","0.3449","0.0256"
"157.4980","0.3445","0.0248"
"157.5180","0.3442","0.0240"
"157.5380","0.3439","0.0233"
"157.5580","0.3435","0.0224"
"157.5780","0.3431","0.0215"
"157.5980","0.3427","0.0207"
"157.6110","0.3425","0.0200"
"157.6120","0.3424","0.0199"
"157.6130","0.3424","0.0199"
"157.6330","0.3420","0.0188"
"157.6530","0.3415","0.0177"
"157.6730","0.3411","0.0169"
"157.6930","0.3408","0.0164"
"157.7130","0.3405","0.0160"
"157.7330","0.3403","0.0157"
"157.7530","0.3401","0.0156"
"157.7730","0.3400","0.0157"
"157.7930","0.3399","0.0158"
"157.8130","0.3398","0.0160"
"157.8330","0.3398","0.0164"
"157.8530","0.3398","0.0168"
"157.8730","0.3398","0.0171"
"157.8930","0.3398","0.0175"
"157.9130","0.3398","0.0179"
"157.9330","0.3398","0.0182"
"157.9530","0.3398","0.0185"
"157.9730","0.3398","0.0187"
"157.9930","0.3398","0.0190"
"158.0130","0.3398","0.0193"
"158.0330","0.3398","0.0195"
"158.0530","0.3398","0.0198"
"158.0730","0.3399","0.0201"
"158.0930","0.3399","0.0203"
"158.1130","0.3399","0.0205"
"158.1330","0.3399","0.0208"
"158.1530","0.3399","0.0211"
"158.1730","0.3399","0.0214"
"158.1930","0.3400","0.0216"
"158.2130","0.3400","0.0218"
"158.2330","0.3400","0.0221"
"158.2530","0.3400","0.0223"
"158.2730","0.3401","0.0226"
"158.2930","0.3401","0.0230"
"158.3130","0.3401","0.0233"
"158.3330","0.3402","0.0237"
"158.3530","0.3402","0.0240"
"158.3730","0.3403","0.0242"
"158.3930","0.3403","0.0246"
"158.4130","0.3404","0.0250"
"158.4330","0.3404","0.0254"
"158.4530","0.3405","0.0257"
"158.4730","0.3405","0.0262"
"158.4930","0.3406","0.0266"
"158.5130","0.3407","0.0270"
"158.5330","0.3407","0.0274"
"158.5530","0.3408","0.0278"
"158.5730","0.3409","0.0283"
"158.5930","0.3410","0.0289"
"158.6130","0.3410","0.0296"
"158.6330","0.3411","0.0301"
"158.6530","0.3412","0.0307"
"158.6730","0.3413","0.0313"
"158.6930","0.3414","0.0318"
"158.7130","0.3416","0.0325"
"158.7330","0.3417","0.0332"
"158.7530","0.3418","0.0339"
"158.7730","0.3419","0.0347"
"158.7930","0.3421","0.0355"
"158.8130","0.3422","0.0363"
"158.8330","0.3424","0.0372"
"158.8530","0.3425","0.0380"
"158.8730","0.3427","0.0390"
"158.8930","0.3429","0.0398"
"158.9130","0.3430","0.0409"
"158.9330","0.3432","0.0419"
"158.9530","0.3434","0.0427"
"158.9730","0.3436","0.0437"
"158.9930","0.3438","0.0447"
"159.0130","0.3439","0.0457"
"159.0330","0.3441","0.0468"
"159.0530","0.3443","0.0477"
"159.0730","0.3445","0.0488"
"159.0930","0.3447","0.0500"
"159.1130","0.3450","0.0512"
"159.1330","0.3452","0.0524"
"159.1530","0.3454","0.0537"
"159.1730","0.3456","0.0549"
"159.1930","0.3459","0.0561"
"159.2130","0.3461","0.0573"
"159.2330","0.3463","0.0585"
"159.2530","0.3465","0.0597"
"159.2730","0.3468","0.0611"
"159.2930","0.3470","0.0624"
"159.3130","0.3473","0.0638"
"159.3330","0.3475","0.0652"
"159.3530","0.3478","0.0667"
"159.3730","0.3481","0.0683"
"159.3930","0.3484","0.0698"
"159.4130","0.3486","0.0714"
"159.4330","0.3489","0.0730"
"159.4530","0.3492","0.0747"
"159.4730","0.3495","0.0765"
"159.4930","0.3498","0.0781"
"159.5130","0.3501","0.0796"
"159.5330","0.3504","0.0812"
"159.5530","0.3507","0.0828"
"159.5730","0.3510","0.0846"
"159.5930","0.3513","0.0865"
"159.6130","0.3516","0.0884"
"159.6330","0.3519","0.0903"
"159.6530","0.3522","0.0921"
"159.6730","0.3526","0.0940"
"159.6930","0.3529","0.0958"
"159.7130","0.3531","0.0974"
"159.7330","0.3534","0.0989"
"159.7530","0.3536","0.1003"
"159.7730","0.3539","0.1017"
"159.7930","0.3541","0.1030"
"159.8130","0.3543","0.1043"
"159.8330","0.3545","0.1056"
"159.8530","0.3547","0.1070"
"159.8730","0.3550","0.1084"
"159.8930","0.3552","0.1099"
"159.9130","0.3554","0.1114"
"159.9330","0.3557","0.1129"
"159.9530","0.3559","0.1143"
"159.9730","0.3561","0.1157"
"159.9930","0.3563","0.1169"
"160.0130","0.3565","0.1184"
"160.0330","0.3567","0.1198"
"160.0530","0.3570","0.1212"
"160.0730","0.3572","0.1227"
"160.0930","0.3574","0.1242"
"160.1130","0.3576","0.1257"
"160.1330","0.3579","0.1273"
"160.1530","0.3581","0.1288"
"160.1730","0.3583","0.1303"
"160.1930","0.3585","0.1318"
"160.2130","0.3588","0.1332"
"160.2330","0.3590","0.1347"
"160.2530","0.3592","0.1361"
"160.2730","0.3594","0.1373"
"160.2930","0.3595","0.1386"
"160.3130","0.3597","0.1397"
"160.3330","0.3599","0.1408"
"160.3530","0.3600","0.1420"
"160.3730","0.3602","0.1430"
"160.3930","0.3604","0.1441"
"160.4130","0.3605","0.1452"
"160.4330","0.3607","0.1464"
"160.4530","0.3608","0.1476"
"160.4730","0.3610","0.1488"
"160.4930","0.3612","0.1500"
"160.5130","0.3613","0.1512"
"160.5330","0.3615","0.1525"
"160.5530","0.3617","0.1536"
"160.5730","0.3618","0.1549"
"160.5930","0.3620","0.1561"
"160.6130","0.3622","0.1574"
"160.6330","0.3623","0.1586"
"160.6530","0.3625","0.1598"
"160.6730","0.3627","0.1609"
"160.6930","0.3628","0.1621"
"160.7130","0.3630","0.1631"
"160.7330","0.3631","0.1642"
"160.7530","0.3632","0.1652"
"160.7730","0.3634","0.1662"
"160.7930","0.3635","0.1672"
"160.8130","0.3636","0.1682"
"160.8330","0.3638","0.1693"
"160.8530","0.3639","0.1702"
"160.8730","0.3640","0.1711"
"160.8930","0.3642","0.1722"
"160.9130","0.3643","0.1732"
"160.9330","0.3644","0.1744"
"160.9530","0.3646","0.1755"
"160.9730","0.3647","0.1767"
"160.9930","0.3649","0.1779"
"161.0130","0.3650","0.1793"
"161.0330","0.3652","0.1805"
"161.0530","0.3653","0.1818"
"161.0730","0.3655","0.1832"
"161.0930","0.3657","0.1846"
"161.1130","0.3658","0.1859"
"161.1330","0.3660","0.1872"
"161.1530","0.3661","0.1885"
"161.1730","0.3663","0.1899"
"161.1930","0.3664","0.1911"
"161.2130","0.3666","0.1924"
"161.2330","0.3668","0.1937"
"161.2530","0.3669","0.1950"
"161.2730","0.3671","0.1962"
"161.2930","0.3672","0.1976"
"161.3130","0.3674","0.1989"
"161.3330","0.3675","0.2001"
"161.3530","0.3677","0.2014"
"161.3730","0.3678","0.2027"
"161.3930","0.3680","0.2040"
"161.4130","0.3681","0.2052"
"161.4330","0.3682","0.2065"
"161.4530","0.3684","0.2077"
"161.4730","0.3685","0.2088"
"161.4930","0.3687","0.2100"
"161.5130","0.3688","0.2112"
"161.5330","0.3689","0.2122"
"161.5530","0.3690","0.2134"
"161.5730","0.3692","0.2145"
"161.5930","0.3693","0.2155"
"161.6130","0.3694","0.2165"
"161.6330","0.3695","0.2174"
"161.6530","0.3696","0.2183"
"161.6730","0.3697","0.2194"
"161.6930","0.3699","0.2203"
"161.7130","0.3700","0.2212"
"161.7330","0.3701","0.2221"
"161.7530","0.3702","0.2231"
"161.7730","0.3703","0.2239"
"161.7930","0.3704","0.2248"
"161.8130","0.3705","0.2257"
"161.8330","0.3706","0.2267"
"161.8530","0.3707","0.2277"
"161.8730","0.3708","0.2287"
"161.8930","0.3709","0.2297"
"161.9130","0.3710","0.2307"
"161.9330","0.3711","0.2317"
"161.9530","0.3712","0.2327"
"161.9730","0.3713","0.2337"
"161.9930","0.3715","0.2348"
"162.0130","0.3716","0.2358"
"162.0330","0.3717","0.2369"
"162.0530","0.3718","0.2379"
"162.0730","0.3719","0.2390"
"162.0930","0.3720","0.2402"
"162.1130","0.3721","0.2413"
"162.1330","0.3722","0.2423"
"162.1530","0.3724","0.2433"
"162.1730","0.3725","0.2445"
"162.1930","0.3726","0.2456"
"162.2130","0.3727","0.2467"
"162.2330","0.3728","0.2478"
"162.2530","0.3729","0.2489"
"162.2730","0.3730","0.2499"
"162.2930","0.3731","0.2509"
"162.3130","0.3732","0.2519"
"162.3330","0.3733","0.2528"
"162.3530","0.3734","0.2538"
"162.3730","0.3735","0.2549"
"162.3930","0.3736","0.2559"
"162.4130","0.3737","0.2568"
"162.4330","0.3739","0.2577"
"162.4530","0.3740","0.2588"
"162.4730","0.3741","0.2598"
"162.4930","0.3742","0.2608"
"162.5130","0.3743","0.2618"
"162.5330","0.3744","0.2629"
"162.5530","0.3745","0.2640"
"162.5730","0.3746","0.2651"
"162.5930","0.3747","0.2662"
"162.6130","0.3748","0.2675"
"162.6330","0.3749","0.2686"
"162.6530","0.3750","0.2698"
"162.6730","0.3751","0.2710"
"162.6930","0.3753","0.2722"
"162.7130","0.3754","0.2733"
"162.7330","0.3755","0.2744"
"162.7530","0.3756","0.2755"
"162.7730","0.3757","0.2767"
"162.7930","0.3758","0.2777"
"162.8130","0.3759","0.2787"
"162.8330","0.3760","0.2798"
"162.8530","0.3761","0.2807"
"162.8730","0.3762","0.2818"
"162.8930","0.3763","0.2828"
"162.9130","0.3764","0.2838"
"162.9330","0.3765","0.2847"
"162.9530","0.3766","0.2857"
"162.9730","0.3767","0.2869"
"162.9930","0.3768","0.2879"
"163.0130","0.3769","0.2888"
"163.0330","0.3770","0.2898"
"163.0530","0.3771","0.2908"
"163.0730","0.3772","0.2919"
"163.0930","0.3772","0.2929"
"163.1130","0.3773","0.2938"
"163.1330","0.3774","0.2950"
"163.1530","0.3775","0.2960"
"163.1730","0.3776","0.2971"
"163.1930","0.3777","0.2981"
"163.2130","0.3778","0.2991"
"163.2330","0.3779","0.3001"
"163.2530","0.3780","0.3010"
"163.2730","0.3781","0.3020"
"163.2930","0.3782","0.3030"
"163.3130","0.3783","0.3040"
"163.3330","0.3784","0.3050"
"163.3530","0.3785","0.3059"
"163.3730","0.3786","0.3070"
"163.3930","0.3786","0.3080"
"163.4130","0.3787","0.3089"
"163.4330","0.3788","0.3098"
"163.4530","0.3789","0.3109"
"163.4730","0.3790","0.3118"
"163.4930","0.3791","0.3127"
"163.5130","0.3792","0.3136"
"163.5330","0.3792","0.3145"
"163.5530","0.3793","0.3154"
"163.5730","0.3794","0.3163"
"163.5930","0.3795","0.3171"
"163.6130","0.3796","0.3181"
"163.6330","0.3796","0.3189"
"163.6530","0.3797","0.3197"
"163.6730","0.3798","0.3206"
"163.6930","0.3799","0.3215"
"163.7130","0.3800","0.3223"
"163.7330","0.3800","0.3232"
"163.7530","0.3801","0.3241"
"163.7730","0.3802","0.3249"
"163.7930","0.3803","0.3258"
"163.8130","0.3804","0.3268"
"163.8330","0.3804","0.3277"
"163.8530","0.3805","0.3287"
"163.8730","0.3806","0.3296"
"163.8930","0.3807","0.3305"
"163.9130","0.3808","0.3315"
"163.9330","0.3808","0.3326"
"163.9530","0.3809","0.3336"
"163.9730","0.3810","0.3346"
"163.9930","0.3811","0.3356"
"164.0130","0.3812","0.3367"
"164.0330","0.3813","0.3378"
"164.0530","0.3814","0.3389"
"164.0730","0.3815","0.3400"
"164.0930","0.3816","0.3412"
"164.1130","0.3816","0.3423"
"164.1330","0.3817","0.3435"
"164.1530","0.3818","0.3445"
"164.1730","0.3819","0.3457"
"164.1930","0.3820","0.3468"
"164.2130","0.3821","0.3480"
"164.2330","0.3822","0.3490"
"164.2530","0.3823","0.3500"
"164.2730","0.3824","0.3512"
"164.2930","0.3825","0.3523"
"164.3130","0.3826","0.3535"
"164.3330","0.3827","0.3546"
"164.3530","0.3827","0.3556"
"164.3730","0.3828","0.3567"
"164.3930","0.3829","0.3577"
"164.4130","0.3830","0.3587"
"164.4330","0.3831","0.3597"
"164.4530","0.3832","0.3607"
"164.4730","0.3832","0.3616"
"164.4930","0.3833","0.3626"
"164.5130","0.3834","0.3635"
"164.5330","0.3835","0.3645"
"164.5530","0.3836","0.3655"
"164.5730","0.3836","0.3664"
"164.5930","0.3837","0.3674"
"164.6130","0.3838","0.3682"
"164.6330","0.3839","0.3692"
"164.6530","0.3839","0.3701"
"164.6730","0.3840","0.3711"
"164.6930","0.3841","0.3720"
"164.7130","0.3842","0.3729"
"164.7330","0.3843","0.3740"
"164.7530","0.3843","0.3749"
"164.7730","0.3844","0.3760"
"164.7930","0.3845","0.3771"
"164.8130","0.3846","0.3780"
"164.8330","0.3847","0.3790"
"164.8530","0.3847","0.3801"
"164.8730","0.3848","0.3812"
"164.8930","0.3849","0.3822"
"164.9130","0.3850","0.3833"
"164.9330","0.3851","0.3844"
"164.9530","0.3851","0.3854"
"164.9730","0.3852","0.3865"
"164.9930","0.3853","0.3874"
"165.0130","0.3854","0.3885"
"165.0330","0.3855","0.3896"
"165.0530","0.3856","0.3906"
"165.0730","0.3856","0.3916"
"165.0930","0.3857","0.3927"
"165.1130","0.3858","0.3936"
"165.1330","0.3859","0.3945"
"165.1530","0.3859","0.3956"
"165.1730","0.3860","0.3966"
"165.1930","0.3861","0.3976"
"165.2130","0.3862","0.3985"
"165.2330","0.3862","0.3994"
"165.2530","0.3863","0.4004"
"165.2730","0.3864","0.4014"
"165.2930","0.3865","0.4023"
"165.3130","0.3865","0.4033"
"165.3330","0.3866","0.4042"
"165.3530","0.3867","0.4051"
"165.3730","0.3868","0.4061"
"165.3930","0.3868","0.4071"
"165.4130","0.3869","0.4081"
"165.4330","0.3870","0.4090"
"165.4530","0.3871","0.4100"
"165.4730","0.3871","0.4111"
"165.4930","0.3872","0.4120"
"165.5130","0.3873","0.4129"
"165.5330","0.3874","0.4139"
"165.5530","0.3874","0.4149"
"165.5730","0.3875","0.4160"
"165.5930","0.3876","0.4171"
"165.6130","0.3877","0.4180"
"165.6330","0.3877","0.4190"
"165.6530","0.3878","0.4200"
"165.6730","0.3879","0.4210"
"165.6930","0.3880","0.4220"
"165.7130","0.3880","0.4230"
"165.7330","0.3881","0.4239"
"165.7530","0.3882","0.4249"
"165.7730","0.3882","0.4258"
"165.7930","0.3883","0.4268"
"165.8130","0.3884","0.4278"
"165.8330","0.3885","0.4288"
"165.8530","0.3885","0.4298"
"165.8730","0.3886","0.4306"
"165.8930","0.3887","0.4316"
"165.9130","0.3887","0.4325"
"165.9330","0.3888","0.4334"
"165.9530","0.3889","0.4344"
"165.9730","0.3890","0.4354"
"165.9930","0.3890","0.4363"
"166.0130","0.3891","0.4373"
"166.0330","0.3892","0.4382"
"166.0530","0.3892","0.4391"
"166.0730","0.3893","0.4400"
"166.0930","0.3894","0.4409"
"166.1130","0.3894","0.4419"
"166.1330","0.3895","0.4428"
"166.1530","0.3896","0.4437"
"166.1730","0.3896","0.4446"
"166.1930","0.3897","0.4455"
"166.2130","0.3898","0.4465"
"166.2330","0.3898","0.4473"
"166.2530","0.3899","0.4482"
"166.2730","0.3900","0.4491"
"166.2930","0.3900","0.4501"
"166.3130","0.3901","0.4509"
"166.3330","0.3902","0.4518"
"166.3530","0.3902","0.4528"
"166.3730","0.3903","0.4538"
"166.3930","0.3904","0.4547"
"166.4130","0.3904","0.4556"
"166.4330","0.3905","0.4565"
"166.4530","0.3906","0.4575"
"166.4730","0.3906","0.4584"
"166.4930","0.3907","0.4593"
"166.5130","0.3908","0.4604"
"166.5330","0.3908","0.4614"
"166.5530","0.3909","0.4624"
"166.5730","0.3910","0.4634"
"166.5930","0.3911","0.4644"
"166.6130","0.3911","0.4653"
"166.6330","0.3912","0.4663"
"166.6530","0.3913","0.4674"
"166.6730","0.3913","0.4684"
"166.6930","0.3914","0.4694"
"166.7130","0.3915","0.4704"
"166.7330","0.3916","0.4715"
"166.7530","0.3916","0.4725"
"166.7730","0.3917","0.4736"
"166.7930","0.3918","0.4746"
"166.8130","0.3918","0.4756"
"166.8330","0.3919","0.4767"
"166.8530","0.3920","0.4777"
"166.8730","0.3921","0.4788"
"166.8930","0.3921","0.4798"
"166.9130","0.3922","0.4808"
"166.9330","0.3923","0.4819"
"166.9530","0.3923","0.4829"
"166.9730","0.3924","0.4839"
"166.9930","0.3925","0.4849"
"167.0130","0.3925","0.4860"
"167.0330","0.3926","0.4870"
"167.0530","0.3927","0.4882"
"167.0730","0.3928","0.4891"
"167.0930","0.3928","0.4901"
"167.1130","0.3929","0.4911"
"167.1330","0.3930","0.4921"
"167.1530","0.3930","0.4931"
"167.1730","0.3931","0.4941"
"167.1930","0.3932","0.4951"
"167.2130","0.3932","0.4961"
"167.2330","0.3933","0.4970"
"167.2530","0.3934","0.4980"
"167.2730","0.3934","0.4989"
"167.2930","0.3935","0.4999"
"167.3130","0.3936","0.5009"
"167.3330","0.3936","0.5018"
"167.3530","0.3937","0.5028"
"167.3730","0.3938","0.5037"
"167.3930","0.3938","0.5047"
"167.4130","0.3939","0.5057"
"167.4330","0.3940","0.5066"
"167.4530","0.3940","0.5076"
"167.4730","0.3941","0.5086"
"167.4930","0.3942","0.5096"
"167.5130","0.3942","0.5106"
"167.5330","0.3943","0.5116"
"167.5530","0.3944","0.5126"
"167.5730","0.3944","0.5136"
"167.5930","0.3945","0.5147"
"167.6130","0.3946","0.5157"
"167.6330","0.3946","0.5168"
"167.6530","0.3947","0.5179"
"167.6730","0.3948","0.5191"
"167.6930","0.3948","0.5202"
"167.7130","0.3949","0.5213"
"167.7330","0.3950","0.5224"
"167.7530","0.3951","0.5235"
"167.7730","0.3951","0.5246"
"167.7930","0.3952","0.5257"
"167.8130","0.3953","0.5269"
"167.8330","0.3953","0.5279"
"167.8530","0.3954","0.5290"
"167.8730","0.3955","0.5302"
"167.8930","0.3956","0.5312"
"167.9130","0.3956","0.5322"
"167.9330","0.3957","0.5333"
"167.9530","0.3958","0.5343"
"167.9730","0.3958","0.5353"
"167.9930","0.3959","0.5364"
"168.0130","0.3960","0.5374"
"168.0330","0.3960","0.5384"
"168.0530","0.3961","0.5394"
"168.0730","0.3962","0.5404"
"168.0930","0.3962","0.5414"
"168.1130","0.3963","0.5424"
"168.1330","0.3964","0.5434"
"168.1530","0.3964","0.5445"
"168.1730","0.3965","0.5455"
"168.1930","0.3966","0.5465"
"168.2130","0.3966","0.5475"
"168.2330","0.3967","0.5485"
"168.2530","0.3967","0.5494"
"168.2730","0.3968","0.5505"
"168.2930","0.3969","0.5515"
"168.3130","0.3969","0.5526"
"168.3330","0.3970","0.5535"
"168.3530","0.3971","0.5545"
"168.3730","0.3971","0.5555"
"168.3930","0.3972","0.5566"
"168.4130","0.3973","0.5576"
"168.4330","0.3973","0.5587"
"168.4530","0.3974","0.5597"
"168.4730","0.3975","0.5608"
"168.4930","0.3975","0.5618"
"168.5130","0.3976","0.5628"
"168.5330","0.3977","0.5638"
"168.5530","0.3977","0.5649"
"168.5730","0.3978","0.5659"
"168.5930","0.3979","0.5669"
"168.6130","0.3979","0.5680"
"168.6330","0.3980","0.5690"
"168.6530","0.3980","0.5700"
"168.6730","0.3981","0.5711"
"168.6930","0.3982","0.5720"
"168.7130","0.3982","0.5730"
"168.7330","0.3983","0.5740"
"168.7530","0.3984","0.5750"
"168.7730","0.3984","0.5760"
"168.7930","0.3985","0.5770"
"168.8130","0.3986","0.5780"
"168.8330","0.3986","0.5790"
"168.8530","0.3987","0.5800"
"168.8730","0.3987","0.5810"
"168.8930","0.3988","0.5820"
"168.9130","0.3989","0.5830"
"168.9330","0.3989","0.5839"
"168.9530","0.3990","0.5849"
"168.9730","0.3990","0.5858"
"168.9930","0.3991","0.5868"
"169.0130","0.3992","0.5877"
"169.0330","0.3992","0.5887"
"169.0530","0.3993","0.5896"
"169.0730","0.3994","0.5906"
"169.0930","0.3994","0.5915"
"169.1130","0.3995","0.5924"
"169.1330","0.3995","0.5933"
"169.1530","0.3996","0.5943"
"169.1730","0.3996","0.5952"
"169.1930","0.3997","0.5960"
"169.2130","0.3998","0.5970"
"169.2330","0.3998","0.5980"
"169.2530","0.3999","0.5989"
"169.2730","0.3999","0.5997"
"169.2930","0.4000","0.6006"
"169.3130","0.4000","0.6015"
"169.3330","0.4001","0.6024"
"169.3530","0.4001","0.6033"
"169.3730","0.4002","0.6041"
"169.3930","0.4003","0.6051"
"169.4130","0.4003","0.6060"
"169.4330","0.4004","0.6069"
"169.4530","0.4004","0.6079"
"169.4730","0.4005","0.6088"
"169.4930","0.4005","0.6098"
"169.5130","0.4006","0.6106"
"169.5330","0.4007","0.6115"
"169.5530","0.4007","0.6125"
"169.5730","0.4008","0.6134"
"169.5930","0.4008","0.6144"
"169.6130","0.4009","0.6155"
"169.6330","0.4010","0.6164"
"169.6530","0.4010","0.6173"
"169.6730","0.4011","0.6184"
"169.6930","0.4011","0.6195"
"169.7130","0.4012","0.6205"
"169.7330","0.4013","0.6215"
"169.7530","0.4013","0.6225"
"169.7730","0.4014","0.6235"
"169.7930","0.4015","0.6246"
"169.8130","0.4015","0.6257"
"169.8330","0.4016","0.6268"
"169.8530","0.4016","0.6279"
"169.8730","0.4017","0.6289"
"169.8930","0.4018","0.6299"
"169.9130","0.4018","0.6311"
"169.9330","0.4019","0.6321"
"169.9530","0.4020","0.6331"
"169.9730","0.4020","0.6343"
"169.9930","0.4021","0.6354"
"170.0130","0.4021","0.6365"
"170.0330","0.4022","0.6375"
"170.0530","0.4023","0.6386"
"170.0730","0.4023","0.6396"
"170.0930","0.4024","0.6406"
"170.1130","0.4025","0.6416"
"170.1330","0.4025","0.6428"
"170.1530","0.4026","0.6438"
"170.1730","0.4026","0.6448"
"170.1930","0.4027","0.6458"
"170.2130","0.4028","0.6469"
"170.2330","0.4028","0.6479"
"170.2530","0.4029","0.6490"
"170.2730","0.4030","0.6500"
"170.2930","0.4030","0.6509"
"170.3130","0.4031","0.6520"
"170.3330","0.4031","0.6529"
"170.3530","0.4032","0.6539"
"170.3730","0.4032","0.6548"
"170.3930","0.4033","0.6558"
"170.4130","0.4034","0.6568"
"170.4330","0.4034","0.6577"
"170.4530","0.4035","0.6586"
"170.4730","0.4035","0.6596"
"170.4930","0.4036","0.6606"
"170.5130","0.4036","0.6615"
"170.5330","0.4037","0.6624"
"170.5530","0.4038","0.6633"
"170.5730","0.4038","0.6643"
"170.5930","0.4039","0.6652"
"170.6130","0.4039","0.6662"
"170.6330","0.4040","0.6671"
"170.6530","0.4041","0.6681"
"170.6730","0.4041","0.6691"
"170.6930","0.4042","0.6700"
"170.7130","0.4042","0.6711"
"170.7330","0.4043","0.6720"
"170.7530","0.4043","0.6730"
"170.7730","0.4044","0.6740"
"170.7930","0.4045","0.6750"
"170.8130","0.4045","0.6760"
"170.8330","0.4046","0.6770"
"170.8530","0.4046","0.6781"
"170.8730","0.4047","0.6792"
"170.8930","0.4048","0.6801"
"170.9130","0.4048","0.6812"
"170.9330","0.4049","0.6823"
"170.9530","0.4049","0.6833"
"170.9730","0.4050","0.6845"
"170.9930","0.4051","0.6856"
"171.0130","0.4051","0.6866"
"171.0330","0.4052","0.6877"
"171.0530","0.4053","0.6888"
"171.0730","0.4053","0.6898"
"171.0930","0.4054","0.6909"
"171.1130","0.4054","0.6920"
"171.1330","0.4055","0.6931"
"171.1530","0.4056","0.6941"
"171.1730","0.4056","0.6951"
"171.1930","0.4057","0.6962"
"171.2130","0.4057","0.6972"
"171.2330","0.4058","0.6982"
"171.2530","0.4059","0.6992"
"171.2730","0.4059","0.7003"
"171.2930","0.4060","0.7013"
"171.3130","0.4060","0.7023"
"171.3330","0.4061","0.7032"
"171.3530","0.4062","0.7042"
"171.3730","0.4062","0.7052"
"171.3930","0.4063","0.7062"
"171.4130","0.4063","0.7070"
"171.4330","0.4064","0.7081"
"171.4530","0.4065","0.7090"
"171.4730","0.4065","0.7101"
"171.4930","0.4066","0.7110"
"171.5130","0.4066","0.7121"
"171.5330","0.4067","0.7129"
"171.5530","0.4067","0.7138"
"171.5730","0.4068","0.7148"
"171.5930","0.4069","0.7158"
"171.6130","0.4069","0.7167"
"171.6330","0.4070","0.7177"
"171.6530","0.4070","0.7187"
"171.6730","0.4071","0.7197"
"171.6930","0.4071","0.7207"
"171.7130","0.4072","0.7217"
"171.7330","0.4073","0.7226"
"171.7530","0.4073","0.7236"
"171.7730","0.4074","0.7246"
"171.7930","0.4074","0.7257"
"171.8130","0.4075","0.7267"
"171.8330","0.4075","0.7276"
"171.8530","0.4076","0.7286"
"171.8730","0.4077","0.7296"
"171.8930","0.4077","0.7305"
"171.9130","0.4078","0.7314"
"171.9330","0.4078","0.7325"
"171.9530","0.4079","0.7335"
"171.9730","0.4080","0.7345"
"171.9930","0.4080","0.7355"
"172.0130","0.4081","0.7365"
"172.0330","0.4081","0.7374"
"172.0530","0.4082","0.7384"
"172.0730","0.4083","0.7394"
"172.0930","0.4083","0.7403"
"172.1130","0.4084","0.7412"
"172.1330","0.4084","0.7423"
"172.1530","0.4085","0.7432"
"172.1730","0.4085","0.7442"
"172.1930","0.4086","0.7452"
"172.2130","0.4087","0.7462"
"172.2330","0.4087","0.7470"
"172.2530","0.4088","0.7479"
"172.2730","0.4088","0.7489"
"172.2930","0.4089","0.7499"
"172.3130","0.4089","0.7509"
"172.3330","0.4090","0.7518"
"172.3530","0.4091","0.7526"
"172.3730","0.4091","0.7535"
"172.3930","0.4092","0.7546"
"172.4130","0.4092","0.7555"
"172.4330","0.4093","0.7565"
"172.4530","0.4093","0.7573"
"172.4730","0.4094","0.7582"
"172.4930","0.4095","0.7592"
"172.5130","0.4095","0.7601"
"172.5330","0.4096","0.7610"
"172.5530","0.4096","0.7620"
"172.5730","0.4097","0.7629"
"172.5930","0.4097","0.7638"
"172.6130","0.4098","0.7646"
"172.6330","0.4099","0.7655"
"172.6530","0.4099","0.7665"
"172.6730","0.4100","0.7674"
"172.6930","0.4100","0.7683"
"172.7130","0.4101","0.7693"
"172.7330","0.4102","0.7702"
"172.7530","0.4102","0.7711"
"172.7730","0.4103","0.7720"
"172.7930","0.4103","0.7730"
"172.8130","0.4104","0.7740"
"172.8330","0.4104","0.7750"
"172.8530","0.4105","0.7760"
"172.8730","0.4106","0.7768"
"172.8930","0.4106","0.7779"
"172.9130","0.4107","0.7789"
"172.9330","0.4108","0.7799"
"172.9530","0.4108","0.7810"
"172.9730","0.4109","0.7819"
"172.9930","0.4109","0.7829"
"173.0130","0.4110","0.7840"
"173.0330","0.4111","0.7851"
"173.0530","0.4111","0.7861"
"173.0730","0.4112","0.7870"
"173.0930","0.4113","0.7882"
"173.1130","0.4113","0.7893"
"173.1330","0.4114","0.7903"
"173.1530","0.4115","0.7914"
"173.1730","0.4115","0.7925"
"173.1930","0.4116","0.7936"
"173.2130","0.4117","0.7947"
"173.2330","0.4117","0.7958"
"173.2530","0.4118","0.7969"
"173.2730","0.4119","0.7980"
"173.2930","0.4119","0.7991"
"173.3100","0.4120","0.8000"
"173.3110","0.4120","0.8001"
"173.3120","0.4120","0.8002"
"173.3320","0.4121","0.8012"
"173.3520","0.4121","0.8018"
"173.3720","0.4122","0.8019"
"173.3920","0.4122","0.8015"
"173.4120","0.4122","0.8009"
"173.4320","0.4122","0.8004"
"173.4520","0.4122","0.7998"
"173.4720","0.4122","0.7992"
"173.4920","0.4122","0.7986"
"173.5120","0.4122","0.7980"
"173.5320","0.4122","0.7975"
"173.5520","0.4122","0.7970"
"173.5720","0.4122","0.7965"
"173.5920","0.4122","0.7959"
"173.6120","0.4122","0.7953"
"173.6320","0.4122","0.7947"
"173.6520","0.4121","0.7941"
"173.6720","0.4121","0.7936"
"173.6920","0.4121","0.7930"
"173.7120","0.4121","0.7924"
"173.7320","0.4121","0.7919"
"173.7520","0.4121","0.7914"
"173.7720","0.4121","0.7909"
"173.7920","0.4121","0.7904"
"173.8120","0.4121","0.7898"
"173.8320","0.4121","0.7893"
"173.8520","0.4121","0.7888"
"173.8720","0.4120","0.7882"
"173.8920","0.4120","0.7877"
"173.9120","0.4120","0.7871"
"173.9320","0.4120","0.7865"
"173.9520","0.4120","0.7859"
"173.9720","0.4120","0.7853"
"173.9920","0.4120","0.7847"
"174.0120","0.4119","0.7842"
"174.0320","0.4119","0.7835"
"174.0520","0.4119","0.7829"
"174.0720","0.4119","0.7823"
"174.0920","0.4119","0.7816"
"174.1120","0.4119","0.7809"
"174.1320","0.4118","0.7803"
"174.1520","0.4118","0.7796"
"174.1720","0.4118","0.7790"
"174.1920","0.4118","0.7783"
"174.2120","0.4117","0.7776"
"174.2320","0.4117","0.7767"
"174.2520","0.4117","0.7761"
"174.2720","0.4117","0.7753"
"174.2920","0.4117","0.7746"
"174.3120","0.4116","0.7738"
"174.3320","0.4116","0.7731"
"174.3520","0.4116","0.7723"
"174.3720","0.4116","0.7715"
"174.3920","0.4115","0.7707"
"174.4120","0.4115","0.7698"
"174.4320","0.4115","0.7690"
"174.4520","0.4115","0.7682"
"174.4720","0.4114","0.7674"
"174.4920","0.4114","0.7666"
"174.5120","0.4114","0.7657"
"174.5320","0.4113","0.7649"
"174.5520","0.4113","0.7641"
"174.5720","0.4113","0.7632"
"174.5920","0.4112","0.7623"
"174.6120","0.4112","0.7614"
"174.6320","0.4112","0.7604"
"174.6520","0.4112","0.7595"
"174.6720","0.4111","0.7586"
"174.6920","0.4111","0.7578"
"174.7120","0.4111","0.7571"
"174.7320","0.4110","0.7561"
"174.7520","0.4110","0.7551"
"174.7720","0.4110","0.7540"
"174.7920","0.4109","0.7530"
"174.8120","0.4109","0.7522"
"174.8320","0.4109","0.7512"
"174.8520","0.4108","0.7502"
"174.8720","0.4108","0.7492"
"174.8920","0.4108","0.7482"
"174.9120","0.4107","0.7473"
"174.9320","0.4107","0.7463"
"174.9520","0.4107","0.7453"
"174.9720","0.4106","0.7443"
"174.9920","0.4106","0.7433"
"175.0120","0.4105","0.7423"
"175.0320","0.4105","0.7412"
"175.0520","0.4105","0.7402"
"175.0720","0.4104","0.7392"
"175.0920","0.4104","0.7382"
"175.1120","0.4104","0.7372"
"175.1320","0.4103","0.7361"
"175.1520","0.4103","0.7351"
"175.1720","0.4103","0.7341"
"175.1920","0.4102","0.7331"
"175.2120","0.4102","0.7320"
"175.2320","0.4101","0.7310"
"175.2520","0.4101","0.7300"
"175.2720","0.4101","0.7290"
"175.2920","0.4100","0.7279"
"175.3120","0.4100","0.7268"
"175.3320","0.4099","0.7258"
"175.3520","0.4099","0.7248"
"175.3720","0.4099","0.7237"
"175.3920","0.4098","0.7227"
"175.4120","0.4098","0.7215"
"175.4320","0.4097","0.7205"
"175.4520","0.4097","0.7195"
"175.4720","0.4097","0.7185"
"175.4920","0.4096","0.7173"
"175.5120","0.4096","0.7163"
"175.5320","0.4096","0.7153"
"175.5520","0.4095","0.7142"
"175.5720","0.4095","0.7131"
"175.5920","0.4094","0.7120"
"175.6120","0.4094","0.7109"
"175.6320","0.4094","0.7099"
"175.6520","0.4093","0.7087"
"175.6720","0.4093","0.7077"
"175.6920","0.4092","0.7065"
"175.7120","0.4092","0.7055"
"175.7320","0.4091","0.7045"
"175.7520","0.4091","0.7033"
"175.7720","0.4091","0.7021"
"175.7920","0.4090","0.7010"
"175.8120","0.4090","0.7000"
"175.8320","0.4089","0.6988"
"175.8520","0.4089","0.6976"
"175.8720","0.4088","0.6965"
"175.8920","0.4088","0.6955"
"175.9120","0.4088","0.6944"
"175.9320","0.4087","0.6932"
"175.9520","0.4087","0.6921"
"175.9720","0.4086","0.6909"
"175.9920","0.4086","0.6898"
"176.0120","0.4085","0.6887"
"176.0320","0.4085","0.6876"
"176.0520","0.4085","0.6863"
"176.0720","0.4084","0.6853"
"176.0920","0.4084","0.6842"
"176.1120","0.4083","0.6830"
"176.1320","0.4083","0.6818"
"176.1520","0.4082","0.6807"
"176.1720","0.4082","0.6795"
"176.1920","0.4081","0.6784"
"176.2120","0.4081","0.6772"
"176.2320","0.4080","0.6760"
"176.2520","0.4080","0.6748"
"176.2720","0.4080","0.6736"
"176.2920","0.4079","0.6724"
"176.3120","0.4079","0.6712"
"176.3320","0.4078","0.6700"
"176.3520","0.4078","0.6689"
"176.3720","0.4077","0.6676"
"176.3920","0.4077","0.6663"
"176.4120","0.4076","0.6652"
"176.4320","0.4076","0.6639"
"176.4520","0.4075","0.6627"
"176.4720","0.4075","0.6615"
"176.4920","0.4074","0.6603"
"176.5120","0.4074","0.6591"
"176.5320","0.4073","0.6579"
"176.5520","0.4073","0.6567"
"176.5720","0.4072","0.6555"
"176.5920","0.4072","0.6542"
"176.6120","0.4071","0.6530"
"176.6320","0.4071","0.6518"
"176.6520","0.4070","0.6507"
"176.6720","0.4070","0.6494"
"176.6920","0.4069","0.6482"
"176.7120","0.4069","0.6470"
"176.7320","0.4069","0.6458"
"176.7520","0.4068","0.6447"
"176.7720","0.4068","0.6435"
"176.7920","0.4067","0.6424"
"176.8120","0.4067","0.6412"
"176.8320","0.4066","0.6401"
"176.8520","0.4066","0.6389"
"176.8720","0.4065","0.6376"
"176.8920","0.4065","0.6365"
"176.9120","0.4064","0.6354"
"176.9320","0.4064","0.6343"
"176.9520","0.4063","0.6332"
"176.9720","0.4063","0.6321"
"176.9920","0.4062","0.6309"
"177.0120","0.4062","0.6298"
"177.0320","0.4061","0.6286"
"177.0520","0.4061","0.6275"
"177.0720","0.4060","0.6263"
"177.0920","0.4060","0.6252"
"177.1120","0.4060","0.6241"
"177.1320","0.4059","0.6230"
"177.1520","0.4059","0.6219"
"177.1720","0.4058","0.6208"
"177.1920","0.4058","0.6196"
"177.2120","0.4057","0.6185"
"177.2320","0.4057","0.6174"
"177.2520","0.4056","0.6162"
"177.2720","0.4056","0.6150"
"177.2920","0.4055","0.6138"
"177.3120","0.4055","0.6127"
"177.3320","0.4054","0.6115"
"177.3520","0.4054","0.6104"
"177.3720","0.4053","0.6092"
"177.3920","0.4053","0.6081"
"177.4120","0.4052","0.6069"
"177.4320","0.4052","0.6058"
"177.4520","0.4051","0.6046"
"177.4720","0.4051","0.6034"
"177.4920","0.4050","0.6023"
"177.5120","0.4050","0.6011"
"177.5320","0.4049","0.5999"
"177.5520","0.4049","0.5987"
"177.5720","0.4048","0.5975"
"177.5920","0.4048","0.5963"
"177.6120","0.4047","0.5952"
"177.6320","0.4047","0.5941"
"177.6520","0.4046","0.5929"
"177.6720","0.4046","0.5917"
"177.6920","0.4045","0.5906"
"177.7120","0.4045","0.5894"
"177.7320","0.4044","0.5883"
"177.7520","0.4044","0.5872"
"177.7720","0.4043","0.5860"
"177.7920","0.4043","0.5849"
"177.8120","0.4042","0.5838"
"177.8320","0.4042","0.5827"
"177.8520","0.4041","0.5816"
"177.8720","0.4041","0.5804"
"177.8920","0.4040","0.5793"
"177.9120","0.4040","0.5782"
"177.9320","0.4039","0.5772"
"177.9520","0.4039","0.5761"
"177.9720","0.4038","0.5750"
"177.9920","0.4038","0.5739"
"178.0120","0.4037","0.5728"
"178.0320","0.4037","0.5718"
"178.0520","0.4036","0.5707"
"178.0720","0.4036","0.5696"
"178.0920","0.4035","0.5686"
"178.1120","0.4035","0.5675"
"178.1320","0.4035","0.5665"
"178.1520","0.4034","0.5654"
"178.1720","0.4034","0.5643"
"178.1920","0.4033","0.5632"
"178.2120","0.4033","0.5622"
"178.2320","0.4032","0.5612"
"178.2520","0.4032","0.5601"
"178.2720","0.4031","0.5590"
"178.2920","0.4031","0.5580"
"178.3120","0.4030","0.5569"
"178.3320","0.4030","0.5558"
"178.3520","0.4029","0.5548"
"178.3720","0.4029","0.5538"
"178.3920","0.4028","0.5527"
"178.4120","0.4028","0.5515"
"178.4320","0.4027","0.5505"
"178.4520","0.4027","0.5495"
"178.4720","0.4026","0.5485"
"178.4920","0.4026","0.5474"
"178.5120","0.4025","0.5463"
"178.5320","0.4025","0.5451"
"178.5520","0.4024","0.5441"
"178.5720","0.4024","0.5431"
"178.5920","0.4023","0.5419"
"178.6120","0.4023","0.5408"
"178.6320","0.4022","0.5398"
"178.6520","0.4022","0.5387"
"178.6720","0.4021","0.5377"
"178.6920","0.4021","0.5366"
"178.7120","0.4020","0.5355"
"178.7320","0.4020","0.5344"
"178.7520","0.4019","0.5333"
"178.7720","0.4019","0.5323"
"178.7920","0.4018","0.5311"
"178.8120","0.4018","0.5301"
"178.8320","0.4017","0.5290"
"178.8520","0.4017","0.5280"
"178.8720","0.4016","0.5269"
"178.8920","0.4016","0.5258"
"178.9120","0.4015","0.5248"
"178.9320","0.4015","0.5237"
"178.9520","0.4014","0.5228"
"178.9720","0.4014","0.5217"
"178.9920","0.4013","0.5206"
"179.0120","0.4013","0.5196"
"179.0320","0.4012","0.5186"
"179.0520","0.4012","0.5175"
"179.0720","0.4011","0.5165"
"179.0920","0.4011","0.5155"
"179.1120","0.4010","0.5145"
"179.1320","0.4010","0.5134"
"179.1520","0.4009","0.5124"
"179.1720","0.4009","0.5115"
"179.1920","0.4008","0.5104"
"179.2120","0.4008","0.5094"
"179.2320","0.4007","0.5084"
"179.2520","0.4007","0.5074"
"179.2720","0.4006","0.5065"
"179.2920","0.4006","0.5054"
"179.3120","0.4005","0.5044"
"179.3320","0.4005","0.5034"
"179.3520","0.4004","0.5024"
"179.3720","0.4004","0.5015"
"179.3920","0.4003","0.5005"
"179.4120","0.4003","0.4995"
"179.4320","0.4002","0.4985"
"179.4520","0.4002","0.4976"
"179.4720","0.4001","0.4966"
"179.4920","0.4001","0.4956"
"179.5120","0.4000","0.4947"
"179.5320","0.4000","0.4937"
"179.5520","0.3999","0.4927"
"179.5720","0.3999","0.4918"
"179.5920","0.3998","0.4909"
"179.6120","0.3998","0.4898"
"179.6320","0.3997","0.4889"
"179.6520","0.3997","0.4880"
"179.6720","0.3996","0.4870"
"179.6920","0.3996","0.4861"
"179.7120","0.3995","0.4851"
"179.7320","0.3995","0.4841"
"179.7520","0.3994","0.4833"
"179.7720","0.3994","0.4823"
"179.7920","0.3993","0.4813"
"179.8120","0.3993","0.4803"
"179.8320","0.3992","0.4793"
"179.8520","0.3992","0.4784"
"179.8720","0.3991","0.4774"
"179.8920","0.3991","0.4764"
"179.9120","0.3990","0.4755"
"179.9320","0.3990","0.4744"
"179.9520","0.3989","0.4733"
"179.9720","0.3989","0.4724"
"179.9920","0.3988","0.4714"
"180.0120","0.3988","0.4704"
"180.0320","0.3987","0.4694"
"180.0520","0.3987","0.4684"
"180.0720","0.3986","0.4674"
"180.0920","0.3985","0.4664"
"180.1120","0.3985","0.4653"
"180.1320","0.3984","0.4643"
"180.1520","0.3984","0.4633"
"180.1720","0.3983","0.4622"
"180.1920","0.3983","0.4611"
"180.2120","0.3982","0.4601"
"180.2320","0.3982","0.4591"
"180.2520","0.3981","0.4580"
"180.2720","0.3981","0.4569"
"180.2920","0.3980","0.4559"
"180.3120","0.3979","0.4548"
"180.3320","0.3979","0.4537"
"180.3520","0.3978","0.4526"
"180.3720","0.3978","0.4516"
"180.3920","0.3977","0.4506"
"180.4120","0.3977","0.4495"
"180.4320","0.3976","0.4484"
"180.4520","0.3975","0.4473"
"180.4720","0.3975","0.4462"
"180.4920","0.3974","0.4451"
"180.5120","0.3974","0.4440"
"180.5320","0.3973","0.4428"
"180.5520","0.3972","0.4418"
"180.5720","0.3972","0.4407"
"180.5920","0.3971","0.4397"
"180.6120","0.3971","0.4386"
"180.6320","0.3970","0.4374"
"180.6520","0.3969","0.4363"
"180.6720","0.3969","0.4353"
"180.6920","0.3968","0.4342"
"180.7120","0.3968","0.4332"
"180.7320","0.3967","0.4321"
"180.7520","0.3966","0.4311"
"180.7720","0.3966","0.4300"
"180.7920","0.3965","0.4290"
"180.8120","0.3965","0.4280"
"180.8320","0.3964","0.4270"
"180.8520","0.3964","0.4261"
"180.8720","0.3963","0.4251"
"180.8920","0.3962","0.4241"
"180.9120","0.3962","0.4231"
"180.9320","0.3961","0.4221"
"180.9520","0.3961","0.4212"
"180.9720","0.3960","0.4202"
"180.9920","0.3960","0.4193"
"181.0120","0.3959","0.4184"
"181.0320","0.3959","0.4174"
"181.0520","0.3958","0.4164"
"181.0720","0.3957","0.4154"
"181.0920","0.3957","0.4145"
"181.1120","0.3956","0.4135"
"181.1320","0.3956","0.4125"
"181.1520","0.3955","0.4114"
"181.1720","0.3955","0.4105"
"181.1920","0.3954","0.4095"
"181.2120","0.3953","0.4085"
"181.2320","0.3953","0.4074"
"181.2520","0.3952","0.4064"
"181.2720","0.3952","0.4054"
"181.2920","0.3951","0.4044"
"181.3120","0.3950","0.4034"
"181.3320","0.3950","0.4023"
"181.3520","0.3949","0.4012"
"181.3720","0.3949","0.4001"
"181.3920","0.3948","0.3990"
"181.4120","0.3947","0.3980"
"181.4320","0.3947","0.3969"
"181.4520","0.3946","0.3959"
"181.4720","0.3945","0.3948"
"181.4920","0.3945","0.3937"
"181.5120","0.3944","0.3927"
"181.5320","0.3943","0.3916"
"181.5520","0.3943","0.3906"
"181.5720","0.3942","0.3896"
"181.5920","0.3942","0.3885"
"181.6120","0.3941","0.3875"
"181.6320","0.3940","0.3865"
"181.6520","0.3940","0.3855"
"181.6720","0.3939","0.3844"
"181.6920","0.3938","0.3834"
"181.7120","0.3938","0.3824"
"181.7320","0.3937","0.3814"
"181.7520","0.3937","0.3805"
"181.7720","0.3936","0.3795"
"181.7920","0.3935","0.3785"
"181.8120","0.3935","0.3775"
"181.8320","0.3934","0.3765"
"181.8520","0.3934","0.3756"
"181.8720","0.3933","0.3746"
"181.8920","0.3932","0.3736"
"181.9120","0.3932","0.3726"
"181.9320","0.3931","0.3717"
"181.9520","0.3931","0.3707"
"181.9720","0.3930","0.3697"
"181.9920","0.3929","0.3687"
"182.0120","0.3929","0.3677"
"182.0320","0.3928","0.3668"
"182.0520","0.3927","0.3659"
"182.0720","0.3927","0.3649"
"182.0920","0.3926","0.3639"
"182.1120","0.3926","0.3630"
"182.1320","0.3925","0.3620"
"182.1520","0.3924","0.3609"
"182.1720","0.3924","0.3600"
"182.1920","0.3923","0.3591"
"182.2120","0.3922","0.3581"
"182.2320","0.3922","0.3571"
"182.2520","0.3921","0.3561"
"182.2720","0.3920","0.3551"
"182.2920","0.3920","0.3541"
"182.3120","0.3919","0.3531"
"182.3320","0.3919","0.3522"
"182.3520","0.3918","0.3512"
"182.3720","0.3917","0.3503"
"182.3920","0.3917","0.3492"
"182.4120","0.3916","0.3482"
"182.4320","0.3915","0.3471"
"182.4520","0.3915","0.3462"
"182.4720","0.3914","0.3452"
"182.4920","0.3913","0.3443"
"182.5120","0.3913","0.3432"
"182.5320","0.3912","0.3422"
"182.5520","0.3911","0.3411"
"182.5720","0.3911","0.3402"
"182.5920","0.3910","0.3391"
"182.6120","0.3909","0.3380"
"182.6320","0.3909","0.3370"
"182.6520","0.3908","0.3360"
"182.6720","0.3907","0.3350"
"182.6920","0.3906","0.3339"
"182.7120","0.3906","0.3330"
"182.7320","0.3905","0.3320"
"182.7520","0.3904","0.3309"
"182.7720","0.3904","0.3299"
"182.7920","0.3903","0.3289"
"182.8120","0.3902","0.3280"
"182.8320","0.3902","0.3270"
"182.8520","0.3901","0.3260"
"182.8720","0.3900","0.3251"
"182.8920","0.3900","0.3242"
"182.9120","0.3899","0.3233"
"182.9320","0.3898","0.3223"
"182.9520","0.3898","0.3215"
"182.9720","0.3897","0.3204"
"182.9920","0.3896","0.3195"
"183.0120","0.3896","0.3186"
"183.0320","0.3895","0.3176"
"183.0520","0.3894","0.3167"
"183.0720","0.3894","0.3157"
"183.0920","0.3893","0.3149"
"183.1120","0.3892","0.3139"
"183.1320","0.3892","0.3129"
"183.1520","0.3891","0.3120"
"183.1720","0.3890","0.3110"
"183.1920","0.3889","0.3101"
"183.2120","0.3889","0.3091"
"183.2320","0.3888","0.3081"
"183.2520","0.3887","0.3072"
"183.2720","0.3887","0.3063"
"183.2920","0.3886","0.3054"
"183.3120","0.3885","0.3044"
"183.3320","0.3884","0.3032"
"183.3520","0.3884","0.3022"
"183.3720","0.3883","0.3012"
"183.3920","0.3882","0.3002"
"183.4120","0.3882","0.2993"
"183.4320","0.3881","0.2982"
"183.4520","0.3880","0.2972"
"183.4720","0.3879","0.2962"
"183.4920","0.3879","0.2952"
"183.5120","0.3878","0.2941"
"183.5320","0.3877","0.2930"
"183.5520","0.3876","0.2920"
"183.5720","0.3875","0.2909"
"183.5920","0.3875","0.2898"
"183.6120","0.3874","0.2887"
"183.6320","0.3873","0.2877"
"183.6520","0.3872","0.2865"
"183.6720","0.3871","0.2854"
"183.6920","0.3870","0.2843"
"183.7120","0.3870","0.2833"
"183.7320","0.3869","0.2822"
"183.7520","0.3868","0.2812"
"183.7720","0.3867","0.2801"
"183.7920","0.3866","0.2791"
"183.8120","0.3866","0.2781"
"183.8320","0.3865","0.2771"
"183.8520","0.3864","0.2761"
"183.8720","0.3863","0.2751"
"183.8920","0.3862","0.2741"
"183.9120","0.3862","0.2732"
"183.9320","0.3861","0.2722"
"183.9520","0.3860","0.2713"
"183.9720","0.3859","0.2703"
"183.9920","0.3859","0.2694"
"184.0120","0.3858","0.2685"
"184.0320","0.3857","0.2675"
"184.0520","0.3856","0.2666"
"184.0720","0.3855","0.2657"
"184.0920","0.3855","0.2647"
"184.1120","0.3854","0.2637"
"184.1320","0.3853","0.2627"
"184.1520","0.3852","0.2617"
"184.1720","0.3851","0.2607"
"184.1920","0.3851","0.2596"
"184.2120","0.3850","0.2585"
"184.2320","0.3849","0.2575"
"184.2520","0.3848","0.2565"
"184.2720","0.3847","0.2554"
"184.2920","0.3846","0.2542"
"184.3120","0.3845","0.2531"
"184.3320","0.3844","0.2520"
"184.3520","0.3843","0.2509"
"184.3720","0.3842","0.2498"
"184.3920","0.3842","0.2488"
"184.4120","0.3841","0.2477"
"184.4320","0.3840","0.2466"
"184.4520","0.3839","0.2455"
"184.4720","0.3838","0.2445"
"184.4920","0.3837","0.2435"
"184.5120","0.3836","0.2425"
"184.5320","0.3835","0.2415"
"184.5520","0.3834","0.2405"
"184.5720","0.3833","0.2395"
"184.5920","0.3833","0.2384"
"184.6120","0.3832","0.2374"
"184.6320","0.3831","0.2364"
"184.6520","0.3830","0.2355"
"184.6720","0.3829","0.2345"
"184.6920","0.3828","0.2335"
"184.7120","0.3827","0.2324"
"184.7320","0.3826","0.2314"
"184.7520","0.3825","0.2303"
"184.7720","0.3824","0.2293"
"184.7920","0.3823","0.2282"
"184.8120","0.3823","0.2272"
"184.8320","0.3822","0.2261"
"184.8520","0.3821","0.2251"
"184.8720","0.3820","0.2240"
"184.8920","0.3819","0.2229"
"184.9120","0.3817","0.2218"
"184.9320","0.3816","0.2207"
"184.9520","0.3815","0.2196"
"184.9720","0.3814","0.2185"
"184.9920","0.3813","0.2173"
"185.0120","0.3812","0.2162"
"185.0320","0.3811","0.2152"
"185.0520","0.3810","0.2141"
"185.0720","0.3809","0.2131"
"185.0920","0.3808","0.2120"
"185.1120","0.3807","0.2109"
"185.1320","0.3806","0.2098"
"185.1520","0.3805","0.2088"
"185.1720","0.3804","0.2078"
"185.1920","0.3803","0.2069"
"185.2120","0.3802","0.2060"
"185.2320","0.3801","0.2050"
"185.2520","0.3800","0.2041"
"185.2720","0.3799","0.2032"
"185.2920","0.3798","0.2024"
"185.3120","0.3797","0.2015"
"185.3320","0.3796","0.2006"
"185.3520","0.3796","0.1997"
"185.3720","0.3795","0.1989"
"185.3920","0.3794","0.1980"
"185.4120","0.3793","0.1971"
"185.4320","0.3792","0.1962"
"185.4520","0.3791","0.1954"
"185.4720","0.3790","0.1945"
"185.4920","0.3789","0.1936"
"185.5120","0.3788","0.1927"
"185.5320","0.3787","0.1918"
"185.5520","0.3786","0.1910"
"185.5720","0.3785","0.1900"
"185.5920","0.3784","0.1889"
"185.6120","0.3783","0.1879"
"185.6320","0.3782","0.1869"
"185.6520","0.3781","0.1859"
"185.6720","0.3780","0.1850"
"185.6920","0.3779","0.1840"
"185.7120","0.3778","0.1831"
"185.7320","0.3777","0.1820"
"185.7520","0.3776","0.1810"
"185.7720","0.3774","0.1799"
"185.7920","0.3773","0.1788"
"185.8120","0.3772","0.1778"
"185.8320","0.3771","0.1766"
"185.8520","0.3770","0.1755"
"185.8720","0.3768","0.1744"
"185.8920","0.3767","0.1732"
"185.9120","0.3766","0.1721"
"185.9320","0.3765","0.1711"
"185.9520","0.3763","0.1700"
"185.9720","0.3762","0.1691"
"185.9920","0.3761","0.1681"
"186.0120","0.3760","0.1672"
"186.0320","0.3759","0.1662"
"186.0520","0.3758","0.1652"
"186.0720","0.3756","0.1643"
"186.0920","0.3755","0.1634"
"186.1120","0.3754","0.1624"
"186.1320","0.3753","0.1614"
"186.1520","0.3752","0.1604"
"186.1720","0.3750","0.1593"
"186.1920","0.3749","0.1583"
"186.2120","0.3748","0.1573"
"186.2320","0.3747","0.1561"
"186.2520","0.3745","0.1549"
"186.2720","0.3744","0.1538"
"186.2920","0.3742","0.1528"
"186.3120","0.3741","0.1516"
"186.3320","0.3740","0.1504"
"186.3520","0.3738","0.1493"
"186.3720","0.3737","0.1483"
"186.3920","0.3736","0.1474"
"186.4120","0.3734","0.1464"
"186.4320","0.3733","0.1453"
"186.4520","0.3732","0.1443"
"186.4720","0.3730","0.1434"
"186.4920","0.3729","0.1424"
"186.5120","0.3728","0.1414"
"186.5320","0.3726","0.1403"
"186.5520","0.3725","0.1394"
"186.5720","0.3724","0.1385"
"186.5920","0.3722","0.1375"
"186.6120","0.3721","0.1365"
"186.6320","0.3719","0.1355"
"186.6520","0.3718","0.1346"
"186.6720","0.3717","0.1337"
"186.6920","0.3715","0.1327"
"186.7120","0.3714","0.1317"
"186.7320","0.3713","0.1307"
"186.7520","0.3711","0.1297"
"186.7720","0.3710","0.1288"
"186.7920","0.3708","0.1279"
"186.8120","0.3707","0.1268"
"186.8320","0.3705","0.1258"
"186.8520","0.3704","0.1249"
"186.8720","0.3703","0.1239"
"186.8920","0.3701","0.1230"
"186.9120","0.3700","0.1221"
"186.9320","0.3698","0.1212"
"186.9520","0.3697","0.1204"
"186.9720","0.3696","0.1196"
"186.9920","0.3694","0.1187"
"187.0120","0.3693","0.1177"
"187.0320","0.3692","0.1169"
"187.0520","0.3690","0.1161"
"187.0720","0.3689","0.1152"
"187.0920","0.3687","0.1143"
"187.1120","0.3686","0.1134"
"187.1320","0.3684","0.1125"
"187.1520","0.3683","0.1115"
"187.1720","0.3681","0.1105"
"187.1920","0.3680","0.1095"
"187.2120","0.3678","0.1083"
"187.2320","0.3676","0.1073"
"187.2520","0.3675","0.1062"
"187.2720","0.3673","0.1050"
"187.2920","0.3671","0.1038"
"187.3120","0.3669","0.1025"
"187.3320","0.3667","0.1013"
"187.3520","0.3665","0.1002"
"187.3720","0.3663","0.0990"
"187.3920","0.3661","0.0979"
"187.4120","0.3659","0.0969"
"187.4320","0.3657","0.0959"
"187.4520","0.3655","0.0949"
"187.4720","0.3653","0.0940"
"187.4920","0.3652","0.0929"
"187.5120","0.3650","0.0920"
"187.5320","0.3648","0.0910"
"187.5520","0.3646","0.0900"
"187.5720","0.3644","0.0891"
"187.5920","0.3642","0.0881"
"187.6120","0.3640","0.0870"
"187.6320","0.3639","0.0861"
"187.6520","0.3637","0.0851"
"187.6720","0.3635","0.0843"
"187.6920","0.3633","0.0835"
"187.7120","0.3631","0.0828"
"187.7320","0.3630","0.0820"
"187.7520","0.3628","0.0812"
"187.7720","0.3626","0.0804"
"187.7920","0.3625","0.0796"
"187.8120","0.3623","0.0789"
"187.8320","0.3621","0.0781"
"187.8520","0.3620","0.0772"
"187.8720","0.3618","0.0763"
"187.8920","0.3616","0.0755"
"187.9120","0.3614","0.0746"
"187.9320","0.3612","0.0737"
"187.9520","0.3610","0.0729"
"187.9720","0.3608","0.0720"
"187.9920","0.3606","0.0711"
"188.0120","0.3604","0.0702"
"188.0320","0.3602","0.0692"
"188.0520","0.3600","0.0683"
"188.0720","0.3598","0.0674"
"188.0920","0.3596","0.0666"
"188.1120","0.3594","0.0658"
"188.1320","0.3592","0.0651"
"188.1520","0.3590","0.0643"
"188.1720","0.3588","0.0634"
"188.1920","0.3586","0.0625"
"188.2120","0.3584","0.0616"
"188.2320","0.3582","0.0607"
"188.2520","0.3579","0.0597"
"188.2720","0.3577","0.0586"
"188.2920","0.3574","0.0575"
"188.3120","0.3571","0.0566"
"188.3320","0.3569","0.0553"
"188.3520","0.3566","0.0541"
"188.3720","0.3563","0.0530"
"188.3920","0.3560","0.0519"
"188.4120","0.3557","0.0510"
"188.4320","0.3554","0.0501"
"188.4520","0.3552","0.0491"
"188.4720","0.3549","0.0482"
"188.4920","0.3547","0.0474"
"188.5120","0.3544","0.0465"
"188.5320","0.3541","0.0455"
"188.5520","0.3538","0.0446"
"188.5720","0.3535","0.0437"
"188.5920","0.3533","0.0427"
"188.6120","0.3530","0.0419"
"188.6320","0.3527","0.0411"
"188.6520","0.3525","0.0402"
"188.6720","0.3522","0.0393"
"188.6920","0.3519","0.0385"
"188.7120","0.3516","0.0375"
"188.7320","0.3512","0.0364"
"188.7520","0.3509","0.0353"
"188.7720","0.3505","0.0341"
"188.7920","0.3501","0.0329"
"188.8120","0.3497","0.0316"
"188.8320","0.3493","0.0305"
"188.8520","0.3489","0.0294"
"188.8720","0.3485","0.0283"
"188.8920","0.3480","0.0272"
"188.9120","0.3476","0.0262"
"188.9320","0.3472","0.0251"
"188.9520","0.3468","0.0240"
"188.9720","0.3463","0.0228"
"188.9920","0.3459","0.0219"
"189.0120","0.3455","0.0211"
"189.0320","0.3452","0.0204"
"189.0440","0.3450","0.0200"
"189.0450","0.3449","0.0199"
"189.0460","0.3449","0.0199"
"189.0660","0.3446","0.0191"
"189.0860","0.3442","0.0185"
"189.1060","0.3440","0.0182"
"189.1260","0.3438","0.0180"
"189.1460","0.3436","0.0179"
"189.1660","0.3435","0.0180"
"189.1860","0.3434","0.0181"
"189.2060","0.3434","0.0182"
"189.2260","0.3433","0.0185"
"189.2460","0.3433","0.0189"
"189.2660","0.3433","0.0192"
"189.2860","0.3433","0.0195"
"189.3060","0.3433","0.0199"
"189.3260","0.3433","0.0202"
"189.3460","0.3433","0.0205"
"189.3660","0.3433","0.0207"
"189.3860","0.3433","0.0211"
"189.4060","0.3433","0.0213"
"189.4260","0.3433","0.0216"
"189.4460","0.3434","0.0219"
"189.4660","0.3434","0.0222"
"189.4860","0.3434","0.0224"
"189.5060","0.3434","0.0226"
"189.5260","0.3434","0.0229"
"189.5460","0.3434","0.0231"
"189.5660","0.3434","0.0233"
"189.5860","0.3435","0.0236"
"189.6060","0.3435","0.0238"
"189.6260","0.3435","0.0241"
"189.6460","0.3435","0.0243"
"189.6660","0.3436","0.0246"
"189.6860","0.3436","0.0249"
"189.7060","0.3436","0.0252"
"189.7260","0.3437","0.0255"
"189.7460","0.3437","0.0258"
"189.7660","0.3437","0.0261"
"189.7860","0.3438","0.0265"
"189.8060","0.3438","0.0268"
"189.8260","0.3439","0.0272"
"189.8460","0.3439","0.0276"
"189.8660","0.3440","0.0279"
"189.8860","0.3440","0.0283"
"189.9060","0.3441","0.0287"
"189.9260","0.3441","0.0291"
"189.9460","0.3442","0.0295"
"189.9660","0.3443","0.0299"
"189.9860","0.3443","0.0303"
"190.0060","0.3444","0.0307"
"190.0260","0.3444","0.0312"
"190.0460","0.3445","0.0318"
"190.0660","0.3446","0.0323"
"190.0860","0.3447","0.0328"
"190.1060","0.3448","0.0334"
"190.1260","0.3449","0.0340"
"190.1460","0.3450","0.0346"
"190.1660","0.3451","0.0351"
"190.1860","0.3452","0.0357"
"190.2060","0.3453","0.0364"
"190.2260","0.3454","0.0370"
"190.2460","0.3455","0.0376"
"190.2660","0.3456","0.0383"
"190.2860","0.3457","0.0389"
"190.3060","0.3458","0.0395"
"190.3260","0.3459","0.0402"
"190.3460","0.3461","0.0410"
"190.3660","0.3462","0.0418"
"190.3860","0.3463","0.0426"
"190.4060","0.3465","0.0433"
"190.4260","0.3466","0.0440"
"190.4460","0.3468","0.0449"
"190.4660","0.3469","0.0458"
"190.4860","0.3471","0.0468"
"190.5060","0.3473","0.0479"
"190.5260","0.3475","0.0490"
"190.5460","0.3477","0.0501"
"190.5660","0.3479","0.0512"
"190.5860","0.3481","0.0524"
"190.6060","0.3483","0.0537"
"190.6260","0.3485","0.0550"
"190.6460","0.3488","0.0563"
"190.6660","0.3490","0.0578"
"190.6860","0.3493","0.0592"
"190.7060","0.3495","0.0606"
"190.7260","0.3498","0.0621"
"190.7460","0.3501","0.0636"
"190.7660","0.3503","0.0651"
"190.7860","0.3506","0.0667"
"190.8060","0.3509","0.0684"
"190.8260","0.3512","0.0702"
"190.8460","0.3515","0.0720"
"190.8660","0.3519","0.0739"
"190.8860","0.3522","0.0759"
"190.9060","0.3525","0.0779"
"190.9260","0.3528","0.0796"
"190.9460","0.3531","0.0813"
"190.9660","0.3534","0.0829"
"190.9860","0.3537","0.0843"
"191.0060","0.3539","0.0857"
"191.0260","0.3542","0.0871"
"191.0460","0.3544","0.0885"
"191.0660","0.3546","0.0900"
"191.0860","0.3549","0.0915"
"191.1060","0.3552","0.0930"
"191.1260","0.3554","0.0946"
"191.1460","0.3557","0.0962"
"191.1660","0.3559","0.0978"
"191.1860","0.3562","0.0992"
"191.2060","0.3564","0.1006"
"191.2260","0.3566","0.1022"
"191.2460","0.3569","0.1036"
"191.2660","0.3571","0.1053"
"191.2860","0.3574","0.1069"
"191.3060","0.3576","0.1085"
"191.3260","0.3579","0.1102"
"191.3460","0.3582","0.1119"
"191.3660","0.3584","0.1134"
"191.3860","0.3587","0.1150"
"191.4060","0.3589","0.1166"
"191.4260","0.3591","0.1180"
"191.4460","0.3594","0.1194"
"191.4660","0.3596","0.1208"
"191.4860","0.3598","0.1221"
"191.5060","0.3600","0.1233"
"191.5260","0.3601","0.1245"
"191.5460","0.3603","0.1257"
"191.5660","0.3605","0.1268"
"191.5860","0.3607","0.1280"
"191.6060","0.3609","0.1293"
"191.6260","0.3610","0.1306"
"191.6460","0.3612","0.1319"
"191.6660","0.3614","0.1332"
"191.6860","0.3616","0.1345"
"191.7060","0.3618","0.1359"
"191.7260","0.3620","0.1372"
"191.7460","0.3622","0.1385"
"191.7660","0.3624","0.1399"
"191.7860","0.3625","0.1411"
"191.8060","0.3627","0.1423"
"191.8260","0.3629","0.1435"
"191.8460","0.3630","0.1446"
"191.8660","0.3632","0.1457"
"191.8860","0.3633","0.1468"
"191.9060","0.3635","0.1479"
"191.9260","0.3636","0.1489"
"191.9460","0.3638","0.1499"
"191.9660","0.3639","0.1509"
"191.9860","0.3641","0.1520"
"192.0060","0.3642","0.1531"
"192.0260","0.3644","0.1541"
"192.0460","0.3645","0.1554"
"192.0660","0.3647","0.1567"
"192.0860","0.3648","0.1579"
"192.1060","0.3650","0.1593"
"192.1260","0.3652","0.1607"
"192.1460","0.3654","0.1620"
"192.1660","0.3656","0.1635"
"192.1860","0.3657","0.1649"
"192.2060","0.3659","0.1663"
"192.2260","0.3661","0.1677"
"192.2460","0.3663","0.1691"
"192.2660","0.3664","0.1704"
"192.2860","0.3666","0.1719"
"192.3060","0.3668","0.1732"
"192.3260","0.3669","0.1745"
"192.3460","0.3671","0.1760"
"192.3660","0.3673","0.1773"
"192.3860","0.3674","0.1786"
"192.4060","0.3676","0.1800"
"192.4260","0.3678","0.1814"
"192.4460","0.3679","0.1828"
"192.4660","0.3681","0.1841"
"192.4860","0.3683","0.1853"
"192.5060","0.3684","0.1866"
"192.5260","0.3686","0.1878"
"192.5460","0.3687","0.1891"
"192.5660","0.3689","0.1902"
"192.5860","0.3690","0.1914"
"192.6060","0.3691","0.1925"
"192.6260","0.3693","0.1937"
"192.6460","0.3694","0.1947"
"192.6660","0.3695","0.1957"
"192.6860","0.3696","0.1966"
"192.7060","0.3698","0.1976"
"192.7260","0.3699","0.1986"
"192.7460","0.3700","0.1995"
"192.7660","0.3701","0.2005"
"192.7860","0.3702","0.2014"
"192.8060","0.3703","0.2024"
"192.8260","0.3705","0.2033"
"192.8460","0.3706","0.2043"
"192.8660","0.3707","0.2053"
"192.8860","0.3708","0.2063"
"192.9060","0.3709","0.2073"
"192.9260","0.3710","0.2083"
"192.9460","0.3711","0.2093"
"192.9660","0.3713","0.2103"
"192.9860","0.3714","0.2115"
"193.0060","0.3715","0.2125"
"193.0260","0.3716","0.2136"
"193.0460","0.3717","0.2148"
"193.0660","0.3719","0.2158"
"193.0860","0.3720","0.2169"
"193.1060","0.3721","0.2180"
"193.1260","0.3722","0.2192"
"193.1460","0.3723","0.2202"
"193.1660","0.3725","0.2214"
"193.1860","0.3726","0.2226"
"193.2060","0.3727","0.2236"
"193.2260","0.3728","0.2247"
"193.2460","0.3729","0.2257"
"193.2660","0.3731","0.2269"
"193.2860","0.3732","0.2279"
"193.3060","0.3733","0.2289"
"193.3260","0.3734","0.2299"
"193.3460","0.3735","0.2309"
"193.3660","0.3736","0.2320"
"193.3860","0.3737","0.2329"
"193.4060","0.3738","0.2338"
"193.4260","0.3739","0.2348"
"193.4460","0.3740","0.2359"
"193.4660","0.3741","0.2370"
"193.4860","0.3743","0.2380"
"193.5060","0.3744","0.2391"
"193.5260","0.3745","0.2402"
"193.5460","0.3746","0.2413"
"193.5660","0.3747","0.2425"
"193.5860","0.3748","0.2437"
"193.6060","0.3749","0.2450"
"193.6260","0.3751","0.2461"
"193.6460","0.3752","0.2473"
"193.6660","0.3753","0.2485"
"193.6860","0.3754","0.2496"
"193.7060","0.3755","0.2508"
"193.7260","0.3757","0.2518"
"193.7460","0.3758","0.2530"
"193.7660","0.3759","0.2541"
"193.7860","0.3760","0.2551"
"193.8060","0.3761","0.2561"
"193.8260","0.3762","0.2572"
"193.8460","0.3763","0.2582"
"193.8660","0.3764","0.2591"
"193.8860","0.3765","0.2602"
"193.9060","0.3766","0.2611"
"193.9260","0.3767","0.2622"
"193.9460","0.3768","0.2632"
"193.9660","0.3769","0.2643"
"193.9860","0.3770","0.2654"
"194.0060","0.3771","0.2664"
"194.0260","0.3772","0.2674"
"194.0460","0.3773","0.2684"
"194.0660","0.3774","0.2695"
"194.0860","0.3775","0.2705"
"194.1060","0.3776","0.2716"
"194.1260","0.3777","0.2726"
"194.1460","0.3778","0.2735"
"194.1660","0.3779","0.2746"
"194.1860","0.3780","0.2757"
"194.2060","0.3781","0.2767"
"194.2260","0.3782","0.2777"
"194.2460","0.3783","0.2787"
"194.2660","0.3784","0.2797"
"194.2860","0.3785","0.2806"
"194.3060","0.3786","0.2816"
"194.3260","0.3787","0.2826"
"194.3460","0.3788","0.2836"
"194.3660","0.3788","0.2845"
"194.3860","0.3789","0.2854"
"194.4060","0.3790","0.2863"
"194.4260","0.3791","0.2873"
"194.4460","0.3792","0.2882"
"194.4660","0.3793","0.2891"
"194.4860","0.3794","0.2901"
"194.5060","0.3795","0.2909"
"194.5260","0.3795","0.2919"
"194.5460","0.3796","0.2927"
"194.5660","0.3797","0.2936"
"194.5860","0.3798","0.2943"
"194.6060","0.3799","0.2952"
"194.6260","0.3800","0.2961"
"194.6460","0.3800","0.2970"
"194.6660","0.3801","0.2978"
"194.6860","0.3802","0.2988"
"194.7060","0.3803","0.2997"
"194.7260","0.3804","0.3006"
"194.7460","0.3804","0.3016"
"194.7660","0.3805","0.3026"
"194.7860","0.3806","0.3034"
"194.8060","0.3807","0.3043"
"194.8260","0.3808","0.3054"
"194.8460","0.3809","0.3064"
"194.8660","0.3810","0.3074"
"194.8860","0.3811","0.3085"
"194.9060","0.3811","0.3096"
"194.9260","0.3812","0.3107"
"194.9460","0.3813","0.3117"
"194.9660","0.3814","0.3129"
"194.9860","0.3815","0.3140"
"195.0060","0.3816","0.3151"
"195.0260","0.3817","0.3162"
"195.0460","0.3818","0.3174"
"195.0660","0.3819","0.3185"
"195.0860","0.3820","0.3196"
"195.1060","0.3821","0.3208"
"195.1260","0.3822","0.3219"
"195.1460","0.3823","0.3231"
"195.1660","0.3824","0.3242"
"195.1860","0.3825","0.3252"
"195.2060","0.3826","0.3264"
"195.2260","0.3827","0.3275"
"195.2460","0.3828","0.3285"
"195.2660","0.3829","0.3296"
"195.2860","0.3829","0.3307"
"195.3060","0.3830","0.3317"
"195.3260","0.3831","0.3326"
"195.3460","0.3832","0.3337"
"195.3660","0.3833","0.3346"
"195.3860","0.3834","0.3356"
"195.4060","0.3834","0.3366"
"195.4260","0.3835","0.3375"
"195.4460","0.3836","0.3385"
"195.4660","0.3837","0.3394"
"195.4860","0.3838","0.3403"
"195.5060","0.3838","0.3413"
"195.5260","0.3839","0.3423"
"195.5460","0.3840","0.3431"
"195.5660","0.3841","0.3440"
"195.5860","0.3842","0.3450"
"195.6060","0.3843","0.3461"
"195.6260","0.3843","0.3471"
"195.6460","0.3844","0.3481"
"195.6660","0.3845","0.3491"
"195.6860","0.3846","0.3501"
"195.7060","0.3847","0.3512"
"195.7260","0.3847","0.3523"
"195.7460","0.3848","0.3533"
"195.7660","0.3849","0.3544"
"195.7860","0.3850","0.3555"
"195.8060","0.3851","0.3566"
"195.8260","0.3852","0.3576"
"195.8460","0.3853","0.3587"
"195.8660","0.3853","0.3597"
"195.8860","0.3854","0.3607"
"195.9060","0.3855","0.3618"
"195.9260","0.3856","0.3629"
"195.9460","0.3857","0.3639"
"195.9660","0.3858","0.3650"
"195.9860","0.3858","0.3659"
"196.0060","0.3859","0.3669"
"196.0260","0.3860","0.3679"
"196.0460","0.3861","0.3689"
"196.0660","0.3862","0.3698"
"196.0860","0.3862","0.3708"
"196.1060","0.3863","0.3717"
"196.1260","0.3864","0.3726"
"196.1460","0.3865","0.3736"
"196.1660","0.3865","0.3746"
"196.1860","0.3866","0.3755"
"196.2060","0.3867","0.3766"
"196.2260","0.3868","0.3774"
"196.2460","0.3868","0.3784"
"196.2660","0.3869","0.3794"
"196.2860","0.3870","0.3804"
"196.3060","0.3871","0.3814"
"196.3260","0.3871","0.3823"
"196.3460","0.3872","0.3833"
"196.3660","0.3873","0.3843"
"196.3860","0.3874","0.3854"
"196.4060","0.3875","0.3863"
"196.4260","0.3875","0.3874"
"196.4460","0.3876","0.3883"
"196.4660","0.3877","0.3894"
"196.4860","0.3878","0.3904"
"196.5060","0.3878","0.3914"
"196.5260","0.3879","0.3924"
"196.5460","0.3880","0.3934"
"196.5660","0.3881","0.3943"
"196.5860","0.3881","0.3953"
"196.6060","0.3882","0.3963"
"196.6260","0.3883","0.3972"
"196.6460","0.3884","0.3982"
"196.6660","0.3884","0.3992"
"196.6860","0.3885","0.4001"
"196.7060","0.3886","0.4010"
"196.7260","0.3887","0.4020"
"196.7460","0.3887","0.4029"
"196.7660","0.3888","0.4039"
"196.7860","0.3889","0.4048"
"196.8060","0.3890","0.4058"
"196.8260","0.3890","0.4067"
"196.8460","0.3891","0.4076"
"196.8660","0.3892","0.4086"
"196.8860","0.3892","0.4096"
"196.9060","0.3893","0.4105"
"196.9260","0.3894","0.4114"
"196.9460","0.3894","0.4123"
"196.9660","0.3895","0.4131"
"196.9860","0.3896","0.4140"
"197.0060","0.3896","0.4150"
"197.0260","0.3897","0.4158"
"197.0460","0.3898","0.4168"
"197.0660","0.3899","0.4176"
"197.0860","0.3899","0.4186"
"197.1060","0.3900","0.4195"
"197.1260","0.3901","0.4204"
"197.1460","0.3901","0.4212"
"197.1660","0.3902","0.4222"
"197.1860","0.3903","0.4232"
"197.2060","0.3903","0.4240"
"197.2260","0.3904","0.4250"
"197.2460","0.3905","0.4259"
"197.2660","0.3905","0.4269"
"197.2860","0.3906","0.4278"
"197.3060","0.3907","0.4288"
"197.3260","0.3907","0.4297"
"197.3460","0.3908","0.4307"
"197.3660","0.3909","0.4317"
"197.3860","0.3910","0.4328"
"197.4060","0.3910","0.4337"
"197.4260","0.3911","0.4346"
"197.4460","0.3912","0.4356"
"197.4660","0.3912","0.4368"
"197.4860","0.3913","0.4378"
"197.5060","0.3914","0.4388"
"197.5260","0.3915","0.4398"
"197.5460","0.3915","0.4408"
"197.5660","0.3916","0.4420"
"197.5860","0.3917","0.4430"
"197.6060","0.3917","0.4439"
"197.6260","0.3918","0.4449"
"197.6460","0.3919","0.4460"
"197.6660","0.3920","0.4470"
"197.6860","0.3920","0.4481"
"197.7060","0.3921","0.4491"
"197.7260","0.3922","0.4502"
"197.7460","0.3923","0.4512"
"197.7660","0.3923","0.4522"
"197.7860","0.3924","0.4532"
"197.8060","0.3925","0.4543"
"197.8260","0.3925","0.4554"
"197.8460","0.3926","0.4564"
"197.8660","0.3927","0.4574"
"197.8860","0.3928","0.4584"
"197.9060","0.3928","0.4594"
"197.9260","0.3929","0.4604"
"197.9460","0.3930","0.4614"
"197.9660","0.3930","0.4624"
"197.9860","0.3931","0.4635"
"198.0060","0.3932","0.4645"
"198.0260","0.3932","0.4653"
"198.0460","0.3933","0.4663"
"198.0660","0.3934","0.4673"
"198.0860","0.3935","0.4683"
"198.1060","0.3935","0.4693"
"198.1260","0.3936","0.4702"
"198.1460","0.3936","0.4711"
"198.1660","0.3937","0.4720"
"198.1860","0.3938","0.4730"
"198.2060","0.3938","0.4739"
"198.2260","0.3939","0.4749"
"198.2460","0.3940","0.4759"
"198.2660","0.3940","0.4769"
"198.2860","0.3941","0.4778"
"198.3060","0.3942","0.4788"
"198.3260","0.3942","0.4799"
"198.3460","0.3943","0.4808"
"198.3660","0.3944","0.4819"
"198.3860","0.3945","0.4830"
"198.4060","0.3945","0.4840"
"198.4260","0.3946","0.4850"
"198.4460","0.3947","0.4861"
"198.4660","0.3947","0.4872"
"198.4860","0.3948","0.4884"
"198.5060","0.3949","0.4894"
"198.5260","0.3950","0.4905"
"198.5460","0.3950","0.4917"
"198.5660","0.3951","0.4929"
"198.5860","0.3952","0.4940"
"198.6060","0.3953","0.4951"
"198.6260","0.3953","0.4962"
"198.6460","0.3954","0.4972"
"198.6660","0.3955","0.4983"
"198.6860","0.3955","0.4994"
"198.7060","0.3956","0.5004"
"198.7260","0.3957","0.5015"
"198.7460","0.3957","0.5025"
"198.7660","0.3958","0.5036"
"198.7860","0.3959","0.5046"
"198.8060","0.3960","0.5056"
"198.8260","0.3960","0.5066"
"198.8460","0.3961","0.5077"
"198.8660","0.3962","0.5087"
"198.8860","0.3962","0.5096"
"198.9060","0.3963","0.5106"
"198.9260","0.3964","0.5116"
"198.9460","0.3964","0.5126"
"198.9660","0.3965","0.5136"
"198.9860","0.3966","0.5147"
"199.0060","0.3966","0.5157"
"199.0260","0.3967","0.5166"
"199.0460","0.3967","0.5177"
"199.0660","0.3968","0.5187"
"199.0860","0.3969","0.5196"
"199.1060","0.3969","0.5207"
"199.1260","0.3970","0.5217"
"199.1460","0.3971","0.5228"
"199.1660","0.3971","0.5237"
"199.1860","0.3972","0.5247"
"199.2060","0.3973","0.5257"
"199.2260","0.3973","0.5268"
"199.2460","0.3974","0.5279"
"199.2660","0.3975","0.5288"
"199.2860","0.3975","0.5299"
"199.3060","0.3976","0.5309"
"199.3260","0.3977","0.5320"
"199.3460","0.3977","0.5330"
"199.3660","0.3978","0.5340"
"199.3860","0.3979","0.5351"
"199.4060","0.3979","0.5361"
"199.4260","0.3980","0.5371"
"199.4460","0.3981","0.5381"
"199.4660","0.3981","0.5392"
"199.4860","0.3982","0.5402"
"199.5060","0.3983","0.5412"
"199.5260","0.3983","0.5421"
"199.5460","0.3984","0.5431"
"199.5660","0.3984","0.5442"
"199.5860","0.3985","0.5451"
"199.6060","0.3986","0.5461"
"199.6260","0.3986","0.5471"
"199.6460","0.3987","0.5480"
"199.6660","0.3988","0.5490"
"199.6860","0.3988","0.5501"
"199.7060","0.3989","0.5511"
"199.7260","0.3990","0.5519"
"199.7460","0.3990","0.5530"
"199.7660","0.3991","0.5539"
"199.7860","0.3991","0.5548"
"199.8060","0.3992","0.5558"
"199.8260","0.3993","0.5568"
"199.8460","0.3993","0.5577"
"199.8660","0.3994","0.5587"
"199.8860","0.3994","0.5596"
"199.9060","0.3995","0.5604"
"199.9260","0.3996","0.5614"
"199.9460","0.3996","0.5624"
"199.9660","0.3997","0.5633"
"199.9860","0.3997","0.5642"
"200.0060","0.3998","0.5650"
"200.0260","0.3998","0.5659"
"200.0460","0.3999","0.5668"
"200.0660","0.4000","0.5677"
"200.0860","0.4000","0.5686"
"200.1060","0.4001","0.5695"
"200.1260","0.4001","0.5704"
"200.1460","0.4002","0.5713"
"200.1660","0.4002","0.5722"
"200.1860","0.4003","0.5731"
"200.2060","0.4004","0.5740"
"200.2260","0.4004","0.5749"
"200.2460","0.4005","0.5759"
"200.2660","0.4005","0.5768"
"200.2860","0.4006","0.5777"
"200.3060","0.4006","0.5786"
"200.3260","0.4007","0.5795"
"200.3460","0.4008","0.5805"
"200.3660","0.4008","0.5816"
"200.3860","0.4009","0.5825"
"200.4060","0.4009","0.5834"
"200.4260","0.4010","0.5845"
"200.4460","0.4011","0.5855"
"200.4660","0.4011","0.5865"
"200.4860","0.4012","0.5875"
"200.5060","0.4012","0.5886"
"200.5260","0.4013","0.5896"
"200.5460","0.4014","0.5906"
"200.5660","0.4014","0.5915"
"200.5860","0.4015","0.5926"
"200.6060","0.4016","0.5938"
"200.6260","0.4016","0.5948"
"200.6460","0.4017","0.5959"
"200.6660","0.4017","0.5969"
"200.6860","0.4018","0.5979"
"200.7060","0.4019","0.5990"
"200.7260","0.4019","0.6001"
"200.7460","0.4020","0.6012"
"200.7660","0.4021","0.6023"
"200.7860","0.4021","0.6033"
"200.8060","0.4022","0.6045"
"200.8260","0.4023","0.6056"
"200.8460","0.4023","0.6066"
"200.8660","0.4024","0.6076"
"200.8860","0.4024","0.6087"
"200.9060","0.4025","0.6097"
"200.9260","0.4026","0.6108"
"200.9460","0.4026","0.6118"
"200.9660","0.4027","0.6129"
"200.9860","0.4028","0.6139"
"201.0060","0.4028","0.6150"
"201.0260","0.4029","0.6160"
"201.0460","0.4029","0.6170"
"201.0660","0.4030","0.6180"
"201.0860","0.4031","0.6188"
"201.1060","0.4031","0.6199"
"201.1260","0.4032","0.6209"
"201.1460","0.4032","0.6218"
"201.1660","0.4033","0.6227"
"201.1860","0.4034","0.6237"
"201.2060","0.4034","0.6247"
"201.2260","0.4035","0.6257"
"201.2460","0.4035","0.6266"
"201.2660","0.4036","0.6275"
"201.2860","0.4036","0.6284"
"201.3060","0.4037","0.6294"
"201.3260","0.4037","0.6303"
"201.3460","0.4038","0.6312"
"201.3660","0.4039","0.6322"
"201.3860","0.4039","0.6331"
"201.4060","0.4040","0.6342"
"201.4260","0.4040","0.6351"
"201.4460","0.4041","0.6361"
"201.4660","0.4041","0.6370"
"201.4860","0.4042","0.6380"
"201.5060","0.4043","0.6390"
"201.5260","0.4043","0.6400"
"201.5460","0.4044","0.6410"
"201.5660","0.4044","0.6419"
"201.5860","0.4045","0.6430"
"201.6060","0.4046","0.6441"
"201.6260","0.4046","0.6452"
"201.6460","0.4047","0.6462"
"201.6660","0.4047","0.6472"
"201.6860","0.4048","0.6481"
"201.7060","0.4049","0.6492"
"201.7260","0.4049","0.6503"
"201.7460","0.4050","0.6514"
"201.7660","0.4050","0.6526"
"201.7860","0.4051","0.6537"
"201.8060","0.4052","0.6547"
"201.8260","0.4052","0.6558"
"201.8460","0.4053","0.6569"
"201.8660","0.4054","0.6579"
"201.8860","0.4054","0.6590"
"201.9060","0.4055","0.6600"
"201.9260","0.4055","0.6611"
"201.9460","0.4056","0.6622"
"201.9660","0.4057","0.6631"
"201.9860","0.4057","0.6642"
"202.0060","0.4058","0.6654"
"202.0260","0.4058","0.6663"
"202.0460","0.4059","0.6673"
"202.0660","0.4060","0.6683"
"202.0860","0.4060","0.6693"
"202.1060","0.4061","0.6703"
"202.1260","0.4061","0.6713"
"202.1460","0.4062","0.6722"
"202.1660","0.4062","0.6732"
"202.1860","0.4063","0.6741"
"202.2060","0.4064","0.6751"
"202.2260","0.4064","0.6761"
"202.2460","0.4065","0.6771"
"202.2660","0.4065","0.6781"
"202.2860","0.4066","0.6790"
"202.3060","0.4066","0.6799"
"202.3260","0.4067","0.6810"
"202.3460","0.4068","0.6819"
"202.3660","0.4068","0.6828"
"202.3860","0.4069","0.6838"
"202.4060","0.4069","0.6848"
"202.4260","0.4070","0.6857"
"202.4460","0.4070","0.6867"
"202.4660","0.4071","0.6877"
"202.4860","0.4072","0.6887"
"202.5060","0.4072","0.6896"
"202.5260","0.4073","0.6906"
"202.5460","0.4073","0.6915"
"202.5660","0.4074","0.6925"
"202.5860","0.4074","0.6936"
"202.6060","0.4075","0.6946"
"202.6260","0.4076","0.6956"
"202.6460","0.4076","0.6966"
"202.6660","0.4077","0.6975"
"202.6860","0.4077","0.6985"
"202.7060","0.4078","0.6995"
"202.7260","0.4078","0.7005"
"202.7460","0.4079","0.7015"
"202.7660","0.4079","0.7025"
"202.7860","0.4080","0.7034"
"202.8060","0.4081","0.7043"
"202.8260","0.4081","0.7053"
"202.8460","0.4082","0.7063"
"202.8660","0.4082","0.7073"
"202.8860","0.4083","0.7083"
"202.9060","0.4083","0.7093"
"202.9260","0.4084","0.7102"
"202.9460","0.4085","0.7111"
"202.9660","0.4085","0.7121"
"202.9860","0.4086","0.7131"
"203.0060","0.4086","0.7140"
"203.0260","0.4087","0.7149"
"203.0460","0.4087","0.7158"
"203.0660","0.4088","0.7168"
"203.0860","0.4088","0.7178"
"203.1060","0.4089","0.7187"
"203.1260","0.4090","0.7196"
"203.1460","0.4090","0.7205"
"203.1660","0.4091","0.7215"
"203.1860","0.4091","0.7224"
"203.2060","0.4092","0.7234"
"203.2260","0.4092","0.7242"
"203.2460","0.4093","0.7252"
"203.2660","0.4093","0.7261"
"203.2860","0.4094","0.7270"
"203.3060","0.4094","0.7279"
"203.3260","0.4095","0.7288"
"203.3460","0.4096","0.7298"
"203.3660","0.4096","0.7307"
"203.3860","0.4097","0.7315"
"203.4060","0.4097","0.7325"
"203.4260","0.4098","0.7334"
"203.4460","0.4098","0.7344"
"203.4660","0.4099","0.7353"
"203.4860","0.4099","0.7362"
"203.5060","0.4100","0.7371"
"203.5260","0.4100","0.7380"
"203.5460","0.4101","0.7389"
"203.5660","0.4102","0.7399"
"203.5860","0.4102","0.7409"
"203.6060","0.4103","0.7418"
"203.6260","0.4103","0.7428"
"203.6460","0.4104","0.7438"
"203.6660","0.4104","0.7448"
"203.6860","0.4105","0.7457"
"203.7060","0.4105","0.7466"
"203.7260","0.4106","0.7476"
"203.7460","0.4107","0.7487"
"203.7660","0.4107","0.7497"
"203.7860","0.4108","0.7506"
"203.8060","0.4108","0.7516"
"203.8260","0.4109","0.7527"
"203.8460","0.4109","0.7538"
"203.8660","0.4110","0.7548"
"203.8860","0.4111","0.7558"
"203.9060","0.4111","0.7569"
"203.9260","0.4112","0.7580"
"203.9460","0.4113","0.7591"
"203.9660","0.4113","0.7601"
"203.9860","0.4114","0.7612"
"204.0060","0.4114","0.7623"
"204.0260","0.4115","0.7633"
"204.0460","0.4116","0.7645"
"204.0660","0.4116","0.7656"
"204.0860","0.4117","0.7667"
"204.1060","0.4117","0.7677"
"204.1260","0.4118","0.7688"
"204.1460","0.4119","0.7700"
"204.1660","0.4119","0.7711"
"204.1860","0.4120","0.7722"
"204.2060","0.4121","0.7733"
"204.2260","0.4121","0.7743"
"204.2460","0.4122","0.7754"
"204.2660","0.4123","0.7765"
"204.2860","0.4123","0.7776"
"204.3060","0.4124","0.7788"
"204.3260","0.4125","0.7798"
"204.3460","0.4125","0.7809"
"204.3660","0.4126","0.7820"
"204.3860","0.4127","0.7831"
"204.4060","0.4127","0.7843"
"204.4260","0.4128","0.7854"
"204.4460","0.4128","0.7863"
"204.4660","0.4129","0.7875"
"204.4860","0.4130","0.7886"
"204.5060","0.4130","0.7896"
"204.5260","0.4131","0.7907"
"204.5460","0.4132","0.7917"
"204.5660","0.4132","0.7928"
"204.5860","0.4133","0.7938"
"204.6060","0.4134","0.7948"
"204.6260","0.4134","0.7958"
"204.6460","0.4135","0.7967"
"204.6660","0.4136","0.7978"
"204.6860","0.4136","0.7989"
"204.7060","0.4137","0.7998"
"204.7100","0.4137","0.8000"
"204.7110","0.4137","0.8001"
"204.7120","0.4137","0.8001"
"204.7320","0.4138","0.8011"
"204.7520","0.4138","0.8016"
"204.7720","0.4138","0.8016"
"204.7920","0.4138","0.8013"
"204.8120","0.4138","0.8007"
"204.8320","0.4139","0.8002"
"204.8520","0.4139","0.7996"
"204.8720","0.4138","0.7991"
"204.8920","0.4138","0.7985"
"204.9120","0.4138","0.7979"
"204.9320","0.4138","0.7974"
"204.9520","0.4138","0.7969"
"204.9720","0.4138","0.7963"
"204.9920","0.4138","0.7958"
"205.0120","0.4138","0.7952"
"205.0320","0.4138","0.7946"
"205.0520","0.4138","0.7941"
"205.0720","0.4138","0.7937"
"205.0920","0.4138","0.7932"
"205.1120","0.4138","0.7927"
"205.1320","0.4138","0.7922"
"205.1520","0.4138","0.7917"
"205.1720","0.4138","0.7911"
"205.1920","0.4138","0.7906"
"205.2120","0.4137","0.7901"
"205.2320","0.4137","0.7896"
"205.2520","0.4137","0.7890"
"205.2720","0.4137","0.7885"
"205.2920","0.4137","0.7880"
"205.3120","0.4137","0.7875"
"205.3320","0.4137","0.7869"
"205.3520","0.4137","0.7863"
"205.3720","0.4136","0.7857"
"205.3920","0.4136","0.7852"
"205.4120","0.4136","0.7847"
"205.4320","0.4136","0.7840"
"205.4520","0.4136","0.7834"
"205.4720","0.4136","0.7828"
"205.4920","0.4135","0.7822"
"205.5120","0.4135","0.7815"
"205.5320","0.4135","0.7809"
"205.5520","0.4135","0.7802"
"205.5720","0.4135","0.7796"
"205.5920","0.4134","0.7789"
"205.6120","0.4134","0.7782"
"205.6320","0.4134","0.7775"
"205.6520","0.4134","0.7767"
"205.6720","0.4134","0.7760"
"205.6920","0.4133","0.7752"
"205.7120","0.4133","0.7746"
"205.7320","0.4133","0.7738"
"205.7520","0.4133","0.7729"
"205.7720","0.4132","0.7722"
"205.7920","0.4132","0.7713"
"205.8120","0.4132","0.7706"
"205.8320","0.4132","0.7698"
"205.8520","0.4131","0.7690"
"205.8720","0.4131","0.7681"
"205.8920","0.4131","0.7673"
"205.9120","0.4130","0.7664"
"205.9320","0.4130","0.7656"
"205.9520","0.4130","0.7648"
"205.9720","0.4130","0.7639"
"205.9920","0.4129","0.7630"
"206.0120","0.4129","0.7622"
"206.0320","0.4129","0.7613"
"206.0520","0.4128","0.7604"
"206.0720","0.4128","0.7594"
"206.0920","0.4128","0.7584"
"206.1120","0.4127","0.7574"
"206.1320","0.4127","0.7565"
"206.1520","0.4127","0.7556"
"206.1720","0.4126","0.7546"
"206.1920","0.4126","0.7536"
"206.2120","0.4126","0.7527"
"206.2320","0.4125","0.7517"
"206.2520","0.4125","0.7507"
"206.2720","0.4125","0.7497"
"206.2920","0.4124","0.7486"
"206.3120","0.4124","0.7476"
"206.3320","0.4124","0.7466"
"206.3520","0.4123","0.7456"
"206.3720","0.4123","0.7446"
"206.3920","0.4122","0.7435"
"206.4120","0.4122","0.7425"
"206.4320","0.4122","0.7416"
"206.4520","0.4121","0.7404"
"206.4720","0.4121","0.7393"
"206.4920","0.4121","0.7383"
"206.5120","0.4120","0.7373"
"206.5320","0.4120","0.7362"
"206.5520","0.4119","0.7351"
"206.5720","0.4119","0.7340"
"206.5920","0.4119","0.7329"
"206.6120","0.4118","0.7319"
"206.6320","0.4118","0.7308"
"206.6520","0.4117","0.7296"
"206.6720","0.4117","0.7286"
"206.6920","0.4117","0.7274"
"206.7120","0.4116","0.7263"
"206.7320","0.4116","0.7253"
"206.7520","0.4115","0.7241"
"206.7720","0.4115","0.7230"
"206.7920","0.4115","0.7219"
"206.8120","0.4114","0.7208"
"206.8320","0.4114","0.7196"
"206.8520","0.4113","0.7185"
"206.8720","0.4113","0.7173"
"206.8920","0.4112","0.7162"
"206.9120","0.4112","0.7151"
"206.9320","0.4112","0.7139"
"206.9520","0.4111","0.7128"
"206.9720","0.4111","0.7116"
"206.9920","0.4110","0.7106"
"207.0120","0.4110","0.7094"
"207.0320","0.4109","0.7082"
"207.0520","0.4109","0.7071"
"207.0720","0.4109","0.7060"
"207.0920","0.4108","0.7048"
"207.1120","0.4108","0.7037"
"207.1320","0.4107","0.7025"
"207.1520","0.4107","0.7013"
"207.1720","0.4106","0.7002"
"207.1920","0.4106","0.6991"
"207.2120","0.4106","0.6979"
"207.2320","0.4105","0.6967"
"207.2520","0.4105","0.6956"
"207.2720","0.4104","0.6945"
"207.2920","0.4104","0.6933"
"207.3120","0.4103","0.6922"
"207.3320","0.4103","0.6910"
"207.3520","0.4102","0.6899"
"207.3720","0.4102","0.6888"
"207.3920","0.4102","0.6876"
"207.4120","0.4101","0.6865"
"207.4320","0.4101","0.6854"
"207.4520","0.4100","0.6844"
"207.4720","0.4100","0.6833"
"207.4920","0.4099","0.6821"
"207.5120","0.4099","0.6811"
"207.5320","0.4099","0.6799"
"207.5520","0.4098","0.6788"
"207.5720","0.4098","0.6777"
"207.5920","0.4097","0.6766"
"207.6120","0.4097","0.6755"
"207.6320","0.4097","0.6745"
"207.6520","0.4096","0.6735"
"207.6720","0.4096","0.6723"
"207.6920","0.4095","0.6712"
"207.7120","0.4095","0.6701"
"207.7320","0.4094","0.6691"
"207.7520","0.4094","0.6680"
"207.7720","0.4093","0.6668"
"207.7920","0.4093","0.6658"
"207.8120","0.4093","0.6647"
"207.8320","0.4092","0.6636"
"207.8520","0.4092","0.6624"
"207.8720","0.4091","0.6613"
"207.8920","0.4091","0.6602"
"207.9120","0.4090","0.6591"
"207.9320","0.4090","0.6580"
"207.9520","0.4090","0.6569"
"207.9720","0.4089","0.6558"
"207.9920","0.4089","0.6546"
"208.0120","0.4088","0.6536"
"208.0320","0.4088","0.6525"
"208.0520","0.4087","0.6513"
"208.0720","0.4087","0.6502"
"208.0920","0.4086","0.6491"
"208.1120","0.4086","0.6480"
"208.1320","0.4085","0.6468"
"208.1520","0.4085","0.6456"
"208.1720","0.4085","0.6446"
"208.1920","0.4084","0.6435"
"208.2120","0.4084","0.6423"
"208.2320","0.4083","0.6411"
"208.2520","0.4083","0.6399"
"208.2720","0.4082","0.6389"
"208.2920","0.4082","0.6378"
"208.3120","0.4081","0.6366"
"208.3320","0.4081","0.6355"
"208.3520","0.4080","0.6343"
"208.3720","0.4080","0.6332"
"208.3920","0.4079","0.6320"
"208.4120","0.4079","0.6308"
"208.4320","0.4079","0.6297"
"208.4520","0.4078","0.6285"
"208.4720","0.4078","0.6273"
"208.4920","0.4077","0.6262"
"208.5120","0.4077","0.6250"
"208.5320","0.4076","0.6239"
"208.5520","0.4076","0.6227"
"208.5720","0.4075","0.6215"
"208.5920","0.4075","0.6202"
"208.6120","0.4074","0.6191"
"208.6320","0.4074","0.6179"
"208.6520","0.4073","0.6168"
"208.6720","0.4073","0.6155"
"208.6920","0.4072","0.6144"
"208.7120","0.4072","0.6133"
"208.7320","0.4071","0.6122"
"208.7520","0.4071","0.6110"
"208.7720","0.4070","0.6098"
"208.7920","0.4070","0.6087"
"208.8120","0.4069","0.6075"
"208.8320","0.4069","0.6064"
"208.8520","0.4068","0.6053"
"208.8720","0.4068","0.6041"
"208.8920","0.4067","0.6030"
"208.9120","0.4067","0.6019"
"208.9320","0.4066","0.6008"
"208.9520","0.4066","0.5997"
"208.9720","0.4065","0.5985"
"208.9920","0.4065","0.5974"
"209.0120","0.4064","0.5964"
"209.0320","0.4064","0.5953"
"209.0520","0.4064","0.5943"
"209.0720","0.4063","0.5932"
"209.0920","0.4063","0.5921"
"209.1120","0.4062","0.5910"
"209.1320","0.4062","0.5899"
"209.1520","0.4061","0.5888"
"209.1720","0.4061","0.5878"
"209.1920","0.4060","0.5867"
"209.2120","0.4060","0.5856"
"209.2320","0.4059","0.5845"
"209.2520","0.4059","0.5834"
"209.2720","0.4058","0.5824"
"209.2920","0.4058","0.5813"
"209.3120","0.4057","0.5803"
"209.3320","0.4057","0.5792"
"209.3520","0.4056","0.5781"
"209.3720","0.4056","0.5770"
"209.3920","0.4055","0.5759"
"209.4120","0.4055","0.5748"
"209.4320","0.4054","0.5737"
"209.4520","0.4054","0.5726"
"209.4720","0.4054","0.5714"
"209.4920","0.4053","0.5704"
"209.5120","0.4053","0.5692"
"209.5320","0.4052","0.5681"
"209.5520","0.4052","0.5670"
"209.5720","0.4051","0.5659"
"209.5920","0.4051","0.5648"
"209.6120","0.4050","0.5637"
"209.6320","0.4049","0.5626"
"209.6520","0.4049","0.5614"
"209.6720","0.4048","0.5603"
"209.6920","0.4048","0.5591"
"209.7120","0.4047","0.5580"
"209.7320","0.4047","0.5569"
"209.7520","0.4046","0.5558"
"209.7720","0.4046","0.5547"
"209.7920","0.4045","0.5535"
"209.8120","0.4045","0.5525"
"209.8320","0.4044","0.5513"
"209.8520","0.4044","0.5502"
"209.8720","0.4043","0.5491"
"209.8920","0.4043","0.5480"
"209.9120","0.4042","0.5470"
"209.9320","0.4042","0.5459"
"209.9520","0.4041","0.5449"
"209.9720","0.4041","0.5438"
"209.9920","0.4040","0.5427"
"210.0120","0.4040","0.5416"
"210.0320","0.4039","0.5406"
"210.0520","0.4039","0.5396"
"210.0720","0.4038","0.5385"
"210.0920","0.4038","0.5375"
"210.1120","0.4037","0.5364"
"210.1320","0.4037","0.5354"
"210.1520","0.4036","0.5343"
"210.1720","0.4036","0.5333"
"210.1920","0.4035","0.5323"
"210.2120","0.4035","0.5313"
"210.2320","0.4034","0.5302"
"210.2520","0.4034","0.5292"
"210.2720","0.4033","0.5281"
"210.2920","0.4033","0.5271"
"210.3120","0.4032","0.5261"
"210.3320","0.4032","0.5251"
"210.3520","0.4032","0.5241"
"210.3720","0.4031","0.5230"
"210.3920","0.4031","0.5220"
"210.4120","0.4030","0.5210"
"210.4320","0.4030","0.5201"
"210.4520","0.4029","0.5190"
"210.4720","0.4028","0.5179"
"210.4920","0.4028","0.5168"
"210.5120","0.4028","0.5158"
"210.5320","0.4027","0.5148"
"210.5520","0.4027","0.5137"
"210.5720","0.4026","0.5127"
"210.5920","0.4026","0.5117"
"210.6120","0.4025","0.5107"
"210.6320","0.4024","0.5096"
"210.6520","0.4024","0.5085"
"210.6720","0.4023","0.5075"
"210.6920","0.4023","0.5065"
"210.7120","0.4022","0.5054"
"210.7320","0.4022","0.5043"
"210.7520","0.4021","0.5032"
"210.7720","0.4021","0.5022"
"210.7920","0.4020","0.5011"
"210.8120","0.4020","0.5001"
"210.8320","0.4019","0.4991"
"210.8520","0.4019","0.4980"
"210.8720","0.4018","0.4969"
"210.8920","0.4018","0.4959"
"210.9120","0.4017","0.4949"
"210.9320","0.4017","0.4939"
"210.9520","0.4016","0.4928"
"210.9720","0.4016","0.4916"
"210.9920","0.4015","0.4906"
"211.0120","0.4015","0.4896"
"211.0320","0.4014","0.4886"
"211.0520","0.4013","0.4876"
"211.0720","0.4013","0.4866"
"211.0920","0.4012","0.4856"
"211.1120","0.4012","0.4845"
"211.1320","0.4011","0.4835"
"211.1520","0.4011","0.4825"
"211.1720","0.4010","0.4815"
"211.1920","0.4010","0.4805"
"211.2120","0.4009","0.4795"
"211.2320","0.4009","0.4785"
"211.2520","0.4008","0.4775"
"211.2720","0.4008","0.4764"
"211.2920","0.4007","0.4755"
"211.3120","0.4007","0.4745"
"211.3320","0.4006","0.4735"
"211.3520","0.4006","0.4725"
"211.3720","0.4005","0.4715"
"211.3920","0.4005","0.4706"
"211.4120","0.4004","0.4696"
"211.4320","0.4004","0.4686"
"211.4520","0.4003","0.4676"
"211.4720","0.4003","0.4666"
"211.4920","0.4002","0.4657"
"211.5120","0.4002","0.4647"
"211.5320","0.4001","0.4639"
"211.5520","0.4001","0.4629"
"211.5720","0.4000","0.4619"
"211.5920","0.4000","0.4609"
"211.6120","0.3999","0.4600"
"211.6320","0.3999","0.4591"
"211.6520","0.3998","0.4581"
"211.6720","0.3998","0.4572"
"211.6920","0.3997","0.4563"
"211.7120","0.3997","0.4553"
"211.7320","0.3996","0.4543"
"211.7520","0.3996","0.4533"
"211.7720","0.3995","0.4524"
"211.7920","0.3995","0.4515"
"211.8120","0.3994","0.4507"
"211.8320","0.3993","0.4496"
"211.8520","0.3993","0.4486"
"211.8720","0.3992","0.4477"
"211.8920","0.3992","0.4467"
"211.9120","0.3991","0.4458"
"211.9320","0.3991","0.4448"
"211.9520","0.3990","0.4438"
"211.9720","0.3990","0.4428"
"211.9920","0.3989","0.4419"
"212.0120","0.3989","0.4408"
"212.0320","0.3988","0.4399"
"212.0520","0.3988","0.4389"
"212.0720","0.3987","0.4379"
"212.0920","0.3986","0.4368"
"212.1120","0.3986","0.4358"
"212.1320","0.3985","0.4348"
"212.1520","0.3985","0.4337"
"212.1720","0.3984","0.4327"
"212.1920","0.3984","0.4317"
"212.2120","0.3983","0.4306"
"212.2320","0.3983","0.4296"
"212.2520","0.3982","0.4286"
"212.2720","0.3981","0.4275"
"212.2920","0.3981","0.4264"
"212.3120","0.3980","0.4255"
"212.3320","0.3980","0.4244"
"212.3520","0.3979","0.4233"
"212.3720","0.3978","0.4222"
"212.3920","0.3978","0.4211"
"212.4120","0.3977","0.4200"
"212.4320","0.3977","0.4191"
"212.4520","0.3976","0.4179"
"212.4720","0.3975","0.4168"
"212.4920","0.3975","0.4158"
"212.5120","0.3974","0.4147"
"212.5320","0.3973","0.4135"
"212.5520","0.3973","0.4124"
"212.5720","0.3972","0.4113"
"212.5920","0.3972","0.4103"
"212.6120","0.3971","0.4092"
"212.6320","0.3970","0.4081"
"212.6520","0.3970","0.4071"
"212.6720","0.3969","0.4060"
"212.6920","0.3968","0.4048"
"212.7120","0.3968","0.4037"
"212.7320","0.3967","0.4027"
"212.7520","0.3967","0.4016"
"212.7720","0.3966","0.4007"
"212.7920","0.3965","0.3996"
"212.8120","0.3965","0.3985"
"212.8320","0.3964","0.3975"
"212.8520","0.3964","0.3966"
"212.8720","0.3963","0.3956"
"212.8920","0.3962","0.3947"
"212.9120","0.3962","0.3937"
"212.9320","0.3961","0.3927"
"212.9520","0.3961","0.3918"
"212.9720","0.3960","0.3907"
"212.9920","0.3959","0.3898"
"213.0120","0.3959","0.3888"
"213.0320","0.3958","0.3879"
"213.0520","0.3958","0.3870"
"213.0720","0.3957","0.3861"
"213.0920","0.3957","0.3850"
"213.1120","0.3956","0.3840"
"213.1320","0.3955","0.3830"
"213.1520","0.3955","0.3820"
"213.1720","0.3954","0.3811"
"213.1920","0.3953","0.3801"
"213.2120","0.3953","0.3789"
"213.2320","0.3952","0.3779"
"213.2520","0.3952","0.3769"
"213.2720","0.3951","0.3760"
"213.2920","0.3950","0.3750"
"213.3120","0.3950","0.3739"
"213.3320","0.3949","0.3728"
"213.3520","0.3948","0.3717"
"213.3720","0.3948","0.3707"
"213.3920","0.3947","0.3696"
"213.4120","0.3946","0.3685"
"213.4320","0.3946","0.3675"
"213.4520","0.3945","0.3664"
"213.4720","0.3944","0.3654"
"213.4920","0.3944","0.3643"
"213.5120","0.3943","0.3632"
"213.5320","0.3942","0.3622"
"213.5520","0.3942","0.3612"
"213.5720","0.3941","0.3602"
"213.5920","0.3940","0.3591"
"213.6120","0.3940","0.3581"
"213.6320","0.3939","0.3571"
"213.6520","0.3938","0.3561"
"213.6720","0.3938","0.3551"
"213.6920","0.3937","0.3541"
"213.7120","0.3937","0.3531"
"213.7320","0.3936","0.3521"
"213.7520","0.3935","0.3511"
"213.7720","0.3935","0.3503"
"213.7920","0.3934","0.3493"
"213.8120","0.3933","0.3482"
"213.8320","0.3933","0.3473"
"213.8520","0.3932","0.3463"
"213.8720","0.3931","0.3453"
"213.8920","0.3931","0.3444"
"213.9120","0.3930","0.3434"
"213.9320","0.3929","0.3425"
"213.9520","0.3929","0.3414"
"213.9720","0.3928","0.3405"
"213.9920","0.3928","0.3395"
"214.0120","0.3927","0.3385"
"214.0320","0.3926","0.3376"
"214.0520","0.3926","0.3366"
"214.0720","0.3925","0.3357"
"214.0920","0.3924","0.3348"
"214.1120","0.3924","0.3337"
"214.1320","0.3923","0.3327"
"214.1520","0.3922","0.3318"
"214.1720","0.3922","0.3307"
"214.1920","0.3921","0.3299"
"214.2120","0.3920","0.3288"
"214.2320","0.3920","0.3279"
"214.2520","0.3919","0.3269"
"214.2720","0.3918","0.3260"
"214.2920","0.3918","0.3249"
"214.3120","0.3917","0.3239"
"214.3320","0.3916","0.3229"
"214.3520","0.3915","0.3219"
"214.3720","0.3915","0.3209"
"214.3920","0.3914","0.3199"
"214.4120","0.3913","0.3190"
"214.4320","0.3913","0.3180"
"214.4520","0.3912","0.3170"
"214.4720","0.3911","0.3159"
"214.4920","0.3910","0.3149"
"214.5120","0.3910","0.3138"
"214.5320","0.3909","0.3128"
"214.5520","0.3908","0.3118"
"214.5720","0.3908","0.3107"
"214.5920","0.3907","0.3097"
"214.6120","0.3906","0.3086"
"214.6320","0.3905","0.3076"
"214.6520","0.3905","0.3067"
"214.6720","0.3904","0.3057"
"214.6920","0.3903","0.3048"
"214.7120","0.3903","0.3038"
"214.7320","0.3902","0.3027"
"214.7520","0.3901","0.3018"
"214.7720","0.3900","0.3009"
"214.7920","0.3900","0.2999"
"214.8120","0.3899","0.2989"
"214.8320","0.3898","0.2981"
"214.8520","0.3898","0.2972"
"214.8720","0.3897","0.2962"
"214.8920","0.3896","0.2953"
"214.9120","0.3895","0.2944"
"214.9320","0.3895","0.2934"
"214.9520","0.3894","0.2925"
"214.9720","0.3893","0.2915"
"214.9920","0.3893","0.2906"
"215.0120","0.3892","0.2896"
"215.0320","0.3891","0.2888"
"215.0520","0.3890","0.2878"
"215.0720","0.3890","0.2868"
"215.0920","0.3889","0.2859"
"215.1120","0.3888","0.2850"
"215.1320","0.3888","0.2839"
"215.1520","0.3887","0.2830"
"215.1720","0.3886","0.2820"
"215.1920","0.3885","0.2811"
"215.2120","0.3884","0.2800"
"215.2320","0.3884","0.2790"
"215.2520","0.3883","0.2781"
"215.2720","0.3882","0.2771"
"215.2920","0.3881","0.2759"
"215.3120","0.3881","0.2750"
"215.3320","0.3880","0.2740"
"215.3520","0.3879","0.2729"
"215.3720","0.3878","0.2719"
"215.3920","0.3877","0.2707"
"215.4120","0.3877","0.2698"
"215.4320","0.3876","0.2688"
"215.4520","0.3875","0.2677"
"215.4720","0.3874","0.2666"
"215.4920","0.3873","0.2654"
"215.5120","0.3872","0.2643"
"215.5320","0.3871","0.2632"
"215.5520","0.3870","0.2621"
"215.5720","0.3870","0.2611"
"215.5920","0.3869","0.2600"
"215.6120","0.3868","0.2589"
"215.6320","0.3867","0.2578"
"215.6520","0.3866","0.2569"
"215.6720","0.3865","0.2559"
"215.6920","0.3864","0.2549"
"215.7120","0.3864","0.2539"
"215.7320","0.3863","0.2529"
"215.7520","0.3862","0.2519"
"215.7720","0.3861","0.2510"
"215.7920","0.3860","0.2501"
"215.8120","0.3859","0.2491"
"215.8320","0.3859","0.2482"
"215.8520","0.3858","0.2472"
"215.8720","0.3857","0.2463"
"215.8920","0.3856","0.2453"
"215.9120","0.3855","0.2444"
"215.9320","0.3855","0.2434"
"215.9520","0.3854","0.2424"
"215.9720","0.3853","0.2414"
"215.9920","0.3852","0.2404"
"216.0120","0.3851","0.2394"
"216.0320","0.3850","0.2384"
"216.0520","0.3849","0.2373"
"216.0720","0.3848","0.2362"
"216.0920","0.3847","0.2351"
"216.1120","0.3846","0.2340"
"216.1320","0.3846","0.2329"
"216.1520","0.3845","0.2319"
"216.1720","0.3844","0.2308"
"216.1920","0.3843","0.2297"
"216.2120","0.3842","0.2285"
"216.2320","0.3841","0.2275"
"216.2520","0.3840","0.2265"
"216.2720","0.3839","0.2254"
"216.2920","0.3838","0.2243"
"216.3120","0.3837","0.2233"
"216.3320","0.3836","0.2223"
"216.3520","0.3835","0.2214"
"216.3720","0.3834","0.2203"
"216.3920","0.3833","0.2193"
"216.4120","0.3832","0.2183"
"216.4320","0.3831","0.2172"
"216.4520","0.3830","0.2163"
"216.4720","0.3829","0.2153"
"216.4920","0.3828","0.2143"
"216.5120","0.3827","0.2133"
"216.5320","0.3826","0.2124"
"216.5520","0.3825","0.2113"
"216.5720","0.3824","0.2102"
"216.5920","0.3823","0.2091"
"216.6120","0.3822","0.2080"
"216.6320","0.3821","0.2070"
"216.6520","0.3820","0.2060"
"216.6720","0.3819","0.2048"
"216.6920","0.3818","0.2037"
"216.7120","0.3817","0.2026"
"216.7320","0.3816","0.2015"
"216.7520","0.3815","0.2004"
"216.7720","0.3814","0.1993"
"216.7920","0.3813","0.1982"
"216.8120","0.3811","0.1971"
"216.8320","0.3810","0.1960"
"216.8520","0.3809","0.1949"
"216.8720","0.3808","0.1939"
"216.8920","0.3807","0.1928"
"216.9120","0.3806","0.1918"
"216.9320","0.3805","0.1908"
"216.9520","0.3804","0.1899"
"216.9720","0.3803","0.1888"
"216.9920","0.3802","0.1879"
"217.0120","0.3801","0.1870"
"217.0320","0.3800","0.1860"
"217.0520","0.3799","0.1851"
"217.0720","0.3798","0.1843"
"217.0920","0.3797","0.1834"
"217.1120","0.3796","0.1826"
"217.1320","0.3795","0.1817"
"217.1520","0.3794","0.1809"
"217.1720","0.3793","0.1800"
"217.1920","0.3792","0.1792"
"217.2120","0.3791","0.1783"
"217.2320","0.3790","0.1774"
"217.2520","0.3789","0.1765"
"217.2720","0.3788","0.1756"
"217.2920","0.3787","0.1747"
"217.3120","0.3786","0.1739"
"217.3320","0.3785","0.1729"
"217.3520","0.3784","0.1719"
"217.3720","0.3782","0.1709"
"217.3920","0.3781","0.1699"
"217.4120","0.3780","0.1689"
"217.4320","0.3779","0.1680"
"217.4520","0.3778","0.1669"
"217.4720","0.3777","0.1659"
"217.4920","0.3776","0.1649"
"217.5120","0.3774","0.1638"
"217.5320","0.3773","0.1628"
"217.5520","0.3772","0.1616"
"217.5720","0.3770","0.1604"
"217.5920","0.3769","0.1594"
"217.6120","0.3768","0.1583"
"217.6320","0.3767","0.1572"
"217.6520","0.3765","0.1561"
"217.6720","0.3764","0.1550"
"217.6920","0.3763","0.1540"
"217.7120","0.3761","0.1531"
"217.7320","0.3760","0.1521"
"217.7520","0.3759","0.1512"
"217.7720","0.3758","0.1502"
"217.7920","0.3756","0.1492"
"217.8120","0.3755","0.1484"
"217.8320","0.3754","0.1475"
"217.8520","0.3753","0.1464"
"217.8720","0.3751","0.1454"
"217.8920","0.3750","0.1444"
"217.9120","0.3749","0.1433"
"217.9320","0.3747","0.1422"
"217.9520","0.3746","0.1410"
"217.9720","0.3744","0.1399"
"217.9920","0.3743","0.1388"
"218.0120","0.3741","0.1377"
"218.0320","0.3740","0.1366"
"218.0520","0.3738","0.1355"
"218.0720","0.3737","0.1343"
"218.0920","0.3735","0.1333"
"218.1120","0.3734","0.1324"
"218.1320","0.3733","0.1314"
"218.1520","0.3731","0.1304"
"218.1720","0.3730","0.1294"
"218.1920","0.3728","0.1284"
"218.2120","0.3727","0.1275"
"218.2320","0.3725","0.1265"
"218.2520","0.3724","0.1255"
"218.2720","0.3723","0.1245"
"218.2920","0.3721","0.1236"
"218.3120","0.3720","0.1226"
"218.3320","0.3718","0.1216"
"218.3520","0.3717","0.1207"
"218.3720","0.3715","0.1197"
"218.3920","0.3714","0.1187"
"218.4120","0.3712","0.1178"
"218.4320","0.3711","0.1168"
"218.4520","0.3709","0.1158"
"218.4720","0.3708","0.1150"
"218.4920","0.3706","0.1140"
"218.5120","0.3705","0.1130"
"218.5320","0.3703","0.1120"
"218.5520","0.3702","0.1110"
"218.5720","0.3700","0.1101"
"218.5920","0.3699","0.1092"
"218.6120","0.3697","0.1084"
"218.6320","0.3696","0.1075"
"218.6520","0.3694","0.1067"
"218.6720","0.3693","0.1058"
"218.6920","0.3691","0.1049"
"218.7120","0.3690","0.1041"
"218.7320","0.3688","0.1032"
"218.7520","0.3687","0.1024"
"218.7720","0.3685","0.1014"
"218.7920","0.3684","0.1004"
"218.8120","0.3682","0.0995"
"218.8320","0.3680","0.0984"
"218.8520","0.3678","0.0974"
"218.8720","0.3677","0.0963"
"218.8920","0.3675","0.0951"
"218.9120","0.3673","0.0939"
"218.9320","0.3670","0.0927"
"218.9520","0.3668","0.0916"
"218.9720","0.3666","0.0903"
"218.9920","0.3664","0.0891"
"219.0120","0.3662","0.0880"
"219.0320","0.3660","0.0868"
"219.0520","0.3658","0.0858"
"219.0720","0.3656","0.0849"
"219.0920","0.3654","0.0839"
"219.1120","0.3652","0.0829"
"219.1320","0.3650","0.0820"
"219.1520","0.3648","0.0809"
"219.1720","0.3646","0.0799"
"219.1920","0.3644","0.0789"
"219.2120","0.3642","0.0779"
"219.2320","0.3639","0.0769"
"219.2520","0.3637","0.0760"
"219.2720","0.3635","0.0751"
"219.2920","0.3634","0.0742"
"219.3120","0.3632","0.0734"
"219.3320","0.3630","0.0727"
"219.3520","0.3628","0.0720"
"219.3720","0.3626","0.0712"
"219.3920","0.3625","0.0704"
"219.4120","0.3623","0.0696"
"219.4320","0.3621","0.0689"
"219.4520","0.3619","0.0680"
"219.4720","0.3617","0.0672"
"219.4920","0.3615","0.0663"
"219.5120","0.3613","0.0655"
"219.5320","0.3611","0.0646"
"219.5520","0.3609","0.0637"
"219.5720","0.3607","0.0627"
"219.5920","0.3605","0.0619"
"219.6120","0.3603","0.0610"
"219.6320","0.3600","0.0602"
"219.6520","0.3598","0.0593"
"219.6720","0.3596","0.0584"
"219.6920","0.3594","0.0577"
"219.7120","0.3592","0.0569"
"219.7320","0.3590","0.0560"
"219.7520","0.3587","0.0552"
"219.7720","0.3585","0.0544"
"219.7920","0.3583","0.0535"
"219.8120","0.3580","0.0525"
"219.8320","0.3578","0.0515"
"219.8520","0.3575","0.0505"
"219.8720","0.3572","0.0494"
"219.8920","0.3569","0.0483"
"219.9120","0.3566","0.0471"
"219.9320","0.3563","0.0459"
"219.9520","0.3560","0.0449"
"219.9720","0.3557","0.0440"
"219.9920","0.3554","0.0431"
"220.0120","0.3551","0.0422"
"220.0320","0.3548","0.0414"
"220.0520","0.3546","0.0405"
"220.0720","0.3543","0.0395"
"220.0920","0.3539","0.0384"
"220.1120","0.3536","0.0375"
"220.1320","0.3534","0.0366"
"220.1520","0.3531","0.0359"
"220.1720","0.3528","0.0351"
"220.1920","0.3525","0.0342"
"220.2120","0.3522","0.0333"
"220.2320","0.3518","0.0323"
"220.2520","0.3515","0.0312"
"220.2720","0.3511","0.0303"
"220.2920","0.3508","0.0292"
"220.3120","0.3503","0.0279"
"220.3320","0.3499","0.0267"
"220.3520","0.3494","0.0254"
"220.3720","0.3490","0.0243"
"220.3920","0.3485","0.0232"
"220.4120","0.3481","0.0221"
"220.4320","0.3476","0.0209"
"220.4480","0.3473","0.0200"
"220.4490","0.3472","0.0199"
"220.4500","0.3472","0.0199"
"220.4700","0.3467","0.0188"
"220.4900","0.3463","0.0178"
"220.5100","0.3460","0.0173"
"220.5300","0.3457","0.0171"
"220.5500","0.3456","0.0171"
"220.5700","0.3454","0.0172"
"220.5900","0.3454","0.0174"
"220.6100","0.3453","0.0177"
"220.6300","0.3453","0.0180"
"220.6500","0.3453","0.0184"
"220.6700","0.3453","0.0188"
"220.6900","0.3453","0.0192"
"220.7100","0.3453","0.0194"
"220.7300","0.3453","0.0197"
"220.7500","0.3453","0.0199"
"220.7700","0.3453","0.0201"
"220.7900","0.3453","0.0204"
"220.8100","0.3453","0.0207"
"220.8300","0.3453","0.0211"
"220.8500","0.3453","0.0213"
"220.8700","0.3454","0.0215"
"220.8900","0.3454","0.0217"
"220.9100","0.3454","0.0220"
"220.9300","0.3454","0.0223"
"220.9500","0.3454","0.0225"
"220.9700","0.3454","0.0227"
"220.9900","0.3455","0.0230"
"221.0100","0.3455","0.0232"
"221.0300","0.3455","0.0235"
"221.0500","0.3455","0.0237"
"221.0700","0.3455","0.0240"
"221.0900","0.3456","0.0243"
"221.1100","0.3456","0.0245"
"221.1300","0.3456","0.0248"
"221.1500","0.3457","0.0251"
"221.1700","0.3457","0.0254"
"221.1900","0.3457","0.0258"
"221.2100","0.3458","0.0261"
"221.2300","0.3458","0.0264"
"221.2500","0.3459","0.0267"
"221.2700","0.3459","0.0270"
"221.2900","0.3460","0.0274"
"221.3100","0.3460","0.0278"
"221.3300","0.3461","0.0282"
"221.3500","0.3461","0.0285"
"221.3700","0.3462","0.0288"
"221.3900","0.3462","0.0292"
"221.4100","0.3463","0.0297"
"221.4300","0.3464","0.0302"
"221.4500","0.3464","0.0307"
"221.4700","0.3465","0.0313"
"221.4900","0.3466","0.0318"
"221.5100","0.3467","0.0323"
"221.5300","0.3468","0.0328"
"221.5500","0.3469","0.0334"
"221.5700","0.3470","0.0338"
"221.5900","0.3471","0.0345"
"221.6100","0.3472","0.0352"
"221.6300","0.3473","0.0358"
"221.6500","0.3474","0.0364"
"221.6700","0.3475","0.0371"
"221.6900","0.3476","0.0378"
"221.7100","0.3478","0.0386"
"221.7300","0.3479","0.0395"
"221.7500","0.3480","0.0402"
"221.7700","0.3482","0.0411"
"221.7900","0.3483","0.0420"
"221.8100","0.3485","0.0428"
"221.8300","0.3487","0.0437"
"221.8500","0.3488","0.0447"
"221.8700","0.3490","0.0458"
"221.8900","0.3492","0.0468"
"221.9100","0.3494","0.0479"
"221.9300","0.3496","0.0490"
"221.9500","0.3498","0.0502"
"221.9700","0.3500","0.0513"
"221.9900","0.3502","0.0526"
"222.0100","0.3504","0.0539"
"222.0300","0.3507","0.0552"
"222.0500","0.3510","0.0567"
"222.0700","0.3512","0.0583"
"222.0900","0.3515","0.0600"
"222.1100","0.3518","0.0617"
"222.1300","0.3522","0.0635"
"222.1500","0.3525","0.0653"
"222.1700","0.3528","0.0670"
"222.1900","0.3531","0.0687"
"222.2100","0.3534","0.0703"
"222.2300","0.3536","0.0718"
"222.2500","0.3539","0.0731"
"222.2700","0.3542","0.0745"
"222.2900","0.3544","0.0760"
"222.3100","0.3547","0.0775"
"222.3300","0.3549","0.0791"
"222.3500","0.3552","0.0807"
"222.3700","0.3555","0.0823"
"222.3900","0.3558","0.0838"
"222.4100","0.3560","0.0854"
"222.4300","0.3563","0.0870"
"222.4500","0.3565","0.0885"
"222.4700","0.3568","0.0900"
"222.4900","0.3571","0.0917"
"222.5100","0.3574","0.0934"
"222.5300","0.3576","0.0950"
"222.5500","0.3579","0.0968"
"222.5700","0.3582","0.0986"
"222.5900","0.3585","0.1003"
"222.6100","0.3588","0.1020"
"222.6300","0.3590","0.1036"
"222.6500","0.3593","0.1051"
"222.6700","0.3595","0.1066"
"222.6900","0.3597","0.1079"
"222.7100","0.3599","0.1092"
"222.7300","0.3601","0.1104"
"222.7500","0.3603","0.1117"
"222.7700","0.3605","0.1130"
"222.7900","0.3607","0.1142"
"222.8100","0.3609","0.1156"
"222.8300","0.3611","0.1169"
"222.8500","0.3614","0.1183"
"222.8700","0.3616","0.1196"
"222.8900","0.3618","0.1211"
"222.9100","0.3620","0.1225"
"222.9300","0.3622","0.1238"
"222.9500","0.3624","0.1252"
"222.9700","0.3626","0.1265"
"222.9900","0.3628","0.1278"
"223.0100","0.3630","0.1290"
"223.0300","0.3631","0.1302"
"223.0500","0.3633","0.1313"
"223.0700","0.3635","0.1324"
"223.0900","0.3636","0.1334"
"223.1100","0.3638","0.1345"
"223.1300","0.3639","0.1356"
"223.1500","0.3641","0.1369"
"223.1700","0.3643","0.1380"
"223.1900","0.3644","0.1391"
"223.2100","0.3646","0.1403"
"223.2300","0.3648","0.1416"
"223.2500","0.3649","0.1430"
"223.2700","0.3651","0.1444"
"223.2900","0.3653","0.1459"
"223.3100","0.3655","0.1473"
"223.3300","0.3657","0.1488"
"223.3500","0.3659","0.1502"
"223.3700","0.3661","0.1517"
"223.3900","0.3663","0.1531"
"223.4100","0.3665","0.1546"
"223.4300","0.3667","0.1561"
"223.4500","0.3669","0.1575"
"223.4700","0.3670","0.1589"
"223.4900","0.3672","0.1603"
"223.5100","0.3674","0.1618"
"223.5300","0.3676","0.1632"
"223.5500","0.3678","0.1646"
"223.5700","0.3680","0.1660"
"223.5900","0.3681","0.1674"
"223.6100","0.3683","0.1687"
"223.6300","0.3685","0.1700"
"223.6500","0.3686","0.1713"
"223.6700","0.3688","0.1727"
"223.6900","0.3690","0.1739"
"223.7100","0.3691","0.1751"
"223.7300","0.3693","0.1761"
"223.7500","0.3694","0.1773"
"223.7700","0.3695","0.1783"
"223.7900","0.3697","0.1792"
"223.8100","0.3698","0.1803"
"223.8300","0.3699","0.1813"
"223.8500","0.3700","0.1822"
"223.8700","0.3702","0.1832"
"223.8900","0.3703","0.1843"
"223.9100","0.3704","0.1852"
"223.9300","0.3705","0.1861"
"223.9500","0.3707","0.1871"
"223.9700","0.3708","0.1881"
"223.9900","0.3709","0.1892"
"224.0100","0.3710","0.1903"
"224.0300","0.3712","0.1914"
"224.0500","0.3713","0.1924"
"224.0700","0.3714","0.1935"
"224.0900","0.3715","0.1946"
"224.1100","0.3717","0.1957"
"224.1300","0.3718","0.1968"
"224.1500","0.3719","0.1980"
"224.1700","0.3720","0.1992"
"224.1900","0.3722","0.2002"
"224.2100","0.3723","0.2014"
"224.2300","0.3724","0.2025"
"224.2500","0.3726","0.2036"
"224.2700","0.3727","0.2047"
"224.2900","0.3728","0.2058"
"224.3100","0.3729","0.2069"
"224.3300","0.3731","0.2080"
"224.3500","0.3732","0.2091"
"224.3700","0.3733","0.2101"
"224.3900","0.3734","0.2112"
"224.4100","0.3735","0.2122"
"224.4300","0.3736","0.2132"
"224.4500","0.3738","0.2142"
"224.4700","0.3739","0.2153"
"224.4900","0.3740","0.2163"
"224.5100","0.3741","0.2173"
"224.5300","0.3742","0.2184"
"224.5500","0.3743","0.2195"
"224.5700","0.3744","0.2205"
"224.5900","0.3746","0.2216"
"224.6100","0.3747","0.2228"
"224.6300","0.3748","0.2241"
"224.6500","0.3749","0.2253"
"224.6700","0.3751","0.2266"
"224.6900","0.3752","0.2278"
"224.7100","0.3753","0.2289"
"224.7300","0.3754","0.2301"
"224.7500","0.3756","0.2313"
"224.7700","0.3757","0.2324"
"224.7900","0.3758","0.2335"
"224.8100","0.3759","0.2345"
"224.8300","0.3760","0.2357"
"224.8500","0.3761","0.2367"
"224.8700","0.3762","0.2378"
"224.8900","0.3764","0.2387"
"224.9100","0.3765","0.2399"
"224.9300","0.3766","0.2408"
"224.9500","0.3767","0.2418"
"224.9700","0.3768","0.2428"
"224.9900","0.3769","0.2438"
"225.0100","0.3770","0.2449"
"225.0300","0.3771","0.2459"
"225.0500","0.3772","0.2469"
"225.0700","0.3773","0.2481"
"225.0900","0.3774","0.2492"
"225.1100","0.3775","0.2502"
"225.1300","0.3776","0.2512"
"225.1500","0.3777","0.2523"
"225.1700","0.3778","0.2533"
"225.1900","0.3779","0.2543"
"225.2100","0.3780","0.2554"
"225.2300","0.3781","0.2564"
"225.2500","0.3782","0.2574"
"225.2700","0.3783","0.2584"
"225.2900","0.3784","0.2594"
"225.3100","0.3785","0.2604"
"225.3300","0.3786","0.2613"
"225.3500","0.3787","0.2624"
"225.3700","0.3788","0.2633"
"225.3900","0.3789","0.2643"
"225.4100","0.3790","0.2652"
"225.4300","0.3791","0.2662"
"225.4500","0.3792","0.2671"
"225.4700","0.3793","0.2680"
"225.4900","0.3794","0.2689"
"225.5100","0.3795","0.2698"
"225.5300","0.3796","0.2706"
"225.5500","0.3796","0.2714"
"225.5700","0.3797","0.2723"
"225.5900","0.3798","0.2733"
"225.6100","0.3799","0.2741"
"225.6300","0.3800","0.2750"
"225.6500","0.3801","0.2759"
"225.6700","0.3801","0.2768"
"225.6900","0.3802","0.2777"
"225.7100","0.3803","0.2785"
"225.7300","0.3804","0.2794"
"225.7500","0.3805","0.2804"
"225.7700","0.3806","0.2813"
"225.7900","0.3807","0.2823"
"225.8100","0.3808","0.2833"
"225.8300","0.3808","0.2842"
"225.8500","0.3809","0.2853"
"225.8700","0.3810","0.2864"
"225.8900","0.3811","0.2875"
"225.9100","0.3812","0.2886"
"225.9300","0.3813","0.2897"
"225.9500","0.3814","0.2908"
"225.9700","0.3815","0.2919"
"225.9900","0.3816","0.2930"
"226.0100","0.3817","0.2942"
"226.0300","0.3818","0.2953"
"226.0500","0.3819","0.2965"
"226.0700","0.3820","0.2976"
"226.0900","0.3821","0.2987"
"226.1100","0.3822","0.2999"
"226.1300","0.3823","0.3011"
"226.1500","0.3824","0.3023"
"226.1700","0.3825","0.3034"
"226.1900","0.3826","0.3044"
"226.2100","0.3827","0.3054"
"226.2300","0.3828","0.3066"
"226.2500","0.3829","0.3076"
"226.2700","0.3830","0.3087"
"226.2900","0.3831","0.3097"
"226.3100","0.3832","0.3107"
"226.3300","0.3833","0.3117"
"226.3500","0.3833","0.3127"
"226.3700","0.3834","0.3136"
"226.3900","0.3835","0.3146"
"226.4100","0.3836","0.3155"
"226.4300","0.3837","0.3164"
"226.4500","0.3838","0.3173"
"226.4700","0.3838","0.3183"
"226.4900","0.3839","0.3192"
"226.5100","0.3840","0.3202"
"226.5300","0.3841","0.3211"
"226.5500","0.3842","0.3222"
"226.5700","0.3843","0.3232"
"226.5900","0.3843","0.3242"
"226.6100","0.3844","0.3252"
"226.6300","0.3845","0.3262"
"226.6500","0.3846","0.3272"
"226.6700","0.3847","0.3283"
"226.6900","0.3848","0.3293"
"226.7100","0.3849","0.3304"
"226.7300","0.3850","0.3315"
"226.7500","0.3850","0.3327"
"226.7700","0.3851","0.3338"
"226.7900","0.3852","0.3349"
"226.8100","0.3853","0.3359"
"226.8300","0.3854","0.3370"
"226.8500","0.3855","0.3380"
"226.8700","0.3856","0.3390"
"226.8900","0.3857","0.3401"
"226.9100","0.3857","0.3411"
"226.9300","0.3858","0.3421"
"226.9500","0.3859","0.3431"
"226.9700","0.3860","0.3441"
"226.9900","0.3861","0.3451"
"227.0100","0.3862","0.3461"
"227.0300","0.3862","0.3470"
"227.0500","0.3863","0.3480"
"227.0700","0.3864","0.3490"
"227.0900","0.3865","0.3499"
"227.1100","0.3865","0.3508"
"227.1300","0.3866","0.3519"
"227.1500","0.3867","0.3528"
"227.1700","0.3868","0.3538"
"227.1900","0.3869","0.3547"
"227.2100","0.3869","0.3557"
"227.2300","0.3870","0.3567"
"227.2500","0.3871","0.3578"
"227.2700","0.3872","0.3586"
"227.2900","0.3873","0.3596"
"227.3100","0.3873","0.3606"
"227.3300","0.3874","0.3617"
"227.3500","0.3875","0.3627"
"227.3700","0.3876","0.3637"
"227.3900","0.3877","0.3647"
"227.4100","0.3877","0.3658"
"227.4300","0.3878","0.3668"
"227.4500","0.3879","0.3677"
"227.4700","0.3880","0.3687"
"227.4900","0.3881","0.3697"
"227.5100","0.3881","0.3707"
"227.5300","0.3882","0.3717"
"227.5500","0.3883","0.3727"
"227.5700","0.3884","0.3737"
"227.5900","0.3884","0.3746"
"227.6100","0.3885","0.3755"
"227.6300","0.3886","0.3765"
"227.6500","0.3887","0.3774"
"227.6700","0.3887","0.3784"
"227.6900","0.3888","0.3794"
"227.7100","0.3889","0.3802"
"227.7300","0.3890","0.3812"
"227.7500","0.3890","0.3822"
"227.7700","0.3891","0.3832"
"227.7900","0.3892","0.3841"
"227.8100","0.3893","0.3851"
"227.8300","0.3893","0.3860"
"227.8500","0.3894","0.3868"
"227.8700","0.3895","0.3878"
"227.8900","0.3895","0.3886"
"227.9100","0.3896","0.3895"
"227.9300","0.3897","0.3904"
"227.9500","0.3897","0.3913"
"227.9700","0.3898","0.3923"
"227.9900","0.3899","0.3932"
"228.0100","0.3900","0.3941"
"228.0300","0.3900","0.3949"
"228.0500","0.3901","0.3959"
"228.0700","0.3902","0.3967"
"228.0900","0.3902","0.3977"
"228.1100","0.3903","0.3986"
"228.1300","0.3904","0.3995"
"228.1500","0.3904","0.4004"
"228.1700","0.3905","0.4013"
"228.1900","0.3906","0.4024"
"228.2100","0.3906","0.4034"
"228.2300","0.3907","0.4043"
"228.2500","0.3908","0.4052"
"228.2700","0.3909","0.4062"
"228.2900","0.3909","0.4072"
"228.3100","0.3910","0.4082"
"228.3300","0.3911","0.4093"
"228.3500","0.3912","0.4103"
"228.3700","0.3912","0.4113"
"228.3900","0.3913","0.4123"
"228.4100","0.3914","0.4133"
"228.4300","0.3915","0.4143"
"228.4500","0.3915","0.4154"
"228.4700","0.3916","0.4164"
"228.4900","0.3917","0.4174"
"228.5100","0.3918","0.4185"
"228.5300","0.3918","0.4195"
"228.5500","0.3919","0.4206"
"228.5700","0.3920","0.4216"
"228.5900","0.3920","0.4226"
"228.6100","0.3921","0.4236"
"228.6300","0.3922","0.4247"
"228.6500","0.3923","0.4257"
"228.6700","0.3923","0.4267"
"228.6900","0.3924","0.4278"
"228.7100","0.3925","0.4289"
"228.7300","0.3926","0.4299"
"228.7500","0.3926","0.4309"
"228.7700","0.3927","0.4318"
"228.7900","0.3928","0.4329"
"228.8100","0.3929","0.4340"
"228.8300","0.3929","0.4350"
"228.8500","0.3930","0.4359"
"228.8700","0.3931","0.4369"
"228.8900","0.3931","0.4379"
"228.9100","0.3932","0.4389"
"228.9300","0.3933","0.4399"
"228.9500","0.3933","0.4408"
"228.9700","0.3934","0.4417"
"228.9900","0.3935","0.4427"
"229.0100","0.3936","0.4437"
"229.0300","0.3936","0.4446"
"229.0500","0.3937","0.4455"
"229.0700","0.3938","0.4465"
"229.0900","0.3938","0.4474"
"229.1100","0.3939","0.4483"
"229.1300","0.3940","0.4493"
"229.1500","0.3940","0.4503"
"229.1700","0.3941","0.4513"
"229.1900","0.3942","0.4523"
"229.2100","0.3942","0.4533"
"229.2300","0.3943","0.4543"
"229.2500","0.3944","0.4553"
"229.2700","0.3944","0.4564"
"229.2900","0.3945","0.4575"
"229.3100","0.3946","0.4585"
"229.3300","0.3947","0.4596"
"229.3500","0.3947","0.4606"
"229.3700","0.3948","0.4618"
"229.3900","0.3949","0.4630"
"229.4100","0.3950","0.4639"
"229.4300","0.3950","0.4651"
"229.4500","0.3951","0.4663"
"229.4700","0.3952","0.4675"
"229.4900","0.3953","0.4685"
"229.5100","0.3953","0.4697"
"229.5300","0.3954","0.4708"
"229.5500","0.3955","0.4718"
"229.5700","0.3955","0.4728"
"229.5900","0.3956","0.4739"
"229.6100","0.3957","0.4750"
"229.6300","0.3958","0.4760"
"229.6500","0.3958","0.4770"
"229.6700","0.3959","0.4781"
"229.6900","0.3960","0.4791"
"229.7100","0.3960","0.4801"
"229.7300","0.3961","0.4811"
"229.7500","0.3962","0.4820"
"229.7700","0.3962","0.4831"
"229.7900","0.3963","0.4841"
"229.8100","0.3964","0.4850"
"229.8300","0.3964","0.4860"
"229.8500","0.3965","0.4871"
"229.8700","0.3966","0.4881"
"229.8900","0.3966","0.4890"
"229.9100","0.3967","0.4900"
"229.9300","0.3968","0.4910"
"229.9500","0.3968","0.4920"
"229.9700","0.3969","0.4931"
"229.9900","0.3970","0.4941"
"230.0100","0.3970","0.4952"
"230.0300","0.3971","0.4962"
"230.0500","0.3972","0.4972"
"230.0700","0.3972","0.4981"
"230.0900","0.3973","0.4992"
"230.1100","0.3974","0.5003"
"230.1300","0.3974","0.5014"
"230.1500","0.3975","0.5023"
"230.1700","0.3976","0.5034"
"230.1900","0.3977","0.5044"
"230.2100","0.3977","0.5054"
"230.2300","0.3978","0.5065"
"230.2500","0.3979","0.5076"
"230.2700","0.3979","0.5086"
"230.2900","0.3980","0.5096"
"230.3100","0.3980","0.5106"
"230.3300","0.3981","0.5116"
"230.3500","0.3982","0.5126"
"230.3700","0.3982","0.5136"
"230.3900","0.3983","0.5146"
"230.4100","0.3984","0.5155"
"230.4300","0.3984","0.5165"
"230.4500","0.3985","0.5176"
"230.4700","0.3986","0.5185"
"230.4900","0.3986","0.5195"
"230.5100","0.3987","0.5205"
"230.5300","0.3988","0.5215"
"230.5500","0.3988","0.5225"
"230.5700","0.3989","0.5234"
"230.5900","0.3989","0.5244"
"230.6100","0.3990","0.5254"
"230.6300","0.3991","0.5263"
"230.6500","0.3991","0.5272"
"230.6700","0.3992","0.5282"
"230.6900","0.3993","0.5291"
"230.7100","0.3993","0.5301"
"230.7300","0.3994","0.5310"
"230.7500","0.3994","0.5319"
"230.7700","0.3995","0.5328"
"230.7900","0.3996","0.5337"
"230.8100","0.3996","0.5346"
"230.8300","0.3997","0.5355"
"230.8500","0.3997","0.5364"
"230.8700","0.3998","0.5374"
"230.8900","0.3998","0.5383"
"230.9100","0.3999","0.5392"
"230.9300","0.4000","0.5401"
"230.9500","0.4000","0.5410"
"230.9700","0.4001","0.5418"
"230.9900","0.4001","0.5427"
"231.0100","0.4002","0.5436"
"231.0300","0.4002","0.5445"
"231.0500","0.4003","0.5454"
"231.0700","0.4004","0.5464"
"231.0900","0.4004","0.5473"
"231.1100","0.4005","0.5482"
"231.1300","0.4005","0.5491"
"231.1500","0.4006","0.5500"
"231.1700","0.4007","0.5510"
"231.1900","0.4007","0.5519"
"231.2100","0.4008","0.5529"
"231.2300","0.4008","0.5539"
"231.2500","0.4009","0.5548"
"231.2700","0.4010","0.5558"
"231.2900","0.4010","0.5568"
"231.3100","0.4011","0.5577"
"231.3300","0.4011","0.5587"
"231.3500","0.4012","0.5597"
"231.3700","0.4013","0.5608"
"231.3900","0.4013","0.5619"
"231.4100","0.4014","0.5630"
"231.4300","0.4015","0.5639"
"231.4500","0.4015","0.5651"
"231.4700","0.4016","0.5661"
"231.4900","0.4016","0.5671"
"231.5100","0.4017","0.5681"
"231.5300","0.4018","0.5692"
"231.5500","0.4018","0.5703"
"231.5700","0.4019","0.5713"
"231.5900","0.4020","0.5724"
"231.6100","0.4020","0.5735"
"231.6300","0.4021","0.5746"
"231.6500","0.4022","0.5757"
"231.6700","0.4022","0.5768"
"231.6900","0.4023","0.5778"
"231.7100","0.4023","0.5787"
"231.7300","0.4024","0.5798"
"231.7500","0.4025","0.5809"
"231.7700","0.4025","0.5820"
"231.7900","0.4026","0.5830"
"231.8100","0.4027","0.5842"
"231.8300","0.4027","0.5851"
"231.8500","0.4028","0.5861"
"231.8700","0.4028","0.5871"
"231.8900","0.4029","0.5881"
"231.9100","0.4030","0.5891"
"231.9300","0.4030","0.5901"
"231.9500","0.4031","0.5911"
"231.9700","0.4031","0.5921"
"231.9900","0.4032","0.5931"
"232.0100","0.4033","0.5940"
"232.0300","0.4033","0.5949"
"232.0500","0.4034","0.5959"
"232.0700","0.4034","0.5968"
"232.0900","0.4035","0.5978"
"232.1100","0.4036","0.5987"
"232.1300","0.4036","0.5997"
"232.1500","0.4037","0.6007"
"232.1700","0.4037","0.6016"
"232.1900","0.4038","0.6025"
"232.2100","0.4038","0.6034"
"232.2300","0.4039","0.6044"
"232.2500","0.4040","0.6054"
"232.2700","0.4040","0.6063"
"232.2900","0.4041","0.6072"
"232.3100","0.4041","0.6082"
"232.3300","0.4042","0.6093"
"232.3500","0.4042","0.6102"
"232.3700","0.4043","0.6112"
"232.3900","0.4044","0.6121"
"232.4100","0.4044","0.6132"
"232.4300","0.4045","0.6142"
"232.4500","0.4045","0.6152"
"232.4700","0.4046","0.6163"
"232.4900","0.4047","0.6173"
"232.5100","0.4047","0.6183"
"232.5300","0.4048","0.6194"
"232.5500","0.4048","0.6205"
"232.5700","0.4049","0.6216"
"232.5900","0.4050","0.6226"
"232.6100","0.4050","0.6237"
"232.6300","0.4051","0.6248"
"232.6500","0.4052","0.6258"
"232.6700","0.4052","0.6270"
"232.6900","0.4053","0.6280"
"232.7100","0.4053","0.6291"
"232.7300","0.4054","0.6302"
"232.7500","0.4055","0.6312"
"232.7700","0.4055","0.6323"
"232.7900","0.4056","0.6333"
"232.8100","0.4056","0.6343"
"232.8300","0.4057","0.6354"
"232.8500","0.4058","0.6365"
"232.8700","0.4058","0.6375"
"232.8900","0.4059","0.6384"
"232.9100","0.4059","0.6395"
"232.9300","0.4060","0.6405"
"232.9500","0.4061","0.6415"
"232.9700","0.4061","0.6425"
"232.9900","0.4062","0.6435"
"233.0100","0.4062","0.6444"
"233.0300","0.4063","0.6453"
"233.0500","0.4064","0.6464"
"233.0700","0.4064","0.6474"
"233.0900","0.4065","0.6483"
"233.1100","0.4065","0.6493"
"233.1300","0.4066","0.6502"
"233.1500","0.4066","0.6511"
"233.1700","0.4067","0.6521"
"233.1900","0.4067","0.6531"
"233.2100","0.4068","0.6541"
"233.2300","0.4069","0.6551"
"233.2500","0.4069","0.6560"
"233.2700","0.4070","0.6569"
"233.2900","0.4070","0.6579"
"233.3100","0.4071","0.6589"
"233.3300","0.4071","0.6599"
"233.3500","0.4072","0.6610"
"233.3700","0.4073","0.6619"
"233.3900","0.4073","0.6629"
"233.4100","0.4074","0.6638"
"233.4300","0.4074","0.6647"
"233.4500","0.4075","0.6657"
"233.4700","0.4075","0.6668"
"233.4900","0.4076","0.6678"
"233.5100","0.4076","0.6688"
"233.5300","0.4077","0.6698"
"233.5500","0.4078","0.6707"
"233.5700","0.4078","0.6717"
"233.5900","0.4079","0.6726"
"233.6100","0.4079","0.6736"
"233.6300","0.4080","0.6747"
"233.6500","0.4080","0.6757"
"233.6700","0.4081","0.6767"
"233.6900","0.4082","0.6776"
"233.7100","0.4082","0.6785"
"233.7300","0.4083","0.6795"
"233.7500","0.4083","0.6804"
"233.7700","0.4084","0.6814"
"233.7900","0.4084","0.6824"
"233.8100","0.4085","0.6834"
"233.8300","0.4085","0.6843"
"233.8500","0.4086","0.6852"
"233.8700","0.4087","0.6861"
"233.8900","0.4087","0.6871"
"233.9100","0.4088","0.6880"
"233.9300","0.4088","0.6890"
"233.9500","0.4089","0.6900"
"233.9700","0.4089","0.6908"
"233.9900","0.4090","0.6917"
"234.0100","0.4090","0.6926"
"234.0300","0.4091","0.6936"
"234.0500","0.4091","0.6946"
"234.0700","0.4092","0.6955"
"234.0900","0.4092","0.6964"
"234.1100","0.4093","0.6972"
"234.1300","0.4093","0.6982"
"234.1500","0.4094","0.6991"
"234.1700","0.4095","0.7001"
"234.1900","0.4095","0.7009"
"234.2100","0.4096","0.7018"
"234.2300","0.4096","0.7028"
"234.2500","0.4097","0.7037"
"234.2700","0.4097","0.7046"
"234.2900","0.4098","0.7055"
"234.3100","0.4098","0.7064"
"234.3300","0.4099","0.7074"
"234.3500","0.4099","0.7083"
"234.3700","0.4100","0.7092"
"234.3900","0.4100","0.7101"
"234.4100","0.4101","0.7110"
"234.4300","0.4101","0.7120"
"234.4500","0.4102","0.7130"
"234.4700","0.4102","0.7138"
"234.4900","0.4103","0.7148"
"234.5100","0.4104","0.7158"
"234.5300","0.4104","0.7168"
"234.5500","0.4105","0.7177"
"234.5700","0.4105","0.7188"
"234.5900","0.4106","0.7196"
"234.6100","0.4106","0.7206"
"234.6300","0.4107","0.7217"
"234.6500","0.4107","0.7227"
"234.6700","0.4108","0.7237"
"234.6900","0.4109","0.7247"
"234.7100","0.4109","0.7257"
"234.7300","0.4110","0.7268"
"234.7500","0.4110","0.7278"
"234.7700","0.4111","0.7288"
"234.7900","0.4111","0.7299"
"234.8100","0.4112","0.7310"
"234.8300","0.4113","0.7320"
"234.8500","0.4113","0.7330"
"234.8700","0.4114","0.7341"
"234.8900","0.4114","0.7352"
"234.9100","0.4115","0.7363"
"234.9300","0.4116","0.7374"
"234.9500","0.4116","0.7385"
"234.9700","0.4117","0.7396"
"234.9900","0.4117","0.7407"
"235.0100","0.4118","0.7417"
"235.0300","0.4119","0.7429"
"235.0500","0.4119","0.7440"
"235.0700","0.4120","0.7450"
"235.0900","0.4120","0.7461"
"235.1100","0.4121","0.7473"
"235.1300","0.4122","0.7483"
"235.1500","0.4122","0.7494"
"235.1700","0.4123","0.7505"
"235.1900","0.4124","0.7516"
"235.2100","0.4124","0.7528"
"235.2300","0.4125","0.7539"
"235.2500","0.4125","0.7550"
"235.2700","0.4126","0.7560"
"235.2900","0.4127","0.7571"
"235.3100","0.4127","0.7582"
"235.3300","0.4128","0.7593"
"235.3500","0.4128","0.7604"
"235.3700","0.4129","0.7614"
"235.3900","0.4130","0.7625"
"235.4100","0.4130","0.7635"
"235.4300","0.4131","0.7646"
"235.4500","0.4131","0.7657"
"235.4700","0.4132","0.7668"
"235.4900","0.4133","0.7678"
"235.5100","0.4133","0.7689"
"235.5300","0.4134","0.7699"
"235.5500","0.4134","0.7709"
"235.5700","0.4135","0.7719"
"235.5900","0.4136","0.7729"
"235.6100","0.4136","0.7738"
"235.6300","0.4137","0.7749"
"235.6500","0.4137","0.7759"
"235.6700","0.4138","0.7769"
"235.6900","0.4139","0.7779"
"235.7100","0.4139","0.7789"
"235.7300","0.4140","0.7799"
"235.7500","0.4140","0.7809"
"235.7700","0.4141","0.7819"
"235.7900","0.4142","0.7829"
"235.8100","0.4142","0.7840"
"235.8300","0.4143","0.7851"
"235.8500","0.4143","0.7861"
"235.8700","0.4144","0.7871"
"235.8900","0.4145","0.7882"
"235.9100","0.4145","0.7892"
"235.9300","0.4146","0.7903"
"235.9500","0.4147","0.7914"
"235.9700","0.4147","0.7924"
"235.9900","0.4148","0.7936"
"236.0100","0.4148","0.7947"
"236.0300","0.4149","0.7958"
"236.0500","0.4150","0.7969"
"236.0700","0.4150","0.7980"
"236.0900","0.4151","0.7990"
"236.1070","0.4152","0.8000"
"236.1080","0.4152","0.8001"
"236.1090","0.4152","0.8001"
"236.1290","0.4152","0.8011"
"236.1490","0.4153","0.8017"
"236.1690","0.4153","0.8017"
"236.1890","0.4153","0.8014"
"236.2090","0.4153","0.8010"
"236.2290","0.4153","0.8004"
"236.2490","0.4153","0.7998"
"236.2690","0.4153","0.7992"
"236.2890","0.4153","0.7987"
"236.3090","0.4153","0.7983"
"236.3290","0.4153","0.7977"
"236.3490","0.4153","0.7972"
"236.3690","0.4153","0.7967"
"236.3890","0.4153","0.7961"
"236.4090","0.4153","0.7956"
"236.4290","0.4153","0.7950"
"236.4490","0.4153","0.7944"
"236.4690","0.4153","0.7940"
"236.4890","0.4153","0.7936"
"236.5090","0.4153","0.7931"
"236.5290","0.4152","0.7926"
"236.5490","0.4152","0.7920"
"236.5690","0.4152","0.7915"
"236.5890","0.4152","0.7910"
"236.6090","0.4152","0.7905"
"236.6290","0.4152","0.7899"
"236.6490","0.4152","0.7894"
"236.6690","0.4152","0.7889"
"236.6890","0.4152","0.7884"
"236.7090","0.4151","0.7878"
"236.7290","0.4151","0.7872"
"236.7490","0.4151","0.7867"
"236.7690","0.4151","0.7861"
"236.7890","0.4151","0.7855"
"236.8090","0.4151","0.7849"
"236.8290","0.4151","0.7843"
"236.8490","0.4150","0.7837"
"236.8690","0.4150","0.7831"
"236.8890","0.4150","0.7824"
"236.9090","0.4150","0.7818"
"236.9290","0.4150","0.7812"
"236.9490","0.4149","0.7806"
"236.9690","0.4149","0.7798"
"236.9890","0.4149","0.7791"
"237.0090","0.4149","0.7784"
"237.0290","0.4148","0.7777"
"237.0490","0.4148","0.7769"
"237.0690","0.4148","0.7762"
"237.0890","0.4148","0.7754"
"237.1090","0.4148","0.7747"
"237.1290","0.4147","0.7739"
"237.1490","0.4147","0.7732"
"237.1690","0.4147","0.7723"
"237.1890","0.4146","0.7715"
"237.2090","0.4146","0.7707"
"237.2290","0.4146","0.7699"
"237.2490","0.4146","0.7691"
"237.2690","0.4145","0.7683"
"237.2890","0.4145","0.7674"
"237.3090","0.4145","0.7666"
"237.3290","0.4145","0.7659"
"237.3490","0.4144","0.7650"
"237.3690","0.4144","0.7640"
"237.3890","0.4144","0.7631"
"237.4090","0.4143","0.7622"
"237.4290","0.4143","0.7613"
"237.4490","0.4143","0.7603"
"237.4690","0.4142","0.7594"
"237.4890","0.4142","0.7585"
"237.5090","0.4142","0.7575"
"237.5290","0.4141","0.7566"
"237.5490","0.4141","0.7557"
"237.5690","0.4141","0.7546"
"237.5890","0.4140","0.7537"
"237.6090","0.4140","0.7527"
"237.6290","0.4140","0.7517"
"237.6490","0.4139","0.7507"
"237.6690","0.4139","0.7497"
"237.6890","0.4139","0.7488"
"237.7090","0.4138","0.7478"
"237.7290","0.4138","0.7467"
"237.7490","0.4138","0.7458"
"237.7690","0.4137","0.7448"
"237.7890","0.4137","0.7437"
"237.8090","0.4136","0.7426"
"237.8290","0.4136","0.7415"
"237.8490","0.4136","0.7405"
"237.8690","0.4135","0.7395"
"237.8890","0.4135","0.7384"
"237.9090","0.4135","0.7373"
"237.9290","0.4134","0.7363"
"237.9490","0.4134","0.7352"
"237.9690","0.4133","0.7342"
"237.9890","0.4133","0.7331"
"238.0090","0.4133","0.7320"
"238.0290","0.4132","0.7309"
"238.0490","0.4132","0.7298"
"238.0690","0.4131","0.7286"
"238.0890","0.4131","0.7276"
"238.1090","0.4131","0.7265"
"238.1290","0.4130","0.7253"
"238.1490","0.4130","0.7243"
"238.1690","0.4129","0.7231"
"238.1890","0.4129","0.7220"
"238.2090","0.4129","0.7209"
"238.2290","0.4128","0.7197"
"238.2490","0.4128","0.7186"
"238.2690","0.4127","0.7175"
"238.2890","0.4127","0.7164"
"238.3090","0.4126","0.7152"
"238.3290","0.4126","0.7140"
"238.3490","0.4126","0.7128"
"238.3690","0.4125","0.7117"
"238.3890","0.4125","0.7105"
"238.4090","0.4124","0.7093"
"238.4290","0.4124","0.7082"
"238.4490","0.4123","0.7071"
"238.4690","0.4123","0.7059"
"238.4890","0.4123","0.7047"
"238.5090","0.4122","0.7035"
"238.5290","0.4122","0.7024"
"238.5490","0.4121","0.7012"
"238.5690","0.4121","0.6999"
"238.5890","0.4120","0.6988"
"238.6090","0.4120","0.6976"
"238.6290","0.4119","0.6964"
"238.6490","0.4119","0.6952"
"238.6690","0.4119","0.6941"
"238.6890","0.4118","0.6929"
"238.7090","0.4118","0.6918"
"238.7290","0.4117","0.6906"
"238.7490","0.4117","0.6894"
"238.7690","0.4116","0.6881"
"238.7890","0.4116","0.6870"
"238.8090","0.4115","0.6857"
"238.8290","0.4115","0.6845"
"238.8490","0.4114","0.6834"
"238.8690","0.4114","0.6822"
"238.8890","0.4114","0.6811"
"238.9090","0.4113","0.6799"
"238.9290","0.4113","0.6786"
"238.9490","0.4112","0.6775"
"238.9690","0.4112","0.6762"
"238.9890","0.4111","0.6751"
"239.0090","0.4111","0.6740"
"239.0290","0.4110","0.6729"
"239.0490","0.4110","0.6717"
"239.0690","0.4109","0.6704"
"239.0890","0.4109","0.6693"
"239.1090","0.4109","0.6681"
"239.1290","0.4108","0.6669"
"239.1490","0.4108","0.6658"
"239.1690","0.4107","0.6646"
"239.1890","0.4107","0.6634"
"239.2090","0.4106","0.6622"
"239.2290","0.4106","0.6612"
"239.2490","0.4105","0.6600"
"239.2690","0.4105","0.6589"
"239.2890","0.4104","0.6577"
"239.3090","0.4104","0.6567"
"239.3290","0.4104","0.6555"
"239.3490","0.4103","0.6543"
"239.3690","0.4103","0.6532"
"239.3890","0.4102","0.6521"
"239.4090","0.4102","0.6511"
"239.4290","0.4101","0.6499"
"239.4490","0.4101","0.6488"
"239.4690","0.4100","0.6478"
"239.4890","0.4100","0.6467"
"239.5090","0.4100","0.6456"
"239.5290","0.4099","0.6446"
"239.5490","0.4099","0.6435"
"239.5690","0.4098","0.6424"
"239.5890","0.4098","0.6414"
"239.6090","0.4097","0.6403"
"239.6290","0.4097","0.6393"
"239.6490","0.4097","0.6382"
"239.6690","0.4096","0.6371"
"239.6890","0.4096","0.6361"
"239.7090","0.4095","0.6350"
"239.7290","0.4095","0.6340"
"239.7490","0.4094","0.6330"
"239.7690","0.4094","0.6319"
"239.7890","0.4093","0.6308"
"239.8090","0.4093","0.6297"
"239.8290","0.4093","0.6286"
"239.8490","0.4092","0.6276"
"239.8690","0.4092","0.6266"
"239.8890","0.4091","0.6255"
"239.9090","0.4091","0.6244"
"239.9290","0.4090","0.6234"
"239.9490","0.4090","0.6223"
"239.9690","0.4090","0.6212"
"239.9890","0.4089","0.6202"
"240.0090","0.4089","0.6191"
"240.0290","0.4088","0.6181"
"240.0490","0.4088","0.6170"
"240.0690","0.4087","0.6159"
"240.0890","0.4087","0.6148"
"240.1090","0.4086","0.6137"
"240.1290","0.4086","0.6127"
"240.1490","0.4085","0.6117"
"240.1690","0.4085","0.6105"
"240.1890","0.4085","0.6094"
"240.2090","0.4084","0.6084"
"240.2290","0.4084","0.6073"
"240.2490","0.4083","0.6062"
"240.2690","0.4083","0.6050"
"240.2890","0.4082","0.6039"
"240.3090","0.4082","0.6029"
"240.3290","0.4081","0.6019"
"240.3490","0.4081","0.6007"
"240.3690","0.4080","0.5996"
"240.3890","0.4080","0.5985"
"240.4090","0.4079","0.5974"
"240.4290","0.4079","0.5962"
"240.4490","0.4078","0.5951"
"240.4690","0.4078","0.5940"
"240.4890","0.4078","0.5929"
"240.5090","0.4077","0.5918"
"240.5290","0.4077","0.5907"
"240.5490","0.4076","0.5895"
"240.5690","0.4076","0.5883"
"240.5890","0.4075","0.5872"
"240.6090","0.4075","0.5861"
"240.6290","0.4074","0.5850"
"240.6490","0.4074","0.5839"
"240.6690","0.4073","0.5828"
"240.6890","0.4073","0.5816"
"240.7090","0.4072","0.5805"
"240.7290","0.4072","0.5794"
"240.7490","0.4071","0.5783"
"240.7690","0.4071","0.5771"
"240.7890","0.4070","0.5761"
"240.8090","0.4070","0.5750"
"240.8290","0.4069","0.5738"
"240.8490","0.4069","0.5727"
"240.8690","0.4068","0.5716"
"240.8890","0.4068","0.5706"
"240.9090","0.4067","0.5695"
"240.9290","0.4067","0.5683"
"240.9490","0.4066","0.5673"
"240.9690","0.4066","0.5663"
"240.9890","0.4065","0.5653"
"241.0090","0.4065","0.5642"
"241.0290","0.4064","0.5631"
"241.0490","0.4064","0.5620"
"241.0690","0.4063","0.5610"
"241.0890","0.4063","0.5600"
"241.1090","0.4062","0.5590"
"241.1290","0.4062","0.5579"
"241.1490","0.4062","0.5568"
"241.1690","0.4061","0.5559"
"241.1890","0.4061","0.5549"
"241.2090","0.4060","0.5538"
"241.2290","0.4060","0.5527"
"241.2490","0.4059","0.5517"
"241.2690","0.4059","0.5507"
"241.2890","0.4058","0.5496"
"241.3090","0.4058","0.5486"
"241.3290","0.4057","0.5475"
"241.3490","0.4057","0.5465"
"241.3690","0.4056","0.5454"
"241.3890","0.4056","0.5444"
"241.4090","0.4055","0.5433"
"241.4290","0.4055","0.5423"
"241.4490","0.4054","0.5412"
"241.4690","0.4054","0.5401"
"241.4890","0.4053","0.5390"
"241.5090","0.4053","0.5380"
"241.5290","0.4052","0.5369"
"241.5490","0.4052","0.5357"
"241.5690","0.4051","0.5347"
"241.5890","0.4051","0.5336"
"241.6090","0.4050","0.5325"
"241.6290","0.4050","0.5314"
"241.6490","0.4049","0.5303"
"241.6690","0.4049","0.5292"
"241.6890","0.4048","0.5281"
"241.7090","0.4048","0.5270"
"241.7290","0.4047","0.5259"
"241.7490","0.4047","0.5248"
"241.7690","0.4046","0.5237"
"241.7890","0.4046","0.5226"
"241.8090","0.4045","0.5216"
"241.8290","0.4044","0.5205"
"241.8490","0.4044","0.5194"
"241.8690","0.4043","0.5183"
"241.8890","0.4043","0.5172"
"241.9090","0.4042","0.5162"
"241.9290","0.4042","0.5151"
"241.9490","0.4041","0.5141"
"241.9690","0.4041","0.5129"
"241.9890","0.4040","0.5119"
"242.0090","0.4040","0.5109"
"242.0290","0.4039","0.5099"
"242.0490","0.4039","0.5089"
"242.0690","0.4038","0.5079"
"242.0890","0.4038","0.5068"
"242.1090","0.4037","0.5058"
"242.1290","0.4037","0.5047"
"242.1490","0.4036","0.5038"
"242.1690","0.4036","0.5027"
"242.1890","0.4035","0.5017"
"242.2090","0.4035","0.5007"
"242.2290","0.4034","0.4997"
"242.2490","0.4034","0.4987"
"242.2690","0.4033","0.4978"
"242.2890","0.4033","0.4968"
"242.3090","0.4032","0.4957"
"242.3290","0.4032","0.4947"
"242.3490","0.4031","0.4937"
"242.3690","0.4031","0.4927"
"242.3890","0.4030","0.4916"
"242.4090","0.4030","0.4906"
"242.4290","0.4029","0.4896"
"242.4490","0.4029","0.4886"
"242.4690","0.4028","0.4875"
"242.4890","0.4028","0.4865"
"242.5090","0.4027","0.4856"
"242.5290","0.4027","0.4846"
"242.5490","0.4026","0.4835"
"242.5690","0.4026","0.4825"
"242.5890","0.4025","0.4815"
"242.6090","0.4025","0.4803"
"242.6290","0.4024","0.4793"
"242.6490","0.4024","0.4783"
"242.6690","0.4023","0.4772"
"242.6890","0.4022","0.4762"
"242.7090","0.4022","0.4752"
"242.7290","0.4021","0.4741"
"242.7490","0.4021","0.4731"
"242.7690","0.4020","0.4720"
"242.7890","0.4020","0.4709"
"242.8090","0.4019","0.4699"
"242.8290","0.4019","0.4688"
"242.8490","0.4018","0.4678"
"242.8690","0.4018","0.4668"
"242.8890","0.4017","0.4657"
"242.9090","0.4016","0.4647"
"242.9290","0.4016","0.4636"
"242.9490","0.4015","0.4626"
"242.9690","0.4015","0.4616"
"242.9890","0.4014","0.4606"
"243.0090","0.4014","0.4596"
"243.0290","0.4013","0.4586"
"243.0490","0.4013","0.4576"
"243.0690","0.4012","0.4565"
"243.0890","0.4012","0.4555"
"243.1090","0.4011","0.4545"
"243.1290","0.4010","0.4536"
"243.1490","0.4010","0.4524"
"243.1690","0.4009","0.4514"
"243.1890","0.4009","0.4505"
"243.2090","0.4008","0.4495"
"243.2290","0.4008","0.4485"
"243.2490","0.4007","0.4475"
"243.2690","0.4007","0.4465"
"243.2890","0.4006","0.4455"
"243.3090","0.4006","0.4446"
"243.3290","0.4005","0.4436"
"243.3490","0.4005","0.4427"
"243.3690","0.4004","0.4417"
"243.3890","0.4003","0.4407"
"243.4090","0.4003","0.4398"
"243.4290","0.4002","0.4388"
"243.4490","0.4002","0.4378"
"243.4690","0.4001","0.4368"
"243.4890","0.4001","0.4358"
"243.5090","0.4000","0.4349"
"243.5290","0.4000","0.4340"
"243.5490","0.3999","0.4331"
"243.5690","0.3999","0.4321"
"243.5890","0.3998","0.4312"
"243.6090","0.3998","0.4303"
"243.6290","0.3997","0.4293"
"243.6490","0.3997","0.4284"
"243.6690","0.3996","0.4274"
"243.6890","0.3996","0.4265"
"243.7090","0.3995","0.4256"
"243.7290","0.3994","0.4245"
"243.7490","0.3994","0.4236"
"243.7690","0.3993","0.4227"
"243.7890","0.3993","0.4218"
"243.8090","0.3992","0.4209"
"243.8290","0.3992","0.4199"
"243.8490","0.3991","0.4189"
"243.8690","0.3991","0.4179"
"243.8890","0.3990","0.4169"
"243.9090","0.3990","0.4161"
"243.9290","0.3989","0.4150"
"243.9490","0.3988","0.4140"
"243.9690","0.3988","0.4130"
"243.9890","0.3987","0.4121"
"244.0090","0.3987","0.4111"
"244.0290","0.3986","0.4100"
"244.0490","0.3986","0.4090"
"244.0690","0.3985","0.4080"
"244.0890","0.3984","0.4070"
"244.1090","0.3984","0.4060"
"244.1290","0.3983","0.4049"
"244.1490","0.3983","0.4038"
"244.1690","0.3982","0.4028"
"244.1890","0.3981","0.4018"
"244.2090","0.3981","0.4007"
"244.2290","0.3980","0.3996"
"244.2490","0.3980","0.3987"
"244.2690","0.3979","0.3976"
"244.2890","0.3978","0.3965"
"244.3090","0.3978","0.3954"
"244.3290","0.3977","0.3942"
"244.3490","0.3977","0.3932"
"244.3690","0.3976","0.3922"
"244.3890","0.3975","0.3912"
"244.4090","0.3975","0.3900"
"244.4290","0.3974","0.3889"
"244.4490","0.3973","0.3878"
"244.4690","0.3973","0.3866"
"244.4890","0.3972","0.3855"
"244.5090","0.3971","0.3844"
"244.5290","0.3971","0.3834"
"244.5490","0.3970","0.3822"
"244.5690","0.3969","0.3811"
"244.5890","0.3969","0.3801"
"244.6090","0.3968","0.3790"
"244.6290","0.3967","0.3780"
"244.6490","0.3967","0.3769"
"244.6690","0.3966","0.3759"
"244.6890","0.3965","0.3749"
"244.7090","0.3965","0.3738"
"244.7290","0.3964","0.3728"
"244.7490","0.3964","0.3718"
"244.7690","0.3963","0.3708"
"244.7890","0.3962","0.3699"
"244.8090","0.3962","0.3690"
"244.8290","0.3961","0.3680"
"244.8490","0.3960","0.3670"
"244.8690","0.3960","0.3661"
"244.8890","0.3959","0.3651"
"244.9090","0.3959","0.3642"
"244.9290","0.3958","0.3633"
"244.9490","0.3957","0.3623"
"244.9690","0.3957","0.3613"
"244.9890","0.3956","0.3603"
"245.0090","0.3956","0.3593"
"245.0290","0.3955","0.3584"
"245.0490","0.3954","0.3574"
"245.0690","0.3954","0.3563"
"245.0890","0.3953","0.3553"
"245.1090","0.3952","0.3543"
"245.1290","0.3952","0.3533"
"245.1490","0.3951","0.3522"
"245.1690","0.3950","0.3512"
"245.1890","0.3950","0.3501"
"245.2090","0.3949","0.3492"
"245.2290","0.3948","0.3481"
"245.2490","0.3948","0.3469"
"245.2690","0.3947","0.3458"
"245.2890","0.3946","0.3448"
"245.3090","0.3946","0.3438"
"245.3290","0.3945","0.3428"
"245.3490","0.3944","0.3417"
"245.3690","0.3943","0.3406"
"245.3890","0.3943","0.3395"
"245.4090","0.3942","0.3384"
"245.4290","0.3941","0.3374"
"245.4490","0.3941","0.3365"
"245.4690","0.3940","0.3355"
"245.4890","0.3939","0.3344"
"245.5090","0.3939","0.3334"
"245.5290","0.3938","0.3324"
"245.5490","0.3937","0.3314"
"245.5690","0.3937","0.3305"
"245.5890","0.3936","0.3294"
"245.6090","0.3935","0.3284"
"245.6290","0.3935","0.3275"
"245.6490","0.3934","0.3265"
"245.6690","0.3933","0.3255"
"245.6890","0.3933","0.3245"
"245.7090","0.3932","0.3236"
"245.7290","0.3931","0.3226"
"245.7490","0.3931","0.3217"
"245.7690","0.3930","0.3208"
"245.7890","0.3929","0.3198"
"245.8090","0.3929","0.3188"
"245.8290","0.3928","0.3179"
"245.8490","0.3927","0.3169"
"245.8690","0.3926","0.3159"
"245.8890","0.3926","0.3149"
"245.9090","0.3925","0.3139"
"245.9290","0.3924","0.3130"
"245.9490","0.3924","0.3120"
"245.9690","0.3923","0.3110"
"245.9890","0.3922","0.3101"
"246.0090","0.3922","0.3092"
"246.0290","0.3921","0.3082"
"246.0490","0.3920","0.3072"
"246.0690","0.3920","0.3061"
"246.0890","0.3919","0.3052"
"246.1090","0.3918","0.3042"
"246.1290","0.3917","0.3033"
"246.1490","0.3917","0.3022"
"246.1690","0.3916","0.3013"
"246.1890","0.3915","0.3003"
"246.2090","0.3915","0.2993"
"246.2290","0.3914","0.2982"
"246.2490","0.3913","0.2972"
"246.2690","0.3912","0.2963"
"246.2890","0.3912","0.2953"
"246.3090","0.3911","0.2942"
"246.3290","0.3910","0.2932"
"246.3490","0.3909","0.2921"
"246.3690","0.3909","0.2911"
"246.3890","0.3908","0.2901"
"246.4090","0.3907","0.2890"
"246.4290","0.3906","0.2880"
"246.4490","0.3905","0.2870"
"246.4690","0.3905","0.2860"
"246.4890","0.3904","0.2849"
"246.5090","0.3903","0.2840"
"246.5290","0.3902","0.2831"
"246.5490","0.3902","0.2821"
"246.5690","0.3901","0.2812"
"246.5890","0.3900","0.2801"
"246.6090","0.3899","0.2791"
"246.6290","0.3899","0.2783"
"246.6490","0.3898","0.2774"
"246.6690","0.3897","0.2765"
"246.6890","0.3897","0.2756"
"246.7090","0.3896","0.2747"
"246.7290","0.3895","0.2737"
"246.7490","0.3894","0.2727"
"246.7690","0.3893","0.2718"
"246.7890","0.3893","0.2708"
"246.8090","0.3892","0.2699"
"246.8290","0.3891","0.2691"
"246.8490","0.3890","0.2681"
"246.8690","0.3890","0.2671"
"246.8890","0.3889","0.2662"
"246.9090","0.3888","0.2652"
"246.9290","0.3887","0.2643"
"246.9490","0.3887","0.2633"
"246.9690","0.3886","0.2623"
"246.9890","0.3885","0.2614"
"247.0090","0.3884","0.2604"
"247.0290","0.3883","0.2594"
"247.0490","0.3883","0.2583"
"247.0690","0.3882","0.2573"
"247.0890","0.3881","0.2563"
"247.1090","0.3880","0.2553"
"247.1290","0.3879","0.2542"
"247.1490","0.3878","0.2532"
"247.1690","0.3878","0.2522"
"247.1890","0.3877","0.2511"
"247.2090","0.3876","0.2499"
"247.2290","0.3875","0.2489"
"247.2490","0.3874","0.2478"
"247.2690","0.3873","0.2468"
"247.2890","0.3872","0.2457"
"247.3090","0.3871","0.2446"
"247.3290","0.3870","0.2434"
"247.3490","0.3869","0.2423"
"247.3690","0.3868","0.2413"
"247.3890","0.3868","0.2402"
"247.4090","0.3867","0.2392"
"247.4290","0.3866","0.2382"
"247.4490","0.3865","0.2373"
"247.4690","0.3864","0.2362"
"247.4890","0.3863","0.2352"
"247.5090","0.3862","0.2342"
"247.5290","0.3861","0.2333"
"247.5490","0.3861","0.2324"
"247.5690","0.3860","0.2315"
"247.5890","0.3859","0.2306"
"247.6090","0.3858","0.2296"
"247.6290","0.3857","0.2286"
"247.6490","0.3856","0.2277"
"247.6690","0.3855","0.2267"
"247.6890","0.3855","0.2258"
"247.7090","0.3854","0.2248"
"247.7290","0.3853","0.2238"
"247.7490","0.3852","0.2228"
"247.7690","0.3851","0.2218"
"247.7890","0.3850","0.2207"
"247.8090","0.3849","0.2196"
"247.8290","0.3848","0.2186"
"247.8490","0.3847","0.2175"
"247.8690","0.3846","0.2163"
"247.8890","0.3845","0.2152"
"247.9090","0.3844","0.2142"
"247.9290","0.3843","0.2131"
"247.9490","0.3842","0.2120"
"247.9690","0.3841","0.2109"
"247.9890","0.3840","0.2098"
"248.0090","0.3839","0.2088"
"248.0290","0.3838","0.2078"
"248.0490","0.3837","0.2068"
"248.0690","0.3836","0.2058"
"248.0890","0.3835","0.2048"
"248.1090","0.3834","0.2037"
"248.1290","0.3833","0.2027"
"248.1490","0.3832","0.2017"
"248.1690","0.3831","0.2007"
"248.1890","0.3830","0.1998"
"248.2090","0.3829","0.1988"
"248.2290","0.3828","0.1978"
"248.2490","0.3827","0.1967"
"248.2690","0.3826","0.1957"
"248.2890","0.3825","0.1947"
"248.3090","0.3824","0.1937"
"248.3290","0.3823","0.1927"
"248.3490","0.3821","0.1916"
"248.3690","0.3820","0.1905"
"248.3890","0.3819","0.1894"
"248.4090","0.3818","0.1882"
"248.4290","0.3817","0.1871"
"248.4490","0.3816","0.1860"
"248.4690","0.3815","0.1848"
"248.4890","0.3813","0.1838"
"248.5090","0.3812","0.1827"
"248.5290","0.3811","0.1816"
"248.5490","0.3810","0.1805"
"248.5690","0.3809","0.1794"
"248.5890","0.3808","0.1784"
"248.6090","0.3806","0.1774"
"248.6290","0.3805","0.1763"
"248.6490","0.3804","0.1753"
"248.6690","0.3803","0.1743"
"248.6890","0.3802","0.1733"
"248.7090","0.3801","0.1724"
"248.7290","0.3800","0.1716"
"248.7490","0.3799","0.1708"
"248.7690","0.3798","0.1698"
"248.7890","0.3796","0.1689"
"248.8090","0.3795","0.1680"
"248.8290","0.3794","0.1672"
"248.8490","0.3793","0.1664"
"248.8690","0.3792","0.1655"
"248.8890","0.3791","0.1646"
"248.9090","0.3790","0.1638"
"248.9290","0.3789","0.1630"
"248.9490","0.3788","0.1621"
"248.9690","0.3787","0.1612"
"248.9890","0.3786","0.1603"
"249.0090","0.3785","0.1594"
"249.0290","0.3784","0.1584"
"249.0490","0.3783","0.1574"
"249.0690","0.3781","0.1564"
"249.0890","0.3780","0.1554"
"249.1090","0.3779","0.1545"
"249.1290","0.3778","0.1535"
"249.1490","0.3777","0.1524"
"249.1690","0.3775","0.1514"
"249.1890","0.3774","0.1503"
"249.2090","0.3773","0.1492"
"249.2290","0.3771","0.1481"
"249.2490","0.3770","0.1470"
"249.2690","0.3768","0.1459"
"249.2890","0.3767","0.1448"
"249.3090","0.3766","0.1437"
"249.3290","0.3764","0.1426"
"249.3490","0.3763","0.1415"
"249.3690","0.3762","0.1406"
"249.3890","0.3760","0.1397"
"249.4090","0.3759","0.1388"
"249.4290","0.3758","0.1379"
"249.4490","0.3756","0.1368"
"249.4690","0.3755","0.1359"
"249.4890","0.3754","0.1349"
"249.5090","0.3752","0.1338"
"249.5290","0.3751","0.1329"
"249.5490","0.3750","0.1319"
"249.5690","0.3748","0.1308"
"249.5890","0.3747","0.1298"
"249.6090","0.3745","0.1287"
"249.6290","0.3744","0.1276"
"249.6490","0.3742","0.1264"
"249.6690","0.3740","0.1253"
"249.6890","0.3739","0.1242"
"249.7090","0.3737","0.1232"
"249.7290","0.3736","0.1221"
"249.7490","0.3734","0.1210"
"249.7690","0.3733","0.1200"
"249.7890","0.3731","0.1190"
"249.8090","0.3730","0.1180"
"249.8290","0.3728","0.1170"
"249.8490","0.3726","0.1161"
"249.8690","0.3725","0.1152"
"249.8890","0.3723","0.1141"
"249.9090","0.3722","0.1132"
"249.9290","0.3720","0.1122"
"249.9490","0.3719","0.1112"
"249.9690","0.3717","0.1102"
"249.9890","0.3716","0.1092"
"250.0090","0.3714","0.1084"
"250.0290","0.3712","0.1074"
"250.0490","0.3711","0.1065"
"250.0690","0.3709","0.1055"
"250.0890","0.3708","0.1045"
"250.1090","0.3706","0.1035"
"250.1290","0.3704","0.1025"
"250.1490","0.3703","0.1016"
"250.1690","0.3701","0.1007"
"250.1890","0.3699","0.0997"
"250.2090","0.3698","0.0988"
"250.2290","0.3696","0.0979"
"250.2490","0.3695","0.0971"
"250.2690","0.3693","0.0962"
"250.2890","0.3692","0.0954"
"250.3090","0.3690","0.0945"
"250.3290","0.3688","0.0936"
"250.3490","0.3687","0.0928"
"250.3690","0.3685","0.0919"
"250.3890","0.3683","0.0910"
"250.4090","0.3682","0.0900"
"250.4290","0.3680","0.0889"
"250.4490","0.3678","0.0878"
"250.4690","0.3676","0.0867"
"250.4890","0.3674","0.0855"
"250.5090","0.3671","0.0843"
"250.5290","0.3669","0.0831"
"250.5490","0.3667","0.0819"
"250.5690","0.3665","0.0807"
"250.5890","0.3662","0.0795"
"250.6090","0.3660","0.0783"
"250.6290","0.3658","0.0774"
"250.6490","0.3656","0.0764"
"250.6690","0.3654","0.0753"
"250.6890","0.3651","0.0744"
"250.7090","0.3649","0.0735"
"250.7290","0.3647","0.0723"
"250.7490","0.3645","0.0714"
"250.7690","0.3643","0.0704"
"250.7890","0.3640","0.0694"
"250.8090","0.3638","0.0685"
"250.8290","0.3636","0.0676"
"250.8490","0.3634","0.0666"
"250.8690","0.3632","0.0659"
"250.8890","0.3630","0.0650"
"250.9090","0.3628","0.0643"
"250.9290","0.3626","0.0635"
"250.9490","0.3624","0.0628"
"250.9690","0.3622","0.0621"
"250.9890","0.3620","0.0612"
"251.0090","0.3618","0.0604"
"251.0290","0.3616","0.0596"
"251.0490","0.3614","0.0588"
"251.0690","0.3612","0.0580"
"251.0890","0.3610","0.0571"
"251.1090","0.3607","0.0561"
"251.1290","0.3605","0.0552"
"251.1490","0.3603","0.0544"
"251.1690","0.3600","0.0535"
"251.1890","0.3598","0.0526"
"251.2090","0.3596","0.0518"
"251.2290","0.3594","0.0510"
"251.2490","0.3591","0.0503"
"251.2690","0.3589","0.0495"
"251.2890","0.3587","0.0487"
"251.3090","0.3584","0.0478"
"251.3290","0.3582","0.0469"
"251.3490","0.3579","0.0459"
"251.3690","0.3577","0.0449"
"251.3890","0.3574","0.0439"
"251.4090","0.3571","0.0428"
"251.4290","0.3567","0.0416"
"251.4490","0.3564","0.0405"
"251.4690","0.3560","0.0394"
"251.4890","0.3557","0.0384"
"251.5090","0.3554","0.0375"
"251.5290","0.3551","0.0366"
"251.5490","0.3548","0.0358"
"251.5690","0.3545","0.0348"
"251.5890","0.3542","0.0339"
"251.6090","0.3539","0.0329"
"251.6290","0.3535","0.0320"
"251.6490","0.3532","0.0311"
"251.6690","0.3529","0.0302"
"251.6890","0.3526","0.0294"
"251.7090","0.3523","0.0286"
"251.7290","0.3519","0.0276"
"251.7490","0.3516","0.0266"
"251.7690","0.3512","0.0255"
"251.7890","0.3508","0.0244"
"251.8090","0.3503","0.0231"
"251.8290","0.3498","0.0219"
"251.8490","0.3494","0.0208"
"251.8620","0.3491","0.0200"
"251.8630","0.3490","0.0199"
"251.8640","0.3490","0.0199"
"251.8840","0.3485","0.0187"
"251.9040","0.3481","0.0177"
"251.9240","0.3477","0.0170"
"251.9440","0.3474","0.0166"
"251.9640","0.3472","0.0164"
"251.9840","0.3470","0.0162"
"252.0040","0.3469","0.0163"
"252.0240","0.3468","0.0165"
"252.0440","0.3467","0.0166"
"252.0640","0.3467","0.0169"
"252.0840","0.3467","0.0171"
"252.1040","0.3467","0.0174"
"252.1240","0.3467","0.0177"
"252.1440","0.3467","0.0180"
"252.1640","0.3467","0.0184"
"252.1840","0.3467","0.0187"
"252.2040","0.3467","0.0190"
"252.2240","0.3467","0.0193"
"252.2440","0.3467","0.0196"
"252.2640","0.3467","0.0198"
"252.2840","0.3468","0.0201"
"252.3040","0.3468","0.0204"
"252.3240","0.3468","0.0206"
"252.3440","0.3468","0.0208"
"252.3640","0.3468","0.0210"
"252.3840","0.3468","0.0213"
"252.4040","0.3469","0.0216"
"252.4240","0.3469","0.0218"
"252.4440","0.3469","0.0221"
"252.4640","0.3469","0.0223"
"252.4840","0.3470","0.0226"
"252.5040","0.3470","0.0229"
"252.5240","0.3470","0.0232"
"252.5440","0.3470","0.0235"
"252.5640","0.3471","0.0237"
"252.5840","0.3471","0.0240"
"252.6040","0.3472","0.0244"
"252.6240","0.3472","0.0247"
"252.6440","0.3473","0.0250"
"252.6640","0.3473","0.0255"
"252.6840","0.3474","0.0258"
"252.7040","0.3474","0.0261"
"252.7240","0.3475","0.0265"
"252.7440","0.3475","0.0269"
"252.7640","0.3476","0.0274"
"252.7840","0.3477","0.0279"
"252.8040","0.3477","0.0284"
"252.8240","0.3478","0.0289"
"252.8440","0.3479","0.0294"
"252.8640","0.3480","0.0300"
"252.8840","0.3481","0.0305"
"252.9040","0.3482","0.0310"
"252.9240","0.3483","0.0316"
"252.9440","0.3483","0.0321"
"252.9640","0.3484","0.0328"
"252.9840","0.3486","0.0334"
"253.0040","0.3487","0.0341"
"253.0240","0.3488","0.0348"
"253.0440","0.3489","0.0354"
"253.0640","0.3490","0.0361"
"253.0840","0.3492","0.0368"
"253.1040","0.3493","0.0376"
"253.1240","0.3494","0.0384"
"253.1440","0.3496","0.0392"
"253.1640","0.3497","0.0400"
"253.1840","0.3499","0.0409"
"253.2040","0.3500","0.0418"
"253.2240","0.3502","0.0428"
"253.2440","0.3504","0.0438"
"253.2640","0.3506","0.0449"
"253.2840","0.3508","0.0460"
"253.3040","0.3510","0.0472"
"253.3240","0.3513","0.0485"
"253.3440","0.3515","0.0500"
"253.3640","0.3518","0.0516"
"253.3840","0.3521","0.0530"
"253.4040","0.3523","0.0546"
"253.4240","0.3526","0.0562"
"253.4440","0.3529","0.0578"
"253.4640","0.3532","0.0593"
"253.4840","0.3535","0.0607"
"253.5040","0.3537","0.0620"
"253.5240","0.3540","0.0634"
"253.5440","0.3542","0.0648"
"253.5640","0.3545","0.0662"
"253.5840","0.3547","0.0677"
"253.6040","0.3550","0.0693"
"253.6240","0.3553","0.0710"
"253.6440","0.3556","0.0725"
"253.6640","0.3559","0.0742"
"253.6840","0.3562","0.0758"
"253.7040","0.3565","0.0774"
"253.7240","0.3567","0.0791"
"253.7440","0.3570","0.0807"
"253.7640","0.3573","0.0824"
"253.7840","0.3576","0.0842"
"253.8040","0.3579","0.0860"
"253.8240","0.3582","0.0878"
"253.8440","0.3585","0.0895"
"253.8640","0.3588","0.0912"
"253.8840","0.3591","0.0929"
"253.9040","0.3594","0.0945"
"253.9240","0.3596","0.0961"
"253.9440","0.3599","0.0975"
"253.9640","0.3601","0.0988"
"253.9840","0.3603","0.1001"
"254.0040","0.3605","0.1014"
"254.0240","0.3607","0.1028"
"254.0440","0.3610","0.1041"
"254.0640","0.3612","0.1055"
"254.0840","0.3614","0.1069"
"254.1040","0.3617","0.1084"
"254.1240","0.3619","0.1099"
"254.1440","0.3621","0.1114"
"254.1640","0.3623","0.1128"
"254.1840","0.3625","0.1142"
"254.2040","0.3628","0.1155"
"254.2240","0.3630","0.1167"
"254.2440","0.3632","0.1180"
"254.2640","0.3633","0.1192"
"254.2840","0.3635","0.1204"
"254.3040","0.3637","0.1215"
"254.3240","0.3639","0.1225"
"254.3440","0.3640","0.1236"
"254.3640","0.3642","0.1249"
"254.3840","0.3644","0.1261"
"254.4040","0.3646","0.1273"
"254.4240","0.3648","0.1287"
"254.4440","0.3650","0.1301"
"254.4640","0.3652","0.1316"
"254.4840","0.3654","0.1331"
"254.5040","0.3656","0.1346"
"254.5240","0.3658","0.1361"
"254.5440","0.3660","0.1376"
"254.5640","0.3662","0.1391"
"254.5840","0.3664","0.1407"
"254.6040","0.3666","0.1423"
"254.6240","0.3668","0.1438"
"254.6440","0.3670","0.1452"
"254.6640","0.3672","0.1467"
"254.6840","0.3674","0.1482"
"254.7040","0.3676","0.1498"
"254.7240","0.3678","0.1513"
"254.7440","0.3680","0.1527"
"254.7640","0.3682","0.1541"
"254.7840","0.3684","0.1555"
"254.8040","0.3686","0.1569"
"254.8240","0.3688","0.1581"
"254.8440","0.3690","0.1595"
"254.8640","0.3691","0.1608"
"254.8840","0.3693","0.1620"
"254.9040","0.3694","0.1631"
"254.9240","0.3696","0.1641"
"254.9440","0.3697","0.1652"
"254.9640","0.3699","0.1663"
"254.9840","0.3700","0.1674"
"255.0040","0.3701","0.1683"
"255.0240","0.3702","0.1693"
"255.0440","0.3704","0.1703"
"255.0640","0.3705","0.1712"
"255.0840","0.3706","0.1723"
"255.1040","0.3708","0.1734"
"255.1240","0.3709","0.1743"
"255.1440","0.3710","0.1754"
"255.1640","0.3712","0.1766"
"255.1840","0.3713","0.1777"
"255.2040","0.3714","0.1788"
"255.2240","0.3716","0.1799"
"255.2440","0.3717","0.1810"
"255.2640","0.3718","0.1821"
"255.2840","0.3720","0.1833"
"255.3040","0.3721","0.1845"
"255.3240","0.3723","0.1857"
"255.3440","0.3724","0.1869"
"255.3640","0.3725","0.1881"
"255.3840","0.3727","0.1892"
"255.4040","0.3728","0.1903"
"255.4240","0.3729","0.1914"
"255.4440","0.3731","0.1925"
"255.4640","0.3732","0.1936"
"255.4840","0.3733","0.1946"
"255.5040","0.3735","0.1957"
"255.5240","0.3736","0.1968"
"255.5440","0.3737","0.1978"
"255.5640","0.3738","0.1988"
"255.5840","0.3739","0.1999"
"255.6040","0.3740","0.2009"
"255.6240","0.3742","0.2019"
"255.6440","0.3743","0.2030"
"255.6640","0.3744","0.2041"
"255.6840","0.3745","0.2053"
"255.7040","0.3747","0.2065"
"255.7240","0.3748","0.2077"
"255.7440","0.3749","0.2090"
"255.7640","0.3751","0.2103"
"255.7840","0.3752","0.2115"
"255.8040","0.3753","0.2127"
"255.8240","0.3755","0.2139"
"255.8440","0.3756","0.2150"
"255.8640","0.3757","0.2162"
"255.8840","0.3759","0.2173"
"255.9040","0.3760","0.2185"
"255.9240","0.3761","0.2195"
"255.9440","0.3762","0.2205"
"255.9640","0.3763","0.2215"
"255.9840","0.3764","0.2226"
"256.0040","0.3765","0.2238"
"256.0240","0.3767","0.2247"
"256.0440","0.3768","0.2257"
"256.0640","0.3769","0.2268"
"256.0840","0.3770","0.2279"
"256.1040","0.3771","0.2289"
"256.1240","0.3772","0.2299"
"256.1440","0.3773","0.2310"
"256.1640","0.3774","0.2321"
"256.1840","0.3775","0.2331"
"256.2040","0.3777","0.2341"
"256.2240","0.3778","0.2352"
"256.2440","0.3779","0.2364"
"256.2640","0.3780","0.2374"
"256.2840","0.3781","0.2384"
"256.3040","0.3782","0.2394"
"256.3240","0.3783","0.2404"
"256.3440","0.3784","0.2414"
"256.3640","0.3785","0.2425"
"256.3840","0.3786","0.2434"
"256.4040","0.3787","0.2444"
"256.4240","0.3788","0.2453"
"256.4440","0.3789","0.2463"
"256.4640","0.3790","0.2473"
"256.4840","0.3791","0.2482"
"256.5040","0.3792","0.2492"
"256.5240","0.3793","0.2501"
"256.5440","0.3794","0.2510"
"256.5640","0.3795","0.2519"
"256.5840","0.3796","0.2528"
"256.6040","0.3797","0.2536"
"256.6240","0.3797","0.2545"
"256.6440","0.3798","0.2553"
"256.6640","0.3799","0.2563"
"256.6840","0.3800","0.2571"
"256.7040","0.3801","0.2579"
"256.7240","0.3802","0.2588"
"256.7440","0.3803","0.2598"
"256.7640","0.3804","0.2607"
"256.7840","0.3804","0.2615"
"256.8040","0.3805","0.2625"
"256.8240","0.3806","0.2635"
"256.8440","0.3807","0.2645"
"256.8640","0.3808","0.2655"
"256.8840","0.3809","0.2665"
"256.9040","0.3810","0.2675"
"256.9240","0.3811","0.2686"
"256.9440","0.3812","0.2698"
"256.9640","0.3813","0.2708"
"256.9840","0.3814","0.2719"
"257.0040","0.3815","0.2731"
"257.0240","0.3816","0.2743"
"257.0440","0.3817","0.2754"
"257.0640","0.3818","0.2766"
"257.0840","0.3819","0.2777"
"257.1040","0.3820","0.2788"
"257.1240","0.3821","0.2799"
"257.1440","0.3822","0.2811"
"257.1640","0.3824","0.2823"
"257.1840","0.3825","0.2834"
"257.2040","0.3826","0.2846"
"257.2240","0.3827","0.2857"
"257.2440","0.3828","0.2869"
"257.2640","0.3828","0.2879"
"257.2840","0.3829","0.2888"
"257.3040","0.3830","0.2899"
"257.3240","0.3831","0.2910"
"257.3440","0.3832","0.2921"
"257.3640","0.3833","0.2931"
"257.3840","0.3834","0.2940"
"257.4040","0.3835","0.2949"
"257.4240","0.3836","0.2958"
"257.4440","0.3837","0.2967"
"257.4640","0.3837","0.2977"
"257.4840","0.3838","0.2987"
"257.5040","0.3839","0.2997"
"257.5240","0.3840","0.3007"
"257.5440","0.3841","0.3016"
"257.5640","0.3842","0.3025"
"257.5840","0.3843","0.3034"
"257.6040","0.3844","0.3046"
"257.6240","0.3844","0.3056"
"257.6440","0.3845","0.3066"
"257.6640","0.3846","0.3076"
"257.6840","0.3847","0.3088"
"257.7040","0.3848","0.3098"
"257.7240","0.3849","0.3108"
"257.7440","0.3850","0.3119"
"257.7640","0.3851","0.3130"
"257.7840","0.3852","0.3141"
"257.8040","0.3853","0.3153"
"257.8240","0.3854","0.3164"
"257.8440","0.3854","0.3174"
"257.8640","0.3855","0.3184"
"257.8840","0.3856","0.3195"
"257.9040","0.3857","0.3206"
"257.9240","0.3858","0.3216"
"257.9440","0.3859","0.3226"
"257.9640","0.3860","0.3236"
"257.9840","0.3860","0.3245"
"258.0040","0.3861","0.3255"
"258.0240","0.3862","0.3264"
"258.0440","0.3863","0.3274"
"258.0640","0.3864","0.3285"
"258.0840","0.3865","0.3294"
"258.1040","0.3865","0.3304"
"258.1240","0.3866","0.3314"
"258.1440","0.3867","0.3323"
"258.1640","0.3868","0.3333"
"258.1840","0.3869","0.3343"
"258.2040","0.3869","0.3352"
"258.2240","0.3870","0.3362"
"258.2440","0.3871","0.3373"
"258.2640","0.3872","0.3382"
"258.2840","0.3873","0.3393"
"258.3040","0.3874","0.3403"
"258.3240","0.3874","0.3412"
"258.3440","0.3875","0.3423"
"258.3640","0.3876","0.3434"
"258.3840","0.3877","0.3443"
"258.4040","0.3878","0.3453"
"258.4240","0.3879","0.3464"
"258.4440","0.3879","0.3474"
"258.4640","0.3880","0.3484"
"258.4840","0.3881","0.3494"
"258.5040","0.3882","0.3503"
"258.5240","0.3883","0.3513"
"258.5440","0.3883","0.3524"
"258.5640","0.3884","0.3534"
"258.5840","0.3885","0.3543"
"258.6040","0.3886","0.3552"
"258.6240","0.3886","0.3562"
"258.6440","0.3887","0.3572"
"258.6640","0.3888","0.3581"
"258.6840","0.3889","0.3591"
"258.7040","0.3889","0.3600"
"258.7240","0.3890","0.3610"
"258.7440","0.3891","0.3619"
"258.7640","0.3892","0.3628"
"258.7840","0.3892","0.3638"
"258.8040","0.3893","0.3647"
"258.8240","0.3894","0.3656"
"258.8440","0.3895","0.3664"
"258.8640","0.3895","0.3674"
"258.8840","0.3896","0.3683"
"258.9040","0.3897","0.3692"
"258.9240","0.3897","0.3701"
"258.9440","0.3898","0.3709"
"258.9640","0.3899","0.3718"
"258.9840","0.3900","0.3727"
"259.0040","0.3900","0.3736"
"259.0240","0.3901","0.3745"
"259.0440","0.3902","0.3755"
"259.0640","0.3903","0.3765"
"259.0840","0.3903","0.3774"
"259.1040","0.3904","0.3783"
"259.1240","0.3905","0.3792"
"259.1440","0.3905","0.3800"
"259.1640","0.3906","0.3811"
"259.1840","0.3907","0.3821"
"259.2040","0.3908","0.3831"
"259.2240","0.3908","0.3841"
"259.2440","0.3909","0.3850"
"259.2640","0.3910","0.3859"
"259.2840","0.3911","0.3870"
"259.3040","0.3911","0.3881"
"259.3240","0.3912","0.3891"
"259.3440","0.3913","0.3900"
"259.3640","0.3914","0.3911"
"259.3840","0.3914","0.3921"
"259.4040","0.3915","0.3932"
"259.4240","0.3916","0.3942"
"259.4440","0.3917","0.3953"
"259.4640","0.3917","0.3963"
"259.4840","0.3918","0.3973"
"259.5040","0.3919","0.3984"
"259.5240","0.3920","0.3994"
"259.5440","0.3920","0.4004"
"259.5640","0.3921","0.4014"
"259.5840","0.3922","0.4025"
"259.6040","0.3923","0.4035"
"259.6240","0.3923","0.4045"
"259.6440","0.3924","0.4055"
"259.6640","0.3925","0.4066"
"259.6840","0.3926","0.4077"
"259.7040","0.3926","0.4087"
"259.7240","0.3927","0.4098"
"259.7440","0.3928","0.4108"
"259.7640","0.3929","0.4118"
"259.7840","0.3929","0.4128"
"259.8040","0.3930","0.4138"
"259.8240","0.3931","0.4148"
"259.8440","0.3932","0.4158"
"259.8640","0.3932","0.4167"
"259.8840","0.3933","0.4177"
"259.9040","0.3934","0.4186"
"259.9240","0.3934","0.4196"
"259.9440","0.3935","0.4206"
"259.9640","0.3936","0.4215"
"259.9840","0.3936","0.4224"
"260.0040","0.3937","0.4234"
"260.0240","0.3938","0.4244"
"260.0440","0.3939","0.4252"
"260.0640","0.3939","0.4262"
"260.0840","0.3940","0.4272"
"260.1040","0.3941","0.4282"
"260.1240","0.3941","0.4291"
"260.1440","0.3942","0.4301"
"260.1640","0.3943","0.4311"
"260.1840","0.3943","0.4321"
"260.2040","0.3944","0.4332"
"260.2240","0.3945","0.4343"
"260.2440","0.3946","0.4353"
"260.2640","0.3946","0.4363"
"260.2840","0.3947","0.4375"
"260.3040","0.3948","0.4386"
"260.3240","0.3949","0.4398"
"260.3440","0.3949","0.4409"
"260.3640","0.3950","0.4420"
"260.3840","0.3951","0.4431"
"260.4040","0.3952","0.4441"
"260.4240","0.3952","0.4452"
"260.4440","0.3953","0.4463"
"260.4640","0.3954","0.4475"
"260.4840","0.3955","0.4487"
"260.5040","0.3955","0.4497"
"260.5240","0.3956","0.4507"
"260.5440","0.3957","0.4517"
"260.5640","0.3958","0.4529"
"260.5840","0.3958","0.4539"
"260.6040","0.3959","0.4549"
"260.6240","0.3960","0.4559"
"260.6440","0.3960","0.4569"
"260.6640","0.3961","0.4579"
"260.6840","0.3962","0.4590"
"260.7040","0.3962","0.4599"
"260.7240","0.3963","0.4609"
"260.7440","0.3964","0.4619"
"260.7640","0.3965","0.4629"
"260.7840","0.3965","0.4640"
"260.8040","0.3966","0.4650"
"260.8240","0.3966","0.4659"
"260.8440","0.3967","0.4669"
"260.8640","0.3968","0.4679"
"260.8840","0.3969","0.4689"
"260.9040","0.3969","0.4700"
"260.9240","0.3970","0.4709"
"260.9440","0.3971","0.4719"
"260.9640","0.3971","0.4729"
"260.9840","0.3972","0.4741"
"261.0040","0.3973","0.4752"
"261.0240","0.3973","0.4762"
"261.0440","0.3974","0.4771"
"261.0640","0.3975","0.4782"
"261.0840","0.3976","0.4793"
"261.1040","0.3976","0.4803"
"261.1240","0.3977","0.4813"
"261.1440","0.3978","0.4823"
"261.1640","0.3978","0.4834"
"261.1840","0.3979","0.4844"
"261.2040","0.3980","0.4854"
"261.2240","0.3980","0.4865"
"261.2440","0.3981","0.4875"
"261.2640","0.3982","0.4886"
"261.2840","0.3982","0.4894"
"261.3040","0.3983","0.4904"
"261.3240","0.3984","0.4915"
"261.3440","0.3984","0.4925"
"261.3640","0.3985","0.4934"
"261.3840","0.3985","0.4944"
"261.4040","0.3986","0.4954"
"261.4240","0.3987","0.4964"
"261.4440","0.3987","0.4974"
"261.4640","0.3988","0.4983"
"261.4840","0.3989","0.4993"
"261.5040","0.3989","0.5002"
"261.5240","0.3990","0.5013"
"261.5440","0.3991","0.5022"
"261.5640","0.3991","0.5031"
"261.5840","0.3992","0.5040"
"261.6040","0.3992","0.5050"
"261.6240","0.3993","0.5059"
"261.6440","0.3994","0.5069"
"261.6640","0.3994","0.5077"
"261.6840","0.3995","0.5086"
"261.7040","0.3995","0.5095"
"261.7240","0.3996","0.5104"
"261.7440","0.3997","0.5113"
"261.7640","0.3997","0.5123"
"261.7840","0.3998","0.5132"
"261.8040","0.3998","0.5140"
"261.8240","0.3999","0.5148"
"261.8440","0.4000","0.5157"
"261.8640","0.4000","0.5167"
"261.8840","0.4001","0.5177"
"261.9040","0.4001","0.5186"
"261.9240","0.4002","0.5194"
"261.9440","0.4002","0.5203"
"261.9640","0.4003","0.5212"
"261.9840","0.4004","0.5221"
"262.0040","0.4004","0.5230"
"262.0240","0.4005","0.5239"
"262.0440","0.4005","0.5249"
"262.0640","0.4006","0.5259"
"262.0840","0.4007","0.5268"
"262.1040","0.4007","0.5277"
"262.1240","0.4008","0.5286"
"262.1440","0.4008","0.5296"
"262.1640","0.4009","0.5305"
"262.1840","0.4010","0.5315"
"262.2040","0.4010","0.5326"
"262.2240","0.4011","0.5336"
"262.2440","0.4011","0.5345"
"262.2640","0.4012","0.5356"
"262.2840","0.4013","0.5366"
"262.3040","0.4013","0.5376"
"262.3240","0.4014","0.5386"
"262.3440","0.4015","0.5396"
"262.3640","0.4015","0.5406"
"262.3840","0.4016","0.5417"
"262.4040","0.4017","0.5428"
"262.4240","0.4017","0.5439"
"262.4440","0.4018","0.5449"
"262.4640","0.4019","0.5460"
"262.4840","0.4019","0.5470"
"262.5040","0.4020","0.5482"
"262.5240","0.4020","0.5492"
"262.5440","0.4021","0.5503"
"262.5640","0.4022","0.5514"
"262.5840","0.4022","0.5524"
"262.6040","0.4023","0.5535"
"262.6240","0.4024","0.5546"
"262.6440","0.4024","0.5556"
"262.6640","0.4025","0.5565"
"262.6840","0.4026","0.5576"
"262.7040","0.4026","0.5587"
"262.7240","0.4027","0.5597"
"262.7440","0.4028","0.5607"
"262.7640","0.4028","0.5618"
"262.7840","0.4029","0.5628"
"262.8040","0.4029","0.5638"
"262.8240","0.4030","0.5648"
"262.8440","0.4031","0.5657"
"262.8640","0.4031","0.5668"
"262.8840","0.4032","0.5678"
"262.9040","0.4032","0.5686"
"262.9240","0.4033","0.5695"
"262.9440","0.4034","0.5705"
"262.9640","0.4034","0.5716"
"262.9840","0.4035","0.5725"
"263.0040","0.4035","0.5734"
"263.0240","0.4036","0.5744"
"263.0440","0.4036","0.5753"
"263.0640","0.4037","0.5762"
"263.0840","0.4038","0.5772"
"263.1040","0.4038","0.5782"
"263.1240","0.4039","0.5790"
"263.1440","0.4039","0.5799"
"263.1640","0.4040","0.5809"
"263.1840","0.4041","0.5820"
"263.2040","0.4041","0.5829"
"263.2240","0.4042","0.5838"
"263.2440","0.4042","0.5848"
"263.2640","0.4043","0.5857"
"263.2840","0.4043","0.5868"
"263.3040","0.4044","0.5878"
"263.3240","0.4045","0.5888"
"263.3440","0.4045","0.5898"
"263.3640","0.4046","0.5909"
"263.3840","0.4046","0.5919"
"263.4040","0.4047","0.5930"
"263.4240","0.4048","0.5939"
"263.4440","0.4048","0.5950"
"263.4640","0.4049","0.5961"
"263.4840","0.4050","0.5972"
"263.5040","0.4050","0.5983"
"263.5240","0.4051","0.5993"
"263.5440","0.4051","0.6004"
"263.5640","0.4052","0.6015"
"263.5840","0.4053","0.6026"
"263.6040","0.4053","0.6037"
"263.6240","0.4054","0.6047"
"263.6440","0.4054","0.6058"
"263.6640","0.4055","0.6067"
"263.6840","0.4056","0.6078"
"263.7040","0.4056","0.6089"
"263.7240","0.4057","0.6100"
"263.7440","0.4058","0.6111"
"263.7640","0.4058","0.6120"
"263.7840","0.4059","0.6130"
"263.8040","0.4059","0.6140"
"263.8240","0.4060","0.6150"
"263.8440","0.4061","0.6160"
"263.8640","0.4061","0.6170"
"263.8840","0.4062","0.6179"
"263.9040","0.4062","0.6190"
"263.9240","0.4063","0.6199"
"263.9440","0.4063","0.6209"
"263.9640","0.4064","0.6219"
"263.9840","0.4065","0.6229"
"264.0040","0.4065","0.6238"
"264.0240","0.4066","0.6247"
"264.0440","0.4066","0.6257"
"264.0640","0.4067","0.6267"
"264.0840","0.4067","0.6277"
"264.1040","0.4068","0.6286"
"264.1240","0.4069","0.6296"
"264.1440","0.4069","0.6306"
"264.1640","0.4070","0.6316"
"264.1840","0.4070","0.6325"
"264.2040","0.4071","0.6334"
"264.2240","0.4071","0.6345"
"264.2440","0.4072","0.6355"
"264.2640","0.4072","0.6364"
"264.2840","0.4073","0.6374"
"264.3040","0.4074","0.6384"
"264.3240","0.4074","0.6394"
"264.3440","0.4075","0.6404"
"264.3640","0.4075","0.6414"
"264.3840","0.4076","0.6423"
"264.4040","0.4076","0.6433"
"264.4240","0.4077","0.6443"
"264.4440","0.4078","0.6453"
"264.4640","0.4078","0.6463"
"264.4840","0.4079","0.6473"
"264.5040","0.4079","0.6483"
"264.5240","0.4080","0.6493"
"264.5440","0.4080","0.6502"
"264.5640","0.4081","0.6512"
"264.5840","0.4082","0.6522"
"264.6040","0.4082","0.6531"
"264.6240","0.4083","0.6541"
"264.6440","0.4083","0.6551"
"264.6640","0.4084","0.6560"
"264.6840","0.4084","0.6570"
"264.7040","0.4085","0.6580"
"264.7240","0.4085","0.6589"
"264.7440","0.4086","0.6599"
"264.7640","0.4086","0.6609"
"264.7840","0.4087","0.6617"
"264.8040","0.4088","0.6626"
"264.8240","0.4088","0.6636"
"264.8440","0.4089","0.6645"
"264.8640","0.4089","0.6655"
"264.8840","0.4090","0.6664"
"264.9040","0.4090","0.6674"
"264.9240","0.4091","0.6683"
"264.9440","0.4091","0.6692"
"264.9640","0.4092","0.6700"
"264.9840","0.4092","0.6710"
"265.0040","0.4093","0.6720"
"265.0240","0.4093","0.6729"
"265.0440","0.4094","0.6737"
"265.0640","0.4094","0.6747"
"265.0840","0.4095","0.6756"
"265.1040","0.4096","0.6765"
"265.1240","0.4096","0.6774"
"265.1440","0.4097","0.6783"
"265.1640","0.4097","0.6792"
"265.1840","0.4098","0.6802"
"265.2040","0.4098","0.6811"
"265.2240","0.4099","0.6820"
"265.2440","0.4099","0.6829"
"265.2640","0.4100","0.6838"
"265.2840","0.4100","0.6847"
"265.3040","0.4101","0.6857"
"265.3240","0.4101","0.6866"
"265.3440","0.4102","0.6875"
"265.3640","0.4102","0.6885"
"265.3840","0.4103","0.6894"
"265.4040","0.4103","0.6904"
"265.4240","0.4104","0.6914"
"265.4440","0.4105","0.6923"
"265.4640","0.4105","0.6932"
"265.4840","0.4106","0.6943"
"265.5040","0.4106","0.6953"
"265.5240","0.4107","0.6963"
"265.5440","0.4107","0.6972"
"265.5640","0.4108","0.6982"
"265.5840","0.4108","0.6992"
"265.6040","0.4109","0.7003"
"265.6240","0.4110","0.7013"
"265.6440","0.4110","0.7023"
"265.6640","0.4111","0.7034"
"265.6840","0.4111","0.7044"
"265.7040","0.4112","0.7055"
"265.7240","0.4112","0.7065"
"265.7440","0.4113","0.7075"
"265.7640","0.4114","0.7086"
"265.7840","0.4114","0.7097"
"265.8040","0.4115","0.7107"
"265.8240","0.4115","0.7118"
"265.8440","0.4116","0.7129"
"265.8640","0.4116","0.7140"
"265.8840","0.4117","0.7151"
"265.9040","0.4118","0.7161"
"265.9240","0.4118","0.7172"
"265.9440","0.4119","0.7183"
"265.9640","0.4119","0.7194"
"265.9840","0.4120","0.7204"
"266.0040","0.4121","0.7215"
"266.0240","0.4121","0.7226"
"266.0440","0.4122","0.7237"
"266.0640","0.4122","0.7248"
"266.0840","0.4123","0.7259"
"266.1040","0.4124","0.7270"
"266.1240","0.4124","0.7281"
"266.1440","0.4125","0.7291"
"266.1640","0.4125","0.7302"
"266.1840","0.4126","0.7314"
"266.2040","0.4127","0.7324"
"266.2240","0.4127","0.7335"
"266.2440","0.4128","0.7346"
"266.2640","0.4128","0.7355"
"266.2840","0.4129","0.7366"
"266.3040","0.4129","0.7378"
"266.3240","0.4130","0.7389"
"266.3440","0.4131","0.7399"
"266.3640","0.4131","0.7409"
"266.3840","0.4132","0.7420"
"266.4040","0.4132","0.7430"
"266.4240","0.4133","0.7440"
"266.4440","0.4134","0.7450"
"266.4640","0.4134","0.7461"
"266.4840","0.4135","0.7471"
"266.5040","0.4135","0.7481"
"266.5240","0.4136","0.7492"
"266.5440","0.4136","0.7501"
"266.5640","0.4137","0.7511"
"266.5840","0.4138","0.7521"
"266.6040","0.4138","0.7532"
"266.6240","0.4139","0.7542"
"266.6440","0.4139","0.7552"
"266.6640","0.4140","0.7563"
"266.6840","0.4140","0.7573"
"266.7040","0.4141","0.7583"
"266.7240","0.4141","0.7593"
"266.7440","0.4142","0.7603"
"266.7640","0.4143","0.7614"
"266.7840","0.4143","0.7624"
"266.8040","0.4144","0.7634"
"266.8240","0.4144","0.7645"
"266.8440","0.4145","0.7656"
"266.8640","0.4146","0.7666"
"266.8840","0.4146","0.7677"
"266.9040","0.4147","0.7688"
"266.9240","0.4147","0.7699"
"266.9440","0.4148","0.7711"
"266.9640","0.4149","0.7722"
"266.9840","0.4149","0.7732"
"267.0040","0.4150","0.7743"
"267.0240","0.4151","0.7755"
"267.0440","0.4151","0.7766"
"267.0640","0.4152","0.7776"
"267.0840","0.4152","0.7786"
"267.1040","0.4153","0.7797"
"267.1240","0.4153","0.7808"
"267.1440","0.4154","0.7817"
"267.1640","0.4155","0.7827"
"267.1840","0.4155","0.7838"
"267.2040","0.4156","0.7848"
"267.2240","0.4157","0.7858"
"267.2440","0.4157","0.7869"
"267.2640","0.4158","0.7878"
"267.2840","0.4158","0.7888"
"267.3040","0.4159","0.7898"
"267.3240","0.4159","0.7907"
"267.3440","0.4160","0.7917"
"267.3640","0.4161","0.7927"
"267.3840","0.4161","0.7936"
"267.4040","0.4162","0.7945"
"267.4240","0.4162","0.7954"
"267.4440","0.4163","0.7964"
"267.4640","0.4163","0.7973"
"267.4840","0.4164","0.7982"
"267.5040","0.4165","0.7992"
"267.5230","0.4165","0.8000"
"267.5240","0.4165","0.8000"
"267.5250","0.4165","0.8001"
"267.5450","0.4166","0.8010"
"267.5650","0.4166","0.8015"
"267.5850","0.4166","0.8015"
"267.6050","0.4166","0.8011"
"267.6250","0.4166","0.8006"
"267.6450","0.4166","0.8000"
"267.6650","0.4166","0.7995"
"267.6850","0.4166","0.7990"
"267.7050","0.4166","0.7985"
"267.7250","0.4166","0.7979"
"267.7450","0.4166","0.7975"
"267.7650","0.4166","0.7970"
"267.7850","0.4166","0.7964"
"267.8050","0.4166","0.7960"
"267.8250","0.4166","0.7956"
"267.8450","0.4166","0.7950"
"267.8650","0.4166","0.7944"
"267.8850","0.4166","0.7939"
"267.9050","0.4166","0.7934"
"267.9250","0.4166","0.7929"
"267.9450","0.4166","0.7924"
"267.9650","0.4165","0.7920"
"267.9850","0.4165","0.7914"
"268.0050","0.4165","0.7908"
"268.0250","0.4165","0.7904"
"268.0450","0.4165","0.7899"
"268.0650","0.4165","0.7893"
"268.0850","0.4165","0.7888"
"268.1050","0.4165","0.7883"
"268.1250","0.4164","0.7877"
"268.1450","0.4164","0.7871"
"268.1650","0.4164","0.7865"
"268.1850","0.4164","0.7860"
"268.2050","0.4164","0.7854"
"268.2250","0.4164","0.7848"
"268.2450","0.4163","0.7843"
"268.2650","0.4163","0.7836"
"268.2850","0.4163","0.7829"
"268.3050","0.4163","0.7823"
"268.3250","0.4163","0.7816"
"268.3450","0.4162","0.7810"
"268.3650","0.4162","0.7803"
"268.3850","0.4162","0.7796"
"268.4050","0.4162","0.7789"
"268.4250","0.4162","0.7782"
"268.4450","0.4161","0.7775"
"268.4650","0.4161","0.7767"
"268.4850","0.4161","0.7760"
"268.5050","0.4161","0.7753"
"268.5250","0.4160","0.7745"
"268.5450","0.4160","0.7737"
"268.5650","0.4160","0.7729"
"268.5850","0.4160","0.7722"
"268.6050","0.4159","0.7715"
"268.6250","0.4159","0.7705"
"268.6450","0.4159","0.7698"
"268.6650","0.4159","0.7692"
"268.6850","0.4158","0.7684"
"268.7050","0.4158","0.7675"
"268.7250","0.4158","0.7665"
"268.7450","0.4157","0.7656"
"268.7650","0.4157","0.7648"
"268.7850","0.4157","0.7638"
"268.8050","0.4156","0.7629"
"268.8250","0.4156","0.7620"
"268.8450","0.4156","0.7611"
"268.8650","0.4156","0.7602"
"268.8850","0.4155","0.7593"
"268.9050","0.4155","0.7582"
"268.9250","0.4155","0.7573"
"268.9450","0.4154","0.7564"
"268.9650","0.4154","0.7553"
"268.9850","0.4153","0.7543"
"269.0050","0.4153","0.7534"
"269.0250","0.4153","0.7524"
"269.0450","0.4152","0.7514"
"269.0650","0.4152","0.7503"
"269.0850","0.4152","0.7493"
"269.1050","0.4151","0.7483"
"269.1250","0.4151","0.7472"
"269.1450","0.4151","0.7462"
"269.1650","0.4150","0.7452"
"269.1850","0.4150","0.7441"
"269.2050","0.4150","0.7430"
"269.2250","0.4149","0.7419"
"269.2450","0.4149","0.7408"
"269.2650","0.4148","0.7397"
"269.2850","0.4148","0.7386"
"269.3050","0.4148","0.7375"
"269.3250","0.4147","0.7364"
"269.3450","0.4147","0.7353"
"269.3650","0.4146","0.7342"
"269.3850","0.4146","0.7330"
"269.4050","0.4146","0.7319"
"269.4250","0.4145","0.7308"
"269.4450","0.4145","0.7297"
"269.4650","0.4144","0.7285"
"269.4850","0.4144","0.7274"
"269.5050","0.4143","0.7262"
"269.5250","0.4143","0.7251"
"269.5450","0.4143","0.7240"
"269.5650","0.4142","0.7228"
"269.5850","0.4142","0.7216"
"269.6050","0.4141","0.7204"
"269.6250","0.4141","0.7194"
"269.6450","0.4141","0.7182"
"269.6650","0.4140","0.7171"
"269.6850","0.4140","0.7159"
"269.7050","0.4139","0.7148"
"269.7250","0.4139","0.7136"
"269.7450","0.4138","0.7125"
"269.7650","0.4138","0.7113"
"269.7850","0.4138","0.7101"
"269.8050","0.4137","0.7089"
"269.8250","0.4137","0.7078"
"269.8450","0.4136","0.7067"
"269.8650","0.4136","0.7055"
"269.8850","0.4135","0.7043"
"269.9050","0.4135","0.7031"
"269.9250","0.4134","0.7020"
"269.9450","0.4134","0.7008"
"269.9650","0.4134","0.6996"
"269.9850","0.4133","0.6984"
"270.0050","0.4133","0.6972"
"270.0250","0.4132","0.6960"
"270.0450","0.4132","0.6949"
"270.0650","0.4131","0.6937"
"270.0850","0.4131","0.6925"
"270.1050","0.4130","0.6913"
"270.1250","0.4130","0.6902"
"270.1450","0.4130","0.6890"
"270.1650","0.4129","0.6878"
"270.1850","0.4129","0.6866"
"270.2050","0.4128","0.6854"
"270.2250","0.4128","0.6843"
"270.2450","0.4127","0.6830"
"270.2650","0.4127","0.6819"
"270.2850","0.4126","0.6807"
"270.3050","0.4126","0.6795"
"270.3250","0.4125","0.6784"
"270.3450","0.4125","0.6772"
"270.3650","0.4125","0.6759"
"270.3850","0.4124","0.6747"
"270.4050","0.4124","0.6736"
"270.4250","0.4123","0.6724"
"270.4450","0.4123","0.6712"
"270.4650","0.4122","0.6700"
"270.4850","0.4122","0.6688"
"270.5050","0.4121","0.6676"
"270.5250","0.4121","0.6664"
"270.5450","0.4120","0.6652"
"270.5650","0.4120","0.6641"
"270.5850","0.4119","0.6629"
"270.6050","0.4119","0.6617"
"270.6250","0.4118","0.6605"
"270.6450","0.4118","0.6592"
"270.6650","0.4118","0.6581"
"270.6850","0.4117","0.6569"
"270.7050","0.4117","0.6557"
"270.7250","0.4116","0.6545"
"270.7450","0.4116","0.6534"
"270.7650","0.4115","0.6522"
"270.7850","0.4115","0.6511"
"270.8050","0.4114","0.6498"
"270.8250","0.4114","0.6486"
"270.8450","0.4113","0.6475"
"270.8650","0.4113","0.6464"
"270.8850","0.4112","0.6452"
"270.9050","0.4112","0.6440"
"270.9250","0.4111","0.6428"
"270.9450","0.4111","0.6416"
"270.9650","0.4111","0.6405"
"270.9850","0.4110","0.6394"
"271.0050","0.4110","0.6383"
"271.0250","0.4109","0.6371"
"271.0450","0.4109","0.6360"
"271.0650","0.4108","0.6348"
"271.0850","0.4108","0.6336"
"271.1050","0.4107","0.6325"
"271.1250","0.4107","0.6314"
"271.1450","0.4106","0.6303"
"271.1650","0.4106","0.6291"
"271.1850","0.4105","0.6280"
"271.2050","0.4105","0.6269"
"271.2250","0.4105","0.6258"
"271.2450","0.4104","0.6247"
"271.2650","0.4104","0.6236"
"271.2850","0.4103","0.6225"
"271.3050","0.4103","0.6213"
"271.3250","0.4102","0.6204"
"271.3450","0.4102","0.6195"
"271.3650","0.4101","0.6184"
"271.3850","0.4101","0.6172"
"271.4050","0.4101","0.6161"
"271.4250","0.4100","0.6151"
"271.4450","0.4100","0.6141"
"271.4650","0.4099","0.6131"
"271.4850","0.4099","0.6121"
"271.5050","0.4098","0.6111"
"271.5250","0.4098","0.6102"
"271.5450","0.4097","0.6091"
"271.5650","0.4097","0.6080"
"271.5850","0.4097","0.6070"
"271.6050","0.4096","0.6060"
"271.6250","0.4096","0.6051"
"271.6450","0.4095","0.6040"
"271.6650","0.4095","0.6029"
"271.6850","0.4094","0.6020"
"271.7050","0.4094","0.6009"
"271.7250","0.4094","0.5999"
"271.7450","0.4093","0.5988"
"271.7650","0.4093","0.5979"
"271.7850","0.4092","0.5969"
"271.8050","0.4092","0.5958"
"271.8250","0.4091","0.5949"
"271.8450","0.4091","0.5938"
"271.8650","0.4091","0.5927"
"271.8850","0.4090","0.5917"
"271.9050","0.4090","0.5907"
"271.9250","0.4089","0.5896"
"271.9450","0.4089","0.5886"
"271.9650","0.4088","0.5876"
"271.9850","0.4088","0.5866"
"272.0050","0.4087","0.5856"
"272.0250","0.4087","0.5846"
"272.0450","0.4086","0.5835"
"272.0650","0.4086","0.5825"
"272.0850","0.4086","0.5814"
"272.1050","0.4085","0.5804"
"272.1250","0.4085","0.5794"
"272.1450","0.4084","0.5782"
"272.1650","0.4084","0.5771"
"272.1850","0.4083","0.5761"
"272.2050","0.4083","0.5750"
"272.2250","0.4082","0.5741"
"272.2450","0.4082","0.5730"
"272.2650","0.4081","0.5720"
"272.2850","0.4081","0.5709"
"272.3050","0.4080","0.5698"
"272.3250","0.4080","0.5687"
"272.3450","0.4079","0.5676"
"272.3650","0.4079","0.5666"
"272.3850","0.4078","0.5655"
"272.4050","0.4078","0.5643"
"272.4250","0.4077","0.5632"
"272.4450","0.4077","0.5622"
"272.4650","0.4076","0.5611"
"272.4850","0.4076","0.5599"
"272.5050","0.4075","0.5588"
"272.5250","0.4075","0.5578"
"272.5450","0.4074","0.5567"
"272.5650","0.4074","0.5555"
"272.5850","0.4073","0.5544"
"272.6050","0.4073","0.5533"
"272.6250","0.4072","0.5522"
"272.6450","0.4072","0.5511"
"272.6650","0.4072","0.5499"
"272.6850","0.4071","0.5489"
"272.7050","0.4071","0.5479"
"272.7250","0.4070","0.5468"
"272.7450","0.4070","0.5457"
"272.7650","0.4069","0.5446"
"272.7850","0.4069","0.5436"
"272.8050","0.4068","0.5425"
"272.8250","0.4068","0.5414"
"272.8450","0.4067","0.5404"
"272.8650","0.4067","0.5393"
"272.8850","0.4066","0.5383"
"272.9050","0.4066","0.5373"
"272.9250","0.4065","0.5362"
"272.9450","0.4065","0.5352"
"272.9650","0.4064","0.5342"
"272.9850","0.4064","0.5332"
"273.0050","0.4063","0.5322"
"273.0250","0.4063","0.5310"
"273.0450","0.4062","0.5300"
"273.0650","0.4062","0.5291"
"273.0850","0.4061","0.5281"
"273.1050","0.4061","0.5271"
"273.1250","0.4060","0.5261"
"273.1450","0.4060","0.5251"
"273.1650","0.4059","0.5241"
"273.1850","0.4059","0.5230"
"273.2050","0.4058","0.5219"
"273.2250","0.4058","0.5209"
"273.2450","0.4057","0.5200"
"273.2650","0.4057","0.5190"
"273.2850","0.4056","0.5179"
"273.3050","0.4056","0.5169"
"273.3250","0.4055","0.5159"
"273.3450","0.4055","0.5148"
"273.3650","0.4054","0.5137"
"273.3850","0.4054","0.5126"
"273.4050","0.4053","0.5116"
"273.4250","0.4053","0.5106"
"273.4450","0.4052","0.5094"
"273.4650","0.4052","0.5084"
"273.4850","0.4051","0.5073"
"273.5050","0.4051","0.5063"
"273.5250","0.4050","0.5052"
"273.5450","0.4050","0.5041"
"273.5650","0.4049","0.5030"
"273.5850","0.4049","0.5019"
"273.6050","0.4048","0.5008"
"273.6250","0.4048","0.4997"
"273.6450","0.4047","0.4986"
"273.6650","0.4046","0.4975"
"273.6850","0.4046","0.4964"
"273.7050","0.4045","0.4953"
"273.7250","0.4045","0.4943"
"273.7450","0.4044","0.4933"
"273.7650","0.4044","0.4922"
"273.7850","0.4043","0.4911"
"273.8050","0.4043","0.4901"
"273.8250","0.4042","0.4891"
"273.8450","0.4042","0.4881"
"273.8650","0.4041","0.4869"
"273.8850","0.4041","0.4860"
"273.9050","0.4040","0.4849"
"273.9250","0.4040","0.4838"
"273.9450","0.4039","0.4829"
"273.9650","0.4039","0.4818"
"273.9850","0.4038","0.4808"
"274.0050","0.4037","0.4798"
"274.0250","0.4037","0.4788"
"274.0450","0.4036","0.4778"
"274.0650","0.4036","0.4768"
"274.0850","0.4035","0.4757"
"274.1050","0.4035","0.4747"
"274.1250","0.4034","0.4737"
"274.1450","0.4034","0.4727"
"274.1650","0.4033","0.4717"
"274.1850","0.4033","0.4708"
"274.2050","0.4032","0.4698"
"274.2250","0.4032","0.4688"
"274.2450","0.4031","0.4677"
"274.2650","0.4031","0.4668"
"274.2850","0.4030","0.4658"
"274.3050","0.4030","0.4647"
"274.3250","0.4029","0.4637"
"274.3450","0.4029","0.4626"
"274.3650","0.4028","0.4616"
"274.3850","0.4028","0.4606"
"274.4050","0.4027","0.4596"
"274.4250","0.4026","0.4587"
"274.4450","0.4026","0.4576"
"274.4650","0.4025","0.4566"
"274.4850","0.4025","0.4555"
"274.5050","0.4024","0.4545"
"274.5250","0.4024","0.4535"
"274.5450","0.4023","0.4524"
"274.5650","0.4023","0.4513"
"274.5850","0.4022","0.4503"
"274.6050","0.4021","0.4493"
"274.6250","0.4021","0.4483"
"274.6450","0.4020","0.4472"
"274.6650","0.4020","0.4461"
"274.6850","0.4019","0.4451"
"274.7050","0.4019","0.4440"
"274.7250","0.4018","0.4430"
"274.7450","0.4018","0.4420"
"274.7650","0.4017","0.4410"
"274.7850","0.4016","0.4400"
"274.8050","0.4016","0.4388"
"274.8250","0.4015","0.4378"
"274.8450","0.4015","0.4368"
"274.8650","0.4014","0.4358"
"274.8850","0.4014","0.4348"
"274.9050","0.4013","0.4337"
"274.9250","0.4012","0.4328"
"274.9450","0.4012","0.4318"
"274.9650","0.4011","0.4307"
"274.9850","0.4011","0.4297"
"275.0050","0.4010","0.4287"
"275.0250","0.4010","0.4277"
"275.0450","0.4009","0.4267"
"275.0650","0.4008","0.4257"
"275.0850","0.4008","0.4247"
"275.1050","0.4007","0.4237"
"275.1250","0.4007","0.4226"
"275.1450","0.4006","0.4216"
"275.1650","0.4006","0.4207"
"275.1850","0.4005","0.4198"
"275.2050","0.4005","0.4188"
"275.2250","0.4004","0.4178"
"275.2450","0.4004","0.4169"
"275.2650","0.4003","0.4159"
"275.2850","0.4002","0.4150"
"275.3050","0.4002","0.4141"
"275.3250","0.4001","0.4131"
"275.3450","0.4001","0.4120"
"275.3650","0.4000","0.4112"
"275.3850","0.4000","0.4103"
"275.4050","0.3999","0.4094"
"275.4250","0.3999","0.4084"
"275.4450","0.3998","0.4075"
"275.4650","0.3998","0.4066"
"275.4850","0.3997","0.4056"
"275.5050","0.3996","0.4046"
"275.5250","0.3996","0.4037"
"275.5450","0.3995","0.4028"
"275.5650","0.3995","0.4018"
"275.5850","0.3994","0.4009"
"275.6050","0.3994","0.4000"
"275.6250","0.3993","0.3990"
"275.6450","0.3993","0.3981"
"275.6650","0.3992","0.3971"
"275.6850","0.3991","0.3961"
"275.7050","0.3991","0.3952"
"275.7250","0.3990","0.3943"
"275.7450","0.3990","0.3933"
"275.7650","0.3989","0.3923"
"275.7850","0.3989","0.3913"
"275.8050","0.3988","0.3903"
"275.8250","0.3987","0.3893"
"275.8450","0.3987","0.3883"
"275.8650","0.3986","0.3873"
"275.8850","0.3986","0.3863"
"275.9050","0.3985","0.3853"
"275.9250","0.3984","0.3844"
"275.9450","0.3984","0.3833"
"275.9650","0.3983","0.3822"
"275.9850","0.3982","0.3812"
"276.0050","0.3982","0.3802"
"276.0250","0.3981","0.3791"
"276.0450","0.3981","0.3780"
"276.0650","0.3980","0.3769"
"276.0850","0.3979","0.3758"
"276.1050","0.3979","0.3748"
"276.1250","0.3978","0.3738"
"276.1450","0.3977","0.3727"
"276.1650","0.3977","0.3715"
"276.1850","0.3976","0.3704"
"276.2050","0.3975","0.3694"
"276.2250","0.3975","0.3683"
"276.2450","0.3974","0.3672"
"276.2650","0.3973","0.3661"
"276.2850","0.3973","0.3650"
"276.3050","0.3972","0.3639"
"276.3250","0.3971","0.3628"
"276.3450","0.3971","0.3617"
"276.3650","0.3970","0.3605"
"276.3850","0.3969","0.3594"
"276.4050","0.3968","0.3584"
"276.4250","0.3968","0.3573"
"276.4450","0.3967","0.3562"
"276.4650","0.3966","0.3552"
"276.4850","0.3966","0.3542"
"276.5050","0.3965","0.3531"
"276.5250","0.3964","0.3521"
"276.5450","0.3964","0.3511"
"276.5650","0.3963","0.3502"
"276.5850","0.3963","0.3492"
"276.6050","0.3962","0.3482"
"276.6250","0.3961","0.3472"
"276.6450","0.3961","0.3462"
"276.6650","0.3960","0.3453"
"276.6850","0.3959","0.3444"
"276.7050","0.3959","0.3435"
"276.7250","0.3958","0.3425"
"276.7450","0.3957","0.3415"
"276.7650","0.3957","0.3405"
"276.7850","0.3956","0.3396"
"276.8050","0.3956","0.3386"
"276.8250","0.3955","0.3376"
"276.8450","0.3954","0.3367"
"276.8650","0.3954","0.3357"
"276.8850","0.3953","0.3346"
"276.9050","0.3952","0.3335"
"276.9250","0.3952","0.3325"
"276.9450","0.3951","0.3316"
"276.9650","0.3950","0.3305"
"276.9850","0.3949","0.3295"
"277.0050","0.3949","0.3284"
"277.0250","0.3948","0.3273"
"277.0450","0.3947","0.3262"
"277.0650","0.3947","0.3252"
"277.0850","0.3946","0.3241"
"277.1050","0.3945","0.3231"
"277.1250","0.3944","0.3220"
"277.1450","0.3944","0.3209"
"277.1650","0.3943","0.3198"
"277.1850","0.3942","0.3188"
"277.2050","0.3941","0.3178"
"277.2250","0.3941","0.3167"
"277.2450","0.3940","0.3157"
"277.2650","0.3939","0.3146"
"277.2850","0.3939","0.3136"
"277.3050","0.3938","0.3127"
"277.3250","0.3937","0.3117"
"277.3450","0.3936","0.3107"
"277.3650","0.3936","0.3097"
"277.3850","0.3935","0.3088"
"277.4050","0.3934","0.3079"
"277.4250","0.3934","0.3068"
"277.4450","0.3933","0.3059"
"277.4650","0.3932","0.3049"
"277.4850","0.3932","0.3039"
"277.5050","0.3931","0.3029"
"277.5250","0.3930","0.3020"
"277.5450","0.3929","0.3010"
"277.5650","0.3929","0.3001"
"277.5850","0.3928","0.2990"
"277.6050","0.3927","0.2981"
"277.6250","0.3927","0.2971"
"277.6450","0.3926","0.2962"
"277.6650","0.3925","0.2953"
"277.6850","0.3924","0.2942"
"277.7050","0.3924","0.2933"
"277.7250","0.3923","0.2923"
"277.7450","0.3922","0.2914"
"277.7650","0.3922","0.2904"
"277.7850","0.3921","0.2894"
"277.8050","0.3920","0.2884"
"277.8250","0.3919","0.2875"
"277.8450","0.3919","0.2865"
"277.8650","0.3918","0.2855"
"277.8850","0.3917","0.2845"
"277.9050","0.3916","0.2835"
"277.9250","0.3916","0.2825"
"277.9450","0.3915","0.2816"
"277.9650","0.3914","0.2806"
"277.9850","0.3913","0.2795"
"278.0050","0.3913","0.2786"
"278.0250","0.3912","0.2775"
"278.0450","0.3911","0.2765"
"278.0650","0.3910","0.2755"
"278.0850","0.3909","0.2744"
"278.1050","0.3909","0.2734"
"278.1250","0.3908","0.2723"
"278.1450","0.3907","0.2713"
"278.1650","0.3906","0.2703"
"278.1850","0.3905","0.2693"
"278.2050","0.3905","0.2682"
"278.2250","0.3904","0.2672"
"278.2450","0.3903","0.2663"
"278.2650","0.3902","0.2653"
"278.2850","0.3901","0.2644"
"278.3050","0.3901","0.2634"
"278.3250","0.3900","0.2625"
"278.3450","0.3899","0.2615"
"278.3650","0.3898","0.2606"
"278.3850","0.3898","0.2597"
"278.4050","0.3897","0.2588"
"278.4250","0.3896","0.2578"
"278.4450","0.3895","0.2569"
"278.4650","0.3895","0.2560"
"278.4850","0.3894","0.2551"
"278.5050","0.3893","0.2541"
"278.5250","0.3892","0.2532"
"278.5450","0.3891","0.2523"
"278.5650","0.3891","0.2513"
"278.5850","0.3890","0.2503"
"278.6050","0.3889","0.2494"
"278.6250","0.3888","0.2486"
"278.6450","0.3887","0.2476"
"278.6650","0.3887","0.2466"
"278.6850","0.3886","0.2455"
"278.7050","0.3885","0.2445"
"278.7250","0.3884","0.2436"
"278.7450","0.3883","0.2426"
"278.7650","0.3882","0.2416"
"278.7850","0.3882","0.2406"
"278.8050","0.3881","0.2397"
"278.8250","0.3880","0.2386"
"278.8450","0.3879","0.2374"
"278.8650","0.3878","0.2364"
"278.8850","0.3877","0.2353"
"278.9050","0.3876","0.2342"
"278.9250","0.3875","0.2332"
"278.9450","0.3874","0.2322"
"278.9650","0.3873","0.2311"
"278.9850","0.3872","0.2299"
"279.0050","0.3871","0.2288"
"279.0250","0.3870","0.2278"
"279.0450","0.3869","0.2267"
"279.0650","0.3868","0.2256"
"279.0850","0.3868","0.2245"
"279.1050","0.3867","0.2236"
"279.1250","0.3866","0.2225"
"279.1450","0.3865","0.2215"
"279.1650","0.3864","0.2205"
"279.1850","0.3863","0.2196"
"279.2050","0.3862","0.2186"
"279.2250","0.3861","0.2177"
"279.2450","0.3860","0.2167"
"279.2650","0.3859","0.2158"
"279.2850","0.3858","0.2149"
"279.3050","0.3857","0.2139"
"279.3250","0.3857","0.2130"
"279.3450","0.3856","0.2121"
"279.3650","0.3855","0.2111"
"279.3850","0.3854","0.2101"
"279.4050","0.3853","0.2092"
"279.4250","0.3852","0.2083"
"279.4450","0.3851","0.2072"
"279.4650","0.3850","0.2061"
"279.4850","0.3849","0.2051"
"279.5050","0.3848","0.2040"
"279.5250","0.3847","0.2029"
"279.5450","0.3846","0.2019"
"279.5650","0.3845","0.2008"
"279.5850","0.3844","0.1996"
"279.6050","0.3843","0.1985"
"279.6250","0.3842","0.1975"
"279.6450","0.3841","0.1964"
"279.6650","0.3839","0.1953"
"279.6850","0.3838","0.1943"
"279.7050","0.3837","0.1933"
"279.7250","0.3836","0.1923"
"279.7450","0.3835","0.1912"
"279.7650","0.3834","0.1902"
"279.7850","0.3833","0.1893"
"279.8050","0.3832","0.1883"
"279.8250","0.3831","0.1873"
"279.8450","0.3830","0.1862"
"279.8650","0.3829","0.1853"
"279.8850","0.3828","0.1843"
"279.9050","0.3827","0.1833"
"279.9250","0.3826","0.1822"
"279.9450","0.3825","0.1812"
"279.9650","0.3824","0.1802"
"279.9850","0.3822","0.1792"
"280.0050","0.3821","0.1781"
"280.0250","0.3820","0.1770"
"280.0450","0.3819","0.1758"
"280.0650","0.3818","0.1746"
"280.0850","0.3816","0.1736"
"280.1050","0.3815","0.1725"
"280.1250","0.3814","0.1714"
"280.1450","0.3813","0.1703"
"280.1650","0.3811","0.1692"
"280.1850","0.3810","0.1680"
"280.2050","0.3809","0.1669"
"280.2250","0.3808","0.1659"
"280.2450","0.3806","0.1649"
"280.2650","0.3805","0.1639"
"280.2850","0.3804","0.1628"
"280.3050","0.3803","0.1619"
"280.3250","0.3802","0.1609"
"280.3450","0.3801","0.1600"
"280.3650","0.3799","0.1591"
"280.3850","0.3798","0.1582"
"280.4050","0.3797","0.1574"
"280.4250","0.3796","0.1565"
"280.4450","0.3795","0.1556"
"280.4650","0.3794","0.1548"
"280.4850","0.3793","0.1539"
"280.5050","0.3792","0.1531"
"280.5250","0.3791","0.1522"
"280.5450","0.3790","0.1514"
"280.5650","0.3788","0.1506"
"280.5850","0.3787","0.1496"
"280.6050","0.3786","0.1486"
"280.6250","0.3785","0.1478"
"280.6450","0.3784","0.1469"
"280.6650","0.3783","0.1459"
"280.6850","0.3781","0.1449"
"280.7050","0.3780","0.1440"
"280.7250","0.3779","0.1430"
"280.7450","0.3778","0.1420"
"280.7650","0.3776","0.1409"
"280.7850","0.3775","0.1400"
"280.8050","0.3774","0.1389"
"280.8250","0.3772","0.1378"
"280.8450","0.3771","0.1367"
"280.8650","0.3769","0.1355"
"280.8850","0.3768","0.1344"
"280.9050","0.3766","0.1333"
"280.9250","0.3765","0.1323"
"280.9450","0.3763","0.1312"
"280.9650","0.3762","0.1302"
"280.9850","0.3761","0.1292"
"281.0050","0.3759","0.1283"
"281.0250","0.3758","0.1274"
"281.0450","0.3756","0.1265"
"281.0650","0.3755","0.1256"
"281.0850","0.3754","0.1246"
"281.1050","0.3752","0.1236"
"281.1250","0.3751","0.1226"
"281.1450","0.3749","0.1216"
"281.1650","0.3748","0.1205"
"281.1850","0.3746","0.1194"
"281.2050","0.3744","0.1182"
"281.2250","0.3743","0.1171"
"281.2450","0.3741","0.1160"
"281.2650","0.3739","0.1149"
"281.2850","0.3738","0.1138"
"281.3050","0.3736","0.1128"
"281.3250","0.3734","0.1118"
"281.3450","0.3733","0.1107"
"281.3650","0.3731","0.1096"
"281.3850","0.3730","0.1086"
"281.4050","0.3728","0.1077"
"281.4250","0.3726","0.1068"
"281.4450","0.3725","0.1059"
"281.4650","0.3723","0.1048"
"281.4850","0.3721","0.1038"
"281.5050","0.3720","0.1028"
"281.5250","0.3718","0.1019"
"281.5450","0.3717","0.1010"
"281.5650","0.3715","0.0999"
"281.5850","0.3713","0.0990"
"281.6050","0.3711","0.0981"
"281.6250","0.3710","0.0970"
"281.6450","0.3708","0.0960"
"281.6650","0.3706","0.0951"
"281.6850","0.3704","0.0941"
"281.7050","0.3703","0.0931"
"281.7250","0.3701","0.0922"
"281.7450","0.3699","0.0912"
"281.7650","0.3698","0.0903"
"281.7850","0.3696","0.0895"
"281.8050","0.3694","0.0887"
"281.8250","0.3693","0.0878"
"281.8450","0.3691","0.0870"
"281.8650","0.3689","0.0862"
"281.8850","0.3688","0.0853"
"281.9050","0.3686","0.0844"
"281.9250","0.3684","0.0835"
"281.9450","0.3682","0.0825"
"281.9650","0.3680","0.0814"
"281.9850","0.3678","0.0803"
"282.0050","0.3676","0.0793"
"282.0250","0.3674","0.0782"
"282.0450","0.3672","0.0769"
"282.0650","0.3669","0.0757"
"282.0850","0.3667","0.0745"
"282.1050","0.3664","0.0732"
"282.1250","0.3662","0.0721"
"282.1450","0.3659","0.0710"
"282.1650","0.3657","0.0699"
"282.1850","0.3655","0.0689"
"282.2050","0.3652","0.0679"
"282.2250","0.3650","0.0669"
"282.2450","0.3648","0.0659"
"282.2650","0.3645","0.0649"
"282.2850","0.3643","0.0638"
"282.3050","0.3640","0.0628"
"282.3250","0.3638","0.0618"
"282.3450","0.3636","0.0609"
"282.3650","0.3634","0.0601"
"282.3850","0.3631","0.0593"
"282.4050","0.3629","0.0585"
"282.4250","0.3627","0.0578"
"282.4450","0.3625","0.0571"
"282.4650","0.3623","0.0563"
"282.4850","0.3621","0.0555"
"282.5050","0.3619","0.0547"
"282.5250","0.3617","0.0539"
"282.5450","0.3615","0.0531"
"282.5650","0.3612","0.0522"
"282.5850","0.3610","0.0513"
"282.6050","0.3608","0.0504"
"282.6250","0.3605","0.0496"
"282.6450","0.3603","0.0487"
"282.6650","0.3600","0.0478"
"282.6850","0.3598","0.0469"
"282.7050","0.3596","0.0462"
"282.7250","0.3593","0.0455"
"282.7450","0.3591","0.0447"
"282.7650","0.3588","0.0439"
"282.7850","0.3586","0.0430"
"282.8050","0.3583","0.0422"
"282.8250","0.3581","0.0413"
"282.8450","0.3578","0.0403"
"282.8650","0.3575","0.0393"
"282.8850","0.3572","0.0382"
"282.9050","0.3568","0.0371"
"282.9250","0.3565","0.0359"
"282.9450","0.3561","0.0348"
"282.9650","0.3558","0.0337"
"282.9850","0.3554","0.0329"
"283.0050","0.3551","0.0320"
"283.0250","0.3548","0.0311"
"283.0450","0.3545","0.0301"
"283.0650","0.3541","0.0292"
"283.0850","0.3538","0.0282"
"283.1050","0.3534","0.0273"
"283.1250","0.3531","0.0264"
"283.1450","0.3527","0.0256"
"283.1650","0.3524","0.0246"
"283.1850","0.3520","0.0237"
"283.2050","0.3517","0.0228"
"283.2250","0.3513","0.0217"
"283.2450","0.3508","0.0206"
"283.2550","0.3506","0.0199"

