Time,Displacement,Force
(s),(mm),(kN)
"0.0000","0.0000","-0.0010"
"0.0200","0.0000","-0.0010"
"0.0400","0.0000","-0.0009"
"0.0600","0.0000","-0.0009"
"0.0800","0.0000","-0.0009"
"0.1000","0.0000","-0.0008"
"0.1200","0.0001","-0.0008"
"0.1400","0.0001","-0.0008"
"0.1600","0.0001","-0.0008"
"0.1800","0.0001","-0.0007"
"0.2000","0.0002","-0.0005"
"0.2200","0.0002","-0.0005"
"0.2400","0.0003","-0.0004"
"0.2600","0.0004","-0.0003"
"0.2800","0.0005","-0.0002"
"0.3000","0.0006","0.0001"
"0.3200","0.0007","0.0003"
"0.3400","0.0009","0.0005"
"0.3600","0.0011","0.0008"
"0.3800","0.0013","0.0012"
"0.4000","0.0015","0.0015"
"0.4200","0.0018","0.0019"
"0.4400","0.0021","0.0024"
"0.4600","0.0025","0.0028"
"0.4800","0.0028","0.0033"
"0.5000","0.0032","0.0037"
"0.5200","0.0035","0.0041"
"0.5400","0.0039","0.0045"
"0.5600","0.0043","0.0049"
"0.5800","0.0046","0.0054"
"0.6000","0.0050","0.0057"
"0.6200","0.0055","0.0061"
"0.6400","0.0060","0.0067"
"0.6600","0.0065","0.0072"
"0.6800","0.0071","0.0077"
"0.7000","0.0076","0.0082"
"0.7200","0.0083","0.0087"
"0.7400","0.0090","0.0092"
"0.7600","0.0098","0.0098"
"0.7800","0.0107","0.0106"
"0.8000","0.0117","0.0114"
"0.8200","0.0128","0.0121"
"0.8400","0.0139","0.0127"
"0.8600","0.0150","0.0133"
"0.8800","0.0162","0.0141"
"0.9000","0.0175","0.0149"
"0.9200","0.0189","0.0159"
"0.9400","0.0204","0.0170"
"0.9600","0.0221","0.0181"
"0.9800","0.0237","0.0192"
"1.0000","0.0254","0.0204"
"1.0200","0.0271","0.0216"
"1.0400","0.0290","0.0231"
"1.0600","0.0311","0.0248"
"1.0800","0.0331","0.0265"
"1.1000","0.0351","0.0280"
"1.1200","0.0371","0.0297"
"1.1400","0.0392","0.0316"
"1.1600","0.0413","0.0335"
"1.1800","0.0433","0.0355"
"1.2000","0.0454","0.0376"
"1.2200","0.0476","0.0398"
"1.2400","0.0497","0.0419"
"1.2600","0.0517","0.0440"
"1.2800","0.0537","0.0462"
"1.3000","0.0557","0.0483"
"1.3200","0.0576","0.0506"
"1.3400","0.0594","0.0525"
"1.3600","0.0611","0.0546"
"1.3800","0.0628","0.0569"
"1.4000","0.0644","0.0589"
"1.4200","0.0659","0.0606"
"1.4400","0.0673","0.0622"
"1.4600","0.0686","0.0638"
"1.4800","0.0699","0.0656"
"1.5000","0.0712","0.0675"
"1.5200","0.0725","0.0695"
"1.5400","0.0737","0.0713"
"1.5600","0.0749","0.0728"
"1.5800","0.0759","0.0744"
"1.6000","0.0770","0.0760"
"1.6200","0.0780","0.0775"
"1.6400","0.0790","0.0790"
"1.6600","0.0799","0.0805"
"1.6800","0.0808","0.0819"
"1.7000","0.0817","0.0832"
"1.7200","0.0825","0.0845"
"1.7400","0.0833","0.0859"
"1.7600","0.0840","0.0867"
"1.7800","0.0847","0.0876"
"1.8000","0.0853","0.0886"
"1.8200","0.0860","0.0896"
"1.8400","0.0866","0.0907"
"1.8600","0.0872","0.0919"
"1.8800","0.0878","0.0927"
"1.9000","0.0884","0.0935"
"1.9200","0.0890","0.0946"
"1.9400","0.0895","0.0957"
"1.9600","0.0901","0.0968"
"1.9800","0.0907","0.0979"
"2.0000","0.0913","0.0990"
"2.0200","0.0919","0.1001"
"2.0400","0.0924","0.1012"
"2.0600","0.0930","0.1022"
"2.0800","0.0935","0.1031"
"2.1000","0.0939","0.1038"
"2.1200","0.0944","0.1043"
"2.1400","0.0948","0.1049"
"2.1600","0.0952","0.1055"
"2.1800","0.0955","0.1062"
"2.2000","0.0960","0.1070"
"2.2200","0.0964","0.1081"
"2.2400","0.0968","0.1091"
"2.2600","0.0973","0.1099"
"2.2800","0.0977","0.1107"
"2.3000","0.0981","0.1115"
"2.3200","0.0984","0.1123"
"2.3400","0.0989","0.1132"
"2.3600","0.0993","0.1145"
"2.3800","0.0998","0.1159"
"2.4000","0.1003","0.1174"
"2.4200","0.1008","0.1186"
"2.4400","0.1013","0.1198"
"2.4600","0.1017","0.1210"
"2.4800","0.1022","0.1222"
"2.5000","0.1027","0.1233"
"2.5200","0.1031","0.1242"
"2.5400","0.1035","0.1250"
"2.5600","0.1039","0.1257"
"2.5800","0.1043","0.1262"
"2.6000","0.1046","0.1268"
"2.6200","0.1049","0.1275"
"2.6400","0.1053","0.1283"
"2.6600","0.1056","0.1292"
"2.6800","0.1060","0.1302"
"2.7000","0.1064","0.1315"
"2.7200","0.1068","0.1328"
"2.7400","0.1073","0.1340"
"2.7600","0.1077","0.1351"
"2.7800","0.1081","0.1362"
"2.8000","0.1085","0.1372"
"2.8200","0.1089","0.1385"
"2.8400","0.1093","0.1400"
"2.8600","0.1097","0.1413"
"2.8800","0.1101","0.1425"
"2.9000","0.1105","0.1434"
"2.9200","0.1109","0.1444"
"2.9400","0.1113","0.1452"
"2.9600","0.1116","0.1460"
"2.9800","0.1120","0.1469"
"3.0000","0.1123","0.1476"
"3.0200","0.1126","0.1484"
"3.0400","0.1129","0.1491"
"3.0600","0.1132","0.1498"
"3.0800","0.1135","0.1505"
"3.1000","0.1137","0.1511"
"3.1200","0.1140","0.1518"
"3.1400","0.1143","0.1524"
"3.1600","0.1146","0.1531"
"3.1800","0.1148","0.1540"
"3.2000","0.1151","0.1549"
"3.2200","0.1154","0.1560"
"3.2400","0.1158","0.1572"
"3.2600","0.1161","0.1588"
"3.2800","0.1165","0.1603"
"3.3000","0.1169","0.1618"
"3.3200","0.1172","0.1632"
"3.3400","0.1176","0.1643"
"3.3600","0.1179","0.1652"
"3.3800","0.1182","0.1661"
"3.4000","0.1185","0.1669"
"3.4200","0.1189","0.1679"
"3.4400","0.1192","0.1690"
"3.4600","0.1195","0.1700"
"3.4800","0.1198","0.1708"
"3.5000","0.1201","0.1718"
"3.5200","0.1204","0.1726"
"3.5400","0.1206","0.1734"
"3.5600","0.1209","0.1742"
"3.5800","0.1211","0.1749"
"3.6000","0.1214","0.1756"
"3.6200","0.1216","0.1763"
"3.6400","0.1219","0.1772"
"3.6600","0.1221","0.1781"
"3.6800","0.1224","0.1789"
"3.7000","0.1227","0.1798"
"3.7200","0.1229","0.1807"
"3.7400","0.1232","0.1817"
"3.7600","0.1235","0.1827"
"3.7800","0.1237","0.1835"
"3.8000","0.1240","0.1844"
"3.8200","0.1242","0.1853"
"3.8400","0.1245","0.1862"
"3.8600","0.1247","0.1871"
"3.8800","0.1250","0.1880"
"3.9000","0.1252","0.1890"
"3.9200","0.1255","0.1901"
"3.9400","0.1258","0.1912"
"3.9600","0.1260","0.1925"
"3.9800","0.1263","0.1936"
"4.0000","0.1266","0.1947"
"4.0200","0.1269","0.1959"
"4.0400","0.1272","0.1969"
"4.0600","0.1274","0.1978"
"4.0800","0.1276","0.1986"
"4.1000","0.1279","0.1994"
"4.1200","0.1281","0.2001"
"4.1400","0.1283","0.2008"
"4.1600","0.1286","0.2015"
"4.1800","0.1288","0.2025"
"4.2000","0.1290","0.2036"
"4.2200","0.1293","0.2048"
"4.2400","0.1296","0.2060"
"4.2600","0.1298","0.2071"
"4.2800","0.1301","0.2081"
"4.3000","0.1303","0.2091"
"4.3200","0.1305","0.2101"
"4.3400","0.1308","0.2111"
"4.3600","0.1310","0.2121"
"4.3800","0.1313","0.2133"
"4.4000","0.1316","0.2145"
"4.4200","0.1318","0.2158"
"4.4400","0.1321","0.2172"
"4.4600","0.1324","0.2186"
"4.4800","0.1327","0.2199"
"4.5000","0.1330","0.2213"
"4.5200","0.1333","0.2226"
"4.5400","0.1335","0.2238"
"4.5600","0.1338","0.2249"
"4.5800","0.1341","0.2258"
"4.6000","0.1343","0.2267"
"4.6200","0.1345","0.2275"
"4.6400","0.1348","0.2284"
"4.6600","0.1350","0.2294"
"4.6800","0.1352","0.2303"
"4.7000","0.1355","0.2315"
"4.7200","0.1357","0.2325"
"4.7400","0.1360","0.2337"
"4.7600","0.1362","0.2349"
"4.7800","0.1364","0.2361"
"4.8000","0.1367","0.2372"
"4.8200","0.1369","0.2383"
"4.8400","0.1372","0.2392"
"4.8600","0.1374","0.2401"
"4.8800","0.1376","0.2409"
"4.9000","0.1378","0.2417"
"4.9200","0.1380","0.2423"
"4.9400","0.1382","0.2430"
"4.9600","0.1384","0.2437"
"4.9800","0.1386","0.2445"
"5.0000","0.1388","0.2454"
"5.0200","0.1390","0.2465"
"5.0400","0.1392","0.2475"
"5.0600","0.1394","0.2486"
"5.0800","0.1396","0.2497"
"5.1000","0.1399","0.2510"
"5.1200","0.1401","0.2522"
"5.1400","0.1403","0.2533"
"5.1600","0.1405","0.2544"
"5.1800","0.1408","0.2555"
"5.2000","0.1410","0.2566"
"5.2200","0.1412","0.2576"
"5.2400","0.1414","0.2585"
"5.2600","0.1417","0.2596"
"5.2800","0.1419","0.2608"
"5.3000","0.1422","0.2620"
"5.3200","0.1424","0.2633"
"5.3400","0.1426","0.2644"
"5.3600","0.1428","0.2655"
"5.3800","0.1431","0.2664"
"5.4000","0.1433","0.2673"
"5.4200","0.1435","0.2683"
"5.4400","0.1437","0.2692"
"5.4600","0.1439","0.2700"
"5.4800","0.1441","0.2707"
"5.5000","0.1442","0.2714"
"5.5200","0.1444","0.2720"
"5.5400","0.1446","0.2728"
"5.5600","0.1448","0.2737"
"5.5800","0.1449","0.2745"
"5.6000","0.1451","0.2752"
"5.6200","0.1453","0.2761"
"5.6400","0.1455","0.2770"
"5.6600","0.1457","0.2781"
"5.6800","0.1459","0.2792"
"5.7000","0.1461","0.2801"
"5.7200","0.1462","0.2813"
"5.7400","0.1464","0.2824"
"5.7600","0.1466","0.2835"
"5.7800","0.1468","0.2847"
"5.8000","0.1470","0.2857"
"5.8200","0.1472","0.2867"
"5.8400","0.1474","0.2878"
"5.8600","0.1476","0.2888"
"5.8800","0.1478","0.2896"
"5.9000","0.1480","0.2904"
"5.9200","0.1482","0.2914"
"5.9400","0.1484","0.2925"
"5.9600","0.1485","0.2936"
"5.9800","0.1487","0.2947"
"6.0000","0.1490","0.2960"
"6.0200","0.1492","0.2974"
"6.0400","0.1494","0.2988"
"6.0600","0.1496","0.3003"
"6.0800","0.1499","0.3017"
"6.1000","0.1501","0.3030"
"6.1200","0.1503","0.3042"
"6.1400","0.1505","0.3054"
"6.1600","0.1507","0.3064"
"6.1800","0.1509","0.3073"
"6.2000","0.1511","0.3084"
"6.2200","0.1513","0.3094"
"6.2400","0.1515","0.3104"
"6.2600","0.1517","0.3114"
"6.2800","0.1518","0.3124"
"6.3000","0.1520","0.3135"
"6.3200","0.1522","0.3144"
"6.3400","0.1524","0.3153"
"6.3600","0.1526","0.3162"
"6.3800","0.1528","0.3171"
"6.4000","0.1529","0.3180"
"6.4200","0.1531","0.3189"
"6.4400","0.1533","0.3198"
"6.4600","0.1534","0.3206"
"6.4800","0.1536","0.3215"
"6.5000","0.1538","0.3222"
"6.5200","0.1539","0.3230"
"6.5400","0.1541","0.3237"
"6.5600","0.1542","0.3244"
"6.5800","0.1544","0.3252"
"6.6000","0.1545","0.3259"
"6.6200","0.1547","0.3267"
"6.6400","0.1548","0.3274"
"6.6600","0.1550","0.3283"
"6.6800","0.1551","0.3292"
"6.7000","0.1553","0.3303"
"6.7200","0.1555","0.3312"
"6.7400","0.1556","0.3324"
"6.7600","0.1558","0.3335"
"6.7800","0.1560","0.3345"
"6.8000","0.1561","0.3357"
"6.8200","0.1563","0.3369"
"6.8400","0.1565","0.3381"
"6.8600","0.1567","0.3393"
"6.8800","0.1569","0.3405"
"6.9000","0.1571","0.3417"
"6.9200","0.1572","0.3428"
"6.9400","0.1574","0.3439"
"6.9600","0.1576","0.3449"
"6.9800","0.1578","0.3458"
"7.0000","0.1579","0.3467"
"7.0200","0.1581","0.3476"
"7.0400","0.1582","0.3485"
"7.0600","0.1584","0.3493"
"7.0800","0.1586","0.3503"
"7.1000","0.1587","0.3514"
"7.1200","0.1589","0.3526"
"7.1400","0.1591","0.3538"
"7.1600","0.1593","0.3550"
"7.1800","0.1595","0.3563"
"7.2000","0.1596","0.3575"
"7.2200","0.1598","0.3587"
"7.2400","0.1600","0.3599"
"7.2600","0.1602","0.3610"
"7.2800","0.1604","0.3621"
"7.3000","0.1605","0.3632"
"7.3200","0.1607","0.3642"
"7.3400","0.1609","0.3653"
"7.3600","0.1610","0.3663"
"7.3800","0.1612","0.3674"
"7.4000","0.1614","0.3683"
"7.4200","0.1615","0.3694"
"7.4400","0.1617","0.3705"
"7.4600","0.1619","0.3716"
"7.4800","0.1621","0.3728"
"7.5000","0.1622","0.3740"
"7.5200","0.1624","0.3750"
"7.5400","0.1626","0.3762"
"7.5600","0.1627","0.3773"
"7.5800","0.1629","0.3783"
"7.6000","0.1631","0.3793"
"7.6200","0.1632","0.3803"
"7.6400","0.1634","0.3814"
"7.6600","0.1636","0.3823"
"7.6800","0.1637","0.3833"
"7.7000","0.1639","0.3842"
"7.7200","0.1640","0.3851"
"7.7400","0.1642","0.3859"
"7.7600","0.1643","0.3868"
"7.7800","0.1645","0.3877"
"7.8000","0.1646","0.3885"
"7.8200","0.1647","0.3892"
"7.8400","0.1649","0.3900"
"7.8600","0.1650","0.3909"
"7.8800","0.1652","0.3918"
"7.9000","0.1653","0.3927"
"7.9200","0.1655","0.3938"
"7.9400","0.1656","0.3948"
"7.9600","0.1658","0.3959"
"7.9800","0.1659","0.3969"
"8.0000","0.1661","0.3980"
"8.0200","0.1662","0.3991"
"8.0400","0.1664","0.4002"
"8.0600","0.1665","0.4013"
"8.0800","0.1667","0.4024"
"8.1000","0.1669","0.4035"
"8.1200","0.1670","0.4047"
"8.1400","0.1672","0.4057"
"8.1600","0.1673","0.4068"
"8.1800","0.1675","0.4076"
"8.2000","0.1676","0.4087"
"8.2200","0.1678","0.4096"
"8.2400","0.1679","0.4103"
"8.2600","0.1680","0.4112"
"8.2800","0.1682","0.4119"
"8.3000","0.1683","0.4128"
"8.3200","0.1685","0.4137"
"8.3400","0.1686","0.4146"
"8.3600","0.1687","0.4156"
"8.3800","0.1689","0.4166"
"8.4000","0.1690","0.4177"
"8.4200","0.1692","0.4189"
"8.4400","0.1693","0.4201"
"8.4600","0.1695","0.4213"
"8.4800","0.1696","0.4224"
"8.5000","0.1698","0.4235"
"8.5200","0.1700","0.4246"
"8.5400","0.1701","0.4257"
"8.5600","0.1703","0.4269"
"8.5800","0.1704","0.4278"
"8.6000","0.1706","0.4289"
"8.6200","0.1707","0.4299"
"8.6400","0.1709","0.4310"
"8.6600","0.1710","0.4322"
"8.6800","0.1712","0.4331"
"8.7000","0.1713","0.4341"
"8.7200","0.1715","0.4352"
"8.7400","0.1716","0.4363"
"8.7600","0.1718","0.4373"
"8.7800","0.1719","0.4384"
"8.8000","0.1721","0.4396"
"8.8200","0.1722","0.4407"
"8.8400","0.1724","0.4417"
"8.8600","0.1725","0.4428"
"8.8800","0.1727","0.4438"
"8.9000","0.1728","0.4449"
"8.9200","0.1729","0.4458"
"8.9400","0.1731","0.4468"
"8.9600","0.1732","0.4477"
"8.9800","0.1734","0.4486"
"9.0000","0.1735","0.4495"
"9.0200","0.1736","0.4503"
"9.0400","0.1737","0.4510"
"9.0600","0.1739","0.4517"
"9.0800","0.1740","0.4525"
"9.1000","0.1741","0.4532"
"9.1200","0.1742","0.4539"
"9.1400","0.1744","0.4546"
"9.1600","0.1745","0.4553"
"9.1800","0.1746","0.4561"
"9.2000","0.1747","0.4569"
"9.2200","0.1748","0.4576"
"9.2400","0.1749","0.4584"
"9.2600","0.1751","0.4593"
"9.2800","0.1752","0.4601"
"9.3000","0.1753","0.4610"
"9.3200","0.1754","0.4621"
"9.3400","0.1756","0.4631"
"9.3600","0.1757","0.4640"
"9.3800","0.1758","0.4652"
"9.4000","0.1760","0.4664"
"9.4200","0.1761","0.4676"
"9.4400","0.1763","0.4687"
"9.4600","0.1764","0.4699"
"9.4800","0.1765","0.4710"
"9.5000","0.1767","0.4721"
"9.5200","0.1768","0.4733"
"9.5400","0.1770","0.4744"
"9.5600","0.1771","0.4754"
"9.5800","0.1772","0.4765"
"9.6000","0.1774","0.4775"
"9.6200","0.1775","0.4785"
"9.6400","0.1776","0.4794"
"9.6600","0.1778","0.4803"
"9.6800","0.1779","0.4812"
"9.7000","0.1780","0.4821"
"9.7200","0.1782","0.4829"
"9.7400","0.1783","0.4838"
"9.7600","0.1784","0.4848"
"9.7800","0.1785","0.4858"
"9.8000","0.1787","0.4867"
"9.8200","0.1788","0.4878"
"9.8400","0.1789","0.4889"
"9.8600","0.1791","0.4901"
"9.8800","0.1792","0.4913"
"9.9000","0.1794","0.4926"
"9.9200","0.1795","0.4938"
"9.9400","0.1797","0.4951"
"9.9600","0.1798","0.4964"
"9.9800","0.1800","0.4976"
"10.0000","0.1801","0.4990"
"10.0200","0.1803","0.5000"
"10.0400","0.1804","0.5012"
"10.0600","0.1805","0.5023"
"10.0800","0.1807","0.5034"
"10.1000","0.1808","0.5044"
"10.1200","0.1809","0.5053"
"10.1400","0.1811","0.5063"
"10.1600","0.1812","0.5073"
"10.1800","0.1813","0.5083"
"10.2000","0.1815","0.5092"
"10.2200","0.1816","0.5101"
"10.2400","0.1817","0.5110"
"10.2600","0.1819","0.5120"
"10.2800","0.1820","0.5130"
"10.3000","0.1821","0.5140"
"10.3200","0.1822","0.5149"
"10.3400","0.1824","0.5157"
"10.3600","0.1825","0.5166"
"10.3800","0.1826","0.5174"
"10.4000","0.1827","0.5182"
"10.4200","0.1828","0.5190"
"10.4400","0.1830","0.5199"
"10.4600","0.1831","0.5207"
"10.4800","0.1832","0.5215"
"10.5000","0.1833","0.5224"
"10.5200","0.1834","0.5232"
"10.5400","0.1835","0.5239"
"10.5600","0.1836","0.5247"
"10.5800","0.1837","0.5254"
"10.6000","0.1839","0.5262"
"10.6200","0.1840","0.5270"
"10.6400","0.1841","0.5277"
"10.6600","0.1842","0.5284"
"10.6800","0.1843","0.5291"
"10.7000","0.1844","0.5298"
"10.7200","0.1845","0.5306"
"10.7400","0.1846","0.5314"
"10.7600","0.1847","0.5322"
"10.7800","0.1848","0.5329"
"10.8000","0.1849","0.5338"
"10.8200","0.1850","0.5348"
"10.8400","0.1852","0.5356"
"10.8600","0.1853","0.5366"
"10.8800","0.1854","0.5376"
"10.9000","0.1855","0.5386"
"10.9200","0.1856","0.5396"
"10.9400","0.1857","0.5407"
"10.9600","0.1859","0.5418"
"10.9800","0.1860","0.5429"
"11.0000","0.1861","0.5440"
"11.0200","0.1862","0.5452"
"11.0400","0.1864","0.5464"
"11.0600","0.1865","0.5476"
"11.0800","0.1866","0.5488"
"11.1000","0.1868","0.5499"
"11.1200","0.1869","0.5512"
"11.1400","0.1870","0.5524"
"11.1600","0.1872","0.5535"
"11.1800","0.1873","0.5546"
"11.2000","0.1874","0.5557"
"11.2200","0.1876","0.5568"
"11.2400","0.1877","0.5579"
"11.2600","0.1878","0.5590"
"11.2800","0.1879","0.5600"
"11.3000","0.1881","0.5610"
"11.3200","0.1882","0.5621"
"11.3400","0.1883","0.5632"
"11.3600","0.1885","0.5643"
"11.3800","0.1886","0.5654"
"11.4000","0.1887","0.5665"
"11.4200","0.1888","0.5676"
"11.4400","0.1890","0.5689"
"11.4600","0.1891","0.5702"
"11.4800","0.1893","0.5716"
"11.5000","0.1894","0.5729"
"11.5200","0.1896","0.5742"
"11.5400","0.1897","0.5755"
"11.5600","0.1898","0.5768"
"11.5800","0.1900","0.5781"
"11.6000","0.1901","0.5791"
"11.6200","0.1902","0.5802"
"11.6400","0.1904","0.5813"
"11.6600","0.1905","0.5822"
"11.6800","0.1906","0.5832"
"11.7000","0.1908","0.5842"
"11.7200","0.1909","0.5852"
"11.7400","0.1910","0.5861"
"11.7600","0.1911","0.5871"
"11.7800","0.1912","0.5879"
"11.8000","0.1914","0.5888"
"11.8200","0.1915","0.5897"
"11.8400","0.1916","0.5906"
"11.8600","0.1917","0.5916"
"11.8800","0.1918","0.5925"
"11.9000","0.1920","0.5934"
"11.9200","0.1921","0.5943"
"11.9400","0.1922","0.5953"
"11.9600","0.1923","0.5961"
"11.9800","0.1924","0.5971"
"12.0000","0.1925","0.5980"
"12.0200","0.1927","0.5989"
"12.0400","0.1928","0.5998"
"12.0600","0.1929","0.6007"
"12.0800","0.1930","0.6017"
"12.1000","0.1931","0.6026"
"12.1200","0.1932","0.6035"
"12.1400","0.1934","0.6045"
"12.1600","0.1935","0.6054"
"12.1800","0.1936","0.6063"
"12.2000","0.1937","0.6072"
"12.2200","0.1938","0.6080"
"12.2400","0.1939","0.6089"
"12.2600","0.1940","0.6098"
"12.2800","0.1941","0.6107"
"12.3000","0.1942","0.6115"
"12.3200","0.1944","0.6124"
"12.3400","0.1945","0.6133"
"12.3600","0.1946","0.6141"
"12.3800","0.1947","0.6150"
"12.4000","0.1948","0.6159"
"12.4200","0.1949","0.6169"
"12.4400","0.1950","0.6179"
"12.4600","0.1952","0.6190"
"12.4800","0.1953","0.6201"
"12.5000","0.1954","0.6212"
"12.5200","0.1955","0.6224"
"12.5400","0.1957","0.6236"
"12.5600","0.1958","0.6248"
"12.5800","0.1959","0.6260"
"12.6000","0.1961","0.6274"
"12.6200","0.1962","0.6288"
"12.6400","0.1963","0.6301"
"12.6600","0.1965","0.6315"
"12.6800","0.1966","0.6327"
"12.7000","0.1968","0.6342"
"12.7200","0.1969","0.6355"
"12.7400","0.1970","0.6368"
"12.7600","0.1972","0.6380"
"12.7800","0.1973","0.6392"
"12.8000","0.1974","0.6403"
"12.8200","0.1976","0.6412"
"12.8400","0.1977","0.6423"
"12.8600","0.1978","0.6433"
"12.8800","0.1979","0.6441"
"12.9000","0.1981","0.6449"
"12.9200","0.1982","0.6458"
"12.9400","0.1983","0.6467"
"12.9600","0.1984","0.6476"
"12.9800","0.1985","0.6485"
"13.0000","0.1986","0.6493"
"13.0200","0.1988","0.6502"
"13.0400","0.1989","0.6511"
"13.0600","0.1990","0.6521"
"13.0800","0.1991","0.6530"
"13.1000","0.1992","0.6541"
"13.1200","0.1994","0.6551"
"13.1400","0.1995","0.6561"
"13.1600","0.1996","0.6571"
"13.1800","0.1997","0.6581"
"13.2000","0.1998","0.6591"
"13.2200","0.2000","0.6601"
"13.2400","0.2001","0.6610"
"13.2600","0.2002","0.6619"
"13.2800","0.2003","0.6629"
"13.3000","0.2004","0.6637"
"13.3200","0.2005","0.6646"
"13.3400","0.2007","0.6654"
"13.3600","0.2008","0.6662"
"13.3800","0.2009","0.6670"
"13.4000","0.2010","0.6677"
"13.4200","0.2011","0.6686"
"13.4400","0.2012","0.6694"
"13.4600","0.2013","0.6702"
"13.4800","0.2014","0.6711"
"13.5000","0.2015","0.6719"
"13.5200","0.2017","0.6729"
"13.5400","0.2018","0.6737"
"13.5600","0.2019","0.6746"
"13.5800","0.2020","0.6756"
"13.6000","0.2021","0.6766"
"13.6200","0.2022","0.6774"
"13.6400","0.2023","0.6784"
"13.6600","0.2025","0.6795"
"13.6800","0.2026","0.6804"
"13.7000","0.2027","0.6814"
"13.7200","0.2028","0.6824"
"13.7400","0.2029","0.6834"
"13.7600","0.2031","0.6845"
"13.7800","0.2032","0.6855"
"13.8000","0.2033","0.6866"
"13.8200","0.2034","0.6876"
"13.8400","0.2035","0.6886"
"13.8600","0.2037","0.6896"
"13.8800","0.2038","0.6906"
"13.9000","0.2039","0.6915"
"13.9200","0.2040","0.6925"
"13.9400","0.2041","0.6934"
"13.9600","0.2043","0.6943"
"13.9800","0.2044","0.6953"
"14.0000","0.2045","0.6962"
"14.0200","0.2046","0.6971"
"14.0400","0.2047","0.6981"
"14.0600","0.2049","0.6990"
"14.0800","0.2050","0.7000"
"14.1000","0.2051","0.7010"
"14.1200","0.2052","0.7021"
"14.1400","0.2053","0.7031"
"14.1600","0.2055","0.7042"
"14.1800","0.2056","0.7054"
"14.2000","0.2057","0.7065"
"14.2200","0.2059","0.7076"
"14.2400","0.2060","0.7089"
"14.2600","0.2061","0.7101"
"14.2800","0.2063","0.7112"
"14.3000","0.2064","0.7124"
"14.3200","0.2065","0.7135"
"14.3400","0.2067","0.7146"
"14.3600","0.2068","0.7158"
"14.3800","0.2069","0.7170"
"14.4000","0.2071","0.7179"
"14.4200","0.2072","0.7190"
"14.4400","0.2073","0.7200"
"14.4600","0.2075","0.7209"
"14.4800","0.2076","0.7218"
"14.5000","0.2077","0.7227"
"14.5200","0.2078","0.7235"
"14.5400","0.2080","0.7244"
"14.5600","0.2081","0.7251"
"14.5800","0.2082","0.7259"
"14.6000","0.2083","0.7267"
"14.6200","0.2084","0.7275"
"14.6400","0.2085","0.7284"
"14.6600","0.2087","0.7293"
"14.6800","0.2088","0.7302"
"14.7000","0.2089","0.7312"
"14.7200","0.2090","0.7321"
"14.7400","0.2092","0.7331"
"14.7600","0.2093","0.7343"
"14.7800","0.2094","0.7353"
"14.8000","0.2096","0.7364"
"14.8200","0.2097","0.7374"
"14.8400","0.2098","0.7385"
"14.8600","0.2099","0.7395"
"14.8800","0.2101","0.7405"
"14.9000","0.2102","0.7415"
"14.9200","0.2103","0.7424"
"14.9400","0.2105","0.7433"
"14.9600","0.2106","0.7443"
"14.9800","0.2107","0.7453"
"15.0000","0.2108","0.7462"
"15.0200","0.2110","0.7471"
"15.0400","0.2111","0.7480"
"15.0600","0.2112","0.7489"
"15.0800","0.2113","0.7499"
"15.1000","0.2115","0.7510"
"15.1200","0.2116","0.7519"
"15.1400","0.2117","0.7530"
"15.1600","0.2119","0.7542"
"15.1800","0.2120","0.7553"
"15.2000","0.2122","0.7564"
"15.2200","0.2123","0.7576"
"15.2400","0.2124","0.7586"
"15.2600","0.2126","0.7597"
"15.2800","0.2127","0.7607"
"15.3000","0.2128","0.7618"
"15.3200","0.2130","0.7629"
"15.3400","0.2131","0.7640"
"15.3600","0.2133","0.7651"
"15.3800","0.2134","0.7661"
"15.4000","0.2135","0.7672"
"15.4200","0.2137","0.7682"
"15.4400","0.2138","0.7691"
"15.4600","0.2139","0.7700"
"15.4800","0.2141","0.7709"
"15.5000","0.2142","0.7717"
"15.5200","0.2143","0.7725"
"15.5400","0.2145","0.7734"
"15.5600","0.2146","0.7742"
"15.5800","0.2147","0.7750"
"15.6000","0.2149","0.7759"
"15.6200","0.2150","0.7768"
"15.6400","0.2151","0.7777"
"15.6600","0.2152","0.7786"
"15.6800","0.2154","0.7796"
"15.7000","0.2155","0.7806"
"15.7200","0.2156","0.7816"
"15.7400","0.2158","0.7826"
"15.7600","0.2159","0.7837"
"15.7800","0.2161","0.7847"
"15.8000","0.2162","0.7859"
"15.8200","0.2164","0.7870"
"15.8400","0.2165","0.7881"
"15.8600","0.2166","0.7892"
"15.8800","0.2168","0.7903"
"15.9000","0.2169","0.7915"
"15.9200","0.2171","0.7926"
"15.9400","0.2172","0.7936"
"15.9600","0.2174","0.7945"
"15.9800","0.2175","0.7954"
"16.0000","0.2176","0.7964"
"16.0200","0.2178","0.7972"
"16.0400","0.2179","0.7980"
"16.0600","0.2180","0.7984"
"16.0800","0.2181","0.7987"
"16.1000","0.2182","0.7988"
"16.1200","0.2183","0.7986"
"16.1400","0.2184","0.7986"
"16.1600","0.2185","0.7985"
"16.1800","0.2186","0.7985"
"16.2000","0.2187","0.7985"
"16.2200","0.2187","0.7984"
"16.2400","0.2188","0.7984"
"16.2600","0.2189","0.7985"
"16.2800","0.2190","0.7986"
"16.3000","0.2191","0.7986"
"16.3200","0.2191","0.7986"
"16.3400","0.2192","0.7987"
"16.3600","0.2193","0.7988"
"16.3800","0.2194","0.7989"
"16.4000","0.2194","0.7992"
"16.4200","0.2195","0.7993"
"16.4400","0.2196","0.7995"
"16.4600","0.2197","0.7996"
"16.4800","0.2197","0.7998"
"16.5000","0.2198","0.7999"
"16.5140","0.2199","0.8000"
"16.5150","0.2199","0.8000"
"16.5160","0.2199","0.8000"
"16.5360","0.2199","0.8001"
"16.5560","0.2200","0.8000"
"16.5760","0.2200","0.7994"
"16.5960","0.2200","0.7986"
"16.6160","0.2201","0.7976"
"16.6360","0.2201","0.7965"
"16.6560","0.2201","0.7954"
"16.6760","0.2201","0.7943"
"16.6960","0.2201","0.7932"
"16.7160","0.2201","0.7922"
"16.7360","0.2201","0.7912"
"16.7560","0.2201","0.7901"
"16.7760","0.2201","0.7892"
"16.7960","0.2201","0.7883"
"16.8160","0.2201","0.7873"
"16.8360","0.2201","0.7864"
"16.8560","0.2201","0.7855"
"16.8760","0.2201","0.7847"
"16.8960","0.2201","0.7839"
"16.9160","0.2201","0.7830"
"16.9360","0.2201","0.7822"
"16.9560","0.2201","0.7814"
"16.9760","0.2201","0.7807"
"16.9960","0.2201","0.7799"
"17.0160","0.2201","0.7793"
"17.0360","0.2201","0.7785"
"17.0560","0.2201","0.7779"
"17.0760","0.2201","0.7772"
"17.0960","0.2201","0.7766"
"17.1160","0.2201","0.7759"
"17.1360","0.2201","0.7753"
"17.1560","0.2201","0.7747"
"17.1760","0.2201","0.7741"
"17.1960","0.2201","0.7735"
"17.2160","0.2201","0.7729"
"17.2360","0.2200","0.7723"
"17.2560","0.2200","0.7718"
"17.2760","0.2200","0.7712"
"17.2960","0.2200","0.7706"
"17.3160","0.2200","0.7700"
"17.3360","0.2200","0.7695"
"17.3560","0.2200","0.7689"
"17.3760","0.2200","0.7684"
"17.3960","0.2200","0.7679"
"17.4160","0.2200","0.7673"
"17.4360","0.2200","0.7669"
"17.4560","0.2200","0.7664"
"17.4760","0.2200","0.7658"
"17.4960","0.2200","0.7653"
"17.5160","0.2200","0.7650"
"17.5360","0.2200","0.7646"
"17.5560","0.2200","0.7642"
"17.5760","0.2200","0.7637"
"17.5960","0.2200","0.7632"
"17.6160","0.2200","0.7627"
"17.6360","0.2200","0.7623"
"17.6560","0.2200","0.7619"
"17.6760","0.2200","0.7614"
"17.6960","0.2200","0.7610"
"17.7160","0.2200","0.7606"
"17.7360","0.2200","0.7602"
"17.7560","0.2200","0.7597"
"17.7760","0.2200","0.7593"
"17.7960","0.2200","0.7590"
"17.8160","0.2200","0.7586"
"17.8360","0.2200","0.7581"
"17.8560","0.2200","0.7578"
"17.8760","0.2200","0.7574"
"17.8960","0.2200","0.7570"
"17.9160","0.2200","0.7566"
"17.9360","0.2200","0.7563"
"17.9560","0.2200","0.7560"
"17.9760","0.2200","0.7556"
"17.9960","0.2200","0.7552"
"18.0160","0.2200","0.7549"
"18.0360","0.2200","0.7545"
"18.0560","0.2200","0.7542"
"18.0760","0.2200","0.7538"
"18.0960","0.2200","0.7534"
"18.1160","0.2200","0.7531"
"18.1360","0.2200","0.7528"
"18.1560","0.2200","0.7524"
"18.1760","0.2200","0.7521"
"18.1960","0.2200","0.7518"
"18.2160","0.2200","0.7514"
"18.2360","0.2200","0.7511"
"18.2560","0.2200","0.7508"
"18.2760","0.2200","0.7505"
"18.2960","0.2200","0.7503"
"18.3160","0.2200","0.7499"
"18.3360","0.2200","0.7495"
"18.3560","0.2200","0.7492"
"18.3760","0.2200","0.7490"
"18.3960","0.2200","0.7487"
"18.4160","0.2200","0.7484"
"18.4360","0.2200","0.7481"
"18.4560","0.2200","0.7477"
"18.4760","0.2200","0.7474"
"18.4960","0.2200","0.7472"
"18.5160","0.2200","0.7470"
"18.5360","0.2200","0.7467"
"18.5560","0.2200","0.7463"
"18.5760","0.2200","0.7461"
"18.5960","0.2200","0.7458"
"18.6160","0.2200","0.7455"
"18.6360","0.2200","0.7453"
"18.6560","0.2200","0.7449"
"18.6760","0.2200","0.7446"
"18.6960","0.2200","0.7443"
"18.7160","0.2200","0.7441"
"18.7360","0.2200","0.7439"
"18.7560","0.2200","0.7436"
"18.7760","0.2200","0.7434"
"18.7960","0.2200","0.7432"
"18.8160","0.2200","0.7428"
"18.8360","0.2200","0.7425"
"18.8560","0.2200","0.7423"
"18.8760","0.2200","0.7421"
"18.8960","0.2200","0.7418"
"18.9160","0.2200","0.7416"
"18.9360","0.2200","0.7413"
"18.9560","0.2200","0.7410"
"18.9760","0.2200","0.7408"
"18.9960","0.2200","0.7405"
"19.0160","0.2200","0.7403"
"19.0360","0.2200","0.7401"
"19.0560","0.2200","0.7398"
"19.0760","0.2200","0.7396"
"19.0960","0.2200","0.7394"
"19.1160","0.2200","0.7392"
"19.1360","0.2200","0.7389"
"19.1560","0.2200","0.7387"
"19.1760","0.2200","0.7385"
"19.1960","0.2199","0.7383"
"19.2160","0.2199","0.7380"
"19.2360","0.2199","0.7377"
"19.2560","0.2199","0.7375"
"19.2760","0.2199","0.7374"
"19.2960","0.2199","0.7372"
"19.3160","0.2199","0.7369"
"19.3360","0.2199","0.7366"
"19.3560","0.2199","0.7364"
"19.3760","0.2199","0.7363"
"19.3960","0.2199","0.7360"
"19.4160","0.2199","0.7358"
"19.4360","0.2199","0.7357"
"19.4560","0.2199","0.7354"
"19.4760","0.2199","0.7351"
"19.4960","0.2199","0.7349"
"19.5160","0.2199","0.7348"
"19.5360","0.2199","0.7346"
"19.5560","0.2199","0.7344"
"19.5760","0.2199","0.7342"
"19.5960","0.2199","0.7339"
"19.6160","0.2199","0.7337"
"19.6360","0.2199","0.7335"
"19.6560","0.2199","0.7333"
"19.6760","0.2199","0.7331"
"19.6960","0.2199","0.7329"
"19.7160","0.2199","0.7326"
"19.7360","0.2199","0.7325"
"19.7560","0.2199","0.7323"
"19.7760","0.2199","0.7320"
"19.7960","0.2199","0.7319"
"19.8160","0.2199","0.7318"
"19.8360","0.2199","0.7316"
"19.8560","0.2199","0.7314"
"19.8760","0.2199","0.7313"
"19.8960","0.2199","0.7311"
"19.9160","0.2199","0.7308"
"19.9360","0.2199","0.7306"
"19.9560","0.2199","0.7304"
"19.9760","0.2199","0.7303"
"19.9960","0.2199","0.7301"
"20.0160","0.2199","0.7298"
"20.0360","0.2199","0.7296"
"20.0560","0.2199","0.7295"
"20.0760","0.2199","0.7293"
"20.0960","0.2199","0.7292"
"20.1160","0.2199","0.7290"
"20.1360","0.2199","0.7288"
"20.1560","0.2199","0.7286"
"20.1760","0.2199","0.7284"
"20.1960","0.2199","0.7282"
"20.2160","0.2199","0.7280"
"20.2360","0.2199","0.7279"
"20.2560","0.2199","0.7277"
"20.2760","0.2199","0.7274"
"20.2960","0.2199","0.7272"
"20.3160","0.2199","0.7271"
"20.3360","0.2199","0.7270"
"20.3560","0.2199","0.7268"
"20.3760","0.2199","0.7266"
"20.3960","0.2199","0.7264"
"20.4160","0.2199","0.7263"
"20.4360","0.2199","0.7262"
"20.4560","0.2199","0.7260"
"20.4760","0.2199","0.7258"
"20.4960","0.2199","0.7256"
"20.5160","0.2199","0.7255"
"20.5360","0.2199","0.7253"
"20.5560","0.2199","0.7252"
"20.5760","0.2199","0.7250"
"20.5960","0.2199","0.7248"
"20.6160","0.2199","0.7246"
"20.6360","0.2199","0.7245"
"20.6560","0.2199","0.7244"
"20.6760","0.2199","0.7242"
"20.6960","0.2199","0.7241"
"20.7160","0.2199","0.7239"
"20.7360","0.2199","0.7237"
"20.7560","0.2199","0.7236"
"20.7760","0.2199","0.7234"
"20.7960","0.2199","0.7233"
"20.8160","0.2199","0.7231"
"20.8360","0.2199","0.7229"
"20.8560","0.2199","0.7229"
"20.8760","0.2199","0.7227"
"20.8960","0.2199","0.7225"
"20.9160","0.2199","0.7223"
"20.9360","0.2199","0.7222"
"20.9560","0.2199","0.7220"
"20.9760","0.2199","0.7219"
"20.9960","0.2199","0.7217"
"21.0160","0.2199","0.7216"
"21.0360","0.2199","0.7214"
"21.0560","0.2199","0.7213"
"21.0760","0.2199","0.7212"
"21.0960","0.2199","0.7210"
"21.1160","0.2199","0.7208"
"21.1360","0.2199","0.7207"
"21.1560","0.2199","0.7205"
"21.1760","0.2199","0.7204"
"21.1960","0.2199","0.7203"
"21.2160","0.2199","0.7201"
"21.2360","0.2199","0.7200"
"21.2560","0.2199","0.7199"
"21.2760","0.2199","0.7197"
"21.2960","0.2199","0.7195"
"21.3160","0.2199","0.7194"
"21.3360","0.2199","0.7192"
"21.3560","0.2199","0.7191"
"21.3760","0.2199","0.7189"
"21.3960","0.2199","0.7187"
"21.4160","0.2199","0.7187"
"21.4360","0.2199","0.7187"
"21.4560","0.2199","0.7184"
"21.4760","0.2199","0.7182"
"21.4960","0.2199","0.7181"
"21.5160","0.2199","0.7179"
"21.5360","0.2199","0.7178"
"21.5560","0.2199","0.7176"
"21.5760","0.2199","0.7174"
"21.5960","0.2199","0.7174"
"21.6160","0.2199","0.7172"
"21.6360","0.2199","0.7170"
"21.6560","0.2199","0.7169"
"21.6760","0.2199","0.7168"
"21.6960","0.2199","0.7167"
"21.7160","0.2199","0.7166"
"21.7360","0.2199","0.7165"
"21.7560","0.2199","0.7164"
"21.7760","0.2199","0.7162"
"21.7960","0.2199","0.7160"
"21.8160","0.2199","0.7160"
"21.8360","0.2199","0.7158"
"21.8560","0.2199","0.7157"
"21.8760","0.2199","0.7155"
"21.8960","0.2199","0.7154"
"21.9160","0.2199","0.7154"
"21.9360","0.2199","0.7152"
"21.9560","0.2199","0.7150"
"21.9760","0.2199","0.7149"
"21.9960","0.2199","0.7148"
"22.0160","0.2199","0.7147"
"22.0360","0.2199","0.7145"
"22.0560","0.2199","0.7144"
"22.0760","0.2199","0.7142"
"22.0960","0.2199","0.7141"
"22.1160","0.2199","0.7140"
"22.1360","0.2199","0.7140"
"22.1560","0.2199","0.7139"
"22.1760","0.2199","0.7137"
"22.1960","0.2199","0.7135"
"22.2160","0.2199","0.7134"
"22.2360","0.2199","0.7133"
"22.2560","0.2199","0.7132"
"22.2760","0.2199","0.7131"
"22.2960","0.2199","0.7129"
"22.3160","0.2199","0.7128"
"22.3360","0.2199","0.7125"
"22.3560","0.2199","0.7124"
"22.3760","0.2199","0.7125"
"22.3960","0.2199","0.7124"
"22.4160","0.2199","0.7122"
"22.4360","0.2199","0.7120"
"22.4560","0.2199","0.7119"
"22.4760","0.2199","0.7118"
"22.4960","0.2199","0.7117"
"22.5160","0.2199","0.7115"
"22.5360","0.2199","0.7114"
"22.5560","0.2199","0.7113"
"22.5760","0.2199","0.7113"
"22.5960","0.2199","0.7111"
"22.6160","0.2199","0.7110"
"22.6360","0.2199","0.7109"
"22.6560","0.2199","0.7108"
"22.6760","0.2199","0.7106"
"22.6960","0.2199","0.7105"
"22.7160","0.2199","0.7103"
"22.7360","0.2199","0.7102"
"22.7560","0.2199","0.7102"
"22.7760","0.2199","0.7101"
"22.7960","0.2199","0.7101"
"22.8160","0.2199","0.7099"
"22.8360","0.2199","0.7098"
"22.8560","0.2199","0.7096"
"22.8760","0.2199","0.7094"
"22.8960","0.2199","0.7093"
"22.9160","0.2199","0.7092"
"22.9360","0.2199","0.7091"
"22.9560","0.2199","0.7090"
"22.9760","0.2199","0.7089"
"22.9960","0.2199","0.7088"
"23.0160","0.2199","0.7087"
"23.0360","0.2199","0.7085"
"23.0560","0.2199","0.7084"
"23.0760","0.2199","0.7083"
"23.0960","0.2199","0.7082"
"23.1160","0.2199","0.7081"
"23.1360","0.2199","0.7081"
"23.1560","0.2199","0.7080"
"23.1760","0.2199","0.7079"
"23.1960","0.2199","0.7077"
"23.2160","0.2199","0.7076"
"23.2360","0.2199","0.7075"
"23.2560","0.2199","0.7074"
"23.2760","0.2199","0.7074"
"23.2960","0.2199","0.7073"
"23.3160","0.2199","0.7071"
"23.3360","0.2199","0.7071"
"23.3560","0.2199","0.7069"
"23.3760","0.2199","0.7068"
"23.3960","0.2199","0.7067"
"23.4160","0.2199","0.7065"
"23.4360","0.2199","0.7064"
"23.4560","0.2199","0.7064"
"23.4760","0.2199","0.7063"
"23.4960","0.2199","0.7061"
"23.5160","0.2199","0.7060"
"23.5360","0.2199","0.7059"
"23.5560","0.2199","0.7058"
"23.5760","0.2199","0.7057"
"23.5960","0.2199","0.7056"
"23.6160","0.2199","0.7055"
"23.6360","0.2199","0.7054"
"23.6560","0.2199","0.7053"
"23.6760","0.2199","0.7052"
"23.6960","0.2199","0.7051"
"23.7160","0.2199","0.7050"
"23.7360","0.2199","0.7049"
"23.7560","0.2199","0.7048"
"23.7760","0.2199","0.7047"
"23.7960","0.2199","0.7046"
"23.8160","0.2199","0.7045"
"23.8360","0.2199","0.7044"
"23.8560","0.2199","0.7043"
"23.8760","0.2199","0.7042"
"23.8960","0.2199","0.7041"
"23.9160","0.2199","0.7040"
"23.9360","0.2199","0.7039"
"23.9560","0.2199","0.7037"
"23.9760","0.2199","0.7037"
"23.9960","0.2199","0.7036"
"24.0160","0.2199","0.7035"
"24.0360","0.2199","0.7034"
"24.0560","0.2199","0.7033"
"24.0760","0.2199","0.7032"
"24.0960","0.2199","0.7031"
"24.1160","0.2199","0.7029"
"24.1360","0.2199","0.7029"
"24.1560","0.2199","0.7028"
"24.1760","0.2199","0.7027"
"24.1960","0.2199","0.7026"
"24.2160","0.2199","0.7025"
"24.2360","0.2199","0.7024"
"24.2560","0.2199","0.7023"
"24.2760","0.2199","0.7022"
"24.2960","0.2199","0.7021"
"24.3160","0.2199","0.7020"
"24.3360","0.2199","0.7019"
"24.3560","0.2199","0.7019"
"24.3760","0.2199","0.7018"
"24.3960","0.2199","0.7016"
"24.4160","0.2199","0.7014"
"24.4360","0.2199","0.7014"
"24.4560","0.2199","0.7014"
"24.4760","0.2199","0.7013"
"24.4960","0.2199","0.7011"
"24.5160","0.2199","0.7011"
"24.5360","0.2199","0.7010"
"24.5560","0.2199","0.7009"
"24.5760","0.2199","0.7007"
"24.5960","0.2199","0.7006"
"24.6160","0.2199","0.7006"
"24.6360","0.2199","0.7005"
"24.6560","0.2199","0.7005"
"24.6760","0.2199","0.7004"
"24.6960","0.2199","0.7002"
"24.7160","0.2199","0.7002"
"24.7360","0.2199","0.7001"
"24.7560","0.2199","0.7000"
"24.7760","0.2199","0.6999"
"24.7960","0.2199","0.6997"
"24.8160","0.2199","0.6997"
"24.8360","0.2199","0.6996"
"24.8560","0.2199","0.6996"
"24.8760","0.2199","0.6994"
"24.8960","0.2199","0.6993"
"24.9160","0.2199","0.6992"
"24.9360","0.2199","0.6991"
"24.9560","0.2199","0.6990"
"24.9760","0.2199","0.6989"
"24.9960","0.2199","0.6987"
"25.0160","0.2199","0.6987"
"25.0360","0.2199","0.6987"
"25.0560","0.2199","0.6986"
"25.0760","0.2199","0.6985"
"25.0960","0.2199","0.6984"
"25.1160","0.2199","0.6983"
"25.1360","0.2199","0.6982"
"25.1560","0.2199","0.6981"
"25.1760","0.2199","0.6981"
"25.1960","0.2199","0.6980"
"25.2160","0.2199","0.6979"
"25.2360","0.2199","0.6977"
"25.2560","0.2199","0.6977"
"25.2760","0.2199","0.6976"
"25.2960","0.2199","0.6975"
"25.3160","0.2199","0.6975"
"25.3360","0.2199","0.6974"
"25.3560","0.2199","0.6972"
"25.3760","0.2199","0.6972"
"25.3960","0.2199","0.6972"
"25.4160","0.2199","0.6971"
"25.4360","0.2199","0.6971"
"25.4560","0.2199","0.6970"
"25.4760","0.2199","0.6968"
"25.4960","0.2199","0.6968"
"25.5160","0.2199","0.6967"
"25.5360","0.2199","0.6965"
"25.5560","0.2199","0.6965"
"25.5760","0.2199","0.6964"
"25.5960","0.2199","0.6963"
"25.6160","0.2199","0.6961"
"25.6360","0.2199","0.6961"
"25.6560","0.2199","0.6961"
"25.6760","0.2199","0.6960"
"25.6960","0.2199","0.6960"
"25.7160","0.2199","0.6958"
"25.7360","0.2199","0.6956"
"25.7560","0.2199","0.6956"
"25.7760","0.2199","0.6956"
"25.7960","0.2199","0.6955"
"25.8160","0.2199","0.6954"
"25.8360","0.2199","0.6953"
"25.8560","0.2199","0.6952"
"25.8760","0.2199","0.6952"
"25.8960","0.2199","0.6951"
"25.9160","0.2199","0.6950"
"25.9360","0.2199","0.6949"
"25.9560","0.2199","0.6948"
"25.9760","0.2199","0.6947"
"25.9960","0.2199","0.6947"
"26.0160","0.2199","0.6946"
"26.0360","0.2199","0.6945"
"26.0560","0.2199","0.6944"
"26.0760","0.2199","0.6943"
"26.0960","0.2199","0.6943"
"26.1160","0.2199","0.6942"
"26.1360","0.2199","0.6941"
"26.1560","0.2199","0.6940"
"26.1760","0.2199","0.6939"
"26.1960","0.2199","0.6938"
"26.2160","0.2199","0.6937"
"26.2360","0.2199","0.6936"
"26.2560","0.2199","0.6936"
"26.2760","0.2199","0.6935"
"26.2960","0.2199","0.6935"
"26.3160","0.2199","0.6935"
"26.3360","0.2199","0.6933"
"26.3560","0.2199","0.6932"
"26.3760","0.2199","0.6930"
"26.3960","0.2199","0.6931"
"26.4160","0.2199","0.6930"
"26.4360","0.2199","0.6930"
"26.4560","0.2199","0.6929"
"26.4760","0.2199","0.6928"
"26.4960","0.2199","0.6927"
"26.5160","0.2199","0.6926"
"26.5360","0.2199","0.6925"
"26.5560","0.2199","0.6925"
"26.5760","0.2199","0.6924"
"26.5960","0.2199","0.6923"
"26.6160","0.2199","0.6922"
"26.6360","0.2199","0.6921"
"26.6560","0.2199","0.6921"
"26.6760","0.2199","0.6920"
"26.6960","0.2199","0.6919"
"26.7160","0.2199","0.6918"
"26.7360","0.2199","0.6917"
"26.7560","0.2199","0.6917"
"26.7760","0.2199","0.6916"
"26.7960","0.2199","0.6916"
"26.8160","0.2199","0.6915"
"26.8360","0.2199","0.6915"
"26.8560","0.2199","0.6913"
"26.8760","0.2199","0.6912"
"26.8960","0.2199","0.6912"
"26.9160","0.2199","0.6911"
"26.9360","0.2199","0.6910"
"26.9560","0.2199","0.6909"
"26.9760","0.2199","0.6908"
"26.9960","0.2199","0.6908"
"27.0160","0.2199","0.6908"
"27.0360","0.2199","0.6906"
"27.0560","0.2199","0.6905"
"27.0760","0.2199","0.6905"
"27.0960","0.2199","0.6905"
"27.1160","0.2199","0.6904"
"27.1360","0.2199","0.6903"
"27.1560","0.2199","0.6902"
"27.1760","0.2199","0.6902"
"27.1960","0.2199","0.6901"
"27.2160","0.2199","0.6900"
"27.2360","0.2199","0.6899"
"27.2560","0.2199","0.6898"
"27.2760","0.2199","0.6898"
"27.2960","0.2199","0.6897"
"27.3160","0.2199","0.6896"
"27.3360","0.2199","0.6895"
"27.3560","0.2199","0.6895"
"27.3760","0.2199","0.6895"
"27.3960","0.2199","0.6894"
"27.4160","0.2199","0.6893"
"27.4360","0.2199","0.6892"
"27.4560","0.2199","0.6891"
"27.4760","0.2199","0.6891"
"27.4960","0.2199","0.6890"
"27.5160","0.2199","0.6890"
"27.5360","0.2199","0.6890"
"27.5560","0.2199","0.6888"
"27.5760","0.2199","0.6887"
"27.5960","0.2199","0.6886"
"27.6160","0.2199","0.6886"
"27.6360","0.2199","0.6885"
"27.6560","0.2199","0.6885"
"27.6760","0.2199","0.6884"
"27.6960","0.2199","0.6884"
"27.7160","0.2199","0.6882"
"27.7360","0.2199","0.6881"
"27.7560","0.2199","0.6881"
"27.7760","0.2199","0.6880"
"27.7960","0.2199","0.6879"
"27.8160","0.2199","0.6879"
"27.8360","0.2199","0.6877"
"27.8560","0.2199","0.6876"
"27.8760","0.2199","0.6876"
"27.8960","0.2199","0.6876"
"27.9160","0.2199","0.6875"
"27.9360","0.2199","0.6875"
"27.9560","0.2199","0.6874"
"27.9760","0.2199","0.6873"
"27.9960","0.2199","0.6873"
"28.0160","0.2199","0.6873"
"28.0360","0.2199","0.6872"
"28.0560","0.2199","0.6870"
"28.0760","0.2199","0.6869"
"28.0960","0.2199","0.6869"
"28.1160","0.2199","0.6869"
"28.1360","0.2199","0.6869"
"28.1560","0.2199","0.6867"
"28.1760","0.2199","0.6866"
"28.1960","0.2199","0.6866"
"28.2160","0.2199","0.6865"
"28.2360","0.2199","0.6865"
"28.2560","0.2199","0.6865"
"28.2760","0.2199","0.6864"
"28.2960","0.2199","0.6862"
"28.3160","0.2199","0.6861"
"28.3360","0.2199","0.6861"
"28.3560","0.2199","0.6861"
"28.3760","0.2199","0.6859"
"28.3960","0.2199","0.6859"
"28.4160","0.2199","0.6859"
"28.4360","0.2199","0.6858"
"28.4560","0.2199","0.6858"
"28.4760","0.2199","0.6856"
"28.4960","0.2199","0.6856"
"28.5160","0.2199","0.6855"
"28.5360","0.2199","0.6855"
"28.5560","0.2199","0.6854"
"28.5760","0.2199","0.6853"
"28.5960","0.2199","0.6852"
"28.6160","0.2199","0.6852"
"28.6360","0.2199","0.6851"
"28.6560","0.2199","0.6851"
"28.6760","0.2199","0.6850"
"28.6960","0.2199","0.6849"
"28.7160","0.2199","0.6849"
"28.7360","0.2199","0.6848"
"28.7560","0.2199","0.6848"
"28.7760","0.2199","0.6847"
"28.7960","0.2199","0.6846"
"28.8160","0.2199","0.6845"
"28.8360","0.2199","0.6844"
"28.8560","0.2199","0.6843"
"28.8760","0.2199","0.6843"
"28.8960","0.2199","0.6843"
"28.9160","0.2199","0.6842"
"28.9360","0.2199","0.6842"
"28.9560","0.2199","0.6841"
"28.9760","0.2199","0.6840"
"28.9960","0.2199","0.6840"
"29.0160","0.2199","0.6839"
"29.0360","0.2199","0.6838"
"29.0560","0.2199","0.6838"
"29.0760","0.2199","0.6837"
"29.0960","0.2199","0.6837"
"29.1160","0.2199","0.6836"
"29.1360","0.2199","0.6835"
"29.1560","0.2199","0.6834"
"29.1760","0.2199","0.6834"
"29.1960","0.2199","0.6834"
"29.2160","0.2199","0.6833"
"29.2360","0.2199","0.6832"
"29.2560","0.2199","0.6832"
"29.2760","0.2199","0.6831"
"29.2960","0.2199","0.6830"
"29.3160","0.2199","0.6830"
"29.3360","0.2199","0.6829"
"29.3560","0.2199","0.6828"
"29.3760","0.2199","0.6828"
"29.3960","0.2199","0.6827"
"29.4160","0.2199","0.6827"
"29.4360","0.2199","0.6826"
"29.4560","0.2199","0.6825"
"29.4760","0.2199","0.6825"
"29.4960","0.2199","0.6824"
"29.5160","0.2199","0.6823"
"29.5360","0.2199","0.6823"
"29.5560","0.2199","0.6822"
"29.5760","0.2199","0.6822"
"29.5960","0.2199","0.6822"
"29.6160","0.2199","0.6821"
"29.6360","0.2199","0.6820"
"29.6560","0.2199","0.6819"
"29.6760","0.2199","0.6818"
"29.6960","0.2199","0.6817"
"29.7160","0.2199","0.6817"
"29.7360","0.2199","0.6817"
"29.7560","0.2199","0.6816"
"29.7760","0.2199","0.6816"
"29.7960","0.2199","0.6815"
"29.8160","0.2199","0.6815"
"29.8360","0.2199","0.6814"
"29.8560","0.2199","0.6813"
"29.8760","0.2199","0.6812"
"29.8960","0.2199","0.6813"
"29.9160","0.2199","0.6812"
"29.9360","0.2199","0.6811"
"29.9560","0.2199","0.6810"
"29.9760","0.2199","0.6810"
"29.9960","0.2199","0.6810"
"30.0160","0.2199","0.6809"
"30.0360","0.2199","0.6808"
"30.0560","0.2199","0.6808"
"30.0760","0.2199","0.6807"
"30.0960","0.2199","0.6807"
"30.1160","0.2199","0.6806"
"30.1360","0.2199","0.6805"
"30.1560","0.2199","0.6805"
"30.1760","0.2199","0.6804"
"30.1960","0.2199","0.6802"
"30.2160","0.2199","0.6801"
"30.2360","0.2199","0.6802"
"30.2560","0.2199","0.6802"
"30.2760","0.2199","0.6802"
"30.2960","0.2199","0.6801"
"30.3160","0.2199","0.6800"
"30.3360","0.2199","0.6799"
"30.3560","0.2199","0.6799"
"30.3760","0.2199","0.6798"
"30.3960","0.2199","0.6797"
"30.4160","0.2199","0.6796"
"30.4360","0.2199","0.6797"
"30.4560","0.2199","0.6797"
"30.4760","0.2199","0.6796"
"30.4960","0.2199","0.6795"
"30.5160","0.2199","0.6794"
"30.5360","0.2199","0.6793"
"30.5560","0.2199","0.6792"
"30.5760","0.2199","0.6793"
"30.5960","0.2199","0.6793"
"30.6160","0.2199","0.6792"
"30.6360","0.2199","0.6791"
"30.6560","0.2199","0.6790"
"30.6760","0.2199","0.6789"
"30.6960","0.2199","0.6789"
"30.7160","0.2199","0.6789"
"30.7360","0.2199","0.6788"
"30.7560","0.2199","0.6787"
"30.7760","0.2199","0.6787"
"30.7960","0.2199","0.6788"
"30.8160","0.2199","0.6786"
"30.8360","0.2199","0.6785"
"30.8560","0.2199","0.6784"
"30.8760","0.2199","0.6784"
"30.8960","0.2199","0.6783"
"30.9160","0.2199","0.6783"
"30.9360","0.2199","0.6783"
"30.9560","0.2199","0.6782"
"30.9760","0.2199","0.6782"
"30.9960","0.2199","0.6781"
"31.0160","0.2199","0.6780"
"31.0360","0.2199","0.6779"
"31.0560","0.2199","0.6779"
"31.0760","0.2199","0.6779"
"31.0960","0.2199","0.6779"
"31.1160","0.2199","0.6778"
"31.1360","0.2199","0.6777"
"31.1560","0.2199","0.6776"
"31.1760","0.2199","0.6776"
"31.1960","0.2199","0.6775"
"31.2160","0.2199","0.6775"
"31.2360","0.2199","0.6774"
"31.2560","0.2199","0.6774"
"31.2760","0.2199","0.6773"
"31.2960","0.2199","0.6772"
"31.3160","0.2199","0.6772"
"31.3360","0.2199","0.6771"
"31.3560","0.2199","0.6770"
"31.3760","0.2199","0.6770"
"31.3960","0.2199","0.6770"
"31.4160","0.2199","0.6769"
"31.4360","0.2199","0.6768"
"31.4560","0.2199","0.6768"
"31.4760","0.2199","0.6768"
"31.4960","0.2199","0.6767"
"31.5160","0.2199","0.6767"
"31.5360","0.2199","0.6767"
"31.5560","0.2199","0.6766"
"31.5760","0.2199","0.6765"
"31.5960","0.2199","0.6765"
"31.6160","0.2199","0.6763"
"31.6360","0.2199","0.6764"
"31.6560","0.2199","0.6763"
"31.6760","0.2199","0.6762"
"31.6960","0.2199","0.6762"
"31.7160","0.2199","0.6760"
"31.7360","0.2199","0.6761"
"31.7560","0.2199","0.6760"
"31.7760","0.2199","0.6760"
"31.7960","0.2199","0.6760"
"31.8160","0.2199","0.6759"
"31.8360","0.2199","0.6759"
"31.8560","0.2199","0.6757"
"31.8760","0.2199","0.6757"
"31.8960","0.2199","0.6756"
"31.9160","0.2199","0.6755"
"31.9360","0.2199","0.6754"
"31.9560","0.2199","0.6754"
"31.9760","0.2199","0.6753"
"31.9960","0.2199","0.6754"
"32.0160","0.2199","0.6754"
"32.0360","0.2199","0.6753"
"32.0560","0.2199","0.6752"
"32.0760","0.2199","0.6752"
"32.0960","0.2199","0.6751"
"32.1160","0.2199","0.6750"
"32.1360","0.2199","0.6750"
"32.1560","0.2199","0.6749"
"32.1760","0.2199","0.6749"
"32.1960","0.2199","0.6748"
"32.2160","0.2199","0.6748"
"32.2360","0.2199","0.6748"
"32.2560","0.2199","0.6747"
"32.2760","0.2199","0.6746"
"32.2960","0.2199","0.6746"
"32.3160","0.2199","0.6746"
"32.3360","0.2199","0.6745"
"32.3560","0.2199","0.6744"
"32.3760","0.2199","0.6743"
"32.3960","0.2199","0.6743"
"32.4160","0.2199","0.6744"
"32.4360","0.2199","0.6744"
"32.4560","0.2199","0.6743"
"32.4760","0.2199","0.6742"
"32.4960","0.2199","0.6742"
"32.5160","0.2199","0.6741"
"32.5360","0.2199","0.6741"
"32.5560","0.2199","0.6739"
"32.5760","0.2199","0.6739"
"32.5960","0.2199","0.6739"
"32.6160","0.2199","0.6740"
"32.6360","0.2199","0.6739"
"32.6560","0.2199","0.6737"
"32.6760","0.2199","0.6736"
"32.6960","0.2199","0.6736"
"32.7160","0.2199","0.6735"
"32.7360","0.2199","0.6734"
"32.7560","0.2199","0.6733"
"32.7760","0.2199","0.6733"
"32.7960","0.2199","0.6734"
"32.8160","0.2199","0.6733"
"32.8360","0.2199","0.6733"
"32.8560","0.2199","0.6732"
"32.8760","0.2199","0.6732"
"32.8960","0.2199","0.6731"
"32.9160","0.2199","0.6732"
"32.9360","0.2199","0.6731"
"32.9560","0.2199","0.6730"
"32.9760","0.2199","0.6729"
"32.9960","0.2199","0.6728"
"33.0160","0.2199","0.6727"
"33.0360","0.2199","0.6727"
"33.0560","0.2199","0.6727"
"33.0760","0.2199","0.6727"
"33.0960","0.2199","0.6727"
"33.1160","0.2199","0.6726"
"33.1360","0.2199","0.6725"
"33.1560","0.2199","0.6725"
"33.1760","0.2199","0.6724"
"33.1960","0.2199","0.6723"
"33.2160","0.2199","0.6722"
"33.2360","0.2199","0.6722"
"33.2560","0.2199","0.6722"
"33.2760","0.2199","0.6722"
"33.2960","0.2199","0.6722"
"33.3160","0.2199","0.6722"
"33.3360","0.2199","0.6720"
"33.3560","0.2199","0.6720"
"33.3760","0.2199","0.6720"
"33.3960","0.2199","0.6719"
"33.4160","0.2199","0.6719"
"33.4360","0.2199","0.6718"
"33.4560","0.2199","0.6717"
"33.4760","0.2199","0.6716"
"33.4960","0.2199","0.6716"
"33.5160","0.2199","0.6716"
"33.5360","0.2199","0.6715"
"33.5560","0.2199","0.6715"
"33.5760","0.2199","0.6715"
"33.5960","0.2199","0.6714"
"33.6160","0.2199","0.6713"
"33.6360","0.2199","0.6713"
"33.6560","0.2199","0.6713"
"33.6760","0.2199","0.6712"
"33.6960","0.2199","0.6711"
"33.7160","0.2199","0.6711"
"33.7360","0.2199","0.6711"
"33.7560","0.2199","0.6710"
"33.7760","0.2199","0.6709"
"33.7960","0.2199","0.6708"
"33.8160","0.2199","0.6709"
"33.8360","0.2199","0.6709"
"33.8560","0.2199","0.6708"
"33.8760","0.2199","0.6708"
"33.8960","0.2199","0.6707"
"33.9160","0.2199","0.6707"
"33.9360","0.2199","0.6707"
"33.9560","0.2199","0.6706"
"33.9760","0.2199","0.6705"
"33.9960","0.2199","0.6705"
"34.0160","0.2199","0.6705"
"34.0360","0.2199","0.6704"
"34.0560","0.2199","0.6704"
"34.0760","0.2199","0.6704"
"34.0960","0.2199","0.6703"
"34.1160","0.2199","0.6702"
"34.1360","0.2199","0.6702"
"34.1560","0.2199","0.6701"
"34.1760","0.2199","0.6700"
"34.1960","0.2199","0.6699"
"34.2160","0.2199","0.6699"
"34.2360","0.2199","0.6699"
"34.2560","0.2199","0.6699"
"34.2760","0.2199","0.6699"
"34.2960","0.2199","0.6698"
"34.3160","0.2199","0.6697"
"34.3360","0.2199","0.6697"
"34.3560","0.2199","0.6697"
"34.3760","0.2199","0.6696"
"34.3960","0.2199","0.6696"
"34.4160","0.2199","0.6696"
"34.4360","0.2199","0.6696"
"34.4560","0.2199","0.6694"
"34.4760","0.2199","0.6694"
"34.4960","0.2199","0.6694"
"34.5160","0.2199","0.6694"
"34.5360","0.2199","0.6692"
"34.5560","0.2199","0.6692"
"34.5760","0.2199","0.6691"
"34.5960","0.2199","0.6691"
"34.6160","0.2199","0.6691"
"34.6360","0.2199","0.6691"
"34.6560","0.2199","0.6690"
"34.6760","0.2199","0.6688"
"34.6960","0.2199","0.6688"
"34.7160","0.2199","0.6688"
"34.7360","0.2199","0.6688"
"34.7560","0.2199","0.6688"
"34.7760","0.2199","0.6688"
"34.7960","0.2199","0.6687"
"34.8160","0.2199","0.6686"
"34.8360","0.2199","0.6686"
"34.8560","0.2199","0.6686"
"34.8760","0.2199","0.6686"
"34.8960","0.2199","0.6684"
"34.9160","0.2199","0.6683"
"34.9360","0.2199","0.6683"
"34.9560","0.2199","0.6682"
"34.9760","0.2199","0.6682"
"34.9960","0.2199","0.6682"
"35.0160","0.2199","0.6682"
"35.0360","0.2199","0.6681"
"35.0560","0.2199","0.6681"
"35.0760","0.2199","0.6681"
"35.0960","0.2199","0.6679"
"35.1160","0.2199","0.6679"
"35.1360","0.2199","0.6679"
"35.1560","0.2199","0.6679"
"35.1760","0.2199","0.6679"
"35.1960","0.2199","0.6679"
"35.2160","0.2199","0.6679"
"35.2360","0.2199","0.6678"
"35.2560","0.2199","0.6677"
"35.2760","0.2199","0.6676"
"35.2960","0.2199","0.6675"
"35.3160","0.2199","0.6674"
"35.3360","0.2199","0.6674"
"35.3560","0.2199","0.6674"
"35.3760","0.2199","0.6674"
"35.3960","0.2199","0.6674"
"35.4160","0.2199","0.6674"
"35.4360","0.2199","0.6673"
"35.4560","0.2199","0.6672"
"35.4760","0.2199","0.6672"
"35.4960","0.2199","0.6672"
"35.5160","0.2199","0.6672"
"35.5360","0.2199","0.6671"
"35.5560","0.2199","0.6670"
"35.5760","0.2199","0.6669"
"35.5960","0.2199","0.6669"
"35.6160","0.2199","0.6669"
"35.6360","0.2199","0.6669"
"35.6560","0.2199","0.6668"
"35.6760","0.2199","0.6668"
"35.6960","0.2199","0.6667"
"35.7160","0.2199","0.6667"
"35.7360","0.2199","0.6666"
"35.7560","0.2199","0.6666"
"35.7760","0.2199","0.6666"
"35.7960","0.2199","0.6666"
"35.8160","0.2199","0.6664"
"35.8360","0.2199","0.6663"
"35.8560","0.2199","0.6663"
"35.8760","0.2199","0.6662"
"35.8960","0.2199","0.6662"
"35.9160","0.2199","0.6662"
"35.9360","0.2199","0.6662"
"35.9560","0.2199","0.6661"
"35.9760","0.2199","0.6661"
"35.9960","0.2199","0.6661"
"36.0160","0.2199","0.6661"
"36.0360","0.2199","0.6661"
"36.0560","0.2199","0.6660"
"36.0760","0.2199","0.6660"
"36.0960","0.2199","0.6658"
"36.1160","0.2199","0.6658"
"36.1360","0.2199","0.6658"
"36.1560","0.2199","0.6658"
"36.1760","0.2199","0.6657"
"36.1960","0.2199","0.6657"
"36.2160","0.2199","0.6656"
"36.2360","0.2199","0.6655"
"36.2560","0.2199","0.6655"
"36.2760","0.2199","0.6655"
"36.2960","0.2199","0.6655"
"36.3160","0.2199","0.6654"
"36.3360","0.2199","0.6653"
"36.3560","0.2199","0.6653"
"36.3760","0.2199","0.6652"
"36.3960","0.2199","0.6652"
"36.4160","0.2199","0.6651"
"36.4360","0.2199","0.6651"
"36.4560","0.2199","0.6651"
"36.4760","0.2199","0.6650"
"36.4960","0.2199","0.6650"
"36.5160","0.2199","0.6650"
"36.5360","0.2199","0.6650"
"36.5560","0.2199","0.6650"
"36.5760","0.2199","0.6649"
"36.5960","0.2199","0.6648"
"36.6160","0.2199","0.6647"
"36.6360","0.2199","0.6647"
"36.6560","0.2199","0.6647"
"36.6760","0.2199","0.6647"
"36.6960","0.2199","0.6646"
"36.7160","0.2199","0.6646"
"36.7360","0.2199","0.6646"
"36.7560","0.2199","0.6645"
"36.7760","0.2199","0.6645"
"36.7960","0.2199","0.6644"
"36.8160","0.2199","0.6643"
"36.8360","0.2199","0.6643"
"36.8560","0.2199","0.6642"
"36.8760","0.2199","0.6642"
"36.8960","0.2199","0.6642"
"36.9160","0.2199","0.6642"
"36.9360","0.2199","0.6641"
"36.9560","0.2199","0.6640"
"36.9760","0.2199","0.6641"
"36.9960","0.2199","0.6640"
"37.0160","0.2199","0.6640"
"37.0360","0.2199","0.6639"
"37.0560","0.2199","0.6639"
"37.0760","0.2199","0.6638"
"37.0960","0.2199","0.6638"
"37.1160","0.2199","0.6638"
"37.1360","0.2199","0.6638"
"37.1560","0.2199","0.6637"
"37.1760","0.2199","0.6636"
"37.1960","0.2199","0.6635"
"37.2160","0.2199","0.6635"
"37.2360","0.2199","0.6635"
"37.2560","0.2199","0.6635"
"37.2760","0.2199","0.6634"
"37.2960","0.2199","0.6634"
"37.3160","0.2199","0.6634"
"37.3360","0.2199","0.6633"
"37.3560","0.2199","0.6633"
"37.3760","0.2199","0.6633"
"37.3960","0.2199","0.6633"
"37.4160","0.2199","0.6631"
"37.4360","0.2199","0.6631"
"37.4560","0.2199","0.6631"
"37.4760","0.2199","0.6631"
"37.4960","0.2199","0.6631"
"37.5160","0.2199","0.6630"
"37.5360","0.2199","0.6630"
"37.5560","0.2199","0.6630"
"37.5760","0.2199","0.6628"
"37.5960","0.2199","0.6628"
"37.6160","0.2199","0.6627"
"37.6360","0.2199","0.6628"
"37.6560","0.2199","0.6628"
"37.6760","0.2199","0.6627"
"37.6960","0.2199","0.6625"
"37.7160","0.2199","0.6625"
"37.7360","0.2199","0.6625"
"37.7560","0.2199","0.6625"
"37.7760","0.2199","0.6624"
"37.7960","0.2199","0.6624"
"37.8160","0.2199","0.6623"
"37.8360","0.2199","0.6622"
"37.8560","0.2199","0.6623"
"37.8760","0.2199","0.6623"
"37.8960","0.2199","0.6622"
"37.9160","0.2199","0.6622"
"37.9360","0.2199","0.6622"
"37.9560","0.2199","0.6622"
"37.9760","0.2199","0.6622"
"37.9960","0.2199","0.6621"
"38.0160","0.2199","0.6620"
"38.0360","0.2199","0.6620"
"38.0560","0.2199","0.6619"
"38.0760","0.2199","0.6619"
"38.0960","0.2199","0.6618"
"38.1160","0.2199","0.6618"
"38.1360","0.2199","0.6618"
"38.1560","0.2199","0.6618"
"38.1760","0.2199","0.6617"
"38.1960","0.2199","0.6616"
"38.2160","0.2199","0.6615"
"38.2360","0.2199","0.6615"
"38.2560","0.2199","0.6616"
"38.2760","0.2199","0.6615"
"38.2960","0.2199","0.6615"
"38.3160","0.2199","0.6615"
"38.3360","0.2199","0.6615"
"38.3560","0.2199","0.6614"
"38.3760","0.2199","0.6613"
"38.3960","0.2199","0.6612"
"38.4160","0.2199","0.6612"
"38.4360","0.2199","0.6613"
"38.4560","0.2199","0.6613"
"38.4760","0.2199","0.6612"
"38.4960","0.2199","0.6612"
"38.5160","0.2199","0.6612"
"38.5360","0.2199","0.6611"
"38.5560","0.2199","0.6611"
"38.5760","0.2199","0.6609"
"38.5960","0.2199","0.6609"
"38.6160","0.2199","0.6609"
"38.6360","0.2199","0.6608"
"38.6560","0.2199","0.6608"
"38.6760","0.2199","0.6607"
"38.6960","0.2199","0.6608"
"38.7160","0.2199","0.6607"
"38.7360","0.2199","0.6607"
"38.7560","0.2199","0.6606"
"38.7760","0.2199","0.6606"
"38.7960","0.2199","0.6605"
"38.8160","0.2199","0.6605"
"38.8360","0.2199","0.6605"
"38.8560","0.2199","0.6605"
"38.8760","0.2199","0.6604"
"38.8960","0.2199","0.6604"
"38.9160","0.2199","0.6603"
"38.9360","0.2199","0.6603"
"38.9560","0.2199","0.6603"
"38.9760","0.2199","0.6602"
"38.9960","0.2199","0.6602"
"39.0160","0.2199","0.6601"
"39.0360","0.2199","0.6601"
"39.0560","0.2199","0.6600"
"39.0760","0.2199","0.6600"
"39.0960","0.2199","0.6600"
"39.1160","0.2199","0.6600"
"39.1360","0.2199","0.6600"
"39.1560","0.2199","0.6599"
"39.1760","0.2199","0.6599"
"39.1960","0.2199","0.6598"
"39.2160","0.2199","0.6598"
"39.2360","0.2199","0.6596"
"39.2560","0.2199","0.6596"
"39.2760","0.2199","0.6597"
"39.2960","0.2199","0.6596"
"39.3160","0.2199","0.6595"
"39.3360","0.2199","0.6595"
"39.3560","0.2199","0.6595"
"39.3760","0.2199","0.6595"
"39.3960","0.2199","0.6594"
"39.4160","0.2199","0.6594"
"39.4360","0.2199","0.6594"
"39.4560","0.2199","0.6593"
"39.4760","0.2199","0.6593"
"39.4960","0.2199","0.6592"
"39.5160","0.2199","0.6593"
"39.5360","0.2199","0.6593"
"39.5560","0.2199","0.6591"
"39.5760","0.2199","0.6590"
"39.5960","0.2199","0.6590"
"39.6160","0.2199","0.6590"
"39.6360","0.2199","0.6590"
"39.6560","0.2199","0.6590"
"39.6760","0.2199","0.6590"
"39.6960","0.2199","0.6589"
"39.7160","0.2199","0.6589"
"39.7360","0.2199","0.6590"
"39.7560","0.2199","0.6589"
"39.7760","0.2199","0.6588"
"39.7960","0.2199","0.6587"
"39.8160","0.2199","0.6587"
"39.8360","0.2199","0.6587"
"39.8560","0.2199","0.6587"
"39.8760","0.2199","0.6587"
"39.8960","0.2199","0.6586"
"39.9160","0.2199","0.6585"
"39.9360","0.2199","0.6585"
"39.9560","0.2199","0.6584"
"39.9760","0.2199","0.6584"
"39.9960","0.2199","0.6584"
"40.0160","0.2199","0.6584"
"40.0360","0.2199","0.6584"
"40.0560","0.2199","0.6583"
"40.0760","0.2199","0.6582"
"40.0960","0.2199","0.6582"
"40.1160","0.2199","0.6582"
"40.1360","0.2199","0.6581"
"40.1560","0.2199","0.6581"
"40.1760","0.2199","0.6580"
"40.1960","0.2199","0.6580"
"40.2160","0.2199","0.6580"
"40.2360","0.2199","0.6580"
"40.2560","0.2199","0.6580"
"40.2760","0.2199","0.6580"
"40.2960","0.2199","0.6579"
"40.3160","0.2199","0.6578"
"40.3360","0.2199","0.6578"
"40.3560","0.2199","0.6577"
"40.3760","0.2199","0.6577"
"40.3960","0.2199","0.6577"
"40.4160","0.2199","0.6577"
"40.4360","0.2199","0.6577"
"40.4560","0.2199","0.6576"
"40.4760","0.2199","0.6575"
"40.4960","0.2199","0.6574"
"40.5160","0.2199","0.6573"
"40.5360","0.2199","0.6574"
"40.5560","0.2199","0.6574"
"40.5760","0.2199","0.6574"
"40.5960","0.2199","0.6574"
"40.6160","0.2199","0.6574"
"40.6360","0.2199","0.6574"
"40.6560","0.2199","0.6573"
"40.6760","0.2199","0.6572"
"40.6960","0.2199","0.6571"
"40.7160","0.2199","0.6571"
"40.7360","0.2199","0.6571"
"40.7560","0.2199","0.6571"
"40.7760","0.2199","0.6570"
"40.7960","0.2199","0.6570"
"40.8160","0.2199","0.6569"
"40.8360","0.2199","0.6569"
"40.8560","0.2199","0.6569"
"40.8760","0.2199","0.6568"
"40.8960","0.2199","0.6568"
"40.9160","0.2199","0.6567"
"40.9360","0.2199","0.6568"
"40.9560","0.2199","0.6567"
"40.9760","0.2199","0.6567"
"40.9960","0.2199","0.6566"
"41.0160","0.2199","0.6566"
"41.0360","0.2199","0.6566"
"41.0560","0.2199","0.6565"
"41.0760","0.2199","0.6565"
"41.0960","0.2199","0.6564"
"41.1160","0.2199","0.6564"
"41.1360","0.2199","0.6564"
"41.1560","0.2199","0.6564"
"41.1760","0.2199","0.6564"
"41.1960","0.2199","0.6564"
"41.2160","0.2199","0.6563"
"41.2360","0.2199","0.6562"
"41.2560","0.2199","0.6562"
"41.2760","0.2199","0.6562"
"41.2960","0.2199","0.6561"
"41.3160","0.2199","0.6562"
"41.3360","0.2199","0.6561"
"41.3560","0.2199","0.6561"
"41.3760","0.2199","0.6560"
"41.3960","0.2199","0.6560"
"41.4160","0.2199","0.6560"
"41.4360","0.2199","0.6560"
"41.4560","0.2199","0.6559"
"41.4760","0.2199","0.6558"
"41.4960","0.2199","0.6558"
"41.5160","0.2199","0.6558"
"41.5360","0.2199","0.6557"
"41.5560","0.2199","0.6557"
"41.5760","0.2199","0.6556"
"41.5960","0.2199","0.6556"
"41.6160","0.2199","0.6557"
"41.6360","0.2199","0.6556"
"41.6560","0.2199","0.6556"
"41.6760","0.2199","0.6555"
"41.6960","0.2199","0.6555"
"41.7160","0.2199","0.6555"
"41.7360","0.2199","0.6555"
"41.7560","0.2199","0.6554"
"41.7760","0.2199","0.6554"
"41.7960","0.2199","0.6553"
"41.8160","0.2199","0.6552"
"41.8360","0.2199","0.6553"
"41.8560","0.2199","0.6553"
"41.8760","0.2199","0.6552"
"41.8960","0.2199","0.6552"
"41.9160","0.2199","0.6551"
"41.9360","0.2199","0.6551"
"41.9560","0.2199","0.6551"
"41.9760","0.2199","0.6551"
"41.9960","0.2199","0.6551"
"42.0160","0.2199","0.6551"
"42.0360","0.2199","0.6550"
"42.0560","0.2199","0.6549"
"42.0760","0.2199","0.6549"
"42.0960","0.2199","0.6549"
"42.1160","0.2199","0.6548"
"42.1360","0.2199","0.6548"
"42.1560","0.2199","0.6548"
"42.1760","0.2199","0.6547"
"42.1960","0.2199","0.6547"
"42.2160","0.2199","0.6547"
"42.2360","0.2199","0.6546"
"42.2560","0.2199","0.6545"
"42.2760","0.2199","0.6545"
"42.2960","0.2199","0.6545"
"42.3160","0.2199","0.6545"
"42.3360","0.2199","0.6545"
"42.3560","0.2199","0.6545"
"42.3760","0.2199","0.6545"
"42.3960","0.2199","0.6544"
"42.4160","0.2199","0.6543"
"42.4360","0.2199","0.6543"
"42.4560","0.2199","0.6542"
"42.4760","0.2199","0.6542"
"42.4960","0.2199","0.6542"
"42.5160","0.2199","0.6542"
"42.5360","0.2199","0.6541"
"42.5560","0.2199","0.6541"
"42.5760","0.2199","0.6541"
"42.5960","0.2199","0.6540"
"42.6160","0.2199","0.6540"
"42.6360","0.2199","0.6539"
"42.6560","0.2199","0.6539"
"42.6760","0.2199","0.6539"
"42.6960","0.2199","0.6539"
"42.7160","0.2199","0.6539"
"42.7360","0.2199","0.6539"
"42.7560","0.2199","0.6538"
"42.7760","0.2199","0.6537"
"42.7960","0.2199","0.6537"
"42.8160","0.2199","0.6537"
"42.8360","0.2199","0.6537"
"42.8560","0.2199","0.6536"
"42.8760","0.2199","0.6535"
"42.8960","0.2199","0.6536"
"42.9160","0.2199","0.6536"
"42.9360","0.2199","0.6535"
"42.9560","0.2199","0.6534"
"42.9760","0.2199","0.6534"
"42.9960","0.2199","0.6534"
"43.0160","0.2199","0.6533"
"43.0360","0.2199","0.6532"
"43.0560","0.2199","0.6532"
"43.0760","0.2199","0.6531"
"43.0960","0.2199","0.6532"
"43.1160","0.2199","0.6531"
"43.1360","0.2199","0.6531"
"43.1560","0.2199","0.6531"
"43.1760","0.2199","0.6530"
"43.1960","0.2199","0.6530"
"43.2160","0.2199","0.6530"
"43.2360","0.2199","0.6530"
"43.2560","0.2199","0.6530"
"43.2760","0.2199","0.6529"
"43.2960","0.2199","0.6530"
"43.3160","0.2199","0.6529"
"43.3360","0.2199","0.6527"
"43.3560","0.2199","0.6527"
"43.3760","0.2199","0.6526"
"43.3960","0.2199","0.6527"
"43.4160","0.2199","0.6527"
"43.4360","0.2199","0.6527"
"43.4560","0.2199","0.6527"
"43.4760","0.2199","0.6526"
"43.4960","0.2199","0.6526"
"43.5160","0.2199","0.6526"
"43.5360","0.2199","0.6526"
"43.5560","0.2199","0.6525"
"43.5760","0.2199","0.6525"
"43.5960","0.2199","0.6525"
"43.6160","0.2199","0.6525"
"43.6360","0.2199","0.6525"
"43.6560","0.2199","0.6524"
"43.6760","0.2199","0.6525"
"43.6960","0.2199","0.6524"
"43.7160","0.2199","0.6523"
"43.7360","0.2199","0.6522"
"43.7560","0.2199","0.6522"
"43.7760","0.2199","0.6522"
"43.7960","0.2199","0.6522"
"43.8160","0.2199","0.6521"
"43.8360","0.2199","0.6521"
"43.8560","0.2199","0.6521"
"43.8760","0.2199","0.6520"
"43.8960","0.2199","0.6519"
"43.9160","0.2199","0.6520"
"43.9360","0.2199","0.6519"
"43.9560","0.2199","0.6519"
"43.9760","0.2199","0.6519"
"43.9960","0.2199","0.6519"
"44.0160","0.2199","0.6519"
"44.0360","0.2199","0.6518"
"44.0560","0.2199","0.6517"
"44.0760","0.2199","0.6516"
"44.0960","0.2199","0.6517"
"44.1160","0.2199","0.6517"
"44.1360","0.2199","0.6516"
"44.1560","0.2199","0.6516"
"44.1760","0.2199","0.6516"
"44.1960","0.2199","0.6515"
"44.2160","0.2199","0.6515"
"44.2360","0.2199","0.6515"
"44.2560","0.2199","0.6515"
"44.2760","0.2199","0.6514"
"44.2960","0.2199","0.6514"
"44.3160","0.2199","0.6514"
"44.3360","0.2199","0.6514"
"44.3560","0.2199","0.6514"
"44.3760","0.2199","0.6513"
"44.3960","0.2199","0.6512"
"44.4160","0.2199","0.6512"
"44.4360","0.2199","0.6512"
"44.4560","0.2199","0.6510"
"44.4760","0.2199","0.6510"
"44.4960","0.2199","0.6510"
"44.5160","0.2199","0.6511"
"44.5360","0.2199","0.6510"
"44.5560","0.2199","0.6510"
"44.5760","0.2199","0.6510"
"44.5960","0.2199","0.6510"
"44.6160","0.2199","0.6509"
"44.6360","0.2199","0.6509"
"44.6560","0.2199","0.6509"
"44.6760","0.2199","0.6509"
"44.6960","0.2199","0.6508"
"44.7160","0.2199","0.6508"
"44.7360","0.2199","0.6508"
"44.7560","0.2199","0.6507"
"44.7760","0.2199","0.6507"
"44.7960","0.2199","0.6507"
"44.8160","0.2199","0.6506"
"44.8360","0.2199","0.6505"
"44.8560","0.2199","0.6506"
"44.8760","0.2199","0.6507"
"44.8960","0.2199","0.6506"
"44.9160","0.2199","0.6505"
"44.9360","0.2199","0.6505"
"44.9560","0.2199","0.6505"
"44.9760","0.2199","0.6505"
"44.9960","0.2199","0.6504"
"45.0160","0.2199","0.6503"
"45.0360","0.2199","0.6503"
"45.0560","0.2199","0.6502"
"45.0760","0.2199","0.6502"
"45.0960","0.2199","0.6502"
"45.1160","0.2199","0.6502"
"45.1360","0.2199","0.6501"
"45.1560","0.2199","0.6501"
"45.1760","0.2199","0.6501"
"45.1960","0.2199","0.6501"
"45.2160","0.2199","0.6501"
"45.2360","0.2199","0.6500"
"45.2560","0.2199","0.6500"
"45.2760","0.2199","0.6500"
"45.2960","0.2199","0.6500"
"45.3160","0.2199","0.6499"
"45.3360","0.2199","0.6499"
"45.3560","0.2199","0.6498"
"45.3760","0.2199","0.6498"
"45.3960","0.2199","0.6498"
"45.4160","0.2199","0.6497"
"45.4360","0.2199","0.6498"
"45.4560","0.2199","0.6498"
"45.4760","0.2199","0.6497"
"45.4960","0.2199","0.6496"
"45.5160","0.2199","0.6496"
"45.5360","0.2199","0.6496"
"45.5560","0.2199","0.6496"
"45.5760","0.2199","0.6496"
"45.5960","0.2199","0.6495"
"45.6160","0.2199","0.6494"
"45.6360","0.2199","0.6494"
"45.6560","0.2199","0.6494"
"45.6760","0.2199","0.6495"
"45.6960","0.2199","0.6495"
"45.7160","0.2199","0.6494"
"45.7360","0.2199","0.6493"
"45.7560","0.2199","0.6492"
"45.7760","0.2199","0.6492"
"45.7960","0.2199","0.6491"
"45.8160","0.2199","0.6491"
"45.8360","0.2199","0.6491"
"45.8560","0.2199","0.6491"
"45.8760","0.2199","0.6492"
"45.8960","0.2199","0.6491"
"45.9160","0.2199","0.6491"
"45.9360","0.2199","0.6491"
"45.9560","0.2199","0.6490"
"45.9760","0.2199","0.6489"
"45.9960","0.2199","0.6489"
"46.0160","0.2199","0.6488"
"46.0360","0.2199","0.6488"
"46.0560","0.2199","0.6488"
"46.0760","0.2199","0.6487"
"46.0960","0.2199","0.6487"
"46.1160","0.2199","0.6488"
"46.1360","0.2199","0.6488"
"46.1560","0.2199","0.6488"
"46.1760","0.2199","0.6487"
"46.1960","0.2199","0.6486"
"46.2160","0.2199","0.6487"
"46.2360","0.2199","0.6487"
"46.2560","0.2199","0.6485"
"46.2760","0.2199","0.6485"
"46.2960","0.2199","0.6485"
"46.3160","0.2199","0.6485"
"46.3360","0.2199","0.6484"
"46.3560","0.2199","0.6484"
"46.3760","0.2199","0.6484"
"46.3960","0.2199","0.6483"
"46.4160","0.2199","0.6483"
"46.4360","0.2199","0.6482"
"46.4560","0.2199","0.6482"
"46.4760","0.2199","0.6482"
"46.4960","0.2199","0.6482"
"46.5160","0.2199","0.6482"
"46.5360","0.2199","0.6482"
"46.5560","0.2199","0.6482"
"46.5760","0.2199","0.6481"
"46.5960","0.2199","0.6481"
"46.6160","0.2199","0.6481"
"46.6360","0.2199","0.6480"
"46.6560","0.2199","0.6479"
"46.6760","0.2199","0.6479"
"46.6960","0.2199","0.6479"
"46.7160","0.2199","0.6479"
"46.7360","0.2199","0.6480"
"46.7560","0.2199","0.6479"
"46.7760","0.2199","0.6478"
"46.7960","0.2199","0.6478"
"46.8160","0.2199","0.6478"
"46.8360","0.2199","0.6478"
"46.8560","0.2199","0.6477"
"46.8760","0.2199","0.6477"
"46.8960","0.2199","0.6477"
"46.9160","0.2199","0.6476"
"46.9360","0.2199","0.6476"
"46.9560","0.2199","0.6476"
"46.9760","0.2199","0.6476"
"46.9960","0.2199","0.6475"
"47.0160","0.2199","0.6475"
"47.0360","0.2199","0.6475"
"47.0560","0.2199","0.6475"
"47.0760","0.2199","0.6475"
"47.0960","0.2199","0.6475"
"47.1160","0.2199","0.6474"
"47.1360","0.2199","0.6473"
"47.1560","0.2199","0.6474"
"47.1760","0.2199","0.6474"
"47.1960","0.2199","0.6473"
"47.2160","0.2199","0.6473"
"47.2360","0.2199","0.6472"
"47.2560","0.2199","0.6472"
"47.2760","0.2199","0.6471"
"47.2960","0.2199","0.6471"
"47.3160","0.2199","0.6471"
"47.3360","0.2199","0.6471"
"47.3560","0.2199","0.6471"
"47.3760","0.2199","0.6471"
"47.3960","0.2199","0.6470"
"47.4160","0.2199","0.6471"
"47.4360","0.2199","0.6469"
"47.4560","0.2199","0.6469"
"47.4760","0.2199","0.6470"
"47.4960","0.2199","0.6468"
"47.5160","0.2199","0.6468"
"47.5360","0.2199","0.6468"
"47.5560","0.2199","0.6467"
"47.5760","0.2199","0.6467"
"47.5960","0.2199","0.6467"
"47.6160","0.2199","0.6467"
"47.6360","0.2199","0.6467"
"47.6560","0.2199","0.6467"
"47.6760","0.2199","0.6466"
"47.6960","0.2199","0.6466"
"47.7160","0.2199","0.6465"
"47.7360","0.2199","0.6464"
"47.7560","0.2199","0.6464"
"47.7760","0.2199","0.6465"
"47.7960","0.2199","0.6465"
"47.8160","0.2199","0.6464"
"47.8360","0.2199","0.6464"
"47.8560","0.2199","0.6463"
"47.8760","0.2199","0.6463"
"47.8960","0.2199","0.6463"
"47.9160","0.2199","0.6463"
"47.9360","0.2199","0.6463"
"47.9560","0.2199","0.6463"
"47.9760","0.2199","0.6462"
"47.9960","0.2199","0.6462"
"48.0160","0.2199","0.6462"
"48.0360","0.2199","0.6461"
"48.0560","0.2199","0.6461"
"48.0760","0.2199","0.6460"
"48.0960","0.2199","0.6460"
"48.1160","0.2199","0.6459"
"48.1360","0.2199","0.6459"
"48.1560","0.2199","0.6459"
"48.1760","0.2199","0.6459"
"48.1960","0.2199","0.6459"
"48.2160","0.2199","0.6458"
"48.2360","0.2199","0.6458"
"48.2560","0.2199","0.6458"
"48.2760","0.2199","0.6458"
"48.2960","0.2199","0.6458"
"48.3160","0.2199","0.6458"
"48.3360","0.2199","0.6457"
"48.3560","0.2199","0.6457"
"48.3760","0.2199","0.6457"
"48.3960","0.2199","0.6456"
"48.4160","0.2199","0.6456"
"48.4360","0.2199","0.6456"
"48.4560","0.2199","0.6456"
"48.4760","0.2199","0.6456"
"48.4960","0.2199","0.6455"
"48.5160","0.2199","0.6455"
"48.5360","0.2199","0.6454"
"48.5560","0.2199","0.6453"
"48.5760","0.2199","0.6453"
"48.5960","0.2199","0.6454"
"48.6160","0.2199","0.6453"
"48.6360","0.2199","0.6454"
"48.6560","0.2199","0.6453"
"48.6760","0.2199","0.6452"
"48.6960","0.2199","0.6452"
"48.7160","0.2199","0.6451"
"48.7360","0.2199","0.6452"
"48.7560","0.2199","0.6453"
"48.7760","0.2199","0.6452"
"48.7960","0.2199","0.6451"
"48.8160","0.2199","0.6451"
"48.8360","0.2199","0.6451"
"48.8560","0.2199","0.6451"
"48.8760","0.2199","0.6450"
"48.8960","0.2199","0.6450"
"48.9160","0.2199","0.6450"
"48.9360","0.2199","0.6448"
"48.9560","0.2199","0.6448"
"48.9760","0.2199","0.6449"
"48.9960","0.2199","0.6448"
"49.0160","0.2199","0.6449"
"49.0360","0.2199","0.6449"
"49.0560","0.2199","0.6449"
"49.0760","0.2199","0.6448"
"49.0960","0.2199","0.6448"
"49.1160","0.2199","0.6447"
"49.1360","0.2199","0.6447"
"49.1560","0.2199","0.6446"
"49.1760","0.2199","0.6446"
"49.1960","0.2199","0.6446"
"49.2160","0.2199","0.6446"
"49.2360","0.2199","0.6445"
"49.2560","0.2199","0.6444"
"49.2760","0.2199","0.6443"
"49.2960","0.2199","0.6444"
"49.3160","0.2199","0.6444"
"49.3360","0.2199","0.6445"
"49.3560","0.2199","0.6445"
"49.3760","0.2199","0.6443"
"49.3960","0.2199","0.6444"
"49.4160","0.2199","0.6444"
"49.4360","0.2199","0.6443"
"49.4560","0.2199","0.6443"
"49.4760","0.2199","0.6442"
"49.4960","0.2199","0.6442"
"49.5160","0.2199","0.6442"
"49.5360","0.2199","0.6442"
"49.5560","0.2199","0.6442"
"49.5760","0.2199","0.6441"
"49.5960","0.2199","0.6441"
"49.6160","0.2199","0.6441"
"49.6360","0.2199","0.6441"
"49.6560","0.2199","0.6441"
"49.6760","0.2199","0.6440"
"49.6960","0.2199","0.6439"
"49.7160","0.2199","0.6440"
"49.7360","0.2199","0.6439"
"49.7560","0.2199","0.6439"
"49.7760","0.2199","0.6439"
"49.7960","0.2199","0.6438"
"49.8160","0.2199","0.6438"
"49.8360","0.2199","0.6438"
"49.8560","0.2199","0.6438"
"49.8760","0.2199","0.6437"
"49.8960","0.2199","0.6436"
"49.9160","0.2199","0.6436"
"49.9360","0.2199","0.6436"
"49.9560","0.2199","0.6436"
"49.9760","0.2199","0.6436"
"49.9960","0.2199","0.6436"
"50.0160","0.2199","0.6435"
"50.0360","0.2199","0.6435"
"50.0560","0.2199","0.6435"
"50.0760","0.2199","0.6434"
"50.0960","0.2199","0.6434"
"50.1160","0.2199","0.6435"
"50.1360","0.2199","0.6434"
"50.1560","0.2199","0.6434"
"50.1760","0.2199","0.6434"
"50.1960","0.2199","0.6434"
"50.2160","0.2199","0.6433"
"50.2360","0.2199","0.6433"
"50.2560","0.2199","0.6433"
"50.2760","0.2199","0.6433"
"50.2960","0.2199","0.6433"
"50.3160","0.2199","0.6432"
"50.3360","0.2199","0.6432"
"50.3560","0.2199","0.6431"
"50.3760","0.2199","0.6431"
"50.3960","0.2199","0.6430"
"50.4160","0.2199","0.6430"
"50.4360","0.2199","0.6431"
"50.4560","0.2199","0.6430"
"50.4760","0.2199","0.6430"
"50.4960","0.2199","0.6430"
"50.5160","0.2199","0.6429"
"50.5360","0.2199","0.6429"
"50.5560","0.2199","0.6429"
"50.5760","0.2199","0.6429"
"50.5960","0.2199","0.6429"
"50.6160","0.2199","0.6428"
"50.6360","0.2199","0.6428"
"50.6560","0.2199","0.6428"
"50.6760","0.2199","0.6427"
"50.6960","0.2199","0.6426"
"50.7160","0.2199","0.6426"
"50.7360","0.2199","0.6426"
"50.7560","0.2199","0.6426"
"50.7760","0.2199","0.6426"
"50.7960","0.2199","0.6426"
"50.8160","0.2199","0.6426"
"50.8360","0.2199","0.6426"
"50.8560","0.2199","0.6425"
"50.8760","0.2199","0.6425"
"50.8960","0.2199","0.6424"
"50.9160","0.2199","0.6423"
"50.9360","0.2199","0.6423"
"50.9560","0.2199","0.6424"
"50.9760","0.2199","0.6424"
"50.9960","0.2199","0.6424"
"51.0160","0.2199","0.6423"
"51.0360","0.2199","0.6424"
"51.0560","0.2199","0.6423"
"51.0760","0.2199","0.6423"
"51.0960","0.2199","0.6423"
"51.1160","0.2199","0.6422"
"51.1360","0.2199","0.6422"
"51.1560","0.2199","0.6421"
"51.1760","0.2199","0.6421"
"51.1960","0.2199","0.6421"
"51.2160","0.2199","0.6421"
"51.2360","0.2199","0.6420"
"51.2560","0.2199","0.6420"
"51.2760","0.2199","0.6421"
"51.2960","0.2199","0.6421"
"51.3160","0.2199","0.6420"
"51.3360","0.2199","0.6420"
"51.3560","0.2199","0.6420"
"51.3760","0.2199","0.6419"
"51.3960","0.2199","0.6419"
"51.4160","0.2199","0.6418"
"51.4360","0.2199","0.6418"
"51.4560","0.2199","0.6418"
"51.4760","0.2199","0.6417"
"51.4960","0.2199","0.6416"
"51.5160","0.2199","0.6417"
"51.5360","0.2199","0.6417"
"51.5560","0.2199","0.6417"
"51.5760","0.2199","0.6417"
"51.5960","0.2199","0.6416"
"51.6160","0.2199","0.6416"
"51.6360","0.2199","0.6415"
"51.6560","0.2199","0.6415"
"51.6760","0.2199","0.6415"
"51.6960","0.2199","0.6414"
"51.7160","0.2199","0.6413"
"51.7360","0.2199","0.6413"
"51.7560","0.2199","0.6414"
"51.7760","0.2199","0.6414"
"51.7960","0.2199","0.6413"
"51.8160","0.2199","0.6413"
"51.8360","0.2199","0.6413"
"51.8560","0.2199","0.6413"
"51.8760","0.2199","0.6412"
"51.8960","0.2199","0.6412"
"51.9160","0.2199","0.6413"
"51.9360","0.2199","0.6412"
"51.9560","0.2199","0.6412"
"51.9760","0.2199","0.6411"
"51.9960","0.2199","0.6411"
"52.0160","0.2199","0.6411"
"52.0360","0.2199","0.6411"
"52.0560","0.2199","0.6410"
"52.0760","0.2199","0.6410"
"52.0960","0.2199","0.6410"
"52.1160","0.2199","0.6410"
"52.1360","0.2199","0.6410"
"52.1560","0.2199","0.6411"
"52.1760","0.2199","0.6410"
"52.1960","0.2199","0.6409"
"52.2160","0.2199","0.6408"
"52.2360","0.2199","0.6408"
"52.2560","0.2199","0.6408"
"52.2760","0.2199","0.6408"
"52.2960","0.2199","0.6408"
"52.3160","0.2199","0.6407"
"52.3360","0.2199","0.6407"
"52.3560","0.2199","0.6408"
"52.3760","0.2199","0.6408"
"52.3960","0.2199","0.6407"
"52.4160","0.2199","0.6407"
"52.4360","0.2199","0.6407"
"52.4560","0.2199","0.6406"
"52.4760","0.2199","0.6406"
"52.4960","0.2199","0.6406"
"52.5160","0.2199","0.6406"
"52.5360","0.2199","0.6404"
"52.5560","0.2199","0.6405"
"52.5760","0.2199","0.6405"
"52.5960","0.2199","0.6405"
"52.6160","0.2199","0.6404"
"52.6360","0.2199","0.6404"
"52.6560","0.2199","0.6403"
"52.6760","0.2199","0.6403"
"52.6960","0.2199","0.6402"
"52.7160","0.2199","0.6403"
"52.7360","0.2199","0.6403"
"52.7560","0.2199","0.6402"
"52.7760","0.2199","0.6402"
"52.7960","0.2199","0.6402"
"52.8160","0.2199","0.6402"
"52.8360","0.2199","0.6402"
"52.8560","0.2199","0.6401"
"52.8760","0.2199","0.6401"
"52.8960","0.2199","0.6401"
"52.9160","0.2199","0.6400"
"52.9360","0.2199","0.6401"
"52.9560","0.2199","0.6400"
"52.9760","0.2199","0.6400"
"52.9960","0.2199","0.6401"
"53.0160","0.2199","0.6400"
"53.0360","0.2199","0.6399"
"53.0560","0.2199","0.6399"
"53.0760","0.2199","0.6399"
"53.0960","0.2199","0.6399"
"53.1160","0.2199","0.6399"
"53.1360","0.2199","0.6398"
"53.1560","0.2199","0.6397"
"53.1760","0.2199","0.6397"
"53.1960","0.2199","0.6397"
"53.2160","0.2199","0.6399"
"53.2360","0.2199","0.6398"
"53.2560","0.2199","0.6397"
"53.2760","0.2199","0.6397"
"53.2960","0.2199","0.6397"
"53.3160","0.2199","0.6396"
"53.3360","0.2199","0.6395"
"53.3560","0.2199","0.6395"
"53.3760","0.2199","0.6395"
"53.3960","0.2199","0.6395"
"53.4160","0.2199","0.6396"
"53.4360","0.2199","0.6395"
"53.4560","0.2199","0.6395"
"53.4760","0.2199","0.6395"
"53.4960","0.2199","0.6395"
"53.5160","0.2199","0.6395"
"53.5360","0.2199","0.6394"
"53.5560","0.2199","0.6392"
"53.5760","0.2199","0.6392"
"53.5960","0.2199","0.6392"
"53.6160","0.2199","0.6392"
"53.6360","0.2199","0.6393"
"53.6560","0.2199","0.6393"
"53.6760","0.2199","0.6392"
"53.6960","0.2199","0.6392"
"53.7160","0.2199","0.6391"
"53.7360","0.2199","0.6391"
"53.7560","0.2199","0.6391"
"53.7760","0.2199","0.6391"
"53.7960","0.2199","0.6390"
"53.8160","0.2199","0.6390"
"53.8360","0.2199","0.6390"
"53.8560","0.2199","0.6390"
"53.8760","0.2199","0.6390"
"53.8960","0.2199","0.6391"
"53.9160","0.2199","0.6390"
"53.9360","0.2199","0.6389"
"53.9560","0.2199","0.6389"
"53.9760","0.2199","0.6388"
"53.9960","0.2199","0.6388"
"54.0160","0.2199","0.6387"
"54.0360","0.2199","0.6388"
"54.0560","0.2199","0.6388"
"54.0760","0.2199","0.6388"
"54.0960","0.2199","0.6388"
"54.1160","0.2199","0.6388"
"54.1360","0.2199","0.6388"
"54.1560","0.2199","0.6387"
"54.1760","0.2199","0.6386"
"54.1960","0.2199","0.6386"
"54.2160","0.2199","0.6386"
"54.2360","0.2199","0.6386"
"54.2560","0.2199","0.6385"
"54.2760","0.2199","0.6386"
"54.2960","0.2199","0.6387"
"54.3160","0.2199","0.6386"
"54.3360","0.2199","0.6385"
"54.3560","0.2199","0.6384"
"54.3760","0.2199","0.6384"
"54.3960","0.2199","0.6384"
"54.4160","0.2199","0.6384"
"54.4360","0.2199","0.6383"
"54.4560","0.2199","0.6382"
"54.4760","0.2199","0.6382"
"54.4960","0.2199","0.6383"
"54.5160","0.2199","0.6383"
"54.5360","0.2199","0.6382"
"54.5560","0.2199","0.6382"
"54.5760","0.2199","0.6382"
"54.5960","0.2199","0.6381"
"54.6160","0.2199","0.6380"
"54.6360","0.2199","0.6380"
"54.6560","0.2199","0.6380"
"54.6760","0.2199","0.6380"
"54.6960","0.2199","0.6381"
"54.7160","0.2199","0.6381"
"54.7360","0.2199","0.6380"
"54.7560","0.2199","0.6379"
"54.7760","0.2199","0.6379"
"54.7960","0.2199","0.6379"
"54.8160","0.2199","0.6378"
"54.8360","0.2199","0.6378"
"54.8560","0.2199","0.6379"
"54.8760","0.2199","0.6379"
"54.8960","0.2199","0.6378"
"54.9160","0.2199","0.6378"
"54.9360","0.2199","0.6377"
"54.9560","0.2199","0.6378"
"54.9760","0.2199","0.6378"
"54.9960","0.2199","0.6378"
"55.0160","0.2199","0.6377"
"55.0360","0.2199","0.6377"
"55.0560","0.2199","0.6377"
"55.0760","0.2199","0.6377"
"55.0960","0.2199","0.6377"
"55.1160","0.2199","0.6377"
"55.1360","0.2199","0.6376"
"55.1560","0.2199","0.6376"
"55.1760","0.2199","0.6376"
"55.1960","0.2199","0.6375"
"55.2160","0.2199","0.6374"
"55.2360","0.2199","0.6375"
"55.2560","0.2199","0.6375"
"55.2760","0.2199","0.6375"
"55.2960","0.2199","0.6374"
"55.3160","0.2199","0.6374"
"55.3360","0.2199","0.6374"
"55.3560","0.2199","0.6375"
"55.3760","0.2199","0.6374"
"55.3960","0.2199","0.6373"
"55.4160","0.2199","0.6373"
"55.4360","0.2199","0.6372"
"55.4560","0.2199","0.6373"
"55.4760","0.2199","0.6372"
"55.4960","0.2199","0.6372"
"55.5160","0.2199","0.6372"
"55.5360","0.2199","0.6371"
"55.5560","0.2199","0.6371"
"55.5760","0.2199","0.6371"
"55.5960","0.2199","0.6371"
"55.6160","0.2199","0.6371"
"55.6360","0.2199","0.6371"
"55.6560","0.2199","0.6370"
"55.6760","0.2199","0.6370"
"55.6960","0.2199","0.6370"
"55.7160","0.2199","0.6370"
"55.7360","0.2199","0.6370"
"55.7560","0.2199","0.6369"
"55.7760","0.2199","0.6369"
"55.7960","0.2199","0.6368"
"55.8160","0.2199","0.6368"
"55.8360","0.2199","0.6368"
"55.8560","0.2199","0.6367"
"55.8760","0.2199","0.6367"
"55.8960","0.2199","0.6367"
"55.9160","0.2199","0.6367"
"55.9360","0.2199","0.6367"
"55.9560","0.2199","0.6368"
"55.9760","0.2199","0.6367"
"55.9960","0.2199","0.6366"
"56.0160","0.2199","0.6366"
"56.0360","0.2199","0.6366"
"56.0560","0.2199","0.6365"
"56.0760","0.2199","0.6366"
"56.0960","0.2199","0.6366"
"56.1160","0.2199","0.6366"
"56.1360","0.2199","0.6365"
"56.1560","0.2199","0.6365"
"56.1760","0.2199","0.6366"
"56.1960","0.2199","0.6365"
"56.2160","0.2199","0.6364"
"56.2360","0.2199","0.6364"
"56.2560","0.2199","0.6364"
"56.2760","0.2199","0.6364"
"56.2960","0.2199","0.6363"
"56.3160","0.2199","0.6363"
"56.3360","0.2199","0.6363"
"56.3560","0.2199","0.6362"
"56.3760","0.2199","0.6363"
"56.3960","0.2199","0.6362"
"56.4160","0.2199","0.6361"
"56.4360","0.2199","0.6361"
"56.4560","0.2199","0.6361"
"56.4760","0.2199","0.6361"
"56.4960","0.2199","0.6362"
"56.5160","0.2199","0.6361"
"56.5360","0.2199","0.6361"
"56.5560","0.2199","0.6361"
"56.5760","0.2199","0.6361"
"56.5960","0.2199","0.6360"
"56.6160","0.2199","0.6360"
"56.6360","0.2199","0.6361"
"56.6560","0.2199","0.6360"
"56.6760","0.2199","0.6359"
"56.6960","0.2199","0.6358"
"56.7160","0.2199","0.6358"
"56.7360","0.2199","0.6358"
"56.7560","0.2199","0.6358"
"56.7760","0.2199","0.6359"
"56.7960","0.2199","0.6357"
"56.8160","0.2199","0.6357"
"56.8360","0.2199","0.6358"
"56.8560","0.2199","0.6358"
"56.8760","0.2199","0.6357"
"56.8960","0.2199","0.6357"
"56.9160","0.2199","0.6356"
"56.9360","0.2199","0.6355"
"56.9560","0.2199","0.6356"
"56.9760","0.2199","0.6356"
"56.9960","0.2199","0.6356"
"57.0160","0.2199","0.6355"
"57.0360","0.2199","0.6355"
"57.0560","0.2199","0.6355"
"57.0760","0.2199","0.6355"
"57.0960","0.2199","0.6355"
"57.1160","0.2199","0.6354"
"57.1360","0.2199","0.6354"
"57.1560","0.2199","0.6354"
"57.1760","0.2199","0.6354"
"57.1960","0.2199","0.6354"
"57.2160","0.2199","0.6354"
"57.2360","0.2199","0.6353"
"57.2560","0.2199","0.6353"
"57.2760","0.2199","0.6353"
"57.2960","0.2199","0.6353"
"57.3160","0.2199","0.6352"
"57.3360","0.2199","0.6352"
"57.3560","0.2199","0.6352"
"57.3760","0.2199","0.6352"
"57.3960","0.2199","0.6351"
"57.4160","0.2199","0.6353"
"57.4360","0.2199","0.6353"
"57.4560","0.2199","0.6352"
"57.4760","0.2199","0.6352"
"57.4960","0.2199","0.6352"
"57.5160","0.2199","0.6351"
"57.5360","0.2199","0.6350"
"57.5560","0.2199","0.6350"
"57.5760","0.2199","0.6350"
"57.5960","0.2199","0.6350"
"57.6160","0.2199","0.6349"
"57.6360","0.2199","0.6349"
"57.6560","0.2199","0.6349"
"57.6760","0.2199","0.6349"
"57.6960","0.2199","0.6348"
"57.7160","0.2199","0.6348"
"57.7360","0.2199","0.6348"
"57.7560","0.2199","0.6348"
"57.7760","0.2199","0.6347"
"57.7960","0.2199","0.6348"
"57.8160","0.2199","0.6348"
"57.8360","0.2199","0.6347"
"57.8560","0.2199","0.6347"
"57.8760","0.2199","0.6347"
"57.8960","0.2199","0.6347"
"57.9160","0.2199","0.6346"
"57.9360","0.2199","0.6346"
"57.9560","0.2199","0.6346"
"57.9760","0.2199","0.6346"
"57.9960","0.2199","0.6345"
"58.0160","0.2199","0.6345"
"58.0360","0.2199","0.6345"
"58.0560","0.2199","0.6346"
"58.0760","0.2199","0.6345"
"58.0960","0.2199","0.6344"
"58.1160","0.2199","0.6344"
"58.1360","0.2199","0.6345"
"58.1560","0.2199","0.6344"
"58.1760","0.2199","0.6344"
"58.1960","0.2199","0.6344"
"58.2160","0.2199","0.6344"
"58.2360","0.2199","0.6343"
"58.2560","0.2199","0.6343"
"58.2760","0.2199","0.6342"
"58.2960","0.2199","0.6342"
"58.3160","0.2199","0.6342"
"58.3360","0.2199","0.6342"
"58.3560","0.2199","0.6342"
"58.3760","0.2199","0.6342"
"58.3960","0.2199","0.6342"
"58.4160","0.2199","0.6341"
"58.4360","0.2199","0.6341"
"58.4560","0.2199","0.6341"
"58.4760","0.2199","0.6341"
"58.4960","0.2199","0.6340"
"58.5160","0.2199","0.6340"
"58.5360","0.2199","0.6340"
"58.5560","0.2199","0.6340"
"58.5760","0.2199","0.6340"
"58.5960","0.2199","0.6339"
"58.6160","0.2199","0.6338"
"58.6360","0.2199","0.6338"
"58.6560","0.2199","0.6338"
"58.6760","0.2199","0.6338"
"58.6960","0.2199","0.6338"
"58.7160","0.2199","0.6338"
"58.7360","0.2199","0.6338"
"58.7560","0.2199","0.6338"
"58.7760","0.2199","0.6337"
"58.7960","0.2199","0.6337"
"58.8160","0.2199","0.6337"
"58.8360","0.2199","0.6337"
"58.8560","0.2199","0.6337"
"58.8760","0.2199","0.6336"
"58.8960","0.2199","0.6336"
"58.9160","0.2199","0.6337"
"58.9360","0.2199","0.6337"
"58.9560","0.2199","0.6336"
"58.9760","0.2199","0.6336"
"58.9960","0.2199","0.6336"
"59.0160","0.2199","0.6336"
"59.0360","0.2199","0.6335"
"59.0560","0.2199","0.6335"
"59.0760","0.2199","0.6335"
"59.0960","0.2199","0.6334"
"59.1160","0.2199","0.6334"
"59.1360","0.2199","0.6334"
"59.1560","0.2199","0.6334"
"59.1760","0.2199","0.6334"
"59.1960","0.2199","0.6333"
"59.2160","0.2199","0.6334"
"59.2360","0.2199","0.6333"
"59.2560","0.2199","0.6333"
"59.2760","0.2199","0.6333"
"59.2960","0.2199","0.6333"
"59.3160","0.2199","0.6333"
"59.3360","0.2199","0.6332"
"59.3560","0.2199","0.6332"
"59.3760","0.2199","0.6332"
"59.3960","0.2199","0.6331"
"59.4160","0.2199","0.6331"
"59.4360","0.2199","0.6331"
"59.4560","0.2199","0.6331"
"59.4760","0.2199","0.6331"
"59.4960","0.2199","0.6331"
"59.5160","0.2199","0.6331"
"59.5360","0.2199","0.6330"
"59.5560","0.2199","0.6329"
"59.5760","0.2199","0.6329"
"59.5960","0.2199","0.6330"
"59.6160","0.2199","0.6330"
"59.6360","0.2199","0.6329"
"59.6560","0.2199","0.6329"
"59.6760","0.2199","0.6329"
"59.6960","0.2199","0.6328"
"59.7160","0.2199","0.6329"
"59.7360","0.2199","0.6329"
"59.7560","0.2199","0.6329"
"59.7760","0.2199","0.6328"
"59.7960","0.2199","0.6327"
"59.8160","0.2199","0.6327"
"59.8360","0.2199","0.6328"
"59.8560","0.2199","0.6327"
"59.8760","0.2199","0.6327"
"59.8960","0.2199","0.6327"
"59.9160","0.2199","0.6327"
"59.9360","0.2199","0.6326"
"59.9560","0.2199","0.6326"
"59.9760","0.2199","0.6326"
"59.9960","0.2199","0.6326"
"60.0160","0.2199","0.6327"
"60.0360","0.2199","0.6327"
"60.0560","0.2199","0.6325"
"60.0760","0.2199","0.6325"
"60.0960","0.2199","0.6325"
"60.1160","0.2199","0.6325"
"60.1360","0.2199","0.6324"
"60.1560","0.2199","0.6324"
"60.1760","0.2199","0.6324"
"60.1960","0.2199","0.6324"
"60.2160","0.2199","0.6324"
"60.2360","0.2199","0.6323"
"60.2560","0.2199","0.6323"
"60.2760","0.2199","0.6323"
"60.2960","0.2199","0.6323"
"60.3160","0.2199","0.6323"
"60.3360","0.2199","0.6322"
"60.3560","0.2199","0.6322"
"60.3760","0.2199","0.6323"
"60.3960","0.2199","0.6322"
"60.4160","0.2199","0.6321"
"60.4360","0.2199","0.6321"
"60.4560","0.2199","0.6321"
"60.4760","0.2199","0.6320"
"60.4960","0.2199","0.6321"
"60.5160","0.2199","0.6321"
"60.5360","0.2199","0.6321"
"60.5560","0.2199","0.6320"
"60.5760","0.2199","0.6320"
"60.5960","0.2199","0.6320"
"60.6160","0.2199","0.6320"
"60.6360","0.2199","0.6319"
"60.6560","0.2199","0.6319"
"60.6760","0.2199","0.6318"
"60.6960","0.2199","0.6318"
"60.7160","0.2199","0.6318"
"60.7360","0.2199","0.6318"
"60.7560","0.2199","0.6318"
"60.7760","0.2199","0.6318"
"60.7960","0.2199","0.6318"
"60.8160","0.2199","0.6318"
"60.8360","0.2199","0.6317"
"60.8560","0.2199","0.6317"
"60.8760","0.2199","0.6317"
"60.8960","0.2199","0.6318"
"60.9160","0.2199","0.6318"
"60.9360","0.2199","0.6317"
"60.9560","0.2199","0.6317"
"60.9760","0.2199","0.6316"
"60.9960","0.2199","0.6316"
"61.0160","0.2199","0.6316"
"61.0360","0.2199","0.6316"
"61.0560","0.2199","0.6316"
"61.0760","0.2199","0.6315"
"61.0960","0.2199","0.6315"
"61.1160","0.2199","0.6315"
"61.1360","0.2199","0.6315"
"61.1560","0.2199","0.6315"
"61.1760","0.2199","0.6315"
"61.1960","0.2199","0.6315"
"61.2160","0.2199","0.6314"
"61.2360","0.2199","0.6315"
"61.2560","0.2199","0.6314"
"61.2760","0.2199","0.6314"
"61.2960","0.2199","0.6314"
"61.3160","0.2199","0.6313"
"61.3360","0.2199","0.6313"
"61.3560","0.2199","0.6313"
"61.3760","0.2199","0.6313"
"61.3960","0.2199","0.6313"
"61.4160","0.2199","0.6313"
"61.4360","0.2199","0.6313"
"61.4560","0.2199","0.6312"
"61.4760","0.2199","0.6311"
"61.4960","0.2199","0.6311"
"61.5160","0.2199","0.6312"
"61.5360","0.2199","0.6312"
"61.5560","0.2199","0.6311"
"61.5760","0.2199","0.6311"
"61.5960","0.2199","0.6311"
"61.6160","0.2199","0.6310"
"61.6360","0.2199","0.6309"
"61.6560","0.2199","0.6309"
"61.6760","0.2199","0.6309"
"61.6960","0.2199","0.6310"
"61.7160","0.2199","0.6310"
"61.7360","0.2199","0.6309"
"61.7560","0.2199","0.6310"
"61.7760","0.2199","0.6310"
"61.7960","0.2199","0.6310"
"61.8160","0.2199","0.6310"
"61.8360","0.2199","0.6309"
"61.8560","0.2199","0.6308"
"61.8760","0.2199","0.6308"
"61.8960","0.2199","0.6307"
"61.9160","0.2199","0.6307"
"61.9360","0.2199","0.6307"
"61.9560","0.2199","0.6307"
"61.9760","0.2199","0.6307"
"61.9960","0.2199","0.6307"
"62.0160","0.2199","0.6307"
"62.0360","0.2199","0.6307"
"62.0560","0.2199","0.6306"
"62.0760","0.2199","0.6307"
"62.0960","0.2199","0.6306"
"62.1160","0.2199","0.6306"
"62.1360","0.2199","0.6305"
"62.1560","0.2199","0.6305"
"62.1760","0.2199","0.6306"
"62.1960","0.2199","0.6305"
"62.2160","0.2199","0.6304"
"62.2360","0.2199","0.6304"
"62.2560","0.2199","0.6304"
"62.2760","0.2199","0.6304"
"62.2960","0.2199","0.6304"
"62.3160","0.2199","0.6304"
"62.3360","0.2199","0.6304"
"62.3560","0.2199","0.6303"
"62.3760","0.2199","0.6303"
"62.3960","0.2199","0.6304"
"62.4160","0.2199","0.6303"
"62.4360","0.2199","0.6303"
"62.4560","0.2199","0.6303"
"62.4760","0.2199","0.6302"
"62.4960","0.2199","0.6303"
"62.5160","0.2199","0.6302"
"62.5360","0.2199","0.6302"
"62.5560","0.2199","0.6302"
"62.5760","0.2199","0.6302"
"62.5960","0.2199","0.6301"
"62.6160","0.2199","0.6301"
"62.6360","0.2199","0.6300"
"62.6560","0.2199","0.6300"
"62.6760","0.2199","0.6300"
"62.6960","0.2199","0.6300"
"62.7160","0.2199","0.6300"
"62.7360","0.2199","0.6300"
"62.7560","0.2199","0.6300"
"62.7760","0.2199","0.6300"
"62.7960","0.2199","0.6299"
"62.8160","0.2199","0.6299"
"62.8360","0.2199","0.6299"
"62.8560","0.2199","0.6299"
"62.8760","0.2199","0.6299"
"62.8960","0.2199","0.6299"
"62.9160","0.2199","0.6298"
"62.9360","0.2199","0.6298"
"62.9560","0.2199","0.6298"
"62.9760","0.2199","0.6298"
"62.9960","0.2199","0.6298"
"63.0160","0.2199","0.6298"
"63.0360","0.2199","0.6298"
"63.0560","0.2199","0.6297"
"63.0760","0.2199","0.6297"
"63.0960","0.2199","0.6297"
"63.1160","0.2199","0.6297"
"63.1360","0.2199","0.6297"
"63.1560","0.2199","0.6297"
"63.1760","0.2199","0.6297"
"63.1960","0.2199","0.6296"
"63.2160","0.2199","0.6296"
"63.2360","0.2199","0.6295"
"63.2560","0.2199","0.6295"
"63.2760","0.2199","0.6295"
"63.2960","0.2199","0.6295"
"63.3160","0.2199","0.6295"
"63.3360","0.2199","0.6295"
"63.3560","0.2199","0.6295"
"63.3760","0.2199","0.6294"
"63.3960","0.2199","0.6294"
"63.4160","0.2199","0.6293"
"63.4360","0.2199","0.6294"
"63.4560","0.2199","0.6293"
"63.4760","0.2199","0.6294"
"63.4960","0.2199","0.6294"
"63.5160","0.2199","0.6294"
"63.5360","0.2199","0.6294"
"63.5560","0.2199","0.6293"
"63.5760","0.2199","0.6292"
"63.5960","0.2199","0.6292"
"63.6160","0.2199","0.6292"
"63.6360","0.2199","0.6292"
"63.6560","0.2199","0.6291"
"63.6760","0.2199","0.6291"
"63.6960","0.2199","0.6291"
"63.7160","0.2199","0.6291"
"63.7360","0.2199","0.6291"
"63.7560","0.2199","0.6291"
"63.7760","0.2199","0.6291"
"63.7960","0.2199","0.6291"
"63.8160","0.2199","0.6291"
"63.8360","0.2199","0.6291"
"63.8560","0.2199","0.6290"
"63.8760","0.2199","0.6290"
"63.8960","0.2199","0.6290"
"63.9160","0.2199","0.6289"
"63.9360","0.2199","0.6290"
"63.9560","0.2199","0.6290"
"63.9760","0.2199","0.6289"
"63.9960","0.2199","0.6288"
"64.0160","0.2199","0.6289"
"64.0360","0.2199","0.6288"
"64.0560","0.2199","0.6288"
"64.0760","0.2199","0.6288"
"64.0960","0.2199","0.6288"
"64.1160","0.2199","0.6287"
"64.1360","0.2199","0.6287"
"64.1560","0.2199","0.6287"
"64.1760","0.2199","0.6288"
"64.1960","0.2199","0.6287"
"64.2160","0.2199","0.6287"
"64.2360","0.2199","0.6287"
"64.2560","0.2199","0.6286"
"64.2760","0.2199","0.6286"
"64.2960","0.2199","0.6286"
"64.3160","0.2199","0.6286"
"64.3360","0.2199","0.6286"
"64.3560","0.2199","0.6286"
"64.3760","0.2199","0.6285"
"64.3960","0.2199","0.6285"
"64.4160","0.2199","0.6286"
"64.4360","0.2199","0.6286"
"64.4560","0.2199","0.6285"
"64.4760","0.2199","0.6284"
"64.4960","0.2199","0.6284"
"64.5160","0.2199","0.6284"
"64.5360","0.2199","0.6284"
"64.5560","0.2199","0.6284"
"64.5760","0.2199","0.6284"
"64.5960","0.2199","0.6284"
"64.6160","0.2199","0.6284"
"64.6360","0.2199","0.6284"
"64.6560","0.2199","0.6284"
"64.6760","0.2199","0.6283"
"64.6960","0.2199","0.6282"
"64.7160","0.2199","0.6283"
"64.7360","0.2199","0.6283"
"64.7560","0.2199","0.6282"
"64.7760","0.2199","0.6282"
"64.7960","0.2199","0.6281"
"64.8160","0.2199","0.6281"
"64.8360","0.2199","0.6281"
"64.8560","0.2199","0.6281"
"64.8760","0.2199","0.6281"
"64.8960","0.2199","0.6281"
"64.9160","0.2199","0.6281"
"64.9360","0.2199","0.6281"
"64.9560","0.2199","0.6281"
"64.9760","0.2199","0.6280"
"64.9960","0.2199","0.6280"
"65.0160","0.2199","0.6280"
"65.0360","0.2199","0.6279"
"65.0560","0.2199","0.6279"
"65.0760","0.2199","0.6279"
"65.0960","0.2199","0.6278"
"65.1160","0.2199","0.6278"
"65.1360","0.2199","0.6279"
"65.1560","0.2199","0.6279"
"65.1760","0.2199","0.6279"
"65.1960","0.2199","0.6279"
"65.2160","0.2199","0.6279"
"65.2360","0.2199","0.6278"
"65.2560","0.2199","0.6277"
"65.2760","0.2199","0.6277"
"65.2960","0.2199","0.6278"
"65.3160","0.2199","0.6277"
"65.3360","0.2199","0.6277"
"65.3560","0.2199","0.6276"
"65.3760","0.2199","0.6277"
"65.3960","0.2199","0.6277"
"65.4160","0.2199","0.6276"
"65.4360","0.2199","0.6276"
"65.4560","0.2199","0.6276"
"65.4760","0.2199","0.6277"
"65.4960","0.2199","0.6277"
"65.5160","0.2199","0.6275"
"65.5360","0.2199","0.6275"
"65.5560","0.2199","0.6274"
"65.5760","0.2199","0.6275"
"65.5960","0.2199","0.6275"
"65.6160","0.2199","0.6275"
"65.6360","0.2199","0.6275"
"65.6560","0.2199","0.6275"
"65.6760","0.2199","0.6274"
"65.6960","0.2199","0.6274"
"65.7160","0.2199","0.6274"
"65.7360","0.2199","0.6273"
"65.7560","0.2199","0.6273"
"65.7760","0.2199","0.6273"
"65.7960","0.2199","0.6274"
"65.8160","0.2199","0.6273"
"65.8360","0.2199","0.6273"
"65.8560","0.2199","0.6273"
"65.8760","0.2199","0.6273"
"65.8960","0.2199","0.6273"
"65.9160","0.2199","0.6272"
"65.9360","0.2199","0.6273"
"65.9560","0.2199","0.6272"
"65.9760","0.2199","0.6272"
"65.9960","0.2199","0.6271"
"66.0160","0.2199","0.6271"
"66.0360","0.2199","0.6271"
"66.0560","0.2199","0.6271"
"66.0760","0.2199","0.6271"
"66.0960","0.2199","0.6271"
"66.1160","0.2199","0.6271"
"66.1360","0.2199","0.6271"
"66.1560","0.2199","0.6270"
"66.1760","0.2199","0.6270"
"66.1960","0.2199","0.6270"
"66.2160","0.2199","0.6269"
"66.2360","0.2199","0.6269"
"66.2560","0.2199","0.6269"
"66.2760","0.2199","0.6269"
"66.2960","0.2199","0.6269"
"66.3160","0.2199","0.6269"
"66.3360","0.2199","0.6269"
"66.3560","0.2199","0.6268"
"66.3760","0.2199","0.6268"
"66.3960","0.2199","0.6268"
"66.4160","0.2199","0.6268"
"66.4360","0.2199","0.6268"
"66.4560","0.2199","0.6267"
"66.4760","0.2199","0.6267"
"66.4960","0.2199","0.6267"
"66.5160","0.2199","0.6267"
"66.5360","0.2199","0.6266"
"66.5560","0.2199","0.6266"
"66.5760","0.2199","0.6266"
"66.5960","0.2199","0.6266"
"66.6160","0.2199","0.6266"
"66.6360","0.2199","0.6266"
"66.6560","0.2199","0.6266"
"66.6760","0.2199","0.6266"
"66.6960","0.2199","0.6266"
"66.7160","0.2199","0.6267"
"66.7360","0.2199","0.6266"
"66.7560","0.2199","0.6265"
"66.7760","0.2199","0.6264"
"66.7960","0.2199","0.6264"
"66.8160","0.2199","0.6264"
"66.8360","0.2199","0.6264"
"66.8560","0.2199","0.6264"
"66.8760","0.2199","0.6264"
"66.8960","0.2199","0.6263"
"66.9160","0.2199","0.6264"
"66.9360","0.2199","0.6264"
"66.9560","0.2199","0.6264"
"66.9760","0.2199","0.6263"
"66.9960","0.2199","0.6262"
"67.0160","0.2199","0.6262"
"67.0360","0.2199","0.6263"
"67.0560","0.2199","0.6263"
"67.0760","0.2199","0.6262"
"67.0960","0.2199","0.6262"
"67.1160","0.2199","0.6262"
"67.1360","0.2199","0.6262"
"67.1560","0.2199","0.6261"
"67.1760","0.2199","0.6261"
"67.1960","0.2199","0.6261"
"67.2160","0.2199","0.6261"
"67.2360","0.2199","0.6261"
"67.2560","0.2199","0.6261"
"67.2760","0.2199","0.6261"
"67.2960","0.2199","0.6261"
"67.3160","0.2199","0.6261"
"67.3360","0.2199","0.6261"
"67.3560","0.2199","0.6261"
"67.3760","0.2199","0.6261"
"67.3960","0.2199","0.6260"
"67.4160","0.2199","0.6259"
"67.4360","0.2199","0.6259"
"67.4560","0.2199","0.6260"
"67.4760","0.2199","0.6260"
"67.4960","0.2199","0.6260"
"67.5160","0.2199","0.6259"
"67.5360","0.2199","0.6259"
"67.5560","0.2199","0.6258"
"67.5760","0.2199","0.6258"
"67.5960","0.2199","0.6258"
"67.6160","0.2199","0.6258"
"67.6360","0.2199","0.6258"
"67.6560","0.2199","0.6258"
"67.6760","0.2199","0.6257"
"67.6960","0.2199","0.6257"
"67.7160","0.2199","0.6257"
"67.7360","0.2199","0.6257"
"67.7560","0.2199","0.6257"
"67.7760","0.2199","0.6256"
"67.7960","0.2199","0.6256"
"67.8160","0.2199","0.6256"
"67.8360","0.2199","0.6256"
"67.8560","0.2199","0.6256"
"67.8760","0.2199","0.6256"
"67.8960","0.2199","0.6256"
"67.9160","0.2199","0.6256"
"67.9360","0.2199","0.6256"
"67.9560","0.2199","0.6256"
"67.9760","0.2199","0.6254"
"67.9960","0.2199","0.6254"
"68.0160","0.2199","0.6254"
"68.0360","0.2199","0.6254"
"68.0560","0.2199","0.6254"
"68.0760","0.2199","0.6255"
"68.0960","0.2199","0.6254"
"68.1160","0.2199","0.6254"
"68.1360","0.2199","0.6253"
"68.1560","0.2199","0.6253"
"68.1760","0.2199","0.6253"
"68.1960","0.2199","0.6253"
"68.2160","0.2199","0.6253"
"68.2360","0.2199","0.6252"
"68.2560","0.2199","0.6252"
"68.2760","0.2199","0.6252"
"68.2960","0.2199","0.6252"
"68.3160","0.2199","0.6252"
"68.3360","0.2199","0.6251"
"68.3560","0.2199","0.6252"
"68.3760","0.2199","0.6251"
"68.3960","0.2199","0.6251"
"68.4160","0.2199","0.6252"
"68.4360","0.2199","0.6252"
"68.4560","0.2199","0.6252"
"68.4760","0.2199","0.6251"
"68.4960","0.2199","0.6251"
"68.5160","0.2199","0.6251"
"68.5360","0.2199","0.6251"
"68.5560","0.2199","0.6250"
"68.5760","0.2199","0.6250"
"68.5960","0.2199","0.6250"
"68.6160","0.2199","0.6251"
"68.6360","0.2199","0.6250"
"68.6560","0.2199","0.6249"
"68.6760","0.2199","0.6249"
"68.6960","0.2199","0.6249"
"68.7160","0.2199","0.6249"
"68.7360","0.2199","0.6249"
"68.7560","0.2199","0.6249"
"68.7760","0.2199","0.6248"
"68.7960","0.2199","0.6247"
"68.8160","0.2199","0.6248"
"68.8360","0.2199","0.6248"
"68.8560","0.2199","0.6248"
"68.8760","0.2199","0.6248"
"68.8960","0.2199","0.6248"
"68.9160","0.2199","0.6247"
"68.9360","0.2199","0.6247"
"68.9560","0.2199","0.6247"
"68.9760","0.2199","0.6247"
"68.9960","0.2199","0.6247"
"69.0160","0.2199","0.6246"
"69.0360","0.2199","0.6247"
"69.0560","0.2199","0.6247"
"69.0760","0.2199","0.6246"
"69.0960","0.2199","0.6246"
"69.1160","0.2199","0.6246"
"69.1360","0.2199","0.6245"
"69.1560","0.2199","0.6245"
"69.1760","0.2199","0.6246"
"69.1960","0.2199","0.6246"
"69.2160","0.2199","0.6246"
"69.2360","0.2199","0.6245"
"69.2560","0.2199","0.6245"
"69.2760","0.2199","0.6245"
"69.2960","0.2199","0.6245"
"69.3160","0.2199","0.6244"
"69.3360","0.2199","0.6244"
"69.3560","0.2199","0.6244"
"69.3760","0.2199","0.6244"
"69.3960","0.2199","0.6244"
"69.4160","0.2199","0.6244"
"69.4360","0.2199","0.6243"
"69.4560","0.2199","0.6243"
"69.4760","0.2199","0.6243"
"69.4960","0.2199","0.6243"
"69.5160","0.2199","0.6243"
"69.5360","0.2199","0.6243"
"69.5560","0.2199","0.6242"
"69.5760","0.2199","0.6241"
"69.5960","0.2199","0.6242"
"69.6160","0.2199","0.6242"
"69.6360","0.2199","0.6242"
"69.6560","0.2199","0.6242"
"69.6760","0.2199","0.6242"
"69.6960","0.2199","0.6241"
"69.7160","0.2199","0.6241"
"69.7360","0.2199","0.6241"
"69.7560","0.2199","0.6241"
"69.7760","0.2199","0.6241"
"69.7960","0.2199","0.6241"
"69.8160","0.2199","0.6242"
"69.8360","0.2199","0.6240"
"69.8560","0.2199","0.6240"
"69.8760","0.2199","0.6240"
"69.8960","0.2199","0.6240"
"69.9160","0.2199","0.6240"
"69.9360","0.2199","0.6240"
"69.9560","0.2199","0.6240"
"69.9760","0.2199","0.6239"
"69.9960","0.2199","0.6239"
"70.0160","0.2199","0.6239"
"70.0360","0.2199","0.6239"
"70.0560","0.2199","0.6239"
"70.0760","0.2199","0.6239"
"70.0960","0.2199","0.6239"
"70.1160","0.2199","0.6238"
"70.1360","0.2199","0.6238"
"70.1560","0.2199","0.6238"
"70.1760","0.2199","0.6237"
"70.1960","0.2199","0.6237"
"70.2160","0.2199","0.6237"
"70.2360","0.2199","0.6238"
"70.2560","0.2199","0.6237"
"70.2760","0.2199","0.6237"
"70.2960","0.2199","0.6236"
"70.3160","0.2199","0.6236"
"70.3360","0.2199","0.6236"
"70.3560","0.2199","0.6235"
"70.3760","0.2199","0.6236"
"70.3960","0.2199","0.6236"
"70.4160","0.2199","0.6235"
"70.4360","0.2199","0.6236"
"70.4560","0.2199","0.6236"
"70.4760","0.2199","0.6236"
"70.4960","0.2199","0.6236"
"70.5160","0.2199","0.6236"
"70.5360","0.2199","0.6236"
"70.5560","0.2199","0.6235"
"70.5760","0.2199","0.6235"
"70.5960","0.2199","0.6234"
"70.6160","0.2199","0.6234"
"70.6360","0.2199","0.6234"
"70.6560","0.2199","0.6234"
"70.6760","0.2199","0.6234"
"70.6960","0.2199","0.6233"
"70.7160","0.2199","0.6233"
"70.7360","0.2199","0.6233"
"70.7560","0.2199","0.6233"
"70.7760","0.2199","0.6233"
"70.7960","0.2199","0.6233"
"70.8160","0.2199","0.6233"
"70.8360","0.2199","0.6233"
"70.8560","0.2199","0.6233"
"70.8760","0.2199","0.6233"
"70.8960","0.2199","0.6234"
"70.9160","0.2199","0.6233"
"70.9360","0.2199","0.6232"
"70.9560","0.2199","0.6232"
"70.9760","0.2199","0.6232"
"70.9960","0.2199","0.6232"
"71.0160","0.2199","0.6231"
"71.0360","0.2199","0.6231"
"71.0560","0.2199","0.6231"
"71.0760","0.2199","0.6231"
"71.0960","0.2199","0.6230"
"71.1160","0.2199","0.6230"
"71.1360","0.2199","0.6230"
"71.1560","0.2199","0.6230"
"71.1760","0.2199","0.6230"
"71.1960","0.2199","0.6230"
"71.2160","0.2199","0.6229"
"71.2360","0.2199","0.6230"
"71.2560","0.2199","0.6228"
"71.2760","0.2199","0.6227"
"71.2960","0.2199","0.6228"
"71.3160","0.2199","0.6229"
"71.3360","0.2199","0.6229"
"71.3560","0.2199","0.6228"
"71.3760","0.2199","0.6227"
"71.3960","0.2199","0.6228"
"71.4160","0.2199","0.6227"
"71.4360","0.2199","0.6228"
"71.4560","0.2199","0.6228"
"71.4760","0.2199","0.6228"
"71.4960","0.2199","0.6228"
"71.5160","0.2199","0.6227"
"71.5360","0.2199","0.6227"
"71.5560","0.2199","0.6227"
"71.5760","0.2199","0.6227"
"71.5960","0.2199","0.6227"
"71.6160","0.2199","0.6226"
"71.6360","0.2199","0.6226"
"71.6560","0.2199","0.6226"
"71.6760","0.2199","0.6226"
"71.6960","0.2199","0.6226"
"71.7160","0.2199","0.6225"
"71.7360","0.2199","0.6225"
"71.7560","0.2199","0.6225"
"71.7760","0.2199","0.6225"
"71.7960","0.2199","0.6225"
"71.8160","0.2199","0.6225"
"71.8360","0.2199","0.6226"
"71.8560","0.2199","0.6225"
"71.8760","0.2199","0.6224"
"71.8960","0.2199","0.6224"
"71.9160","0.2199","0.6224"
"71.9360","0.2199","0.6225"
"71.9560","0.2199","0.6225"
"71.9760","0.2199","0.6225"
"71.9960","0.2199","0.6224"
"72.0160","0.2199","0.6224"
"72.0360","0.2199","0.6224"
"72.0560","0.2199","0.6224"
"72.0760","0.2199","0.6223"
"72.0960","0.2199","0.6223"
"72.1160","0.2199","0.6223"
"72.1360","0.2199","0.6223"
"72.1560","0.2199","0.6223"
"72.1760","0.2199","0.6222"
"72.1960","0.2199","0.6222"
"72.2160","0.2199","0.6222"
"72.2360","0.2199","0.6222"
"72.2560","0.2199","0.6222"
"72.2760","0.2199","0.6221"
"72.2960","0.2199","0.6222"
"72.3160","0.2199","0.6221"
"72.3360","0.2199","0.6221"
"72.3560","0.2199","0.6221"
"72.3760","0.2199","0.6221"
"72.3960","0.2199","0.6222"
"72.4160","0.2199","0.6221"
"72.4360","0.2199","0.6220"
"72.4560","0.2199","0.6220"
"72.4760","0.2199","0.6220"
"72.4960","0.2199","0.6220"
"72.5160","0.2199","0.6219"
"72.5360","0.2199","0.6219"
"72.5560","0.2199","0.6219"
"72.5760","0.2199","0.6219"
"72.5960","0.2199","0.6219"
"72.6160","0.2199","0.6219"
"72.6360","0.2199","0.6219"
"72.6560","0.2199","0.6218"
"72.6760","0.2199","0.6218"
"72.6960","0.2199","0.6218"
"72.7160","0.2199","0.6218"
"72.7360","0.2199","0.6219"
"72.7560","0.2199","0.6219"
"72.7760","0.2199","0.6219"
"72.7960","0.2199","0.6218"
"72.8160","0.2199","0.6218"
"72.8360","0.2199","0.6218"
"72.8560","0.2199","0.6217"
"72.8760","0.2199","0.6217"
"72.8960","0.2199","0.6217"
"72.9160","0.2199","0.6217"
"72.9360","0.2199","0.6217"
"72.9560","0.2199","0.6216"
"72.9760","0.2199","0.6216"
"72.9960","0.2199","0.6216"
"73.0160","0.2199","0.6215"
"73.0360","0.2199","0.6216"
"73.0560","0.2199","0.6216"
"73.0760","0.2199","0.6216"
"73.0960","0.2199","0.6216"
"73.1160","0.2199","0.6215"
"73.1360","0.2199","0.6215"
"73.1560","0.2199","0.6215"
"73.1760","0.2199","0.6215"
"73.1960","0.2199","0.6216"
"73.2160","0.2199","0.6214"
"73.2360","0.2199","0.6214"
"73.2560","0.2199","0.6214"
"73.2760","0.2199","0.6214"
"73.2960","0.2199","0.6214"
"73.3160","0.2199","0.6214"
"73.3360","0.2199","0.6214"
"73.3560","0.2199","0.6213"
"73.3760","0.2199","0.6213"
"73.3960","0.2199","0.6213"
"73.4160","0.2199","0.6213"
"73.4360","0.2199","0.6213"
"73.4560","0.2199","0.6213"
"73.4760","0.2199","0.6213"
"73.4960","0.2199","0.6214"
"73.5160","0.2199","0.6213"
"73.5360","0.2199","0.6212"
"73.5560","0.2199","0.6211"
"73.5760","0.2199","0.6212"
"73.5960","0.2199","0.6212"
"73.6160","0.2199","0.6212"
"73.6360","0.2199","0.6211"
"73.6560","0.2199","0.6211"
"73.6760","0.2199","0.6211"
"73.6960","0.2199","0.6211"
"73.7160","0.2199","0.6210"
"73.7360","0.2199","0.6211"
"73.7560","0.2199","0.6211"
"73.7760","0.2199","0.6211"
"73.7960","0.2199","0.6211"
"73.8160","0.2199","0.6210"
"73.8360","0.2199","0.6210"
"73.8560","0.2199","0.6210"
"73.8760","0.2199","0.6209"
"73.8960","0.2199","0.6209"
"73.9160","0.2199","0.6209"
"73.9360","0.2199","0.6208"
"73.9560","0.2199","0.6209"
"73.9760","0.2199","0.6209"
"73.9960","0.2199","0.6209"
"74.0160","0.2199","0.6209"
"74.0360","0.2199","0.6208"
"74.0560","0.2199","0.6208"
"74.0760","0.2199","0.6208"
"74.0960","0.2199","0.6208"
"74.1160","0.2199","0.6208"
"74.1360","0.2199","0.6207"
"74.1560","0.2199","0.6207"
"74.1760","0.2199","0.6206"
"74.1960","0.2199","0.6207"
"74.2160","0.2199","0.6207"
"74.2360","0.2199","0.6207"
"74.2560","0.2199","0.6207"
"74.2760","0.2199","0.6207"
"74.2960","0.2199","0.6207"
"74.3160","0.2199","0.6207"
"74.3360","0.2199","0.6206"
"74.3560","0.2199","0.6206"
"74.3760","0.2199","0.6206"
"74.3960","0.2199","0.6206"
"74.4160","0.2199","0.6206"
"74.4360","0.2199","0.6206"
"74.4560","0.2199","0.6205"
"74.4760","0.2199","0.6205"
"74.4960","0.2199","0.6205"
"74.5160","0.2199","0.6204"
"74.5360","0.2199","0.6204"
"74.5560","0.2199","0.6204"
"74.5760","0.2199","0.6205"
"74.5960","0.2199","0.6205"
"74.6160","0.2199","0.6205"
"74.6360","0.2199","0.6204"
"74.6560","0.2199","0.6205"
"74.6760","0.2199","0.6205"
"74.6960","0.2199","0.6205"
"74.7160","0.2199","0.6204"
"74.7360","0.2199","0.6203"
"74.7560","0.2199","0.6203"
"74.7760","0.2199","0.6203"
"74.7960","0.2199","0.6202"
"74.8160","0.2199","0.6203"
"74.8360","0.2199","0.6203"
"74.8560","0.2199","0.6202"
"74.8760","0.2199","0.6202"
"74.8960","0.2199","0.6202"
"74.9160","0.2199","0.6202"
"74.9360","0.2199","0.6202"
"74.9560","0.2199","0.6202"
"74.9760","0.2199","0.6201"
"74.9960","0.2199","0.6200"
"75.0160","0.2199","0.6200"
"75.0360","0.2199","0.6201"
"75.0560","0.2199","0.6202"
"75.0760","0.2199","0.6201"
"75.0960","0.2199","0.6201"
"75.1160","0.2199","0.6201"
"75.1360","0.2199","0.6201"
"75.1560","0.2199","0.6201"
"75.1760","0.2199","0.6201"
"75.1960","0.2199","0.6200"
"75.2160","0.2199","0.6199"
"75.2360","0.2199","0.6200"
"75.2560","0.2199","0.6200"
"75.2760","0.2199","0.6199"
"75.2960","0.2199","0.6199"
"75.3160","0.2199","0.6199"
"75.3360","0.2199","0.6199"
"75.3560","0.2199","0.6199"
"75.3760","0.2199","0.6198"
"75.3960","0.2199","0.6199"
"75.4160","0.2199","0.6198"
"75.4360","0.2199","0.6198"
"75.4560","0.2199","0.6198"
"75.4760","0.2199","0.6198"
"75.4960","0.2199","0.6197"
"75.5160","0.2199","0.6197"
"75.5360","0.2199","0.6198"
"75.5560","0.2199","0.6197"
"75.5760","0.2199","0.6197"
"75.5960","0.2199","0.6197"
"75.6160","0.2199","0.6197"
"75.6360","0.2199","0.6197"
"75.6560","0.2199","0.6196"
"75.6760","0.2199","0.6197"
"75.6960","0.2199","0.6196"
"75.7160","0.2199","0.6196"
"75.7360","0.2199","0.6196"
"75.7560","0.2199","0.6197"
"75.7760","0.2199","0.6197"
"75.7960","0.2199","0.6195"
"75.8160","0.2199","0.6195"
"75.8360","0.2199","0.6195"
"75.8560","0.2199","0.6195"
"75.8760","0.2199","0.6194"
"75.8960","0.2199","0.6194"
"75.9160","0.2199","0.6194"
"75.9360","0.2199","0.6194"
"75.9560","0.2199","0.6194"
"75.9760","0.2199","0.6195"
"75.9960","0.2199","0.6195"
"76.0160","0.2199","0.6195"
"76.0360","0.2199","0.6194"
"76.0560","0.2199","0.6194"
"76.0760","0.2199","0.6194"
"76.0960","0.2199","0.6194"
"76.1160","0.2199","0.6194"
"76.1360","0.2199","0.6195"
"76.1560","0.2199","0.6194"
"76.1760","0.2199","0.6193"
"76.1960","0.2199","0.6192"
"76.2160","0.2199","0.6192"
"76.2360","0.2199","0.6192"
"76.2560","0.2199","0.6192"
"76.2760","0.2199","0.6192"
"76.2960","0.2199","0.6192"
"76.3160","0.2199","0.6192"
"76.3360","0.2199","0.6193"
"76.3560","0.2199","0.6192"
"76.3760","0.2199","0.6192"
"76.3960","0.2199","0.6191"
"76.4160","0.2199","0.6191"
"76.4360","0.2199","0.6191"
"76.4560","0.2199","0.6191"
"76.4760","0.2199","0.6192"
"76.4960","0.2199","0.6191"
"76.5160","0.2199","0.6191"
"76.5360","0.2199","0.6190"
"76.5560","0.2199","0.6190"
"76.5760","0.2199","0.6190"
"76.5960","0.2199","0.6190"
"76.6160","0.2199","0.6190"
"76.6360","0.2199","0.6190"
"76.6560","0.2199","0.6190"
"76.6760","0.2199","0.6190"
"76.6960","0.2199","0.6190"
"76.7160","0.2199","0.6190"
"76.7360","0.2199","0.6189"
"76.7560","0.2199","0.6188"
"76.7760","0.2199","0.6188"
"76.7960","0.2199","0.6189"
"76.8160","0.2199","0.6189"
"76.8360","0.2199","0.6188"
"76.8560","0.2199","0.6188"
"76.8760","0.2199","0.6188"
"76.8960","0.2199","0.6188"
"76.9160","0.2199","0.6188"
"76.9360","0.2199","0.6187"
"76.9560","0.2199","0.6187"
"76.9760","0.2199","0.6187"
"76.9960","0.2199","0.6186"
"77.0160","0.2199","0.6186"
"77.0360","0.2199","0.6187"
"77.0560","0.2199","0.6187"
"77.0760","0.2199","0.6187"
"77.0960","0.2199","0.6187"
"77.1160","0.2199","0.6187"
"77.1360","0.2199","0.6187"
"77.1560","0.2199","0.6187"
"77.1760","0.2199","0.6187"
"77.1960","0.2199","0.6186"
"77.2160","0.2199","0.6186"
"77.2360","0.2199","0.6186"
"77.2560","0.2199","0.6186"
"77.2760","0.2199","0.6186"
"77.2960","0.2199","0.6185"
"77.3160","0.2199","0.6185"
"77.3360","0.2199","0.6185"
"77.3560","0.2199","0.6185"
"77.3760","0.2199","0.6184"
"77.3960","0.2199","0.6184"
"77.4160","0.2199","0.6184"
"77.4360","0.2199","0.6183"
"77.4560","0.2199","0.6183"
"77.4760","0.2199","0.6184"
"77.4960","0.2199","0.6184"
"77.5160","0.2199","0.6184"
"77.5360","0.2199","0.6183"
"77.5560","0.2199","0.6183"
"77.5760","0.2199","0.6183"
"77.5960","0.2199","0.6183"
"77.6160","0.2199","0.6183"
"77.6360","0.2199","0.6183"
"77.6560","0.2199","0.6182"
"77.6760","0.2199","0.6183"
"77.6960","0.2199","0.6182"
"77.7160","0.2199","0.6183"
"77.7360","0.2199","0.6183"
"77.7560","0.2199","0.6182"
"77.7760","0.2199","0.6181"
"77.7960","0.2199","0.6181"
"77.8160","0.2199","0.6181"
"77.8360","0.2199","0.6182"
"77.8560","0.2199","0.6183"
"77.8760","0.2199","0.6181"
"77.8960","0.2199","0.6181"
"77.9160","0.2199","0.6181"
"77.9360","0.2199","0.6181"
"77.9560","0.2199","0.6182"
"77.9760","0.2199","0.6182"
"77.9960","0.2199","0.6181"
"78.0160","0.2199","0.6180"
"78.0360","0.2199","0.6180"
"78.0560","0.2199","0.6179"
"78.0760","0.2199","0.6179"
"78.0960","0.2199","0.6179"
"78.1160","0.2199","0.6180"
"78.1360","0.2199","0.6180"
"78.1560","0.2199","0.6180"
"78.1760","0.2199","0.6179"
"78.1960","0.2199","0.6179"
"78.2160","0.2199","0.6179"
"78.2360","0.2199","0.6180"
"78.2560","0.2199","0.6180"
"78.2760","0.2199","0.6178"
"78.2960","0.2199","0.6178"
"78.3160","0.2199","0.6178"
"78.3360","0.2199","0.6179"
"78.3560","0.2199","0.6178"
"78.3760","0.2199","0.6177"
"78.3960","0.2199","0.6178"
"78.4160","0.2199","0.6178"
"78.4360","0.2199","0.6178"
"78.4560","0.2199","0.6178"
"78.4760","0.2199","0.6178"
"78.4960","0.2199","0.6177"
"78.5160","0.2199","0.6177"
"78.5360","0.2199","0.6177"
"78.5560","0.2199","0.6177"
"78.5760","0.2199","0.6177"
"78.5960","0.2199","0.6177"
"78.6160","0.2199","0.6176"
"78.6360","0.2199","0.6176"
"78.6560","0.2199","0.6176"
"78.6760","0.2199","0.6176"
"78.6960","0.2199","0.6175"
"78.7160","0.2199","0.6174"
"78.7360","0.2199","0.6175"
"78.7560","0.2199","0.6175"
"78.7760","0.2199","0.6175"
"78.7960","0.2199","0.6175"
"78.8160","0.2199","0.6175"
"78.8360","0.2199","0.6175"
"78.8560","0.2199","0.6175"
"78.8760","0.2199","0.6174"
"78.8960","0.2199","0.6174"
"78.9160","0.2199","0.6174"
"78.9360","0.2199","0.6175"
"78.9560","0.2199","0.6174"
"78.9760","0.2199","0.6173"
"78.9960","0.2199","0.6174"
"79.0160","0.2199","0.6174"
"79.0360","0.2199","0.6173"
"79.0560","0.2199","0.6173"
"79.0760","0.2199","0.6173"
"79.0960","0.2199","0.6173"
"79.1160","0.2199","0.6173"
"79.1360","0.2199","0.6173"
"79.1560","0.2199","0.6173"
"79.1760","0.2199","0.6173"
"79.1960","0.2199","0.6172"
"79.2160","0.2199","0.6172"
"79.2360","0.2199","0.6172"
"79.2560","0.2199","0.6172"
"79.2760","0.2199","0.6171"
"79.2960","0.2199","0.6172"
"79.3160","0.2199","0.6171"
"79.3360","0.2199","0.6171"
"79.3560","0.2199","0.6172"
"79.3760","0.2199","0.6171"
"79.3960","0.2199","0.6171"
"79.4160","0.2199","0.6171"
"79.4360","0.2199","0.6171"
"79.4560","0.2199","0.6171"
"79.4760","0.2199","0.6171"
"79.4960","0.2199","0.6171"
"79.5160","0.2199","0.6171"
"79.5360","0.2199","0.6170"
"79.5560","0.2199","0.6170"
"79.5760","0.2199","0.6170"
"79.5960","0.2199","0.6171"
"79.6160","0.2199","0.6171"
"79.6360","0.2199","0.6170"
"79.6560","0.2199","0.6169"
"79.6760","0.2199","0.6169"
"79.6960","0.2199","0.6169"
"79.7160","0.2199","0.6168"
"79.7360","0.2199","0.6168"
"79.7560","0.2199","0.6169"
"79.7760","0.2199","0.6169"
"79.7960","0.2199","0.6168"
"79.8160","0.2199","0.6169"
"79.8360","0.2199","0.6169"
"79.8560","0.2199","0.6168"
"79.8760","0.2199","0.6168"
"79.8960","0.2199","0.6167"
"79.9160","0.2199","0.6167"
"79.9360","0.2199","0.6167"
"79.9560","0.2199","0.6167"
"79.9760","0.2199","0.6167"
"79.9960","0.2199","0.6167"
"80.0160","0.2199","0.6168"
"80.0360","0.2199","0.6167"
"80.0560","0.2199","0.6167"
"80.0760","0.2199","0.6167"
"80.0960","0.2199","0.6166"
"80.1160","0.2199","0.6166"
"80.1360","0.2199","0.6166"
"80.1560","0.2199","0.6166"
"80.1760","0.2199","0.6165"
"80.1960","0.2199","0.6165"
"80.2160","0.2199","0.6165"
"80.2360","0.2199","0.6165"
"80.2560","0.2199","0.6165"
"80.2760","0.2199","0.6166"
"80.2960","0.2199","0.6165"
"80.3160","0.2199","0.6164"
"80.3360","0.2199","0.6164"
"80.3560","0.2199","0.6164"
"80.3760","0.2199","0.6164"
"80.3960","0.2199","0.6164"
"80.4160","0.2199","0.6164"
"80.4360","0.2199","0.6165"
"80.4560","0.2199","0.6164"
"80.4760","0.2199","0.6163"
"80.4960","0.2199","0.6163"
"80.5160","0.2199","0.6163"
"80.5360","0.2199","0.6164"
"80.5560","0.2199","0.6164"
"80.5760","0.2199","0.6163"
"80.5960","0.2199","0.6164"
"80.6160","0.2199","0.6164"
"80.6360","0.2199","0.6163"
"80.6560","0.2199","0.6163"
"80.6760","0.2199","0.6162"
"80.6960","0.2199","0.6162"
"80.7160","0.2199","0.6161"
"80.7360","0.2199","0.6162"
"80.7560","0.2199","0.6162"
"80.7760","0.2199","0.6161"
"80.7960","0.2199","0.6161"
"80.8160","0.2199","0.6162"
"80.8360","0.2199","0.6162"
"80.8560","0.2199","0.6161"
"80.8760","0.2199","0.6160"
"80.8960","0.2199","0.6160"
"80.9160","0.2199","0.6161"
"80.9360","0.2199","0.6160"
"80.9560","0.2199","0.6160"
"80.9760","0.2199","0.6160"
"80.9960","0.2199","0.6160"
"81.0160","0.2199","0.6160"
"81.0360","0.2199","0.6160"
"81.0560","0.2199","0.6160"
"81.0760","0.2199","0.6160"
"81.0960","0.2199","0.6159"
"81.1160","0.2199","0.6159"
"81.1360","0.2199","0.6159"
"81.1560","0.2199","0.6159"
"81.1760","0.2199","0.6159"
"81.1960","0.2199","0.6159"
"81.2160","0.2199","0.6159"
"81.2360","0.2199","0.6159"
"81.2560","0.2199","0.6159"
"81.2760","0.2199","0.6158"
"81.2960","0.2199","0.6159"
"81.3160","0.2199","0.6158"
"81.3360","0.2199","0.6158"
"81.3560","0.2199","0.6158"
"81.3760","0.2199","0.6158"
"81.3960","0.2199","0.6157"
"81.4160","0.2199","0.6157"
"81.4360","0.2199","0.6156"
"81.4560","0.2199","0.6157"
"81.4760","0.2199","0.6157"
"81.4960","0.2199","0.6157"
"81.5160","0.2199","0.6156"
"81.5360","0.2199","0.6156"
"81.5560","0.2199","0.6155"
"81.5760","0.2199","0.6156"
"81.5960","0.2199","0.6156"
"81.6160","0.2199","0.6156"
"81.6360","0.2199","0.6157"
"81.6560","0.2199","0.6157"
"81.6760","0.2199","0.6157"
"81.6960","0.2199","0.6156"
"81.7160","0.2199","0.6156"
"81.7360","0.2199","0.6155"
"81.7560","0.2199","0.6155"
"81.7760","0.2199","0.6155"
"81.7960","0.2199","0.6155"
"81.8160","0.2199","0.6155"
"81.8360","0.2199","0.6156"
"81.8560","0.2199","0.6155"
"81.8760","0.2199","0.6154"
"81.8960","0.2199","0.6155"
"81.9160","0.2199","0.6155"
"81.9360","0.2199","0.6154"
"81.9560","0.2199","0.6154"
"81.9760","0.2199","0.6155"
"81.9960","0.2199","0.6155"
"82.0160","0.2199","0.6155"
"82.0360","0.2199","0.6154"
"82.0560","0.2199","0.6153"
"82.0760","0.2199","0.6153"
"82.0960","0.2199","0.6154"
"82.1160","0.2199","0.6154"
"82.1360","0.2199","0.6153"
"82.1560","0.2199","0.6152"
"82.1760","0.2199","0.6151"
"82.1960","0.2199","0.6152"
"82.2160","0.2199","0.6152"
"82.2360","0.2199","0.6152"
"82.2560","0.2199","0.6153"
"82.2760","0.2199","0.6153"
"82.2960","0.2199","0.6153"
"82.3160","0.2199","0.6152"
"82.3360","0.2199","0.6151"
"82.3560","0.2199","0.6150"
"82.3760","0.2199","0.6151"
"82.3960","0.2199","0.6151"
"82.4160","0.2199","0.6151"
"82.4360","0.2199","0.6151"
"82.4560","0.2199","0.6151"
"82.4760","0.2199","0.6151"
"82.4960","0.2199","0.6151"
"82.5160","0.2199","0.6152"
"82.5360","0.2199","0.6152"
"82.5560","0.2199","0.6151"
"82.5760","0.2199","0.6151"
"82.5960","0.2199","0.6149"
"82.6160","0.2199","0.6149"
"82.6360","0.2199","0.6149"
"82.6560","0.2199","0.6149"
"82.6760","0.2199","0.6150"
"82.6960","0.2199","0.6149"
"82.7160","0.2199","0.6149"
"82.7360","0.2199","0.6149"
"82.7560","0.2199","0.6149"
"82.7760","0.2199","0.6148"
"82.7960","0.2199","0.6149"
"82.8160","0.2199","0.6148"
"82.8360","0.2199","0.6149"
"82.8560","0.2199","0.6148"
"82.8760","0.2199","0.6147"
"82.8960","0.2199","0.6148"
"82.9160","0.2199","0.6149"
"82.9360","0.2199","0.6149"
"82.9560","0.2199","0.6148"
"82.9760","0.2199","0.6147"
"82.9960","0.2199","0.6148"
"83.0160","0.2199","0.6148"
"83.0360","0.2199","0.6148"
"83.0560","0.2199","0.6148"
"83.0760","0.2199","0.6147"
"83.0960","0.2199","0.6147"
"83.1160","0.2199","0.6146"
"83.1360","0.2199","0.6147"
"83.1560","0.2199","0.6147"
"83.1760","0.2199","0.6147"
"83.1960","0.2199","0.6146"
"83.2160","0.2199","0.6146"
"83.2360","0.2199","0.6146"
"83.2560","0.2199","0.6146"
"83.2760","0.2199","0.6146"
"83.2960","0.2199","0.6146"
"83.3160","0.2199","0.6146"
"83.3360","0.2199","0.6145"
"83.3560","0.2199","0.6146"
"83.3760","0.2199","0.6146"
"83.3960","0.2199","0.6146"
"83.4160","0.2199","0.6146"
"83.4360","0.2199","0.6145"
"83.4560","0.2199","0.6144"
"83.4760","0.2199","0.6144"
"83.4960","0.2199","0.6144"
"83.5160","0.2199","0.6144"
"83.5360","0.2199","0.6145"
"83.5560","0.2199","0.6145"
"83.5760","0.2199","0.6144"
"83.5960","0.2199","0.6144"
"83.6160","0.2199","0.6144"
"83.6360","0.2199","0.6144"
"83.6560","0.2199","0.6144"
"83.6760","0.2199","0.6144"
"83.6960","0.2199","0.6143"
"83.7160","0.2199","0.6143"
"83.7360","0.2199","0.6143"
"83.7560","0.2199","0.6144"
"83.7760","0.2199","0.6144"
"83.7960","0.2199","0.6143"
"83.8160","0.2199","0.6142"
"83.8360","0.2199","0.6142"
"83.8560","0.2199","0.6142"
"83.8760","0.2199","0.6142"
"83.8960","0.2199","0.6143"
"83.9160","0.2199","0.6143"
"83.9360","0.2199","0.6142"
"83.9560","0.2199","0.6142"
"83.9760","0.2199","0.6142"
"83.9960","0.2199","0.6142"
"84.0160","0.2199","0.6141"
"84.0360","0.2199","0.6142"
"84.0560","0.2199","0.6141"
"84.0760","0.2199","0.6141"
"84.0960","0.2199","0.6141"
"84.1160","0.2199","0.6140"
"84.1360","0.2199","0.6140"
"84.1560","0.2199","0.6140"
"84.1760","0.2199","0.6140"
"84.1960","0.2199","0.6141"
"84.2160","0.2199","0.6140"
"84.2360","0.2199","0.6141"
"84.2560","0.2199","0.6139"
"84.2760","0.2199","0.6139"
"84.2960","0.2199","0.6140"
"84.3160","0.2199","0.6139"
"84.3360","0.2199","0.6139"
"84.3560","0.2199","0.6138"
"84.3760","0.2199","0.6138"
"84.3960","0.2199","0.6139"
"84.4160","0.2199","0.6139"
"84.4360","0.2199","0.6138"
"84.4560","0.2199","0.6139"
"84.4760","0.2199","0.6139"
"84.4960","0.2199","0.6139"
"84.5160","0.2199","0.6138"
"84.5360","0.2199","0.6137"
"84.5560","0.2199","0.6137"
"84.5760","0.2199","0.6137"
"84.5960","0.2199","0.6137"
"84.6160","0.2199","0.6137"
"84.6360","0.2199","0.6137"
"84.6560","0.2199","0.6138"
"84.6760","0.2199","0.6138"
"84.6960","0.2199","0.6138"
"84.7160","0.2199","0.6137"
"84.7360","0.2199","0.6136"
"84.7560","0.2199","0.6136"
"84.7760","0.2199","0.6135"
"84.7960","0.2199","0.6136"
"84.8160","0.2199","0.6135"
"84.8360","0.2199","0.6135"
"84.8560","0.2199","0.6136"
"84.8760","0.2199","0.6137"
"84.8960","0.2199","0.6136"
"84.9160","0.2199","0.6136"
"84.9360","0.2199","0.6136"
"84.9560","0.2199","0.6136"
"84.9760","0.2199","0.6136"
"84.9960","0.2199","0.6135"
"85.0160","0.2199","0.6134"
"85.0360","0.2199","0.6135"
"85.0560","0.2199","0.6135"
"85.0760","0.2199","0.6135"
"85.0960","0.2199","0.6134"
"85.1160","0.2199","0.6135"
"85.1360","0.2199","0.6135"
"85.1560","0.2199","0.6135"
"85.1760","0.2199","0.6134"
"85.1960","0.2199","0.6134"
"85.2160","0.2199","0.6134"
"85.2360","0.2199","0.6134"
"85.2560","0.2199","0.6134"
"85.2760","0.2199","0.6134"
"85.2960","0.2199","0.6133"
"85.3160","0.2199","0.6133"
"85.3360","0.2199","0.6133"
"85.3560","0.2199","0.6132"
"85.3760","0.2199","0.6131"
"85.3960","0.2199","0.6131"
"85.4160","0.2199","0.6132"
"85.4360","0.2199","0.6132"
"85.4560","0.2199","0.6132"
"85.4760","0.2199","0.6132"
"85.4960","0.2199","0.6132"
"85.5160","0.2199","0.6131"
"85.5360","0.2199","0.6131"
"85.5560","0.2199","0.6132"
"85.5760","0.2199","0.6131"
"85.5960","0.2199","0.6131"
"85.6160","0.2199","0.6131"
"85.6360","0.2199","0.6131"
"85.6560","0.2199","0.6130"
"85.6760","0.2199","0.6131"
"85.6960","0.2199","0.6131"
"85.7160","0.2199","0.6131"
"85.7360","0.2199","0.6131"
"85.7560","0.2199","0.6131"
"85.7760","0.2199","0.6130"
"85.7960","0.2199","0.6129"
"85.8160","0.2199","0.6130"
"85.8360","0.2199","0.6130"
"85.8560","0.2199","0.6130"
"85.8760","0.2199","0.6130"
"85.8960","0.2199","0.6130"
"85.9160","0.2199","0.6129"
"85.9360","0.2199","0.6129"
"85.9560","0.2199","0.6128"
"85.9760","0.2199","0.6128"
"85.9960","0.2199","0.6129"
"86.0160","0.2199","0.6128"
"86.0360","0.2199","0.6128"
"86.0560","0.2199","0.6128"
"86.0760","0.2199","0.6128"
"86.0960","0.2199","0.6128"
"86.1160","0.2199","0.6129"
"86.1360","0.2199","0.6129"
"86.1560","0.2199","0.6128"
"86.1760","0.2199","0.6128"
"86.1960","0.2199","0.6127"
"86.2160","0.2199","0.6127"
"86.2360","0.2199","0.6127"
"86.2560","0.2199","0.6127"
"86.2760","0.2199","0.6126"
"86.2960","0.2199","0.6126"
"86.3160","0.2199","0.6126"
"86.3360","0.2199","0.6126"
"86.3560","0.2199","0.6126"
"86.3760","0.2199","0.6125"
"86.3960","0.2199","0.6125"
"86.4160","0.2199","0.6127"
"86.4360","0.2199","0.6127"
"86.4560","0.2199","0.6127"
"86.4760","0.2199","0.6125"
"86.4960","0.2199","0.6126"
"86.5160","0.2199","0.6126"
"86.5360","0.2199","0.6126"
"86.5560","0.2199","0.6126"
"86.5760","0.2199","0.6126"
"86.5960","0.2199","0.6126"
"86.6160","0.2199","0.6125"
"86.6360","0.2199","0.6126"
"86.6560","0.2199","0.6125"
"86.6760","0.2199","0.6124"
"86.6960","0.2199","0.6124"
"86.7160","0.2199","0.6124"
"86.7360","0.2199","0.6124"
"86.7560","0.2199","0.6125"
"86.7760","0.2199","0.6125"
"86.7960","0.2199","0.6124"
"86.8160","0.2199","0.6125"
"86.8360","0.2199","0.6124"
"86.8560","0.2199","0.6123"
"86.8760","0.2199","0.6122"
"86.8960","0.2199","0.6122"
"86.9160","0.2199","0.6122"
"86.9360","0.2199","0.6124"
"86.9560","0.2199","0.6124"
"86.9760","0.2199","0.6123"
"86.9960","0.2199","0.6123"
"87.0160","0.2199","0.6124"
"87.0360","0.2199","0.6123"
"87.0560","0.2199","0.6123"
"87.0760","0.2199","0.6122"
"87.0960","0.2199","0.6123"
"87.1160","0.2199","0.6122"
"87.1360","0.2199","0.6122"
"87.1560","0.2199","0.6122"
"87.1760","0.2199","0.6122"
"87.1960","0.2199","0.6123"
"87.2160","0.2199","0.6122"
"87.2360","0.2199","0.6121"
"87.2560","0.2199","0.6121"
"87.2760","0.2199","0.6121"
"87.2960","0.2199","0.6122"
"87.3160","0.2199","0.6122"
"87.3360","0.2199","0.6122"
"87.3560","0.2199","0.6121"
"87.3760","0.2199","0.6121"
"87.3960","0.2199","0.6120"
"87.4160","0.2199","0.6120"
"87.4360","0.2199","0.6120"
"87.4560","0.2199","0.6119"
"87.4760","0.2199","0.6119"
"87.4960","0.2199","0.6119"
"87.5160","0.2199","0.6121"
"87.5360","0.2199","0.6121"
"87.5560","0.2199","0.6120"
"87.5760","0.2199","0.6120"
"87.5960","0.2199","0.6120"
"87.6160","0.2199","0.6119"
"87.6360","0.2199","0.6120"
"87.6560","0.2199","0.6119"
"87.6760","0.2199","0.6118"
"87.6960","0.2199","0.6118"
"87.7160","0.2199","0.6119"
"87.7360","0.2199","0.6119"
"87.7560","0.2199","0.6119"
"87.7760","0.2199","0.6118"
"87.7960","0.2199","0.6118"
"87.8160","0.2199","0.6117"
"87.8360","0.2199","0.6118"
"87.8560","0.2199","0.6118"
"87.8760","0.2199","0.6118"
"87.8960","0.2199","0.6118"
"87.9160","0.2199","0.6117"
"87.9360","0.2199","0.6116"
"87.9560","0.2199","0.6117"
"87.9760","0.2199","0.6117"
"87.9960","0.2199","0.6117"
"88.0160","0.2199","0.6117"
"88.0360","0.2199","0.6117"
"88.0560","0.2199","0.6117"
"88.0760","0.2199","0.6116"
"88.0960","0.2199","0.6116"
"88.1160","0.2199","0.6116"
"88.1360","0.2199","0.6116"
"88.1560","0.2199","0.6116"
"88.1760","0.2199","0.6116"
"88.1960","0.2199","0.6115"
"88.2160","0.2199","0.6116"
"88.2360","0.2199","0.6116"
"88.2560","0.2199","0.6115"
"88.2760","0.2199","0.6116"
"88.2960","0.2199","0.6116"
"88.3160","0.2199","0.6115"
"88.3360","0.2199","0.6115"
"88.3560","0.2199","0.6115"
"88.3760","0.2199","0.6114"
"88.3960","0.2199","0.6114"
"88.4160","0.2199","0.6114"
"88.4360","0.2199","0.6115"
"88.4560","0.2199","0.6116"
"88.4760","0.2199","0.6115"
"88.4960","0.2199","0.6114"
"88.5160","0.2199","0.6114"
"88.5360","0.2199","0.6113"
"88.5560","0.2199","0.6113"
"88.5760","0.2199","0.6114"
"88.5960","0.2199","0.6113"
"88.6160","0.2199","0.6113"
"88.6360","0.2199","0.6113"
"88.6560","0.2199","0.6113"
"88.6760","0.2199","0.6113"
"88.6960","0.2199","0.6113"
"88.7160","0.2199","0.6113"
"88.7360","0.2199","0.6113"
"88.7560","0.2199","0.6113"
"88.7760","0.2199","0.6113"
"88.7960","0.2199","0.6113"
"88.8160","0.2199","0.6112"
"88.8360","0.2199","0.6112"
"88.8560","0.2199","0.6112"
"88.8760","0.2199","0.6112"
"88.8960","0.2199","0.6112"
"88.9160","0.2199","0.6112"
"88.9360","0.2199","0.6111"
"88.9560","0.2199","0.6111"
"88.9760","0.2199","0.6111"
"88.9960","0.2199","0.6111"
"89.0160","0.2199","0.6111"
"89.0360","0.2199","0.6111"
"89.0560","0.2199","0.6111"
"89.0760","0.2199","0.6111"
"89.0960","0.2199","0.6110"
"89.1160","0.2199","0.6110"
"89.1360","0.2199","0.6111"
"89.1560","0.2199","0.6111"
"89.1760","0.2199","0.6110"
"89.1960","0.2199","0.6109"
"89.2160","0.2199","0.6109"
"89.2360","0.2199","0.6109"
"89.2560","0.2199","0.6109"
"89.2760","0.2199","0.6109"
"89.2960","0.2199","0.6109"
"89.3160","0.2199","0.6110"
"89.3360","0.2199","0.6109"
"89.3560","0.2199","0.6109"
"89.3760","0.2199","0.6109"
"89.3960","0.2199","0.6109"
"89.4160","0.2199","0.6109"
"89.4360","0.2199","0.6109"
"89.4560","0.2199","0.6109"
"89.4760","0.2199","0.6109"
"89.4960","0.2199","0.6109"
"89.5160","0.2199","0.6108"
"89.5360","0.2199","0.6109"
"89.5560","0.2199","0.6108"
"89.5760","0.2199","0.6108"
"89.5960","0.2199","0.6108"
"89.6160","0.2199","0.6107"
"89.6360","0.2199","0.6107"
"89.6560","0.2199","0.6108"
"89.6760","0.2199","0.6107"
"89.6960","0.2199","0.6108"
"89.7160","0.2199","0.6108"
"89.7360","0.2199","0.6107"
"89.7560","0.2199","0.6107"
"89.7760","0.2199","0.6107"
"89.7960","0.2199","0.6106"
"89.8160","0.2199","0.6106"
"89.8360","0.2199","0.6106"
"89.8560","0.2199","0.6106"
"89.8760","0.2199","0.6106"
"89.8960","0.2199","0.6107"
"89.9160","0.2199","0.6107"
"89.9360","0.2199","0.6107"
"89.9560","0.2199","0.6106"
"89.9760","0.2199","0.6105"
"89.9960","0.2199","0.6105"
"90.0160","0.2199","0.6105"
"90.0360","0.2199","0.6105"
"90.0560","0.2199","0.6105"
"90.0760","0.2199","0.6105"
"90.0960","0.2199","0.6105"
"90.1160","0.2199","0.6105"
"90.1360","0.2199","0.6104"
"90.1560","0.2199","0.6105"
"90.1760","0.2199","0.6105"
"90.1960","0.2199","0.6104"
"90.2160","0.2199","0.6104"
"90.2360","0.2199","0.6104"
"90.2560","0.2199","0.6103"
"90.2760","0.2199","0.6103"
"90.2960","0.2199","0.6104"
"90.3160","0.2199","0.6104"
"90.3360","0.2199","0.6103"
"90.3560","0.2199","0.6103"
"90.3760","0.2199","0.6103"
"90.3960","0.2199","0.6103"
"90.4160","0.2199","0.6103"
"90.4360","0.2199","0.6104"
"90.4560","0.2199","0.6103"
"90.4760","0.2199","0.6103"
"90.4960","0.2199","0.6104"
"90.5160","0.2199","0.6103"
"90.5360","0.2199","0.6103"
"90.5560","0.2199","0.6103"
"90.5760","0.2199","0.6103"
"90.5960","0.2199","0.6102"
"90.6160","0.2199","0.6102"
"90.6360","0.2199","0.6101"
"90.6560","0.2199","0.6101"
"90.6760","0.2199","0.6101"
"90.6960","0.2199","0.6102"
"90.7160","0.2199","0.6102"
"90.7360","0.2199","0.6102"
"90.7560","0.2199","0.6102"
"90.7760","0.2199","0.6101"
"90.7960","0.2199","0.6101"
"90.8160","0.2199","0.6101"
"90.8360","0.2199","0.6101"
"90.8560","0.2199","0.6101"
"90.8760","0.2199","0.6101"
"90.8960","0.2199","0.6101"
"90.9160","0.2199","0.6101"
"90.9360","0.2199","0.6100"
"90.9560","0.2199","0.6100"
"90.9760","0.2199","0.6100"
"90.9960","0.2199","0.6100"
"91.0160","0.2199","0.6100"
"91.0360","0.2199","0.6100"
"91.0560","0.2199","0.6099"
"91.0760","0.2199","0.6099"
"91.0960","0.2199","0.6100"
"91.1160","0.2199","0.6100"
"91.1360","0.2199","0.6099"
"91.1560","0.2199","0.6099"
"91.1760","0.2199","0.6099"
"91.1960","0.2199","0.6099"
"91.2160","0.2199","0.6098"
"91.2360","0.2199","0.6098"
"91.2560","0.2199","0.6098"
"91.2760","0.2199","0.6098"
"91.2960","0.2199","0.6099"
"91.3160","0.2199","0.6098"
"91.3360","0.2199","0.6098"
"91.3560","0.2199","0.6098"
"91.3760","0.2199","0.6098"
"91.3960","0.2199","0.6098"
"91.4160","0.2199","0.6099"
"91.4360","0.2199","0.6099"
"91.4560","0.2199","0.6098"
"91.4760","0.2199","0.6097"
"91.4960","0.2199","0.6097"
"91.5160","0.2199","0.6097"
"91.5360","0.2199","0.6096"
"91.5560","0.2199","0.6097"
"91.5760","0.2199","0.6097"
"91.5960","0.2199","0.6096"
"91.6160","0.2199","0.6097"
"91.6360","0.2199","0.6097"
"91.6560","0.2199","0.6096"
"91.6760","0.2199","0.6096"
"91.6960","0.2199","0.6096"
"91.7160","0.2199","0.6096"
"91.7360","0.2199","0.6096"
"91.7560","0.2199","0.6096"
"91.7760","0.2199","0.6095"
"91.7960","0.2199","0.6095"
"91.8160","0.2199","0.6095"
"91.8360","0.2199","0.6095"
"91.8560","0.2199","0.6096"
"91.8760","0.2199","0.6095"
"91.8960","0.2199","0.6096"
"91.9160","0.2199","0.6095"
"91.9360","0.2199","0.6095"
"91.9560","0.2199","0.6094"
"91.9760","0.2199","0.6094"
"91.9960","0.2199","0.6094"
"92.0160","0.2199","0.6094"
"92.0360","0.2199","0.6094"
"92.0560","0.2199","0.6094"
"92.0760","0.2199","0.6094"
"92.0960","0.2199","0.6094"
"92.1160","0.2199","0.6094"
"92.1360","0.2199","0.6095"
"92.1560","0.2199","0.6095"
"92.1760","0.2199","0.6094"
"92.1960","0.2199","0.6093"
"92.2160","0.2199","0.6094"
"92.2360","0.2199","0.6093"
"92.2560","0.2199","0.6092"
"92.2760","0.2199","0.6092"
"92.2960","0.2199","0.6092"
"92.3160","0.2199","0.6093"
"92.3360","0.2199","0.6092"
"92.3560","0.2199","0.6092"
"92.3760","0.2199","0.6092"
"92.3960","0.2199","0.6093"
"92.4160","0.2199","0.6093"
"92.4360","0.2199","0.6093"
"92.4560","0.2199","0.6092"
"92.4760","0.2199","0.6092"
"92.4960","0.2199","0.6092"
"92.5160","0.2199","0.6092"
"92.5360","0.2199","0.6091"
"92.5560","0.2199","0.6091"
"92.5760","0.2199","0.6091"
"92.5960","0.2199","0.6091"
"92.6160","0.2199","0.6091"
"92.6360","0.2199","0.6091"
"92.6560","0.2199","0.6090"
"92.6760","0.2199","0.6091"
"92.6960","0.2199","0.6091"
"92.7160","0.2199","0.6090"
"92.7360","0.2199","0.6091"
"92.7560","0.2199","0.6091"
"92.7760","0.2199","0.6091"
"92.7960","0.2199","0.6091"
"92.8160","0.2199","0.6091"
"92.8360","0.2199","0.6090"
"92.8560","0.2199","0.6090"
"92.8760","0.2199","0.6089"
"92.8960","0.2199","0.6089"
"92.9160","0.2199","0.6090"
"92.9360","0.2199","0.6090"
"92.9560","0.2199","0.6089"
"92.9760","0.2199","0.6089"
"92.9960","0.2199","0.6089"
"93.0160","0.2199","0.6089"
"93.0360","0.2199","0.6090"
"93.0560","0.2199","0.6089"
"93.0760","0.2199","0.6089"
"93.0960","0.2199","0.6089"
"93.1160","0.2199","0.6088"
"93.1360","0.2199","0.6089"
"93.1560","0.2199","0.6089"
"93.1760","0.2199","0.6088"
"93.1960","0.2199","0.6088"
"93.2160","0.2199","0.6088"
"93.2360","0.2199","0.6087"
"93.2560","0.2199","0.6088"
"93.2760","0.2199","0.6088"
"93.2960","0.2199","0.6088"
"93.3160","0.2199","0.6088"
"93.3360","0.2199","0.6088"
"93.3560","0.2199","0.6088"
"93.3760","0.2199","0.6088"
"93.3960","0.2199","0.6087"
"93.4160","0.2199","0.6087"
"93.4360","0.2199","0.6086"
"93.4560","0.2199","0.6085"
"93.4760","0.2199","0.6086"
"93.4960","0.2199","0.6087"
"93.5160","0.2199","0.6087"
"93.5360","0.2199","0.6087"
"93.5560","0.2199","0.6087"
"93.5760","0.2199","0.6087"
"93.5960","0.2199","0.6086"
"93.6160","0.2199","0.6086"
"93.6360","0.2199","0.6086"
"93.6560","0.2199","0.6086"
"93.6760","0.2199","0.6086"
"93.6960","0.2199","0.6086"
"93.7160","0.2199","0.6085"
"93.7360","0.2199","0.6085"
"93.7560","0.2199","0.6085"
"93.7760","0.2199","0.6085"
"93.7960","0.2199","0.6085"
"93.8160","0.2199","0.6084"
"93.8360","0.2199","0.6083"
"93.8560","0.2199","0.6084"
"93.8760","0.2199","0.6084"
"93.8960","0.2199","0.6084"
"93.9160","0.2199","0.6084"
"93.9360","0.2199","0.6084"
"93.9560","0.2199","0.6084"
"93.9760","0.2199","0.6084"
"93.9960","0.2199","0.6083"
"94.0160","0.2199","0.6083"
"94.0360","0.2199","0.6083"
"94.0560","0.2199","0.6083"
"94.0760","0.2199","0.6083"
"94.0960","0.2199","0.6083"
"94.1160","0.2199","0.6084"
"94.1360","0.2199","0.6084"
"94.1560","0.2199","0.6083"
"94.1760","0.2199","0.6082"
"94.1960","0.2199","0.6083"
"94.2160","0.2199","0.6083"
"94.2360","0.2199","0.6083"
"94.2560","0.2199","0.6083"
"94.2760","0.2199","0.6083"
"94.2960","0.2199","0.6082"
"94.3160","0.2199","0.6081"
"94.3360","0.2199","0.6081"
"94.3560","0.2199","0.6081"
"94.3760","0.2199","0.6081"
"94.3960","0.2199","0.6082"
"94.4160","0.2199","0.6082"
"94.4360","0.2199","0.6081"
"94.4560","0.2199","0.6081"
"94.4760","0.2199","0.6081"
"94.4960","0.2199","0.6081"
"94.5160","0.2199","0.6081"
"94.5360","0.2199","0.6081"
"94.5560","0.2199","0.6080"
"94.5760","0.2199","0.6080"
"94.5960","0.2199","0.6081"
"94.6160","0.2199","0.6081"
"94.6360","0.2199","0.6080"
"94.6560","0.2199","0.6080"
"94.6760","0.2199","0.6080"
"94.6960","0.2199","0.6080"
"94.7160","0.2199","0.6080"
"94.7360","0.2199","0.6080"
"94.7560","0.2199","0.6080"
"94.7760","0.2199","0.6080"
"94.7960","0.2199","0.6079"
"94.8160","0.2199","0.6080"
"94.8360","0.2199","0.6079"
"94.8560","0.2199","0.6079"
"94.8760","0.2199","0.6079"
"94.8960","0.2199","0.6078"
"94.9160","0.2199","0.6079"
"94.9360","0.2199","0.6079"
"94.9560","0.2199","0.6079"
"94.9760","0.2199","0.6078"
"94.9960","0.2199","0.6078"
"95.0160","0.2199","0.6079"
"95.0360","0.2199","0.6079"
"95.0560","0.2199","0.6079"
"95.0760","0.2199","0.6079"
"95.0960","0.2199","0.6078"
"95.1160","0.2199","0.6078"
"95.1360","0.2199","0.6077"
"95.1560","0.2199","0.6077"
"95.1760","0.2199","0.6077"
"95.1960","0.2199","0.6077"
"95.2160","0.2199","0.6077"
"95.2360","0.2199","0.6077"
"95.2560","0.2199","0.6077"
"95.2760","0.2199","0.6077"
"95.2960","0.2199","0.6076"
"95.3160","0.2199","0.6077"
"95.3360","0.2199","0.6077"
"95.3560","0.2199","0.6076"
"95.3760","0.2199","0.6076"
"95.3960","0.2199","0.6077"
"95.4160","0.2199","0.6077"
"95.4360","0.2199","0.6077"
"95.4560","0.2199","0.6076"
"95.4760","0.2199","0.6075"
"95.4960","0.2199","0.6075"
"95.5160","0.2199","0.6076"
"95.5360","0.2199","0.6076"
"95.5560","0.2199","0.6076"
"95.5760","0.2199","0.6075"
"95.5960","0.2199","0.6075"
"95.6160","0.2199","0.6076"
"95.6360","0.2199","0.6075"
"95.6560","0.2199","0.6075"
"95.6760","0.2199","0.6075"
"95.6960","0.2199","0.6075"
"95.7160","0.2199","0.6075"
"95.7360","0.2199","0.6075"
"95.7560","0.2199","0.6074"
"95.7760","0.2199","0.6074"
"95.7960","0.2199","0.6074"
"95.8160","0.2199","0.6074"
"95.8360","0.2199","0.6074"
"95.8560","0.2199","0.6075"
"95.8760","0.2199","0.6074"
"95.8960","0.2199","0.6074"
"95.9160","0.2199","0.6074"
"95.9360","0.2199","0.6073"
"95.9560","0.2199","0.6073"
"95.9760","0.2199","0.6072"
"95.9960","0.2199","0.6073"
"96.0160","0.2199","0.6074"
"96.0360","0.2199","0.6073"
"96.0560","0.2199","0.6073"
"96.0760","0.2199","0.6072"
"96.0960","0.2199","0.6072"
"96.1160","0.2199","0.6072"
"96.1360","0.2199","0.6073"
"96.1560","0.2199","0.6074"
"96.1760","0.2199","0.6073"
"96.1960","0.2199","0.6072"
"96.2160","0.2199","0.6072"
"96.2360","0.2199","0.6072"
"96.2560","0.2199","0.6072"
"96.2760","0.2199","0.6072"
"96.2960","0.2199","0.6072"
"96.3160","0.2199","0.6071"
"96.3360","0.2199","0.6071"
"96.3560","0.2199","0.6071"
"96.3760","0.2199","0.6071"
"96.3960","0.2199","0.6071"
"96.4160","0.2199","0.6071"
"96.4360","0.2199","0.6071"
"96.4560","0.2199","0.6071"
"96.4760","0.2199","0.6071"
"96.4960","0.2199","0.6071"
"96.5160","0.2199","0.6072"
"96.5360","0.2199","0.6072"
"96.5560","0.2199","0.6070"
"96.5760","0.2199","0.6070"
"96.5960","0.2199","0.6070"
"96.6160","0.2199","0.6070"
"96.6360","0.2199","0.6070"
"96.6560","0.2199","0.6070"
"96.6760","0.2199","0.6070"
"96.6960","0.2199","0.6070"
"96.7160","0.2199","0.6070"
"96.7360","0.2199","0.6070"
"96.7560","0.2199","0.6070"
"96.7760","0.2199","0.6070"
"96.7960","0.2199","0.6070"
"96.8160","0.2199","0.6069"
"96.8360","0.2199","0.6070"
"96.8560","0.2199","0.6069"
"96.8760","0.2199","0.6069"
"96.8960","0.2199","0.6069"
"96.9160","0.2199","0.6068"
"96.9360","0.2199","0.6068"
"96.9560","0.2199","0.6068"
"96.9760","0.2199","0.6068"
"96.9960","0.2199","0.6068"
"97.0160","0.2199","0.6068"
"97.0360","0.2199","0.6068"
"97.0560","0.2199","0.6068"
"97.0760","0.2199","0.6068"
"97.0960","0.2199","0.6068"
"97.1160","0.2199","0.6067"
"97.1360","0.2199","0.6067"
"97.1560","0.2199","0.6067"
"97.1760","0.2199","0.6067"
"97.1960","0.2199","0.6067"
"97.2160","0.2199","0.6067"
"97.2360","0.2199","0.6068"
"97.2560","0.2199","0.6067"
"97.2760","0.2199","0.6066"
"97.2960","0.2199","0.6067"
"97.3160","0.2199","0.6066"
"97.3360","0.2199","0.6066"
"97.3560","0.2199","0.6067"
"97.3760","0.2199","0.6066"
"97.3960","0.2199","0.6065"
"97.4160","0.2199","0.6066"
"97.4360","0.2199","0.6066"
"97.4560","0.2199","0.6066"
"97.4760","0.2199","0.6066"
"97.4960","0.2199","0.6065"
"97.5160","0.2199","0.6064"
"97.5360","0.2199","0.6065"
"97.5560","0.2199","0.6066"
"97.5760","0.2199","0.6065"
"97.5960","0.2199","0.6064"
"97.6160","0.2199","0.6064"
"97.6360","0.2199","0.6064"
"97.6560","0.2199","0.6065"
"97.6760","0.2199","0.6065"
"97.6960","0.2199","0.6065"
"97.7160","0.2199","0.6064"
"97.7360","0.2199","0.6063"
"97.7560","0.2199","0.6063"
"97.7760","0.2199","0.6063"
"97.7960","0.2199","0.6063"
"97.8160","0.2199","0.6063"
"97.8360","0.2199","0.6064"
"97.8560","0.2199","0.6063"
"97.8760","0.2199","0.6064"
"97.8960","0.2199","0.6064"
"97.9160","0.2199","0.6063"
"97.9360","0.2199","0.6063"
"97.9560","0.2199","0.6063"
"97.9760","0.2199","0.6063"
"97.9960","0.2199","0.6063"
"98.0160","0.2199","0.6063"
"98.0360","0.2199","0.6063"
"98.0560","0.2199","0.6063"
"98.0760","0.2199","0.6063"
"98.0960","0.2199","0.6063"
"98.1160","0.2199","0.6062"
"98.1360","0.2199","0.6062"
"98.1560","0.2199","0.6062"
"98.1760","0.2199","0.6062"
"98.1960","0.2199","0.6061"
"98.2160","0.2199","0.6061"
"98.2360","0.2199","0.6062"
"98.2560","0.2199","0.6061"
"98.2760","0.2199","0.6061"
"98.2960","0.2199","0.6062"
"98.3160","0.2199","0.6062"
"98.3360","0.2199","0.6061"
"98.3560","0.2199","0.6061"
"98.3760","0.2199","0.6061"
"98.3960","0.2199","0.6060"
"98.4160","0.2199","0.6060"
"98.4360","0.2199","0.6061"
"98.4560","0.2199","0.6060"
"98.4760","0.2199","0.6060"
"98.4960","0.2199","0.6060"
"98.5160","0.2199","0.6060"
"98.5360","0.2199","0.6059"
"98.5560","0.2199","0.6060"
"98.5760","0.2199","0.6060"
"98.5960","0.2199","0.6060"
"98.6160","0.2199","0.6060"
"98.6360","0.2199","0.6059"
"98.6560","0.2199","0.6059"
"98.6760","0.2199","0.6059"
"98.6960","0.2199","0.6060"
"98.7160","0.2199","0.6060"
"98.7360","0.2199","0.6060"
"98.7560","0.2199","0.6060"
"98.7760","0.2199","0.6059"
"98.7960","0.2199","0.6059"
"98.8160","0.2199","0.6059"
"98.8360","0.2199","0.6059"
"98.8560","0.2199","0.6058"
"98.8760","0.2199","0.6058"
"98.8960","0.2199","0.6058"
"98.9160","0.2199","0.6058"
"98.9360","0.2199","0.6058"
"98.9560","0.2199","0.6057"
"98.9760","0.2199","0.6058"
"98.9960","0.2199","0.6058"
"99.0160","0.2199","0.6058"
"99.0360","0.2199","0.6058"
"99.0560","0.2199","0.6058"
"99.0760","0.2199","0.6057"
"99.0960","0.2199","0.6057"
"99.1160","0.2199","0.6057"
"99.1360","0.2199","0.6057"
"99.1560","0.2199","0.6058"
"99.1760","0.2199","0.6057"
"99.1960","0.2199","0.6057"
"99.2160","0.2199","0.6057"
"99.2360","0.2199","0.6057"
"99.2560","0.2199","0.6057"
"99.2760","0.2199","0.6056"
"99.2960","0.2199","0.6056"
"99.3160","0.2199","0.6056"
"99.3360","0.2199","0.6057"
"99.3560","0.2199","0.6057"
"99.3760","0.2199","0.6056"
"99.3960","0.2199","0.6056"
"99.4160","0.2199","0.6055"
"99.4360","0.2199","0.6055"
"99.4560","0.2199","0.6055"
"99.4760","0.2199","0.6055"
"99.4960","0.2199","0.6055"
"99.5160","0.2199","0.6055"
"99.5360","0.2199","0.6054"
"99.5560","0.2199","0.6055"
"99.5760","0.2199","0.6055"
"99.5960","0.2199","0.6055"
"99.6160","0.2199","0.6055"
"99.6360","0.2199","0.6054"
"99.6560","0.2199","0.6055"
"99.6760","0.2199","0.6055"
"99.6960","0.2199","0.6055"
"99.7160","0.2199","0.6054"
"99.7360","0.2199","0.6054"
"99.7560","0.2199","0.6054"
"99.7760","0.2199","0.6055"
"99.7960","0.2199","0.6055"
"99.8160","0.2199","0.6054"
"99.8360","0.2199","0.6054"
"99.8560","0.2199","0.6053"
"99.8760","0.2199","0.6053"
"99.8960","0.2199","0.6053"
"99.9160","0.2199","0.6053"
"99.9360","0.2199","0.6053"
"99.9560","0.2199","0.6053"
"99.9760","0.2199","0.6053"
"99.9960","0.2199","0.6053"
"100.0160","0.2199","0.6053"
"100.0360","0.2199","0.6053"
"100.0560","0.2199","0.6053"
"100.0760","0.2199","0.6052"
"100.0960","0.2199","0.6052"
"100.1160","0.2199","0.6052"
"100.1360","0.2199","0.6052"
"100.1560","0.2199","0.6053"
"100.1760","0.2199","0.6053"
"100.1960","0.2199","0.6053"
"100.2160","0.2199","0.6052"
"100.2360","0.2199","0.6052"
"100.2560","0.2199","0.6052"
"100.2760","0.2199","0.6051"
"100.2960","0.2199","0.6051"
"100.3160","0.2199","0.6051"
"100.3360","0.2199","0.6052"
"100.3560","0.2199","0.6052"
"100.3760","0.2199","0.6052"
"100.3960","0.2199","0.6051"
"100.4160","0.2199","0.6051"
"100.4360","0.2199","0.6051"
"100.4560","0.2199","0.6051"
"100.4760","0.2199","0.6049"
"100.4960","0.2199","0.6049"
"100.5160","0.2199","0.6050"
"100.5360","0.2199","0.6051"
"100.5560","0.2199","0.6050"
"100.5760","0.2199","0.6050"
"100.5960","0.2199","0.6050"
"100.6160","0.2199","0.6049"
"100.6360","0.2199","0.6050"
"100.6560","0.2199","0.6050"
"100.6760","0.2199","0.6050"
"100.6960","0.2199","0.6050"
"100.7160","0.2199","0.6050"
"100.7360","0.2199","0.6050"
"100.7560","0.2199","0.6049"
"100.7760","0.2199","0.6048"
"100.7960","0.2199","0.6048"
"100.8160","0.2199","0.6049"
"100.8360","0.2199","0.6049"
"100.8560","0.2199","0.6048"
"100.8760","0.2199","0.6048"
"100.8960","0.2199","0.6048"
"100.9160","0.2199","0.6048"
"100.9360","0.2199","0.6049"
"100.9560","0.2199","0.6049"
"100.9760","0.2199","0.6049"
"100.9960","0.2199","0.6048"
"101.0160","0.2199","0.6048"
"101.0360","0.2199","0.6048"
"101.0560","0.2199","0.6047"
"101.0760","0.2199","0.6047"
"101.0960","0.2199","0.6047"
"101.1160","0.2199","0.6048"
"101.1360","0.2199","0.6048"
"101.1560","0.2199","0.6047"
"101.1760","0.2199","0.6047"
"101.1960","0.2199","0.6048"
"101.2160","0.2199","0.6047"
"101.2360","0.2199","0.6047"
"101.2560","0.2199","0.6047"
"101.2760","0.2199","0.6046"
"101.2960","0.2199","0.6046"
"101.3160","0.2199","0.6046"
"101.3360","0.2199","0.6046"
"101.3560","0.2199","0.6047"
"101.3760","0.2199","0.6046"
"101.3960","0.2199","0.6046"
"101.4160","0.2199","0.6045"
"101.4360","0.2199","0.6045"
"101.4560","0.2199","0.6045"
"101.4760","0.2199","0.6045"
"101.4960","0.2199","0.6045"
"101.5160","0.2199","0.6046"
"101.5360","0.2199","0.6046"
"101.5560","0.2199","0.6046"
"101.5760","0.2199","0.6045"
"101.5960","0.2199","0.6045"
"101.6160","0.2199","0.6045"
"101.6360","0.2199","0.6044"
"101.6560","0.2199","0.6044"
"101.6760","0.2199","0.6045"
"101.6960","0.2199","0.6045"
"101.7160","0.2199","0.6045"
"101.7360","0.2199","0.6044"
"101.7560","0.2199","0.6044"
"101.7760","0.2199","0.6044"
"101.7960","0.2199","0.6044"
"101.8160","0.2199","0.6043"
"101.8360","0.2199","0.6043"
"101.8560","0.2199","0.6043"
"101.8760","0.2199","0.6044"
"101.8960","0.2199","0.6044"
"101.9160","0.2199","0.6044"
"101.9360","0.2199","0.6044"
"101.9560","0.2199","0.6044"
"101.9760","0.2199","0.6043"
"101.9960","0.2199","0.6043"
"102.0160","0.2199","0.6043"
"102.0360","0.2199","0.6042"
"102.0560","0.2199","0.6042"
"102.0760","0.2199","0.6042"
"102.0960","0.2199","0.6042"
"102.1160","0.2199","0.6042"
"102.1360","0.2199","0.6042"
"102.1560","0.2199","0.6042"
"102.1760","0.2199","0.6042"
"102.1960","0.2199","0.6042"
"102.2160","0.2199","0.6042"
"102.2360","0.2199","0.6043"
"102.2560","0.2199","0.6042"
"102.2760","0.2199","0.6042"
"102.2960","0.2199","0.6041"
"102.3160","0.2199","0.6042"
"102.3360","0.2199","0.6042"
"102.3560","0.2199","0.6041"
"102.3760","0.2199","0.6041"
"102.3960","0.2199","0.6041"
"102.4160","0.2199","0.6041"
"102.4360","0.2199","0.6041"
"102.4560","0.2199","0.6040"
"102.4760","0.2199","0.6040"
"102.4960","0.2199","0.6040"
"102.5160","0.2199","0.6040"
"102.5360","0.2199","0.6040"
"102.5560","0.2199","0.6040"
"102.5760","0.2199","0.6040"
"102.5960","0.2199","0.6040"
"102.6160","0.2199","0.6040"
"102.6360","0.2199","0.6040"
"102.6560","0.2199","0.6040"
"102.6760","0.2199","0.6040"
"102.6960","0.2199","0.6040"
"102.7160","0.2199","0.6040"
"102.7360","0.2199","0.6040"
"102.7560","0.2199","0.6039"
"102.7760","0.2199","0.6039"
"102.7960","0.2199","0.6039"
"102.8160","0.2199","0.6039"
"102.8360","0.2199","0.6039"
"102.8560","0.2199","0.6038"
"102.8760","0.2199","0.6038"
"102.8960","0.2199","0.6039"
"102.9160","0.2199","0.6039"
"102.9360","0.2199","0.6039"
"102.9560","0.2199","0.6038"
"102.9760","0.2199","0.6038"
"102.9960","0.2199","0.6038"
"103.0160","0.2199","0.6038"
"103.0360","0.2199","0.6038"
"103.0560","0.2199","0.6037"
"103.0760","0.2199","0.6038"
"103.0960","0.2199","0.6039"
"103.1160","0.2199","0.6038"
"103.1360","0.2199","0.6038"
"103.1560","0.2199","0.6038"
"103.1760","0.2199","0.6038"
"103.1960","0.2199","0.6037"
"103.2160","0.2199","0.6037"
"103.2360","0.2199","0.6037"
"103.2560","0.2199","0.6037"
"103.2760","0.2199","0.6036"
"103.2960","0.2199","0.6036"
"103.3160","0.2199","0.6036"
"103.3360","0.2199","0.6036"
"103.3560","0.2199","0.6036"
"103.3760","0.2199","0.6036"
"103.3960","0.2199","0.6036"
"103.4160","0.2199","0.6036"
"103.4360","0.2199","0.6036"
"103.4560","0.2199","0.6036"
"103.4760","0.2199","0.6036"
"103.4960","0.2199","0.6035"
"103.5160","0.2199","0.6034"
"103.5360","0.2199","0.6034"
"103.5560","0.2199","0.6035"
"103.5760","0.2199","0.6036"
"103.5960","0.2199","0.6036"
"103.6160","0.2199","0.6036"
"103.6360","0.2199","0.6036"
"103.6560","0.2199","0.6035"
"103.6760","0.2199","0.6035"
"103.6960","0.2199","0.6035"
"103.7160","0.2199","0.6036"
"103.7360","0.2199","0.6035"
"103.7560","0.2199","0.6035"
"103.7760","0.2199","0.6035"
"103.7960","0.2199","0.6036"
"103.8160","0.2199","0.6035"
"103.8360","0.2199","0.6034"
"103.8560","0.2199","0.6034"
"103.8760","0.2199","0.6034"
"103.8960","0.2199","0.6033"
"103.9160","0.2199","0.6034"
"103.9360","0.2199","0.6034"
"103.9560","0.2199","0.6034"
"103.9760","0.2199","0.6034"
"103.9960","0.2199","0.6035"
"104.0160","0.2199","0.6035"
"104.0360","0.2199","0.6034"
"104.0560","0.2199","0.6033"
"104.0760","0.2199","0.6033"
"104.0960","0.2199","0.6034"
"104.1160","0.2199","0.6034"
"104.1360","0.2199","0.6032"
"104.1560","0.2199","0.6032"
"104.1760","0.2199","0.6032"
"104.1960","0.2199","0.6032"
"104.2160","0.2199","0.6033"
"104.2360","0.2199","0.6033"
"104.2560","0.2199","0.6033"
"104.2760","0.2199","0.6033"
"104.2960","0.2199","0.6032"
"104.3160","0.2199","0.6033"
"104.3360","0.2199","0.6033"
"104.3560","0.2199","0.6033"
"104.3760","0.2199","0.6033"
"104.3960","0.2199","0.6031"
"104.4160","0.2199","0.6031"
"104.4360","0.2199","0.6031"
"104.4560","0.2199","0.6032"
"104.4760","0.2199","0.6032"
"104.4960","0.2199","0.6031"
"104.5160","0.2199","0.6031"
"104.5360","0.2199","0.6031"
"104.5560","0.2199","0.6031"
"104.5760","0.2199","0.6031"
"104.5960","0.2199","0.6031"
"104.6160","0.2199","0.6030"
"104.6360","0.2199","0.6030"
"104.6560","0.2199","0.6031"
"104.6760","0.2199","0.6030"
"104.6960","0.2199","0.6030"
"104.7160","0.2199","0.6029"
"104.7360","0.2199","0.6029"
"104.7560","0.2199","0.6029"
"104.7760","0.2199","0.6030"
"104.7960","0.2199","0.6030"
"104.8160","0.2199","0.6029"
"104.8360","0.2199","0.6030"
"104.8560","0.2199","0.6029"
"104.8760","0.2199","0.6029"
"104.8960","0.2199","0.6029"
"104.9160","0.2199","0.6029"
"104.9360","0.2199","0.6029"
"104.9560","0.2199","0.6029"
"104.9760","0.2199","0.6029"
"104.9960","0.2199","0.6029"
"105.0160","0.2199","0.6029"
"105.0360","0.2199","0.6029"
"105.0560","0.2199","0.6028"
"105.0760","0.2199","0.6029"
"105.0960","0.2199","0.6029"
"105.1160","0.2199","0.6028"
"105.1360","0.2199","0.6028"
"105.1560","0.2199","0.6027"
"105.1760","0.2199","0.6027"
"105.1960","0.2199","0.6028"
"105.2160","0.2199","0.6028"
"105.2360","0.2199","0.6028"
"105.2560","0.2199","0.6028"
"105.2760","0.2199","0.6028"
"105.2960","0.2199","0.6028"
"105.3160","0.2199","0.6026"
"105.3360","0.2199","0.6026"
"105.3560","0.2199","0.6026"
"105.3760","0.2199","0.6026"
"105.3960","0.2199","0.6026"
"105.4160","0.2199","0.6026"
"105.4360","0.2199","0.6026"
"105.4560","0.2199","0.6026"
"105.4760","0.2199","0.6026"
"105.4960","0.2199","0.6027"
"105.5160","0.2199","0.6027"
"105.5360","0.2199","0.6027"
"105.5560","0.2199","0.6027"
"105.5760","0.2199","0.6025"
"105.5960","0.2199","0.6026"
"105.6160","0.2199","0.6025"
"105.6360","0.2199","0.6025"
"105.6560","0.2199","0.6025"
"105.6760","0.2199","0.6025"
"105.6960","0.2199","0.6025"
"105.7160","0.2199","0.6026"
"105.7360","0.2199","0.6025"
"105.7560","0.2199","0.6025"
"105.7760","0.2199","0.6024"
"105.7960","0.2199","0.6024"
"105.8160","0.2199","0.6025"
"105.8360","0.2199","0.6024"
"105.8560","0.2199","0.6024"
"105.8760","0.2199","0.6024"
"105.8960","0.2199","0.6024"
"105.9160","0.2199","0.6023"
"105.9360","0.2199","0.6024"
"105.9560","0.2199","0.6024"
"105.9760","0.2199","0.6024"
"105.9960","0.2199","0.6024"
"106.0160","0.2199","0.6024"
"106.0360","0.2199","0.6024"
"106.0560","0.2199","0.6025"
"106.0760","0.2199","0.6024"
"106.0960","0.2199","0.6023"
"106.1160","0.2199","0.6023"
"106.1360","0.2199","0.6024"
"106.1560","0.2199","0.6023"
"106.1760","0.2199","0.6023"
"106.1960","0.2199","0.6023"
"106.2160","0.2199","0.6023"
"106.2360","0.2199","0.6024"
"106.2560","0.2199","0.6024"
"106.2760","0.2199","0.6023"
"106.2960","0.2199","0.6022"
"106.3160","0.2199","0.6022"
"106.3360","0.2199","0.6022"
"106.3560","0.2199","0.6022"
"106.3760","0.2199","0.6022"
"106.3960","0.2199","0.6023"
"106.4160","0.2199","0.6023"
"106.4360","0.2199","0.6022"
"106.4560","0.2199","0.6023"
"106.4760","0.2199","0.6022"
"106.4960","0.2199","0.6022"
"106.5160","0.2199","0.6022"
"106.5360","0.2199","0.6022"
"106.5560","0.2199","0.6022"
"106.5760","0.2199","0.6021"
"106.5960","0.2199","0.6021"
"106.6160","0.2199","0.6021"
"106.6360","0.2199","0.6021"
"106.6560","0.2199","0.6020"
"106.6760","0.2199","0.6021"
"106.6960","0.2199","0.6022"
"106.7160","0.2199","0.6021"
"106.7360","0.2199","0.6021"
"106.7560","0.2199","0.6021"
"106.7760","0.2199","0.6020"
"106.7960","0.2199","0.6020"
"106.8160","0.2199","0.6020"
"106.8360","0.2199","0.6020"
"106.8560","0.2199","0.6021"
"106.8760","0.2199","0.6020"
"106.8960","0.2199","0.6021"
"106.9160","0.2199","0.6020"
"106.9360","0.2199","0.6021"
"106.9560","0.2199","0.6020"
"106.9760","0.2199","0.6019"
"106.9960","0.2199","0.6019"
"107.0160","0.2199","0.6019"
"107.0360","0.2199","0.6019"
"107.0560","0.2199","0.6018"
"107.0760","0.2199","0.6019"
"107.0960","0.2199","0.6019"
"107.1160","0.2199","0.6019"
"107.1360","0.2199","0.6019"
"107.1560","0.2199","0.6018"
"107.1760","0.2199","0.6018"
"107.1960","0.2199","0.6019"
"107.2160","0.2199","0.6019"
"107.2360","0.2199","0.6019"
"107.2560","0.2199","0.6019"
"107.2760","0.2199","0.6018"
"107.2960","0.2199","0.6018"
"107.3160","0.2199","0.6017"
"107.3360","0.2199","0.6018"
"107.3560","0.2199","0.6018"
"107.3760","0.2199","0.6017"
"107.3960","0.2199","0.6017"
"107.4160","0.2199","0.6018"
"107.4360","0.2199","0.6017"
"107.4560","0.2199","0.6017"
"107.4760","0.2199","0.6017"
"107.4960","0.2199","0.6018"
"107.5160","0.2199","0.6018"
"107.5360","0.2199","0.6017"
"107.5560","0.2199","0.6017"
"107.5760","0.2199","0.6016"
"107.5960","0.2199","0.6016"
"107.6160","0.2199","0.6016"
"107.6360","0.2199","0.6017"
"107.6560","0.2199","0.6017"
"107.6760","0.2199","0.6016"
"107.6960","0.2199","0.6017"
"107.7160","0.2199","0.6017"
"107.7360","0.2199","0.6017"
"107.7560","0.2199","0.6016"
"107.7760","0.2199","0.6015"
"107.7960","0.2199","0.6015"
"107.8160","0.2199","0.6015"
"107.8360","0.2199","0.6015"
"107.8560","0.2199","0.6016"
"107.8760","0.2199","0.6016"
"107.8960","0.2199","0.6016"
"107.9160","0.2199","0.6016"
"107.9360","0.2199","0.6016"
"107.9560","0.2199","0.6016"
"107.9760","0.2199","0.6016"
"107.9960","0.2199","0.6015"
"108.0160","0.2199","0.6014"
"108.0360","0.2199","0.6015"
"108.0560","0.2199","0.6014"
"108.0760","0.2199","0.6015"
"108.0960","0.2199","0.6016"
"108.1160","0.2199","0.6015"
"108.1360","0.2199","0.6014"
"108.1560","0.2199","0.6014"
"108.1760","0.2199","0.6014"
"108.1960","0.2199","0.6014"
"108.2160","0.2199","0.6014"
"108.2360","0.2199","0.6014"
"108.2560","0.2199","0.6014"
"108.2760","0.2199","0.6014"
"108.2960","0.2199","0.6013"
"108.3160","0.2199","0.6013"
"108.3360","0.2199","0.6013"
"108.3560","0.2199","0.6013"
"108.3760","0.2199","0.6013"
"108.3960","0.2199","0.6013"
"108.4160","0.2199","0.6013"
"108.4360","0.2199","0.6013"
"108.4560","0.2199","0.6013"
"108.4760","0.2199","0.6013"
"108.4960","0.2199","0.6014"
"108.5160","0.2199","0.6013"
"108.5360","0.2199","0.6013"
"108.5560","0.2199","0.6012"
"108.5760","0.2199","0.6012"
"108.5960","0.2199","0.6012"
"108.6160","0.2199","0.6012"
"108.6360","0.2199","0.6011"
"108.6560","0.2199","0.6012"
"108.6760","0.2199","0.6012"
"108.6960","0.2199","0.6011"
"108.7160","0.2199","0.6011"
"108.7360","0.2199","0.6011"
"108.7560","0.2199","0.6012"
"108.7760","0.2199","0.6012"
"108.7960","0.2199","0.6011"
"108.8160","0.2199","0.6011"
"108.8360","0.2199","0.6011"
"108.8560","0.2199","0.6011"
"108.8760","0.2199","0.6010"
"108.8960","0.2199","0.6011"
"108.9160","0.2199","0.6011"
"108.9360","0.2199","0.6011"
"108.9560","0.2199","0.6011"
"108.9760","0.2199","0.6011"
"108.9960","0.2199","0.6012"
"109.0160","0.2199","0.6011"
"109.0360","0.2199","0.6011"
"109.0560","0.2199","0.6011"
"109.0760","0.2199","0.6010"
"109.0960","0.2199","0.6011"
"109.1160","0.2199","0.6010"
"109.1360","0.2199","0.6010"
"109.1560","0.2199","0.6010"
"109.1760","0.2199","0.6009"
"109.1960","0.2199","0.6008"
"109.2160","0.2199","0.6008"
"109.2360","0.2199","0.6008"
"109.2560","0.2199","0.6010"
"109.2760","0.2199","0.6010"
"109.2960","0.2199","0.6010"
"109.3160","0.2199","0.6009"
"109.3360","0.2199","0.6009"
"109.3560","0.2199","0.6009"
"109.3760","0.2199","0.6009"
"109.3960","0.2199","0.6009"
"109.4160","0.2199","0.6009"
"109.4360","0.2199","0.6009"
"109.4560","0.2199","0.6009"
"109.4760","0.2199","0.6008"
"109.4960","0.2199","0.6007"
"109.5160","0.2199","0.6008"
"109.5360","0.2199","0.6008"
"109.5560","0.2199","0.6008"
"109.5760","0.2199","0.6007"
"109.5960","0.2199","0.6008"
"109.6160","0.2199","0.6008"
"109.6360","0.2199","0.6009"
"109.6560","0.2199","0.6008"
"109.6760","0.2199","0.6007"
"109.6960","0.2199","0.6007"
"109.7160","0.2199","0.6007"
"109.7360","0.2199","0.6008"
"109.7560","0.2199","0.6008"
"109.7760","0.2199","0.6007"
"109.7960","0.2199","0.6008"
"109.8160","0.2199","0.6007"
"109.8360","0.2199","0.6008"
"109.8560","0.2199","0.6007"
"109.8760","0.2199","0.6006"
"109.8960","0.2199","0.6006"
"109.9160","0.2199","0.6007"
"109.9360","0.2199","0.6007"
"109.9560","0.2199","0.6007"
"109.9760","0.2199","0.6006"
"109.9960","0.2199","0.6005"
"110.0160","0.2199","0.6006"
"110.0360","0.2199","0.6006"
"110.0560","0.2199","0.6007"
"110.0760","0.2199","0.6006"
"110.0960","0.2199","0.6006"
"110.1160","0.2199","0.6006"
"110.1360","0.2199","0.6005"
"110.1560","0.2199","0.6005"
"110.1760","0.2199","0.6005"
"110.1960","0.2199","0.6005"
"110.2160","0.2199","0.6005"
"110.2360","0.2199","0.6005"
"110.2560","0.2199","0.6005"
"110.2760","0.2199","0.6005"
"110.2960","0.2199","0.6004"
"110.3160","0.2199","0.6004"
"110.3360","0.2199","0.6004"
"110.3560","0.2199","0.6003"
"110.3760","0.2199","0.6004"
"110.3960","0.2199","0.6005"
"110.4160","0.2199","0.6004"
"110.4360","0.2199","0.6005"
"110.4560","0.2199","0.6004"
"110.4760","0.2199","0.6004"
"110.4960","0.2199","0.6004"
"110.5160","0.2199","0.6003"
"110.5360","0.2199","0.6002"
"110.5560","0.2199","0.6002"
"110.5760","0.2199","0.6003"
"110.5960","0.2199","0.6003"
"110.6160","0.2199","0.6002"
"110.6360","0.2199","0.6003"
"110.6560","0.2199","0.6003"
"110.6760","0.2199","0.6003"
"110.6960","0.2199","0.6003"
"110.7160","0.2199","0.6002"
"110.7360","0.2199","0.6003"
"110.7560","0.2199","0.6003"
"110.7760","0.2199","0.6003"
"110.7960","0.2199","0.6003"
"110.8160","0.2199","0.6002"
"110.8360","0.2199","0.6002"
"110.8560","0.2199","0.6002"
"110.8760","0.2199","0.6002"
"110.8960","0.2199","0.6003"
"110.9160","0.2199","0.6003"
"110.9360","0.2199","0.6002"
"110.9560","0.2199","0.6002"
"110.9760","0.2199","0.6002"
"110.9960","0.2199","0.6002"
"111.0160","0.2199","0.6002"
"111.0360","0.2199","0.6001"
"111.0560","0.2199","0.6001"
"111.0760","0.2199","0.6001"
"111.0960","0.2199","0.6001"
"111.1160","0.2199","0.6001"
"111.1360","0.2199","0.6001"
"111.1560","0.2199","0.6000"
"111.1760","0.2199","0.6000"
"111.1960","0.2199","0.6001"
"111.2160","0.2199","0.6001"
"111.2360","0.2199","0.6000"
"111.2560","0.2199","0.6001"
"111.2760","0.2199","0.6000"
"111.2960","0.2199","0.6001"
"111.3160","0.2199","0.6000"
"111.3360","0.2199","0.6000"
"111.3560","0.2199","0.6000"
"111.3760","0.2199","0.6000"
"111.3960","0.2199","0.6000"
"111.4160","0.2199","0.6000"
"111.4360","0.2199","0.6001"
"111.4560","0.2199","0.6000"
"111.4760","0.2199","0.6000"
"111.4960","0.2199","0.6000"
"111.5160","0.2199","0.6000"
"111.5360","0.2199","0.6000"
"111.5560","0.2199","0.5999"
"111.5760","0.2199","0.5998"
"111.5960","0.2199","0.5999"
"111.6160","0.2199","0.5999"
"111.6360","0.2199","0.5999"
"111.6560","0.2199","0.5999"
"111.6760","0.2199","0.5999"
"111.6960","0.2199","0.5999"
"111.7160","0.2199","0.5999"
"111.7360","0.2199","0.5998"
"111.7560","0.2199","0.5998"
"111.7760","0.2199","0.5999"
"111.7960","0.2199","0.5999"
"111.8160","0.2199","0.5998"
"111.8360","0.2199","0.5998"
"111.8560","0.2199","0.5998"
"111.8760","0.2199","0.5997"
"111.8960","0.2199","0.5997"
"111.9160","0.2199","0.5997"
"111.9360","0.2199","0.5998"
"111.9560","0.2199","0.5998"
"111.9760","0.2199","0.5998"
"111.9960","0.2199","0.5998"
"112.0160","0.2199","0.5998"
"112.0360","0.2199","0.5997"
"112.0560","0.2199","0.5996"
"112.0760","0.2199","0.5996"
"112.0960","0.2199","0.5996"
"112.1160","0.2199","0.5997"
"112.1360","0.2199","0.5997"
"112.1560","0.2199","0.5998"
"112.1760","0.2199","0.5998"
"112.1960","0.2199","0.5997"
"112.2160","0.2199","0.5996"
"112.2360","0.2199","0.5996"
"112.2560","0.2199","0.5996"
"112.2760","0.2199","0.5996"
"112.2960","0.2199","0.5996"
"112.3160","0.2199","0.5997"
"112.3360","0.2199","0.5997"
"112.3560","0.2199","0.5996"
"112.3760","0.2199","0.5996"
"112.3960","0.2199","0.5996"
"112.4160","0.2199","0.5996"
"112.4360","0.2199","0.5995"
"112.4560","0.2199","0.5994"
"112.4760","0.2199","0.5994"
"112.4960","0.2199","0.5995"
"112.5160","0.2199","0.5996"
"112.5360","0.2199","0.5996"
"112.5560","0.2199","0.5996"
"112.5760","0.2199","0.5996"
"112.5960","0.2199","0.5995"
"112.6160","0.2199","0.5994"
"112.6360","0.2199","0.5994"
"112.6560","0.2199","0.5994"
"112.6760","0.2199","0.5995"
"112.6960","0.2199","0.5995"
"112.7160","0.2199","0.5995"
"112.7360","0.2199","0.5994"
"112.7560","0.2199","0.5994"
"112.7760","0.2199","0.5994"
"112.7960","0.2199","0.5995"
"112.8160","0.2199","0.5995"
"112.8360","0.2199","0.5994"
"112.8560","0.2199","0.5993"
"112.8760","0.2199","0.5993"
"112.8960","0.2199","0.5994"
"112.9160","0.2199","0.5994"
"112.9360","0.2199","0.5993"
"112.9560","0.2199","0.5992"
"112.9760","0.2199","0.5992"
"112.9960","0.2199","0.5992"
"113.0160","0.2199","0.5993"
"113.0360","0.2199","0.5992"
"113.0560","0.2199","0.5993"
"113.0760","0.2199","0.5993"
"113.0960","0.2199","0.5992"
"113.1160","0.2199","0.5991"
"113.1360","0.2199","0.5991"
"113.1560","0.2199","0.5992"
"113.1760","0.2199","0.5993"
"113.1960","0.2199","0.5992"
"113.2160","0.2199","0.5992"
"113.2360","0.2199","0.5992"
"113.2560","0.2199","0.5991"
"113.2760","0.2199","0.5991"
"113.2960","0.2199","0.5992"
"113.3160","0.2199","0.5991"
"113.3360","0.2199","0.5991"
"113.3560","0.2199","0.5992"
"113.3760","0.2199","0.5992"
"113.3960","0.2199","0.5991"
"113.4160","0.2199","0.5991"
"113.4360","0.2199","0.5991"
"113.4560","0.2199","0.5992"
"113.4760","0.2199","0.5992"
"113.4960","0.2199","0.5992"
"113.5160","0.2199","0.5991"
"113.5360","0.2199","0.5990"
"113.5560","0.2199","0.5990"
"113.5760","0.2199","0.5990"
"113.5960","0.2199","0.5990"
"113.6160","0.2199","0.5990"
"113.6360","0.2199","0.5991"
"113.6560","0.2199","0.5991"
"113.6760","0.2199","0.5990"
"113.6960","0.2199","0.5991"
"113.7160","0.2199","0.5990"
"113.7360","0.2199","0.5989"
"113.7560","0.2199","0.5990"
"113.7760","0.2199","0.5990"
"113.7960","0.2199","0.5990"
"113.8160","0.2199","0.5990"
"113.8360","0.2199","0.5989"
"113.8560","0.2199","0.5990"
"113.8760","0.2199","0.5990"
"113.8960","0.2199","0.5990"
"113.9160","0.2199","0.5990"
"113.9360","0.2199","0.5989"
"113.9560","0.2199","0.5989"
"113.9760","0.2199","0.5989"
"113.9960","0.2199","0.5988"
"114.0160","0.2199","0.5988"
"114.0360","0.2199","0.5988"
"114.0560","0.2199","0.5988"
"114.0760","0.2199","0.5989"
"114.0960","0.2199","0.5989"
"114.1160","0.2199","0.5989"
"114.1360","0.2199","0.5988"
"114.1560","0.2199","0.5988"
"114.1760","0.2199","0.5987"
"114.1960","0.2199","0.5987"
"114.2160","0.2199","0.5988"
"114.2360","0.2199","0.5988"
"114.2560","0.2199","0.5988"
"114.2760","0.2199","0.5988"
"114.2960","0.2199","0.5988"
"114.3160","0.2199","0.5987"
"114.3360","0.2199","0.5986"
"114.3560","0.2199","0.5986"
"114.3760","0.2199","0.5986"
"114.3960","0.2199","0.5987"
"114.4160","0.2199","0.5987"
"114.4360","0.2199","0.5988"
"114.4560","0.2199","0.5988"
"114.4760","0.2199","0.5988"
"114.4960","0.2199","0.5988"
"114.5160","0.2199","0.5987"
"114.5360","0.2199","0.5987"
"114.5560","0.2199","0.5986"
"114.5760","0.2199","0.5985"
"114.5960","0.2199","0.5986"
"114.6160","0.2199","0.5986"
"114.6360","0.2199","0.5986"
"114.6560","0.2199","0.5986"
"114.6760","0.2199","0.5986"
"114.6960","0.2199","0.5986"
"114.7160","0.2199","0.5985"
"114.7360","0.2199","0.5985"
"114.7560","0.2199","0.5985"
"114.7760","0.2199","0.5985"
"114.7960","0.2199","0.5985"
"114.8160","0.2199","0.5985"
"114.8360","0.2199","0.5985"
"114.8560","0.2199","0.5985"
"114.8760","0.2199","0.5985"
"114.8960","0.2199","0.5985"
"114.9160","0.2199","0.5986"
"114.9360","0.2199","0.5986"
"114.9560","0.2199","0.5985"
"114.9760","0.2199","0.5984"
"114.9960","0.2199","0.5984"
"115.0160","0.2199","0.5984"
"115.0360","0.2199","0.5983"
"115.0560","0.2199","0.5984"
"115.0760","0.2199","0.5985"
"115.0960","0.2199","0.5985"
"115.1160","0.2199","0.5985"
"115.1360","0.2199","0.5985"
"115.1560","0.2199","0.5984"
"115.1760","0.2199","0.5984"
"115.1960","0.2199","0.5984"
"115.2160","0.2199","0.5984"
"115.2360","0.2199","0.5983"
"115.2560","0.2199","0.5983"
"115.2760","0.2199","0.5984"
"115.2960","0.2199","0.5984"
"115.3160","0.2199","0.5982"
"115.3360","0.2199","0.5983"
"115.3560","0.2199","0.5983"
"115.3760","0.2199","0.5983"
"115.3960","0.2199","0.5983"
"115.4160","0.2199","0.5983"
"115.4360","0.2199","0.5982"
"115.4560","0.2199","0.5982"
"115.4760","0.2199","0.5982"
"115.4960","0.2199","0.5982"
"115.5160","0.2199","0.5982"
"115.5360","0.2199","0.5983"
"115.5560","0.2199","0.5982"
"115.5760","0.2199","0.5982"
"115.5960","0.2199","0.5982"
"115.6160","0.2199","0.5981"
"115.6360","0.2199","0.5982"
"115.6560","0.2199","0.5982"
"115.6760","0.2199","0.5983"
"115.6960","0.2199","0.5983"
"115.7160","0.2199","0.5983"
"115.7360","0.2199","0.5983"
"115.7560","0.2199","0.5982"
"115.7760","0.2199","0.5981"
"115.7960","0.2199","0.5980"
"115.8160","0.2199","0.5981"
"115.8360","0.2199","0.5981"
"115.8560","0.2199","0.5981"
"115.8760","0.2199","0.5981"
"115.8960","0.2199","0.5981"
"115.9160","0.2199","0.5981"
"115.9360","0.2199","0.5982"
"115.9560","0.2199","0.5980"
"115.9760","0.2199","0.5980"
"115.9960","0.2199","0.5981"
"116.0160","0.2199","0.5981"
"116.0360","0.2199","0.5981"
"116.0560","0.2199","0.5980"
"116.0760","0.2199","0.5980"
"116.0960","0.2199","0.5980"
"116.1160","0.2199","0.5980"
"116.1360","0.2199","0.5980"
"116.1560","0.2199","0.5979"
"116.1760","0.2199","0.5979"
"116.1960","0.2199","0.5979"
"116.2160","0.2199","0.5979"
"116.2360","0.2199","0.5979"
"116.2560","0.2199","0.5979"
"116.2760","0.2199","0.5979"
"116.2960","0.2199","0.5980"
"116.3160","0.2199","0.5980"
"116.3360","0.2199","0.5980"
"116.3560","0.2199","0.5980"
"116.3760","0.2199","0.5979"
"116.3960","0.2199","0.5978"
"116.4160","0.2199","0.5978"
"116.4360","0.2199","0.5978"
"116.4560","0.2199","0.5979"
"116.4760","0.2199","0.5978"
"116.4960","0.2199","0.5979"
"116.5160","0.2199","0.5979"
"116.5360","0.2199","0.5979"
"116.5560","0.2199","0.5979"
"116.5760","0.2199","0.5979"
"116.5960","0.2199","0.5978"
"116.6160","0.2199","0.5978"
"116.6360","0.2199","0.5977"
"116.6560","0.2199","0.5977"
"116.6760","0.2199","0.5977"
"116.6960","0.2199","0.5978"
"116.7160","0.2199","0.5978"
"116.7360","0.2199","0.5978"
"116.7560","0.2199","0.5978"
"116.7760","0.2199","0.5977"
"116.7960","0.2199","0.5978"
"116.8160","0.2199","0.5978"
"116.8360","0.2199","0.5977"
"116.8560","0.2199","0.5977"
"116.8760","0.2199","0.5976"
"116.8960","0.2199","0.5976"
"116.9160","0.2199","0.5976"
"116.9360","0.2199","0.5976"
"116.9560","0.2199","0.5976"
"116.9760","0.2199","0.5976"
"116.9960","0.2199","0.5976"
"117.0160","0.2199","0.5977"
"117.0360","0.2199","0.5976"
"117.0560","0.2199","0.5975"
"117.0760","0.2199","0.5976"
"117.0960","0.2199","0.5976"
"117.1160","0.2199","0.5976"
"117.1360","0.2199","0.5976"
"117.1560","0.2199","0.5976"
"117.1760","0.2199","0.5977"
"117.1960","0.2199","0.5976"
"117.2160","0.2199","0.5975"
"117.2360","0.2199","0.5975"
"117.2560","0.2199","0.5975"
"117.2760","0.2199","0.5975"
"117.2960","0.2199","0.5974"
"117.3160","0.2199","0.5974"
"117.3360","0.2199","0.5974"
"117.3560","0.2199","0.5974"
"117.3760","0.2199","0.5974"
"117.3960","0.2199","0.5974"
"117.4160","0.2199","0.5974"
"117.4360","0.2199","0.5974"
"117.4560","0.2199","0.5973"
"117.4760","0.2199","0.5974"
"117.4960","0.2199","0.5975"
"117.5160","0.2199","0.5975"
"117.5360","0.2199","0.5975"
"117.5560","0.2199","0.5975"
"117.5760","0.2199","0.5974"
"117.5960","0.2199","0.5973"
"117.6160","0.2199","0.5973"
"117.6360","0.2199","0.5973"
"117.6560","0.2199","0.5974"
"117.6760","0.2199","0.5974"
"117.6960","0.2199","0.5974"
"117.7160","0.2199","0.5974"
"117.7360","0.2199","0.5973"
"117.7560","0.2199","0.5973"
"117.7760","0.2199","0.5973"
"117.7960","0.2199","0.5973"
"117.8160","0.2199","0.5973"
"117.8360","0.2199","0.5972"
"117.8560","0.2199","0.5972"
"117.8760","0.2199","0.5972"
"117.8960","0.2199","0.5972"
"117.9160","0.2199","0.5973"
"117.9360","0.2199","0.5973"
"117.9560","0.2199","0.5973"
"117.9760","0.2199","0.5972"
"117.9960","0.2199","0.5972"
"118.0160","0.2199","0.5973"
"118.0360","0.2199","0.5973"
"118.0560","0.2199","0.5972"
"118.0760","0.2199","0.5972"
"118.0960","0.2199","0.5972"
"118.1160","0.2199","0.5972"
"118.1360","0.2199","0.5971"
"118.1560","0.2199","0.5971"
"118.1760","0.2199","0.5971"
"118.1960","0.2199","0.5970"
"118.2160","0.2199","0.5971"
"118.2360","0.2199","0.5972"
"118.2560","0.2199","0.5972"
"118.2760","0.2199","0.5971"
"118.2960","0.2199","0.5971"
"118.3160","0.2199","0.5970"
"118.3360","0.2199","0.5971"
"118.3560","0.2199","0.5971"
"118.3760","0.2199","0.5971"
"118.3960","0.2199","0.5971"
"118.4160","0.2199","0.5970"
"118.4360","0.2199","0.5970"
"118.4560","0.2199","0.5970"
"118.4760","0.2199","0.5969"
"118.4960","0.2199","0.5970"
"118.5160","0.2199","0.5970"
"118.5360","0.2199","0.5970"
"118.5560","0.2199","0.5970"
"118.5760","0.2199","0.5969"
"118.5960","0.2199","0.5969"
"118.6160","0.2199","0.5970"
"118.6360","0.2199","0.5969"
"118.6560","0.2199","0.5969"
"118.6760","0.2199","0.5969"
"118.6960","0.2199","0.5970"
"118.7160","0.2199","0.5970"
"118.7360","0.2199","0.5970"
"118.7560","0.2199","0.5970"
"118.7760","0.2199","0.5969"
"118.7960","0.2199","0.5969"
"118.8160","0.2199","0.5969"
"118.8360","0.2199","0.5969"
"118.8560","0.2199","0.5970"
"118.8760","0.2199","0.5969"
"118.8960","0.2199","0.5969"
"118.9160","0.2199","0.5969"
"118.9360","0.2199","0.5968"
"118.9560","0.2199","0.5968"
"118.9760","0.2199","0.5967"
"118.9960","0.2199","0.5968"
"119.0160","0.2199","0.5969"
"119.0360","0.2199","0.5969"
"119.0560","0.2199","0.5969"
"119.0760","0.2199","0.5968"
"119.0960","0.2199","0.5968"
"119.1160","0.2199","0.5968"
"119.1360","0.2199","0.5968"
"119.1560","0.2199","0.5968"
"119.1760","0.2199","0.5967"
"119.1960","0.2199","0.5967"
"119.2160","0.2199","0.5967"
"119.2360","0.2199","0.5967"
"119.2560","0.2199","0.5967"
"119.2760","0.2199","0.5967"
"119.2960","0.2199","0.5966"
"119.3160","0.2199","0.5967"
"119.3360","0.2199","0.5966"
"119.3560","0.2199","0.5966"
"119.3760","0.2199","0.5966"
"119.3960","0.2199","0.5967"
"119.4160","0.2199","0.5967"
"119.4360","0.2199","0.5966"
"119.4560","0.2199","0.5967"
"119.4760","0.2199","0.5966"
"119.4960","0.2199","0.5966"
"119.5160","0.2199","0.5965"
"119.5360","0.2199","0.5966"
"119.5560","0.2199","0.5966"
"119.5760","0.2199","0.5966"
"119.5960","0.2199","0.5967"
"119.6160","0.2199","0.5968"
"119.6360","0.2199","0.5966"
"119.6560","0.2199","0.5966"
"119.6760","0.2199","0.5966"
"119.6960","0.2199","0.5965"
"119.7160","0.2199","0.5965"
"119.7360","0.2199","0.5964"
"119.7560","0.2199","0.5964"
"119.7760","0.2199","0.5965"
"119.7960","0.2199","0.5965"
"119.8160","0.2199","0.5964"
"119.8360","0.2199","0.5964"
"119.8560","0.2199","0.5964"
"119.8760","0.2199","0.5965"
"119.8960","0.2199","0.5966"
"119.9160","0.2199","0.5966"
"119.9360","0.2199","0.5964"
"119.9560","0.2199","0.5963"
"119.9760","0.2199","0.5964"
"119.9960","0.2199","0.5964"
"120.0160","0.2199","0.5964"
"120.0360","0.2199","0.5964"
"120.0560","0.2199","0.5964"
"120.0760","0.2199","0.5965"
"120.0960","0.2199","0.5965"
"120.1160","0.2199","0.5964"
"120.1360","0.2199","0.5963"
"120.1560","0.2199","0.5963"
"120.1760","0.2199","0.5963"
"120.1960","0.2199","0.5962"
"120.2160","0.2199","0.5963"
"120.2360","0.2199","0.5963"
"120.2560","0.2199","0.5964"
"120.2760","0.2199","0.5964"
"120.2960","0.2199","0.5963"
"120.3160","0.2199","0.5962"
"120.3360","0.2199","0.5962"
"120.3560","0.2199","0.5963"
"120.3760","0.2199","0.5963"
"120.3960","0.2199","0.5964"
"120.4160","0.2199","0.5963"
"120.4360","0.2199","0.5962"
"120.4560","0.2199","0.5963"
"120.4760","0.2199","0.5963"
"120.4960","0.2199","0.5962"
"120.5160","0.2199","0.5961"
"120.5360","0.2199","0.5962"
"120.5560","0.2199","0.5962"
"120.5760","0.2199","0.5961"
"120.5960","0.2199","0.5961"
"120.6160","0.2199","0.5962"
"120.6360","0.2199","0.5962"
"120.6560","0.2199","0.5962"
"120.6760","0.2199","0.5962"
"120.6960","0.2199","0.5961"
"120.7160","0.2199","0.5962"
"120.7360","0.2199","0.5962"
"120.7560","0.2199","0.5962"
"120.7760","0.2199","0.5961"
"120.7960","0.2199","0.5962"
"120.8160","0.2199","0.5961"
"120.8360","0.2199","0.5960"
"120.8560","0.2199","0.5961"
"120.8760","0.2199","0.5961"
"120.8960","0.2199","0.5961"
"120.9160","0.2199","0.5961"
"120.9360","0.2199","0.5961"
"120.9560","0.2199","0.5961"
"120.9760","0.2199","0.5961"
"120.9960","0.2199","0.5961"
"121.0160","0.2199","0.5960"
"121.0360","0.2199","0.5960"
"121.0560","0.2199","0.5960"
"121.0760","0.2199","0.5960"
"121.0960","0.2199","0.5960"
"121.1160","0.2199","0.5960"
"121.1360","0.2199","0.5960"
"121.1560","0.2199","0.5960"
"121.1760","0.2199","0.5959"
"121.1960","0.2199","0.5959"
"121.2160","0.2199","0.5960"
"121.2360","0.2199","0.5960"
"121.2560","0.2199","0.5960"
"121.2760","0.2199","0.5959"
"121.2960","0.2199","0.5960"
"121.3160","0.2199","0.5960"
"121.3360","0.2199","0.5959"
"121.3560","0.2199","0.5959"
"121.3760","0.2199","0.5960"
"121.3960","0.2199","0.5959"
"121.4160","0.2199","0.5959"
"121.4360","0.2199","0.5959"
"121.4560","0.2199","0.5958"
"121.4760","0.2199","0.5958"
"121.4960","0.2199","0.5958"
"121.5160","0.2199","0.5958"
"121.5360","0.2199","0.5958"
"121.5560","0.2199","0.5958"
"121.5760","0.2199","0.5958"
"121.5960","0.2199","0.5958"
"121.6160","0.2199","0.5958"
"121.6360","0.2199","0.5958"
"121.6560","0.2199","0.5958"
"121.6760","0.2199","0.5957"
"121.6960","0.2199","0.5957"
"121.7160","0.2199","0.5958"
"121.7360","0.2199","0.5958"
"121.7560","0.2199","0.5958"
"121.7760","0.2199","0.5957"
"121.7960","0.2199","0.5957"
"121.8160","0.2199","0.5956"
"121.8360","0.2199","0.5957"
"121.8560","0.2199","0.5957"
"121.8760","0.2199","0.5957"
"121.8960","0.2199","0.5957"
"121.9160","0.2199","0.5957"
"121.9360","0.2199","0.5957"
"121.9560","0.2199","0.5956"
"121.9760","0.2199","0.5957"
"121.9960","0.2199","0.5956"
"122.0160","0.2199","0.5956"
"122.0360","0.2199","0.5956"
"122.0560","0.2199","0.5956"
"122.0760","0.2199","0.5955"
"122.0960","0.2199","0.5956"
"122.1160","0.2199","0.5956"
"122.1360","0.2199","0.5956"
"122.1560","0.2199","0.5955"
"122.1760","0.2199","0.5955"
"122.1960","0.2199","0.5956"
"122.2160","0.2199","0.5956"
"122.2360","0.2199","0.5955"
"122.2560","0.2199","0.5955"
"122.2760","0.2199","0.5955"
"122.2960","0.2199","0.5956"
"122.3160","0.2199","0.5956"
"122.3360","0.2199","0.5956"
"122.3560","0.2199","0.5956"
"122.3760","0.2199","0.5956"
"122.3960","0.2199","0.5956"
"122.4160","0.2199","0.5956"
"122.4360","0.2199","0.5955"
"122.4560","0.2199","0.5954"
"122.4760","0.2199","0.5954"
"122.4960","0.2199","0.5955"
"122.5160","0.2199","0.5955"
"122.5360","0.2199","0.5954"
"122.5560","0.2199","0.5955"
"122.5760","0.2199","0.5955"
"122.5960","0.2199","0.5954"
"122.6160","0.2199","0.5953"
"122.6360","0.2199","0.5953"
"122.6560","0.2199","0.5954"
"122.6760","0.2199","0.5954"
"122.6960","0.2199","0.5954"
"122.7160","0.2199","0.5954"
"122.7360","0.2199","0.5954"
"122.7560","0.2199","0.5954"
"122.7760","0.2199","0.5954"
"122.7960","0.2199","0.5954"
"122.8160","0.2199","0.5953"
"122.8360","0.2199","0.5953"
"122.8560","0.2199","0.5953"
"122.8760","0.2199","0.5954"
"122.8960","0.2199","0.5953"
"122.9160","0.2199","0.5953"
"122.9360","0.2199","0.5953"
"122.9560","0.2199","0.5953"
"122.9760","0.2199","0.5953"
"122.9960","0.2199","0.5952"
"123.0160","0.2199","0.5952"
"123.0360","0.2199","0.5953"
"123.0560","0.2199","0.5953"
"123.0760","0.2199","0.5952"
"123.0960","0.2199","0.5952"
"123.1160","0.2199","0.5952"
"123.1360","0.2199","0.5952"
"123.1560","0.2199","0.5953"
"123.1760","0.2199","0.5952"
"123.1960","0.2199","0.5951"
"123.2160","0.2199","0.5951"
"123.2360","0.2199","0.5951"
"123.2560","0.2199","0.5952"
"123.2760","0.2199","0.5953"
"123.2960","0.2199","0.5952"
"123.3160","0.2199","0.5952"
"123.3360","0.2199","0.5952"
"123.3560","0.2199","0.5952"
"123.3760","0.2199","0.5951"
"123.3960","0.2199","0.5951"
"123.4160","0.2199","0.5951"
"123.4360","0.2199","0.5951"
"123.4560","0.2199","0.5951"
"123.4760","0.2199","0.5951"
"123.4960","0.2199","0.5952"
"123.5160","0.2199","0.5951"
"123.5360","0.2199","0.5950"
"123.5560","0.2199","0.5950"
"123.5760","0.2199","0.5950"
"123.5960","0.2199","0.5950"
"123.6160","0.2199","0.5950"
"123.6360","0.2199","0.5950"
"123.6560","0.2199","0.5949"
"123.6760","0.2199","0.5949"
"123.6960","0.2199","0.5949"
"123.7160","0.2199","0.5950"
"123.7360","0.2199","0.5950"
"123.7560","0.2199","0.5950"
"123.7760","0.2199","0.5950"
"123.7960","0.2199","0.5950"
"123.8160","0.2199","0.5949"
"123.8360","0.2199","0.5949"
"123.8560","0.2199","0.5949"
"123.8760","0.2199","0.5949"
"123.8960","0.2199","0.5948"
"123.9160","0.2199","0.5949"
"123.9360","0.2199","0.5949"
"123.9560","0.2199","0.5950"
"123.9760","0.2199","0.5949"
"123.9960","0.2199","0.5948"
"124.0160","0.2199","0.5948"
"124.0360","0.2199","0.5948"
"124.0560","0.2199","0.5948"
"124.0760","0.2199","0.5947"
"124.0960","0.2199","0.5948"
"124.1160","0.2199","0.5948"
"124.1360","0.2199","0.5948"
"124.1560","0.2199","0.5948"
"124.1760","0.2199","0.5947"
"124.1960","0.2199","0.5948"
"124.2160","0.2199","0.5948"
"124.2360","0.2199","0.5947"
"124.2560","0.2199","0.5947"
"124.2760","0.2199","0.5947"
"124.2960","0.2199","0.5947"
"124.3160","0.2199","0.5948"
"124.3360","0.2199","0.5948"
"124.3560","0.2199","0.5947"
"124.3760","0.2199","0.5947"
"124.3960","0.2199","0.5947"
"124.4160","0.2199","0.5947"
"124.4360","0.2199","0.5947"
"124.4560","0.2199","0.5947"
"124.4760","0.2199","0.5948"
"124.4960","0.2199","0.5947"
"124.5160","0.2199","0.5946"
"124.5360","0.2199","0.5946"
"124.5560","0.2199","0.5947"
"124.5760","0.2199","0.5947"
"124.5960","0.2199","0.5946"
"124.6160","0.2199","0.5945"
"124.6360","0.2199","0.5945"
"124.6560","0.2199","0.5946"
"124.6760","0.2199","0.5947"
"124.6960","0.2199","0.5946"
"124.7160","0.2199","0.5946"
"124.7360","0.2199","0.5946"
"124.7560","0.2199","0.5946"
"124.7760","0.2199","0.5946"
"124.7960","0.2199","0.5946"
"124.8160","0.2199","0.5946"
"124.8360","0.2199","0.5946"
"124.8560","0.2199","0.5946"
"124.8760","0.2199","0.5946"
"124.8960","0.2199","0.5946"
"124.9160","0.2199","0.5945"
"124.9360","0.2199","0.5945"
"124.9560","0.2199","0.5944"
"124.9760","0.2199","0.5945"
"124.9960","0.2199","0.5946"
"125.0160","0.2199","0.5945"
"125.0360","0.2199","0.5945"
"125.0560","0.2199","0.5945"
"125.0760","0.2199","0.5944"
"125.0960","0.2199","0.5944"
"125.1160","0.2199","0.5944"
"125.1360","0.2199","0.5944"
"125.1560","0.2199","0.5944"
"125.1760","0.2199","0.5943"
"125.1960","0.2199","0.5944"
"125.2160","0.2199","0.5944"
"125.2360","0.2199","0.5944"
"125.2560","0.2199","0.5944"
"125.2760","0.2199","0.5944"
"125.2960","0.2199","0.5944"
"125.3160","0.2199","0.5945"
"125.3360","0.2199","0.5944"
"125.3560","0.2199","0.5943"
"125.3760","0.2199","0.5943"
"125.3960","0.2199","0.5944"
"125.4160","0.2199","0.5943"
"125.4360","0.2199","0.5943"
"125.4560","0.2199","0.5943"
"125.4760","0.2199","0.5943"
"125.4960","0.2199","0.5943"
"125.5160","0.2199","0.5943"
"125.5360","0.2199","0.5943"
"125.5560","0.2199","0.5943"
"125.5760","0.2199","0.5943"
"125.5960","0.2199","0.5942"
"125.6160","0.2199","0.5942"
"125.6360","0.2199","0.5942"
"125.6560","0.2199","0.5942"
"125.6760","0.2199","0.5942"
"125.6960","0.2199","0.5942"
"125.7160","0.2199","0.5943"
"125.7360","0.2199","0.5943"
"125.7560","0.2199","0.5942"
"125.7760","0.2199","0.5942"
"125.7960","0.2199","0.5941"
"125.8160","0.2199","0.5941"
"125.8360","0.2199","0.5941"
"125.8560","0.2199","0.5941"
"125.8760","0.2199","0.5942"
"125.8960","0.2199","0.5941"
"125.9160","0.2199","0.5941"
"125.9360","0.2199","0.5942"
"125.9560","0.2199","0.5941"
"125.9760","0.2199","0.5941"
"125.9960","0.2199","0.5942"
"126.0160","0.2199","0.5941"
"126.0360","0.2199","0.5940"
"126.0560","0.2199","0.5941"
"126.0760","0.2199","0.5942"
"126.0960","0.2199","0.5942"
"126.1160","0.2199","0.5941"
"126.1360","0.2199","0.5940"
"126.1560","0.2199","0.5940"
"126.1760","0.2199","0.5940"
"126.1960","0.2199","0.5940"
"126.2160","0.2199","0.5941"
"126.2360","0.2199","0.5941"
"126.2560","0.2199","0.5940"
"126.2760","0.2199","0.5940"
"126.2960","0.2199","0.5940"
"126.3160","0.2199","0.5939"
"126.3360","0.2199","0.5939"
"126.3560","0.2199","0.5940"
"126.3760","0.2199","0.5940"
"126.3960","0.2199","0.5940"
"126.4160","0.2199","0.5941"
"126.4360","0.2199","0.5941"
"126.4560","0.2199","0.5941"
"126.4760","0.2199","0.5940"
"126.4960","0.2199","0.5939"
"126.5160","0.2199","0.5938"
"126.5360","0.2199","0.5939"
"126.5560","0.2199","0.5939"
"126.5760","0.2199","0.5938"
"126.5960","0.2199","0.5938"
"126.6160","0.2199","0.5939"
"126.6360","0.2199","0.5940"
"126.6560","0.2199","0.5940"
"126.6760","0.2199","0.5939"
"126.6960","0.2199","0.5938"
"126.7160","0.2199","0.5939"
"126.7360","0.2199","0.5939"
"126.7560","0.2199","0.5938"
"126.7760","0.2199","0.5938"
"126.7960","0.2199","0.5938"
"126.8160","0.2199","0.5939"
"126.8360","0.2199","0.5939"
"126.8560","0.2199","0.5939"
"126.8760","0.2199","0.5938"
"126.8960","0.2199","0.5938"
"126.9160","0.2199","0.5936"
"126.9360","0.2199","0.5937"
"126.9560","0.2199","0.5938"
"126.9760","0.2199","0.5938"
"126.9960","0.2199","0.5937"
"127.0160","0.2199","0.5937"
"127.0360","0.2199","0.5937"
"127.0560","0.2199","0.5937"
"127.0760","0.2199","0.5937"
"127.0960","0.2199","0.5937"
"127.1160","0.2199","0.5937"
"127.1360","0.2199","0.5938"
"127.1560","0.2199","0.5937"
"127.1760","0.2199","0.5937"
"127.1960","0.2199","0.5937"
"127.2160","0.2199","0.5937"
"127.2360","0.2199","0.5937"
"127.2560","0.2199","0.5937"
"127.2760","0.2199","0.5936"
"127.2960","0.2199","0.5936"
"127.3160","0.2199","0.5936"
"127.3360","0.2199","0.5936"
"127.3560","0.2199","0.5936"
"127.3760","0.2199","0.5936"
"127.3960","0.2199","0.5936"
"127.4160","0.2199","0.5937"
"127.4360","0.2199","0.5936"
"127.4560","0.2199","0.5936"
"127.4760","0.2199","0.5936"
"127.4960","0.2199","0.5935"
"127.5160","0.2199","0.5935"
"127.5360","0.2199","0.5936"
"127.5560","0.2199","0.5936"
"127.5760","0.2199","0.5936"
"127.5960","0.2199","0.5936"
"127.6160","0.2199","0.5934"
"127.6360","0.2199","0.5934"
"127.6560","0.2199","0.5934"
"127.6760","0.2199","0.5934"
"127.6960","0.2199","0.5935"
"127.7160","0.2199","0.5935"
"127.7360","0.2199","0.5934"
"127.7560","0.2199","0.5934"
"127.7760","0.2199","0.5934"
"127.7960","0.2199","0.5935"
"127.8160","0.2199","0.5934"
"127.8360","0.2199","0.5935"
"127.8560","0.2199","0.5934"
"127.8760","0.2199","0.5934"
"127.8960","0.2199","0.5934"
"127.9160","0.2199","0.5934"
"127.9360","0.2199","0.5934"
"127.9560","0.2199","0.5935"
"127.9760","0.2199","0.5935"
"127.9960","0.2199","0.5935"
"128.0160","0.2199","0.5933"
"128.0360","0.2199","0.5934"
"128.0560","0.2199","0.5935"
"128.0760","0.2199","0.5934"
"128.0960","0.2199","0.5934"
"128.1160","0.2199","0.5934"
"128.1360","0.2199","0.5933"
"128.1560","0.2199","0.5932"
"128.1760","0.2199","0.5933"
"128.1960","0.2199","0.5933"
"128.2160","0.2199","0.5933"
"128.2360","0.2199","0.5932"
"128.2560","0.2199","0.5932"
"128.2760","0.2199","0.5933"
"128.2960","0.2199","0.5933"
"128.3160","0.2199","0.5932"
"128.3360","0.2199","0.5932"
"128.3560","0.2199","0.5932"
"128.3760","0.2199","0.5932"
"128.3960","0.2199","0.5933"
"128.4160","0.2199","0.5932"
"128.4360","0.2199","0.5932"
"128.4560","0.2199","0.5933"
"128.4760","0.2199","0.5932"
"128.4960","0.2199","0.5933"
"128.5160","0.2199","0.5933"
"128.5360","0.2199","0.5931"
"128.5560","0.2199","0.5931"
"128.5760","0.2199","0.5932"
"128.5960","0.2199","0.5932"
"128.6160","0.2199","0.5932"
"128.6360","0.2199","0.5931"
"128.6560","0.2199","0.5931"
"128.6760","0.2199","0.5931"
"128.6960","0.2199","0.5932"
"128.7160","0.2199","0.5931"
"128.7360","0.2199","0.5931"
"128.7560","0.2199","0.5931"
"128.7760","0.2199","0.5931"
"128.7960","0.2199","0.5931"
"128.8160","0.2199","0.5931"
"128.8360","0.2199","0.5930"
"128.8560","0.2199","0.5930"
"128.8760","0.2199","0.5930"
"128.8960","0.2199","0.5931"
"128.9160","0.2199","0.5930"
"128.9360","0.2199","0.5931"
"128.9560","0.2199","0.5930"
"128.9760","0.2199","0.5930"
"128.9960","0.2199","0.5929"
"129.0160","0.2199","0.5930"
"129.0360","0.2199","0.5931"
"129.0560","0.2199","0.5930"
"129.0760","0.2199","0.5930"
"129.0960","0.2199","0.5930"
"129.1160","0.2199","0.5930"
"129.1360","0.2199","0.5930"
"129.1560","0.2199","0.5930"
"129.1760","0.2199","0.5930"
"129.1960","0.2199","0.5929"
"129.2160","0.2199","0.5929"
"129.2360","0.2199","0.5929"
"129.2560","0.2199","0.5928"
"129.2760","0.2199","0.5929"
"129.2960","0.2199","0.5929"
"129.3160","0.2199","0.5929"
"129.3360","0.2199","0.5929"
"129.3560","0.2199","0.5928"
"129.3760","0.2199","0.5928"
"129.3960","0.2199","0.5929"
"129.4160","0.2199","0.5930"
"129.4360","0.2199","0.5929"
"129.4560","0.2199","0.5928"
"129.4760","0.2199","0.5928"
"129.4960","0.2199","0.5928"
"129.5160","0.2199","0.5928"
"129.5360","0.2199","0.5929"
"129.5560","0.2199","0.5928"
"129.5760","0.2199","0.5928"
"129.5960","0.2199","0.5929"
"129.6160","0.2199","0.5928"
"129.6360","0.2199","0.5928"
"129.6560","0.2199","0.5928"
"129.6760","0.2199","0.5928"
"129.6960","0.2199","0.5928"
"129.7160","0.2199","0.5928"
"129.7360","0.2199","0.5928"
"129.7560","0.2199","0.5928"
"129.7760","0.2199","0.5928"
"129.7960","0.2199","0.5927"
"129.8160","0.2199","0.5927"
"129.8360","0.2199","0.5927"
"129.8560","0.2199","0.5927"
"129.8760","0.2199","0.5927"
"129.8960","0.2199","0.5927"
"129.9160","0.2199","0.5927"
"129.9360","0.2199","0.5927"
"129.9560","0.2199","0.5927"
"129.9760","0.2199","0.5927"
"129.9960","0.2199","0.5926"
"130.0160","0.2199","0.5927"
"130.0360","0.2199","0.5927"
"130.0560","0.2199","0.5926"
"130.0760","0.2199","0.5925"
"130.0960","0.2199","0.5926"
"130.1160","0.2199","0.5927"
"130.1360","0.2199","0.5927"
"130.1560","0.2199","0.5926"
"130.1760","0.2199","0.5926"
"130.1960","0.2199","0.5925"
"130.2160","0.2199","0.5925"
"130.2360","0.2199","0.5925"
"130.2560","0.2199","0.5926"
"130.2760","0.2199","0.5926"
"130.2960","0.2199","0.5926"
"130.3160","0.2199","0.5926"
"130.3360","0.2199","0.5926"
"130.3560","0.2199","0.5925"
"130.3760","0.2199","0.5926"
"130.3960","0.2199","0.5926"
"130.4160","0.2199","0.5925"
"130.4360","0.2199","0.5925"
"130.4560","0.2199","0.5924"
"130.4760","0.2199","0.5924"
"130.4960","0.2199","0.5925"
"130.5160","0.2199","0.5924"
"130.5360","0.2199","0.5924"
"130.5560","0.2199","0.5924"
"130.5760","0.2199","0.5924"
"130.5960","0.2199","0.5925"
"130.6160","0.2199","0.5925"
"130.6360","0.2199","0.5925"
"130.6560","0.2199","0.5923"
"130.6760","0.2199","0.5924"
"130.6960","0.2199","0.5925"
"130.7160","0.2199","0.5924"
"130.7360","0.2199","0.5924"
"130.7560","0.2199","0.5924"
"130.7760","0.2199","0.5924"
"130.7960","0.2199","0.5924"
"130.8160","0.2199","0.5924"
"130.8360","0.2199","0.5923"
"130.8560","0.2199","0.5923"
"130.8760","0.2199","0.5923"
"130.8960","0.2199","0.5923"
"130.9160","0.2199","0.5922"
"130.9360","0.2199","0.5922"
"130.9560","0.2199","0.5922"
"130.9760","0.2199","0.5923"
"130.9960","0.2199","0.5923"
"131.0160","0.2199","0.5922"
"131.0360","0.2199","0.5922"
"131.0560","0.2199","0.5923"
"131.0760","0.2199","0.5923"
"131.0960","0.2199","0.5922"
"131.1160","0.2199","0.5923"
"131.1360","0.2199","0.5923"
"131.1560","0.2199","0.5923"
"131.1760","0.2199","0.5923"
"131.1960","0.2199","0.5922"
"131.2160","0.2199","0.5922"
"131.2360","0.2199","0.5922"
"131.2560","0.2199","0.5922"
"131.2760","0.2199","0.5921"
"131.2960","0.2199","0.5923"
"131.3160","0.2199","0.5923"
"131.3360","0.2199","0.5923"
"131.3560","0.2199","0.5922"
"131.3760","0.2199","0.5922"
"131.3960","0.2199","0.5921"
"131.4160","0.2199","0.5921"
"131.4360","0.2199","0.5921"
"131.4560","0.2199","0.5922"
"131.4760","0.2199","0.5922"
"131.4960","0.2199","0.5922"
"131.5160","0.2199","0.5922"
"131.5360","0.2199","0.5921"
"131.5560","0.2199","0.5921"
"131.5760","0.2199","0.5922"
"131.5960","0.2199","0.5921"
"131.6160","0.2199","0.5921"
"131.6360","0.2199","0.5920"
"131.6560","0.2199","0.5920"
"131.6760","0.2199","0.5921"
"131.6960","0.2199","0.5921"
"131.7160","0.2199","0.5920"
"131.7360","0.2199","0.5920"
"131.7560","0.2199","0.5920"
"131.7760","0.2199","0.5921"
"131.7960","0.2199","0.5920"
"131.8160","0.2199","0.5920"
"131.8360","0.2199","0.5919"
"131.8560","0.2199","0.5919"
"131.8760","0.2199","0.5920"
"131.8960","0.2199","0.5920"
"131.9160","0.2199","0.5920"
"131.9360","0.2199","0.5920"
"131.9560","0.2199","0.5919"
"131.9760","0.2199","0.5919"
"131.9960","0.2199","0.5920"
"132.0160","0.2199","0.5919"
"132.0360","0.2199","0.5919"
"132.0560","0.2199","0.5919"
"132.0760","0.2199","0.5918"
"132.0960","0.2199","0.5918"
"132.1160","0.2199","0.5918"
"132.1360","0.2199","0.5918"
"132.1560","0.2199","0.5918"
"132.1760","0.2199","0.5919"
"132.1960","0.2199","0.5919"
"132.2160","0.2199","0.5919"
"132.2360","0.2199","0.5919"
"132.2560","0.2199","0.5919"
"132.2760","0.2199","0.5919"
"132.2960","0.2199","0.5918"
"132.3160","0.2199","0.5918"
"132.3360","0.2199","0.5918"
"132.3560","0.2199","0.5918"
"132.3760","0.2199","0.5918"
"132.3960","0.2199","0.5918"
"132.4160","0.2199","0.5918"
"132.4360","0.2199","0.5917"
"132.4560","0.2199","0.5918"
"132.4760","0.2199","0.5918"
"132.4960","0.2199","0.5919"
"132.5160","0.2199","0.5917"
"132.5360","0.2199","0.5917"
"132.5560","0.2199","0.5917"
"132.5760","0.2199","0.5917"
"132.5960","0.2199","0.5917"
"132.6160","0.2199","0.5917"
"132.6360","0.2199","0.5917"
"132.6560","0.2199","0.5918"
"132.6760","0.2199","0.5918"
"132.6960","0.2199","0.5917"
"132.7160","0.2199","0.5916"
"132.7360","0.2199","0.5917"
"132.7560","0.2199","0.5917"
"132.7760","0.2199","0.5917"
"132.7960","0.2199","0.5917"
"132.8160","0.2199","0.5917"
"132.8360","0.2199","0.5916"
"132.8560","0.2199","0.5916"
"132.8760","0.2199","0.5915"
"132.8960","0.2199","0.5915"
"132.9160","0.2199","0.5916"
"132.9360","0.2199","0.5916"
"132.9560","0.2199","0.5916"
"132.9760","0.2199","0.5917"
"132.9960","0.2199","0.5917"
"133.0160","0.2199","0.5916"
"133.0360","0.2199","0.5915"
"133.0560","0.2199","0.5916"
"133.0760","0.2199","0.5916"
"133.0960","0.2199","0.5915"
"133.1160","0.2199","0.5915"
"133.1360","0.2199","0.5916"
"133.1560","0.2199","0.5916"
"133.1760","0.2199","0.5915"
"133.1960","0.2199","0.5915"
"133.2160","0.2199","0.5915"
"133.2360","0.2199","0.5915"
"133.2560","0.2199","0.5915"
"133.2760","0.2199","0.5915"
"133.2960","0.2199","0.5915"
"133.3160","0.2199","0.5915"
"133.3360","0.2199","0.5915"
"133.3560","0.2199","0.5914"
"133.3760","0.2199","0.5915"
"133.3960","0.2199","0.5914"
"133.4160","0.2199","0.5914"
"133.4360","0.2199","0.5914"
"133.4560","0.2199","0.5914"
"133.4760","0.2199","0.5913"
"133.4960","0.2199","0.5913"
"133.5160","0.2199","0.5913"
"133.5360","0.2199","0.5914"
"133.5560","0.2199","0.5914"
"133.5760","0.2199","0.5914"
"133.5960","0.2199","0.5913"
"133.6160","0.2199","0.5914"
"133.6360","0.2199","0.5914"
"133.6560","0.2199","0.5914"
"133.6760","0.2199","0.5913"
"133.6960","0.2199","0.5913"
"133.7160","0.2199","0.5913"
"133.7360","0.2199","0.5914"
"133.7560","0.2199","0.5914"
"133.7760","0.2199","0.5914"
"133.7960","0.2199","0.5913"
"133.8160","0.2199","0.5913"
"133.8360","0.2199","0.5913"
"133.8560","0.2199","0.5913"
"133.8760","0.2199","0.5913"
"133.8960","0.2199","0.5912"
"133.9160","0.2199","0.5912"
"133.9360","0.2199","0.5913"
"133.9560","0.2199","0.5912"
"133.9760","0.2199","0.5912"
"133.9960","0.2199","0.5912"
"134.0160","0.2199","0.5912"
"134.0360","0.2199","0.5912"
"134.0560","0.2199","0.5912"
"134.0760","0.2199","0.5912"
"134.0960","0.2199","0.5913"
"134.1160","0.2199","0.5913"
"134.1360","0.2199","0.5913"
"134.1560","0.2199","0.5912"
"134.1760","0.2199","0.5912"
"134.1960","0.2199","0.5911"
"134.2160","0.2199","0.5911"
"134.2360","0.2199","0.5910"
"134.2560","0.2199","0.5910"
"134.2760","0.2199","0.5911"
"134.2960","0.2199","0.5912"
"134.3160","0.2199","0.5912"
"134.3360","0.2199","0.5911"
"134.3560","0.2199","0.5911"
"134.3760","0.2199","0.5911"
"134.3960","0.2199","0.5911"
"134.4160","0.2199","0.5910"
"134.4360","0.2199","0.5911"
"134.4560","0.2199","0.5910"
"134.4760","0.2199","0.5911"
"134.4960","0.2199","0.5911"
"134.5160","0.2199","0.5910"
"134.5360","0.2199","0.5910"
"134.5560","0.2199","0.5910"
"134.5760","0.2199","0.5910"
"134.5960","0.2199","0.5910"
"134.6160","0.2199","0.5910"
"134.6360","0.2199","0.5910"
"134.6560","0.2199","0.5910"
"134.6760","0.2199","0.5909"
"134.6960","0.2199","0.5910"
"134.7160","0.2199","0.5909"
"134.7360","0.2199","0.5910"
"134.7560","0.2199","0.5911"
"134.7760","0.2199","0.5910"
"134.7960","0.2199","0.5910"
"134.8160","0.2199","0.5909"
"134.8360","0.2199","0.5909"
"134.8560","0.2199","0.5909"
"134.8760","0.2199","0.5910"
"134.8960","0.2199","0.5909"
"134.9160","0.2199","0.5909"
"134.9360","0.2199","0.5909"
"134.9560","0.2199","0.5908"
"134.9760","0.2199","0.5908"
"134.9960","0.2199","0.5907"
"135.0160","0.2199","0.5908"
"135.0360","0.2199","0.5908"
"135.0560","0.2199","0.5908"
"135.0760","0.2199","0.5909"
"135.0960","0.2199","0.5908"
"135.1160","0.2199","0.5907"
"135.1360","0.2199","0.5908"
"135.1560","0.2199","0.5907"
"135.1760","0.2199","0.5908"
"135.1960","0.2199","0.5907"
"135.2160","0.2199","0.5908"
"135.2360","0.2199","0.5908"
"135.2560","0.2199","0.5908"
"135.2760","0.2199","0.5907"
"135.2960","0.2199","0.5907"
"135.3160","0.2199","0.5907"
"135.3360","0.2199","0.5908"
"135.3560","0.2199","0.5908"
"135.3760","0.2199","0.5908"
"135.3960","0.2199","0.5907"
"135.4160","0.2199","0.5907"
"135.4360","0.2199","0.5908"
"135.4560","0.2199","0.5907"
"135.4760","0.2199","0.5907"
"135.4960","0.2199","0.5908"
"135.5160","0.2199","0.5908"
"135.5360","0.2199","0.5908"
"135.5560","0.2199","0.5907"
"135.5760","0.2199","0.5907"
"135.5960","0.2199","0.5907"
"135.6160","0.2199","0.5907"
"135.6360","0.2199","0.5906"
"135.6560","0.2199","0.5906"
"135.6760","0.2199","0.5905"
"135.6960","0.2199","0.5905"
"135.7160","0.2199","0.5906"
"135.7360","0.2199","0.5906"
"135.7560","0.2199","0.5906"
"135.7760","0.2199","0.5905"
"135.7960","0.2199","0.5905"
"135.8160","0.2199","0.5906"
"135.8360","0.2199","0.5906"
"135.8560","0.2199","0.5905"
"135.8760","0.2199","0.5906"
"135.8960","0.2199","0.5905"
"135.9160","0.2199","0.5906"
"135.9360","0.2199","0.5905"
"135.9560","0.2199","0.5905"
"135.9760","0.2199","0.5906"
"135.9960","0.2199","0.5906"
"136.0160","0.2199","0.5904"
"136.0360","0.2199","0.5904"
"136.0560","0.2199","0.5905"
"136.0760","0.2199","0.5905"
"136.0960","0.2199","0.5904"
"136.1160","0.2199","0.5904"
"136.1360","0.2199","0.5905"
"136.1560","0.2199","0.5904"
"136.1760","0.2199","0.5904"
"136.1960","0.2199","0.5904"
"136.2160","0.2199","0.5904"
"136.2360","0.2199","0.5905"
"136.2560","0.2199","0.5905"
"136.2760","0.2199","0.5905"
"136.2960","0.2199","0.5905"
"136.3160","0.2199","0.5904"
"136.3360","0.2199","0.5903"
"136.3560","0.2199","0.5903"
"136.3760","0.2199","0.5904"
"136.3960","0.2199","0.5904"
"136.4160","0.2199","0.5904"
"136.4360","0.2199","0.5904"
"136.4560","0.2199","0.5904"
"136.4760","0.2199","0.5904"
"136.4960","0.2199","0.5903"
"136.5160","0.2199","0.5904"
"136.5360","0.2199","0.5904"
"136.5560","0.2199","0.5903"
"136.5760","0.2199","0.5903"
"136.5960","0.2199","0.5903"
"136.6160","0.2199","0.5903"
"136.6360","0.2199","0.5903"
"136.6560","0.2199","0.5903"
"136.6760","0.2199","0.5902"
"136.6960","0.2199","0.5903"
"136.7160","0.2199","0.5903"
"136.7360","0.2199","0.5902"
"136.7560","0.2199","0.5902"
"136.7760","0.2199","0.5902"
"136.7960","0.2199","0.5902"
"136.8160","0.2199","0.5902"
"136.8360","0.2199","0.5903"
"136.8560","0.2199","0.5903"
"136.8760","0.2199","0.5903"
"136.8960","0.2199","0.5903"
"136.9160","0.2199","0.5903"
"136.9360","0.2199","0.5902"
"136.9560","0.2199","0.5902"
"136.9760","0.2199","0.5901"
"136.9960","0.2199","0.5902"
"137.0160","0.2199","0.5902"
"137.0360","0.2199","0.5902"
"137.0560","0.2199","0.5902"
"137.0760","0.2199","0.5902"
"137.0960","0.2199","0.5902"
"137.1160","0.2199","0.5902"
"137.1360","0.2199","0.5902"
"137.1560","0.2199","0.5901"
"137.1760","0.2199","0.5901"
"137.1960","0.2199","0.5901"
"137.2160","0.2199","0.5902"
"137.2360","0.2199","0.5902"
"137.2560","0.2199","0.5901"
"137.2760","0.2199","0.5901"
"137.2960","0.2199","0.5901"
"137.3160","0.2199","0.5900"
"137.3360","0.2199","0.5900"
"137.3560","0.2199","0.5900"
"137.3760","0.2199","0.5900"
"137.3960","0.2199","0.5900"
"137.4160","0.2199","0.5900"
"137.4360","0.2199","0.5900"
"137.4560","0.2199","0.5900"
"137.4760","0.2199","0.5900"
"137.4960","0.2199","0.5901"
"137.5160","0.2199","0.5901"
"137.5360","0.2199","0.5900"
"137.5560","0.2199","0.5900"
"137.5760","0.2199","0.5900"
"137.5960","0.2199","0.5900"
"137.6160","0.2199","0.5900"
"137.6360","0.2199","0.5900"
"137.6560","0.2199","0.5899"
"137.6760","0.2199","0.5900"
"137.6960","0.2199","0.5899"
"137.7160","0.2199","0.5899"
"137.7360","0.2199","0.5899"
"137.7560","0.2199","0.5899"
"137.7760","0.2199","0.5898"
"137.7960","0.2199","0.5899"
"137.8160","0.2199","0.5899"
"137.8360","0.2199","0.5899"
"137.8560","0.2199","0.5899"
"137.8760","0.2199","0.5899"
"137.8960","0.2199","0.5898"
"137.9160","0.2199","0.5898"
"137.9360","0.2199","0.5898"
"137.9560","0.2199","0.5898"
"137.9760","0.2199","0.5899"
"137.9960","0.2199","0.5898"
"138.0160","0.2199","0.5898"
"138.0360","0.2199","0.5898"
"138.0560","0.2199","0.5899"
"138.0760","0.2199","0.5898"
"138.0960","0.2199","0.5898"
"138.1160","0.2199","0.5897"
"138.1360","0.2199","0.5898"
"138.1560","0.2199","0.5898"
"138.1760","0.2199","0.5898"
"138.1960","0.2199","0.5898"
"138.2160","0.2199","0.5898"
"138.2360","0.2199","0.5898"
"138.2560","0.2199","0.5897"
"138.2760","0.2199","0.5897"
"138.2960","0.2199","0.5897"
"138.3160","0.2199","0.5897"
"138.3360","0.2199","0.5897"
"138.3560","0.2199","0.5897"
"138.3760","0.2199","0.5897"
"138.3960","0.2199","0.5897"
"138.4160","0.2199","0.5897"
"138.4360","0.2199","0.5898"
"138.4560","0.2199","0.5898"
"138.4760","0.2199","0.5897"
"138.4960","0.2199","0.5897"
"138.5160","0.2199","0.5897"
"138.5360","0.2199","0.5897"
"138.5560","0.2199","0.5897"
"138.5760","0.2199","0.5897"
"138.5960","0.2199","0.5897"
"138.6160","0.2199","0.5897"
"138.6360","0.2199","0.5897"
"138.6560","0.2199","0.5897"
"138.6760","0.2199","0.5896"
"138.6960","0.2199","0.5896"
"138.7160","0.2199","0.5896"
"138.7360","0.2199","0.5896"
"138.7560","0.2199","0.5897"
"138.7760","0.2199","0.5896"
"138.7960","0.2199","0.5895"
"138.8160","0.2199","0.5896"
"138.8360","0.2199","0.5897"
"138.8560","0.2199","0.5896"
"138.8760","0.2199","0.5896"
"138.8960","0.2199","0.5895"
"138.9160","0.2199","0.5895"
"138.9360","0.2199","0.5895"
"138.9560","0.2199","0.5896"
"138.9760","0.2199","0.5895"
"138.9960","0.2199","0.5894"
"139.0160","0.2199","0.5895"
"139.0360","0.2199","0.5895"
"139.0560","0.2199","0.5895"
"139.0760","0.2199","0.5895"
"139.0960","0.2199","0.5895"
"139.1160","0.2199","0.5895"
"139.1360","0.2199","0.5894"
"139.1560","0.2199","0.5894"
"139.1760","0.2199","0.5895"
"139.1960","0.2199","0.5894"
"139.2160","0.2199","0.5894"
"139.2360","0.2199","0.5894"
"139.2560","0.2199","0.5894"
"139.2760","0.2199","0.5894"
"139.2960","0.2199","0.5894"
"139.3160","0.2199","0.5894"
"139.3360","0.2199","0.5894"
"139.3560","0.2199","0.5895"
"139.3760","0.2199","0.5894"
"139.3960","0.2199","0.5893"
"139.4160","0.2199","0.5893"
"139.4360","0.2199","0.5893"
"139.4560","0.2199","0.5894"
"139.4760","0.2199","0.5894"
"139.4960","0.2199","0.5893"
"139.5160","0.2199","0.5893"
"139.5360","0.2199","0.5893"
"139.5560","0.2199","0.5893"
"139.5760","0.2199","0.5893"
"139.5960","0.2199","0.5893"
"139.6160","0.2199","0.5893"
"139.6360","0.2199","0.5893"
"139.6560","0.2199","0.5893"
"139.6760","0.2199","0.5892"
"139.6960","0.2199","0.5892"
"139.7160","0.2199","0.5892"
"139.7360","0.2199","0.5892"
"139.7560","0.2199","0.5893"
"139.7760","0.2199","0.5892"
"139.7960","0.2199","0.5892"
"139.8160","0.2199","0.5892"
"139.8360","0.2199","0.5893"
"139.8560","0.2199","0.5892"
"139.8760","0.2199","0.5892"
"139.8960","0.2199","0.5891"
"139.9160","0.2199","0.5891"
"139.9360","0.2199","0.5892"
"139.9560","0.2199","0.5891"
"139.9760","0.2199","0.5891"
"139.9960","0.2199","0.5891"
"140.0160","0.2199","0.5891"
"140.0360","0.2199","0.5892"
"140.0560","0.2199","0.5891"
"140.0760","0.2199","0.5891"
"140.0960","0.2199","0.5891"
"140.1160","0.2199","0.5891"
"140.1360","0.2199","0.5891"
"140.1560","0.2199","0.5891"
"140.1760","0.2199","0.5892"
"140.1960","0.2199","0.5891"
"140.2160","0.2199","0.5891"
"140.2360","0.2199","0.5892"
"140.2560","0.2199","0.5891"
"140.2760","0.2199","0.5891"
"140.2960","0.2199","0.5891"
"140.3160","0.2199","0.5891"
"140.3360","0.2199","0.5890"
"140.3560","0.2199","0.5889"
"140.3760","0.2199","0.5889"
"140.3960","0.2199","0.5890"
"140.4160","0.2199","0.5890"
"140.4360","0.2199","0.5890"
"140.4560","0.2199","0.5890"
"140.4760","0.2199","0.5889"
"140.4960","0.2199","0.5890"
"140.5160","0.2199","0.5889"
"140.5360","0.2199","0.5890"
"140.5560","0.2199","0.5890"
"140.5760","0.2199","0.5889"
"140.5960","0.2199","0.5889"
"140.6160","0.2199","0.5889"
"140.6360","0.2199","0.5890"
"140.6560","0.2199","0.5890"
"140.6760","0.2199","0.5890"
"140.6960","0.2199","0.5890"
"140.7160","0.2199","0.5890"
"140.7360","0.2199","0.5888"
"140.7560","0.2199","0.5889"
"140.7760","0.2199","0.5889"
"140.7960","0.2199","0.5889"
"140.8160","0.2199","0.5890"
"140.8360","0.2199","0.5889"
"140.8560","0.2199","0.5888"
"140.8760","0.2199","0.5889"
"140.8960","0.2199","0.5889"
"140.9160","0.2199","0.5889"
"140.9360","0.2199","0.5888"
"140.9560","0.2199","0.5889"
"140.9760","0.2199","0.5889"
"140.9960","0.2199","0.5888"
"141.0160","0.2199","0.5888"
"141.0360","0.2199","0.5888"
"141.0560","0.2199","0.5887"
"141.0760","0.2199","0.5888"
"141.0960","0.2199","0.5889"
"141.1160","0.2199","0.5889"
"141.1360","0.2199","0.5888"
"141.1560","0.2199","0.5888"
"141.1760","0.2199","0.5888"
"141.1960","0.2199","0.5887"
"141.2160","0.2199","0.5887"
"141.2360","0.2199","0.5888"
"141.2560","0.2199","0.5888"
"141.2760","0.2199","0.5888"
"141.2960","0.2199","0.5888"
"141.3160","0.2199","0.5887"
"141.3360","0.2199","0.5887"
"141.3560","0.2199","0.5887"
"141.3760","0.2199","0.5887"
"141.3960","0.2199","0.5887"
"141.4160","0.2199","0.5887"
"141.4360","0.2199","0.5887"
"141.4560","0.2199","0.5886"
"141.4760","0.2199","0.5887"
"141.4960","0.2199","0.5887"
"141.5160","0.2199","0.5887"
"141.5360","0.2199","0.5886"
"141.5560","0.2199","0.5887"
"141.5760","0.2199","0.5886"
"141.5960","0.2199","0.5886"
"141.6160","0.2199","0.5887"
"141.6360","0.2199","0.5886"
"141.6560","0.2199","0.5886"
"141.6760","0.2199","0.5887"
"141.6960","0.2199","0.5886"
"141.7160","0.2199","0.5886"
"141.7360","0.2199","0.5885"
"141.7560","0.2199","0.5885"
"141.7760","0.2199","0.5886"
"141.7960","0.2199","0.5886"
"141.8160","0.2199","0.5886"
"141.8360","0.2199","0.5886"
"141.8560","0.2199","0.5885"
"141.8760","0.2199","0.5886"
"141.8960","0.2199","0.5886"
"141.9160","0.2199","0.5886"
"141.9360","0.2199","0.5886"
"141.9560","0.2199","0.5886"
"141.9760","0.2199","0.5886"
"141.9960","0.2199","0.5885"
"142.0160","0.2199","0.5886"
"142.0360","0.2199","0.5886"
"142.0560","0.2199","0.5885"
"142.0760","0.2199","0.5884"
"142.0960","0.2199","0.5884"
"142.1160","0.2199","0.5884"
"142.1360","0.2199","0.5884"
"142.1560","0.2199","0.5884"
"142.1760","0.2199","0.5885"
"142.1960","0.2199","0.5885"
"142.2160","0.2199","0.5884"
"142.2360","0.2199","0.5883"
"142.2560","0.2199","0.5884"
"142.2760","0.2199","0.5885"
"142.2960","0.2199","0.5884"
"142.3160","0.2199","0.5883"
"142.3360","0.2199","0.5883"
"142.3560","0.2199","0.5884"
"142.3760","0.2199","0.5884"
"142.3960","0.2199","0.5884"
"142.4160","0.2199","0.5884"
"142.4360","0.2199","0.5884"
"142.4560","0.2199","0.5884"
"142.4760","0.2199","0.5884"
"142.4960","0.2199","0.5883"
"142.5160","0.2199","0.5883"
"142.5360","0.2199","0.5883"
"142.5560","0.2199","0.5883"
"142.5760","0.2199","0.5883"
"142.5960","0.2199","0.5883"
"142.6160","0.2199","0.5883"
"142.6360","0.2199","0.5883"
"142.6560","0.2199","0.5883"
"142.6760","0.2199","0.5882"
"142.6960","0.2199","0.5883"
"142.7160","0.2199","0.5883"
"142.7360","0.2199","0.5883"
"142.7560","0.2199","0.5883"
"142.7760","0.2199","0.5883"
"142.7960","0.2199","0.5882"
"142.8160","0.2199","0.5882"
"142.8360","0.2199","0.5882"
"142.8560","0.2199","0.5882"
"142.8760","0.2199","0.5882"
"142.8960","0.2199","0.5882"
"142.9160","0.2199","0.5882"
"142.9360","0.2199","0.5882"
"142.9560","0.2199","0.5881"
"142.9760","0.2199","0.5881"
"142.9960","0.2199","0.5882"
"143.0160","0.2199","0.5882"
"143.0360","0.2199","0.5882"
"143.0560","0.2199","0.5882"
"143.0760","0.2199","0.5882"
"143.0960","0.2199","0.5882"
"143.1160","0.2199","0.5883"
"143.1360","0.2199","0.5882"
"143.1560","0.2199","0.5881"
"143.1760","0.2199","0.5881"
"143.1960","0.2199","0.5880"
"143.2160","0.2199","0.5881"
"143.2360","0.2199","0.5881"
"143.2560","0.2199","0.5881"
"143.2760","0.2199","0.5880"
"143.2960","0.2199","0.5880"
"143.3160","0.2199","0.5881"
"143.3360","0.2199","0.5881"
"143.3560","0.2199","0.5881"
"143.3760","0.2199","0.5882"
"143.3960","0.2199","0.5881"
"143.4160","0.2199","0.5881"
"143.4360","0.2199","0.5881"
"143.4560","0.2199","0.5881"
"143.4760","0.2199","0.5881"
"143.4960","0.2199","0.5880"
"143.5160","0.2199","0.5880"
"143.5360","0.2199","0.5881"
"143.5560","0.2199","0.5881"
"143.5760","0.2199","0.5881"
"143.5960","0.2199","0.5880"
"143.6160","0.2199","0.5880"
"143.6360","0.2199","0.5880"
"143.6560","0.2199","0.5879"
"143.6760","0.2199","0.5879"
"143.6960","0.2199","0.5879"
"143.7160","0.2199","0.5880"
"143.7360","0.2199","0.5879"
"143.7560","0.2199","0.5879"
"143.7760","0.2199","0.5879"
"143.7960","0.2199","0.5879"
"143.8160","0.2199","0.5879"
"143.8360","0.2199","0.5879"
"143.8560","0.2199","0.5879"
"143.8760","0.2199","0.5879"
"143.8960","0.2199","0.5880"
"143.9160","0.2199","0.5879"
"143.9360","0.2199","0.5879"
"143.9560","0.2199","0.5879"
"143.9760","0.2199","0.5878"
"143.9960","0.2199","0.5878"
"144.0160","0.2199","0.5878"
"144.0360","0.2199","0.5878"
"144.0560","0.2199","0.5878"
"144.0760","0.2199","0.5879"
"144.0960","0.2199","0.5878"
"144.1160","0.2199","0.5879"
"144.1360","0.2199","0.5879"
"144.1560","0.2199","0.5880"
"144.1760","0.2199","0.5879"
"144.1960","0.2199","0.5878"
"144.2160","0.2199","0.5878"
"144.2360","0.2199","0.5878"
"144.2560","0.2199","0.5878"
"144.2760","0.2199","0.5878"
"144.2960","0.2199","0.5878"
"144.3160","0.2199","0.5877"
"144.3360","0.2199","0.5877"
"144.3560","0.2199","0.5877"
"144.3760","0.2199","0.5877"
"144.3960","0.2199","0.5876"
"144.4160","0.2199","0.5876"
"144.4360","0.2199","0.5877"
"144.4560","0.2199","0.5878"
"144.4760","0.2199","0.5877"
"144.4960","0.2199","0.5877"
"144.5160","0.2199","0.5876"
"144.5360","0.2199","0.5876"
"144.5560","0.2199","0.5876"
"144.5760","0.2199","0.5876"
"144.5960","0.2199","0.5877"
"144.6160","0.2199","0.5877"
"144.6360","0.2199","0.5877"
"144.6560","0.2199","0.5877"
"144.6760","0.2199","0.5876"
"144.6960","0.2199","0.5876"
"144.7160","0.2199","0.5877"
"144.7360","0.2199","0.5877"
"144.7560","0.2199","0.5876"
"144.7760","0.2199","0.5876"
"144.7960","0.2199","0.5876"
"144.8160","0.2199","0.5876"
"144.8360","0.2199","0.5876"
"144.8560","0.2199","0.5876"
"144.8760","0.2199","0.5876"
"144.8960","0.2199","0.5877"
"144.9160","0.2199","0.5876"
"144.9360","0.2199","0.5876"
"144.9560","0.2199","0.5876"
"144.9760","0.2199","0.5875"
"144.9960","0.2199","0.5876"
"145.0160","0.2199","0.5875"
"145.0360","0.2199","0.5876"
"145.0560","0.2199","0.5876"
"145.0760","0.2199","0.5874"
"145.0960","0.2199","0.5874"
"145.1160","0.2199","0.5874"
"145.1360","0.2199","0.5875"
"145.1560","0.2199","0.5875"
"145.1760","0.2199","0.5875"
"145.1960","0.2199","0.5875"
"145.2160","0.2199","0.5875"
"145.2360","0.2199","0.5874"
"145.2560","0.2199","0.5874"
"145.2760","0.2199","0.5874"
"145.2960","0.2199","0.5875"
"145.3160","0.2199","0.5875"
"145.3360","0.2199","0.5874"
"145.3560","0.2199","0.5875"
"145.3760","0.2199","0.5874"
"145.3960","0.2199","0.5875"
"145.4160","0.2199","0.5874"
"145.4360","0.2199","0.5874"
"145.4560","0.2199","0.5874"
"145.4760","0.2199","0.5874"
"145.4960","0.2199","0.5874"
"145.5160","0.2199","0.5874"
"145.5360","0.2199","0.5874"
"145.5560","0.2199","0.5874"
"145.5760","0.2199","0.5874"
"145.5960","0.2199","0.5873"
"145.6160","0.2199","0.5873"
"145.6360","0.2199","0.5874"
"145.6560","0.2199","0.5875"
"145.6760","0.2199","0.5873"
"145.6960","0.2199","0.5873"
"145.7160","0.2199","0.5873"
"145.7360","0.2199","0.5873"
"145.7560","0.2199","0.5873"
"145.7760","0.2199","0.5872"
"145.7960","0.2199","0.5872"
"145.8160","0.2199","0.5872"
"145.8360","0.2199","0.5873"
"145.8560","0.2199","0.5873"
"145.8760","0.2199","0.5872"
"145.8960","0.2199","0.5872"
"145.9160","0.2199","0.5872"
"145.9360","0.2199","0.5871"
"145.9560","0.2199","0.5872"
"145.9760","0.2199","0.5873"
"145.9960","0.2199","0.5873"
"146.0160","0.2199","0.5872"
"146.0360","0.2199","0.5872"
"146.0560","0.2199","0.5871"
"146.0760","0.2199","0.5872"
"146.0960","0.2199","0.5873"
"146.1160","0.2199","0.5872"
"146.1360","0.2199","0.5872"
"146.1560","0.2199","0.5872"
"146.1760","0.2199","0.5871"
"146.1960","0.2199","0.5872"
"146.2160","0.2199","0.5872"
"146.2360","0.2199","0.5871"
"146.2560","0.2199","0.5872"
"146.2760","0.2199","0.5872"
"146.2960","0.2199","0.5871"
"146.3160","0.2199","0.5871"
"146.3360","0.2199","0.5872"
"146.3560","0.2199","0.5872"
"146.3760","0.2199","0.5872"
"146.3960","0.2199","0.5871"
"146.4160","0.2199","0.5871"
"146.4360","0.2199","0.5871"
"146.4560","0.2199","0.5871"
"146.4760","0.2199","0.5871"
"146.4960","0.2199","0.5871"
"146.5160","0.2199","0.5871"
"146.5360","0.2199","0.5871"
"146.5560","0.2199","0.5871"
"146.5760","0.2199","0.5870"
"146.5960","0.2199","0.5871"
"146.6160","0.2199","0.5871"
"146.6360","0.2199","0.5871"
"146.6560","0.2199","0.5871"
"146.6760","0.2199","0.5871"
"146.6960","0.2199","0.5870"
"146.7160","0.2199","0.5870"
"146.7360","0.2199","0.5870"
"146.7560","0.2199","0.5870"
"146.7760","0.2199","0.5870"
"146.7960","0.2199","0.5870"
"146.8160","0.2199","0.5871"
"146.8360","0.2199","0.5870"
"146.8560","0.2199","0.5869"
"146.8760","0.2199","0.5869"
"146.8960","0.2199","0.5869"
"146.9160","0.2199","0.5869"
"146.9360","0.2199","0.5869"
"146.9560","0.2199","0.5868"
"146.9760","0.2199","0.5868"
"146.9960","0.2199","0.5869"
"147.0160","0.2199","0.5869"
"147.0360","0.2199","0.5869"
"147.0560","0.2199","0.5869"
"147.0760","0.2199","0.5870"
"147.0960","0.2199","0.5870"
"147.1160","0.2199","0.5870"
"147.1360","0.2199","0.5869"
"147.1560","0.2199","0.5868"
"147.1760","0.2199","0.5869"
"147.1960","0.2199","0.5869"
"147.2160","0.2199","0.5868"
"147.2360","0.2199","0.5869"
"147.2560","0.2199","0.5869"
"147.2760","0.2199","0.5869"
"147.2960","0.2199","0.5868"
"147.3160","0.2199","0.5868"
"147.3360","0.2199","0.5868"
"147.3560","0.2199","0.5868"
"147.3760","0.2199","0.5869"
"147.3960","0.2199","0.5868"
"147.4160","0.2199","0.5868"
"147.4360","0.2199","0.5868"
"147.4560","0.2199","0.5868"
"147.4760","0.2199","0.5868"
"147.4960","0.2199","0.5868"
"147.5160","0.2199","0.5868"
"147.5360","0.2199","0.5868"
"147.5560","0.2199","0.5868"
"147.5760","0.2199","0.5868"
"147.5960","0.2199","0.5868"
"147.6160","0.2199","0.5868"
"147.6360","0.2199","0.5868"
"147.6560","0.2199","0.5867"
"147.6760","0.2199","0.5867"
"147.6960","0.2199","0.5867"
"147.7160","0.2199","0.5867"
"147.7360","0.2199","0.5867"
"147.7560","0.2199","0.5866"
"147.7760","0.2199","0.5866"
"147.7960","0.2199","0.5866"
"147.8160","0.2199","0.5866"
"147.8360","0.2199","0.5866"
"147.8560","0.2199","0.5867"
"147.8760","0.2199","0.5867"
"147.8960","0.2199","0.5867"
"147.9160","0.2199","0.5866"
"147.9360","0.2199","0.5866"
"147.9560","0.2199","0.5867"
"147.9760","0.2199","0.5867"
"147.9960","0.2199","0.5866"
"148.0160","0.2199","0.5866"
"148.0360","0.2199","0.5866"
"148.0560","0.2199","0.5866"
"148.0760","0.2199","0.5866"
"148.0960","0.2199","0.5866"
"148.1160","0.2199","0.5865"
"148.1360","0.2199","0.5865"
"148.1560","0.2199","0.5866"
"148.1760","0.2199","0.5866"
"148.1960","0.2199","0.5866"
"148.2160","0.2199","0.5866"
"148.2360","0.2199","0.5866"
"148.2560","0.2199","0.5866"
"148.2760","0.2199","0.5865"
"148.2960","0.2199","0.5864"
"148.3160","0.2199","0.5865"
"148.3360","0.2199","0.5866"
"148.3560","0.2199","0.5865"
"148.3760","0.2199","0.5865"
"148.3960","0.2199","0.5865"
"148.4160","0.2199","0.5865"
"148.4360","0.2199","0.5865"
"148.4560","0.2199","0.5865"
"148.4760","0.2199","0.5864"
"148.4960","0.2199","0.5864"
"148.5160","0.2199","0.5865"
"148.5360","0.2199","0.5865"
"148.5560","0.2199","0.5865"
"148.5760","0.2199","0.5865"
"148.5960","0.2199","0.5865"
"148.6160","0.2199","0.5865"
"148.6360","0.2199","0.5865"
"148.6560","0.2199","0.5864"
"148.6760","0.2199","0.5863"
"148.6960","0.2199","0.5863"
"148.7160","0.2199","0.5864"
"148.7360","0.2199","0.5864"
"148.7560","0.2199","0.5864"
"148.7760","0.2199","0.5863"
"148.7960","0.2199","0.5863"
"148.8160","0.2199","0.5863"
"148.8360","0.2199","0.5863"
"148.8560","0.2199","0.5864"
"148.8760","0.2199","0.5864"
"148.8960","0.2199","0.5864"
"148.9160","0.2199","0.5863"
"148.9360","0.2199","0.5864"
"148.9560","0.2199","0.5864"
"148.9760","0.2199","0.5863"
"148.9960","0.2199","0.5863"
"149.0160","0.2199","0.5864"
"149.0360","0.2199","0.5863"
"149.0560","0.2199","0.5863"
"149.0760","0.2199","0.5862"
"149.0960","0.2199","0.5863"
"149.1160","0.2199","0.5863"
"149.1360","0.2199","0.5863"
"149.1560","0.2199","0.5863"
"149.1760","0.2199","0.5863"
"149.1960","0.2199","0.5863"
"149.2160","0.2199","0.5863"
"149.2360","0.2199","0.5862"
"149.2560","0.2199","0.5862"
"149.2760","0.2199","0.5862"
"149.2960","0.2199","0.5863"
"149.3160","0.2199","0.5863"
"149.3360","0.2199","0.5862"
"149.3560","0.2199","0.5861"
"149.3760","0.2199","0.5862"
"149.3960","0.2199","0.5863"
"149.4160","0.2199","0.5862"
"149.4360","0.2199","0.5861"
"149.4560","0.2199","0.5861"
"149.4760","0.2199","0.5862"
"149.4960","0.2199","0.5861"
"149.5160","0.2199","0.5862"
"149.5360","0.2199","0.5862"
"149.5560","0.2199","0.5862"
"149.5760","0.2199","0.5861"
"149.5960","0.2199","0.5862"
"149.6160","0.2199","0.5862"
"149.6360","0.2199","0.5861"
"149.6560","0.2199","0.5861"
"149.6760","0.2199","0.5861"
"149.6960","0.2199","0.5862"
"149.7160","0.2199","0.5861"
"149.7360","0.2199","0.5861"
"149.7560","0.2199","0.5861"
"149.7760","0.2199","0.5861"
"149.7960","0.2199","0.5861"
"149.8160","0.2199","0.5861"
"149.8360","0.2199","0.5862"
"149.8560","0.2199","0.5862"
"149.8760","0.2199","0.5861"
"149.8960","0.2199","0.5860"
"149.9160","0.2199","0.5861"
"149.9360","0.2199","0.5861"
"149.9560","0.2199","0.5861"
"149.9760","0.2199","0.5861"
"149.9960","0.2199","0.5860"
"150.0160","0.2199","0.5860"
"150.0360","0.2199","0.5860"
"150.0560","0.2199","0.5860"
"150.0760","0.2199","0.5859"
"150.0960","0.2199","0.5859"
"150.1160","0.2199","0.5859"
"150.1360","0.2199","0.5859"
"150.1560","0.2199","0.5859"
"150.1760","0.2199","0.5860"
"150.1960","0.2199","0.5860"
"150.2160","0.2199","0.5859"
"150.2360","0.2199","0.5859"
"150.2560","0.2199","0.5859"
"150.2760","0.2199","0.5859"
"150.2960","0.2199","0.5860"
"150.3160","0.2199","0.5860"
"150.3360","0.2199","0.5860"
"150.3560","0.2199","0.5859"
"150.3760","0.2199","0.5860"
"150.3960","0.2199","0.5860"
"150.4160","0.2199","0.5859"
"150.4360","0.2199","0.5859"
"150.4560","0.2199","0.5860"
"150.4760","0.2199","0.5860"
"150.4960","0.2199","0.5859"
"150.5160","0.2199","0.5859"
"150.5360","0.2199","0.5858"
"150.5560","0.2199","0.5858"
"150.5760","0.2199","0.5858"
"150.5960","0.2199","0.5858"
"150.6160","0.2199","0.5858"
"150.6360","0.2199","0.5858"
"150.6560","0.2199","0.5859"
"150.6760","0.2199","0.5859"
"150.6960","0.2199","0.5858"
"150.7160","0.2199","0.5857"
"150.7360","0.2199","0.5857"
"150.7560","0.2199","0.5857"
"150.7760","0.2199","0.5857"
"150.7960","0.2199","0.5857"
"150.8160","0.2199","0.5857"
"150.8360","0.2199","0.5857"
"150.8560","0.2199","0.5857"
"150.8760","0.2199","0.5856"
"150.8960","0.2199","0.5856"
"150.9160","0.2199","0.5857"
"150.9360","0.2199","0.5857"
"150.9560","0.2199","0.5856"
"150.9760","0.2199","0.5856"
"150.9960","0.2199","0.5857"
"151.0160","0.2199","0.5856"
"151.0360","0.2199","0.5856"
"151.0560","0.2199","0.5857"
"151.0760","0.2199","0.5857"
"151.0960","0.2199","0.5857"
"151.1160","0.2199","0.5857"
"151.1360","0.2199","0.5857"
"151.1560","0.2199","0.5856"
"151.1760","0.2199","0.5855"
"151.1960","0.2199","0.5855"
"151.2160","0.2199","0.5857"
"151.2360","0.2199","0.5857"
"151.2560","0.2199","0.5857"
"151.2760","0.2199","0.5856"
"151.2960","0.2199","0.5856"
"151.3160","0.2199","0.5855"
"151.3360","0.2199","0.5857"
"151.3560","0.2199","0.5857"
"151.3760","0.2199","0.5856"
"151.3960","0.2199","0.5856"
"151.4160","0.2199","0.5856"
"151.4360","0.2199","0.5856"
"151.4560","0.2199","0.5856"
"151.4760","0.2199","0.5855"
"151.4960","0.2199","0.5856"
"151.5160","0.2199","0.5856"
"151.5360","0.2199","0.5855"
"151.5560","0.2199","0.5855"
"151.5760","0.2199","0.5856"
"151.5960","0.2199","0.5856"
"151.6160","0.2199","0.5856"
"151.6360","0.2199","0.5855"
"151.6560","0.2199","0.5856"
"151.6760","0.2199","0.5855"
"151.6960","0.2199","0.5854"
"151.7160","0.2199","0.5854"
"151.7360","0.2199","0.5854"
"151.7560","0.2199","0.5854"
"151.7760","0.2199","0.5855"
"151.7960","0.2199","0.5854"
"151.8160","0.2199","0.5854"
"151.8360","0.2199","0.5854"
"151.8560","0.2199","0.5855"
"151.8760","0.2199","0.5855"
"151.8960","0.2199","0.5854"
"151.9160","0.2199","0.5854"
"151.9360","0.2199","0.5854"
"151.9560","0.2199","0.5854"
"151.9760","0.2199","0.5854"
"151.9960","0.2199","0.5854"
"152.0160","0.2199","0.5855"
"152.0360","0.2199","0.5854"
"152.0560","0.2199","0.5854"
"152.0760","0.2199","0.5854"
"152.0960","0.2199","0.5855"
"152.1160","0.2199","0.5854"
"152.1360","0.2199","0.5853"
"152.1560","0.2199","0.5854"
"152.1760","0.2199","0.5854"
"152.1960","0.2199","0.5853"
"152.2160","0.2199","0.5853"
"152.2360","0.2199","0.5853"
"152.2560","0.2199","0.5853"
"152.2760","0.2199","0.5854"
"152.2960","0.2199","0.5854"
"152.3160","0.2199","0.5854"
"152.3360","0.2199","0.5853"
"152.3560","0.2199","0.5853"
"152.3760","0.2199","0.5853"
"152.3960","0.2199","0.5853"
"152.4160","0.2199","0.5854"
"152.4360","0.2199","0.5854"
"152.4560","0.2199","0.5853"
"152.4760","0.2199","0.5852"
"152.4960","0.2199","0.5852"
"152.5160","0.2199","0.5852"
"152.5360","0.2199","0.5853"
"152.5560","0.2199","0.5853"
"152.5760","0.2199","0.5852"
"152.5960","0.2199","0.5852"
"152.6160","0.2199","0.5852"
"152.6360","0.2199","0.5852"
"152.6560","0.2199","0.5852"
"152.6760","0.2199","0.5852"
"152.6960","0.2199","0.5852"
"152.7160","0.2199","0.5852"
"152.7360","0.2199","0.5852"
"152.7560","0.2199","0.5852"
"152.7760","0.2199","0.5853"
"152.7960","0.2199","0.5852"
"152.8160","0.2199","0.5852"
"152.8360","0.2199","0.5851"
"152.8560","0.2199","0.5851"
"152.8760","0.2199","0.5852"
"152.8960","0.2199","0.5851"
"152.9160","0.2199","0.5851"
"152.9360","0.2199","0.5852"
"152.9560","0.2199","0.5852"
"152.9760","0.2199","0.5851"
"152.9960","0.2199","0.5851"
"153.0160","0.2199","0.5851"
"153.0360","0.2199","0.5851"
"153.0560","0.2199","0.5851"
"153.0760","0.2199","0.5852"
"153.0960","0.2199","0.5851"
"153.1160","0.2199","0.5851"
"153.1360","0.2199","0.5850"
"153.1560","0.2199","0.5850"
"153.1760","0.2199","0.5850"
"153.1960","0.2199","0.5851"
"153.2160","0.2199","0.5851"
"153.2360","0.2199","0.5851"
"153.2560","0.2199","0.5851"
"153.2760","0.2199","0.5851"
"153.2960","0.2199","0.5850"
"153.3160","0.2199","0.5850"
"153.3360","0.2199","0.5850"
"153.3560","0.2199","0.5850"
"153.3760","0.2199","0.5850"
"153.3960","0.2199","0.5850"
"153.4160","0.2199","0.5850"
"153.4360","0.2199","0.5849"
"153.4560","0.2199","0.5849"
"153.4760","0.2199","0.5849"
"153.4960","0.2199","0.5849"
"153.5160","0.2199","0.5849"
"153.5360","0.2199","0.5850"
"153.5560","0.2199","0.5850"
"153.5760","0.2199","0.5850"
"153.5960","0.2199","0.5849"
"153.6160","0.2199","0.5849"
"153.6360","0.2199","0.5849"
"153.6560","0.2199","0.5849"
"153.6760","0.2199","0.5849"
"153.6960","0.2199","0.5849"
"153.7160","0.2199","0.5849"
"153.7360","0.2199","0.5849"
"153.7560","0.2199","0.5849"
"153.7760","0.2199","0.5848"
"153.7960","0.2199","0.5848"
"153.8160","0.2199","0.5848"
"153.8360","0.2199","0.5849"
"153.8560","0.2199","0.5849"
"153.8760","0.2199","0.5849"
"153.8960","0.2199","0.5848"
"153.9160","0.2199","0.5848"
"153.9360","0.2199","0.5849"
"153.9560","0.2199","0.5848"
"153.9760","0.2199","0.5848"
"153.9960","0.2199","0.5847"
"154.0160","0.2199","0.5848"
"154.0360","0.2199","0.5849"
"154.0560","0.2199","0.5849"
"154.0760","0.2199","0.5848"
"154.0960","0.2199","0.5848"
"154.1160","0.2199","0.5847"
"154.1360","0.2199","0.5848"
"154.1560","0.2199","0.5847"
"154.1760","0.2199","0.5847"
"154.1960","0.2199","0.5847"
"154.2160","0.2199","0.5848"
"154.2360","0.2199","0.5847"
"154.2560","0.2199","0.5848"
"154.2760","0.2199","0.5848"
"154.2960","0.2199","0.5847"
"154.3160","0.2199","0.5847"
"154.3360","0.2199","0.5848"
"154.3560","0.2199","0.5847"
"154.3760","0.2199","0.5847"
"154.3960","0.2199","0.5847"
"154.4160","0.2199","0.5847"
"154.4360","0.2199","0.5847"
"154.4560","0.2199","0.5846"
"154.4760","0.2199","0.5847"
"154.4960","0.2199","0.5847"
"154.5160","0.2199","0.5847"
"154.5360","0.2199","0.5845"
"154.5560","0.2199","0.5845"
"154.5760","0.2199","0.5846"
"154.5960","0.2199","0.5846"
"154.6160","0.2199","0.5846"
"154.6360","0.2199","0.5846"
"154.6560","0.2199","0.5846"
"154.6760","0.2199","0.5847"
"154.6960","0.2199","0.5847"
"154.7160","0.2199","0.5846"
"154.7360","0.2199","0.5846"
"154.7560","0.2199","0.5845"
"154.7760","0.2199","0.5846"
"154.7960","0.2199","0.5845"
"154.8160","0.2199","0.5845"
"154.8360","0.2199","0.5845"
"154.8560","0.2199","0.5845"
"154.8760","0.2199","0.5844"
"154.8960","0.2199","0.5845"
"154.9160","0.2199","0.5846"
"154.9360","0.2199","0.5846"
"154.9560","0.2199","0.5845"
"154.9760","0.2199","0.5845"
"154.9960","0.2199","0.5845"
"155.0160","0.2199","0.5845"
"155.0360","0.2199","0.5845"
"155.0560","0.2199","0.5844"
"155.0760","0.2199","0.5845"
"155.0960","0.2199","0.5845"
"155.1160","0.2199","0.5845"
"155.1360","0.2199","0.5845"
"155.1560","0.2199","0.5844"
"155.1760","0.2199","0.5845"
"155.1960","0.2199","0.5845"
"155.2160","0.2199","0.5844"
"155.2360","0.2199","0.5844"
"155.2560","0.2199","0.5844"
"155.2760","0.2199","0.5845"
"155.2960","0.2199","0.5844"
"155.3160","0.2199","0.5844"
"155.3360","0.2199","0.5844"
"155.3560","0.2199","0.5844"
"155.3760","0.2199","0.5844"
"155.3960","0.2199","0.5844"
"155.4160","0.2199","0.5844"
"155.4360","0.2199","0.5844"
"155.4560","0.2199","0.5843"
"155.4760","0.2199","0.5843"
"155.4960","0.2199","0.5843"
"155.5160","0.2199","0.5843"
"155.5360","0.2199","0.5844"
"155.5560","0.2199","0.5844"
"155.5760","0.2199","0.5844"
"155.5960","0.2199","0.5843"
"155.6160","0.2199","0.5843"
"155.6360","0.2199","0.5843"
"155.6560","0.2199","0.5844"
"155.6760","0.2199","0.5845"
"155.6960","0.2199","0.5843"
"155.7160","0.2199","0.5843"
"155.7360","0.2199","0.5842"
"155.7560","0.2199","0.5842"
"155.7760","0.2199","0.5843"
"155.7960","0.2199","0.5842"
"155.8160","0.2199","0.5842"
"155.8360","0.2199","0.5842"
"155.8560","0.2199","0.5841"
"155.8760","0.2199","0.5842"
"155.8960","0.2199","0.5842"
"155.9160","0.2199","0.5843"
"155.9360","0.2199","0.5842"
"155.9560","0.2199","0.5843"
"155.9760","0.2199","0.5842"
"155.9960","0.2199","0.5841"
"156.0160","0.2199","0.5842"
"156.0360","0.2199","0.5842"
"156.0560","0.2199","0.5842"
"156.0760","0.2199","0.5842"
"156.0960","0.2199","0.5841"
"156.1160","0.2199","0.5841"
"156.1360","0.2199","0.5841"
"156.1560","0.2199","0.5841"
"156.1760","0.2199","0.5841"
"156.1960","0.2199","0.5842"
"156.2160","0.2199","0.5842"
"156.2360","0.2199","0.5841"
"156.2560","0.2199","0.5840"
"156.2760","0.2199","0.5840"
"156.2960","0.2199","0.5841"
"156.3160","0.2199","0.5841"
"156.3360","0.2199","0.5841"
"156.3560","0.2199","0.5842"
"156.3760","0.2199","0.5841"
"156.3960","0.2199","0.5840"
"156.4160","0.2199","0.5840"
"156.4360","0.2199","0.5840"
"156.4560","0.2199","0.5840"
"156.4760","0.2199","0.5841"
"156.4960","0.2199","0.5841"
"156.5160","0.2199","0.5841"
"156.5360","0.2199","0.5841"
"156.5560","0.2199","0.5841"
"156.5760","0.2199","0.5840"
"156.5960","0.2199","0.5841"
"156.6160","0.2199","0.5841"
"156.6360","0.2199","0.5840"
"156.6560","0.2199","0.5840"
"156.6760","0.2199","0.5840"
"156.6960","0.2199","0.5840"
"156.7160","0.2199","0.5841"
"156.7360","0.2199","0.5840"
"156.7560","0.2199","0.5839"
"156.7760","0.2199","0.5839"
"156.7960","0.2199","0.5839"
"156.8160","0.2199","0.5839"
"156.8360","0.2199","0.5840"
"156.8560","0.2199","0.5840"
"156.8760","0.2199","0.5840"
"156.8960","0.2199","0.5840"
"156.9160","0.2199","0.5839"
"156.9360","0.2199","0.5839"
"156.9560","0.2199","0.5840"
"156.9760","0.2199","0.5840"
"156.9960","0.2199","0.5840"
"157.0160","0.2199","0.5839"
"157.0360","0.2199","0.5839"
"157.0560","0.2199","0.5839"
"157.0760","0.2199","0.5839"
"157.0960","0.2199","0.5839"
"157.1160","0.2199","0.5838"
"157.1360","0.2199","0.5838"
"157.1560","0.2199","0.5839"
"157.1760","0.2199","0.5839"
"157.1960","0.2199","0.5839"
"157.2160","0.2199","0.5839"
"157.2360","0.2199","0.5839"
"157.2560","0.2199","0.5838"
"157.2760","0.2199","0.5838"
"157.2960","0.2199","0.5838"
"157.3160","0.2199","0.5839"
"157.3360","0.2199","0.5839"
"157.3560","0.2199","0.5839"
"157.3760","0.2199","0.5838"
"157.3960","0.2199","0.5839"
"157.4160","0.2199","0.5839"
"157.4360","0.2199","0.5837"
"157.4560","0.2199","0.5837"
"157.4760","0.2199","0.5837"
"157.4960","0.2199","0.5837"
"157.5160","0.2199","0.5837"
"157.5360","0.2199","0.5838"
"157.5560","0.2199","0.5838"
"157.5760","0.2199","0.5838"
"157.5960","0.2199","0.5838"
"157.6160","0.2199","0.5837"
"157.6360","0.2199","0.5837"
"157.6560","0.2199","0.5837"
"157.6760","0.2199","0.5837"
"157.6960","0.2199","0.5837"
"157.7160","0.2199","0.5838"
"157.7360","0.2199","0.5838"
"157.7560","0.2199","0.5838"
"157.7760","0.2199","0.5838"
"157.7960","0.2199","0.5837"
"157.8160","0.2199","0.5837"
"157.8360","0.2199","0.5837"
"157.8560","0.2199","0.5836"
"157.8760","0.2199","0.5836"
"157.8960","0.2199","0.5836"
"157.9160","0.2199","0.5837"
"157.9360","0.2199","0.5837"
"157.9560","0.2199","0.5837"
"157.9760","0.2199","0.5837"
"157.9960","0.2199","0.5836"
"158.0160","0.2199","0.5835"
"158.0360","0.2199","0.5835"
"158.0560","0.2199","0.5836"
"158.0760","0.2199","0.5836"
"158.0960","0.2199","0.5836"
"158.1160","0.2199","0.5835"
"158.1360","0.2199","0.5836"
"158.1560","0.2199","0.5836"
"158.1760","0.2199","0.5836"
"158.1960","0.2199","0.5835"
"158.2160","0.2199","0.5835"
"158.2360","0.2199","0.5835"
"158.2560","0.2199","0.5835"
"158.2760","0.2199","0.5835"
"158.2960","0.2199","0.5835"
"158.3160","0.2199","0.5835"
"158.3360","0.2199","0.5835"
"158.3560","0.2199","0.5834"
"158.3760","0.2199","0.5835"
"158.3960","0.2199","0.5835"
"158.4160","0.2199","0.5836"
"158.4360","0.2199","0.5835"
"158.4560","0.2199","0.5836"
"158.4760","0.2199","0.5835"
"158.4960","0.2199","0.5835"
"158.5160","0.2199","0.5835"
"158.5360","0.2199","0.5834"
"158.5560","0.2199","0.5835"
"158.5760","0.2199","0.5835"
"158.5960","0.2199","0.5835"
"158.6160","0.2199","0.5835"
"158.6360","0.2199","0.5834"
"158.6560","0.2199","0.5834"
"158.6760","0.2199","0.5834"
"158.6960","0.2199","0.5833"
"158.7160","0.2199","0.5833"
"158.7360","0.2199","0.5834"
"158.7560","0.2199","0.5834"
"158.7760","0.2199","0.5834"
"158.7960","0.2199","0.5834"
"158.8160","0.2199","0.5835"
"158.8360","0.2199","0.5834"
"158.8560","0.2199","0.5833"
"158.8760","0.2199","0.5833"
"158.8960","0.2199","0.5833"
"158.9160","0.2199","0.5833"
"158.9360","0.2199","0.5833"
"158.9560","0.2199","0.5833"
"158.9760","0.2199","0.5833"
"158.9960","0.2199","0.5833"
"159.0160","0.2199","0.5833"
"159.0360","0.2199","0.5833"
"159.0560","0.2199","0.5833"
"159.0760","0.2199","0.5833"
"159.0960","0.2199","0.5833"
"159.1160","0.2199","0.5834"
"159.1360","0.2199","0.5834"
"159.1560","0.2199","0.5834"
"159.1760","0.2199","0.5833"
"159.1960","0.2199","0.5832"
"159.2160","0.2199","0.5832"
"159.2360","0.2199","0.5833"
"159.2560","0.2199","0.5832"
"159.2760","0.2199","0.5832"
"159.2960","0.2199","0.5832"
"159.3160","0.2199","0.5832"
"159.3360","0.2199","0.5833"
"159.3560","0.2199","0.5833"
"159.3760","0.2199","0.5832"
"159.3960","0.2199","0.5832"
"159.4160","0.2199","0.5832"
"159.4360","0.2199","0.5832"
"159.4560","0.2199","0.5832"
"159.4760","0.2199","0.5831"
"159.4960","0.2199","0.5830"
"159.5160","0.2199","0.5830"
"159.5360","0.2199","0.5831"
"159.5560","0.2199","0.5831"
"159.5760","0.2199","0.5831"
"159.5960","0.2199","0.5831"
"159.6160","0.2199","0.5830"
"159.6360","0.2199","0.5831"
"159.6560","0.2199","0.5832"
"159.6760","0.2199","0.5831"
"159.6960","0.2199","0.5831"
"159.7160","0.2199","0.5830"
"159.7360","0.2199","0.5830"
"159.7560","0.2199","0.5831"
"159.7760","0.2199","0.5831"
"159.7960","0.2199","0.5831"
"159.8160","0.2199","0.5832"
"159.8360","0.2199","0.5831"
"159.8560","0.2199","0.5830"
"159.8760","0.2199","0.5830"
"159.8960","0.2199","0.5831"
"159.9160","0.2199","0.5831"
"159.9360","0.2199","0.5830"
"159.9560","0.2199","0.5829"
"159.9760","0.2199","0.5830"
"159.9960","0.2199","0.5830"
"160.0160","0.2199","0.5830"
"160.0360","0.2199","0.5830"
"160.0560","0.2199","0.5831"
"160.0760","0.2199","0.5831"
"160.0960","0.2199","0.5830"
"160.1160","0.2199","0.5830"
"160.1360","0.2199","0.5830"
"160.1560","0.2199","0.5829"
"160.1760","0.2199","0.5830"
"160.1960","0.2199","0.5830"
"160.2160","0.2199","0.5830"
"160.2360","0.2199","0.5830"
"160.2560","0.2199","0.5829"
"160.2760","0.2199","0.5829"
"160.2960","0.2199","0.5829"
"160.3160","0.2199","0.5830"
"160.3360","0.2199","0.5830"
"160.3560","0.2199","0.5830"
"160.3760","0.2199","0.5830"
"160.3960","0.2199","0.5829"
"160.4160","0.2199","0.5829"
"160.4360","0.2199","0.5829"
"160.4560","0.2199","0.5829"
"160.4760","0.2199","0.5830"
"160.4960","0.2199","0.5830"
"160.5160","0.2199","0.5830"
"160.5360","0.2199","0.5829"
"160.5560","0.2199","0.5830"
"160.5760","0.2199","0.5830"
"160.5960","0.2199","0.5829"
"160.6160","0.2199","0.5829"
"160.6360","0.2199","0.5828"
"160.6560","0.2199","0.5829"
"160.6760","0.2199","0.5829"
"160.6960","0.2199","0.5829"
"160.7160","0.2199","0.5829"
"160.7360","0.2199","0.5829"
"160.7560","0.2199","0.5828"
"160.7760","0.2199","0.5828"
"160.7960","0.2199","0.5828"
"160.8160","0.2199","0.5829"
"160.8360","0.2199","0.5828"
"160.8560","0.2199","0.5828"
"160.8760","0.2199","0.5829"
"160.8960","0.2199","0.5829"
"160.9160","0.2199","0.5828"
"160.9360","0.2199","0.5828"
"160.9560","0.2199","0.5828"
"160.9760","0.2199","0.5828"
"160.9960","0.2199","0.5827"
"161.0160","0.2199","0.5827"
"161.0360","0.2199","0.5827"
"161.0560","0.2199","0.5827"
"161.0760","0.2199","0.5827"
"161.0960","0.2199","0.5827"
"161.1160","0.2199","0.5827"
"161.1360","0.2199","0.5828"
"161.1560","0.2199","0.5827"
"161.1760","0.2199","0.5828"
"161.1960","0.2199","0.5828"
"161.2160","0.2199","0.5827"
"161.2360","0.2199","0.5827"
"161.2560","0.2199","0.5826"
"161.2760","0.2199","0.5826"
"161.2960","0.2199","0.5827"
"161.3160","0.2199","0.5827"
"161.3360","0.2199","0.5826"
"161.3560","0.2199","0.5826"
"161.3760","0.2199","0.5825"
"161.3960","0.2199","0.5826"
"161.4160","0.2199","0.5827"
"161.4360","0.2199","0.5827"
"161.4560","0.2199","0.5826"
"161.4760","0.2199","0.5826"
"161.4960","0.2199","0.5826"
"161.5160","0.2199","0.5826"
"161.5360","0.2199","0.5825"
"161.5560","0.2199","0.5826"
"161.5760","0.2199","0.5826"
"161.5960","0.2199","0.5826"
"161.6160","0.2199","0.5826"
"161.6360","0.2199","0.5826"
"161.6560","0.2199","0.5825"
"161.6760","0.2199","0.5825"
"161.6960","0.2199","0.5826"
"161.7160","0.2199","0.5825"
"161.7360","0.2199","0.5825"
"161.7560","0.2199","0.5826"
"161.7760","0.2199","0.5826"
"161.7960","0.2199","0.5826"
"161.8160","0.2199","0.5825"
"161.8360","0.2199","0.5825"
"161.8560","0.2199","0.5826"
"161.8760","0.2199","0.5826"
"161.8960","0.2199","0.5825"
"161.9160","0.2199","0.5825"
"161.9360","0.2199","0.5824"
"161.9560","0.2199","0.5825"
"161.9760","0.2199","0.5824"
"161.9960","0.2199","0.5824"
"162.0160","0.2199","0.5825"
"162.0360","0.2199","0.5824"
"162.0560","0.2199","0.5824"
"162.0760","0.2199","0.5825"
"162.0960","0.2199","0.5825"
"162.1160","0.2199","0.5825"
"162.1360","0.2199","0.5825"
"162.1560","0.2199","0.5824"
"162.1760","0.2199","0.5824"
"162.1960","0.2199","0.5824"
"162.2160","0.2199","0.5825"
"162.2360","0.2199","0.5825"
"162.2560","0.2199","0.5824"
"162.2760","0.2199","0.5823"
"162.2960","0.2199","0.5823"
"162.3160","0.2199","0.5824"
"162.3360","0.2199","0.5825"
"162.3560","0.2199","0.5825"
"162.3760","0.2199","0.5824"
"162.3960","0.2199","0.5823"
"162.4160","0.2199","0.5824"
"162.4360","0.2199","0.5824"
"162.4560","0.2199","0.5823"
"162.4760","0.2199","0.5823"
"162.4960","0.2199","0.5823"
"162.5160","0.2199","0.5823"
"162.5360","0.2199","0.5824"
"162.5560","0.2199","0.5824"
"162.5760","0.2199","0.5823"
"162.5960","0.2199","0.5823"
"162.6160","0.2199","0.5822"
"162.6360","0.2199","0.5822"
"162.6560","0.2199","0.5823"
"162.6760","0.2199","0.5823"
"162.6960","0.2199","0.5823"
"162.7160","0.2199","0.5823"
"162.7360","0.2199","0.5822"
"162.7560","0.2199","0.5822"
"162.7760","0.2199","0.5822"
"162.7960","0.2199","0.5822"
"162.8160","0.2199","0.5822"
"162.8360","0.2199","0.5823"
"162.8560","0.2199","0.5824"
"162.8760","0.2199","0.5824"
"162.8960","0.2199","0.5823"
"162.9160","0.2199","0.5824"
"162.9360","0.2199","0.5823"
"162.9560","0.2199","0.5822"
"162.9760","0.2199","0.5821"
"162.9960","0.2199","0.5821"
"163.0160","0.2199","0.5822"
"163.0360","0.2199","0.5822"
"163.0560","0.2199","0.5822"
"163.0760","0.2199","0.5822"
"163.0960","0.2199","0.5822"
"163.1160","0.2199","0.5822"
"163.1360","0.2199","0.5822"
"163.1560","0.2199","0.5822"
"163.1760","0.2199","0.5822"
"163.1960","0.2199","0.5821"
"163.2160","0.2199","0.5821"
"163.2360","0.2199","0.5821"
"163.2560","0.2199","0.5822"
"163.2760","0.2199","0.5822"
"163.2960","0.2199","0.5821"
"163.3160","0.2199","0.5822"
"163.3360","0.2199","0.5821"
"163.3560","0.2199","0.5821"
"163.3760","0.2199","0.5821"
"163.3960","0.2199","0.5820"
"163.4160","0.2199","0.5821"
"163.4360","0.2199","0.5820"
"163.4560","0.2199","0.5820"
"163.4760","0.2199","0.5821"
"163.4960","0.2199","0.5821"
"163.5160","0.2199","0.5821"
"163.5360","0.2199","0.5821"
"163.5560","0.2199","0.5821"
"163.5760","0.2199","0.5820"
"163.5960","0.2199","0.5820"
"163.6160","0.2199","0.5821"
"163.6360","0.2199","0.5821"
"163.6560","0.2199","0.5821"
"163.6760","0.2199","0.5821"
"163.6960","0.2199","0.5820"
"163.7160","0.2199","0.5821"
"163.7360","0.2199","0.5820"
"163.7560","0.2199","0.5819"
"163.7760","0.2199","0.5820"
"163.7960","0.2199","0.5820"
"163.8160","0.2199","0.5820"
"163.8360","0.2199","0.5819"
"163.8560","0.2199","0.5819"
"163.8760","0.2199","0.5819"
"163.8960","0.2199","0.5818"
"163.9160","0.2199","0.5819"
"163.9360","0.2199","0.5819"
"163.9560","0.2199","0.5820"
"163.9760","0.2199","0.5820"
"163.9960","0.2199","0.5820"
"164.0160","0.2199","0.5819"
"164.0360","0.2199","0.5819"
"164.0560","0.2199","0.5819"
"164.0760","0.2199","0.5818"
"164.0960","0.2199","0.5818"
"164.1160","0.2199","0.5818"
"164.1360","0.2199","0.5819"
"164.1560","0.2199","0.5819"
"164.1760","0.2199","0.5819"
"164.1960","0.2199","0.5819"
"164.2160","0.2199","0.5819"
"164.2360","0.2199","0.5819"
"164.2560","0.2199","0.5819"
"164.2760","0.2199","0.5818"
"164.2960","0.2199","0.5819"
"164.3160","0.2199","0.5819"
"164.3360","0.2199","0.5818"
"164.3560","0.2199","0.5818"
"164.3760","0.2199","0.5817"
"164.3960","0.2199","0.5818"
"164.4160","0.2199","0.5819"
"164.4360","0.2199","0.5819"
"164.4560","0.2199","0.5819"
"164.4760","0.2199","0.5818"
"164.4960","0.2199","0.5817"
"164.5160","0.2199","0.5818"
"164.5360","0.2199","0.5819"
"164.5560","0.2199","0.5819"
"164.5760","0.2199","0.5818"
"164.5960","0.2199","0.5817"
"164.6160","0.2199","0.5817"
"164.6360","0.2199","0.5817"
"164.6560","0.2199","0.5818"
"164.6760","0.2199","0.5818"
"164.6960","0.2199","0.5817"
"164.7160","0.2199","0.5817"
"164.7360","0.2199","0.5818"
"164.7560","0.2199","0.5818"
"164.7760","0.2199","0.5817"
"164.7960","0.2199","0.5817"
"164.8160","0.2199","0.5817"
"164.8360","0.2199","0.5816"
"164.8560","0.2199","0.5817"
"164.8760","0.2199","0.5817"
"164.8960","0.2199","0.5817"
"164.9160","0.2199","0.5817"
"164.9360","0.2199","0.5817"
"164.9560","0.2199","0.5818"
"164.9760","0.2199","0.5817"
"164.9960","0.2199","0.5817"
"165.0160","0.2199","0.5817"
"165.0360","0.2199","0.5817"
"165.0560","0.2199","0.5817"
"165.0760","0.2199","0.5817"
"165.0960","0.2199","0.5816"
"165.1160","0.2199","0.5816"
"165.1360","0.2199","0.5817"
"165.1560","0.2199","0.5817"
"165.1760","0.2199","0.5817"
"165.1960","0.2199","0.5816"
"165.2160","0.2199","0.5816"
"165.2360","0.2199","0.5817"
"165.2560","0.2199","0.5816"
"165.2760","0.2199","0.5816"
"165.2960","0.2199","0.5816"
"165.3160","0.2199","0.5816"
"165.3360","0.2199","0.5817"
"165.3560","0.2199","0.5816"
"165.3760","0.2199","0.5816"
"165.3960","0.2199","0.5815"
"165.4160","0.2199","0.5816"
"165.4360","0.2199","0.5816"
"165.4560","0.2199","0.5815"
"165.4760","0.2199","0.5815"
"165.4960","0.2199","0.5815"
"165.5160","0.2199","0.5815"
"165.5360","0.2199","0.5815"
"165.5560","0.2199","0.5814"
"165.5760","0.2199","0.5815"
"165.5960","0.2199","0.5815"
"165.6160","0.2199","0.5816"
"165.6360","0.2199","0.5815"
"165.6560","0.2199","0.5814"
"165.6760","0.2199","0.5814"
"165.6960","0.2199","0.5815"
"165.7160","0.2199","0.5815"
"165.7360","0.2199","0.5815"
"165.7560","0.2199","0.5814"
"165.7760","0.2199","0.5814"
"165.7960","0.2199","0.5814"
"165.8160","0.2199","0.5814"
"165.8360","0.2199","0.5814"
"165.8560","0.2199","0.5813"
"165.8760","0.2199","0.5813"
"165.8960","0.2199","0.5813"
"165.9160","0.2199","0.5814"
"165.9360","0.2199","0.5814"
"165.9560","0.2199","0.5814"
"165.9760","0.2199","0.5814"
"165.9960","0.2199","0.5813"
"166.0160","0.2199","0.5813"
"166.0360","0.2199","0.5814"
"166.0560","0.2199","0.5813"
"166.0760","0.2199","0.5813"
"166.0960","0.2199","0.5813"
"166.1160","0.2199","0.5814"
"166.1360","0.2199","0.5814"
"166.1560","0.2199","0.5814"
"166.1760","0.2199","0.5814"
"166.1960","0.2199","0.5814"
"166.2160","0.2199","0.5814"
"166.2360","0.2199","0.5814"
"166.2560","0.2199","0.5814"
"166.2760","0.2199","0.5814"
"166.2960","0.2199","0.5814"
"166.3160","0.2199","0.5813"
"166.3360","0.2199","0.5813"
"166.3560","0.2199","0.5813"
"166.3760","0.2199","0.5813"
"166.3960","0.2199","0.5813"
"166.4160","0.2199","0.5813"
"166.4360","0.2199","0.5813"
"166.4560","0.2199","0.5813"
"166.4760","0.2199","0.5813"
"166.4960","0.2199","0.5812"
"166.5160","0.2199","0.5812"
"166.5360","0.2199","0.5812"
"166.5560","0.2199","0.5812"
"166.5760","0.2199","0.5812"
"166.5960","0.2199","0.5812"
"166.6160","0.2199","0.5812"
"166.6360","0.2199","0.5812"
"166.6560","0.2199","0.5812"
"166.6760","0.2199","0.5812"
"166.6960","0.2199","0.5812"
"166.7160","0.2199","0.5812"
"166.7360","0.2199","0.5812"
"166.7560","0.2199","0.5811"
"166.7760","0.2199","0.5810"
"166.7960","0.2199","0.5811"
"166.8160","0.2199","0.5812"
"166.8360","0.2199","0.5811"
"166.8560","0.2199","0.5811"
"166.8760","0.2199","0.5811"
"166.8960","0.2199","0.5811"
"166.9160","0.2199","0.5811"
"166.9360","0.2199","0.5810"
"166.9560","0.2199","0.5809"
"166.9760","0.2199","0.5810"
"166.9960","0.2199","0.5810"
"167.0160","0.2199","0.5810"
"167.0360","0.2199","0.5810"
"167.0560","0.2199","0.5810"
"167.0760","0.2199","0.5811"
"167.0960","0.2199","0.5810"
"167.1160","0.2199","0.5810"
"167.1360","0.2199","0.5809"
"167.1560","0.2199","0.5810"
"167.1760","0.2199","0.5811"
"167.1960","0.2199","0.5811"
"167.2160","0.2199","0.5811"
"167.2360","0.2199","0.5810"
"167.2560","0.2199","0.5810"
"167.2760","0.2199","0.5811"
"167.2960","0.2199","0.5811"
"167.3160","0.2199","0.5810"
"167.3360","0.2199","0.5810"
"167.3560","0.2199","0.5810"
"167.3760","0.2199","0.5810"
"167.3960","0.2199","0.5811"
"167.4160","0.2199","0.5810"
"167.4360","0.2199","0.5810"
"167.4560","0.2199","0.5811"
"167.4760","0.2199","0.5810"
"167.4960","0.2199","0.5810"
"167.5160","0.2199","0.5809"
"167.5360","0.2199","0.5809"
"167.5560","0.2199","0.5809"
"167.5760","0.2199","0.5809"
"167.5960","0.2199","0.5809"
"167.6160","0.2199","0.5809"
"167.6360","0.2199","0.5809"
"167.6560","0.2199","0.5809"
"167.6760","0.2199","0.5809"
"167.6960","0.2199","0.5809"
"167.7160","0.2199","0.5809"
"167.7360","0.2199","0.5809"
"167.7560","0.2199","0.5809"
"167.7760","0.2199","0.5809"
"167.7960","0.2199","0.5809"
"167.8160","0.2199","0.5809"
"167.8360","0.2199","0.5810"
"167.8560","0.2199","0.5810"
"167.8760","0.2199","0.5809"
"167.8960","0.2199","0.5809"
"167.9160","0.2199","0.5808"
"167.9360","0.2199","0.5808"
"167.9560","0.2199","0.5808"
"167.9760","0.2199","0.5808"
"167.9960","0.2199","0.5809"
"168.0160","0.2199","0.5808"
"168.0360","0.2199","0.5807"
"168.0560","0.2199","0.5807"
"168.0760","0.2199","0.5807"
"168.0960","0.2199","0.5807"
"168.1160","0.2199","0.5808"
"168.1360","0.2199","0.5808"
"168.1560","0.2199","0.5808"
"168.1760","0.2199","0.5808"
"168.1960","0.2199","0.5808"
"168.2160","0.2199","0.5807"
"168.2360","0.2199","0.5808"
"168.2560","0.2199","0.5808"
"168.2760","0.2199","0.5808"
"168.2960","0.2199","0.5808"
"168.3160","0.2199","0.5807"
"168.3360","0.2199","0.5808"
"168.3560","0.2199","0.5807"
"168.3760","0.2199","0.5807"
"168.3960","0.2199","0.5807"
"168.4160","0.2199","0.5807"
"168.4360","0.2199","0.5807"
"168.4560","0.2199","0.5807"
"168.4760","0.2199","0.5807"
"168.4960","0.2199","0.5807"
"168.5160","0.2199","0.5807"
"168.5360","0.2199","0.5807"
"168.5560","0.2199","0.5806"
"168.5760","0.2199","0.5806"
"168.5960","0.2199","0.5807"
"168.6160","0.2199","0.5807"
"168.6360","0.2199","0.5807"
"168.6560","0.2199","0.5806"
"168.6760","0.2199","0.5806"
"168.6960","0.2199","0.5806"
"168.7160","0.2199","0.5807"
"168.7360","0.2199","0.5807"
"168.7560","0.2199","0.5807"
"168.7760","0.2199","0.5807"
"168.7960","0.2199","0.5807"
"168.8160","0.2199","0.5807"
"168.8360","0.2199","0.5806"
"168.8560","0.2199","0.5806"
"168.8760","0.2199","0.5807"
"168.8960","0.2199","0.5806"
"168.9160","0.2199","0.5806"
"168.9360","0.2199","0.5807"
"168.9560","0.2199","0.5806"
"168.9760","0.2199","0.5806"
"168.9960","0.2199","0.5806"
"169.0160","0.2199","0.5806"
"169.0360","0.2199","0.5805"
"169.0560","0.2199","0.5806"
"169.0760","0.2199","0.5805"
"169.0960","0.2199","0.5806"
"169.1160","0.2199","0.5806"
"169.1360","0.2199","0.5806"
"169.1560","0.2199","0.5805"
"169.1760","0.2199","0.5805"
"169.1960","0.2199","0.5806"
"169.2160","0.2199","0.5805"
"169.2360","0.2199","0.5805"
"169.2560","0.2199","0.5805"
"169.2760","0.2199","0.5805"
"169.2960","0.2199","0.5805"
"169.3160","0.2199","0.5805"
"169.3360","0.2199","0.5804"
"169.3560","0.2199","0.5804"
"169.3760","0.2199","0.5804"
"169.3960","0.2199","0.5805"
"169.4160","0.2199","0.5805"
"169.4360","0.2199","0.5804"
"169.4560","0.2199","0.5804"
"169.4760","0.2199","0.5804"
"169.4960","0.2199","0.5805"
"169.5160","0.2199","0.5804"
"169.5360","0.2199","0.5804"
"169.5560","0.2199","0.5804"
"169.5760","0.2199","0.5804"
"169.5960","0.2199","0.5804"
"169.6160","0.2199","0.5804"
"169.6360","0.2199","0.5804"
"169.6560","0.2199","0.5804"
"169.6760","0.2199","0.5804"
"169.6960","0.2199","0.5803"
"169.7160","0.2199","0.5803"
"169.7360","0.2199","0.5804"
"169.7560","0.2199","0.5804"
"169.7760","0.2199","0.5804"
"169.7960","0.2199","0.5804"
"169.8160","0.2199","0.5804"
"169.8360","0.2199","0.5803"
"169.8560","0.2199","0.5803"
"169.8760","0.2199","0.5803"
"169.8960","0.2199","0.5803"
"169.9160","0.2199","0.5803"
"169.9360","0.2199","0.5803"
"169.9560","0.2199","0.5804"
"169.9760","0.2199","0.5804"
"169.9960","0.2199","0.5803"
"170.0160","0.2199","0.5803"
"170.0360","0.2199","0.5803"
"170.0560","0.2199","0.5802"
"170.0760","0.2199","0.5803"
"170.0960","0.2199","0.5804"
"170.1160","0.2199","0.5804"
"170.1360","0.2199","0.5804"
"170.1560","0.2199","0.5803"
"170.1760","0.2199","0.5803"
"170.1960","0.2199","0.5803"
"170.2160","0.2199","0.5803"
"170.2360","0.2199","0.5803"
"170.2560","0.2199","0.5802"
"170.2760","0.2199","0.5803"
"170.2960","0.2199","0.5803"
"170.3160","0.2199","0.5803"
"170.3360","0.2199","0.5802"
"170.3560","0.2199","0.5803"
"170.3760","0.2199","0.5803"
"170.3960","0.2199","0.5802"
"170.4160","0.2199","0.5802"
"170.4360","0.2199","0.5802"
"170.4560","0.2199","0.5802"
"170.4760","0.2199","0.5802"
"170.4960","0.2199","0.5802"
"170.5160","0.2199","0.5803"
"170.5360","0.2199","0.5802"
"170.5560","0.2199","0.5802"
"170.5760","0.2199","0.5801"
"170.5960","0.2199","0.5801"
"170.6160","0.2199","0.5802"
"170.6360","0.2199","0.5801"
"170.6560","0.2199","0.5801"
"170.6760","0.2199","0.5801"
"170.6960","0.2199","0.5802"
"170.7160","0.2199","0.5802"
"170.7360","0.2199","0.5801"
"170.7560","0.2199","0.5801"
"170.7760","0.2199","0.5800"
"170.7960","0.2199","0.5800"
"170.8160","0.2199","0.5801"
"170.8360","0.2199","0.5801"
"170.8560","0.2199","0.5801"
"170.8760","0.2199","0.5801"
"170.8960","0.2199","0.5800"
"170.9160","0.2199","0.5800"
"170.9360","0.2199","0.5801"
"170.9560","0.2199","0.5802"
"170.9760","0.2199","0.5801"
"170.9960","0.2199","0.5801"
"171.0160","0.2199","0.5800"
"171.0360","0.2199","0.5800"
"171.0560","0.2199","0.5800"
"171.0760","0.2199","0.5800"
"171.0960","0.2199","0.5801"
"171.1160","0.2199","0.5801"
"171.1360","0.2199","0.5801"
"171.1560","0.2199","0.5800"
"171.1760","0.2199","0.5800"
"171.1960","0.2199","0.5799"
"171.2160","0.2199","0.5799"
"171.2360","0.2199","0.5800"
"171.2560","0.2199","0.5801"
"171.2760","0.2199","0.5800"
"171.2960","0.2199","0.5800"
"171.3160","0.2199","0.5800"
"171.3360","0.2199","0.5799"
"171.3560","0.2199","0.5799"
"171.3760","0.2199","0.5799"
"171.3960","0.2199","0.5800"
"171.4160","0.2199","0.5799"
"171.4360","0.2199","0.5799"
"171.4560","0.2199","0.5800"
"171.4760","0.2199","0.5799"
"171.4960","0.2199","0.5798"
"171.5160","0.2199","0.5798"
"171.5360","0.2199","0.5798"
"171.5560","0.2199","0.5799"
"171.5760","0.2199","0.5800"
"171.5960","0.2199","0.5800"
"171.6160","0.2199","0.5799"
"171.6360","0.2199","0.5798"
"171.6560","0.2199","0.5799"
"171.6760","0.2199","0.5798"
"171.6960","0.2199","0.5798"
"171.7160","0.2199","0.5798"
"171.7360","0.2199","0.5799"
"171.7560","0.2199","0.5799"
"171.7760","0.2199","0.5799"
"171.7960","0.2199","0.5798"
"171.8160","0.2199","0.5798"
"171.8360","0.2199","0.5799"
"171.8560","0.2199","0.5799"
"171.8760","0.2199","0.5799"
"171.8960","0.2199","0.5799"
"171.9160","0.2199","0.5798"
"171.9360","0.2199","0.5798"
"171.9560","0.2199","0.5798"
"171.9760","0.2199","0.5798"
"171.9960","0.2199","0.5798"
"172.0160","0.2199","0.5798"
"172.0360","0.2199","0.5799"
"172.0560","0.2199","0.5798"
"172.0760","0.2199","0.5797"
"172.0960","0.2199","0.5797"
"172.1160","0.2199","0.5798"
"172.1360","0.2199","0.5798"
"172.1560","0.2199","0.5798"
"172.1760","0.2199","0.5797"
"172.1960","0.2199","0.5797"
"172.2160","0.2199","0.5798"
"172.2360","0.2199","0.5798"
"172.2560","0.2199","0.5798"
"172.2760","0.2199","0.5798"
"172.2960","0.2199","0.5798"
"172.3160","0.2199","0.5797"
"172.3360","0.2199","0.5797"
"172.3560","0.2199","0.5797"
"172.3760","0.2199","0.5797"
"172.3960","0.2199","0.5797"
"172.4160","0.2199","0.5797"
"172.4360","0.2199","0.5797"
"172.4560","0.2199","0.5796"
"172.4760","0.2199","0.5796"
"172.4960","0.2199","0.5796"
"172.5160","0.2199","0.5797"
"172.5360","0.2199","0.5796"
"172.5560","0.2199","0.5796"
"172.5760","0.2199","0.5796"
"172.5960","0.2199","0.5796"
"172.6160","0.2199","0.5796"
"172.6360","0.2199","0.5796"
"172.6560","0.2199","0.5796"
"172.6760","0.2199","0.5797"
"172.6960","0.2199","0.5797"
"172.7160","0.2199","0.5797"
"172.7360","0.2199","0.5797"
"172.7560","0.2199","0.5797"
"172.7760","0.2199","0.5797"
"172.7960","0.2199","0.5797"
"172.8160","0.2199","0.5796"
"172.8360","0.2199","0.5796"
"172.8560","0.2199","0.5797"
"172.8760","0.2199","0.5797"
"172.8960","0.2199","0.5797"
"172.9160","0.2199","0.5797"
"172.9360","0.2199","0.5796"
"172.9560","0.2199","0.5794"
"172.9760","0.2199","0.5794"
"172.9960","0.2199","0.5795"
"173.0160","0.2199","0.5795"
"173.0360","0.2199","0.5796"
"173.0560","0.2199","0.5796"
"173.0760","0.2199","0.5795"
"173.0960","0.2199","0.5795"
"173.1160","0.2199","0.5795"
"173.1360","0.2199","0.5795"
"173.1560","0.2199","0.5795"
"173.1760","0.2199","0.5796"
"173.1960","0.2199","0.5795"
"173.2160","0.2199","0.5794"
"173.2360","0.2199","0.5794"
"173.2560","0.2199","0.5794"
"173.2760","0.2199","0.5795"
"173.2960","0.2199","0.5795"
"173.3160","0.2199","0.5795"
"173.3360","0.2199","0.5795"
"173.3560","0.2199","0.5795"
"173.3760","0.2199","0.5795"
"173.3960","0.2199","0.5795"
"173.4160","0.2199","0.5794"
"173.4360","0.2199","0.5794"
"173.4560","0.2199","0.5794"
"173.4760","0.2199","0.5794"
"173.4960","0.2199","0.5794"
"173.5160","0.2199","0.5794"
"173.5360","0.2199","0.5793"
"173.5560","0.2199","0.5794"
"173.5760","0.2199","0.5793"
"173.5960","0.2199","0.5793"
"173.6160","0.2199","0.5793"
"173.6360","0.2199","0.5793"
"173.6560","0.2199","0.5793"
"173.6760","0.2199","0.5793"
"173.6960","0.2199","0.5794"
"173.7160","0.2199","0.5794"
"173.7360","0.2199","0.5794"
"173.7560","0.2199","0.5794"
"173.7760","0.2199","0.5795"
"173.7960","0.2199","0.5794"
"173.8160","0.2199","0.5793"
"173.8360","0.2199","0.5793"
"173.8560","0.2199","0.5792"
"173.8760","0.2199","0.5792"
"173.8960","0.2199","0.5793"
"173.9160","0.2199","0.5793"
"173.9360","0.2199","0.5793"
"173.9560","0.2199","0.5793"
"173.9760","0.2199","0.5793"
"173.9960","0.2199","0.5793"
"174.0160","0.2199","0.5793"
"174.0360","0.2199","0.5793"
"174.0560","0.2199","0.5793"
"174.0760","0.2199","0.5792"
"174.0960","0.2199","0.5792"
"174.1160","0.2199","0.5792"
"174.1360","0.2199","0.5792"
"174.1560","0.2199","0.5793"
"174.1760","0.2199","0.5793"
"174.1960","0.2199","0.5793"
"174.2160","0.2199","0.5792"
"174.2360","0.2199","0.5792"
"174.2560","0.2199","0.5792"
"174.2760","0.2199","0.5793"
"174.2960","0.2199","0.5793"
"174.3160","0.2199","0.5792"
"174.3360","0.2199","0.5792"
"174.3560","0.2199","0.5792"
"174.3760","0.2199","0.5792"
"174.3960","0.2199","0.5792"
"174.4160","0.2199","0.5791"
"174.4360","0.2199","0.5791"
"174.4560","0.2199","0.5791"
"174.4760","0.2199","0.5791"
"174.4960","0.2199","0.5791"
"174.5160","0.2199","0.5792"
"174.5360","0.2199","0.5792"
"174.5560","0.2199","0.5792"
"174.5760","0.2199","0.5792"
"174.5960","0.2199","0.5792"
"174.6160","0.2199","0.5791"
"174.6360","0.2199","0.5791"
"174.6560","0.2199","0.5791"
"174.6760","0.2199","0.5790"
"174.6960","0.2199","0.5791"
"174.7160","0.2199","0.5791"
"174.7360","0.2199","0.5791"
"174.7560","0.2199","0.5791"
"174.7760","0.2199","0.5791"
"174.7960","0.2199","0.5791"
"174.8160","0.2199","0.5791"
"174.8360","0.2199","0.5791"
"174.8560","0.2199","0.5791"
"174.8760","0.2199","0.5791"
"174.8960","0.2199","0.5791"
"174.9160","0.2199","0.5790"
"174.9360","0.2199","0.5791"
"174.9560","0.2199","0.5790"
"174.9760","0.2199","0.5790"
"174.9960","0.2199","0.5790"
"175.0160","0.2199","0.5790"
"175.0360","0.2199","0.5790"
"175.0560","0.2199","0.5790"
"175.0760","0.2199","0.5790"
"175.0960","0.2199","0.5790"
"175.1160","0.2199","0.5790"
"175.1360","0.2199","0.5789"
"175.1560","0.2199","0.5789"
"175.1760","0.2199","0.5789"
"175.1960","0.2199","0.5790"
"175.2160","0.2199","0.5790"
"175.2360","0.2199","0.5790"
"175.2560","0.2199","0.5790"
"175.2760","0.2199","0.5789"
"175.2960","0.2199","0.5789"
"175.3160","0.2199","0.5789"
"175.3360","0.2199","0.5790"
"175.3560","0.2199","0.5789"
"175.3760","0.2199","0.5789"
"175.3960","0.2199","0.5790"
"175.4160","0.2199","0.5790"
"175.4360","0.2199","0.5790"
"175.4560","0.2199","0.5790"
"175.4760","0.2199","0.5789"
"175.4960","0.2199","0.5789"
"175.5160","0.2199","0.5789"
"175.5360","0.2199","0.5789"
"175.5560","0.2199","0.5789"
"175.5760","0.2199","0.5789"
"175.5960","0.2199","0.5789"
"175.6160","0.2199","0.5788"
"175.6360","0.2199","0.5788"
"175.6560","0.2199","0.5788"
"175.6760","0.2199","0.5788"
"175.6960","0.2199","0.5789"
"175.7160","0.2199","0.5788"
"175.7360","0.2199","0.5788"
"175.7560","0.2199","0.5789"
"175.7760","0.2199","0.5789"
"175.7960","0.2199","0.5789"
"175.8160","0.2199","0.5788"
"175.8360","0.2199","0.5788"
"175.8560","0.2199","0.5788"
"175.8760","0.2199","0.5788"
"175.8960","0.2199","0.5788"
"175.9160","0.2199","0.5788"
"175.9360","0.2199","0.5787"
"175.9560","0.2199","0.5788"
"175.9760","0.2199","0.5787"
"175.9960","0.2199","0.5787"
"176.0160","0.2199","0.5787"
"176.0360","0.2199","0.5788"
"176.0560","0.2199","0.5788"
"176.0760","0.2199","0.5787"
"176.0960","0.2199","0.5787"
"176.1160","0.2199","0.5788"
"176.1360","0.2199","0.5789"
"176.1560","0.2199","0.5788"
"176.1760","0.2199","0.5788"
"176.1960","0.2199","0.5788"
"176.2160","0.2199","0.5788"
"176.2360","0.2199","0.5788"
"176.2560","0.2199","0.5787"
"176.2760","0.2199","0.5786"
"176.2960","0.2199","0.5787"
"176.3160","0.2199","0.5787"
"176.3360","0.2199","0.5788"
"176.3560","0.2199","0.5787"
"176.3760","0.2199","0.5787"
"176.3960","0.2199","0.5787"
"176.4160","0.2199","0.5787"
"176.4360","0.2199","0.5787"
"176.4560","0.2199","0.5786"
"176.4760","0.2199","0.5786"
"176.4960","0.2199","0.5786"
"176.5160","0.2199","0.5785"
"176.5360","0.2199","0.5785"
"176.5560","0.2199","0.5786"
"176.5760","0.2199","0.5786"
"176.5960","0.2199","0.5786"
"176.6160","0.2199","0.5786"
"176.6360","0.2199","0.5786"
"176.6560","0.2199","0.5785"
"176.6760","0.2199","0.5785"
"176.6960","0.2199","0.5787"
"176.7160","0.2199","0.5786"
"176.7360","0.2199","0.5786"
"176.7560","0.2199","0.5786"
"176.7760","0.2199","0.5786"
"176.7960","0.2199","0.5785"
"176.8160","0.2199","0.5785"
"176.8360","0.2199","0.5785"
"176.8560","0.2199","0.5786"
"176.8760","0.2199","0.5786"
"176.8960","0.2199","0.5785"
"176.9160","0.2199","0.5785"
"176.9360","0.2199","0.5786"
"176.9560","0.2199","0.5785"
"176.9760","0.2199","0.5785"
"176.9960","0.2199","0.5786"
"177.0160","0.2199","0.5785"
"177.0360","0.2199","0.5785"
"177.0560","0.2199","0.5785"
"177.0760","0.2199","0.5784"
"177.0960","0.2199","0.5785"
"177.1160","0.2199","0.5785"
"177.1360","0.2199","0.5786"
"177.1560","0.2199","0.5785"
"177.1760","0.2199","0.5784"
"177.1960","0.2199","0.5784"
"177.2160","0.2199","0.5784"
"177.2360","0.2199","0.5784"
"177.2560","0.2199","0.5785"
"177.2760","0.2199","0.5785"
"177.2960","0.2199","0.5786"
"177.3160","0.2199","0.5786"
"177.3360","0.2199","0.5785"
"177.3560","0.2199","0.5784"
"177.3760","0.2199","0.5784"
"177.3960","0.2199","0.5784"
"177.4160","0.2199","0.5785"
"177.4360","0.2199","0.5785"
"177.4560","0.2199","0.5784"
"177.4760","0.2199","0.5783"
"177.4960","0.2199","0.5783"
"177.5160","0.2199","0.5784"
"177.5360","0.2199","0.5784"
"177.5560","0.2199","0.5784"
"177.5760","0.2199","0.5783"
"177.5960","0.2199","0.5783"
"177.6160","0.2199","0.5783"
"177.6360","0.2199","0.5783"
"177.6560","0.2199","0.5783"
"177.6760","0.2199","0.5783"
"177.6960","0.2199","0.5783"
"177.7160","0.2199","0.5783"
"177.7360","0.2199","0.5783"
"177.7560","0.2199","0.5784"
"177.7760","0.2199","0.5783"
"177.7960","0.2199","0.5783"
"177.8160","0.2199","0.5784"
"177.8360","0.2199","0.5784"
"177.8560","0.2199","0.5783"
"177.8760","0.2199","0.5783"
"177.8960","0.2199","0.5783"
"177.9160","0.2199","0.5784"
"177.9360","0.2199","0.5783"
"177.9560","0.2199","0.5784"
"177.9760","0.2199","0.5783"
"177.9960","0.2199","0.5782"
"178.0160","0.2199","0.5782"
"178.0360","0.2199","0.5782"
"178.0560","0.2199","0.5783"
"178.0760","0.2199","0.5783"
"178.0960","0.2199","0.5783"
"178.1160","0.2199","0.5783"
"178.1360","0.2199","0.5783"
"178.1560","0.2199","0.5782"
"178.1760","0.2199","0.5783"
"178.1960","0.2199","0.5783"
"178.2160","0.2199","0.5783"
"178.2360","0.2199","0.5783"
"178.2560","0.2199","0.5781"
"178.2760","0.2199","0.5781"
"178.2960","0.2199","0.5781"
"178.3160","0.2199","0.5782"
"178.3360","0.2199","0.5782"
"178.3560","0.2199","0.5782"
"178.3760","0.2199","0.5782"
"178.3960","0.2199","0.5782"
"178.4160","0.2199","0.5782"
"178.4360","0.2199","0.5782"
"178.4560","0.2199","0.5782"
"178.4760","0.2199","0.5782"
"178.4960","0.2199","0.5782"
"178.5160","0.2199","0.5782"
"178.5360","0.2199","0.5781"
"178.5560","0.2199","0.5781"
"178.5760","0.2199","0.5782"
"178.5960","0.2199","0.5782"
"178.6160","0.2199","0.5782"
"178.6360","0.2199","0.5781"
"178.6560","0.2199","0.5781"
"178.6760","0.2199","0.5782"
"178.6960","0.2199","0.5781"
"178.7160","0.2199","0.5781"
"178.7360","0.2199","0.5781"
"178.7560","0.2199","0.5780"
"178.7760","0.2199","0.5781"
"178.7960","0.2199","0.5780"
"178.8160","0.2199","0.5781"
"178.8360","0.2199","0.5781"
"178.8560","0.2199","0.5781"
"178.8760","0.2199","0.5781"
"178.8960","0.2199","0.5781"
"178.9160","0.2199","0.5780"
"178.9360","0.2199","0.5781"
"178.9560","0.2199","0.5782"
"178.9760","0.2199","0.5782"
"178.9960","0.2199","0.5782"
"179.0160","0.2199","0.5781"
"179.0360","0.2199","0.5781"
"179.0560","0.2199","0.5780"
"179.0760","0.2199","0.5780"
"179.0960","0.2199","0.5780"
"179.1160","0.2199","0.5780"
"179.1360","0.2199","0.5780"
"179.1560","0.2199","0.5780"
"179.1760","0.2199","0.5780"
"179.1960","0.2199","0.5780"
"179.2160","0.2199","0.5780"
"179.2360","0.2199","0.5779"
"179.2560","0.2199","0.5780"
"179.2760","0.2199","0.5779"
"179.2960","0.2199","0.5780"
"179.3160","0.2199","0.5780"
"179.3360","0.2199","0.5781"
"179.3560","0.2199","0.5780"
"179.3760","0.2199","0.5779"
"179.3960","0.2199","0.5779"
"179.4160","0.2199","0.5780"
"179.4360","0.2199","0.5779"
"179.4560","0.2199","0.5779"
"179.4760","0.2199","0.5779"
"179.4960","0.2199","0.5778"
"179.5160","0.2199","0.5779"
"179.5360","0.2199","0.5779"
"179.5560","0.2199","0.5779"
"179.5760","0.2199","0.5779"
"179.5960","0.2199","0.5779"
"179.6160","0.2199","0.5780"
"179.6360","0.2199","0.5779"
"179.6560","0.2199","0.5779"
"179.6760","0.2199","0.5780"
"179.6960","0.2199","0.5779"
"179.7160","0.2199","0.5779"
"179.7360","0.2199","0.5778"
"179.7560","0.2199","0.5778"
"179.7760","0.2199","0.5778"
"179.7960","0.2199","0.5778"
"179.8160","0.2199","0.5778"
"179.8360","0.2199","0.5779"
"179.8560","0.2199","0.5779"
"179.8760","0.2199","0.5778"
"179.8960","0.2199","0.5777"
"179.9160","0.2199","0.5777"
"179.9360","0.2199","0.5778"
"179.9560","0.2199","0.5778"
"179.9760","0.2199","0.5777"
"179.9960","0.2199","0.5777"
"180.0160","0.2199","0.5778"
"180.0360","0.2199","0.5778"
"180.0560","0.2199","0.5778"
"180.0760","0.2199","0.5779"
"180.0960","0.2199","0.5778"
"180.1160","0.2199","0.5778"
"180.1360","0.2199","0.5778"
"180.1560","0.2199","0.5778"
"180.1760","0.2199","0.5776"
"180.1960","0.2199","0.5777"
"180.2160","0.2199","0.5778"
"180.2360","0.2199","0.5777"
"180.2560","0.2199","0.5777"
"180.2760","0.2199","0.5777"
"180.2960","0.2199","0.5777"
"180.3160","0.2199","0.5777"
"180.3360","0.2199","0.5777"
"180.3560","0.2199","0.5777"
"180.3760","0.2199","0.5777"
"180.3960","0.2199","0.5777"
"180.4160","0.2199","0.5777"
"180.4360","0.2199","0.5777"
"180.4560","0.2199","0.5776"
"180.4760","0.2199","0.5777"
"180.4960","0.2199","0.5777"
"180.5160","0.2199","0.5776"
"180.5360","0.2199","0.5776"
"180.5560","0.2199","0.5777"
"180.5760","0.2199","0.5777"
"180.5960","0.2199","0.5777"
"180.6160","0.2199","0.5776"
"180.6360","0.2199","0.5777"
"180.6560","0.2199","0.5777"
"180.6760","0.2199","0.5777"
"180.6960","0.2199","0.5776"
"180.7160","0.2199","0.5776"
"180.7360","0.2199","0.5776"
"180.7560","0.2199","0.5776"
"180.7760","0.2199","0.5777"
"180.7960","0.2199","0.5776"
"180.8160","0.2199","0.5776"
"180.8360","0.2199","0.5776"
"180.8560","0.2199","0.5777"
"180.8760","0.2199","0.5776"
"180.8960","0.2199","0.5776"
"180.9160","0.2199","0.5775"
"180.9360","0.2199","0.5775"
"180.9560","0.2199","0.5775"
"180.9760","0.2199","0.5775"
"180.9960","0.2199","0.5775"
"181.0160","0.2199","0.5775"
"181.0360","0.2199","0.5775"
"181.0560","0.2199","0.5776"
"181.0760","0.2199","0.5776"
"181.0960","0.2199","0.5776"
"181.1160","0.2199","0.5775"
"181.1360","0.2199","0.5775"
"181.1560","0.2199","0.5775"
"181.1760","0.2199","0.5775"
"181.1960","0.2199","0.5775"
"181.2160","0.2199","0.5775"
"181.2360","0.2199","0.5775"
"181.2560","0.2199","0.5774"
"181.2760","0.2199","0.5774"
"181.2960","0.2199","0.5774"
"181.3160","0.2199","0.5775"
"181.3360","0.2199","0.5774"
"181.3560","0.2199","0.5774"
"181.3760","0.2199","0.5774"
"181.3960","0.2199","0.5775"
"181.4160","0.2199","0.5774"
"181.4360","0.2199","0.5775"
"181.4560","0.2199","0.5775"
"181.4760","0.2199","0.5775"
"181.4960","0.2199","0.5774"
"181.5160","0.2199","0.5775"
"181.5360","0.2199","0.5775"
"181.5560","0.2199","0.5774"
"181.5760","0.2199","0.5775"
"181.5960","0.2199","0.5774"
"181.6160","0.2199","0.5774"
"181.6360","0.2199","0.5774"
"181.6560","0.2199","0.5774"
"181.6760","0.2199","0.5774"
"181.6960","0.2199","0.5774"
"181.7160","0.2199","0.5774"
"181.7360","0.2199","0.5774"
"181.7560","0.2199","0.5774"
"181.7760","0.2199","0.5774"
"181.7960","0.2199","0.5774"
"181.8160","0.2199","0.5774"
"181.8360","0.2199","0.5774"
"181.8560","0.2199","0.5774"
"181.8760","0.2199","0.5773"
"181.8960","0.2199","0.5772"
"181.9160","0.2199","0.5772"
"181.9360","0.2199","0.5772"
"181.9560","0.2199","0.5773"
"181.9760","0.2199","0.5773"
"181.9960","0.2199","0.5773"
"182.0160","0.2199","0.5774"
"182.0360","0.2199","0.5774"
"182.0560","0.2199","0.5773"
"182.0760","0.2199","0.5773"
"182.0960","0.2199","0.5773"
"182.1160","0.2199","0.5772"
"182.1360","0.2199","0.5772"
"182.1560","0.2199","0.5772"
"182.1760","0.2199","0.5772"
"182.1960","0.2199","0.5772"
"182.2160","0.2199","0.5773"
"182.2360","0.2199","0.5772"
"182.2560","0.2199","0.5772"
"182.2760","0.2199","0.5772"
"182.2960","0.2199","0.5772"
"182.3160","0.2199","0.5772"
"182.3360","0.2199","0.5772"
"182.3560","0.2199","0.5772"
"182.3760","0.2199","0.5772"
"182.3960","0.2199","0.5772"
"182.4160","0.2199","0.5772"
"182.4360","0.2199","0.5772"
"182.4560","0.2199","0.5772"
"182.4760","0.2199","0.5772"
"182.4960","0.2199","0.5772"
"182.5160","0.2199","0.5772"
"182.5360","0.2199","0.5772"
"182.5560","0.2199","0.5772"
"182.5760","0.2199","0.5772"
"182.5960","0.2199","0.5772"
"182.6160","0.2199","0.5771"
"182.6360","0.2199","0.5771"
"182.6560","0.2199","0.5771"
"182.6760","0.2199","0.5771"
"182.6960","0.2199","0.5770"
"182.7160","0.2199","0.5771"
"182.7360","0.2199","0.5772"
"182.7560","0.2199","0.5770"
"182.7760","0.2199","0.5770"
"182.7960","0.2199","0.5770"
"182.8160","0.2199","0.5770"
"182.8360","0.2199","0.5771"
"182.8560","0.2199","0.5771"
"182.8760","0.2199","0.5771"
"182.8960","0.2199","0.5771"
"182.9160","0.2199","0.5771"
"182.9360","0.2199","0.5771"
"182.9560","0.2199","0.5771"
"182.9760","0.2199","0.5771"
"182.9960","0.2199","0.5771"
"183.0160","0.2199","0.5771"
"183.0360","0.2199","0.5771"
"183.0560","0.2199","0.5771"
"183.0760","0.2199","0.5770"
"183.0960","0.2199","0.5770"
"183.1160","0.2199","0.5770"
"183.1360","0.2199","0.5771"
"183.1560","0.2199","0.5771"
"183.1760","0.2199","0.5771"
"183.1960","0.2199","0.5770"
"183.2160","0.2199","0.5770"
"183.2360","0.2199","0.5771"
"183.2560","0.2199","0.5770"
"183.2760","0.2199","0.5770"
"183.2960","0.2199","0.5770"
"183.3160","0.2199","0.5771"
"183.3360","0.2199","0.5771"
"183.3560","0.2199","0.5770"
"183.3760","0.2199","0.5770"
"183.3960","0.2199","0.5771"
"183.4160","0.2199","0.5770"
"183.4360","0.2199","0.5769"
"183.4560","0.2199","0.5769"
"183.4760","0.2199","0.5769"
"183.4960","0.2199","0.5769"
"183.5160","0.2199","0.5769"
"183.5360","0.2199","0.5769"
"183.5560","0.2199","0.5769"
"183.5760","0.2199","0.5770"
"183.5960","0.2199","0.5770"
"183.6160","0.2199","0.5770"
"183.6360","0.2199","0.5770"
"183.6560","0.2199","0.5770"
"183.6760","0.2199","0.5769"
"183.6960","0.2199","0.5768"
"183.7160","0.2199","0.5768"
"183.7360","0.2199","0.5768"
"183.7560","0.2199","0.5768"
"183.7760","0.2199","0.5768"
"183.7960","0.2199","0.5768"
"183.8160","0.2199","0.5768"
"183.8360","0.2199","0.5768"
"183.8560","0.2199","0.5768"
"183.8760","0.2199","0.5768"
"183.8960","0.2199","0.5768"
"183.9160","0.2199","0.5769"
"183.9360","0.2199","0.5768"
"183.9560","0.2199","0.5768"
"183.9760","0.2199","0.5769"
"183.9960","0.2199","0.5769"
"184.0160","0.2199","0.5768"
"184.0360","0.2199","0.5768"
"184.0560","0.2199","0.5768"
"184.0760","0.2199","0.5768"
"184.0960","0.2199","0.5769"
"184.1160","0.2199","0.5769"
"184.1360","0.2199","0.5769"
"184.1560","0.2199","0.5768"
"184.1760","0.2199","0.5768"
"184.1960","0.2199","0.5768"
"184.2160","0.2199","0.5767"
"184.2360","0.2199","0.5767"
"184.2560","0.2199","0.5767"
"184.2760","0.2199","0.5767"
"184.2960","0.2199","0.5767"
"184.3160","0.2199","0.5767"
"184.3360","0.2199","0.5767"
"184.3560","0.2199","0.5767"
"184.3760","0.2199","0.5768"
"184.3960","0.2199","0.5767"
"184.4160","0.2199","0.5767"
"184.4360","0.2199","0.5767"
"184.4560","0.2199","0.5767"
"184.4760","0.2199","0.5766"
"184.4960","0.2199","0.5766"
"184.5160","0.2199","0.5767"
"184.5360","0.2199","0.5767"
"184.5560","0.2199","0.5767"
"184.5760","0.2199","0.5767"
"184.5960","0.2199","0.5767"
"184.6160","0.2199","0.5767"
"184.6360","0.2199","0.5766"
"184.6560","0.2199","0.5767"
"184.6760","0.2199","0.5767"
"184.6960","0.2199","0.5767"
"184.7160","0.2199","0.5767"
"184.7360","0.2199","0.5766"
"184.7560","0.2199","0.5766"
"184.7760","0.2199","0.5767"
"184.7960","0.2199","0.5766"
"184.8160","0.2199","0.5766"
"184.8360","0.2199","0.5767"
"184.8560","0.2199","0.5767"
"184.8760","0.2199","0.5766"
"184.8960","0.2199","0.5765"
"184.9160","0.2199","0.5765"
"184.9360","0.2199","0.5765"
"184.9560","0.2199","0.5765"
"184.9760","0.2199","0.5765"
"184.9960","0.2199","0.5765"
"185.0160","0.2199","0.5766"
"185.0360","0.2199","0.5765"
"185.0560","0.2199","0.5765"
"185.0760","0.2199","0.5765"
"185.0960","0.2199","0.5765"
"185.1160","0.2199","0.5765"
"185.1360","0.2199","0.5765"
"185.1560","0.2199","0.5766"
"185.1760","0.2199","0.5766"
"185.1960","0.2199","0.5766"
"185.2160","0.2199","0.5766"
"185.2360","0.2199","0.5766"
"185.2560","0.2199","0.5765"
"185.2760","0.2199","0.5766"
"185.2960","0.2199","0.5766"
"185.3160","0.2199","0.5765"
"185.3360","0.2199","0.5765"
"185.3560","0.2199","0.5765"
"185.3760","0.2199","0.5764"
"185.3960","0.2199","0.5765"
"185.4160","0.2199","0.5766"
"185.4360","0.2199","0.5766"
"185.4560","0.2199","0.5765"
"185.4760","0.2199","0.5764"
"185.4960","0.2199","0.5765"
"185.5160","0.2199","0.5765"
"185.5360","0.2199","0.5765"
"185.5560","0.2199","0.5764"
"185.5760","0.2199","0.5764"
"185.5960","0.2199","0.5765"
"185.6160","0.2199","0.5766"
"185.6360","0.2199","0.5765"
"185.6560","0.2199","0.5764"
"185.6760","0.2199","0.5763"
"185.6960","0.2199","0.5764"
"185.7160","0.2199","0.5765"
"185.7360","0.2199","0.5765"
"185.7560","0.2199","0.5765"
"185.7760","0.2199","0.5764"
"185.7960","0.2199","0.5763"
"185.8160","0.2199","0.5764"
"185.8360","0.2199","0.5764"
"185.8560","0.2199","0.5764"
"185.8760","0.2199","0.5764"
"185.8960","0.2199","0.5764"
"185.9160","0.2199","0.5764"
"185.9360","0.2199","0.5764"
"185.9560","0.2199","0.5764"
"185.9760","0.2199","0.5764"
"185.9960","0.2199","0.5763"
"186.0160","0.2199","0.5763"
"186.0360","0.2199","0.5763"
"186.0560","0.2199","0.5763"
"186.0760","0.2199","0.5763"
"186.0960","0.2199","0.5763"
"186.1160","0.2199","0.5763"
"186.1360","0.2199","0.5764"
"186.1560","0.2199","0.5763"
"186.1760","0.2199","0.5763"
"186.1960","0.2199","0.5763"
"186.2160","0.2199","0.5764"
"186.2360","0.2199","0.5764"
"186.2560","0.2199","0.5762"
"186.2760","0.2199","0.5763"
"186.2960","0.2199","0.5763"
"186.3160","0.2199","0.5764"
"186.3360","0.2199","0.5763"
"186.3560","0.2199","0.5763"
"186.3760","0.2199","0.5762"
"186.3960","0.2199","0.5762"
"186.4160","0.2199","0.5763"
"186.4360","0.2199","0.5763"
"186.4560","0.2199","0.5763"
"186.4760","0.2199","0.5762"
"186.4960","0.2199","0.5762"
"186.5160","0.2199","0.5762"
"186.5360","0.2199","0.5762"
"186.5560","0.2199","0.5762"
"186.5760","0.2199","0.5762"
"186.5960","0.2199","0.5762"
"186.6160","0.2199","0.5762"
"186.6360","0.2199","0.5761"
"186.6560","0.2199","0.5761"
"186.6760","0.2199","0.5761"
"186.6960","0.2199","0.5762"
"186.7160","0.2199","0.5762"
"186.7360","0.2199","0.5762"
"186.7560","0.2199","0.5761"
"186.7760","0.2199","0.5762"
"186.7960","0.2199","0.5761"
"186.8160","0.2199","0.5761"
"186.8360","0.2199","0.5760"
"186.8560","0.2199","0.5761"
"186.8760","0.2199","0.5761"
"186.8960","0.2199","0.5761"
"186.9160","0.2199","0.5762"
"186.9360","0.2199","0.5763"
"186.9560","0.2199","0.5762"
"186.9760","0.2199","0.5761"
"186.9960","0.2199","0.5761"
"187.0160","0.2199","0.5760"
"187.0360","0.2199","0.5761"
"187.0560","0.2199","0.5761"
"187.0760","0.2199","0.5761"
"187.0960","0.2199","0.5761"
"187.1160","0.2199","0.5761"
"187.1360","0.2199","0.5760"
"187.1560","0.2199","0.5761"
"187.1760","0.2199","0.5761"
"187.1960","0.2199","0.5761"
"187.2160","0.2199","0.5760"
"187.2360","0.2199","0.5760"
"187.2560","0.2199","0.5760"
"187.2760","0.2199","0.5760"
"187.2960","0.2199","0.5760"
"187.3160","0.2199","0.5760"
"187.3360","0.2199","0.5760"
"187.3560","0.2199","0.5760"
"187.3760","0.2199","0.5760"
"187.3960","0.2199","0.5760"
"187.4160","0.2199","0.5760"
"187.4360","0.2199","0.5760"
"187.4560","0.2199","0.5760"
"187.4760","0.2199","0.5760"
"187.4960","0.2199","0.5759"
"187.5160","0.2199","0.5760"
"187.5360","0.2199","0.5760"
"187.5560","0.2199","0.5760"
"187.5760","0.2199","0.5760"
"187.5960","0.2199","0.5760"
"187.6160","0.2199","0.5759"
"187.6360","0.2199","0.5759"
"187.6560","0.2199","0.5759"
"187.6760","0.2199","0.5760"
"187.6960","0.2199","0.5760"
"187.7160","0.2199","0.5759"
"187.7360","0.2199","0.5759"
"187.7560","0.2199","0.5759"
"187.7760","0.2199","0.5759"
"187.7960","0.2199","0.5759"
"187.8160","0.2199","0.5759"
"187.8360","0.2199","0.5758"
"187.8560","0.2199","0.5759"
"187.8760","0.2199","0.5760"
"187.8960","0.2199","0.5759"
"187.9160","0.2199","0.5759"
"187.9360","0.2199","0.5760"
"187.9560","0.2199","0.5759"
"187.9760","0.2199","0.5758"
"187.9960","0.2199","0.5758"
"188.0160","0.2199","0.5758"
"188.0360","0.2199","0.5758"
"188.0560","0.2199","0.5757"
"188.0760","0.2199","0.5758"
"188.0960","0.2199","0.5758"
"188.1160","0.2199","0.5759"
"188.1360","0.2199","0.5759"
"188.1560","0.2199","0.5758"
"188.1760","0.2199","0.5758"
"188.1960","0.2199","0.5759"
"188.2160","0.2199","0.5759"
"188.2360","0.2199","0.5759"
"188.2560","0.2199","0.5759"
"188.2760","0.2199","0.5758"
"188.2960","0.2199","0.5758"
"188.3160","0.2199","0.5758"
"188.3360","0.2199","0.5758"
"188.3560","0.2199","0.5758"
"188.3760","0.2199","0.5758"
"188.3960","0.2199","0.5757"
"188.4160","0.2199","0.5757"
"188.4360","0.2199","0.5757"
"188.4560","0.2199","0.5758"
"188.4760","0.2199","0.5758"
"188.4960","0.2199","0.5757"
"188.5160","0.2199","0.5757"
"188.5360","0.2199","0.5757"
"188.5560","0.2199","0.5757"
"188.5760","0.2199","0.5757"
"188.5960","0.2199","0.5757"
"188.6160","0.2199","0.5757"
"188.6360","0.2199","0.5757"
"188.6560","0.2199","0.5757"
"188.6760","0.2199","0.5758"
"188.6960","0.2199","0.5758"
"188.7160","0.2199","0.5757"
"188.7360","0.2199","0.5756"
"188.7560","0.2199","0.5756"
"188.7760","0.2199","0.5756"
"188.7960","0.2199","0.5757"
"188.8160","0.2199","0.5756"
"188.8360","0.2199","0.5756"
"188.8560","0.2199","0.5756"
"188.8760","0.2199","0.5757"
"188.8960","0.2199","0.5758"
"188.9160","0.2199","0.5757"
"188.9360","0.2199","0.5757"
"188.9560","0.2199","0.5756"
"188.9760","0.2199","0.5756"
"188.9960","0.2199","0.5757"
"189.0160","0.2199","0.5757"
"189.0360","0.2199","0.5757"
"189.0560","0.2199","0.5756"
"189.0760","0.2199","0.5756"
"189.0960","0.2199","0.5757"
"189.1160","0.2199","0.5756"
"189.1360","0.2199","0.5756"
"189.1560","0.2199","0.5756"
"189.1760","0.2199","0.5755"
"189.1960","0.2199","0.5755"
"189.2160","0.2199","0.5755"
"189.2360","0.2199","0.5755"
"189.2560","0.2199","0.5755"
"189.2760","0.2199","0.5755"
"189.2960","0.2199","0.5755"
"189.3160","0.2199","0.5755"
"189.3360","0.2199","0.5754"
"189.3560","0.2199","0.5755"
"189.3760","0.2199","0.5754"
"189.3960","0.2199","0.5754"
"189.4160","0.2199","0.5755"
"189.4360","0.2199","0.5755"
"189.4560","0.2199","0.5755"
"189.4760","0.2199","0.5755"
"189.4960","0.2199","0.5754"
"189.5160","0.2199","0.5755"
"189.5360","0.2199","0.5756"
"189.5560","0.2199","0.5756"
"189.5760","0.2199","0.5756"
"189.5960","0.2199","0.5756"
"189.6160","0.2199","0.5755"
"189.6360","0.2199","0.5754"
"189.6560","0.2199","0.5754"
"189.6760","0.2199","0.5755"
"189.6960","0.2199","0.5755"
"189.7160","0.2199","0.5754"
"189.7360","0.2199","0.5754"
"189.7560","0.2199","0.5754"
"189.7760","0.2199","0.5754"
"189.7960","0.2199","0.5755"
"189.8160","0.2199","0.5754"
"189.8360","0.2199","0.5754"
"189.8560","0.2199","0.5755"
"189.8760","0.2199","0.5755"
"189.8960","0.2199","0.5754"
"189.9160","0.2199","0.5754"
"189.9360","0.2199","0.5754"
"189.9560","0.2199","0.5755"
"189.9760","0.2199","0.5755"
"189.9960","0.2199","0.5754"
"190.0160","0.2199","0.5753"
"190.0360","0.2199","0.5754"
"190.0560","0.2199","0.5754"
"190.0760","0.2199","0.5754"
"190.0960","0.2199","0.5754"
"190.1160","0.2199","0.5754"
"190.1360","0.2199","0.5753"
"190.1560","0.2199","0.5754"
"190.1760","0.2199","0.5754"
"190.1960","0.2199","0.5753"
"190.2160","0.2199","0.5753"
"190.2360","0.2199","0.5752"
"190.2560","0.2199","0.5753"
"190.2760","0.2199","0.5753"
"190.2960","0.2199","0.5753"
"190.3160","0.2199","0.5754"
"190.3360","0.2199","0.5753"
"190.3560","0.2199","0.5752"
"190.3760","0.2199","0.5753"
"190.3960","0.2199","0.5753"
"190.4160","0.2199","0.5753"
"190.4360","0.2199","0.5753"
"190.4560","0.2199","0.5754"
"190.4760","0.2199","0.5753"
"190.4960","0.2199","0.5752"
"190.5160","0.2199","0.5752"
"190.5360","0.2199","0.5752"
"190.5560","0.2199","0.5752"
"190.5760","0.2199","0.5752"
"190.5960","0.2199","0.5752"
"190.6160","0.2199","0.5752"
"190.6360","0.2199","0.5752"
"190.6560","0.2199","0.5753"
"190.6760","0.2199","0.5753"
"190.6960","0.2199","0.5753"
"190.7160","0.2199","0.5752"
"190.7360","0.2199","0.5751"
"190.7560","0.2199","0.5752"
"190.7760","0.2199","0.5752"
"190.7960","0.2199","0.5751"
"190.8160","0.2199","0.5752"
"190.8360","0.2199","0.5753"
"190.8560","0.2199","0.5752"
"190.8760","0.2199","0.5752"
"190.8960","0.2199","0.5752"
"190.9160","0.2199","0.5751"
"190.9360","0.2199","0.5752"
"190.9560","0.2199","0.5751"
"190.9760","0.2199","0.5751"
"190.9960","0.2199","0.5751"
"191.0160","0.2199","0.5752"
"191.0360","0.2199","0.5752"
"191.0560","0.2199","0.5752"
"191.0760","0.2199","0.5751"
"191.0960","0.2199","0.5751"
"191.1160","0.2199","0.5751"
"191.1360","0.2199","0.5750"
"191.1560","0.2199","0.5750"
"191.1760","0.2199","0.5751"
"191.1960","0.2199","0.5751"
"191.2160","0.2199","0.5751"
"191.2360","0.2199","0.5751"
"191.2560","0.2199","0.5751"
"191.2760","0.2199","0.5751"
"191.2960","0.2199","0.5750"
"191.3160","0.2199","0.5751"
"191.3360","0.2199","0.5751"
"191.3560","0.2199","0.5750"
"191.3760","0.2199","0.5751"
"191.3960","0.2199","0.5751"
"191.4160","0.2199","0.5751"
"191.4360","0.2199","0.5751"
"191.4560","0.2199","0.5750"
"191.4760","0.2199","0.5750"
"191.4960","0.2199","0.5750"
"191.5160","0.2199","0.5750"
"191.5360","0.2199","0.5750"
"191.5560","0.2199","0.5750"
"191.5760","0.2199","0.5750"
"191.5960","0.2199","0.5750"
"191.6160","0.2199","0.5751"
"191.6360","0.2199","0.5751"
"191.6560","0.2199","0.5751"
"191.6760","0.2199","0.5750"
"191.6960","0.2199","0.5750"
"191.7160","0.2199","0.5749"
"191.7360","0.2199","0.5749"
"191.7560","0.2199","0.5749"
"191.7760","0.2199","0.5750"
"191.7960","0.2199","0.5750"
"191.8160","0.2199","0.5750"
"191.8360","0.2199","0.5750"
"191.8560","0.2199","0.5750"
"191.8760","0.2199","0.5749"
"191.8960","0.2199","0.5749"
"191.9160","0.2199","0.5749"
"191.9360","0.2199","0.5749"
"191.9560","0.2199","0.5749"
"191.9760","0.2199","0.5749"
"191.9960","0.2199","0.5749"
"192.0160","0.2199","0.5749"
"192.0360","0.2199","0.5750"
"192.0560","0.2199","0.5750"
"192.0760","0.2199","0.5749"
"192.0960","0.2199","0.5749"
"192.1160","0.2199","0.5750"
"192.1360","0.2199","0.5749"
"192.1560","0.2199","0.5749"
"192.1760","0.2199","0.5748"
"192.1960","0.2199","0.5749"
"192.2160","0.2199","0.5749"
"192.2360","0.2199","0.5750"
"192.2560","0.2199","0.5750"
"192.2760","0.2199","0.5750"
"192.2960","0.2199","0.5750"
"192.3160","0.2199","0.5750"
"192.3360","0.2199","0.5749"
"192.3560","0.2199","0.5748"
"192.3760","0.2199","0.5748"
"192.3960","0.2199","0.5747"
"192.4160","0.2199","0.5747"
"192.4360","0.2199","0.5748"
"192.4560","0.2199","0.5748"
"192.4760","0.2199","0.5748"
"192.4960","0.2199","0.5748"
"192.5160","0.2199","0.5749"
"192.5360","0.2199","0.5749"
"192.5560","0.2199","0.5749"
"192.5760","0.2199","0.5748"
"192.5960","0.2199","0.5748"
"192.6160","0.2199","0.5747"
"192.6360","0.2199","0.5748"
"192.6560","0.2199","0.5749"
"192.6760","0.2199","0.5748"
"192.6960","0.2199","0.5748"
"192.7160","0.2199","0.5748"
"192.7360","0.2199","0.5748"
"192.7560","0.2199","0.5748"
"192.7760","0.2199","0.5748"
"192.7960","0.2199","0.5747"
"192.8160","0.2199","0.5747"
"192.8360","0.2199","0.5747"
"192.8560","0.2199","0.5748"
"192.8760","0.2199","0.5747"
"192.8960","0.2199","0.5748"
"192.9160","0.2199","0.5747"
"192.9360","0.2199","0.5746"
"192.9560","0.2199","0.5747"
"192.9760","0.2199","0.5748"
"192.9960","0.2199","0.5747"
"193.0160","0.2199","0.5746"
"193.0360","0.2199","0.5747"
"193.0560","0.2199","0.5747"
"193.0760","0.2199","0.5748"
"193.0960","0.2199","0.5748"
"193.1160","0.2199","0.5747"
"193.1360","0.2199","0.5747"
"193.1560","0.2199","0.5747"
"193.1760","0.2199","0.5747"
"193.1960","0.2199","0.5746"
"193.2160","0.2199","0.5746"
"193.2360","0.2199","0.5746"
"193.2560","0.2199","0.5746"
"193.2760","0.2199","0.5747"
"193.2960","0.2199","0.5748"
"193.3160","0.2199","0.5747"
"193.3360","0.2199","0.5745"
"193.3560","0.2199","0.5746"
"193.3760","0.2199","0.5746"
"193.3960","0.2199","0.5745"
"193.4160","0.2199","0.5745"
"193.4360","0.2199","0.5746"
"193.4560","0.2199","0.5746"
"193.4760","0.2199","0.5746"
"193.4960","0.2199","0.5747"
"193.5160","0.2199","0.5747"
"193.5360","0.2199","0.5746"
"193.5560","0.2199","0.5746"
"193.5760","0.2199","0.5745"
"193.5960","0.2199","0.5746"
"193.6160","0.2199","0.5746"
"193.6360","0.2199","0.5746"
"193.6560","0.2199","0.5746"
"193.6760","0.2199","0.5747"
"193.6960","0.2199","0.5746"
"193.7160","0.2199","0.5746"
"193.7360","0.2199","0.5745"
"193.7560","0.2199","0.5745"
"193.7760","0.2199","0.5745"
"193.7960","0.2199","0.5745"
"193.8160","0.2199","0.5746"
"193.8360","0.2199","0.5746"
"193.8560","0.2199","0.5746"
"193.8760","0.2199","0.5746"
"193.8960","0.2199","0.5745"
"193.9160","0.2199","0.5744"
"193.9360","0.2199","0.5745"
"193.9560","0.2199","0.5746"
"193.9760","0.2199","0.5746"
"193.9960","0.2199","0.5746"
"194.0160","0.2199","0.5745"
"194.0360","0.2199","0.5745"
"194.0560","0.2199","0.5744"
"194.0760","0.2199","0.5744"
"194.0960","0.2199","0.5744"
"194.1160","0.2199","0.5744"
"194.1360","0.2199","0.5744"
"194.1560","0.2199","0.5744"
"194.1760","0.2199","0.5744"
"194.1960","0.2199","0.5745"
"194.2160","0.2199","0.5744"
"194.2360","0.2199","0.5744"
"194.2560","0.2199","0.5744"
"194.2760","0.2199","0.5744"
"194.2960","0.2199","0.5743"
"194.3160","0.2199","0.5744"
"194.3360","0.2199","0.5743"
"194.3560","0.2199","0.5744"
"194.3760","0.2199","0.5744"
"194.3960","0.2199","0.5743"
"194.4160","0.2199","0.5744"
"194.4360","0.2199","0.5743"
"194.4560","0.2199","0.5744"
"194.4760","0.2199","0.5744"
"194.4960","0.2199","0.5743"
"194.5160","0.2199","0.5744"
"194.5360","0.2199","0.5745"
"194.5560","0.2199","0.5744"
"194.5760","0.2199","0.5743"
"194.5960","0.2199","0.5743"
"194.6160","0.2199","0.5743"
"194.6360","0.2199","0.5743"
"194.6560","0.2199","0.5742"
"194.6760","0.2199","0.5742"
"194.6960","0.2199","0.5743"
"194.7160","0.2199","0.5744"
"194.7360","0.2199","0.5744"
"194.7560","0.2199","0.5743"
"194.7760","0.2199","0.5743"
"194.7960","0.2199","0.5743"
"194.8160","0.2199","0.5744"
"194.8360","0.2199","0.5744"
"194.8560","0.2199","0.5744"
"194.8760","0.2199","0.5743"
"194.8960","0.2199","0.5743"
"194.9160","0.2199","0.5743"
"194.9360","0.2199","0.5743"
"194.9560","0.2199","0.5742"
"194.9760","0.2199","0.5742"
"194.9960","0.2199","0.5742"
"195.0160","0.2199","0.5742"
"195.0360","0.2199","0.5742"
"195.0560","0.2199","0.5743"
"195.0760","0.2199","0.5743"
"195.0960","0.2199","0.5743"
"195.1160","0.2199","0.5742"
"195.1360","0.2199","0.5742"
"195.1560","0.2199","0.5742"
"195.1760","0.2199","0.5742"
"195.1960","0.2199","0.5742"
"195.2160","0.2199","0.5742"
"195.2360","0.2199","0.5742"
"195.2560","0.2199","0.5743"
"195.2760","0.2199","0.5743"
"195.2960","0.2199","0.5741"
"195.3160","0.2199","0.5742"
"195.3360","0.2199","0.5743"
"195.3560","0.2199","0.5742"
"195.3760","0.2199","0.5741"
"195.3960","0.2199","0.5742"
"195.4160","0.2199","0.5742"
"195.4360","0.2199","0.5742"
"195.4560","0.2199","0.5742"
"195.4760","0.2199","0.5741"
"195.4960","0.2199","0.5742"
"195.5160","0.2199","0.5742"
"195.5360","0.2199","0.5742"
"195.5560","0.2199","0.5741"
"195.5760","0.2199","0.5742"
"195.5960","0.2199","0.5742"
"195.6160","0.2199","0.5742"
"195.6360","0.2199","0.5742"
"195.6560","0.2199","0.5741"
"195.6760","0.2199","0.5740"
"195.6960","0.2199","0.5741"
"195.7160","0.2199","0.5742"
"195.7360","0.2199","0.5742"
"195.7560","0.2199","0.5741"
"195.7760","0.2199","0.5742"
"195.7960","0.2199","0.5741"
"195.8160","0.2199","0.5741"
"195.8360","0.2199","0.5741"
"195.8560","0.2199","0.5741"
"195.8760","0.2199","0.5741"
"195.8960","0.2199","0.5740"
"195.9160","0.2199","0.5740"
"195.9360","0.2199","0.5741"
"195.9560","0.2199","0.5741"
"195.9760","0.2199","0.5742"
"195.9960","0.2199","0.5741"
"196.0160","0.2199","0.5740"
"196.0360","0.2199","0.5740"
"196.0560","0.2199","0.5741"
"196.0760","0.2199","0.5741"
"196.0960","0.2199","0.5741"
"196.1160","0.2199","0.5741"
"196.1360","0.2199","0.5740"
"196.1560","0.2199","0.5741"
"196.1760","0.2199","0.5740"
"196.1960","0.2199","0.5740"
"196.2160","0.2199","0.5740"
"196.2360","0.2199","0.5740"
"196.2560","0.2199","0.5740"
"196.2760","0.2199","0.5740"
"196.2960","0.2199","0.5740"
"196.3160","0.2199","0.5740"
"196.3360","0.2199","0.5740"
"196.3560","0.2199","0.5740"
"196.3760","0.2199","0.5740"
"196.3960","0.2199","0.5740"
"196.4160","0.2199","0.5740"
"196.4360","0.2199","0.5740"
"196.4560","0.2199","0.5739"
"196.4760","0.2199","0.5739"
"196.4960","0.2199","0.5740"
"196.5160","0.2199","0.5740"
"196.5360","0.2199","0.5739"
"196.5560","0.2199","0.5739"
"196.5760","0.2199","0.5739"
"196.5960","0.2199","0.5739"
"196.6160","0.2199","0.5739"
"196.6360","0.2199","0.5739"
"196.6560","0.2199","0.5738"
"196.6760","0.2199","0.5739"
"196.6960","0.2199","0.5740"
"196.7160","0.2199","0.5740"
"196.7360","0.2199","0.5740"
"196.7560","0.2199","0.5739"
"196.7760","0.2199","0.5739"
"196.7960","0.2199","0.5739"
"196.8160","0.2199","0.5739"
"196.8360","0.2199","0.5738"
"196.8560","0.2199","0.5738"
"196.8760","0.2199","0.5738"
"196.8960","0.2199","0.5739"
"196.9160","0.2199","0.5739"
"196.9360","0.2199","0.5738"
"196.9560","0.2199","0.5738"
"196.9760","0.2199","0.5738"
"196.9960","0.2199","0.5739"
"197.0160","0.2199","0.5739"
"197.0360","0.2199","0.5738"
"197.0560","0.2199","0.5739"
"197.0760","0.2199","0.5739"
"197.0960","0.2199","0.5739"
"197.1160","0.2199","0.5738"
"197.1360","0.2199","0.5738"
"197.1560","0.2199","0.5739"
"197.1760","0.2199","0.5739"
"197.1960","0.2199","0.5738"
"197.2160","0.2199","0.5738"
"197.2360","0.2199","0.5738"
"197.2560","0.2199","0.5739"
"197.2760","0.2199","0.5739"
"197.2960","0.2199","0.5738"
"197.3160","0.2199","0.5737"
"197.3360","0.2199","0.5737"
"197.3560","0.2199","0.5737"
"197.3760","0.2199","0.5737"
"197.3960","0.2199","0.5738"
"197.4160","0.2199","0.5738"
"197.4360","0.2199","0.5738"
"197.4560","0.2199","0.5738"
"197.4760","0.2199","0.5737"
"197.4960","0.2199","0.5737"
"197.5160","0.2199","0.5737"
"197.5360","0.2199","0.5737"
"197.5560","0.2199","0.5736"
"197.5760","0.2199","0.5737"
"197.5960","0.2199","0.5737"
"197.6160","0.2199","0.5737"
"197.6360","0.2199","0.5737"
"197.6560","0.2199","0.5737"
"197.6760","0.2199","0.5737"
"197.6960","0.2199","0.5736"
"197.7160","0.2199","0.5737"
"197.7360","0.2199","0.5737"
"197.7560","0.2199","0.5738"
"197.7760","0.2199","0.5737"
"197.7960","0.2199","0.5736"
"197.8160","0.2199","0.5737"
"197.8360","0.2199","0.5736"
"197.8560","0.2199","0.5737"
"197.8760","0.2199","0.5737"
"197.8960","0.2199","0.5737"
"197.9160","0.2199","0.5737"
"197.9360","0.2199","0.5737"
"197.9560","0.2199","0.5736"
"197.9760","0.2199","0.5736"
"197.9960","0.2199","0.5735"
"198.0160","0.2199","0.5735"
"198.0360","0.2199","0.5736"
"198.0560","0.2199","0.5736"
"198.0760","0.2199","0.5736"
"198.0960","0.2199","0.5735"
"198.1160","0.2199","0.5735"
"198.1360","0.2199","0.5736"
"198.1560","0.2199","0.5736"
"198.1760","0.2199","0.5736"
"198.1960","0.2199","0.5737"
"198.2160","0.2199","0.5736"
"198.2360","0.2199","0.5736"
"198.2560","0.2199","0.5736"
"198.2760","0.2199","0.5736"
"198.2960","0.2199","0.5735"
"198.3160","0.2199","0.5736"
"198.3360","0.2199","0.5736"
"198.3560","0.2199","0.5736"
"198.3760","0.2199","0.5735"
"198.3960","0.2199","0.5735"
"198.4160","0.2199","0.5735"
"198.4360","0.2199","0.5735"
"198.4560","0.2199","0.5735"
"198.4760","0.2199","0.5735"
"198.4960","0.2199","0.5735"
"198.5160","0.2199","0.5735"
"198.5360","0.2199","0.5735"
"198.5560","0.2199","0.5735"
"198.5760","0.2199","0.5735"
"198.5960","0.2199","0.5735"
"198.6160","0.2199","0.5735"
"198.6360","0.2199","0.5735"
"198.6560","0.2199","0.5735"
"198.6760","0.2199","0.5735"
"198.6960","0.2199","0.5735"
"198.7160","0.2199","0.5734"
"198.7360","0.2199","0.5734"
"198.7560","0.2199","0.5734"
"198.7760","0.2199","0.5734"
"198.7960","0.2199","0.5733"
"198.8160","0.2199","0.5734"
"198.8360","0.2199","0.5734"
"198.8560","0.2199","0.5734"
"198.8760","0.2199","0.5735"
"198.8960","0.2199","0.5735"
"198.9160","0.2199","0.5735"
"198.9360","0.2199","0.5734"
"198.9560","0.2199","0.5734"
"198.9760","0.2199","0.5734"
"198.9960","0.2199","0.5734"
"199.0160","0.2199","0.5734"
"199.0360","0.2199","0.5735"
"199.0560","0.2199","0.5734"
"199.0760","0.2199","0.5734"
"199.0960","0.2199","0.5733"
"199.1160","0.2199","0.5733"
"199.1360","0.2199","0.5733"
"199.1560","0.2199","0.5734"
"199.1760","0.2199","0.5735"
"199.1960","0.2199","0.5734"
"199.2160","0.2199","0.5734"
"199.2360","0.2199","0.5734"
"199.2560","0.2199","0.5733"
"199.2760","0.2199","0.5734"
"199.2960","0.2199","0.5734"
"199.3160","0.2199","0.5733"
"199.3360","0.2199","0.5732"
"199.3560","0.2199","0.5732"
"199.3760","0.2199","0.5733"
"199.3960","0.2199","0.5734"
"199.4160","0.2199","0.5734"
"199.4360","0.2199","0.5734"
"199.4560","0.2199","0.5733"
"199.4760","0.2199","0.5733"
"199.4960","0.2199","0.5733"
"199.5160","0.2199","0.5733"
"199.5360","0.2199","0.5733"
"199.5560","0.2199","0.5733"
"199.5760","0.2199","0.5733"
"199.5960","0.2199","0.5733"
"199.6160","0.2199","0.5732"
"199.6360","0.2199","0.5733"
"199.6560","0.2199","0.5733"
"199.6760","0.2199","0.5733"
"199.6960","0.2199","0.5733"
"199.7160","0.2199","0.5733"
"199.7360","0.2199","0.5732"
"199.7560","0.2199","0.5732"
"199.7760","0.2199","0.5733"
"199.7960","0.2199","0.5733"
"199.8160","0.2199","0.5733"
"199.8360","0.2199","0.5733"
"199.8560","0.2199","0.5732"
"199.8760","0.2199","0.5732"
"199.8960","0.2199","0.5732"
"199.9160","0.2199","0.5732"
"199.9360","0.2199","0.5733"
"199.9560","0.2199","0.5733"
"199.9760","0.2199","0.5733"
"199.9960","0.2199","0.5733"
"200.0160","0.2199","0.5732"
"200.0360","0.2199","0.5731"
"200.0560","0.2199","0.5731"
"200.0760","0.2199","0.5731"
"200.0960","0.2199","0.5731"
"200.1160","0.2199","0.5732"
"200.1360","0.2199","0.5732"
"200.1560","0.2199","0.5732"
"200.1760","0.2199","0.5731"
"200.1960","0.2199","0.5731"
"200.2160","0.2199","0.5732"
"200.2360","0.2199","0.5732"
"200.2560","0.2199","0.5732"
"200.2760","0.2199","0.5732"
"200.2960","0.2199","0.5732"
"200.3160","0.2199","0.5732"
"200.3360","0.2199","0.5731"
"200.3560","0.2199","0.5731"
"200.3760","0.2199","0.5731"
"200.3960","0.2199","0.5731"
"200.4160","0.2199","0.5732"
"200.4360","0.2199","0.5732"
"200.4560","0.2199","0.5731"
"200.4760","0.2199","0.5730"
"200.4960","0.2199","0.5730"
"200.5160","0.2199","0.5729"
"200.5360","0.2199","0.5730"
"200.5560","0.2199","0.5731"
"200.5760","0.2199","0.5731"
"200.5960","0.2199","0.5730"
"200.6160","0.2199","0.5731"
"200.6360","0.2199","0.5731"
"200.6560","0.2199","0.5731"
"200.6760","0.2199","0.5731"
"200.6960","0.2199","0.5731"
"200.7160","0.2199","0.5729"
"200.7360","0.2199","0.5729"
"200.7560","0.2199","0.5731"
"200.7760","0.2199","0.5732"
"200.7960","0.2199","0.5731"
"200.8160","0.2199","0.5730"
"200.8360","0.2199","0.5729"
"200.8560","0.2199","0.5730"
"200.8760","0.2199","0.5730"
"200.8960","0.2199","0.5730"
"200.9160","0.2199","0.5730"
"200.9360","0.2199","0.5729"
"200.9560","0.2199","0.5729"
"200.9760","0.2199","0.5729"
"200.9960","0.2199","0.5729"
"201.0160","0.2199","0.5730"
"201.0360","0.2199","0.5729"
"201.0560","0.2199","0.5729"
"201.0760","0.2199","0.5728"
"201.0960","0.2199","0.5728"
"201.1160","0.2199","0.5729"
"201.1360","0.2199","0.5729"
"201.1560","0.2199","0.5730"
"201.1760","0.2199","0.5728"
"201.1960","0.2199","0.5728"
"201.2160","0.2199","0.5728"
"201.2360","0.2199","0.5729"
"201.2560","0.2199","0.5729"
"201.2760","0.2199","0.5729"
"201.2960","0.2199","0.5730"
"201.3160","0.2199","0.5730"
"201.3360","0.2199","0.5729"
"201.3560","0.2199","0.5728"
"201.3760","0.2199","0.5728"
"201.3960","0.2199","0.5729"
"201.4160","0.2199","0.5730"
"201.4360","0.2199","0.5729"
"201.4560","0.2199","0.5729"
"201.4760","0.2199","0.5729"
"201.4960","0.2199","0.5729"
"201.5160","0.2199","0.5728"
"201.5360","0.2199","0.5728"
"201.5560","0.2199","0.5729"
"201.5760","0.2199","0.5729"
"201.5960","0.2199","0.5728"
"201.6160","0.2199","0.5729"
"201.6360","0.2199","0.5729"
"201.6560","0.2199","0.5728"
"201.6760","0.2199","0.5728"
"201.6960","0.2199","0.5728"
"201.7160","0.2199","0.5728"
"201.7360","0.2199","0.5729"
"201.7560","0.2199","0.5728"
"201.7760","0.2199","0.5728"
"201.7960","0.2199","0.5728"
"201.8160","0.2199","0.5728"
"201.8360","0.2199","0.5728"
"201.8560","0.2199","0.5728"
"201.8760","0.2199","0.5727"
"201.8960","0.2199","0.5728"
"201.9160","0.2199","0.5728"
"201.9360","0.2199","0.5729"
"201.9560","0.2199","0.5728"
"201.9760","0.2199","0.5727"
"201.9960","0.2199","0.5728"
"202.0160","0.2199","0.5728"
"202.0360","0.2199","0.5728"
"202.0560","0.2199","0.5727"
"202.0760","0.2199","0.5727"
"202.0960","0.2199","0.5727"
"202.1160","0.2199","0.5727"
"202.1360","0.2199","0.5727"
"202.1560","0.2199","0.5728"
"202.1760","0.2199","0.5728"
"202.1960","0.2199","0.5727"
"202.2160","0.2199","0.5727"
"202.2360","0.2199","0.5728"
"202.2560","0.2199","0.5727"
"202.2760","0.2199","0.5727"
"202.2960","0.2199","0.5727"
"202.3160","0.2199","0.5727"
"202.3360","0.2199","0.5727"
"202.3560","0.2199","0.5727"
"202.3760","0.2199","0.5728"
"202.3960","0.2199","0.5728"
"202.4160","0.2199","0.5727"
"202.4360","0.2199","0.5727"
"202.4560","0.2199","0.5727"
"202.4760","0.2199","0.5727"
"202.4960","0.2199","0.5727"
"202.5160","0.2199","0.5726"
"202.5360","0.2199","0.5726"
"202.5560","0.2199","0.5726"
"202.5760","0.2199","0.5727"
"202.5960","0.2199","0.5726"
"202.6160","0.2199","0.5726"
"202.6360","0.2199","0.5726"
"202.6560","0.2199","0.5727"
"202.6760","0.2199","0.5727"
"202.6960","0.2199","0.5726"
"202.7160","0.2199","0.5725"
"202.7360","0.2199","0.5725"
"202.7560","0.2199","0.5726"
"202.7760","0.2199","0.5726"
"202.7960","0.2199","0.5726"
"202.8160","0.2199","0.5726"
"202.8360","0.2199","0.5725"
"202.8560","0.2199","0.5726"
"202.8760","0.2199","0.5726"
"202.8960","0.2199","0.5725"
"202.9160","0.2199","0.5726"
"202.9360","0.2199","0.5726"
"202.9560","0.2199","0.5726"
"202.9760","0.2199","0.5726"
"202.9960","0.2199","0.5726"
"203.0160","0.2199","0.5727"
"203.0360","0.2199","0.5726"
"203.0560","0.2199","0.5725"
"203.0760","0.2199","0.5725"
"203.0960","0.2199","0.5725"
"203.1160","0.2199","0.5726"
"203.1360","0.2199","0.5726"
"203.1560","0.2199","0.5725"
"203.1760","0.2199","0.5725"
"203.1960","0.2199","0.5725"
"203.2160","0.2199","0.5725"
"203.2360","0.2199","0.5725"
"203.2560","0.2199","0.5725"
"203.2760","0.2199","0.5725"
"203.2960","0.2199","0.5725"
"203.3160","0.2199","0.5725"
"203.3360","0.2199","0.5725"
"203.3560","0.2199","0.5725"
"203.3760","0.2199","0.5725"
"203.3960","0.2199","0.5724"
"203.4160","0.2199","0.5724"
"203.4360","0.2199","0.5724"
"203.4560","0.2199","0.5724"
"203.4760","0.2199","0.5725"
"203.4960","0.2199","0.5724"
"203.5160","0.2199","0.5724"
"203.5360","0.2199","0.5724"
"203.5560","0.2199","0.5725"
"203.5760","0.2199","0.5724"
"203.5960","0.2199","0.5723"
"203.6160","0.2199","0.5723"
"203.6360","0.2199","0.5724"
"203.6560","0.2199","0.5723"
"203.6760","0.2199","0.5724"
"203.6960","0.2199","0.5724"
"203.7160","0.2199","0.5724"
"203.7360","0.2199","0.5724"
"203.7560","0.2199","0.5725"
"203.7760","0.2199","0.5724"
"203.7960","0.2199","0.5724"
"203.8160","0.2199","0.5724"
"203.8360","0.2199","0.5725"
"203.8560","0.2199","0.5725"
"203.8760","0.2199","0.5724"
"203.8960","0.2199","0.5724"
"203.9160","0.2199","0.5723"
"203.9360","0.2199","0.5724"
"203.9560","0.2199","0.5724"
"203.9760","0.2199","0.5724"
"203.9960","0.2199","0.5723"
"204.0160","0.2199","0.5723"
"204.0360","0.2199","0.5723"
"204.0560","0.2199","0.5723"
"204.0760","0.2199","0.5723"
"204.0960","0.2199","0.5723"
"204.1160","0.2199","0.5724"
"204.1360","0.2199","0.5724"
"204.1560","0.2199","0.5724"
"204.1760","0.2199","0.5724"
"204.1960","0.2199","0.5723"
"204.2160","0.2199","0.5723"
"204.2360","0.2199","0.5723"
"204.2560","0.2199","0.5722"
"204.2760","0.2199","0.5723"
"204.2960","0.2199","0.5723"
"204.3160","0.2199","0.5723"
"204.3360","0.2199","0.5723"
"204.3560","0.2199","0.5723"
"204.3760","0.2199","0.5722"
"204.3960","0.2199","0.5723"
"204.4160","0.2199","0.5723"
"204.4360","0.2199","0.5723"
"204.4560","0.2199","0.5723"
"204.4760","0.2199","0.5723"
"204.4960","0.2199","0.5723"
"204.5160","0.2199","0.5722"
"204.5360","0.2199","0.5722"
"204.5560","0.2199","0.5722"
"204.5760","0.2199","0.5722"
"204.5960","0.2199","0.5722"
"204.6160","0.2199","0.5722"
"204.6360","0.2199","0.5722"
"204.6560","0.2199","0.5722"
"204.6760","0.2199","0.5722"
"204.6960","0.2199","0.5722"
"204.7160","0.2199","0.5723"
"204.7360","0.2199","0.5723"
"204.7560","0.2199","0.5723"
"204.7760","0.2199","0.5721"
"204.7960","0.2199","0.5721"
"204.8160","0.2199","0.5722"
"204.8360","0.2199","0.5722"
"204.8560","0.2199","0.5721"
"204.8760","0.2199","0.5721"
"204.8960","0.2199","0.5722"
"204.9160","0.2199","0.5723"
"204.9360","0.2199","0.5722"
"204.9560","0.2199","0.5722"
"204.9760","0.2199","0.5721"
"204.9960","0.2199","0.5722"
"205.0160","0.2199","0.5722"
"205.0360","0.2199","0.5721"
"205.0560","0.2199","0.5721"
"205.0760","0.2199","0.5720"
"205.0960","0.2199","0.5721"
"205.1160","0.2199","0.5721"
"205.1360","0.2199","0.5722"
"205.1560","0.2199","0.5721"
"205.1760","0.2199","0.5720"
"205.1960","0.2199","0.5721"
"205.2160","0.2199","0.5721"
"205.2360","0.2199","0.5721"
"205.2560","0.2199","0.5720"
"205.2760","0.2199","0.5721"
"205.2960","0.2199","0.5721"
"205.3160","0.2199","0.5721"
"205.3360","0.2199","0.5721"
"205.3560","0.2199","0.5721"
"205.3760","0.2199","0.5720"
"205.3960","0.2199","0.5720"
"205.4160","0.2199","0.5721"
"205.4360","0.2199","0.5721"
"205.4560","0.2199","0.5721"
"205.4760","0.2199","0.5722"
"205.4960","0.2199","0.5720"
"205.5160","0.2199","0.5720"
"205.5360","0.2199","0.5719"
"205.5560","0.2199","0.5720"
"205.5760","0.2199","0.5720"
"205.5960","0.2199","0.5720"
"205.6160","0.2199","0.5720"
"205.6360","0.2199","0.5720"
"205.6560","0.2199","0.5721"
"205.6760","0.2199","0.5720"
"205.6960","0.2199","0.5720"
"205.7160","0.2199","0.5720"
"205.7360","0.2199","0.5720"
"205.7560","0.2199","0.5720"
"205.7760","0.2199","0.5720"
"205.7960","0.2199","0.5720"
"205.8160","0.2199","0.5720"
"205.8360","0.2199","0.5720"
"205.8560","0.2199","0.5720"
"205.8760","0.2199","0.5720"
"205.8960","0.2199","0.5720"
"205.9160","0.2199","0.5720"
"205.9360","0.2199","0.5719"
"205.9560","0.2199","0.5719"
"205.9760","0.2199","0.5720"
"205.9960","0.2199","0.5719"
"206.0160","0.2199","0.5719"
"206.0360","0.2199","0.5719"
"206.0560","0.2199","0.5719"
"206.0760","0.2199","0.5719"
"206.0960","0.2199","0.5719"
"206.1160","0.2199","0.5719"
"206.1360","0.2199","0.5720"
"206.1560","0.2199","0.5720"
"206.1760","0.2199","0.5719"
"206.1960","0.2199","0.5719"
"206.2160","0.2199","0.5719"
"206.2360","0.2199","0.5719"
"206.2560","0.2199","0.5719"
"206.2760","0.2199","0.5719"
"206.2960","0.2199","0.5718"
"206.3160","0.2199","0.5719"
"206.3360","0.2199","0.5718"
"206.3560","0.2199","0.5719"
"206.3760","0.2199","0.5719"
"206.3960","0.2199","0.5719"
"206.4160","0.2199","0.5719"
"206.4360","0.2199","0.5719"
"206.4560","0.2199","0.5719"
"206.4760","0.2199","0.5719"
"206.4960","0.2199","0.5719"
"206.5160","0.2199","0.5718"
"206.5360","0.2199","0.5718"
"206.5560","0.2199","0.5718"
"206.5760","0.2199","0.5718"
"206.5960","0.2199","0.5718"
"206.6160","0.2199","0.5718"
"206.6360","0.2199","0.5718"
"206.6560","0.2199","0.5718"
"206.6760","0.2199","0.5718"
"206.6960","0.2199","0.5718"
"206.7160","0.2199","0.5718"
"206.7360","0.2199","0.5719"
"206.7560","0.2199","0.5718"
"206.7760","0.2199","0.5718"
"206.7960","0.2199","0.5717"
"206.8160","0.2199","0.5718"
"206.8360","0.2199","0.5718"
"206.8560","0.2199","0.5718"
"206.8760","0.2199","0.5718"
"206.8960","0.2199","0.5717"
"206.9160","0.2199","0.5717"
"206.9360","0.2199","0.5717"
"206.9560","0.2199","0.5717"
"206.9760","0.2199","0.5718"
"206.9960","0.2199","0.5718"
"207.0160","0.2199","0.5718"
"207.0360","0.2199","0.5717"
"207.0560","0.2199","0.5718"
"207.0760","0.2199","0.5718"
"207.0960","0.2199","0.5717"
"207.1160","0.2199","0.5717"
"207.1360","0.2199","0.5717"
"207.1560","0.2199","0.5717"
"207.1760","0.2199","0.5718"
"207.1960","0.2199","0.5718"
"207.2160","0.2199","0.5717"
"207.2360","0.2199","0.5717"
"207.2560","0.2199","0.5717"
"207.2760","0.2199","0.5717"
"207.2960","0.2199","0.5716"
"207.3160","0.2199","0.5717"
"207.3360","0.2199","0.5717"
"207.3560","0.2199","0.5716"
"207.3760","0.2199","0.5716"
"207.3960","0.2199","0.5716"
"207.4160","0.2199","0.5716"
"207.4360","0.2199","0.5716"
"207.4560","0.2199","0.5717"
"207.4760","0.2199","0.5716"
"207.4960","0.2199","0.5717"
"207.5160","0.2199","0.5717"
"207.5360","0.2199","0.5717"
"207.5560","0.2199","0.5716"
"207.5760","0.2199","0.5715"
"207.5960","0.2199","0.5715"
"207.6160","0.2199","0.5715"
"207.6360","0.2199","0.5716"
"207.6560","0.2199","0.5716"
"207.6760","0.2199","0.5716"
"207.6960","0.2199","0.5717"
"207.7160","0.2199","0.5717"
"207.7360","0.2199","0.5717"
"207.7560","0.2199","0.5716"
"207.7760","0.2199","0.5715"
"207.7960","0.2199","0.5715"
"207.8160","0.2199","0.5716"
"207.8360","0.2199","0.5715"
"207.8560","0.2199","0.5715"
"207.8760","0.2199","0.5715"
"207.8960","0.2199","0.5715"
"207.9160","0.2199","0.5716"
"207.9360","0.2199","0.5715"
"207.9560","0.2199","0.5715"
"207.9760","0.2199","0.5715"
"207.9960","0.2199","0.5715"
"208.0160","0.2199","0.5715"
"208.0360","0.2199","0.5715"
"208.0560","0.2199","0.5715"
"208.0760","0.2199","0.5716"
"208.0960","0.2199","0.5715"
"208.1160","0.2199","0.5714"
"208.1360","0.2199","0.5715"
"208.1560","0.2199","0.5715"
"208.1760","0.2199","0.5715"
"208.1960","0.2199","0.5715"
"208.2160","0.2199","0.5715"
"208.2360","0.2199","0.5715"
"208.2560","0.2199","0.5715"
"208.2760","0.2199","0.5715"
"208.2960","0.2199","0.5714"
"208.3160","0.2199","0.5714"
"208.3360","0.2199","0.5715"
"208.3560","0.2199","0.5714"
"208.3760","0.2199","0.5714"
"208.3960","0.2199","0.5714"
"208.4160","0.2199","0.5713"
"208.4360","0.2199","0.5713"
"208.4560","0.2199","0.5714"
"208.4760","0.2199","0.5714"
"208.4960","0.2199","0.5714"
"208.5160","0.2199","0.5715"
"208.5360","0.2199","0.5715"
"208.5560","0.2199","0.5714"
"208.5760","0.2199","0.5714"
"208.5960","0.2199","0.5714"
"208.6160","0.2199","0.5714"
"208.6360","0.2199","0.5714"
"208.6560","0.2199","0.5714"
"208.6760","0.2199","0.5713"
"208.6960","0.2199","0.5713"
"208.7160","0.2199","0.5714"
"208.7360","0.2199","0.5713"
"208.7560","0.2199","0.5713"
"208.7760","0.2199","0.5714"
"208.7960","0.2199","0.5713"
"208.8160","0.2199","0.5713"
"208.8360","0.2199","0.5714"
"208.8560","0.2199","0.5715"
"208.8760","0.2199","0.5714"
"208.8960","0.2199","0.5714"
"208.9160","0.2199","0.5714"
"208.9360","0.2199","0.5713"
"208.9560","0.2199","0.5713"
"208.9760","0.2199","0.5713"
"208.9960","0.2199","0.5713"
"209.0160","0.2199","0.5712"
"209.0360","0.2199","0.5713"
"209.0560","0.2199","0.5714"
"209.0760","0.2199","0.5714"
"209.0960","0.2199","0.5713"
"209.1160","0.2199","0.5713"
"209.1360","0.2199","0.5713"
"209.1560","0.2199","0.5713"
"209.1760","0.2199","0.5713"
"209.1960","0.2199","0.5712"
"209.2160","0.2199","0.5713"
"209.2360","0.2199","0.5713"
"209.2560","0.2199","0.5713"
"209.2760","0.2199","0.5712"
"209.2960","0.2199","0.5713"
"209.3160","0.2199","0.5713"
"209.3360","0.2199","0.5713"
"209.3560","0.2199","0.5713"
"209.3760","0.2199","0.5712"
"209.3960","0.2199","0.5712"
"209.4160","0.2199","0.5712"
"209.4360","0.2199","0.5711"
"209.4560","0.2199","0.5712"
"209.4760","0.2199","0.5712"
"209.4960","0.2199","0.5713"
"209.5160","0.2199","0.5713"
"209.5360","0.2199","0.5714"
"209.5560","0.2199","0.5713"
"209.5760","0.2199","0.5712"
"209.5960","0.2199","0.5712"
"209.6160","0.2199","0.5712"
"209.6360","0.2199","0.5712"
"209.6560","0.2199","0.5712"
"209.6760","0.2199","0.5712"
"209.6960","0.2199","0.5712"
"209.7160","0.2199","0.5712"
"209.7360","0.2199","0.5712"
"209.7560","0.2199","0.5713"
"209.7760","0.2199","0.5712"
"209.7960","0.2199","0.5712"
"209.8160","0.2199","0.5712"
"209.8360","0.2199","0.5712"
"209.8560","0.2199","0.5711"
"209.8760","0.2199","0.5711"
"209.8960","0.2199","0.5712"
"209.9160","0.2199","0.5712"
"209.9360","0.2199","0.5711"
"209.9560","0.2199","0.5710"
"209.9760","0.2199","0.5711"
"209.9960","0.2199","0.5711"
"210.0160","0.2199","0.5711"
"210.0360","0.2199","0.5711"
"210.0560","0.2199","0.5711"
"210.0760","0.2199","0.5711"
"210.0960","0.2199","0.5710"
"210.1160","0.2199","0.5710"
"210.1360","0.2199","0.5711"
"210.1560","0.2199","0.5711"
"210.1760","0.2199","0.5711"
"210.1960","0.2199","0.5711"
"210.2160","0.2199","0.5710"
"210.2360","0.2199","0.5710"
"210.2560","0.2199","0.5711"
"210.2760","0.2199","0.5710"
"210.2960","0.2199","0.5710"
"210.3160","0.2199","0.5710"
"210.3360","0.2199","0.5711"
"210.3560","0.2199","0.5711"
"210.3760","0.2199","0.5711"
"210.3960","0.2199","0.5711"
"210.4160","0.2199","0.5711"
"210.4360","0.2199","0.5711"
"210.4560","0.2199","0.5710"
"210.4760","0.2199","0.5709"
"210.4960","0.2199","0.5709"
"210.5160","0.2199","0.5709"
"210.5360","0.2199","0.5709"
"210.5560","0.2199","0.5710"
"210.5760","0.2199","0.5711"
"210.5960","0.2199","0.5710"
"210.6160","0.2199","0.5710"
"210.6360","0.2199","0.5710"
"210.6560","0.2199","0.5709"
"210.6760","0.2199","0.5709"
"210.6960","0.2199","0.5708"
"210.7160","0.2199","0.5709"
"210.7360","0.2199","0.5710"
"210.7560","0.2199","0.5710"
"210.7760","0.2199","0.5709"
"210.7960","0.2199","0.5709"
"210.8160","0.2199","0.5708"
"210.8360","0.2199","0.5709"
"210.8560","0.2199","0.5709"
"210.8760","0.2199","0.5709"
"210.8960","0.2199","0.5709"
"210.9160","0.2199","0.5709"
"210.9360","0.2199","0.5709"
"210.9560","0.2199","0.5710"
"210.9760","0.2199","0.5709"
"210.9960","0.2199","0.5709"
"211.0160","0.2199","0.5709"
"211.0360","0.2199","0.5709"
"211.0560","0.2199","0.5708"
"211.0760","0.2199","0.5708"
"211.0960","0.2199","0.5709"
"211.1160","0.2199","0.5709"
"211.1360","0.2199","0.5709"
"211.1560","0.2199","0.5709"
"211.1760","0.2199","0.5709"
"211.1960","0.2199","0.5709"
"211.2160","0.2199","0.5709"
"211.2360","0.2199","0.5708"
"211.2560","0.2199","0.5708"
"211.2760","0.2199","0.5709"
"211.2960","0.2199","0.5709"
"211.3160","0.2199","0.5709"
"211.3360","0.2199","0.5708"
"211.3560","0.2199","0.5708"
"211.3760","0.2199","0.5708"
"211.3960","0.2199","0.5708"
"211.4160","0.2199","0.5708"
"211.4360","0.2199","0.5708"
"211.4560","0.2199","0.5708"
"211.4760","0.2199","0.5708"
"211.4960","0.2199","0.5707"
"211.5160","0.2199","0.5707"
"211.5360","0.2199","0.5708"
"211.5560","0.2199","0.5708"
"211.5760","0.2199","0.5708"
"211.5960","0.2199","0.5708"
"211.6160","0.2199","0.5708"
"211.6360","0.2199","0.5708"
"211.6560","0.2199","0.5709"
"211.6760","0.2199","0.5709"
"211.6960","0.2199","0.5708"
"211.7160","0.2199","0.5707"
"211.7360","0.2199","0.5709"
"211.7560","0.2199","0.5708"
"211.7760","0.2199","0.5708"
"211.7960","0.2199","0.5707"
"211.8160","0.2199","0.5708"
"211.8360","0.2199","0.5707"
"211.8560","0.2199","0.5707"
"211.8760","0.2199","0.5707"
"211.8960","0.2199","0.5707"
"211.9160","0.2199","0.5707"
"211.9360","0.2199","0.5707"
"211.9560","0.2199","0.5707"
"211.9760","0.2199","0.5707"
"211.9960","0.2199","0.5706"
"212.0160","0.2199","0.5706"
"212.0360","0.2199","0.5707"
"212.0560","0.2199","0.5707"
"212.0760","0.2199","0.5707"
"212.0960","0.2199","0.5707"
"212.1160","0.2199","0.5707"
"212.1360","0.2199","0.5706"
"212.1560","0.2199","0.5705"
"212.1760","0.2199","0.5706"
"212.1960","0.2199","0.5706"
"212.2160","0.2199","0.5706"
"212.2360","0.2199","0.5706"
"212.2560","0.2199","0.5706"
"212.2760","0.2199","0.5706"
"212.2960","0.2199","0.5706"
"212.3160","0.2199","0.5706"
"212.3360","0.2199","0.5706"
"212.3560","0.2199","0.5706"
"212.3760","0.2199","0.5707"
"212.3960","0.2199","0.5706"
"212.4160","0.2199","0.5706"
"212.4360","0.2199","0.5705"
"212.4560","0.2199","0.5705"
"212.4760","0.2199","0.5706"
"212.4960","0.2199","0.5706"
"212.5160","0.2199","0.5706"
"212.5360","0.2199","0.5706"
"212.5560","0.2199","0.5705"
"212.5760","0.2199","0.5705"
"212.5960","0.2199","0.5706"
"212.6160","0.2199","0.5705"
"212.6360","0.2199","0.5705"
"212.6560","0.2199","0.5706"
"212.6760","0.2199","0.5706"
"212.6960","0.2199","0.5706"
"212.7160","0.2199","0.5706"
"212.7360","0.2199","0.5705"
"212.7560","0.2199","0.5705"
"212.7760","0.2199","0.5706"
"212.7960","0.2199","0.5706"
"212.8160","0.2199","0.5706"
"212.8360","0.2199","0.5705"
"212.8560","0.2199","0.5705"
"212.8760","0.2199","0.5705"
"212.8960","0.2199","0.5705"
"212.9160","0.2199","0.5705"
"212.9360","0.2199","0.5705"
"212.9560","0.2199","0.5705"
"212.9760","0.2199","0.5705"
"212.9960","0.2199","0.5705"
"213.0160","0.2199","0.5705"
"213.0360","0.2199","0.5704"
"213.0560","0.2199","0.5704"
"213.0760","0.2199","0.5705"
"213.0960","0.2199","0.5705"
"213.1160","0.2199","0.5704"
"213.1360","0.2199","0.5704"
"213.1560","0.2199","0.5704"
"213.1760","0.2199","0.5704"
"213.1960","0.2199","0.5704"
"213.2160","0.2199","0.5705"
"213.2360","0.2199","0.5704"
"213.2560","0.2199","0.5705"
"213.2760","0.2199","0.5705"
"213.2960","0.2199","0.5705"
"213.3160","0.2199","0.5705"
"213.3360","0.2199","0.5705"
"213.3560","0.2199","0.5705"
"213.3760","0.2199","0.5704"
"213.3960","0.2199","0.5703"
"213.4160","0.2199","0.5703"
"213.4360","0.2199","0.5703"
"213.4560","0.2199","0.5703"
"213.4760","0.2199","0.5704"
"213.4960","0.2199","0.5705"
"213.5160","0.2199","0.5704"
"213.5360","0.2199","0.5704"
"213.5560","0.2199","0.5704"
"213.5760","0.2199","0.5704"
"213.5960","0.2199","0.5704"
"213.6160","0.2199","0.5703"
"213.6360","0.2199","0.5704"
"213.6560","0.2199","0.5703"
"213.6760","0.2199","0.5703"
"213.6960","0.2199","0.5703"
"213.7160","0.2199","0.5703"
"213.7360","0.2199","0.5703"
"213.7560","0.2199","0.5703"
"213.7760","0.2199","0.5703"
"213.7960","0.2199","0.5703"
"213.8160","0.2199","0.5703"
"213.8360","0.2199","0.5702"
"213.8560","0.2199","0.5703"
"213.8760","0.2199","0.5703"
"213.8960","0.2199","0.5703"
"213.9160","0.2199","0.5703"
"213.9360","0.2199","0.5703"
"213.9560","0.2199","0.5703"
"213.9760","0.2199","0.5703"
"213.9960","0.2199","0.5703"
"214.0160","0.2199","0.5702"
"214.0360","0.2199","0.5702"
"214.0560","0.2199","0.5702"
"214.0760","0.2199","0.5702"
"214.0960","0.2199","0.5702"
"214.1160","0.2199","0.5702"
"214.1360","0.2199","0.5702"
"214.1560","0.2199","0.5703"
"214.1760","0.2199","0.5703"
"214.1960","0.2199","0.5703"
"214.2160","0.2199","0.5703"
"214.2360","0.2199","0.5702"
"214.2560","0.2199","0.5702"
"214.2760","0.2199","0.5702"
"214.2960","0.2199","0.5703"
"214.3160","0.2199","0.5703"
"214.3360","0.2199","0.5702"
"214.3560","0.2199","0.5703"
"214.3760","0.2199","0.5702"
"214.3960","0.2199","0.5702"
"214.4160","0.2199","0.5702"
"214.4360","0.2199","0.5703"
"214.4560","0.2199","0.5703"
"214.4760","0.2199","0.5702"
"214.4960","0.2199","0.5701"
"214.5160","0.2199","0.5701"
"214.5360","0.2199","0.5702"
"214.5560","0.2199","0.5702"
"214.5760","0.2199","0.5702"
"214.5960","0.2199","0.5701"
"214.6160","0.2199","0.5701"
"214.6360","0.2199","0.5702"
"214.6560","0.2199","0.5701"
"214.6760","0.2199","0.5702"
"214.6960","0.2199","0.5701"
"214.7160","0.2199","0.5701"
"214.7360","0.2199","0.5701"
"214.7560","0.2199","0.5701"
"214.7760","0.2199","0.5701"
"214.7960","0.2199","0.5701"
"214.8160","0.2199","0.5701"
"214.8360","0.2199","0.5702"
"214.8560","0.2199","0.5701"
"214.8760","0.2199","0.5701"
"214.8960","0.2199","0.5701"
"214.9160","0.2199","0.5701"
"214.9360","0.2199","0.5701"
"214.9560","0.2199","0.5701"
"214.9760","0.2199","0.5700"
"214.9960","0.2199","0.5700"
"215.0160","0.2199","0.5701"
"215.0360","0.2199","0.5702"
"215.0560","0.2199","0.5701"
"215.0760","0.2199","0.5700"
"215.0960","0.2199","0.5700"
"215.1160","0.2199","0.5701"
"215.1360","0.2199","0.5701"
"215.1560","0.2199","0.5700"
"215.1760","0.2199","0.5700"
"215.1960","0.2199","0.5699"
"215.2160","0.2199","0.5700"
"215.2360","0.2199","0.5701"
"215.2560","0.2199","0.5701"
"215.2760","0.2199","0.5701"
"215.2960","0.2199","0.5700"
"215.3160","0.2199","0.5699"
"215.3360","0.2199","0.5700"
"215.3560","0.2199","0.5700"
"215.3760","0.2199","0.5700"
"215.3960","0.2199","0.5700"
"215.4160","0.2199","0.5700"
"215.4360","0.2199","0.5699"
"215.4560","0.2199","0.5699"
"215.4760","0.2199","0.5700"
"215.4960","0.2199","0.5700"
"215.5160","0.2199","0.5700"
"215.5360","0.2199","0.5699"
"215.5560","0.2199","0.5699"
"215.5760","0.2199","0.5698"
"215.5960","0.2199","0.5699"
"215.6160","0.2199","0.5699"
"215.6360","0.2199","0.5699"
"215.6560","0.2199","0.5700"
"215.6760","0.2199","0.5699"
"215.6960","0.2199","0.5699"
"215.7160","0.2199","0.5698"
"215.7360","0.2199","0.5699"
"215.7560","0.2199","0.5699"
"215.7760","0.2199","0.5699"
"215.7960","0.2199","0.5699"
"215.8160","0.2199","0.5699"
"215.8360","0.2199","0.5699"
"215.8560","0.2199","0.5699"
"215.8760","0.2199","0.5699"
"215.8960","0.2199","0.5700"
"215.9160","0.2199","0.5700"
"215.9360","0.2199","0.5700"
"215.9560","0.2199","0.5699"
"215.9760","0.2199","0.5699"
"215.9960","0.2199","0.5698"
"216.0160","0.2199","0.5699"
"216.0360","0.2199","0.5699"
"216.0560","0.2199","0.5699"
"216.0760","0.2199","0.5699"
"216.0960","0.2199","0.5699"
"216.1160","0.2199","0.5698"
"216.1360","0.2199","0.5697"
"216.1560","0.2199","0.5698"
"216.1760","0.2199","0.5698"
"216.1960","0.2199","0.5698"
"216.2160","0.2199","0.5699"
"216.2360","0.2199","0.5698"
"216.2560","0.2199","0.5698"
"216.2760","0.2199","0.5698"
"216.2960","0.2199","0.5698"
"216.3160","0.2199","0.5698"
"216.3360","0.2199","0.5698"
"216.3560","0.2199","0.5699"
"216.3760","0.2199","0.5698"
"216.3960","0.2199","0.5698"
"216.4160","0.2199","0.5698"
"216.4360","0.2199","0.5698"
"216.4560","0.2199","0.5697"
"216.4760","0.2199","0.5697"
"216.4960","0.2199","0.5697"
"216.5160","0.2199","0.5698"
"216.5360","0.2199","0.5699"
"216.5560","0.2199","0.5698"
"216.5760","0.2199","0.5697"
"216.5960","0.2199","0.5698"
"216.6160","0.2199","0.5697"
"216.6360","0.2199","0.5697"
"216.6560","0.2199","0.5696"
"216.6760","0.2199","0.5697"
"216.6960","0.2199","0.5697"
"216.7160","0.2199","0.5698"
"216.7360","0.2199","0.5698"
"216.7560","0.2199","0.5698"
"216.7760","0.2199","0.5697"
"216.7960","0.2199","0.5697"
"216.8160","0.2199","0.5697"
"216.8360","0.2199","0.5697"
"216.8560","0.2199","0.5696"
"216.8760","0.2199","0.5696"
"216.8960","0.2199","0.5696"
"216.9160","0.2199","0.5697"
"216.9360","0.2199","0.5697"
"216.9560","0.2199","0.5697"
"216.9760","0.2199","0.5697"
"216.9960","0.2199","0.5696"
"217.0160","0.2199","0.5696"
"217.0360","0.2199","0.5696"
"217.0560","0.2199","0.5696"
"217.0760","0.2199","0.5696"
"217.0960","0.2199","0.5696"
"217.1160","0.2199","0.5696"
"217.1360","0.2199","0.5696"
"217.1560","0.2199","0.5696"
"217.1760","0.2199","0.5696"
"217.1960","0.2199","0.5696"
"217.2160","0.2199","0.5696"
"217.2360","0.2199","0.5696"
"217.2560","0.2199","0.5696"
"217.2760","0.2199","0.5695"
"217.2960","0.2199","0.5695"
"217.3160","0.2199","0.5696"
"217.3360","0.2199","0.5696"
"217.3560","0.2199","0.5697"
"217.3760","0.2199","0.5696"
"217.3960","0.2199","0.5697"
"217.4160","0.2199","0.5697"
"217.4360","0.2199","0.5697"
"217.4560","0.2199","0.5697"
"217.4760","0.2199","0.5696"
"217.4960","0.2199","0.5696"
"217.5160","0.2199","0.5696"
"217.5360","0.2199","0.5695"
"217.5560","0.2199","0.5695"
"217.5760","0.2199","0.5696"
"217.5960","0.2199","0.5696"
"217.6160","0.2199","0.5695"
"217.6360","0.2199","0.5696"
"217.6560","0.2199","0.5696"
"217.6760","0.2199","0.5696"
"217.6960","0.2199","0.5696"
"217.7160","0.2199","0.5696"
"217.7360","0.2199","0.5695"
"217.7560","0.2199","0.5695"
"217.7760","0.2199","0.5695"
"217.7960","0.2199","0.5695"
"217.8160","0.2199","0.5695"
"217.8360","0.2199","0.5695"
"217.8560","0.2199","0.5695"
"217.8760","0.2199","0.5695"
"217.8960","0.2199","0.5696"
"217.9160","0.2199","0.5694"
"217.9360","0.2199","0.5694"
"217.9560","0.2199","0.5694"
"217.9760","0.2199","0.5694"
"217.9960","0.2199","0.5694"
"218.0160","0.2199","0.5694"
"218.0360","0.2199","0.5695"
"218.0560","0.2199","0.5694"
"218.0760","0.2199","0.5694"
"218.0960","0.2199","0.5694"
"218.1160","0.2199","0.5695"
"218.1360","0.2199","0.5694"
"218.1560","0.2199","0.5695"
"218.1760","0.2199","0.5695"
"218.1960","0.2199","0.5695"
"218.2160","0.2199","0.5695"
"218.2360","0.2199","0.5695"
"218.2560","0.2199","0.5694"
"218.2760","0.2199","0.5694"
"218.2960","0.2199","0.5694"
"218.3160","0.2199","0.5694"
"218.3360","0.2199","0.5694"
"218.3560","0.2199","0.5694"
"218.3760","0.2199","0.5694"
"218.3960","0.2199","0.5694"
"218.4160","0.2199","0.5693"
"218.4360","0.2199","0.5692"
"218.4560","0.2199","0.5693"
"218.4760","0.2199","0.5694"
"218.4960","0.2199","0.5693"
"218.5160","0.2199","0.5693"
"218.5360","0.2199","0.5693"
"218.5560","0.2199","0.5693"
"218.5760","0.2199","0.5694"
"218.5960","0.2199","0.5693"
"218.6160","0.2199","0.5693"
"218.6360","0.2199","0.5694"
"218.6560","0.2199","0.5693"
"218.6760","0.2199","0.5694"
"218.6960","0.2199","0.5694"
"218.7160","0.2199","0.5693"
"218.7360","0.2199","0.5692"
"218.7560","0.2199","0.5693"
"218.7760","0.2199","0.5693"
"218.7960","0.2199","0.5693"
"218.8160","0.2199","0.5693"
"218.8360","0.2199","0.5692"
"218.8560","0.2199","0.5692"
"218.8760","0.2199","0.5693"
"218.8960","0.2199","0.5693"
"218.9160","0.2199","0.5693"
"218.9360","0.2199","0.5693"
"218.9560","0.2199","0.5694"
"218.9760","0.2199","0.5693"
"218.9960","0.2199","0.5692"
"219.0160","0.2199","0.5693"
"219.0360","0.2199","0.5692"
"219.0560","0.2199","0.5693"
"219.0760","0.2199","0.5693"
"219.0960","0.2199","0.5693"
"219.1160","0.2199","0.5691"
"219.1360","0.2199","0.5691"
"219.1560","0.2199","0.5693"
"219.1760","0.2199","0.5693"
"219.1960","0.2199","0.5693"
"219.2160","0.2199","0.5692"
"219.2360","0.2199","0.5692"
"219.2560","0.2199","0.5692"
"219.2760","0.2199","0.5691"
"219.2960","0.2199","0.5692"
"219.3160","0.2199","0.5692"
"219.3360","0.2199","0.5692"
"219.3560","0.2199","0.5693"
"219.3760","0.2199","0.5693"
"219.3960","0.2199","0.5692"
"219.4160","0.2199","0.5692"
"219.4360","0.2199","0.5692"
"219.4560","0.2199","0.5692"
"219.4760","0.2199","0.5692"
"219.4960","0.2199","0.5691"
"219.5160","0.2199","0.5691"
"219.5360","0.2199","0.5691"
"219.5560","0.2199","0.5692"
"219.5760","0.2199","0.5692"
"219.5960","0.2199","0.5692"
"219.6160","0.2199","0.5691"
"219.6360","0.2199","0.5692"
"219.6560","0.2199","0.5692"
"219.6760","0.2199","0.5692"
"219.6960","0.2199","0.5691"
"219.7160","0.2199","0.5692"
"219.7360","0.2199","0.5692"
"219.7560","0.2199","0.5692"
"219.7760","0.2199","0.5692"
"219.7960","0.2199","0.5691"
"219.8160","0.2199","0.5691"
"219.8360","0.2199","0.5692"
"219.8560","0.2199","0.5692"
"219.8760","0.2199","0.5692"
"219.8960","0.2199","0.5691"
"219.9160","0.2199","0.5691"
"219.9360","0.2199","0.5691"
"219.9560","0.2199","0.5690"
"219.9760","0.2199","0.5690"
"219.9960","0.2199","0.5691"
"220.0160","0.2199","0.5691"
"220.0360","0.2199","0.5692"
"220.0560","0.2199","0.5691"
"220.0760","0.2199","0.5690"
"220.0960","0.2199","0.5690"
"220.1160","0.2199","0.5690"
"220.1360","0.2199","0.5690"
"220.1560","0.2199","0.5690"
"220.1760","0.2199","0.5690"
"220.1960","0.2199","0.5690"
"220.2160","0.2199","0.5691"
"220.2360","0.2199","0.5690"
"220.2560","0.2199","0.5690"
"220.2760","0.2199","0.5690"
"220.2960","0.2199","0.5690"
"220.3160","0.2199","0.5689"
"220.3360","0.2199","0.5689"
"220.3560","0.2199","0.5690"
"220.3760","0.2199","0.5690"
"220.3960","0.2199","0.5690"
"220.4160","0.2199","0.5689"
"220.4360","0.2199","0.5689"
"220.4560","0.2199","0.5689"
"220.4760","0.2199","0.5689"
"220.4960","0.2199","0.5690"
"220.5160","0.2199","0.5690"
"220.5360","0.2199","0.5690"
"220.5560","0.2199","0.5689"
"220.5760","0.2199","0.5689"
"220.5960","0.2199","0.5690"
"220.6160","0.2199","0.5691"
"220.6360","0.2199","0.5690"
"220.6560","0.2199","0.5689"
"220.6760","0.2199","0.5689"
"220.6960","0.2199","0.5690"
"220.7160","0.2199","0.5690"
"220.7360","0.2199","0.5690"
"220.7560","0.2199","0.5690"
"220.7760","0.2199","0.5690"
"220.7960","0.2199","0.5690"
"220.8160","0.2199","0.5690"
"220.8360","0.2199","0.5689"
"220.8560","0.2199","0.5689"
"220.8760","0.2199","0.5688"
"220.8960","0.2199","0.5688"
"220.9160","0.2199","0.5688"
"220.9360","0.2199","0.5688"
"220.9560","0.2199","0.5688"
"220.9760","0.2199","0.5689"
"220.9960","0.2199","0.5689"
"221.0160","0.2199","0.5688"
"221.0360","0.2199","0.5688"
"221.0560","0.2199","0.5687"
"221.0760","0.2199","0.5688"
"221.0960","0.2199","0.5689"
"221.1160","0.2199","0.5689"
"221.1360","0.2199","0.5689"
"221.1560","0.2199","0.5689"
"221.1760","0.2199","0.5689"
"221.1960","0.2199","0.5689"
"221.2160","0.2199","0.5689"
"221.2360","0.2199","0.5688"
"221.2560","0.2199","0.5688"
"221.2760","0.2199","0.5688"
"221.2960","0.2199","0.5688"
"221.3160","0.2199","0.5687"
"221.3360","0.2199","0.5687"
"221.3560","0.2199","0.5687"
"221.3760","0.2199","0.5688"
"221.3960","0.2199","0.5689"
"221.4160","0.2199","0.5688"
"221.4360","0.2199","0.5688"
"221.4560","0.2199","0.5689"
"221.4760","0.2199","0.5688"
"221.4960","0.2199","0.5687"
"221.5160","0.2199","0.5687"
"221.5360","0.2199","0.5688"
"221.5560","0.2199","0.5688"
"221.5760","0.2199","0.5687"
"221.5960","0.2199","0.5687"
"221.6160","0.2199","0.5687"
"221.6360","0.2199","0.5687"
"221.6560","0.2199","0.5687"
"221.6760","0.2199","0.5687"
"221.6960","0.2199","0.5687"
"221.7160","0.2199","0.5688"
"221.7360","0.2199","0.5687"
"221.7560","0.2199","0.5687"
"221.7760","0.2199","0.5687"
"221.7960","0.2199","0.5687"
"221.8160","0.2199","0.5687"
"221.8360","0.2199","0.5687"
"221.8560","0.2199","0.5687"
"221.8760","0.2199","0.5687"
"221.8960","0.2199","0.5687"
"221.9160","0.2199","0.5687"
"221.9360","0.2199","0.5687"
"221.9560","0.2199","0.5686"
"221.9760","0.2199","0.5686"
"221.9960","0.2199","0.5686"
"222.0160","0.2199","0.5687"
"222.0360","0.2199","0.5687"
"222.0560","0.2199","0.5688"
"222.0760","0.2199","0.5687"
"222.0960","0.2199","0.5686"
"222.1160","0.2199","0.5685"
"222.1360","0.2199","0.5686"
"222.1560","0.2199","0.5686"
"222.1760","0.2199","0.5687"
"222.1960","0.2199","0.5687"
"222.2160","0.2199","0.5687"
"222.2360","0.2199","0.5687"
"222.2560","0.2199","0.5686"
"222.2760","0.2199","0.5688"
"222.2960","0.2199","0.5688"
"222.3160","0.2199","0.5686"
"222.3360","0.2199","0.5686"
"222.3560","0.2199","0.5686"
"222.3760","0.2199","0.5686"
"222.3960","0.2199","0.5686"
"222.4160","0.2199","0.5686"
"222.4360","0.2199","0.5685"
"222.4560","0.2199","0.5685"
"222.4760","0.2199","0.5686"
"222.4960","0.2199","0.5686"
"222.5160","0.2199","0.5685"
"222.5360","0.2199","0.5685"
"222.5560","0.2199","0.5686"
"222.5760","0.2199","0.5686"
"222.5960","0.2199","0.5686"
"222.6160","0.2199","0.5685"
"222.6360","0.2199","0.5686"
"222.6560","0.2199","0.5685"
"222.6760","0.2199","0.5684"
"222.6960","0.2199","0.5684"
"222.7160","0.2199","0.5685"
"222.7360","0.2199","0.5686"
"222.7560","0.2199","0.5686"
"222.7760","0.2199","0.5686"
"222.7960","0.2199","0.5686"
"222.8160","0.2199","0.5686"
"222.8360","0.2199","0.5686"
"222.8560","0.2199","0.5686"
"222.8760","0.2199","0.5685"
"222.8960","0.2199","0.5684"
"222.9160","0.2199","0.5684"
"222.9360","0.2199","0.5686"
"222.9560","0.2199","0.5686"
"222.9760","0.2199","0.5685"
"222.9960","0.2199","0.5685"
"223.0160","0.2199","0.5686"
"223.0360","0.2199","0.5685"
"223.0560","0.2199","0.5684"
"223.0760","0.2199","0.5685"
"223.0960","0.2199","0.5685"
"223.1160","0.2199","0.5685"
"223.1360","0.2199","0.5685"
"223.1560","0.2199","0.5685"
"223.1760","0.2199","0.5685"
"223.1960","0.2199","0.5684"
"223.2160","0.2199","0.5684"
"223.2360","0.2199","0.5684"
"223.2560","0.2199","0.5684"
"223.2760","0.2199","0.5685"
"223.2960","0.2199","0.5685"
"223.3160","0.2199","0.5684"
"223.3360","0.2199","0.5684"
"223.3560","0.2199","0.5683"
"223.3760","0.2199","0.5684"
"223.3960","0.2199","0.5684"
"223.4160","0.2199","0.5684"
"223.4360","0.2199","0.5684"
"223.4560","0.2199","0.5684"
"223.4760","0.2199","0.5684"
"223.4960","0.2199","0.5684"
"223.5160","0.2199","0.5684"
"223.5360","0.2199","0.5684"
"223.5560","0.2199","0.5684"
"223.5760","0.2199","0.5684"
"223.5960","0.2199","0.5684"
"223.6160","0.2199","0.5684"
"223.6360","0.2199","0.5684"
"223.6560","0.2199","0.5683"
"223.6760","0.2199","0.5683"
"223.6960","0.2199","0.5684"
"223.7160","0.2199","0.5684"
"223.7360","0.2199","0.5684"
"223.7560","0.2199","0.5684"
"223.7760","0.2199","0.5683"
"223.7960","0.2199","0.5683"
"223.8160","0.2199","0.5683"
"223.8360","0.2199","0.5684"
"223.8560","0.2199","0.5684"
"223.8760","0.2199","0.5683"
"223.8960","0.2199","0.5683"
"223.9160","0.2199","0.5683"
"223.9360","0.2199","0.5683"
"223.9560","0.2199","0.5683"
"223.9760","0.2199","0.5683"
"223.9960","0.2199","0.5683"
"224.0160","0.2199","0.5682"
"224.0360","0.2199","0.5682"
"224.0560","0.2199","0.5683"
"224.0760","0.2199","0.5683"
"224.0960","0.2199","0.5683"
"224.1160","0.2199","0.5683"
"224.1360","0.2199","0.5682"
"224.1560","0.2199","0.5683"
"224.1760","0.2199","0.5683"
"224.1960","0.2199","0.5683"
"224.2160","0.2199","0.5683"
"224.2360","0.2199","0.5683"
"224.2560","0.2199","0.5683"
"224.2760","0.2199","0.5683"
"224.2960","0.2199","0.5683"
"224.3160","0.2199","0.5683"
"224.3360","0.2199","0.5682"
"224.3560","0.2199","0.5682"
"224.3760","0.2199","0.5682"
"224.3960","0.2199","0.5682"
"224.4160","0.2199","0.5681"
"224.4360","0.2199","0.5681"
"224.4560","0.2199","0.5682"
"224.4760","0.2199","0.5682"
"224.4960","0.2199","0.5682"
"224.5160","0.2199","0.5681"
"224.5360","0.2199","0.5681"
"224.5560","0.2199","0.5681"
"224.5760","0.2199","0.5681"
"224.5960","0.2199","0.5681"
"224.6160","0.2199","0.5682"
"224.6360","0.2199","0.5682"
"224.6560","0.2199","0.5682"
"224.6760","0.2199","0.5681"
"224.6960","0.2199","0.5682"
"224.7160","0.2199","0.5681"
"224.7360","0.2199","0.5681"
"224.7560","0.2199","0.5682"
"224.7760","0.2199","0.5682"
"224.7960","0.2199","0.5683"
"224.8160","0.2199","0.5682"
"224.8360","0.2199","0.5681"
"224.8560","0.2199","0.5681"
"224.8760","0.2199","0.5682"
"224.8960","0.2199","0.5681"
"224.9160","0.2199","0.5681"
"224.9360","0.2199","0.5681"
"224.9560","0.2199","0.5681"
"224.9760","0.2199","0.5681"
"224.9960","0.2199","0.5682"
"225.0160","0.2199","0.5681"
"225.0360","0.2199","0.5681"
"225.0560","0.2199","0.5681"
"225.0760","0.2199","0.5681"
"225.0960","0.2199","0.5681"
"225.1160","0.2199","0.5681"
"225.1360","0.2199","0.5681"
"225.1560","0.2199","0.5681"
"225.1760","0.2199","0.5680"
"225.1960","0.2199","0.5680"
"225.2160","0.2199","0.5681"
"225.2360","0.2199","0.5681"
"225.2560","0.2199","0.5681"
"225.2760","0.2199","0.5681"
"225.2960","0.2199","0.5681"
"225.3160","0.2199","0.5681"
"225.3360","0.2199","0.5681"
"225.3560","0.2199","0.5680"
"225.3760","0.2199","0.5680"
"225.3960","0.2199","0.5680"
"225.4160","0.2199","0.5681"
"225.4360","0.2199","0.5681"
"225.4560","0.2199","0.5681"
"225.4760","0.2199","0.5680"
"225.4960","0.2199","0.5681"
"225.5160","0.2199","0.5681"
"225.5360","0.2199","0.5681"
"225.5560","0.2199","0.5680"
"225.5760","0.2199","0.5680"
"225.5960","0.2199","0.5680"
"225.6160","0.2199","0.5681"
"225.6360","0.2199","0.5680"
"225.6560","0.2199","0.5681"
"225.6760","0.2199","0.5680"
"225.6960","0.2199","0.5680"
"225.7160","0.2199","0.5680"
"225.7360","0.2199","0.5680"
"225.7560","0.2199","0.5680"
"225.7760","0.2199","0.5680"
"225.7960","0.2199","0.5680"
"225.8160","0.2199","0.5680"
"225.8360","0.2199","0.5679"
"225.8560","0.2199","0.5679"
"225.8760","0.2199","0.5680"
"225.8960","0.2199","0.5680"
"225.9160","0.2199","0.5679"
"225.9360","0.2199","0.5679"
"225.9560","0.2199","0.5679"
"225.9760","0.2199","0.5679"
"225.9960","0.2199","0.5679"
"226.0160","0.2199","0.5680"
"226.0360","0.2199","0.5680"
"226.0560","0.2199","0.5679"
"226.0760","0.2199","0.5679"
"226.0960","0.2199","0.5678"
"226.1160","0.2199","0.5679"
"226.1360","0.2199","0.5679"
"226.1560","0.2199","0.5679"
"226.1760","0.2199","0.5679"
"226.1960","0.2199","0.5680"
"226.2160","0.2199","0.5679"
"226.2360","0.2199","0.5678"
"226.2560","0.2199","0.5678"
"226.2760","0.2199","0.5679"
"226.2960","0.2199","0.5679"
"226.3160","0.2199","0.5679"
"226.3360","0.2199","0.5680"
"226.3560","0.2199","0.5679"
"226.3760","0.2199","0.5678"
"226.3960","0.2199","0.5678"
"226.4160","0.2199","0.5679"
"226.4360","0.2199","0.5679"
"226.4560","0.2199","0.5679"
"226.4760","0.2199","0.5679"
"226.4960","0.2199","0.5678"
"226.5160","0.2199","0.5679"
"226.5360","0.2199","0.5679"
"226.5560","0.2199","0.5679"
"226.5760","0.2199","0.5679"
"226.5960","0.2199","0.5679"
"226.6160","0.2199","0.5678"
"226.6360","0.2199","0.5679"
"226.6560","0.2199","0.5679"
"226.6760","0.2199","0.5678"
"226.6960","0.2199","0.5678"
"226.7160","0.2199","0.5677"
"226.7360","0.2199","0.5678"
"226.7560","0.2199","0.5678"
"226.7760","0.2199","0.5678"
"226.7960","0.2199","0.5678"
"226.8160","0.2199","0.5677"
"226.8360","0.2199","0.5677"
"226.8560","0.2199","0.5676"
"226.8760","0.2199","0.5678"
"226.8960","0.2199","0.5677"
"226.9160","0.2199","0.5677"
"226.9360","0.2199","0.5678"
"226.9560","0.2199","0.5678"
"226.9760","0.2199","0.5678"
"226.9960","0.2199","0.5678"
"227.0160","0.2199","0.5678"
"227.0360","0.2199","0.5678"
"227.0560","0.2199","0.5677"
"227.0760","0.2199","0.5678"
"227.0960","0.2199","0.5677"
"227.1160","0.2199","0.5678"
"227.1360","0.2199","0.5678"
"227.1560","0.2199","0.5677"
"227.1760","0.2199","0.5677"
"227.1960","0.2199","0.5677"
"227.2160","0.2199","0.5677"
"227.2360","0.2199","0.5677"
"227.2560","0.2199","0.5677"
"227.2760","0.2199","0.5677"
"227.2960","0.2199","0.5677"
"227.3160","0.2199","0.5676"
"227.3360","0.2199","0.5676"
"227.3560","0.2199","0.5677"
"227.3760","0.2199","0.5677"
"227.3960","0.2199","0.5677"
"227.4160","0.2199","0.5677"
"227.4360","0.2199","0.5677"
"227.4560","0.2199","0.5677"
"227.4760","0.2199","0.5677"
"227.4960","0.2199","0.5677"
"227.5160","0.2199","0.5677"
"227.5360","0.2199","0.5677"
"227.5560","0.2199","0.5677"
"227.5760","0.2199","0.5676"
"227.5960","0.2199","0.5675"
"227.6160","0.2199","0.5676"
"227.6360","0.2199","0.5676"
"227.6560","0.2199","0.5677"
"227.6760","0.2199","0.5677"
"227.6960","0.2199","0.5677"
"227.7160","0.2199","0.5676"
"227.7360","0.2199","0.5675"
"227.7560","0.2199","0.5676"
"227.7760","0.2199","0.5676"
"227.7960","0.2199","0.5676"
"227.8160","0.2199","0.5676"
"227.8360","0.2199","0.5676"
"227.8560","0.2199","0.5676"
"227.8760","0.2199","0.5676"
"227.8960","0.2199","0.5676"
"227.9160","0.2199","0.5676"
"227.9360","0.2199","0.5675"
"227.9560","0.2199","0.5676"
"227.9760","0.2199","0.5677"
"227.9960","0.2199","0.5676"
"228.0160","0.2199","0.5676"
"228.0360","0.2199","0.5676"
"228.0560","0.2199","0.5675"
"228.0760","0.2199","0.5676"
"228.0960","0.2199","0.5676"
"228.1160","0.2199","0.5675"
"228.1360","0.2199","0.5676"
"228.1560","0.2199","0.5676"
"228.1760","0.2199","0.5675"
"228.1960","0.2199","0.5675"
"228.2160","0.2199","0.5675"
"228.2360","0.2199","0.5674"
"228.2560","0.2199","0.5675"
"228.2760","0.2199","0.5675"
"228.2960","0.2199","0.5675"
"228.3160","0.2199","0.5674"
"228.3360","0.2199","0.5675"
"228.3560","0.2199","0.5675"
"228.3760","0.2199","0.5676"
"228.3960","0.2199","0.5676"
"228.4160","0.2199","0.5675"
"228.4360","0.2199","0.5675"
"228.4560","0.2199","0.5675"
"228.4760","0.2199","0.5675"
"228.4960","0.2199","0.5675"
"228.5160","0.2199","0.5675"
"228.5360","0.2199","0.5674"
"228.5560","0.2199","0.5675"
"228.5760","0.2199","0.5675"
"228.5960","0.2199","0.5675"
"228.6160","0.2199","0.5675"
"228.6360","0.2199","0.5675"
"228.6560","0.2199","0.5674"
"228.6760","0.2199","0.5674"
"228.6960","0.2199","0.5674"
"228.7160","0.2199","0.5674"
"228.7360","0.2199","0.5674"
"228.7560","0.2199","0.5675"
"228.7760","0.2199","0.5675"
"228.7960","0.2199","0.5675"
"228.8160","0.2199","0.5674"
"228.8360","0.2199","0.5674"
"228.8560","0.2199","0.5674"
"228.8760","0.2199","0.5673"
"228.8960","0.2199","0.5674"
"228.9160","0.2199","0.5675"
"228.9360","0.2199","0.5674"
"228.9560","0.2199","0.5674"
"228.9760","0.2199","0.5674"
"228.9960","0.2199","0.5674"
"229.0160","0.2199","0.5675"
"229.0360","0.2199","0.5675"
"229.0560","0.2199","0.5675"
"229.0760","0.2199","0.5674"
"229.0960","0.2199","0.5673"
"229.1160","0.2199","0.5674"
"229.1360","0.2199","0.5673"
"229.1560","0.2199","0.5674"
"229.1760","0.2199","0.5674"
"229.1960","0.2199","0.5673"
"229.2160","0.2199","0.5673"
"229.2360","0.2199","0.5674"
"229.2560","0.2199","0.5674"
"229.2760","0.2199","0.5674"
"229.2960","0.2199","0.5674"
"229.3160","0.2199","0.5674"
"229.3360","0.2199","0.5673"
"229.3560","0.2199","0.5673"
"229.3760","0.2199","0.5673"
"229.3960","0.2199","0.5673"
"229.4160","0.2199","0.5672"
"229.4360","0.2199","0.5673"
"229.4560","0.2199","0.5674"
"229.4760","0.2199","0.5673"
"229.4960","0.2199","0.5674"
"229.5160","0.2199","0.5674"
"229.5360","0.2199","0.5673"
"229.5560","0.2199","0.5672"
"229.5760","0.2199","0.5673"
"229.5960","0.2199","0.5673"
"229.6160","0.2199","0.5673"
"229.6360","0.2199","0.5673"
"229.6560","0.2199","0.5673"
"229.6760","0.2199","0.5673"
"229.6960","0.2199","0.5672"
"229.7160","0.2199","0.5672"
"229.7360","0.2199","0.5672"
"229.7560","0.2199","0.5672"
"229.7760","0.2199","0.5672"
"229.7960","0.2199","0.5672"
"229.8160","0.2199","0.5672"
"229.8360","0.2199","0.5673"
"229.8560","0.2199","0.5672"
"229.8760","0.2199","0.5672"
"229.8960","0.2199","0.5672"
"229.9160","0.2199","0.5673"
"229.9360","0.2199","0.5672"
"229.9560","0.2199","0.5672"
"229.9760","0.2199","0.5672"
"229.9960","0.2199","0.5672"
"230.0160","0.2199","0.5672"
"230.0360","0.2199","0.5672"
"230.0560","0.2199","0.5672"
"230.0760","0.2199","0.5672"
"230.0960","0.2199","0.5672"
"230.1160","0.2199","0.5672"
"230.1360","0.2199","0.5672"
"230.1560","0.2199","0.5672"
"230.1760","0.2199","0.5672"
"230.1960","0.2199","0.5672"
"230.2160","0.2199","0.5671"
"230.2360","0.2199","0.5671"
"230.2560","0.2199","0.5672"
"230.2760","0.2199","0.5672"
"230.2960","0.2199","0.5672"
"230.3160","0.2199","0.5672"
"230.3360","0.2199","0.5671"
"230.3560","0.2199","0.5672"
"230.3760","0.2199","0.5671"
"230.3960","0.2199","0.5672"
"230.4160","0.2199","0.5672"
"230.4360","0.2199","0.5671"
"230.4560","0.2199","0.5671"
"230.4760","0.2199","0.5672"
"230.4960","0.2199","0.5672"
"230.5160","0.2199","0.5672"
"230.5360","0.2199","0.5671"
"230.5560","0.2199","0.5671"
"230.5760","0.2199","0.5671"
"230.5960","0.2199","0.5671"
"230.6160","0.2199","0.5671"
"230.6360","0.2199","0.5671"
"230.6560","0.2199","0.5671"
"230.6760","0.2199","0.5671"
"230.6960","0.2199","0.5671"
"230.7160","0.2199","0.5671"
"230.7360","0.2199","0.5671"
"230.7560","0.2199","0.5671"
"230.7760","0.2199","0.5671"
"230.7960","0.2199","0.5670"
"230.8160","0.2199","0.5671"
"230.8360","0.2199","0.5671"
"230.8560","0.2199","0.5670"
"230.8760","0.2199","0.5671"
"230.8960","0.2199","0.5671"
"230.9160","0.2199","0.5671"
"230.9360","0.2199","0.5671"
"230.9560","0.2199","0.5671"
"230.9760","0.2199","0.5671"
"230.9960","0.2199","0.5671"
"231.0160","0.2199","0.5671"
"231.0360","0.2199","0.5671"
"231.0560","0.2199","0.5671"
"231.0760","0.2199","0.5671"
"231.0960","0.2199","0.5671"
"231.1160","0.2199","0.5671"
"231.1360","0.2199","0.5670"
"231.1560","0.2199","0.5670"
"231.1760","0.2199","0.5670"
"231.1960","0.2199","0.5670"
"231.2160","0.2199","0.5670"
"231.2360","0.2199","0.5670"
"231.2560","0.2199","0.5669"
"231.2760","0.2199","0.5670"
"231.2960","0.2199","0.5669"
"231.3160","0.2199","0.5670"
"231.3360","0.2199","0.5670"
"231.3560","0.2199","0.5670"
"231.3760","0.2199","0.5669"
"231.3960","0.2199","0.5669"
"231.4160","0.2199","0.5669"
"231.4360","0.2199","0.5669"
"231.4560","0.2199","0.5669"
"231.4760","0.2199","0.5670"
"231.4960","0.2199","0.5669"
"231.5160","0.2199","0.5669"
"231.5360","0.2199","0.5669"
"231.5560","0.2199","0.5668"
"231.5760","0.2199","0.5669"
"231.5960","0.2199","0.5670"
"231.6160","0.2199","0.5669"
"231.6360","0.2199","0.5669"
"231.6560","0.2199","0.5670"
"231.6760","0.2199","0.5671"
"231.6960","0.2199","0.5670"
"231.7160","0.2199","0.5669"
"231.7360","0.2199","0.5669"
"231.7560","0.2199","0.5669"
"231.7760","0.2199","0.5669"
"231.7960","0.2199","0.5669"
"231.8160","0.2199","0.5668"
"231.8360","0.2199","0.5668"
"231.8560","0.2199","0.5669"
"231.8760","0.2199","0.5668"
"231.8960","0.2199","0.5668"
"231.9160","0.2199","0.5668"
"231.9360","0.2199","0.5669"
"231.9560","0.2199","0.5669"
"231.9760","0.2199","0.5669"
"231.9960","0.2199","0.5668"
"232.0160","0.2199","0.5669"
"232.0360","0.2199","0.5668"
"232.0560","0.2199","0.5668"
"232.0760","0.2199","0.5668"
"232.0960","0.2199","0.5668"
"232.1160","0.2199","0.5668"
"232.1360","0.2199","0.5667"
"232.1560","0.2199","0.5668"
"232.1760","0.2199","0.5668"
"232.1960","0.2199","0.5668"
"232.2160","0.2199","0.5668"
"232.2360","0.2199","0.5667"
"232.2560","0.2199","0.5667"
"232.2760","0.2199","0.5668"
"232.2960","0.2199","0.5668"
"232.3160","0.2199","0.5668"
"232.3360","0.2199","0.5667"
"232.3560","0.2199","0.5667"
"232.3760","0.2199","0.5667"
"232.3960","0.2199","0.5667"
"232.4160","0.2199","0.5667"
"232.4360","0.2199","0.5667"
"232.4560","0.2199","0.5668"
"232.4760","0.2199","0.5667"
"232.4960","0.2199","0.5668"
"232.5160","0.2199","0.5667"
"232.5360","0.2199","0.5666"
"232.5560","0.2199","0.5666"
"232.5760","0.2199","0.5668"
"232.5960","0.2199","0.5667"
"232.6160","0.2199","0.5666"
"232.6360","0.2199","0.5666"
"232.6560","0.2199","0.5667"
"232.6760","0.2199","0.5668"
"232.6960","0.2199","0.5667"
"232.7160","0.2199","0.5667"
"232.7360","0.2199","0.5667"
"232.7560","0.2199","0.5667"
"232.7760","0.2199","0.5667"
"232.7960","0.2199","0.5666"
"232.8160","0.2199","0.5667"
"232.8360","0.2199","0.5667"
"232.8560","0.2199","0.5667"
"232.8760","0.2199","0.5667"
"232.8960","0.2199","0.5667"
"232.9160","0.2199","0.5667"
"232.9360","0.2199","0.5667"
"232.9560","0.2199","0.5667"
"232.9760","0.2199","0.5667"
"232.9960","0.2199","0.5667"
"233.0160","0.2199","0.5667"
"233.0360","0.2199","0.5667"
"233.0560","0.2199","0.5667"
"233.0760","0.2199","0.5668"
"233.0960","0.2199","0.5667"
"233.1160","0.2199","0.5666"
"233.1360","0.2199","0.5666"
"233.1560","0.2199","0.5666"
"233.1760","0.2199","0.5667"
"233.1960","0.2199","0.5666"
"233.2160","0.2199","0.5666"
"233.2360","0.2199","0.5667"
"233.2560","0.2199","0.5667"
"233.2760","0.2199","0.5666"
"233.2960","0.2199","0.5666"
"233.3160","0.2199","0.5667"
"233.3360","0.2199","0.5667"
"233.3560","0.2199","0.5667"
"233.3760","0.2199","0.5667"
"233.3960","0.2199","0.5666"
"233.4160","0.2199","0.5665"
"233.4360","0.2199","0.5666"
"233.4560","0.2199","0.5667"
"233.4760","0.2199","0.5666"
"233.4960","0.2199","0.5666"
"233.5160","0.2199","0.5665"
"233.5360","0.2199","0.5666"
"233.5560","0.2199","0.5665"
"233.5760","0.2199","0.5665"
"233.5960","0.2199","0.5666"
"233.6160","0.2199","0.5666"
"233.6360","0.2199","0.5666"
"233.6560","0.2199","0.5666"
"233.6760","0.2199","0.5665"
"233.6960","0.2199","0.5665"
"233.7160","0.2199","0.5665"
"233.7360","0.2199","0.5664"
"233.7560","0.2199","0.5665"
"233.7760","0.2199","0.5665"
"233.7960","0.2199","0.5664"
"233.8160","0.2199","0.5666"
"233.8360","0.2199","0.5666"
"233.8560","0.2199","0.5665"
"233.8760","0.2199","0.5665"
"233.8960","0.2199","0.5665"
"233.9160","0.2199","0.5665"
"233.9360","0.2199","0.5664"
"233.9560","0.2199","0.5664"
"233.9760","0.2199","0.5666"
"233.9960","0.2199","0.5665"
"234.0160","0.2199","0.5665"
"234.0360","0.2199","0.5665"
"234.0560","0.2199","0.5665"
"234.0760","0.2199","0.5665"
"234.0960","0.2199","0.5665"
"234.1160","0.2199","0.5664"
"234.1360","0.2199","0.5664"
"234.1560","0.2199","0.5664"
"234.1760","0.2199","0.5664"
"234.1960","0.2199","0.5664"
"234.2160","0.2199","0.5665"
"234.2360","0.2199","0.5665"
"234.2560","0.2199","0.5665"
"234.2760","0.2199","0.5665"
"234.2960","0.2199","0.5664"
"234.3160","0.2199","0.5664"
"234.3360","0.2199","0.5664"
"234.3560","0.2199","0.5664"
"234.3760","0.2199","0.5664"
"234.3960","0.2199","0.5664"
"234.4160","0.2199","0.5663"
"234.4360","0.2199","0.5664"
"234.4560","0.2199","0.5664"
"234.4760","0.2199","0.5664"
"234.4960","0.2199","0.5664"
"234.5160","0.2199","0.5665"
"234.5360","0.2199","0.5664"
"234.5560","0.2199","0.5663"
"234.5760","0.2199","0.5663"
"234.5960","0.2199","0.5664"
"234.6160","0.2199","0.5664"
"234.6360","0.2199","0.5664"
"234.6560","0.2199","0.5664"
"234.6760","0.2199","0.5663"
"234.6960","0.2199","0.5663"
"234.7160","0.2199","0.5664"
"234.7360","0.2199","0.5663"
"234.7560","0.2199","0.5663"
"234.7760","0.2199","0.5663"
"234.7960","0.2199","0.5663"
"234.8160","0.2199","0.5663"
"234.8360","0.2199","0.5663"
"234.8560","0.2199","0.5663"
"234.8760","0.2199","0.5663"
"234.8960","0.2199","0.5664"
"234.9160","0.2199","0.5664"
"234.9360","0.2199","0.5663"
"234.9560","0.2199","0.5662"
"234.9760","0.2199","0.5663"
"234.9960","0.2199","0.5663"
"235.0160","0.2199","0.5663"
"235.0360","0.2199","0.5663"
"235.0560","0.2199","0.5663"
"235.0760","0.2199","0.5663"
"235.0960","0.2199","0.5663"
"235.1160","0.2199","0.5663"
"235.1360","0.2199","0.5663"
"235.1560","0.2199","0.5663"
"235.1760","0.2199","0.5663"
"235.1960","0.2199","0.5662"
"235.2160","0.2199","0.5662"
"235.2360","0.2199","0.5662"
"235.2560","0.2199","0.5662"
"235.2760","0.2199","0.5662"
"235.2960","0.2199","0.5663"
"235.3160","0.2199","0.5663"
"235.3360","0.2199","0.5663"
"235.3560","0.2199","0.5662"
"235.3760","0.2199","0.5663"
"235.3960","0.2199","0.5663"
"235.4160","0.2199","0.5662"
"235.4360","0.2199","0.5662"
"235.4560","0.2199","0.5661"
"235.4760","0.2199","0.5662"
"235.4960","0.2199","0.5661"
"235.5160","0.2199","0.5662"
"235.5360","0.2199","0.5662"
"235.5560","0.2199","0.5662"
"235.5760","0.2199","0.5662"
"235.5960","0.2199","0.5663"
"235.6160","0.2199","0.5662"
"235.6360","0.2199","0.5662"
"235.6560","0.2199","0.5662"
"235.6760","0.2199","0.5661"
"235.6960","0.2199","0.5662"
"235.7160","0.2199","0.5662"
"235.7360","0.2199","0.5661"
"235.7560","0.2199","0.5661"
"235.7760","0.2199","0.5661"
"235.7960","0.2199","0.5662"
"235.8160","0.2199","0.5662"
"235.8360","0.2199","0.5662"
"235.8560","0.2199","0.5662"
"235.8760","0.2199","0.5662"
"235.8960","0.2199","0.5662"
"235.9160","0.2199","0.5662"
"235.9360","0.2199","0.5661"
"235.9560","0.2199","0.5662"
"235.9760","0.2199","0.5662"
"235.9960","0.2199","0.5660"
"236.0160","0.2199","0.5660"
"236.0360","0.2199","0.5661"
"236.0560","0.2199","0.5661"
"236.0760","0.2199","0.5661"
"236.0960","0.2199","0.5661"
"236.1160","0.2199","0.5661"
"236.1360","0.2199","0.5662"
"236.1560","0.2199","0.5662"
"236.1760","0.2199","0.5661"
"236.1960","0.2199","0.5661"
"236.2160","0.2199","0.5661"
"236.2360","0.2199","0.5662"
"236.2560","0.2199","0.5661"
"236.2760","0.2199","0.5660"
"236.2960","0.2199","0.5661"
"236.3160","0.2199","0.5662"
"236.3360","0.2199","0.5662"
"236.3560","0.2199","0.5660"
"236.3760","0.2199","0.5660"
"236.3960","0.2199","0.5661"
"236.4160","0.2199","0.5661"
"236.4360","0.2199","0.5661"
"236.4560","0.2199","0.5661"
"236.4760","0.2199","0.5661"
"236.4960","0.2199","0.5661"
"236.5160","0.2199","0.5661"
"236.5360","0.2199","0.5661"
"236.5560","0.2199","0.5660"
"236.5760","0.2199","0.5660"
"236.5960","0.2199","0.5661"
"236.6160","0.2199","0.5661"
"236.6360","0.2199","0.5660"
"236.6560","0.2199","0.5660"
"236.6760","0.2199","0.5660"
"236.6960","0.2199","0.5660"
"236.7160","0.2199","0.5660"
"236.7360","0.2199","0.5660"
"236.7560","0.2199","0.5660"
"236.7760","0.2199","0.5660"
"236.7960","0.2199","0.5660"
"236.8160","0.2199","0.5660"
"236.8360","0.2199","0.5660"
"236.8560","0.2199","0.5659"
"236.8760","0.2199","0.5659"
"236.8960","0.2199","0.5659"
"236.9160","0.2199","0.5659"
"236.9360","0.2199","0.5659"
"236.9560","0.2199","0.5659"
"236.9760","0.2199","0.5659"
"236.9960","0.2199","0.5659"
"237.0160","0.2199","0.5659"
"237.0360","0.2199","0.5659"
"237.0560","0.2199","0.5660"
"237.0760","0.2199","0.5659"
"237.0960","0.2199","0.5659"
"237.1160","0.2199","0.5659"
"237.1360","0.2199","0.5659"
"237.1560","0.2199","0.5659"
"237.1760","0.2199","0.5659"
"237.1960","0.2199","0.5660"
"237.2160","0.2199","0.5659"
"237.2360","0.2199","0.5659"
"237.2560","0.2199","0.5659"
"237.2760","0.2199","0.5659"
"237.2960","0.2199","0.5659"
"237.3160","0.2199","0.5659"
"237.3360","0.2199","0.5659"
"237.3560","0.2199","0.5659"
"237.3760","0.2199","0.5659"
"237.3960","0.2199","0.5658"
"237.4160","0.2199","0.5658"
"237.4360","0.2199","0.5659"
"237.4560","0.2199","0.5659"
"237.4760","0.2199","0.5659"
"237.4960","0.2199","0.5659"
"237.5160","0.2199","0.5658"
"237.5360","0.2199","0.5658"
"237.5560","0.2199","0.5658"
"237.5760","0.2199","0.5659"
"237.5960","0.2199","0.5659"
"237.6160","0.2199","0.5658"
"237.6360","0.2199","0.5658"
"237.6560","0.2199","0.5659"
"237.6760","0.2199","0.5659"
"237.6960","0.2199","0.5658"
"237.7160","0.2199","0.5658"
"237.7360","0.2199","0.5658"
"237.7560","0.2199","0.5658"
"237.7760","0.2199","0.5658"
"237.7960","0.2199","0.5658"
"237.8160","0.2199","0.5658"
"237.8360","0.2199","0.5658"
"237.8560","0.2199","0.5658"
"237.8760","0.2199","0.5658"
"237.8960","0.2199","0.5659"
"237.9160","0.2199","0.5658"
"237.9360","0.2199","0.5658"
"237.9560","0.2199","0.5658"
"237.9760","0.2199","0.5658"
"237.9960","0.2199","0.5657"
"238.0160","0.2199","0.5657"
"238.0360","0.2199","0.5657"
"238.0560","0.2199","0.5659"
"238.0760","0.2199","0.5658"
"238.0960","0.2199","0.5658"
"238.1160","0.2199","0.5658"
"238.1360","0.2199","0.5658"
"238.1560","0.2199","0.5657"
"238.1760","0.2199","0.5657"
"238.1960","0.2199","0.5658"
"238.2160","0.2199","0.5657"
"238.2360","0.2199","0.5656"
"238.2560","0.2199","0.5656"
"238.2760","0.2199","0.5656"
"238.2960","0.2199","0.5656"
"238.3160","0.2199","0.5657"
"238.3360","0.2199","0.5657"
"238.3560","0.2199","0.5657"
"238.3760","0.2199","0.5657"
"238.3960","0.2199","0.5657"
"238.4160","0.2199","0.5657"
"238.4360","0.2199","0.5657"
"238.4560","0.2199","0.5657"
"238.4760","0.2199","0.5657"
"238.4960","0.2199","0.5657"
"238.5160","0.2199","0.5657"
"238.5360","0.2199","0.5657"
"238.5560","0.2199","0.5656"
"238.5760","0.2199","0.5656"
"238.5960","0.2199","0.5657"
"238.6160","0.2199","0.5657"
"238.6360","0.2199","0.5658"
"238.6560","0.2199","0.5657"
"238.6760","0.2199","0.5656"
"238.6960","0.2199","0.5656"
"238.7160","0.2199","0.5657"
"238.7360","0.2199","0.5657"
"238.7560","0.2199","0.5658"
"238.7760","0.2199","0.5658"
"238.7960","0.2199","0.5657"
"238.8160","0.2199","0.5656"
"238.8360","0.2199","0.5656"
"238.8560","0.2199","0.5656"
"238.8760","0.2199","0.5656"
"238.8960","0.2199","0.5656"
"238.9160","0.2199","0.5655"
"238.9360","0.2199","0.5656"
"238.9560","0.2199","0.5656"
"238.9760","0.2199","0.5656"
"238.9960","0.2199","0.5656"
"239.0160","0.2199","0.5656"
"239.0360","0.2199","0.5656"
"239.0560","0.2199","0.5656"
"239.0760","0.2199","0.5656"
"239.0960","0.2199","0.5655"
"239.1160","0.2199","0.5655"
"239.1360","0.2199","0.5656"
"239.1560","0.2199","0.5656"
"239.1760","0.2199","0.5657"
"239.1960","0.2199","0.5655"
"239.2160","0.2199","0.5655"
"239.2360","0.2199","0.5655"
"239.2560","0.2199","0.5655"
"239.2760","0.2199","0.5655"
"239.2960","0.2199","0.5655"
"239.3160","0.2199","0.5656"
"239.3360","0.2199","0.5656"
"239.3560","0.2199","0.5655"
"239.3760","0.2199","0.5655"
"239.3960","0.2199","0.5655"
"239.4160","0.2199","0.5656"
"239.4360","0.2199","0.5656"
"239.4560","0.2199","0.5655"
"239.4760","0.2199","0.5655"
"239.4960","0.2199","0.5655"
"239.5160","0.2199","0.5655"
"239.5360","0.2199","0.5655"
"239.5560","0.2199","0.5656"
"239.5760","0.2199","0.5655"
"239.5960","0.2199","0.5655"
"239.6160","0.2199","0.5655"
"239.6360","0.2199","0.5655"
"239.6560","0.2199","0.5655"
"239.6760","0.2199","0.5655"
"239.6960","0.2199","0.5655"
"239.7160","0.2199","0.5655"
"239.7360","0.2199","0.5655"
"239.7560","0.2199","0.5655"
"239.7760","0.2199","0.5654"
"239.7960","0.2199","0.5654"
"239.8160","0.2199","0.5653"
"239.8360","0.2199","0.5653"
"239.8560","0.2199","0.5654"
"239.8760","0.2199","0.5654"
"239.8960","0.2199","0.5654"
"239.9160","0.2199","0.5654"
"239.9360","0.2199","0.5654"
"239.9560","0.2199","0.5654"
"239.9760","0.2199","0.5655"
"239.9960","0.2199","0.5655"
"240.0160","0.2199","0.5655"
"240.0360","0.2199","0.5654"
"240.0560","0.2199","0.5654"
"240.0760","0.2199","0.5654"
"240.0960","0.2199","0.5655"
"240.1160","0.2199","0.5654"
"240.1360","0.2199","0.5654"
"240.1560","0.2199","0.5654"
"240.1760","0.2199","0.5654"
"240.1960","0.2199","0.5653"
"240.2160","0.2199","0.5653"
"240.2360","0.2199","0.5653"
"240.2560","0.2199","0.5653"
"240.2760","0.2199","0.5653"
"240.2960","0.2199","0.5654"
"240.3160","0.2199","0.5655"
"240.3360","0.2199","0.5653"
"240.3560","0.2199","0.5653"
"240.3760","0.2199","0.5653"
"240.3960","0.2199","0.5654"
"240.4160","0.2199","0.5654"
"240.4360","0.2199","0.5654"
"240.4560","0.2199","0.5654"
"240.4760","0.2199","0.5653"
"240.4960","0.2199","0.5653"
"240.5160","0.2199","0.5652"
"240.5360","0.2199","0.5653"
"240.5560","0.2199","0.5653"
"240.5760","0.2199","0.5653"
"240.5960","0.2199","0.5653"
"240.6160","0.2199","0.5653"
"240.6360","0.2199","0.5654"
"240.6560","0.2199","0.5653"
"240.6760","0.2199","0.5653"
"240.6960","0.2199","0.5652"
"240.7160","0.2199","0.5653"
"240.7360","0.2199","0.5653"
"240.7560","0.2199","0.5653"
"240.7760","0.2199","0.5653"
"240.7960","0.2199","0.5653"
"240.8160","0.2199","0.5652"
"240.8360","0.2199","0.5651"
"240.8560","0.2199","0.5652"
"240.8760","0.2199","0.5653"
"240.8960","0.2199","0.5654"
"240.9160","0.2199","0.5653"
"240.9360","0.2199","0.5652"
"240.9560","0.2199","0.5652"
"240.9760","0.2199","0.5654"
"240.9960","0.2199","0.5654"
"241.0160","0.2199","0.5653"
"241.0360","0.2199","0.5652"
"241.0560","0.2199","0.5652"
"241.0760","0.2199","0.5652"
"241.0960","0.2199","0.5652"
"241.1160","0.2199","0.5652"
"241.1360","0.2199","0.5652"
"241.1560","0.2199","0.5652"
"241.1760","0.2199","0.5652"
"241.1960","0.2199","0.5652"
"241.2160","0.2199","0.5652"
"241.2360","0.2199","0.5652"
"241.2560","0.2199","0.5652"
"241.2760","0.2199","0.5652"
"241.2960","0.2199","0.5652"
"241.3160","0.2199","0.5651"
"241.3360","0.2199","0.5651"
"241.3560","0.2199","0.5652"
"241.3760","0.2199","0.5652"
"241.3960","0.2199","0.5651"
"241.4160","0.2199","0.5651"
"241.4360","0.2199","0.5651"
"241.4560","0.2199","0.5651"
"241.4760","0.2199","0.5651"
"241.4960","0.2199","0.5652"
"241.5160","0.2199","0.5651"
"241.5360","0.2199","0.5650"
"241.5560","0.2199","0.5650"
"241.5760","0.2199","0.5651"
"241.5960","0.2199","0.5652"
"241.6160","0.2199","0.5652"
"241.6360","0.2199","0.5652"
"241.6560","0.2199","0.5651"
"241.6760","0.2199","0.5652"
"241.6960","0.2199","0.5651"
"241.7160","0.2199","0.5651"
"241.7360","0.2199","0.5651"
"241.7560","0.2199","0.5651"
"241.7760","0.2199","0.5651"
"241.7960","0.2199","0.5651"
"241.8160","0.2199","0.5651"
"241.8360","0.2199","0.5651"
"241.8560","0.2199","0.5651"
"241.8760","0.2199","0.5651"
"241.8960","0.2199","0.5651"
"241.9160","0.2199","0.5651"
"241.9360","0.2199","0.5652"
"241.9560","0.2199","0.5652"
"241.9760","0.2199","0.5651"
"241.9960","0.2199","0.5651"
"242.0160","0.2199","0.5650"
"242.0360","0.2199","0.5649"
"242.0560","0.2199","0.5650"
"242.0760","0.2199","0.5651"
"242.0960","0.2199","0.5651"
"242.1160","0.2199","0.5650"
"242.1360","0.2199","0.5651"
"242.1560","0.2199","0.5650"
"242.1760","0.2199","0.5650"
"242.1960","0.2199","0.5650"
"242.2160","0.2199","0.5650"
"242.2360","0.2199","0.5651"
"242.2560","0.2199","0.5651"
"242.2760","0.2199","0.5650"
"242.2960","0.2199","0.5650"
"242.3160","0.2199","0.5651"
"242.3360","0.2199","0.5650"
"242.3560","0.2199","0.5651"
"242.3760","0.2199","0.5650"
"242.3960","0.2199","0.5650"
"242.4160","0.2199","0.5650"
"242.4360","0.2199","0.5650"
"242.4560","0.2199","0.5649"
"242.4760","0.2199","0.5650"
"242.4960","0.2199","0.5651"
"242.5160","0.2199","0.5651"
"242.5360","0.2199","0.5650"
"242.5560","0.2199","0.5649"
"242.5760","0.2199","0.5650"
"242.5960","0.2199","0.5650"
"242.6160","0.2199","0.5650"
"242.6360","0.2199","0.5649"
"242.6560","0.2199","0.5649"
"242.6760","0.2199","0.5649"
"242.6960","0.2199","0.5650"
"242.7160","0.2199","0.5650"
"242.7360","0.2199","0.5649"
"242.7560","0.2199","0.5649"
"242.7760","0.2199","0.5649"
"242.7960","0.2199","0.5650"
"242.8160","0.2199","0.5649"
"242.8360","0.2199","0.5649"
"242.8560","0.2199","0.5649"
"242.8760","0.2199","0.5649"
"242.8960","0.2199","0.5649"
"242.9160","0.2199","0.5649"
"242.9360","0.2199","0.5650"
"242.9560","0.2199","0.5649"
"242.9760","0.2199","0.5649"
"242.9960","0.2199","0.5649"
"243.0160","0.2199","0.5649"
"243.0360","0.2199","0.5649"
"243.0560","0.2199","0.5649"
"243.0760","0.2199","0.5649"
"243.0960","0.2199","0.5649"
"243.1160","0.2199","0.5649"
"243.1360","0.2199","0.5648"
"243.1560","0.2199","0.5648"
"243.1760","0.2199","0.5649"
"243.1960","0.2199","0.5649"
"243.2160","0.2199","0.5649"
"243.2360","0.2199","0.5649"
"243.2560","0.2199","0.5648"
"243.2760","0.2199","0.5648"
"243.2960","0.2199","0.5648"
"243.3160","0.2199","0.5648"
"243.3360","0.2199","0.5648"
"243.3560","0.2199","0.5649"
"243.3760","0.2199","0.5649"
"243.3960","0.2199","0.5650"
"243.4160","0.2199","0.5649"
"243.4360","0.2199","0.5649"
"243.4560","0.2199","0.5648"
"243.4760","0.2199","0.5648"
"243.4960","0.2199","0.5648"
"243.5160","0.2199","0.5648"
"243.5360","0.2199","0.5648"
"243.5560","0.2199","0.5648"
"243.5760","0.2199","0.5647"
"243.5960","0.2199","0.5647"
"243.6160","0.2199","0.5647"
"243.6360","0.2199","0.5648"
"243.6560","0.2199","0.5647"
"243.6760","0.2199","0.5647"
"243.6960","0.2199","0.5647"
"243.7160","0.2199","0.5648"
"243.7360","0.2199","0.5649"
"243.7560","0.2199","0.5648"
"243.7760","0.2199","0.5647"
"243.7960","0.2199","0.5648"
"243.8160","0.2199","0.5648"
"243.8360","0.2199","0.5647"
"243.8560","0.2199","0.5648"
"243.8760","0.2199","0.5647"
"243.8960","0.2199","0.5647"
"243.9160","0.2199","0.5648"
"243.9360","0.2199","0.5648"
"243.9560","0.2199","0.5648"
"243.9760","0.2199","0.5647"
"243.9960","0.2199","0.5647"
"244.0160","0.2199","0.5647"
"244.0360","0.2199","0.5647"
"244.0560","0.2199","0.5647"
"244.0760","0.2199","0.5647"
"244.0960","0.2199","0.5647"
"244.1160","0.2199","0.5648"
"244.1360","0.2199","0.5648"
"244.1560","0.2199","0.5647"
"244.1760","0.2199","0.5647"
"244.1960","0.2199","0.5647"
"244.2160","0.2199","0.5647"
"244.2360","0.2199","0.5646"
"244.2560","0.2199","0.5646"
"244.2760","0.2199","0.5647"
"244.2960","0.2199","0.5647"
"244.3160","0.2199","0.5647"
"244.3360","0.2199","0.5646"
"244.3560","0.2199","0.5646"
"244.3760","0.2199","0.5647"
"244.3960","0.2199","0.5648"
"244.4160","0.2199","0.5648"
"244.4360","0.2199","0.5647"
"244.4560","0.2199","0.5647"
"244.4760","0.2199","0.5647"
"244.4960","0.2199","0.5647"
"244.5160","0.2199","0.5646"
"244.5360","0.2199","0.5646"
"244.5560","0.2199","0.5646"
"244.5760","0.2199","0.5646"
"244.5960","0.2199","0.5647"
"244.6160","0.2199","0.5647"
"244.6360","0.2199","0.5647"
"244.6560","0.2199","0.5646"
"244.6760","0.2199","0.5646"
"244.6960","0.2199","0.5647"
"244.7160","0.2199","0.5646"
"244.7360","0.2199","0.5645"
"244.7560","0.2199","0.5646"
"244.7760","0.2199","0.5646"
"244.7960","0.2199","0.5646"
"244.8160","0.2199","0.5646"
"244.8360","0.2199","0.5646"
"244.8560","0.2199","0.5646"
"244.8760","0.2199","0.5646"
"244.8960","0.2199","0.5646"
"244.9160","0.2199","0.5646"
"244.9360","0.2199","0.5646"
"244.9560","0.2199","0.5645"
"244.9760","0.2199","0.5646"
"244.9960","0.2199","0.5646"
"245.0160","0.2199","0.5646"
"245.0360","0.2199","0.5646"
"245.0560","0.2199","0.5646"
"245.0760","0.2199","0.5646"
"245.0960","0.2199","0.5646"
"245.1160","0.2199","0.5645"
"245.1360","0.2199","0.5646"
"245.1560","0.2199","0.5645"
"245.1760","0.2199","0.5645"
"245.1960","0.2199","0.5645"
"245.2160","0.2199","0.5646"
"245.2360","0.2199","0.5645"
"245.2560","0.2199","0.5645"
"245.2760","0.2199","0.5645"
"245.2960","0.2199","0.5646"
"245.3160","0.2199","0.5646"
"245.3360","0.2199","0.5646"
"245.3560","0.2199","0.5645"
"245.3760","0.2199","0.5644"
"245.3960","0.2199","0.5644"
"245.4160","0.2199","0.5644"
"245.4360","0.2199","0.5645"
"245.4560","0.2199","0.5646"
"245.4760","0.2199","0.5645"
"245.4960","0.2199","0.5645"
"245.5160","0.2199","0.5645"
"245.5360","0.2199","0.5645"
"245.5560","0.2199","0.5645"
"245.5760","0.2199","0.5645"
"245.5960","0.2199","0.5645"
"245.6160","0.2199","0.5644"
"245.6360","0.2199","0.5645"
"245.6560","0.2199","0.5645"
"245.6760","0.2199","0.5645"
"245.6960","0.2199","0.5644"
"245.7160","0.2199","0.5644"
"245.7360","0.2199","0.5645"
"245.7560","0.2199","0.5645"
"245.7760","0.2199","0.5644"
"245.7960","0.2199","0.5645"
"245.8160","0.2199","0.5645"
"245.8360","0.2199","0.5645"
"245.8560","0.2199","0.5644"
"245.8760","0.2199","0.5644"
"245.8960","0.2199","0.5644"
"245.9160","0.2199","0.5644"
"245.9360","0.2199","0.5644"
"245.9560","0.2199","0.5644"
"245.9760","0.2199","0.5644"
"245.9960","0.2199","0.5644"
"246.0160","0.2199","0.5643"
"246.0360","0.2199","0.5644"
"246.0560","0.2199","0.5644"
"246.0760","0.2199","0.5643"
"246.0960","0.2199","0.5644"
"246.1160","0.2199","0.5644"
"246.1360","0.2199","0.5644"
"246.1560","0.2199","0.5645"
"246.1760","0.2199","0.5645"
"246.1960","0.2199","0.5643"
"246.2160","0.2199","0.5643"
"246.2360","0.2199","0.5644"
"246.2560","0.2199","0.5644"
"246.2760","0.2199","0.5644"
"246.2960","0.2199","0.5645"
"246.3160","0.2199","0.5644"
"246.3360","0.2199","0.5644"
"246.3560","0.2199","0.5644"
"246.3760","0.2199","0.5644"
"246.3960","0.2199","0.5644"
"246.4160","0.2199","0.5643"
"246.4360","0.2199","0.5644"
"246.4560","0.2199","0.5644"
"246.4760","0.2199","0.5644"
"246.4960","0.2199","0.5644"
"246.5160","0.2199","0.5643"
"246.5360","0.2199","0.5643"
"246.5560","0.2199","0.5642"
"246.5760","0.2199","0.5642"
"246.5960","0.2199","0.5642"
"246.6160","0.2199","0.5642"
"246.6360","0.2199","0.5643"
"246.6560","0.2199","0.5644"
"246.6760","0.2199","0.5643"
"246.6960","0.2199","0.5643"
"246.7160","0.2199","0.5643"
"246.7360","0.2199","0.5643"
"246.7560","0.2199","0.5643"
"246.7760","0.2199","0.5643"
"246.7960","0.2199","0.5643"
"246.8160","0.2199","0.5643"
"246.8360","0.2199","0.5642"
"246.8560","0.2199","0.5642"
"246.8760","0.2199","0.5642"
"246.8960","0.2199","0.5642"
"246.9160","0.2199","0.5642"
"246.9360","0.2199","0.5643"
"246.9560","0.2199","0.5643"
"246.9760","0.2199","0.5643"
"246.9960","0.2199","0.5643"
"247.0160","0.2199","0.5643"
"247.0360","0.2199","0.5642"
"247.0560","0.2199","0.5643"
"247.0760","0.2199","0.5644"
"247.0960","0.2199","0.5643"
"247.1160","0.2199","0.5641"
"247.1360","0.2199","0.5641"
"247.1560","0.2199","0.5641"
"247.1760","0.2199","0.5641"
"247.1960","0.2199","0.5642"
"247.2160","0.2199","0.5642"
"247.2360","0.2199","0.5642"
"247.2560","0.2199","0.5642"
"247.2760","0.2199","0.5642"
"247.2960","0.2199","0.5641"
"247.3160","0.2199","0.5642"
"247.3360","0.2199","0.5641"
"247.3560","0.2199","0.5641"
"247.3760","0.2199","0.5641"
"247.3960","0.2199","0.5642"
"247.4160","0.2199","0.5642"
"247.4360","0.2199","0.5642"
"247.4560","0.2199","0.5642"
"247.4760","0.2199","0.5641"
"247.4960","0.2199","0.5641"
"247.5160","0.2199","0.5642"
"247.5360","0.2199","0.5642"
"247.5560","0.2199","0.5642"
"247.5760","0.2199","0.5642"
"247.5960","0.2199","0.5641"
"247.6160","0.2199","0.5642"
"247.6360","0.2199","0.5641"
"247.6560","0.2199","0.5641"
"247.6760","0.2199","0.5641"
"247.6960","0.2199","0.5641"
"247.7160","0.2199","0.5641"
"247.7360","0.2199","0.5641"
"247.7560","0.2199","0.5640"
"247.7760","0.2199","0.5640"
"247.7960","0.2199","0.5641"
"247.8160","0.2199","0.5642"
"247.8360","0.2199","0.5641"
"247.8560","0.2199","0.5641"
"247.8760","0.2199","0.5641"
"247.8960","0.2199","0.5640"
"247.9160","0.2199","0.5640"
"247.9360","0.2199","0.5639"
"247.9560","0.2199","0.5640"
"247.9760","0.2199","0.5640"
"247.9960","0.2199","0.5641"
"248.0160","0.2199","0.5641"
"248.0360","0.2199","0.5641"
"248.0560","0.2199","0.5641"
"248.0760","0.2199","0.5640"
"248.0960","0.2199","0.5639"
"248.1160","0.2199","0.5639"
"248.1360","0.2199","0.5640"
"248.1560","0.2199","0.5641"
"248.1760","0.2199","0.5641"
"248.1960","0.2199","0.5640"
"248.2160","0.2199","0.5639"
"248.2360","0.2199","0.5640"
"248.2560","0.2199","0.5640"
"248.2760","0.2199","0.5640"
"248.2960","0.2199","0.5640"
"248.3160","0.2199","0.5640"
"248.3360","0.2199","0.5639"
"248.3560","0.2199","0.5639"
"248.3760","0.2199","0.5640"
"248.3960","0.2199","0.5640"
"248.4160","0.2199","0.5640"
"248.4360","0.2199","0.5640"
"248.4560","0.2199","0.5640"
"248.4760","0.2199","0.5640"
"248.4960","0.2199","0.5640"
"248.5160","0.2199","0.5640"
"248.5360","0.2199","0.5639"
"248.5560","0.2199","0.5639"
"248.5760","0.2199","0.5640"
"248.5960","0.2199","0.5639"
"248.6160","0.2199","0.5639"
"248.6360","0.2199","0.5639"
"248.6560","0.2199","0.5639"
"248.6760","0.2199","0.5639"
"248.6960","0.2199","0.5639"
"248.7160","0.2199","0.5639"
"248.7360","0.2199","0.5639"
"248.7560","0.2199","0.5639"
"248.7760","0.2199","0.5639"
"248.7960","0.2199","0.5639"
"248.8160","0.2199","0.5639"
"248.8360","0.2199","0.5639"
"248.8560","0.2199","0.5639"
"248.8760","0.2199","0.5639"
"248.8960","0.2199","0.5639"
"248.9160","0.2199","0.5639"
"248.9360","0.2199","0.5639"
"248.9560","0.2199","0.5640"
"248.9760","0.2199","0.5640"
"248.9960","0.2199","0.5640"
"249.0160","0.2199","0.5640"
"249.0360","0.2199","0.5639"
"249.0560","0.2199","0.5638"
"249.0760","0.2199","0.5639"
"249.0960","0.2199","0.5639"
"249.1160","0.2199","0.5639"
"249.1360","0.2199","0.5639"
"249.1560","0.2199","0.5638"
"249.1760","0.2199","0.5638"
"249.1960","0.2199","0.5639"
"249.2160","0.2199","0.5638"
"249.2360","0.2199","0.5638"
"249.2560","0.2199","0.5638"
"249.2760","0.2199","0.5639"
"249.2960","0.2199","0.5638"
"249.3160","0.2199","0.5638"
"249.3360","0.2199","0.5638"
"249.3560","0.2199","0.5638"
"249.3760","0.2199","0.5639"
"249.3960","0.2199","0.5637"
"249.4160","0.2199","0.5637"
"249.4360","0.2199","0.5638"
"249.4560","0.2199","0.5638"
"249.4760","0.2199","0.5638"
"249.4960","0.2199","0.5639"
"249.5160","0.2199","0.5638"
"249.5360","0.2199","0.5638"
"249.5560","0.2199","0.5637"
"249.5760","0.2199","0.5638"
"249.5960","0.2199","0.5638"
"249.6160","0.2199","0.5638"
"249.6360","0.2199","0.5639"
"249.6560","0.2199","0.5638"
"249.6760","0.2199","0.5638"
"249.6960","0.2199","0.5637"
"249.7160","0.2199","0.5638"
"249.7360","0.2199","0.5638"
"249.7560","0.2199","0.5638"
"249.7760","0.2199","0.5638"
"249.7960","0.2199","0.5637"
"249.8160","0.2199","0.5637"
"249.8360","0.2199","0.5638"
"249.8560","0.2199","0.5638"
"249.8760","0.2199","0.5639"
"249.8960","0.2199","0.5638"
"249.9160","0.2199","0.5637"
"249.9360","0.2199","0.5637"
"249.9560","0.2199","0.5637"
"249.9760","0.2199","0.5637"
"249.9960","0.2199","0.5637"
"250.0160","0.2199","0.5637"
"250.0360","0.2199","0.5638"
"250.0560","0.2199","0.5638"
"250.0760","0.2199","0.5637"
"250.0960","0.2199","0.5637"
"250.1160","0.2199","0.5637"
"250.1360","0.2199","0.5637"
"250.1560","0.2199","0.5637"
"250.1760","0.2199","0.5637"
"250.1960","0.2199","0.5637"
"250.2160","0.2199","0.5637"
"250.2360","0.2199","0.5637"
"250.2560","0.2199","0.5637"
"250.2760","0.2199","0.5637"
"250.2960","0.2199","0.5637"
"250.3160","0.2199","0.5636"
"250.3360","0.2199","0.5637"
"250.3560","0.2199","0.5636"
"250.3760","0.2199","0.5637"
"250.3960","0.2199","0.5637"
"250.4160","0.2199","0.5637"
"250.4360","0.2199","0.5637"
"250.4560","0.2199","0.5637"
"250.4760","0.2199","0.5637"
"250.4960","0.2199","0.5637"
"250.5160","0.2199","0.5636"
"250.5360","0.2199","0.5636"
"250.5560","0.2199","0.5636"
"250.5760","0.2199","0.5636"
"250.5960","0.2199","0.5636"
"250.6160","0.2199","0.5636"
"250.6360","0.2199","0.5636"
"250.6560","0.2199","0.5637"
"250.6760","0.2199","0.5636"
"250.6960","0.2199","0.5635"
"250.7160","0.2199","0.5636"
"250.7360","0.2199","0.5636"
"250.7560","0.2199","0.5636"
"250.7760","0.2199","0.5636"
"250.7960","0.2199","0.5636"
"250.8160","0.2199","0.5635"
"250.8360","0.2199","0.5635"
"250.8560","0.2199","0.5636"
"250.8760","0.2199","0.5636"
"250.8960","0.2199","0.5636"
"250.9160","0.2199","0.5636"
"250.9360","0.2199","0.5636"
"250.9560","0.2199","0.5635"
"250.9760","0.2199","0.5635"
"250.9960","0.2199","0.5635"
"251.0160","0.2199","0.5635"
"251.0360","0.2199","0.5635"
"251.0560","0.2199","0.5636"
"251.0760","0.2199","0.5635"
"251.0960","0.2199","0.5635"
"251.1160","0.2199","0.5636"
"251.1360","0.2199","0.5636"
"251.1560","0.2199","0.5636"
"251.1760","0.2199","0.5636"
"251.1960","0.2199","0.5635"
"251.2160","0.2199","0.5636"
"251.2360","0.2199","0.5635"
"251.2560","0.2199","0.5635"
"251.2760","0.2199","0.5635"
"251.2960","0.2199","0.5634"
"251.3160","0.2199","0.5635"
"251.3360","0.2199","0.5635"
"251.3560","0.2199","0.5635"
"251.3760","0.2199","0.5634"
"251.3960","0.2199","0.5635"
"251.4160","0.2199","0.5635"
"251.4360","0.2199","0.5634"
"251.4560","0.2199","0.5634"
"251.4760","0.2199","0.5635"
"251.4960","0.2199","0.5635"
"251.5160","0.2199","0.5635"
"251.5360","0.2199","0.5634"
"251.5560","0.2199","0.5635"
"251.5760","0.2199","0.5635"
"251.5960","0.2199","0.5634"
"251.6160","0.2199","0.5633"
"251.6360","0.2199","0.5633"
"251.6560","0.2199","0.5635"
"251.6760","0.2199","0.5635"
"251.6960","0.2199","0.5635"
"251.7160","0.2199","0.5635"
"251.7360","0.2199","0.5634"
"251.7560","0.2199","0.5634"
"251.7760","0.2199","0.5634"
"251.7960","0.2199","0.5633"
"251.8160","0.2199","0.5633"
"251.8360","0.2199","0.5633"
"251.8560","0.2199","0.5634"
"251.8760","0.2199","0.5635"
"251.8960","0.2199","0.5635"
"251.9160","0.2199","0.5634"
"251.9360","0.2199","0.5634"
"251.9560","0.2199","0.5634"
"251.9760","0.2199","0.5634"
"251.9960","0.2199","0.5634"
"252.0160","0.2199","0.5633"
"252.0360","0.2199","0.5634"
"252.0560","0.2199","0.5634"
"252.0760","0.2199","0.5634"
"252.0960","0.2199","0.5635"
"252.1160","0.2199","0.5634"
"252.1360","0.2199","0.5633"
"252.1560","0.2199","0.5634"
"252.1760","0.2199","0.5635"
"252.1960","0.2199","0.5635"
"252.2160","0.2199","0.5634"
"252.2360","0.2199","0.5633"
"252.2560","0.2199","0.5633"
"252.2760","0.2199","0.5634"
"252.2960","0.2199","0.5633"
"252.3160","0.2199","0.5633"
"252.3360","0.2199","0.5633"
"252.3560","0.2199","0.5634"
"252.3760","0.2199","0.5634"
"252.3960","0.2199","0.5634"
"252.4160","0.2199","0.5634"
"252.4360","0.2199","0.5633"
"252.4560","0.2199","0.5633"
"252.4760","0.2199","0.5633"
"252.4960","0.2199","0.5633"
"252.5160","0.2199","0.5632"
"252.5360","0.2199","0.5632"
"252.5560","0.2199","0.5632"
"252.5760","0.2199","0.5632"
"252.5960","0.2199","0.5632"
"252.6160","0.2199","0.5633"
"252.6360","0.2199","0.5633"
"252.6560","0.2199","0.5633"
"252.6760","0.2199","0.5633"
"252.6960","0.2199","0.5632"
"252.7160","0.2199","0.5632"
"252.7360","0.2199","0.5633"
"252.7560","0.2199","0.5633"
"252.7760","0.2199","0.5633"
"252.7960","0.2199","0.5632"
"252.8160","0.2199","0.5632"
"252.8360","0.2199","0.5632"
"252.8560","0.2199","0.5632"
"252.8760","0.2199","0.5632"
"252.8960","0.2199","0.5632"
"252.9160","0.2199","0.5633"
"252.9360","0.2199","0.5633"
"252.9560","0.2199","0.5632"
"252.9760","0.2199","0.5632"
"252.9960","0.2199","0.5631"
"253.0160","0.2199","0.5631"
"253.0360","0.2199","0.5632"
"253.0560","0.2199","0.5632"
"253.0760","0.2199","0.5632"
"253.0960","0.2199","0.5632"
"253.1160","0.2199","0.5631"
"253.1360","0.2199","0.5631"
"253.1560","0.2199","0.5632"
"253.1760","0.2199","0.5632"
"253.1960","0.2199","0.5632"
"253.2160","0.2199","0.5632"
"253.2360","0.2199","0.5632"
"253.2560","0.2199","0.5632"
"253.2760","0.2199","0.5632"
"253.2960","0.2199","0.5632"
"253.3160","0.2199","0.5632"
"253.3360","0.2199","0.5632"
"253.3560","0.2199","0.5632"
"253.3760","0.2199","0.5632"
"253.3960","0.2199","0.5632"
"253.4160","0.2199","0.5632"
"253.4360","0.2199","0.5631"
"253.4560","0.2199","0.5630"
"253.4760","0.2199","0.5631"
"253.4960","0.2199","0.5631"
"253.5160","0.2199","0.5632"
"253.5360","0.2199","0.5632"
"253.5560","0.2199","0.5632"
"253.5760","0.2199","0.5631"
"253.5960","0.2199","0.5631"
"253.6160","0.2199","0.5631"
"253.6360","0.2199","0.5632"
"253.6560","0.2199","0.5632"
"253.6760","0.2199","0.5631"
"253.6960","0.2199","0.5630"
"253.7160","0.2199","0.5630"
"253.7360","0.2199","0.5631"
"253.7560","0.2199","0.5632"
"253.7760","0.2199","0.5631"
"253.7960","0.2199","0.5631"
"253.8160","0.2199","0.5631"
"253.8360","0.2199","0.5631"
"253.8560","0.2199","0.5631"
"253.8760","0.2199","0.5630"
"253.8960","0.2199","0.5631"
"253.9160","0.2199","0.5631"
"253.9360","0.2199","0.5631"
"253.9560","0.2199","0.5630"
"253.9760","0.2199","0.5630"
"253.9960","0.2199","0.5630"
"254.0160","0.2199","0.5630"
"254.0360","0.2199","0.5630"
"254.0560","0.2199","0.5630"
"254.0760","0.2199","0.5631"
"254.0960","0.2199","0.5631"
"254.1160","0.2199","0.5630"
"254.1360","0.2199","0.5630"
"254.1560","0.2199","0.5630"
"254.1760","0.2199","0.5629"
"254.1960","0.2199","0.5629"
"254.2160","0.2199","0.5630"
"254.2360","0.2199","0.5630"
"254.2560","0.2199","0.5630"
"254.2760","0.2199","0.5629"
"254.2960","0.2199","0.5629"
"254.3160","0.2199","0.5630"
"254.3360","0.2199","0.5630"
"254.3560","0.2199","0.5630"
"254.3760","0.2199","0.5630"
"254.3960","0.2199","0.5629"
"254.4160","0.2199","0.5629"
"254.4360","0.2199","0.5629"
"254.4560","0.2199","0.5629"
"254.4760","0.2199","0.5630"
"254.4960","0.2199","0.5630"
"254.5160","0.2199","0.5630"
"254.5360","0.2199","0.5630"
"254.5560","0.2199","0.5630"
"254.5760","0.2199","0.5629"
"254.5960","0.2199","0.5629"
"254.6160","0.2199","0.5630"
"254.6360","0.2199","0.5630"
"254.6560","0.2199","0.5629"
"254.6760","0.2199","0.5630"
"254.6960","0.2199","0.5629"
"254.7160","0.2199","0.5630"
"254.7360","0.2199","0.5629"
"254.7560","0.2199","0.5629"
"254.7760","0.2199","0.5629"
"254.7960","0.2199","0.5629"
"254.8160","0.2199","0.5628"
"254.8360","0.2199","0.5629"
"254.8560","0.2199","0.5629"
"254.8760","0.2199","0.5629"
"254.8960","0.2199","0.5629"
"254.9160","0.2199","0.5629"
"254.9360","0.2199","0.5629"
"254.9560","0.2199","0.5629"
"254.9760","0.2199","0.5629"
"254.9960","0.2199","0.5628"
"255.0160","0.2199","0.5628"
"255.0360","0.2199","0.5629"
"255.0560","0.2199","0.5629"
"255.0760","0.2199","0.5629"
"255.0960","0.2199","0.5628"
"255.1160","0.2199","0.5628"
"255.1360","0.2199","0.5628"
"255.1560","0.2199","0.5628"
"255.1760","0.2199","0.5629"
"255.1960","0.2199","0.5628"
"255.2160","0.2199","0.5628"
"255.2360","0.2199","0.5629"
"255.2560","0.2199","0.5629"
"255.2760","0.2199","0.5628"
"255.2960","0.2199","0.5628"
"255.3160","0.2199","0.5628"
"255.3360","0.2199","0.5628"
"255.3560","0.2199","0.5628"
"255.3760","0.2199","0.5629"
"255.3960","0.2199","0.5629"
"255.4160","0.2199","0.5629"
"255.4360","0.2199","0.5628"
"255.4560","0.2199","0.5628"
"255.4760","0.2199","0.5628"
"255.4960","0.2199","0.5628"
"255.5160","0.2199","0.5628"
"255.5360","0.2199","0.5628"
"255.5560","0.2199","0.5629"
"255.5760","0.2199","0.5629"
"255.5960","0.2199","0.5628"
"255.6160","0.2199","0.5627"
"255.6360","0.2199","0.5627"
"255.6560","0.2199","0.5628"
"255.6760","0.2199","0.5628"
"255.6960","0.2199","0.5628"
"255.7160","0.2199","0.5627"
"255.7360","0.2199","0.5627"
"255.7560","0.2199","0.5627"
"255.7760","0.2199","0.5627"
"255.7960","0.2199","0.5627"
"255.8160","0.2199","0.5627"
"255.8360","0.2199","0.5627"
"255.8560","0.2199","0.5627"
"255.8760","0.2199","0.5627"
"255.8960","0.2199","0.5627"
"255.9160","0.2199","0.5627"
"255.9360","0.2199","0.5627"
"255.9560","0.2199","0.5627"
"255.9760","0.2199","0.5627"
"255.9960","0.2199","0.5627"
"256.0160","0.2199","0.5627"
"256.0360","0.2199","0.5627"
"256.0560","0.2199","0.5627"
"256.0760","0.2199","0.5627"
"256.0960","0.2199","0.5627"
"256.1160","0.2199","0.5627"
"256.1360","0.2199","0.5627"
"256.1560","0.2199","0.5626"
"256.1760","0.2199","0.5626"
"256.1960","0.2199","0.5627"
"256.2160","0.2199","0.5627"
"256.2360","0.2199","0.5627"
"256.2560","0.2199","0.5627"
"256.2760","0.2199","0.5626"
"256.2960","0.2199","0.5626"
"256.3160","0.2199","0.5626"
"256.3360","0.2199","0.5628"
"256.3560","0.2199","0.5627"
"256.3760","0.2199","0.5626"
"256.3960","0.2199","0.5626"
"256.4160","0.2199","0.5626"
"256.4360","0.2199","0.5627"
"256.4560","0.2199","0.5628"
"256.4760","0.2199","0.5627"
"256.4960","0.2199","0.5626"
"256.5160","0.2199","0.5626"
"256.5360","0.2199","0.5626"
"256.5560","0.2199","0.5626"
"256.5760","0.2199","0.5626"
"256.5960","0.2199","0.5625"
"256.6160","0.2199","0.5625"
"256.6360","0.2199","0.5625"
"256.6560","0.2199","0.5626"
"256.6760","0.2199","0.5626"
"256.6960","0.2199","0.5626"
"256.7160","0.2199","0.5626"
"256.7360","0.2199","0.5626"
"256.7560","0.2199","0.5626"
"256.7760","0.2199","0.5625"
"256.7960","0.2199","0.5626"
"256.8160","0.2199","0.5626"
"256.8360","0.2199","0.5626"
"256.8560","0.2199","0.5625"
"256.8760","0.2199","0.5625"
"256.8960","0.2199","0.5625"
"256.9160","0.2199","0.5626"
"256.9360","0.2199","0.5625"
"256.9560","0.2199","0.5625"
"256.9760","0.2199","0.5625"
"256.9960","0.2199","0.5626"
"257.0160","0.2199","0.5625"
"257.0360","0.2199","0.5625"
"257.0560","0.2199","0.5625"
"257.0760","0.2199","0.5625"
"257.0960","0.2199","0.5625"
"257.1160","0.2199","0.5626"
"257.1360","0.2199","0.5625"
"257.1560","0.2199","0.5625"
"257.1760","0.2199","0.5625"
"257.1960","0.2199","0.5625"
"257.2160","0.2199","0.5625"
"257.2360","0.2199","0.5625"
"257.2560","0.2199","0.5625"
"257.2760","0.2199","0.5625"
"257.2960","0.2199","0.5625"
"257.3160","0.2199","0.5625"
"257.3360","0.2199","0.5626"
"257.3560","0.2199","0.5625"
"257.3760","0.2199","0.5624"
"257.3960","0.2199","0.5624"
"257.4160","0.2199","0.5625"
"257.4360","0.2199","0.5624"
"257.4560","0.2199","0.5625"
"257.4760","0.2199","0.5625"
"257.4960","0.2199","0.5624"
"257.5160","0.2199","0.5624"
"257.5360","0.2199","0.5624"
"257.5560","0.2199","0.5624"
"257.5760","0.2199","0.5624"
"257.5960","0.2199","0.5624"
"257.6160","0.2199","0.5624"
"257.6360","0.2199","0.5624"
"257.6560","0.2199","0.5624"
"257.6760","0.2199","0.5625"
"257.6960","0.2199","0.5626"
"257.7160","0.2199","0.5625"
"257.7360","0.2199","0.5624"
"257.7560","0.2199","0.5624"
"257.7760","0.2199","0.5623"
"257.7960","0.2199","0.5623"
"257.8160","0.2199","0.5624"
"257.8360","0.2199","0.5624"
"257.8560","0.2199","0.5624"
"257.8760","0.2199","0.5624"
"257.8960","0.2199","0.5623"
"257.9160","0.2199","0.5623"
"257.9360","0.2199","0.5624"
"257.9560","0.2199","0.5624"
"257.9760","0.2199","0.5624"
"257.9960","0.2199","0.5624"
"258.0160","0.2199","0.5624"
"258.0360","0.2199","0.5624"
"258.0560","0.2199","0.5624"
"258.0760","0.2199","0.5623"
"258.0960","0.2199","0.5623"
"258.1160","0.2199","0.5624"
"258.1360","0.2199","0.5624"
"258.1560","0.2199","0.5624"
"258.1760","0.2199","0.5623"
"258.1960","0.2199","0.5624"
"258.2160","0.2199","0.5624"
"258.2360","0.2199","0.5624"
"258.2560","0.2199","0.5624"
"258.2760","0.2199","0.5624"
"258.2960","0.2199","0.5624"
"258.3160","0.2199","0.5623"
"258.3360","0.2199","0.5623"
"258.3560","0.2199","0.5623"
"258.3760","0.2199","0.5623"
"258.3960","0.2199","0.5623"
"258.4160","0.2199","0.5623"
"258.4360","0.2199","0.5623"
"258.4560","0.2199","0.5623"
"258.4760","0.2199","0.5623"
"258.4960","0.2199","0.5624"
"258.5160","0.2199","0.5623"
"258.5360","0.2199","0.5623"
"258.5560","0.2199","0.5623"
"258.5760","0.2199","0.5623"
"258.5960","0.2199","0.5623"
"258.6160","0.2199","0.5622"
"258.6360","0.2199","0.5622"
"258.6560","0.2199","0.5622"
"258.6760","0.2199","0.5623"
"258.6960","0.2199","0.5623"
"258.7160","0.2199","0.5623"
"258.7360","0.2199","0.5623"
"258.7560","0.2199","0.5623"
"258.7760","0.2199","0.5623"
"258.7960","0.2199","0.5622"
"258.8160","0.2199","0.5622"
"258.8360","0.2199","0.5622"
"258.8560","0.2199","0.5622"
"258.8760","0.2199","0.5622"
"258.8960","0.2199","0.5622"
"258.9160","0.2199","0.5623"
"258.9360","0.2199","0.5623"
"258.9560","0.2199","0.5622"
"258.9760","0.2199","0.5622"
"258.9960","0.2199","0.5621"
"259.0160","0.2199","0.5622"
"259.0360","0.2199","0.5622"
"259.0560","0.2199","0.5622"
"259.0760","0.2199","0.5622"
"259.0960","0.2199","0.5623"
"259.1160","0.2199","0.5623"
"259.1360","0.2199","0.5622"
"259.1560","0.2199","0.5622"
"259.1760","0.2199","0.5622"
"259.1960","0.2199","0.5621"
"259.2160","0.2199","0.5622"
"259.2360","0.2199","0.5621"
"259.2560","0.2199","0.5621"
"259.2760","0.2199","0.5622"
"259.2960","0.2199","0.5622"
"259.3160","0.2199","0.5622"
"259.3360","0.2199","0.5621"
"259.3560","0.2199","0.5622"
"259.3760","0.2199","0.5622"
"259.3960","0.2199","0.5621"
"259.4160","0.2199","0.5621"
"259.4360","0.2199","0.5621"
"259.4560","0.2199","0.5621"
"259.4760","0.2199","0.5621"
"259.4960","0.2199","0.5621"
"259.5160","0.2199","0.5621"
"259.5360","0.2199","0.5621"
"259.5560","0.2199","0.5621"
"259.5760","0.2199","0.5622"
"259.5960","0.2199","0.5622"
"259.6160","0.2199","0.5622"
"259.6360","0.2199","0.5622"
"259.6560","0.2199","0.5622"
"259.6760","0.2199","0.5622"
"259.6960","0.2199","0.5621"
"259.7160","0.2199","0.5622"
"259.7360","0.2199","0.5622"
"259.7560","0.2199","0.5621"
"259.7760","0.2199","0.5620"
"259.7960","0.2199","0.5620"
"259.8160","0.2199","0.5621"
"259.8360","0.2199","0.5621"
"259.8560","0.2199","0.5621"
"259.8760","0.2199","0.5621"
"259.8960","0.2199","0.5621"
"259.9160","0.2199","0.5620"
"259.9360","0.2199","0.5621"
"259.9560","0.2199","0.5621"
"259.9760","0.2199","0.5621"
"259.9960","0.2199","0.5621"
"260.0160","0.2199","0.5620"
"260.0360","0.2199","0.5620"
"260.0560","0.2199","0.5620"
"260.0760","0.2199","0.5620"
"260.0960","0.2199","0.5620"
"260.1160","0.2199","0.5620"
"260.1360","0.2199","0.5620"
"260.1560","0.2199","0.5619"
"260.1760","0.2199","0.5620"
"260.1960","0.2199","0.5620"
"260.2160","0.2199","0.5620"
"260.2360","0.2199","0.5620"
"260.2560","0.2199","0.5620"
"260.2760","0.2199","0.5620"
"260.2960","0.2199","0.5620"
"260.3160","0.2199","0.5621"
"260.3360","0.2199","0.5621"
"260.3560","0.2199","0.5620"
"260.3760","0.2199","0.5619"
"260.3960","0.2199","0.5619"
"260.4160","0.2199","0.5620"
"260.4360","0.2199","0.5621"
"260.4560","0.2199","0.5620"
"260.4760","0.2199","0.5620"
"260.4960","0.2199","0.5621"
"260.5160","0.2199","0.5620"
"260.5360","0.2199","0.5620"
"260.5560","0.2199","0.5620"
"260.5760","0.2199","0.5619"
"260.5960","0.2199","0.5619"
"260.6160","0.2199","0.5620"
"260.6360","0.2199","0.5620"
"260.6560","0.2199","0.5619"
"260.6760","0.2199","0.5619"
"260.6960","0.2199","0.5619"
"260.7160","0.2199","0.5619"
"260.7360","0.2199","0.5620"
"260.7560","0.2199","0.5619"
"260.7760","0.2199","0.5619"
"260.7960","0.2199","0.5619"
"260.8160","0.2199","0.5619"
"260.8360","0.2199","0.5619"
"260.8560","0.2199","0.5620"
"260.8760","0.2199","0.5620"
"260.8960","0.2199","0.5620"
"260.9160","0.2199","0.5619"
"260.9360","0.2199","0.5619"
"260.9560","0.2199","0.5619"
"260.9760","0.2199","0.5619"
"260.9960","0.2199","0.5618"
"261.0160","0.2199","0.5619"
"261.0360","0.2199","0.5619"
"261.0560","0.2199","0.5619"
"261.0760","0.2199","0.5618"
"261.0960","0.2199","0.5619"
"261.1160","0.2199","0.5620"
"261.1360","0.2199","0.5620"
"261.1560","0.2199","0.5619"
"261.1760","0.2199","0.5619"
"261.1960","0.2199","0.5619"
"261.2160","0.2199","0.5619"
"261.2360","0.2199","0.5618"
"261.2560","0.2199","0.5618"
"261.2760","0.2199","0.5618"
"261.2960","0.2199","0.5618"
"261.3160","0.2199","0.5619"
"261.3360","0.2199","0.5619"
"261.3560","0.2199","0.5619"
"261.3760","0.2199","0.5618"
"261.3960","0.2199","0.5618"
"261.4160","0.2199","0.5618"
"261.4360","0.2199","0.5618"
"261.4560","0.2199","0.5619"
"261.4760","0.2199","0.5619"
"261.4960","0.2199","0.5618"
"261.5160","0.2199","0.5617"
"261.5360","0.2199","0.5617"
"261.5560","0.2199","0.5617"
"261.5760","0.2199","0.5619"
"261.5960","0.2199","0.5619"
"261.6160","0.2199","0.5618"
"261.6360","0.2199","0.5618"
"261.6560","0.2199","0.5618"
"261.6760","0.2199","0.5618"
"261.6960","0.2199","0.5618"
"261.7160","0.2199","0.5619"
"261.7360","0.2199","0.5619"
"261.7560","0.2199","0.5619"
"261.7760","0.2199","0.5618"
"261.7960","0.2199","0.5617"
"261.8160","0.2199","0.5618"
"261.8360","0.2199","0.5618"
"261.8560","0.2199","0.5617"
"261.8760","0.2199","0.5617"
"261.8960","0.2199","0.5617"
"261.9160","0.2199","0.5618"
"261.9360","0.2199","0.5618"
"261.9560","0.2199","0.5618"
"261.9760","0.2199","0.5618"
"261.9960","0.2199","0.5618"
"262.0160","0.2199","0.5618"
"262.0360","0.2199","0.5618"
"262.0560","0.2199","0.5617"
"262.0760","0.2199","0.5617"
"262.0960","0.2199","0.5617"
"262.1160","0.2199","0.5616"
"262.1360","0.2199","0.5616"
"262.1560","0.2199","0.5617"
"262.1760","0.2199","0.5617"
"262.1960","0.2199","0.5617"
"262.2160","0.2199","0.5617"
"262.2360","0.2199","0.5617"
"262.2560","0.2199","0.5617"
"262.2760","0.2199","0.5617"
"262.2960","0.2199","0.5617"
"262.3160","0.2199","0.5618"
"262.3360","0.2199","0.5619"
"262.3560","0.2199","0.5618"
"262.3760","0.2199","0.5617"
"262.3960","0.2199","0.5616"
"262.4160","0.2199","0.5616"
"262.4360","0.2199","0.5617"
"262.4560","0.2199","0.5617"
"262.4760","0.2199","0.5618"
"262.4960","0.2199","0.5617"
"262.5160","0.2199","0.5617"
"262.5360","0.2199","0.5617"
"262.5560","0.2199","0.5617"
"262.5760","0.2199","0.5617"
"262.5960","0.2199","0.5617"
"262.6160","0.2199","0.5616"
"262.6360","0.2199","0.5617"
"262.6560","0.2199","0.5617"
"262.6760","0.2199","0.5616"
"262.6960","0.2199","0.5616"
"262.7160","0.2199","0.5616"
"262.7360","0.2199","0.5616"
"262.7560","0.2199","0.5616"
"262.7760","0.2199","0.5617"
"262.7960","0.2199","0.5617"
"262.8160","0.2199","0.5616"
"262.8360","0.2199","0.5616"
"262.8560","0.2199","0.5616"
"262.8760","0.2199","0.5616"
"262.8960","0.2199","0.5616"
"262.9160","0.2199","0.5616"
"262.9360","0.2199","0.5615"
"262.9560","0.2199","0.5615"
"262.9760","0.2199","0.5616"
"262.9960","0.2199","0.5617"
"263.0160","0.2199","0.5616"
"263.0360","0.2199","0.5616"
"263.0560","0.2199","0.5615"
"263.0760","0.2199","0.5615"
"263.0960","0.2199","0.5615"
"263.1160","0.2199","0.5615"
"263.1360","0.2199","0.5616"
"263.1560","0.2199","0.5616"
"263.1760","0.2199","0.5615"
"263.1960","0.2199","0.5615"
"263.2160","0.2199","0.5615"
"263.2360","0.2199","0.5615"
"263.2560","0.2199","0.5616"
"263.2760","0.2199","0.5616"
"263.2960","0.2199","0.5615"
"263.3160","0.2199","0.5616"
"263.3360","0.2199","0.5616"
"263.3560","0.2199","0.5616"
"263.3760","0.2199","0.5615"
"263.3960","0.2199","0.5615"
"263.4160","0.2199","0.5615"
"263.4360","0.2199","0.5614"
"263.4560","0.2199","0.5615"
"263.4760","0.2199","0.5616"
"263.4960","0.2199","0.5616"
"263.5160","0.2199","0.5615"
"263.5360","0.2199","0.5615"
"263.5560","0.2199","0.5615"
"263.5760","0.2199","0.5615"
"263.5960","0.2199","0.5615"
"263.6160","0.2199","0.5615"
"263.6360","0.2199","0.5615"
"263.6560","0.2199","0.5615"
"263.6760","0.2199","0.5615"
"263.6960","0.2199","0.5614"
"263.7160","0.2199","0.5614"
"263.7360","0.2199","0.5615"
"263.7560","0.2199","0.5614"
"263.7760","0.2199","0.5614"
"263.7960","0.2199","0.5615"
"263.8160","0.2199","0.5614"
"263.8360","0.2199","0.5613"
"263.8560","0.2199","0.5613"
"263.8760","0.2199","0.5614"
"263.8960","0.2199","0.5614"
"263.9160","0.2199","0.5614"
"263.9360","0.2199","0.5613"
"263.9560","0.2199","0.5614"
"263.9760","0.2199","0.5615"
"263.9960","0.2199","0.5615"
"264.0160","0.2199","0.5616"
"264.0360","0.2199","0.5615"
"264.0560","0.2199","0.5615"
"264.0760","0.2199","0.5615"
"264.0960","0.2199","0.5615"
"264.1160","0.2199","0.5614"
"264.1360","0.2199","0.5614"
"264.1560","0.2199","0.5614"
"264.1760","0.2199","0.5613"
"264.1960","0.2199","0.5613"
"264.2160","0.2199","0.5614"
"264.2360","0.2199","0.5614"
"264.2560","0.2199","0.5615"
"264.2760","0.2199","0.5614"
"264.2960","0.2199","0.5614"
"264.3160","0.2199","0.5613"
"264.3360","0.2199","0.5613"
"264.3560","0.2199","0.5614"
"264.3760","0.2199","0.5614"
"264.3960","0.2199","0.5613"
"264.4160","0.2199","0.5613"
"264.4360","0.2199","0.5613"
"264.4560","0.2199","0.5613"
"264.4760","0.2199","0.5613"
"264.4960","0.2199","0.5614"
"264.5160","0.2199","0.5614"
"264.5360","0.2199","0.5614"
"264.5560","0.2199","0.5614"
"264.5760","0.2199","0.5613"
"264.5960","0.2199","0.5614"
"264.6160","0.2199","0.5614"
"264.6360","0.2199","0.5614"
"264.6560","0.2199","0.5614"
"264.6760","0.2199","0.5613"
"264.6960","0.2199","0.5613"
"264.7160","0.2199","0.5613"
"264.7360","0.2199","0.5613"
"264.7560","0.2199","0.5614"
"264.7760","0.2199","0.5614"
"264.7960","0.2199","0.5613"
"264.8160","0.2199","0.5613"
"264.8360","0.2199","0.5613"
"264.8560","0.2199","0.5613"
"264.8760","0.2199","0.5614"
"264.8960","0.2199","0.5614"
"264.9160","0.2199","0.5613"
"264.9360","0.2199","0.5613"
"264.9560","0.2199","0.5613"
"264.9760","0.2199","0.5613"
"264.9960","0.2199","0.5612"
"265.0160","0.2199","0.5613"
"265.0360","0.2199","0.5613"
"265.0560","0.2199","0.5613"
"265.0760","0.2199","0.5613"
"265.0960","0.2199","0.5614"
"265.1160","0.2199","0.5613"
"265.1360","0.2199","0.5613"
"265.1560","0.2199","0.5612"
"265.1760","0.2199","0.5613"
"265.1960","0.2199","0.5613"
"265.2160","0.2199","0.5613"
"265.2360","0.2199","0.5613"
"265.2560","0.2199","0.5613"
"265.2760","0.2199","0.5613"
"265.2960","0.2199","0.5613"
"265.3160","0.2199","0.5612"
"265.3360","0.2199","0.5612"
"265.3560","0.2199","0.5613"
"265.3760","0.2199","0.5613"
"265.3960","0.2199","0.5613"
"265.4160","0.2199","0.5612"
"265.4360","0.2199","0.5611"
"265.4560","0.2199","0.5612"
"265.4760","0.2199","0.5612"
"265.4960","0.2199","0.5612"
"265.5160","0.2199","0.5612"
"265.5360","0.2199","0.5613"
"265.5560","0.2199","0.5613"
"265.5760","0.2199","0.5611"
"265.5960","0.2199","0.5611"
"265.6160","0.2199","0.5611"
"265.6360","0.2199","0.5612"
"265.6560","0.2199","0.5612"
"265.6760","0.2199","0.5612"
"265.6960","0.2199","0.5612"
"265.7160","0.2199","0.5611"
"265.7360","0.2199","0.5611"
"265.7560","0.2199","0.5611"
"265.7760","0.2199","0.5611"
"265.7960","0.2199","0.5611"
"265.8160","0.2199","0.5611"
"265.8360","0.2199","0.5611"
"265.8560","0.2199","0.5611"
"265.8760","0.2199","0.5611"
"265.8960","0.2199","0.5612"
"265.9160","0.2199","0.5612"
"265.9360","0.2199","0.5611"
"265.9560","0.2199","0.5611"
"265.9760","0.2199","0.5612"
"265.9960","0.2199","0.5612"
"266.0160","0.2199","0.5612"
"266.0360","0.2199","0.5612"
"266.0560","0.2199","0.5612"
"266.0760","0.2199","0.5612"
"266.0960","0.2199","0.5612"
"266.1160","0.2199","0.5611"
"266.1360","0.2199","0.5611"
"266.1560","0.2199","0.5611"
"266.1760","0.2199","0.5611"
"266.1960","0.2199","0.5610"
"266.2160","0.2199","0.5610"
"266.2360","0.2199","0.5611"
"266.2560","0.2199","0.5610"
"266.2760","0.2199","0.5611"
"266.2960","0.2199","0.5611"
"266.3160","0.2199","0.5611"
"266.3360","0.2199","0.5611"
"266.3560","0.2199","0.5611"
"266.3760","0.2199","0.5611"
"266.3960","0.2199","0.5611"
"266.4160","0.2199","0.5611"
"266.4360","0.2199","0.5611"
"266.4560","0.2199","0.5610"
"266.4760","0.2199","0.5610"
"266.4960","0.2199","0.5610"
"266.5160","0.2199","0.5610"
"266.5360","0.2199","0.5610"
"266.5560","0.2199","0.5610"
"266.5760","0.2199","0.5610"
"266.5960","0.2199","0.5610"
"266.6160","0.2199","0.5610"
"266.6360","0.2199","0.5610"
"266.6560","0.2199","0.5610"
"266.6760","0.2199","0.5610"
"266.6960","0.2199","0.5611"
"266.7160","0.2199","0.5611"
"266.7360","0.2199","0.5610"
"266.7560","0.2199","0.5610"
"266.7760","0.2199","0.5610"
"266.7960","0.2199","0.5610"
"266.8160","0.2199","0.5610"
"266.8360","0.2199","0.5610"
"266.8560","0.2199","0.5610"
"266.8760","0.2199","0.5610"
"266.8960","0.2199","0.5609"
"266.9160","0.2199","0.5610"
"266.9360","0.2199","0.5610"
"266.9560","0.2199","0.5610"
"266.9760","0.2199","0.5610"
"266.9960","0.2199","0.5610"
"267.0160","0.2199","0.5610"
"267.0360","0.2199","0.5610"
"267.0560","0.2199","0.5610"
"267.0760","0.2199","0.5610"
"267.0960","0.2199","0.5610"
"267.1160","0.2199","0.5610"
"267.1360","0.2199","0.5610"
"267.1560","0.2199","0.5609"
"267.1760","0.2199","0.5609"
"267.1960","0.2199","0.5609"
"267.2160","0.2199","0.5610"
"267.2360","0.2199","0.5610"
"267.2560","0.2199","0.5610"
"267.2760","0.2199","0.5610"
"267.2960","0.2199","0.5609"
"267.3160","0.2199","0.5609"
"267.3360","0.2199","0.5609"
"267.3560","0.2199","0.5609"
"267.3760","0.2199","0.5609"
"267.3960","0.2199","0.5609"
"267.4160","0.2199","0.5609"
"267.4360","0.2199","0.5608"
"267.4560","0.2199","0.5608"
"267.4760","0.2199","0.5609"
"267.4960","0.2199","0.5609"
"267.5160","0.2199","0.5609"
"267.5360","0.2199","0.5609"
"267.5560","0.2199","0.5609"
"267.5760","0.2199","0.5609"
"267.5960","0.2199","0.5609"
"267.6160","0.2199","0.5608"
"267.6360","0.2199","0.5608"
"267.6560","0.2199","0.5609"
"267.6760","0.2199","0.5609"
"267.6960","0.2199","0.5609"
"267.7160","0.2199","0.5609"
"267.7360","0.2199","0.5608"
"267.7560","0.2199","0.5608"
"267.7760","0.2199","0.5608"
"267.7960","0.2199","0.5608"
"267.8160","0.2199","0.5608"
"267.8360","0.2199","0.5608"
"267.8560","0.2199","0.5608"
"267.8760","0.2199","0.5608"
"267.8960","0.2199","0.5608"
"267.9160","0.2199","0.5607"
"267.9360","0.2199","0.5609"
"267.9560","0.2199","0.5609"
"267.9760","0.2199","0.5609"
"267.9960","0.2199","0.5609"
"268.0160","0.2199","0.5608"
"268.0360","0.2199","0.5608"
"268.0560","0.2199","0.5608"
"268.0760","0.2199","0.5608"
"268.0960","0.2199","0.5608"
"268.1160","0.2199","0.5608"
"268.1360","0.2199","0.5608"
"268.1560","0.2199","0.5608"
"268.1760","0.2199","0.5608"
"268.1960","0.2199","0.5608"
"268.2160","0.2199","0.5608"
"268.2360","0.2199","0.5608"
"268.2560","0.2199","0.5608"
"268.2760","0.2199","0.5608"
"268.2960","0.2199","0.5606"
"268.3160","0.2199","0.5607"
"268.3360","0.2199","0.5608"
"268.3560","0.2199","0.5608"
"268.3760","0.2199","0.5607"
"268.3960","0.2199","0.5607"
"268.4160","0.2199","0.5607"
"268.4360","0.2199","0.5608"
"268.4560","0.2199","0.5608"
"268.4760","0.2199","0.5608"
"268.4960","0.2199","0.5607"
"268.5160","0.2199","0.5607"
"268.5360","0.2199","0.5607"
"268.5560","0.2199","0.5608"
"268.5760","0.2199","0.5608"
"268.5960","0.2199","0.5608"
"268.6160","0.2199","0.5607"
"268.6360","0.2199","0.5607"
"268.6560","0.2199","0.5607"
"268.6760","0.2199","0.5607"
"268.6960","0.2199","0.5607"
"268.7160","0.2199","0.5607"
"268.7360","0.2199","0.5606"
"268.7560","0.2199","0.5606"
"268.7760","0.2199","0.5607"
"268.7960","0.2199","0.5607"
"268.8160","0.2199","0.5608"
"268.8360","0.2199","0.5607"
"268.8560","0.2199","0.5607"
"268.8760","0.2199","0.5606"
"268.8960","0.2199","0.5607"
"268.9160","0.2199","0.5607"
"268.9360","0.2199","0.5607"
"268.9560","0.2199","0.5607"
"268.9760","0.2199","0.5606"
"268.9960","0.2199","0.5606"
"269.0160","0.2199","0.5606"
"269.0360","0.2199","0.5606"
"269.0560","0.2199","0.5606"
"269.0760","0.2199","0.5606"
"269.0960","0.2199","0.5606"
"269.1160","0.2199","0.5606"
"269.1360","0.2199","0.5606"
"269.1560","0.2199","0.5606"
"269.1760","0.2199","0.5606"
"269.1960","0.2199","0.5607"
"269.2160","0.2199","0.5606"
"269.2360","0.2199","0.5606"
"269.2560","0.2199","0.5607"
"269.2760","0.2199","0.5607"
"269.2960","0.2199","0.5606"
"269.3160","0.2199","0.5606"
"269.3360","0.2199","0.5607"
"269.3560","0.2199","0.5606"
"269.3760","0.2199","0.5606"
"269.3960","0.2199","0.5606"
"269.4160","0.2199","0.5606"
"269.4360","0.2199","0.5606"
"269.4560","0.2199","0.5606"
"269.4760","0.2199","0.5606"
"269.4960","0.2199","0.5606"
"269.5160","0.2199","0.5606"
"269.5360","0.2199","0.5606"
"269.5560","0.2199","0.5606"
"269.5760","0.2199","0.5606"
"269.5960","0.2199","0.5606"
"269.6160","0.2199","0.5606"
"269.6360","0.2199","0.5605"
"269.6560","0.2199","0.5606"
"269.6760","0.2199","0.5605"
"269.6960","0.2199","0.5605"
"269.7160","0.2199","0.5605"
"269.7360","0.2199","0.5605"
"269.7560","0.2199","0.5606"
"269.7760","0.2199","0.5605"
"269.7960","0.2199","0.5605"
"269.8160","0.2199","0.5606"
"269.8360","0.2199","0.5606"
"269.8560","0.2199","0.5606"
"269.8760","0.2199","0.5606"
"269.8960","0.2199","0.5606"
"269.9160","0.2199","0.5605"
"269.9360","0.2199","0.5605"
"269.9560","0.2199","0.5606"
"269.9760","0.2199","0.5605"
"269.9960","0.2199","0.5605"
"270.0160","0.2199","0.5605"
"270.0360","0.2199","0.5605"
"270.0560","0.2199","0.5605"
"270.0760","0.2199","0.5605"
"270.0960","0.2199","0.5605"
"270.1160","0.2199","0.5606"
"270.1360","0.2199","0.5605"
"270.1560","0.2199","0.5605"
"270.1760","0.2199","0.5604"
"270.1960","0.2199","0.5605"
"270.2160","0.2199","0.5605"
"270.2360","0.2199","0.5605"
"270.2560","0.2199","0.5604"
"270.2760","0.2199","0.5605"
"270.2960","0.2199","0.5605"
"270.3160","0.2199","0.5605"
"270.3360","0.2199","0.5605"
"270.3560","0.2199","0.5605"
"270.3760","0.2199","0.5605"
"270.3960","0.2199","0.5605"
"270.4160","0.2199","0.5604"
"270.4360","0.2199","0.5604"
"270.4560","0.2199","0.5604"
"270.4760","0.2199","0.5605"
"270.4960","0.2199","0.5605"
"270.5160","0.2199","0.5604"
"270.5360","0.2199","0.5603"
"270.5560","0.2199","0.5604"
"270.5760","0.2199","0.5604"
"270.5960","0.2199","0.5604"
"270.6160","0.2199","0.5604"
"270.6360","0.2199","0.5603"
"270.6560","0.2199","0.5604"
"270.6760","0.2199","0.5604"
"270.6960","0.2199","0.5603"
"270.7160","0.2199","0.5603"
"270.7360","0.2199","0.5603"
"270.7560","0.2199","0.5604"
"270.7760","0.2199","0.5605"
"270.7960","0.2199","0.5604"
"270.8160","0.2199","0.5604"
"270.8360","0.2199","0.5603"
"270.8560","0.2199","0.5603"
"270.8760","0.2199","0.5603"
"270.8960","0.2199","0.5603"
"270.9160","0.2199","0.5603"
"270.9360","0.2199","0.5603"
"270.9560","0.2199","0.5603"
"270.9760","0.2199","0.5603"
"270.9960","0.2199","0.5603"
"271.0160","0.2199","0.5603"
"271.0360","0.2199","0.5603"
"271.0560","0.2199","0.5603"
"271.0760","0.2199","0.5603"
"271.0960","0.2199","0.5603"
"271.1160","0.2199","0.5604"
"271.1360","0.2199","0.5603"
"271.1560","0.2199","0.5603"
"271.1760","0.2199","0.5603"
"271.1960","0.2199","0.5604"
"271.2160","0.2199","0.5603"
"271.2360","0.2199","0.5603"
"271.2560","0.2199","0.5603"
"271.2760","0.2199","0.5603"
"271.2960","0.2199","0.5603"
"271.3160","0.2199","0.5603"
"271.3360","0.2199","0.5603"
"271.3560","0.2199","0.5603"
"271.3760","0.2199","0.5603"
"271.3960","0.2199","0.5603"
"271.4160","0.2199","0.5603"
"271.4360","0.2199","0.5603"
"271.4560","0.2199","0.5603"
"271.4760","0.2199","0.5603"
"271.4960","0.2199","0.5602"
"271.5160","0.2199","0.5602"
"271.5360","0.2199","0.5602"
"271.5560","0.2199","0.5602"
"271.5760","0.2199","0.5602"
"271.5960","0.2199","0.5602"
"271.6160","0.2199","0.5602"
"271.6360","0.2199","0.5603"
"271.6560","0.2199","0.5603"
"271.6760","0.2199","0.5603"
"271.6960","0.2199","0.5602"
"271.7160","0.2199","0.5602"
"271.7360","0.2199","0.5602"
"271.7560","0.2199","0.5602"
"271.7760","0.2199","0.5602"
"271.7960","0.2199","0.5602"
"271.8160","0.2199","0.5601"
"271.8360","0.2199","0.5601"
"271.8560","0.2199","0.5602"
"271.8760","0.2199","0.5603"
"271.8960","0.2199","0.5602"
"271.9160","0.2199","0.5601"
"271.9360","0.2199","0.5602"
"271.9560","0.2199","0.5602"
"271.9760","0.2199","0.5602"
"271.9960","0.2199","0.5602"
"272.0160","0.2199","0.5601"
"272.0360","0.2199","0.5600"
"272.0560","0.2199","0.5601"
"272.0760","0.2199","0.5602"
"272.0960","0.2199","0.5603"
"272.1160","0.2199","0.5602"
"272.1360","0.2199","0.5602"
"272.1560","0.2199","0.5601"
"272.1760","0.2199","0.5602"
"272.1960","0.2199","0.5602"
"272.2160","0.2199","0.5601"
"272.2360","0.2199","0.5602"
"272.2560","0.2199","0.5603"
"272.2760","0.2199","0.5602"
"272.2960","0.2199","0.5602"
"272.3160","0.2199","0.5601"
"272.3360","0.2199","0.5600"
"272.3560","0.2199","0.5600"
"272.3760","0.2199","0.5600"
"272.3960","0.2199","0.5601"
"272.4160","0.2199","0.5601"
"272.4360","0.2199","0.5601"
"272.4560","0.2199","0.5601"
"272.4760","0.2199","0.5601"
"272.4960","0.2199","0.5600"
"272.5160","0.2199","0.5600"
"272.5360","0.2199","0.5600"
"272.5560","0.2199","0.5600"
"272.5760","0.2199","0.5601"
"272.5960","0.2199","0.5601"
"272.6160","0.2199","0.5601"
"272.6360","0.2199","0.5602"
"272.6560","0.2199","0.5602"
"272.6760","0.2199","0.5601"
"272.6960","0.2199","0.5600"
"272.7160","0.2199","0.5600"
"272.7360","0.2199","0.5601"
"272.7560","0.2199","0.5601"
"272.7760","0.2199","0.5600"
"272.7960","0.2199","0.5600"
"272.8160","0.2199","0.5601"
"272.8360","0.2199","0.5601"
"272.8560","0.2199","0.5600"
"272.8760","0.2199","0.5601"
"272.8960","0.2199","0.5601"
"272.9160","0.2199","0.5601"
"272.9360","0.2199","0.5601"
"272.9560","0.2199","0.5601"
"272.9760","0.2199","0.5601"
"272.9960","0.2199","0.5601"
"273.0160","0.2199","0.5601"
"273.0360","0.2199","0.5600"
"273.0560","0.2199","0.5599"
"273.0760","0.2199","0.5599"
"273.0960","0.2199","0.5600"
"273.1160","0.2199","0.5600"
"273.1360","0.2199","0.5600"
"273.1560","0.2199","0.5600"
"273.1760","0.2199","0.5599"
"273.1960","0.2199","0.5599"
"273.2160","0.2199","0.5600"
"273.2360","0.2199","0.5600"
"273.2560","0.2199","0.5600"
"273.2760","0.2199","0.5599"
"273.2960","0.2199","0.5600"
"273.3160","0.2199","0.5600"
"273.3360","0.2199","0.5600"
"273.3560","0.2199","0.5600"
"273.3760","0.2199","0.5600"
"273.3960","0.2199","0.5600"
"273.4160","0.2199","0.5599"
"273.4360","0.2199","0.5600"
"273.4560","0.2199","0.5601"
"273.4760","0.2199","0.5601"
"273.4960","0.2199","0.5600"
"273.5160","0.2199","0.5599"
"273.5360","0.2199","0.5598"
"273.5560","0.2199","0.5599"
"273.5760","0.2199","0.5599"
"273.5960","0.2199","0.5599"
"273.6160","0.2199","0.5599"
"273.6360","0.2199","0.5599"
"273.6560","0.2199","0.5599"
"273.6760","0.2199","0.5600"
"273.6960","0.2199","0.5599"
"273.7160","0.2199","0.5599"
"273.7360","0.2199","0.5599"
"273.7560","0.2199","0.5598"
"273.7760","0.2199","0.5599"
"273.7960","0.2199","0.5599"
"273.8160","0.2199","0.5600"
"273.8360","0.2199","0.5600"
"273.8560","0.2199","0.5599"
"273.8760","0.2199","0.5599"
"273.8960","0.2199","0.5600"
"273.9160","0.2199","0.5600"
"273.9360","0.2199","0.5599"
"273.9560","0.2199","0.5599"
"273.9760","0.2199","0.5599"
"273.9960","0.2199","0.5599"
"274.0160","0.2199","0.5599"
"274.0360","0.2199","0.5599"
"274.0560","0.2199","0.5599"
"274.0760","0.2199","0.5598"
"274.0960","0.2199","0.5599"
"274.1160","0.2199","0.5599"
"274.1360","0.2199","0.5599"
"274.1560","0.2199","0.5599"
"274.1760","0.2199","0.5598"
"274.1960","0.2199","0.5598"
"274.2160","0.2199","0.5599"
"274.2360","0.2199","0.5599"
"274.2560","0.2199","0.5598"
"274.2760","0.2199","0.5598"
"274.2960","0.2199","0.5598"
"274.3160","0.2199","0.5598"
"274.3360","0.2199","0.5598"
"274.3560","0.2199","0.5598"
"274.3760","0.2199","0.5598"
"274.3960","0.2199","0.5598"
"274.4160","0.2199","0.5598"
"274.4360","0.2199","0.5598"
"274.4560","0.2199","0.5598"
"274.4760","0.2199","0.5599"
"274.4960","0.2199","0.5599"
"274.5160","0.2199","0.5598"
"274.5360","0.2199","0.5597"
"274.5560","0.2199","0.5598"
"274.5760","0.2199","0.5598"
"274.5960","0.2199","0.5598"
"274.6160","0.2199","0.5597"
"274.6360","0.2199","0.5598"
"274.6560","0.2199","0.5599"
"274.6760","0.2199","0.5599"
"274.6960","0.2199","0.5599"
"274.7160","0.2199","0.5598"
"274.7360","0.2199","0.5598"
"274.7560","0.2199","0.5597"
"274.7760","0.2199","0.5597"
"274.7960","0.2199","0.5598"
"274.8160","0.2199","0.5598"
"274.8360","0.2199","0.5598"
"274.8560","0.2199","0.5597"
"274.8760","0.2199","0.5597"
"274.8960","0.2199","0.5596"
"274.9160","0.2199","0.5597"
"274.9360","0.2199","0.5598"
"274.9560","0.2199","0.5597"
"274.9760","0.2199","0.5597"
"274.9960","0.2199","0.5598"
"275.0160","0.2199","0.5597"
"275.0360","0.2199","0.5596"
"275.0560","0.2199","0.5596"
"275.0760","0.2199","0.5597"
"275.0960","0.2199","0.5597"
"275.1160","0.2199","0.5598"
"275.1360","0.2199","0.5598"
"275.1560","0.2199","0.5596"
"275.1760","0.2199","0.5596"
"275.1960","0.2199","0.5597"
"275.2160","0.2199","0.5598"
"275.2360","0.2199","0.5598"
"275.2560","0.2199","0.5597"
"275.2760","0.2199","0.5598"
"275.2960","0.2199","0.5597"
"275.3160","0.2199","0.5598"
"275.3360","0.2199","0.5597"
"275.3560","0.2199","0.5597"
"275.3760","0.2199","0.5596"
"275.3960","0.2199","0.5596"
"275.4160","0.2199","0.5596"
"275.4360","0.2199","0.5596"
"275.4560","0.2199","0.5595"
"275.4760","0.2199","0.5595"
"275.4960","0.2199","0.5596"
"275.5160","0.2199","0.5596"
"275.5360","0.2199","0.5596"
"275.5560","0.2199","0.5596"
"275.5760","0.2199","0.5596"
"275.5960","0.2199","0.5595"
"275.6160","0.2199","0.5595"
"275.6360","0.2199","0.5595"
"275.6560","0.2199","0.5596"
"275.6760","0.2199","0.5596"
"275.6960","0.2199","0.5597"
"275.7160","0.2199","0.5596"
"275.7360","0.2199","0.5596"
"275.7560","0.2199","0.5596"
"275.7760","0.2199","0.5597"
"275.7960","0.2199","0.5596"
"275.8160","0.2199","0.5595"
"275.8360","0.2199","0.5596"
"275.8560","0.2199","0.5596"
"275.8760","0.2199","0.5596"
"275.8960","0.2199","0.5596"
"275.9160","0.2199","0.5596"
"275.9360","0.2199","0.5596"
"275.9560","0.2199","0.5597"
"275.9760","0.2199","0.5597"
"275.9960","0.2199","0.5596"
"276.0160","0.2199","0.5596"
"276.0360","0.2199","0.5595"
"276.0560","0.2199","0.5595"
"276.0760","0.2199","0.5595"
"276.0960","0.2199","0.5594"
"276.1160","0.2199","0.5594"
"276.1360","0.2199","0.5594"
"276.1560","0.2199","0.5594"
"276.1760","0.2199","0.5595"
"276.1960","0.2199","0.5596"
"276.2160","0.2199","0.5597"
"276.2360","0.2199","0.5596"
"276.2560","0.2199","0.5596"
"276.2760","0.2199","0.5595"
"276.2960","0.2199","0.5595"
"276.3160","0.2199","0.5595"
"276.3360","0.2199","0.5595"
"276.3560","0.2199","0.5595"
"276.3760","0.2199","0.5595"
"276.3960","0.2199","0.5595"
"276.4160","0.2199","0.5596"
"276.4360","0.2199","0.5595"
"276.4560","0.2199","0.5595"
"276.4760","0.2199","0.5595"
"276.4960","0.2199","0.5595"
"276.5160","0.2199","0.5595"
"276.5360","0.2199","0.5596"
"276.5560","0.2199","0.5596"
"276.5760","0.2199","0.5596"
"276.5960","0.2199","0.5595"
"276.6160","0.2199","0.5595"
"276.6360","0.2199","0.5595"
"276.6560","0.2199","0.5595"
"276.6760","0.2199","0.5595"
"276.6960","0.2199","0.5596"
"276.7160","0.2199","0.5596"
"276.7360","0.2199","0.5596"
"276.7560","0.2199","0.5595"
"276.7760","0.2199","0.5595"
"276.7960","0.2199","0.5595"
"276.8160","0.2199","0.5594"
"276.8360","0.2199","0.5594"
"276.8560","0.2199","0.5595"
"276.8760","0.2199","0.5595"
"276.8960","0.2199","0.5595"
"276.9160","0.2199","0.5594"
"276.9360","0.2199","0.5595"
"276.9560","0.2199","0.5595"
"276.9760","0.2199","0.5595"
"276.9960","0.2199","0.5595"
"277.0160","0.2199","0.5595"
"277.0360","0.2199","0.5595"
"277.0560","0.2199","0.5594"
"277.0760","0.2199","0.5593"
"277.0960","0.2199","0.5594"
"277.1160","0.2199","0.5594"
"277.1360","0.2199","0.5595"
"277.1560","0.2199","0.5594"
"277.1760","0.2199","0.5594"
"277.1960","0.2199","0.5595"
"277.2160","0.2199","0.5595"
"277.2360","0.2199","0.5595"
"277.2560","0.2199","0.5594"
"277.2760","0.2199","0.5593"
"277.2960","0.2199","0.5593"
"277.3160","0.2199","0.5594"
"277.3360","0.2199","0.5595"
"277.3560","0.2199","0.5594"
"277.3760","0.2199","0.5594"
"277.3960","0.2199","0.5594"
"277.4160","0.2199","0.5594"
"277.4360","0.2199","0.5594"
"277.4560","0.2199","0.5594"
"277.4760","0.2199","0.5594"
"277.4960","0.2199","0.5594"
"277.5160","0.2199","0.5593"
"277.5360","0.2199","0.5593"
"277.5560","0.2199","0.5593"
"277.5760","0.2199","0.5593"
"277.5960","0.2199","0.5593"
"277.6160","0.2199","0.5593"
"277.6360","0.2199","0.5593"
"277.6560","0.2199","0.5593"
"277.6760","0.2199","0.5594"
"277.6960","0.2199","0.5593"
"277.7160","0.2199","0.5592"
"277.7360","0.2199","0.5593"
"277.7560","0.2199","0.5593"
"277.7760","0.2199","0.5592"
"277.7960","0.2199","0.5593"
"277.8160","0.2199","0.5593"
"277.8360","0.2199","0.5592"
"277.8560","0.2199","0.5593"
"277.8760","0.2199","0.5592"
"277.8960","0.2199","0.5592"
"277.9160","0.2199","0.5592"
"277.9360","0.2199","0.5592"
"277.9560","0.2199","0.5592"
"277.9760","0.2199","0.5592"
"277.9960","0.2199","0.5593"
"278.0160","0.2199","0.5593"
"278.0360","0.2199","0.5592"
"278.0560","0.2199","0.5593"
"278.0760","0.2199","0.5593"
"278.0960","0.2199","0.5592"
"278.1160","0.2199","0.5592"
"278.1360","0.2199","0.5592"
"278.1560","0.2199","0.5592"
"278.1760","0.2199","0.5592"
"278.1960","0.2199","0.5593"
"278.2160","0.2199","0.5593"
"278.2360","0.2199","0.5593"
"278.2560","0.2199","0.5592"
"278.2760","0.2199","0.5592"
"278.2960","0.2199","0.5592"
"278.3160","0.2199","0.5593"
"278.3360","0.2199","0.5593"
"278.3560","0.2199","0.5592"
"278.3760","0.2199","0.5591"
"278.3960","0.2199","0.5592"
"278.4160","0.2199","0.5592"
"278.4360","0.2199","0.5592"
"278.4560","0.2199","0.5592"
"278.4760","0.2199","0.5592"
"278.4960","0.2199","0.5592"
"278.5160","0.2199","0.5591"
"278.5360","0.2199","0.5591"
"278.5560","0.2199","0.5592"
"278.5760","0.2199","0.5593"
"278.5960","0.2199","0.5592"
"278.6160","0.2199","0.5591"
"278.6360","0.2199","0.5590"
"278.6560","0.2199","0.5590"
"278.6760","0.2199","0.5591"
"278.6960","0.2199","0.5591"
"278.7160","0.2199","0.5591"
"278.7360","0.2199","0.5591"
"278.7560","0.2199","0.5591"
"278.7760","0.2199","0.5591"
"278.7960","0.2199","0.5592"
"278.8160","0.2199","0.5592"
"278.8360","0.2199","0.5592"
"278.8560","0.2199","0.5592"
"278.8760","0.2199","0.5592"
"278.8960","0.2199","0.5592"
"278.9160","0.2199","0.5592"
"278.9360","0.2199","0.5592"
"278.9560","0.2199","0.5592"
"278.9760","0.2199","0.5591"
"278.9960","0.2199","0.5591"
"279.0160","0.2199","0.5591"
"279.0360","0.2199","0.5590"
"279.0560","0.2199","0.5590"
"279.0760","0.2199","0.5592"
"279.0960","0.2199","0.5592"
"279.1160","0.2199","0.5592"
"279.1360","0.2199","0.5591"
"279.1560","0.2199","0.5591"
"279.1760","0.2199","0.5591"
"279.1960","0.2199","0.5591"
"279.2160","0.2199","0.5590"
"279.2360","0.2199","0.5590"
"279.2560","0.2199","0.5590"
"279.2760","0.2199","0.5590"
"279.2960","0.2199","0.5591"
"279.3160","0.2199","0.5590"
"279.3360","0.2199","0.5590"
"279.3560","0.2199","0.5591"
"279.3760","0.2199","0.5591"
"279.3960","0.2199","0.5591"
"279.4160","0.2199","0.5591"
"279.4360","0.2199","0.5590"
"279.4560","0.2199","0.5591"
"279.4760","0.2199","0.5590"
"279.4960","0.2199","0.5590"
"279.5160","0.2199","0.5590"
"279.5360","0.2199","0.5590"
"279.5560","0.2199","0.5590"
"279.5760","0.2199","0.5591"
"279.5960","0.2199","0.5591"
"279.6160","0.2199","0.5590"
"279.6360","0.2199","0.5590"
"279.6560","0.2199","0.5590"
"279.6760","0.2199","0.5590"
"279.6960","0.2199","0.5590"
"279.7160","0.2199","0.5590"
"279.7360","0.2199","0.5590"
"279.7560","0.2199","0.5590"
"279.7760","0.2199","0.5590"
"279.7960","0.2199","0.5590"
"279.8160","0.2199","0.5589"
"279.8360","0.2199","0.5590"
"279.8560","0.2199","0.5591"
"279.8760","0.2199","0.5590"
"279.8960","0.2199","0.5590"
"279.9160","0.2199","0.5589"
"279.9360","0.2199","0.5589"
"279.9560","0.2199","0.5589"
"279.9760","0.2199","0.5590"
"279.9960","0.2199","0.5590"
"280.0160","0.2199","0.5589"
"280.0360","0.2199","0.5589"
"280.0560","0.2199","0.5589"
"280.0760","0.2199","0.5590"
"280.0960","0.2199","0.5589"
"280.1160","0.2199","0.5589"
"280.1360","0.2199","0.5589"
"280.1560","0.2199","0.5589"
"280.1760","0.2199","0.5588"
"280.1960","0.2199","0.5588"
"280.2160","0.2199","0.5589"
"280.2360","0.2199","0.5589"
"280.2560","0.2199","0.5589"
"280.2760","0.2199","0.5588"
"280.2960","0.2199","0.5588"
"280.3160","0.2199","0.5588"
"280.3360","0.2199","0.5590"
"280.3560","0.2199","0.5590"
"280.3760","0.2199","0.5588"
"280.3960","0.2199","0.5588"
"280.4160","0.2199","0.5589"
"280.4360","0.2199","0.5589"
"280.4560","0.2199","0.5589"
"280.4760","0.2199","0.5588"
"280.4960","0.2199","0.5588"
"280.5160","0.2199","0.5588"
"280.5360","0.2199","0.5589"
"280.5560","0.2199","0.5589"
"280.5760","0.2199","0.5589"
"280.5960","0.2199","0.5588"
"280.6160","0.2199","0.5588"
"280.6360","0.2199","0.5588"
"280.6560","0.2199","0.5589"
"280.6760","0.2199","0.5589"
"280.6960","0.2199","0.5589"
"280.7160","0.2199","0.5589"
"280.7360","0.2199","0.5588"
"280.7560","0.2199","0.5588"
"280.7760","0.2199","0.5588"
"280.7960","0.2199","0.5588"
"280.8160","0.2199","0.5588"
"280.8360","0.2199","0.5587"
"280.8560","0.2199","0.5587"
"280.8760","0.2199","0.5587"
"280.8960","0.2199","0.5588"
"280.9160","0.2199","0.5589"
"280.9360","0.2199","0.5589"
"280.9560","0.2199","0.5589"
"280.9760","0.2199","0.5589"
"280.9960","0.2199","0.5587"
"281.0160","0.2199","0.5588"
"281.0360","0.2199","0.5588"
"281.0560","0.2199","0.5588"
"281.0760","0.2199","0.5589"
"281.0960","0.2199","0.5588"
"281.1160","0.2199","0.5587"
"281.1360","0.2199","0.5588"
"281.1560","0.2199","0.5587"
"281.1760","0.2199","0.5588"
"281.1960","0.2199","0.5588"
"281.2160","0.2199","0.5587"
"281.2360","0.2199","0.5587"
"281.2560","0.2199","0.5588"
"281.2760","0.2199","0.5588"
"281.2960","0.2199","0.5588"
"281.3160","0.2199","0.5587"
"281.3360","0.2199","0.5587"
"281.3560","0.2199","0.5587"
"281.3760","0.2199","0.5588"
"281.3960","0.2199","0.5587"
"281.4160","0.2199","0.5588"
"281.4360","0.2199","0.5587"
"281.4560","0.2199","0.5587"
"281.4760","0.2199","0.5588"
"281.4960","0.2199","0.5588"
"281.5160","0.2199","0.5588"
"281.5360","0.2199","0.5587"
"281.5560","0.2199","0.5588"
"281.5760","0.2199","0.5588"
"281.5960","0.2199","0.5587"
"281.6160","0.2199","0.5586"
"281.6360","0.2199","0.5587"
"281.6560","0.2199","0.5587"
"281.6760","0.2199","0.5587"
"281.6960","0.2199","0.5587"
"281.7160","0.2199","0.5588"
"281.7360","0.2199","0.5588"
"281.7560","0.2199","0.5587"
"281.7760","0.2199","0.5586"
"281.7960","0.2199","0.5586"
"281.8160","0.2199","0.5587"
"281.8360","0.2199","0.5587"
"281.8560","0.2199","0.5586"
"281.8760","0.2199","0.5586"
"281.8960","0.2199","0.5586"
"281.9160","0.2199","0.5587"
"281.9360","0.2199","0.5587"
"281.9560","0.2199","0.5587"
"281.9760","0.2199","0.5586"
"281.9960","0.2199","0.5586"
"282.0160","0.2199","0.5586"
"282.0360","0.2199","0.5585"
"282.0560","0.2199","0.5586"
"282.0760","0.2199","0.5587"
"282.0960","0.2199","0.5586"
"282.1160","0.2199","0.5586"
"282.1360","0.2199","0.5587"
"282.1560","0.2199","0.5586"
"282.1760","0.2199","0.5585"
"282.1960","0.2199","0.5585"
"282.2160","0.2199","0.5585"
"282.2360","0.2199","0.5586"
"282.2560","0.2199","0.5586"
"282.2760","0.2199","0.5585"
"282.2960","0.2199","0.5586"
"282.3160","0.2199","0.5586"
"282.3360","0.2199","0.5587"
"282.3560","0.2199","0.5587"
"282.3760","0.2199","0.5586"
"282.3960","0.2199","0.5585"
"282.4160","0.2199","0.5585"
"282.4360","0.2199","0.5586"
"282.4560","0.2199","0.5586"
"282.4760","0.2199","0.5586"
"282.4960","0.2199","0.5586"
"282.5160","0.2199","0.5586"
"282.5360","0.2199","0.5586"
"282.5560","0.2199","0.5586"
"282.5760","0.2199","0.5586"
"282.5960","0.2199","0.5586"
"282.6160","0.2199","0.5586"
"282.6360","0.2199","0.5586"
"282.6560","0.2199","0.5586"
"282.6760","0.2199","0.5586"
"282.6960","0.2199","0.5586"
"282.7160","0.2199","0.5586"
"282.7360","0.2199","0.5586"
"282.7560","0.2199","0.5586"
"282.7760","0.2199","0.5584"
"282.7960","0.2199","0.5585"
"282.8160","0.2199","0.5585"
"282.8360","0.2199","0.5585"
"282.8560","0.2199","0.5586"
"282.8760","0.2199","0.5586"
"282.8960","0.2199","0.5585"
"282.9160","0.2199","0.5586"
"282.9360","0.2199","0.5586"
"282.9560","0.2199","0.5586"
"282.9760","0.2199","0.5586"
"282.9960","0.2199","0.5585"
"283.0160","0.2199","0.5585"
"283.0360","0.2199","0.5585"
"283.0560","0.2199","0.5585"
"283.0760","0.2199","0.5584"
"283.0960","0.2199","0.5585"
"283.1160","0.2199","0.5585"
"283.1360","0.2199","0.5585"
"283.1560","0.2199","0.5585"
"283.1760","0.2199","0.5584"
"283.1960","0.2199","0.5585"
"283.2160","0.2199","0.5586"
"283.2360","0.2199","0.5586"
"283.2560","0.2199","0.5585"
"283.2760","0.2199","0.5585"
"283.2960","0.2199","0.5585"
"283.3160","0.2199","0.5585"
"283.3360","0.2199","0.5584"
"283.3560","0.2199","0.5584"
"283.3760","0.2199","0.5584"
"283.3960","0.2199","0.5585"
"283.4160","0.2199","0.5585"
"283.4360","0.2199","0.5585"
"283.4560","0.2199","0.5584"
"283.4760","0.2199","0.5583"
"283.4960","0.2199","0.5584"
"283.5160","0.2199","0.5584"
"283.5360","0.2199","0.5584"
"283.5560","0.2199","0.5584"
"283.5760","0.2199","0.5584"
"283.5960","0.2199","0.5584"
"283.6160","0.2199","0.5584"
"283.6360","0.2199","0.5584"
"283.6560","0.2199","0.5584"
"283.6760","0.2199","0.5584"
"283.6960","0.2199","0.5584"
"283.7160","0.2199","0.5584"
"283.7360","0.2199","0.5584"
"283.7560","0.2199","0.5584"
"283.7760","0.2199","0.5584"
"283.7960","0.2199","0.5584"
"283.8160","0.2199","0.5584"
"283.8360","0.2199","0.5584"
"283.8560","0.2199","0.5584"
"283.8760","0.2199","0.5584"
"283.8960","0.2199","0.5584"
"283.9160","0.2199","0.5585"
"283.9360","0.2199","0.5584"
"283.9560","0.2199","0.5583"
"283.9760","0.2199","0.5583"
"283.9960","0.2199","0.5584"
"284.0160","0.2199","0.5583"
"284.0360","0.2199","0.5583"
"284.0560","0.2199","0.5584"
"284.0760","0.2199","0.5584"
"284.0960","0.2199","0.5583"
"284.1160","0.2199","0.5583"
"284.1360","0.2199","0.5583"
"284.1560","0.2199","0.5584"
"284.1760","0.2199","0.5584"
"284.1960","0.2199","0.5583"
"284.2160","0.2199","0.5582"
"284.2360","0.2199","0.5583"
"284.2560","0.2199","0.5584"
"284.2760","0.2199","0.5584"
"284.2960","0.2199","0.5584"
"284.3160","0.2199","0.5583"
"284.3360","0.2199","0.5584"
"284.3560","0.2199","0.5583"
"284.3760","0.2199","0.5583"
"284.3960","0.2199","0.5583"
"284.4160","0.2199","0.5583"
"284.4360","0.2199","0.5584"
"284.4560","0.2199","0.5584"
"284.4760","0.2199","0.5584"
"284.4960","0.2199","0.5583"
"284.5160","0.2199","0.5582"
"284.5360","0.2199","0.5582"
"284.5560","0.2199","0.5583"
"284.5760","0.2199","0.5583"
"284.5960","0.2199","0.5582"
"284.6160","0.2199","0.5583"
"284.6360","0.2199","0.5583"
"284.6560","0.2199","0.5583"
"284.6760","0.2199","0.5583"
"284.6960","0.2199","0.5583"
"284.7160","0.2199","0.5583"
"284.7360","0.2199","0.5582"
"284.7560","0.2199","0.5582"
"284.7760","0.2199","0.5581"
"284.7960","0.2199","0.5582"
"284.8160","0.2199","0.5583"
"284.8360","0.2199","0.5583"
"284.8560","0.2199","0.5583"
"284.8760","0.2199","0.5583"
"284.8960","0.2199","0.5583"
"284.9160","0.2199","0.5583"
"284.9360","0.2199","0.5583"
"284.9560","0.2199","0.5582"
"284.9760","0.2199","0.5583"
"284.9960","0.2199","0.5582"
"285.0160","0.2199","0.5581"
"285.0360","0.2199","0.5582"
"285.0560","0.2199","0.5581"
"285.0760","0.2199","0.5581"
"285.0960","0.2199","0.5581"
"285.1160","0.2199","0.5581"
"285.1360","0.2199","0.5582"
"285.1560","0.2199","0.5581"
"285.1760","0.2199","0.5581"
"285.1960","0.2199","0.5581"
"285.2160","0.2199","0.5581"
"285.2360","0.2199","0.5581"
"285.2560","0.2199","0.5581"
"285.2760","0.2199","0.5581"
"285.2960","0.2199","0.5582"
"285.3160","0.2199","0.5582"
"285.3360","0.2199","0.5582"
"285.3560","0.2199","0.5582"
"285.3760","0.2199","0.5582"
"285.3960","0.2199","0.5581"
"285.4160","0.2199","0.5581"
"285.4360","0.2199","0.5581"
"285.4560","0.2199","0.5581"
"285.4760","0.2199","0.5582"
"285.4960","0.2199","0.5583"
"285.5160","0.2199","0.5582"
"285.5360","0.2199","0.5581"
"285.5560","0.2199","0.5581"
"285.5760","0.2199","0.5581"
"285.5960","0.2199","0.5581"
"285.6160","0.2199","0.5581"
"285.6360","0.2199","0.5580"
"285.6560","0.2199","0.5581"
"285.6760","0.2199","0.5581"
"285.6960","0.2199","0.5581"
"285.7160","0.2199","0.5580"
"285.7360","0.2199","0.5581"
"285.7560","0.2199","0.5581"
"285.7760","0.2199","0.5581"
"285.7960","0.2199","0.5581"
"285.8160","0.2199","0.5581"
"285.8360","0.2199","0.5581"
"285.8560","0.2199","0.5581"
"285.8760","0.2199","0.5582"
"285.8960","0.2199","0.5581"
"285.9160","0.2199","0.5581"
"285.9360","0.2199","0.5580"
"285.9560","0.2199","0.5581"
"285.9760","0.2199","0.5581"
"285.9960","0.2199","0.5581"
"286.0160","0.2199","0.5581"
"286.0360","0.2199","0.5580"
"286.0560","0.2199","0.5579"
"286.0760","0.2199","0.5579"
"286.0960","0.2199","0.5579"
"286.1160","0.2199","0.5581"
"286.1360","0.2199","0.5581"
"286.1560","0.2199","0.5581"
"286.1760","0.2199","0.5581"
"286.1960","0.2199","0.5581"
"286.2160","0.2199","0.5581"
"286.2360","0.2199","0.5580"
"286.2560","0.2199","0.5580"
"286.2760","0.2199","0.5580"
"286.2960","0.2199","0.5581"
"286.3160","0.2199","0.5581"
"286.3360","0.2199","0.5580"
"286.3560","0.2199","0.5581"
"286.3760","0.2199","0.5580"
"286.3960","0.2199","0.5580"
"286.4160","0.2199","0.5580"
"286.4360","0.2199","0.5580"
"286.4560","0.2199","0.5580"
"286.4760","0.2199","0.5580"
"286.4960","0.2199","0.5580"
"286.5160","0.2199","0.5580"
"286.5360","0.2199","0.5580"
"286.5560","0.2199","0.5580"
"286.5760","0.2199","0.5579"
"286.5960","0.2199","0.5579"
"286.6160","0.2199","0.5580"
"286.6360","0.2199","0.5580"
"286.6560","0.2199","0.5579"
"286.6760","0.2199","0.5579"
"286.6960","0.2199","0.5579"
"286.7160","0.2199","0.5580"
"286.7360","0.2199","0.5580"
"286.7560","0.2199","0.5580"
"286.7760","0.2199","0.5579"
"286.7960","0.2199","0.5579"
"286.8160","0.2199","0.5580"
"286.8360","0.2199","0.5579"
"286.8560","0.2199","0.5580"
"286.8760","0.2199","0.5580"
"286.8960","0.2199","0.5579"
"286.9160","0.2199","0.5579"
"286.9360","0.2199","0.5580"
"286.9560","0.2199","0.5580"
"286.9760","0.2199","0.5580"
"286.9960","0.2199","0.5579"
"287.0160","0.2199","0.5579"
"287.0360","0.2199","0.5579"
"287.0560","0.2199","0.5579"
"287.0760","0.2199","0.5580"
"287.0960","0.2199","0.5580"
"287.1160","0.2199","0.5580"
"287.1360","0.2199","0.5579"
"287.1560","0.2199","0.5578"
"287.1760","0.2199","0.5578"
"287.1960","0.2199","0.5577"
"287.2160","0.2199","0.5578"
"287.2360","0.2199","0.5578"
"287.2560","0.2199","0.5579"
"287.2760","0.2199","0.5579"
"287.2960","0.2199","0.5579"
"287.3160","0.2199","0.5579"
"287.3360","0.2199","0.5579"
"287.3560","0.2199","0.5579"
"287.3760","0.2199","0.5579"
"287.3960","0.2199","0.5578"
"287.4160","0.2199","0.5578"
"287.4360","0.2199","0.5578"
"287.4560","0.2199","0.5577"
"287.4760","0.2199","0.5577"
"287.4960","0.2199","0.5578"
"287.5160","0.2199","0.5579"
"287.5360","0.2199","0.5579"
"287.5560","0.2199","0.5579"
"287.5760","0.2199","0.5578"
"287.5960","0.2199","0.5578"
"287.6160","0.2199","0.5578"
"287.6360","0.2199","0.5577"
"287.6560","0.2199","0.5578"
"287.6760","0.2199","0.5579"
"287.6960","0.2199","0.5579"
"287.7160","0.2199","0.5579"
"287.7360","0.2199","0.5578"
"287.7560","0.2199","0.5578"
"287.7760","0.2199","0.5577"
"287.7960","0.2199","0.5577"
"287.8160","0.2199","0.5577"
"287.8360","0.2199","0.5578"
"287.8560","0.2199","0.5578"
"287.8760","0.2199","0.5578"
"287.8960","0.2199","0.5578"
"287.9160","0.2199","0.5578"
"287.9360","0.2199","0.5579"
"287.9560","0.2199","0.5578"
"287.9760","0.2199","0.5579"
"287.9960","0.2199","0.5578"
"288.0160","0.2199","0.5578"
"288.0360","0.2199","0.5578"
"288.0560","0.2199","0.5577"
"288.0760","0.2199","0.5577"
"288.0960","0.2199","0.5578"
"288.1160","0.2199","0.5577"
"288.1360","0.2199","0.5577"
"288.1560","0.2199","0.5577"
"288.1760","0.2199","0.5578"
"288.1960","0.2199","0.5579"
"288.2160","0.2199","0.5578"
"288.2360","0.2199","0.5578"
"288.2560","0.2199","0.5577"
"288.2760","0.2199","0.5577"
"288.2960","0.2199","0.5578"
"288.3160","0.2199","0.5577"
"288.3360","0.2199","0.5578"
"288.3560","0.2199","0.5578"
"288.3760","0.2199","0.5577"
"288.3960","0.2199","0.5578"
"288.4160","0.2199","0.5577"
"288.4360","0.2199","0.5577"
"288.4560","0.2199","0.5577"
"288.4760","0.2199","0.5577"
"288.4960","0.2199","0.5577"
"288.5160","0.2199","0.5577"
"288.5360","0.2199","0.5577"
"288.5560","0.2199","0.5577"
"288.5760","0.2199","0.5577"
"288.5960","0.2199","0.5577"
"288.6160","0.2199","0.5577"
"288.6360","0.2199","0.5576"
"288.6560","0.2199","0.5576"
"288.6760","0.2199","0.5576"
"288.6960","0.2199","0.5577"
"288.7160","0.2199","0.5577"
"288.7360","0.2199","0.5577"
"288.7560","0.2199","0.5577"
"288.7760","0.2199","0.5577"
"288.7960","0.2199","0.5577"
"288.8160","0.2199","0.5577"
"288.8360","0.2199","0.5577"
"288.8560","0.2199","0.5576"
"288.8760","0.2199","0.5575"
"288.8960","0.2199","0.5576"
"288.9160","0.2199","0.5576"
"288.9360","0.2199","0.5576"
"288.9560","0.2199","0.5576"
"288.9760","0.2199","0.5576"
"288.9960","0.2199","0.5576"
"289.0160","0.2199","0.5577"
"289.0360","0.2199","0.5577"
"289.0560","0.2199","0.5577"
"289.0760","0.2199","0.5577"
"289.0960","0.2199","0.5577"
"289.1160","0.2199","0.5576"
"289.1360","0.2199","0.5576"
"289.1560","0.2199","0.5577"
"289.1760","0.2199","0.5576"
"289.1960","0.2199","0.5577"
"289.2160","0.2199","0.5576"
"289.2360","0.2199","0.5577"
"289.2560","0.2199","0.5577"
"289.2760","0.2199","0.5576"
"289.2960","0.2199","0.5576"
"289.3160","0.2199","0.5576"
"289.3360","0.2199","0.5576"
"289.3560","0.2199","0.5576"
"289.3760","0.2199","0.5575"
"289.3960","0.2199","0.5575"
"289.4160","0.2199","0.5576"
"289.4360","0.2199","0.5576"
"289.4560","0.2199","0.5576"
"289.4760","0.2199","0.5575"
"289.4960","0.2199","0.5574"
"289.5160","0.2199","0.5575"
"289.5360","0.2199","0.5576"
"289.5560","0.2199","0.5576"
"289.5760","0.2199","0.5575"
"289.5960","0.2199","0.5575"
"289.6160","0.2199","0.5575"
"289.6360","0.2199","0.5575"
"289.6560","0.2199","0.5574"
"289.6760","0.2199","0.5574"
"289.6960","0.2199","0.5575"
"289.7160","0.2199","0.5575"
"289.7360","0.2199","0.5576"
"289.7560","0.2199","0.5576"
"289.7760","0.2199","0.5576"
"289.7960","0.2199","0.5576"
"289.8160","0.2199","0.5576"
"289.8360","0.2199","0.5576"
"289.8560","0.2199","0.5575"
"289.8760","0.2199","0.5575"
"289.8960","0.2199","0.5576"
"289.9160","0.2199","0.5575"
"289.9360","0.2199","0.5575"
"289.9560","0.2199","0.5575"
"289.9760","0.2199","0.5575"
"289.9960","0.2199","0.5574"
"290.0160","0.2199","0.5575"
"290.0360","0.2199","0.5575"
"290.0560","0.2199","0.5575"
"290.0760","0.2199","0.5575"
"290.0960","0.2199","0.5574"
"290.1160","0.2199","0.5575"
"290.1360","0.2199","0.5574"
"290.1560","0.2199","0.5575"
"290.1760","0.2199","0.5575"
"290.1960","0.2199","0.5575"
"290.2160","0.2199","0.5574"
"290.2360","0.2199","0.5575"
"290.2560","0.2199","0.5575"
"290.2760","0.2199","0.5575"
"290.2960","0.2199","0.5575"
"290.3160","0.2199","0.5575"
"290.3360","0.2199","0.5575"
"290.3560","0.2199","0.5575"
"290.3760","0.2199","0.5574"
"290.3960","0.2199","0.5574"
"290.4160","0.2199","0.5574"
"290.4360","0.2199","0.5574"
"290.4560","0.2199","0.5574"
"290.4760","0.2199","0.5574"
"290.4960","0.2199","0.5574"
"290.5160","0.2199","0.5574"
"290.5360","0.2199","0.5575"
"290.5560","0.2199","0.5575"
"290.5760","0.2199","0.5574"
"290.5960","0.2199","0.5574"
"290.6160","0.2199","0.5575"
"290.6360","0.2199","0.5574"
"290.6560","0.2199","0.5574"
"290.6760","0.2199","0.5575"
"290.6960","0.2199","0.5575"
"290.7160","0.2199","0.5575"
"290.7360","0.2199","0.5574"
"290.7560","0.2199","0.5575"
"290.7760","0.2199","0.5574"
"290.7960","0.2199","0.5574"
"290.8160","0.2199","0.5574"
"290.8360","0.2199","0.5573"
"290.8560","0.2199","0.5573"
"290.8760","0.2199","0.5573"
"290.8960","0.2199","0.5574"
"290.9160","0.2199","0.5574"
"290.9360","0.2199","0.5575"
"290.9560","0.2199","0.5574"
"290.9760","0.2199","0.5574"
"290.9960","0.2199","0.5574"
"291.0160","0.2199","0.5574"
"291.0360","0.2199","0.5573"
"291.0560","0.2199","0.5573"
"291.0760","0.2199","0.5573"
"291.0960","0.2199","0.5573"
"291.1160","0.2199","0.5573"
"291.1360","0.2199","0.5573"
"291.1560","0.2199","0.5573"
"291.1760","0.2199","0.5573"
"291.1960","0.2199","0.5574"
"291.2160","0.2199","0.5574"
"291.2360","0.2199","0.5573"
"291.2560","0.2199","0.5574"
"291.2760","0.2199","0.5574"
"291.2960","0.2199","0.5574"
"291.3160","0.2199","0.5574"
"291.3360","0.2199","0.5574"
"291.3560","0.2199","0.5573"
"291.3760","0.2199","0.5572"
"291.3960","0.2199","0.5572"
"291.4160","0.2199","0.5573"
"291.4360","0.2199","0.5572"
"291.4560","0.2199","0.5573"
"291.4760","0.2199","0.5574"
"291.4960","0.2199","0.5573"
"291.5160","0.2199","0.5573"
"291.5360","0.2199","0.5573"
"291.5560","0.2199","0.5573"
"291.5760","0.2199","0.5572"
"291.5960","0.2199","0.5572"
"291.6160","0.2199","0.5572"
"291.6360","0.2199","0.5572"
"291.6560","0.2199","0.5573"
"291.6760","0.2199","0.5573"
"291.6960","0.2199","0.5572"
"291.7160","0.2199","0.5572"
"291.7360","0.2199","0.5573"
"291.7560","0.2199","0.5574"
"291.7760","0.2199","0.5573"
"291.7960","0.2199","0.5573"
"291.8160","0.2199","0.5572"
"291.8360","0.2199","0.5573"
"291.8560","0.2199","0.5573"
"291.8760","0.2199","0.5572"
"291.8960","0.2199","0.5572"
"291.9160","0.2199","0.5572"
"291.9360","0.2199","0.5573"
"291.9560","0.2199","0.5572"
"291.9760","0.2199","0.5572"
"291.9960","0.2199","0.5572"
"292.0160","0.2199","0.5573"
"292.0360","0.2199","0.5573"
"292.0560","0.2199","0.5572"
"292.0760","0.2199","0.5572"
"292.0960","0.2199","0.5572"
"292.1160","0.2199","0.5572"
"292.1360","0.2199","0.5572"
"292.1560","0.2199","0.5573"
"292.1760","0.2199","0.5572"
"292.1960","0.2199","0.5573"
"292.2160","0.2199","0.5573"
"292.2360","0.2199","0.5573"
"292.2560","0.2199","0.5572"
"292.2760","0.2199","0.5572"
"292.2960","0.2199","0.5571"
"292.3160","0.2199","0.5572"
"292.3360","0.2199","0.5572"
"292.3560","0.2199","0.5572"
"292.3760","0.2199","0.5572"
"292.3960","0.2199","0.5572"
"292.4160","0.2199","0.5573"
"292.4360","0.2199","0.5573"
"292.4560","0.2199","0.5573"
"292.4760","0.2199","0.5573"
"292.4960","0.2199","0.5572"
"292.5160","0.2199","0.5572"
"292.5360","0.2199","0.5571"
"292.5560","0.2199","0.5572"
"292.5760","0.2199","0.5572"
"292.5960","0.2199","0.5573"
"292.6160","0.2199","0.5573"
"292.6360","0.2199","0.5573"
"292.6560","0.2199","0.5572"
"292.6760","0.2199","0.5572"
"292.6960","0.2199","0.5572"
"292.7160","0.2199","0.5572"
"292.7360","0.2199","0.5572"
"292.7560","0.2199","0.5572"
"292.7760","0.2199","0.5572"
"292.7960","0.2199","0.5571"
"292.8160","0.2199","0.5570"
"292.8360","0.2199","0.5571"
"292.8560","0.2199","0.5572"
"292.8760","0.2199","0.5572"
"292.8960","0.2199","0.5571"
"292.9160","0.2199","0.5571"
"292.9360","0.2199","0.5570"
"292.9560","0.2199","0.5570"
"292.9760","0.2199","0.5570"
"292.9960","0.2199","0.5570"
"293.0160","0.2199","0.5571"
"293.0360","0.2199","0.5571"
"293.0560","0.2199","0.5571"
"293.0760","0.2199","0.5571"
"293.0960","0.2199","0.5572"
"293.1160","0.2199","0.5571"
"293.1360","0.2199","0.5570"
"293.1560","0.2199","0.5569"
"293.1760","0.2199","0.5569"
"293.1960","0.2199","0.5569"
"293.2160","0.2199","0.5569"
"293.2360","0.2199","0.5570"
"293.2560","0.2199","0.5570"
"293.2760","0.2199","0.5571"
"293.2960","0.2199","0.5571"
"293.3160","0.2199","0.5570"
"293.3360","0.2199","0.5569"
"293.3560","0.2199","0.5569"
"293.3760","0.2199","0.5570"
"293.3960","0.2199","0.5569"
"293.4160","0.2199","0.5569"
"293.4360","0.2199","0.5569"
"293.4560","0.2199","0.5569"
"293.4760","0.2199","0.5570"
"293.4960","0.2199","0.5570"
"293.5160","0.2199","0.5569"
"293.5360","0.2199","0.5568"
"293.5560","0.2199","0.5569"
"293.5760","0.2199","0.5569"
"293.5960","0.2199","0.5569"
"293.6160","0.2199","0.5569"
"293.6360","0.2199","0.5570"
"293.6560","0.2199","0.5571"
"293.6760","0.2199","0.5571"
"293.6960","0.2199","0.5571"
"293.7160","0.2199","0.5571"
"293.7360","0.2199","0.5570"
"293.7560","0.2199","0.5569"
"293.7760","0.2199","0.5569"
"293.7960","0.2199","0.5569"
"293.8160","0.2199","0.5569"
"293.8360","0.2199","0.5570"
"293.8560","0.2199","0.5570"
"293.8760","0.2199","0.5570"
"293.8960","0.2199","0.5570"
"293.9160","0.2199","0.5570"
"293.9360","0.2199","0.5569"
"293.9560","0.2199","0.5569"
"293.9760","0.2199","0.5569"
"293.9960","0.2199","0.5569"
"294.0160","0.2199","0.5569"
"294.0360","0.2199","0.5569"
"294.0560","0.2199","0.5569"
"294.0760","0.2199","0.5569"
"294.0960","0.2199","0.5569"
"294.1160","0.2199","0.5569"
"294.1360","0.2199","0.5569"
"294.1560","0.2199","0.5569"
"294.1760","0.2199","0.5568"
"294.1960","0.2199","0.5568"
"294.2160","0.2199","0.5568"
"294.2360","0.2199","0.5568"
"294.2560","0.2199","0.5568"
"294.2760","0.2199","0.5569"
"294.2960","0.2199","0.5570"
"294.3160","0.2199","0.5570"
"294.3360","0.2199","0.5569"
"294.3560","0.2199","0.5568"
"294.3760","0.2199","0.5568"
"294.3960","0.2199","0.5568"
"294.4160","0.2199","0.5568"
"294.4360","0.2199","0.5568"
"294.4560","0.2199","0.5568"
"294.4760","0.2199","0.5569"
"294.4960","0.2199","0.5569"
"294.5160","0.2199","0.5570"
"294.5360","0.2199","0.5570"
"294.5560","0.2199","0.5569"
"294.5760","0.2199","0.5568"
"294.5960","0.2199","0.5568"
"294.6160","0.2199","0.5568"
"294.6360","0.2199","0.5568"
"294.6560","0.2199","0.5568"
"294.6760","0.2199","0.5568"
"294.6960","0.2199","0.5568"
"294.7160","0.2199","0.5568"
"294.7360","0.2199","0.5569"
"294.7560","0.2199","0.5569"
"294.7760","0.2199","0.5569"
"294.7960","0.2199","0.5568"
"294.8160","0.2199","0.5567"
"294.8360","0.2199","0.5568"
"294.8560","0.2199","0.5567"
"294.8760","0.2199","0.5568"
"294.8960","0.2199","0.5568"
"294.9160","0.2199","0.5568"
"294.9360","0.2199","0.5567"
"294.9560","0.2199","0.5567"
"294.9760","0.2199","0.5566"
"294.9960","0.2199","0.5567"
"295.0160","0.2199","0.5568"
"295.0360","0.2199","0.5568"
"295.0560","0.2199","0.5567"
"295.0760","0.2199","0.5567"
"295.0960","0.2199","0.5567"
"295.1160","0.2199","0.5568"
"295.1360","0.2199","0.5569"
"295.1560","0.2199","0.5568"
"295.1760","0.2199","0.5568"
"295.1960","0.2199","0.5567"
"295.2160","0.2199","0.5567"
"295.2360","0.2199","0.5568"
"295.2560","0.2199","0.5568"
"295.2760","0.2199","0.5567"
"295.2960","0.2199","0.5567"
"295.3160","0.2199","0.5567"
"295.3360","0.2199","0.5567"
"295.3560","0.2199","0.5567"
"295.3760","0.2199","0.5567"
"295.3960","0.2199","0.5567"
"295.4160","0.2199","0.5567"
"295.4360","0.2199","0.5567"
"295.4560","0.2199","0.5566"
"295.4760","0.2199","0.5567"
"295.4960","0.2199","0.5567"
"295.5160","0.2199","0.5567"
"295.5360","0.2199","0.5567"
"295.5560","0.2199","0.5567"
"295.5760","0.2199","0.5568"
"295.5960","0.2199","0.5568"
"295.6160","0.2199","0.5567"
"295.6360","0.2199","0.5567"
"295.6560","0.2199","0.5566"
"295.6760","0.2199","0.5566"
"295.6960","0.2199","0.5566"
"295.7160","0.2199","0.5567"
"295.7360","0.2199","0.5567"
"295.7560","0.2199","0.5567"
"295.7760","0.2199","0.5567"
"295.7960","0.2199","0.5567"
"295.8160","0.2199","0.5566"
"295.8360","0.2199","0.5566"
"295.8560","0.2199","0.5566"
"295.8760","0.2199","0.5566"
"295.8960","0.2199","0.5566"
"295.9160","0.2199","0.5566"
"295.9360","0.2199","0.5567"
"295.9560","0.2199","0.5567"
"295.9760","0.2199","0.5566"
"295.9960","0.2199","0.5567"
"296.0160","0.2199","0.5567"
"296.0360","0.2199","0.5567"
"296.0560","0.2199","0.5567"
"296.0760","0.2199","0.5567"
"296.0960","0.2199","0.5567"
"296.1160","0.2199","0.5566"
"296.1360","0.2199","0.5566"
"296.1560","0.2199","0.5567"
"296.1760","0.2199","0.5567"
"296.1960","0.2199","0.5567"
"296.2160","0.2199","0.5567"
"296.2360","0.2199","0.5565"
"296.2560","0.2199","0.5565"
"296.2760","0.2199","0.5565"
"296.2960","0.2199","0.5565"
"296.3160","0.2199","0.5565"
"296.3360","0.2199","0.5566"
"296.3560","0.2199","0.5566"
"296.3760","0.2199","0.5566"
"296.3960","0.2199","0.5565"
"296.4160","0.2199","0.5565"
"296.4360","0.2199","0.5565"
"296.4560","0.2199","0.5566"
"296.4760","0.2199","0.5566"
"296.4960","0.2199","0.5565"
"296.5160","0.2199","0.5565"
"296.5360","0.2199","0.5565"
"296.5560","0.2199","0.5566"
"296.5760","0.2199","0.5566"
"296.5960","0.2199","0.5566"
"296.6160","0.2199","0.5566"
"296.6360","0.2199","0.5566"
"296.6560","0.2199","0.5565"
"296.6760","0.2199","0.5565"
"296.6960","0.2199","0.5565"
"296.7160","0.2199","0.5565"
"296.7360","0.2199","0.5565"
"296.7560","0.2199","0.5565"
"296.7760","0.2199","0.5565"
"296.7960","0.2199","0.5565"
"296.8160","0.2199","0.5565"
"296.8360","0.2199","0.5565"
"296.8560","0.2199","0.5565"
"296.8760","0.2199","0.5565"
"296.8960","0.2199","0.5565"
"296.9160","0.2199","0.5565"
"296.9360","0.2199","0.5565"
"296.9560","0.2199","0.5565"
"296.9760","0.2199","0.5565"
"296.9960","0.2199","0.5566"
"297.0160","0.2199","0.5566"
"297.0360","0.2199","0.5566"
"297.0560","0.2199","0.5565"
"297.0760","0.2199","0.5565"
"297.0960","0.2199","0.5565"
"297.1160","0.2199","0.5565"
"297.1360","0.2199","0.5564"
"297.1560","0.2199","0.5564"
"297.1760","0.2199","0.5564"
"297.1960","0.2199","0.5564"
"297.2160","0.2199","0.5565"
"297.2360","0.2199","0.5566"
"297.2560","0.2199","0.5566"
"297.2760","0.2199","0.5565"
"297.2960","0.2199","0.5564"
"297.3160","0.2199","0.5564"
"297.3360","0.2199","0.5564"
"297.3560","0.2199","0.5565"
"297.3760","0.2199","0.5565"
"297.3960","0.2199","0.5565"
"297.4160","0.2199","0.5565"
"297.4360","0.2199","0.5564"
"297.4560","0.2199","0.5564"
"297.4760","0.2199","0.5564"
"297.4960","0.2199","0.5564"
"297.5160","0.2199","0.5564"
"297.5360","0.2199","0.5563"
"297.5560","0.2199","0.5563"
"297.5760","0.2199","0.5564"
"297.5960","0.2199","0.5564"
"297.6160","0.2199","0.5565"
"297.6360","0.2199","0.5565"
"297.6560","0.2199","0.5565"
"297.6760","0.2199","0.5564"
"297.6960","0.2199","0.5564"
"297.7160","0.2199","0.5563"
"297.7360","0.2199","0.5562"
"297.7560","0.2199","0.5564"
"297.7760","0.2199","0.5564"
"297.7960","0.2199","0.5564"
"297.8160","0.2199","0.5564"
"297.8360","0.2199","0.5564"
"297.8560","0.2199","0.5564"
"297.8760","0.2199","0.5563"
"297.8960","0.2199","0.5564"
"297.9160","0.2199","0.5564"
"297.9360","0.2199","0.5563"
"297.9560","0.2199","0.5563"
"297.9760","0.2199","0.5564"
"297.9960","0.2199","0.5564"
"298.0160","0.2199","0.5564"
"298.0360","0.2199","0.5563"
"298.0560","0.2199","0.5563"
"298.0760","0.2199","0.5563"
"298.0960","0.2199","0.5563"
"298.1160","0.2199","0.5563"
"298.1360","0.2199","0.5563"
"298.1560","0.2199","0.5563"
"298.1760","0.2199","0.5563"
"298.1960","0.2199","0.5563"
"298.2160","0.2199","0.5563"
"298.2360","0.2199","0.5563"
"298.2560","0.2199","0.5563"
"298.2760","0.2199","0.5563"
"298.2960","0.2199","0.5563"
"298.3160","0.2199","0.5563"
"298.3360","0.2199","0.5563"
"298.3560","0.2199","0.5562"
"298.3760","0.2199","0.5563"
"298.3960","0.2199","0.5563"
"298.4160","0.2199","0.5562"
"298.4360","0.2199","0.5562"
"298.4560","0.2199","0.5562"
"298.4760","0.2199","0.5563"
"298.4960","0.2199","0.5563"
"298.5160","0.2199","0.5563"
"298.5360","0.2199","0.5563"
"298.5560","0.2199","0.5563"
"298.5760","0.2199","0.5563"
"298.5960","0.2199","0.5563"
"298.6160","0.2199","0.5563"
"298.6360","0.2199","0.5562"
"298.6560","0.2199","0.5562"
"298.6760","0.2199","0.5563"
"298.6960","0.2199","0.5563"
"298.7160","0.2199","0.5562"
"298.7360","0.2199","0.5563"
"298.7560","0.2199","0.5563"
"298.7760","0.2199","0.5563"
"298.7960","0.2199","0.5562"
"298.8160","0.2199","0.5562"
"298.8360","0.2199","0.5563"
"298.8560","0.2199","0.5563"
"298.8760","0.2199","0.5563"
"298.8960","0.2199","0.5563"
"298.9160","0.2199","0.5563"
"298.9360","0.2199","0.5563"
"298.9560","0.2199","0.5562"
"298.9760","0.2199","0.5562"
"298.9960","0.2199","0.5561"
"299.0160","0.2199","0.5562"
"299.0360","0.2199","0.5563"
"299.0560","0.2199","0.5562"
"299.0760","0.2199","0.5562"
"299.0960","0.2199","0.5562"
"299.1160","0.2199","0.5562"
"299.1360","0.2199","0.5562"
"299.1560","0.2199","0.5562"
"299.1760","0.2199","0.5561"
"299.1960","0.2199","0.5561"
"299.2160","0.2199","0.5562"
"299.2360","0.2199","0.5562"
"299.2560","0.2199","0.5561"
"299.2760","0.2199","0.5562"
"299.2960","0.2199","0.5561"
"299.3160","0.2199","0.5562"
"299.3360","0.2199","0.5561"
"299.3560","0.2199","0.5561"
"299.3760","0.2199","0.5560"
"299.3960","0.2199","0.5560"
"299.4160","0.2199","0.5560"
"299.4360","0.2199","0.5561"
"299.4560","0.2199","0.5561"
"299.4760","0.2199","0.5562"
"299.4960","0.2199","0.5562"
"299.5160","0.2199","0.5562"
"299.5360","0.2199","0.5562"
"299.5560","0.2199","0.5562"
"299.5760","0.2199","0.5561"
"299.5960","0.2199","0.5561"
"299.6160","0.2199","0.5561"
"299.6360","0.2199","0.5561"
"299.6560","0.2199","0.5561"
"299.6760","0.2199","0.5562"
"299.6960","0.2199","0.5562"
"299.7160","0.2199","0.5562"
"299.7360","0.2199","0.5562"
"299.7560","0.2199","0.5562"
"299.7760","0.2199","0.5561"
"299.7960","0.2199","0.5561"
"299.8160","0.2199","0.5561"
"299.8360","0.2199","0.5560"
"299.8560","0.2199","0.5561"
"299.8760","0.2199","0.5561"
"299.8960","0.2199","0.5561"
"299.9160","0.2199","0.5562"
"299.9360","0.2199","0.5561"
"299.9560","0.2199","0.5560"
"299.9760","0.2199","0.5560"
"299.9960","0.2199","0.5561"
"300.0160","0.2199","0.5561"
"300.0360","0.2199","0.5561"
"300.0560","0.2199","0.5561"
"300.0760","0.2199","0.5562"
"300.0960","0.2199","0.5561"
"300.1160","0.2199","0.5560"
"300.1360","0.2199","0.5561"
"300.1560","0.2199","0.5561"
"300.1760","0.2199","0.5561"
"300.1960","0.2199","0.5562"
"300.2160","0.2199","0.5561"
"300.2360","0.2199","0.5561"
"300.2560","0.2199","0.5561"
"300.2760","0.2199","0.5562"
"300.2960","0.2199","0.5561"
"300.3160","0.2199","0.5561"
"300.3360","0.2199","0.5562"
"300.3560","0.2199","0.5561"
"300.3760","0.2199","0.5560"
"300.3960","0.2199","0.5560"
"300.4160","0.2199","0.5560"
"300.4360","0.2199","0.5560"
"300.4560","0.2199","0.5560"
"300.4760","0.2199","0.5560"
"300.4960","0.2199","0.5560"
"300.5160","0.2199","0.5561"
"300.5360","0.2199","0.5561"
"300.5560","0.2199","0.5560"
"300.5760","0.2199","0.5560"
"300.5960","0.2199","0.5560"
"300.6160","0.2199","0.5560"
"300.6360","0.2199","0.5559"
"300.6560","0.2199","0.5560"
"300.6760","0.2199","0.5560"
"300.6960","0.2199","0.5560"
"300.7160","0.2199","0.5560"
"300.7360","0.2199","0.5559"
"300.7560","0.2199","0.5559"
"300.7760","0.2199","0.5560"
"300.7960","0.2199","0.5560"
"300.8160","0.2199","0.5559"
"300.8360","0.2199","0.5560"
"300.8560","0.2199","0.5560"
"300.8760","0.2199","0.5559"
"300.8960","0.2199","0.5560"
"300.9160","0.2199","0.5560"
"300.9360","0.2199","0.5560"
"300.9560","0.2199","0.5561"
"300.9760","0.2199","0.5559"
"300.9960","0.2199","0.5558"
"301.0160","0.2199","0.5560"
"301.0360","0.2199","0.5560"
"301.0560","0.2199","0.5560"
"301.0760","0.2199","0.5559"
"301.0960","0.2199","0.5559"
"301.1160","0.2199","0.5559"
"301.1360","0.2199","0.5558"
"301.1560","0.2199","0.5559"
"301.1760","0.2199","0.5559"
"301.1960","0.2199","0.5559"
"301.2160","0.2199","0.5560"
"301.2360","0.2199","0.5559"
"301.2560","0.2199","0.5559"
"301.2760","0.2199","0.5559"
"301.2960","0.2199","0.5559"
"301.3160","0.2199","0.5559"
"301.3360","0.2199","0.5560"
"301.3560","0.2199","0.5560"
"301.3760","0.2199","0.5560"
"301.3960","0.2199","0.5559"
"301.4160","0.2199","0.5559"
"301.4360","0.2199","0.5558"
"301.4560","0.2199","0.5558"
"301.4760","0.2199","0.5559"
"301.4960","0.2199","0.5558"
"301.5160","0.2199","0.5558"
"301.5360","0.2199","0.5559"
"301.5560","0.2199","0.5559"
"301.5760","0.2199","0.5559"
"301.5960","0.2199","0.5559"
"301.6160","0.2199","0.5559"
"301.6360","0.2199","0.5559"
"301.6560","0.2199","0.5558"
"301.6760","0.2199","0.5558"
"301.6960","0.2199","0.5559"
"301.7160","0.2199","0.5558"
"301.7360","0.2199","0.5559"
"301.7560","0.2199","0.5559"
"301.7760","0.2199","0.5558"
"301.7960","0.2199","0.5559"
"301.8160","0.2199","0.5559"
"301.8360","0.2199","0.5558"
"301.8560","0.2199","0.5558"
"301.8760","0.2199","0.5559"
"301.8960","0.2199","0.5560"
"301.9160","0.2199","0.5559"
"301.9360","0.2199","0.5558"
"301.9560","0.2199","0.5558"
"301.9760","0.2199","0.5558"
"301.9960","0.2199","0.5558"
"302.0160","0.2199","0.5558"
"302.0360","0.2199","0.5557"
"302.0560","0.2199","0.5557"
"302.0760","0.2199","0.5557"
"302.0960","0.2199","0.5557"
"302.1160","0.2199","0.5557"
"302.1360","0.2199","0.5559"
"302.1560","0.2199","0.5558"
"302.1760","0.2199","0.5558"
"302.1960","0.2199","0.5558"
"302.2160","0.2199","0.5559"
"302.2360","0.2199","0.5559"
"302.2560","0.2199","0.5558"
"302.2760","0.2199","0.5557"
"302.2960","0.2199","0.5557"
"302.3160","0.2199","0.5557"
"302.3360","0.2199","0.5558"
"302.3560","0.2199","0.5557"
"302.3760","0.2199","0.5558"
"302.3960","0.2199","0.5558"
"302.4160","0.2199","0.5558"
"302.4360","0.2199","0.5558"
"302.4560","0.2199","0.5558"
"302.4760","0.2199","0.5557"
"302.4960","0.2199","0.5557"
"302.5160","0.2199","0.5557"
"302.5360","0.2199","0.5557"
"302.5560","0.2199","0.5557"
"302.5760","0.2199","0.5558"
"302.5960","0.2199","0.5558"
"302.6160","0.2199","0.5558"
"302.6360","0.2199","0.5557"
"302.6560","0.2199","0.5557"
"302.6760","0.2199","0.5557"
"302.6960","0.2199","0.5557"
"302.7160","0.2199","0.5557"
"302.7360","0.2199","0.5557"
"302.7560","0.2199","0.5557"
"302.7760","0.2199","0.5557"
"302.7960","0.2199","0.5557"
"302.8160","0.2199","0.5557"
"302.8360","0.2199","0.5556"
"302.8560","0.2199","0.5556"
"302.8760","0.2199","0.5556"
"302.8960","0.2199","0.5557"
"302.9160","0.2199","0.5557"
"302.9360","0.2199","0.5557"
"302.9560","0.2199","0.5556"
"302.9760","0.2199","0.5556"
"302.9960","0.2199","0.5556"
"303.0160","0.2199","0.5556"
"303.0360","0.2199","0.5557"
"303.0560","0.2199","0.5558"
"303.0760","0.2199","0.5558"
"303.0960","0.2199","0.5558"
"303.1160","0.2199","0.5557"
"303.1360","0.2199","0.5556"
"303.1560","0.2199","0.5557"
"303.1760","0.2199","0.5557"
"303.1960","0.2199","0.5556"
"303.2160","0.2199","0.5557"
"303.2360","0.2199","0.5556"
"303.2560","0.2199","0.5555"
"303.2760","0.2199","0.5556"
"303.2960","0.2199","0.5557"
"303.3160","0.2199","0.5557"
"303.3360","0.2199","0.5556"
"303.3560","0.2199","0.5556"
"303.3760","0.2199","0.5556"
"303.3960","0.2199","0.5556"
"303.4160","0.2199","0.5556"
"303.4360","0.2199","0.5555"
"303.4560","0.2199","0.5555"
"303.4760","0.2199","0.5556"
"303.4960","0.2199","0.5557"
"303.5160","0.2199","0.5557"
"303.5360","0.2199","0.5557"
"303.5560","0.2199","0.5556"
"303.5760","0.2199","0.5557"
"303.5960","0.2199","0.5556"
"303.6160","0.2199","0.5555"
"303.6360","0.2199","0.5555"
"303.6560","0.2199","0.5556"
"303.6760","0.2199","0.5556"
"303.6960","0.2199","0.5556"
"303.7160","0.2199","0.5556"
"303.7360","0.2199","0.5556"
"303.7560","0.2199","0.5555"
"303.7760","0.2199","0.5555"
"303.7960","0.2199","0.5556"
"303.8160","0.2199","0.5556"
"303.8360","0.2199","0.5557"
"303.8560","0.2199","0.5556"
"303.8760","0.2199","0.5556"
"303.8960","0.2199","0.5555"
"303.9160","0.2199","0.5556"
"303.9360","0.2199","0.5556"
"303.9560","0.2199","0.5556"
"303.9760","0.2199","0.5556"
"303.9960","0.2199","0.5556"
"304.0160","0.2199","0.5556"
"304.0360","0.2199","0.5556"
"304.0560","0.2199","0.5555"
"304.0760","0.2199","0.5555"
"304.0960","0.2199","0.5556"
"304.1160","0.2199","0.5555"
"304.1360","0.2199","0.5555"
"304.1560","0.2199","0.5555"
"304.1760","0.2199","0.5555"
"304.1960","0.2199","0.5555"
"304.2160","0.2199","0.5555"
"304.2360","0.2199","0.5555"
"304.2560","0.2199","0.5555"
"304.2760","0.2199","0.5555"
"304.2960","0.2199","0.5555"
"304.3160","0.2199","0.5555"
"304.3360","0.2199","0.5555"
"304.3560","0.2199","0.5555"
"304.3760","0.2199","0.5555"
"304.3960","0.2199","0.5555"
"304.4160","0.2199","0.5555"
"304.4360","0.2199","0.5554"
"304.4560","0.2199","0.5554"
"304.4760","0.2199","0.5555"
"304.4960","0.2199","0.5555"
"304.5160","0.2199","0.5555"
"304.5360","0.2199","0.5555"
"304.5560","0.2199","0.5555"
"304.5760","0.2199","0.5556"
"304.5960","0.2199","0.5554"
"304.6160","0.2199","0.5555"
"304.6360","0.2199","0.5554"
"304.6560","0.2199","0.5554"
"304.6760","0.2199","0.5555"
"304.6960","0.2199","0.5554"
"304.7160","0.2199","0.5554"
"304.7360","0.2199","0.5555"
"304.7560","0.2199","0.5554"
"304.7760","0.2199","0.5554"
"304.7960","0.2199","0.5554"
"304.8160","0.2199","0.5553"
"304.8360","0.2199","0.5554"
"304.8560","0.2199","0.5555"
"304.8760","0.2199","0.5555"
"304.8960","0.2199","0.5554"
"304.9160","0.2199","0.5554"
"304.9360","0.2199","0.5554"
"304.9560","0.2199","0.5555"
"304.9760","0.2199","0.5554"
"304.9960","0.2199","0.5555"
"305.0160","0.2199","0.5554"
"305.0360","0.2199","0.5554"
"305.0560","0.2199","0.5553"
"305.0760","0.2199","0.5553"
"305.0960","0.2199","0.5554"
"305.1160","0.2199","0.5554"
"305.1360","0.2199","0.5554"
"305.1560","0.2199","0.5554"
"305.1760","0.2199","0.5554"
"305.1960","0.2199","0.5555"
"305.2160","0.2199","0.5554"
"305.2360","0.2199","0.5554"
"305.2560","0.2199","0.5554"
"305.2760","0.2199","0.5554"
"305.2960","0.2199","0.5555"
"305.3160","0.2199","0.5554"
"305.3360","0.2199","0.5554"
"305.3560","0.2199","0.5554"
"305.3760","0.2199","0.5553"
"305.3960","0.2199","0.5553"
"305.4160","0.2199","0.5553"
"305.4360","0.2199","0.5553"
"305.4560","0.2199","0.5554"
"305.4760","0.2199","0.5553"
"305.4960","0.2199","0.5553"
"305.5160","0.2199","0.5554"
"305.5360","0.2199","0.5554"
"305.5560","0.2199","0.5554"
"305.5760","0.2199","0.5554"
"305.5960","0.2199","0.5553"
"305.6160","0.2199","0.5552"
"305.6360","0.2199","0.5553"
"305.6560","0.2199","0.5553"
"305.6760","0.2199","0.5553"
"305.6960","0.2199","0.5553"
"305.7160","0.2199","0.5552"
"305.7360","0.2199","0.5552"
"305.7560","0.2199","0.5553"
"305.7760","0.2199","0.5552"
"305.7960","0.2199","0.5552"
"305.8160","0.2199","0.5553"
"305.8360","0.2199","0.5553"
"305.8560","0.2199","0.5553"
"305.8760","0.2199","0.5553"
"305.8960","0.2199","0.5553"
"305.9160","0.2199","0.5553"
"305.9360","0.2199","0.5553"
"305.9560","0.2199","0.5553"
"305.9760","0.2199","0.5553"
"305.9960","0.2199","0.5553"
"306.0160","0.2199","0.5553"
"306.0360","0.2199","0.5553"
"306.0560","0.2199","0.5553"
"306.0760","0.2199","0.5552"
"306.0960","0.2199","0.5552"
"306.1160","0.2199","0.5551"
"306.1360","0.2199","0.5551"
"306.1560","0.2199","0.5552"
"306.1760","0.2199","0.5552"
"306.1960","0.2199","0.5552"
"306.2160","0.2199","0.5552"
"306.2360","0.2199","0.5552"
"306.2560","0.2199","0.5552"
"306.2760","0.2199","0.5553"
"306.2960","0.2199","0.5553"
"306.3160","0.2199","0.5553"
"306.3360","0.2199","0.5552"
"306.3560","0.2199","0.5552"
"306.3760","0.2199","0.5551"
"306.3960","0.2199","0.5551"
"306.4160","0.2199","0.5551"
"306.4360","0.2199","0.5551"
"306.4560","0.2199","0.5551"
"306.4760","0.2199","0.5551"
"306.4960","0.2199","0.5552"
"306.5160","0.2199","0.5552"
"306.5360","0.2199","0.5552"
"306.5560","0.2199","0.5552"
"306.5760","0.2199","0.5552"
"306.5960","0.2199","0.5551"
"306.6160","0.2199","0.5551"
"306.6360","0.2199","0.5552"
"306.6560","0.2199","0.5552"
"306.6760","0.2199","0.5552"
"306.6960","0.2199","0.5552"
"306.7160","0.2199","0.5551"
"306.7360","0.2199","0.5551"
"306.7560","0.2199","0.5551"
"306.7760","0.2199","0.5550"
"306.7960","0.2199","0.5551"
"306.8160","0.2199","0.5551"
"306.8360","0.2199","0.5551"
"306.8560","0.2199","0.5551"
"306.8760","0.2199","0.5551"
"306.8960","0.2199","0.5551"
"306.9160","0.2199","0.5551"
"306.9360","0.2199","0.5551"
"306.9560","0.2199","0.5551"
"306.9760","0.2199","0.5551"
"306.9960","0.2199","0.5552"
"307.0160","0.2199","0.5551"
"307.0360","0.2199","0.5550"
"307.0560","0.2199","0.5550"
"307.0760","0.2199","0.5551"
"307.0960","0.2199","0.5552"
"307.1160","0.2199","0.5551"
"307.1360","0.2199","0.5550"
"307.1560","0.2199","0.5550"
"307.1760","0.2199","0.5551"
"307.1960","0.2199","0.5551"
"307.2160","0.2199","0.5550"
"307.2360","0.2199","0.5550"
"307.2560","0.2199","0.5550"
"307.2760","0.2199","0.5550"
"307.2960","0.2199","0.5550"
"307.3160","0.2199","0.5550"
"307.3360","0.2199","0.5551"
"307.3560","0.2199","0.5550"
"307.3760","0.2199","0.5550"
"307.3960","0.2199","0.5551"
"307.4160","0.2199","0.5550"
"307.4360","0.2199","0.5550"
"307.4560","0.2199","0.5550"
"307.4760","0.2199","0.5550"
"307.4960","0.2199","0.5550"
"307.5160","0.2199","0.5550"
"307.5360","0.2199","0.5550"
"307.5560","0.2199","0.5550"
"307.5760","0.2199","0.5550"
"307.5960","0.2199","0.5551"
"307.6160","0.2199","0.5551"
"307.6360","0.2199","0.5550"
"307.6560","0.2199","0.5550"
"307.6760","0.2199","0.5550"
"307.6960","0.2199","0.5551"
"307.7160","0.2199","0.5550"
"307.7360","0.2199","0.5550"
"307.7560","0.2199","0.5550"
"307.7760","0.2199","0.5550"
"307.7960","0.2199","0.5549"
"307.8160","0.2199","0.5550"
"307.8360","0.2199","0.5550"
"307.8560","0.2199","0.5551"
"307.8760","0.2199","0.5551"
"307.8960","0.2199","0.5550"
"307.9160","0.2199","0.5550"
"307.9360","0.2199","0.5550"
"307.9560","0.2199","0.5550"
"307.9760","0.2199","0.5550"
"307.9960","0.2199","0.5550"
"308.0160","0.2199","0.5549"
"308.0360","0.2199","0.5550"
"308.0560","0.2199","0.5550"
"308.0760","0.2199","0.5550"
"308.0960","0.2199","0.5550"
"308.1160","0.2199","0.5549"
"308.1360","0.2199","0.5549"
"308.1560","0.2199","0.5549"
"308.1760","0.2199","0.5550"
"308.1960","0.2199","0.5549"
"308.2160","0.2199","0.5549"
"308.2360","0.2199","0.5550"
"308.2560","0.2199","0.5550"
"308.2760","0.2199","0.5550"
"308.2960","0.2199","0.5549"
"308.3160","0.2199","0.5548"
"308.3360","0.2199","0.5548"
"308.3560","0.2199","0.5548"
"308.3760","0.2199","0.5549"
"308.3960","0.2199","0.5549"
"308.4160","0.2199","0.5549"
"308.4360","0.2199","0.5549"
"308.4560","0.2199","0.5549"
"308.4760","0.2199","0.5549"
"308.4960","0.2199","0.5549"
"308.5160","0.2199","0.5549"
"308.5360","0.2199","0.5549"
"308.5560","0.2199","0.5549"
"308.5760","0.2199","0.5549"
"308.5960","0.2199","0.5549"
"308.6160","0.2199","0.5548"
"308.6360","0.2199","0.5549"
"308.6560","0.2199","0.5549"
"308.6760","0.2199","0.5549"
"308.6960","0.2199","0.5549"
"308.7160","0.2199","0.5548"
"308.7360","0.2199","0.5549"
"308.7560","0.2199","0.5549"
"308.7760","0.2199","0.5549"
"308.7960","0.2199","0.5549"
"308.8160","0.2199","0.5549"
"308.8360","0.2199","0.5549"
"308.8560","0.2199","0.5550"
"308.8760","0.2199","0.5548"
"308.8960","0.2199","0.5548"
"308.9160","0.2199","0.5548"
"308.9360","0.2199","0.5549"
"308.9560","0.2199","0.5549"
"308.9760","0.2199","0.5548"
"308.9960","0.2199","0.5548"
"309.0160","0.2199","0.5548"
"309.0360","0.2199","0.5548"
"309.0560","0.2199","0.5548"
"309.0760","0.2199","0.5548"
"309.0960","0.2199","0.5548"
"309.1160","0.2199","0.5548"
"309.1360","0.2199","0.5549"
"309.1560","0.2199","0.5549"
"309.1760","0.2199","0.5548"
"309.1960","0.2199","0.5548"
"309.2160","0.2199","0.5548"
"309.2360","0.2199","0.5547"
"309.2560","0.2199","0.5548"
"309.2760","0.2199","0.5548"
"309.2960","0.2199","0.5548"
"309.3160","0.2199","0.5548"
"309.3360","0.2199","0.5547"
"309.3560","0.2199","0.5547"
"309.3760","0.2199","0.5547"
"309.3960","0.2199","0.5547"
"309.4160","0.2199","0.5547"
"309.4360","0.2199","0.5547"
"309.4560","0.2199","0.5548"
"309.4760","0.2199","0.5547"
"309.4960","0.2199","0.5547"
"309.5160","0.2199","0.5547"
"309.5360","0.2199","0.5548"
"309.5560","0.2199","0.5548"
"309.5760","0.2199","0.5548"
"309.5960","0.2199","0.5548"
"309.6160","0.2199","0.5548"
"309.6360","0.2199","0.5548"
"309.6560","0.2199","0.5547"
"309.6760","0.2199","0.5547"
"309.6960","0.2199","0.5547"
"309.7160","0.2199","0.5546"
"309.7360","0.2199","0.5546"
"309.7560","0.2199","0.5546"
"309.7760","0.2199","0.5546"
"309.7960","0.2199","0.5547"
"309.8160","0.2199","0.5547"
"309.8360","0.2199","0.5547"
"309.8560","0.2199","0.5547"
"309.8760","0.2199","0.5547"
"309.8960","0.2199","0.5547"
"309.9160","0.2199","0.5546"
"309.9360","0.2199","0.5546"
"309.9560","0.2199","0.5547"
"309.9760","0.2199","0.5547"
"309.9960","0.2199","0.5546"
"310.0160","0.2199","0.5547"
"310.0360","0.2199","0.5547"
"310.0560","0.2199","0.5546"
"310.0760","0.2199","0.5546"
"310.0960","0.2199","0.5546"
"310.1160","0.2199","0.5547"
"310.1360","0.2199","0.5547"
"310.1560","0.2199","0.5547"
"310.1760","0.2199","0.5547"
"310.1960","0.2199","0.5547"
"310.2160","0.2199","0.5547"
"310.2360","0.2199","0.5546"
"310.2560","0.2199","0.5547"
"310.2760","0.2199","0.5546"
"310.2960","0.2199","0.5547"
"310.3160","0.2199","0.5548"
"310.3360","0.2199","0.5548"
"310.3560","0.2199","0.5548"
"310.3760","0.2199","0.5547"
"310.3960","0.2199","0.5546"
"310.4160","0.2199","0.5546"
"310.4360","0.2199","0.5547"
"310.4560","0.2199","0.5547"
"310.4760","0.2199","0.5546"
"310.4960","0.2199","0.5546"
"310.5160","0.2199","0.5546"
"310.5360","0.2199","0.5545"
"310.5560","0.2199","0.5546"
"310.5760","0.2199","0.5546"
"310.5960","0.2199","0.5546"
"310.6160","0.2199","0.5546"
"310.6360","0.2199","0.5546"
"310.6560","0.2199","0.5546"
"310.6760","0.2199","0.5545"
"310.6960","0.2199","0.5545"
"310.7160","0.2199","0.5546"
"310.7360","0.2199","0.5546"
"310.7560","0.2199","0.5546"
"310.7760","0.2199","0.5546"
"310.7960","0.2199","0.5546"
"310.8160","0.2199","0.5546"
"310.8360","0.2199","0.5546"
"310.8560","0.2199","0.5546"
"310.8760","0.2199","0.5546"
"310.8960","0.2199","0.5546"
"310.9160","0.2199","0.5546"
"310.9360","0.2199","0.5546"
"310.9560","0.2199","0.5547"
"310.9760","0.2199","0.5547"
"310.9960","0.2199","0.5546"
"311.0160","0.2199","0.5546"
"311.0360","0.2199","0.5545"
"311.0560","0.2199","0.5546"
"311.0760","0.2199","0.5546"
"311.0960","0.2199","0.5546"
"311.1160","0.2199","0.5545"
"311.1360","0.2199","0.5544"
"311.1560","0.2199","0.5545"
"311.1760","0.2199","0.5545"
"311.1960","0.2199","0.5545"
"311.2160","0.2199","0.5545"
"311.2360","0.2199","0.5545"
"311.2560","0.2199","0.5544"
"311.2760","0.2199","0.5545"
"311.2960","0.2199","0.5545"
"311.3160","0.2199","0.5545"
"311.3360","0.2199","0.5545"
"311.3560","0.2199","0.5546"
"311.3760","0.2199","0.5546"
"311.3960","0.2199","0.5545"
"311.4160","0.2199","0.5545"
"311.4360","0.2199","0.5545"
"311.4560","0.2199","0.5544"
"311.4760","0.2199","0.5545"
"311.4960","0.2199","0.5545"
"311.5160","0.2199","0.5545"
"311.5360","0.2199","0.5543"
"311.5560","0.2199","0.5545"
"311.5760","0.2199","0.5546"
"311.5960","0.2199","0.5545"
"311.6160","0.2199","0.5544"
"311.6360","0.2199","0.5544"
"311.6560","0.2199","0.5544"
"311.6760","0.2199","0.5543"
"311.6960","0.2199","0.5544"
"311.7160","0.2199","0.5544"
"311.7360","0.2199","0.5545"
"311.7560","0.2199","0.5545"
"311.7760","0.2199","0.5546"
"311.7960","0.2199","0.5545"
"311.8160","0.2199","0.5544"
"311.8360","0.2199","0.5545"
"311.8560","0.2199","0.5545"
"311.8760","0.2199","0.5544"
"311.8960","0.2199","0.5545"
"311.9160","0.2199","0.5545"
"311.9360","0.2199","0.5545"
"311.9560","0.2199","0.5545"
"311.9760","0.2199","0.5545"
"311.9960","0.2199","0.5545"
"312.0160","0.2199","0.5545"
"312.0360","0.2199","0.5544"
"312.0560","0.2199","0.5543"
"312.0760","0.2199","0.5544"
"312.0960","0.2199","0.5544"
"312.1160","0.2199","0.5544"
"312.1360","0.2199","0.5545"
"312.1560","0.2199","0.5544"
"312.1760","0.2199","0.5543"
"312.1960","0.2199","0.5545"
"312.2160","0.2199","0.5544"
"312.2360","0.2199","0.5543"
"312.2560","0.2199","0.5542"
"312.2760","0.2199","0.5543"
"312.2960","0.2199","0.5544"
"312.3160","0.2199","0.5544"
"312.3360","0.2199","0.5545"
"312.3560","0.2199","0.5545"
"312.3760","0.2199","0.5545"
"312.3960","0.2199","0.5545"
"312.4160","0.2199","0.5544"
"312.4360","0.2199","0.5544"
"312.4560","0.2199","0.5544"
"312.4760","0.2199","0.5544"
"312.4960","0.2199","0.5544"
"312.5160","0.2199","0.5543"
"312.5360","0.2199","0.5544"
"312.5560","0.2199","0.5545"
"312.5760","0.2199","0.5545"
"312.5960","0.2199","0.5544"
"312.6160","0.2199","0.5543"
"312.6360","0.2199","0.5543"
"312.6560","0.2199","0.5544"
"312.6760","0.2199","0.5545"
"312.6960","0.2199","0.5546"
"312.7160","0.2199","0.5544"
"312.7360","0.2199","0.5544"
"312.7560","0.2199","0.5544"
"312.7760","0.2199","0.5544"
"312.7960","0.2199","0.5543"
"312.8160","0.2199","0.5543"
"312.8360","0.2199","0.5543"
"312.8560","0.2199","0.5543"
"312.8760","0.2199","0.5543"
"312.8960","0.2199","0.5543"
"312.9160","0.2199","0.5543"
"312.9360","0.2199","0.5543"
"312.9560","0.2199","0.5543"
"312.9760","0.2199","0.5543"
"312.9960","0.2199","0.5542"
"313.0160","0.2199","0.5542"
"313.0360","0.2199","0.5542"
"313.0560","0.2199","0.5542"
"313.0760","0.2199","0.5542"
"313.0960","0.2199","0.5541"
"313.1160","0.2199","0.5542"
"313.1360","0.2199","0.5542"
"313.1560","0.2199","0.5542"
"313.1760","0.2199","0.5542"
"313.1960","0.2199","0.5542"
"313.2160","0.2199","0.5542"
"313.2360","0.2199","0.5542"
"313.2560","0.2199","0.5542"
"313.2760","0.2199","0.5542"
"313.2960","0.2199","0.5542"
"313.3160","0.2199","0.5541"
"313.3360","0.2199","0.5542"
"313.3560","0.2199","0.5542"
"313.3760","0.2199","0.5541"
"313.3960","0.2199","0.5541"
"313.4160","0.2199","0.5541"
"313.4360","0.2199","0.5541"
"313.4560","0.2199","0.5542"
"313.4760","0.2199","0.5541"
"313.4960","0.2199","0.5542"
"313.5160","0.2199","0.5542"
"313.5360","0.2199","0.5542"
"313.5560","0.2199","0.5543"
"313.5760","0.2199","0.5543"
"313.5960","0.2199","0.5543"
"313.6160","0.2199","0.5543"
"313.6360","0.2199","0.5542"
"313.6560","0.2199","0.5541"
"313.6760","0.2199","0.5542"
"313.6960","0.2199","0.5541"
"313.7160","0.2199","0.5542"
"313.7360","0.2199","0.5542"
"313.7560","0.2199","0.5541"
"313.7760","0.2199","0.5541"
"313.7960","0.2199","0.5541"
"313.8160","0.2199","0.5542"
"313.8360","0.2199","0.5542"
"313.8560","0.2199","0.5542"
"313.8760","0.2199","0.5541"
"313.8960","0.2199","0.5541"
"313.9160","0.2199","0.5542"
"313.9360","0.2199","0.5541"
"313.9560","0.2199","0.5540"
"313.9760","0.2199","0.5541"
"313.9960","0.2199","0.5541"
"314.0160","0.2199","0.5541"
"314.0360","0.2199","0.5541"
"314.0560","0.2199","0.5540"
"314.0760","0.2199","0.5540"
"314.0960","0.2199","0.5540"
"314.1160","0.2199","0.5540"
"314.1360","0.2199","0.5541"
"314.1560","0.2199","0.5541"
"314.1760","0.2199","0.5542"
"314.1960","0.2199","0.5542"
"314.2160","0.2199","0.5542"
"314.2360","0.2199","0.5541"
"314.2560","0.2199","0.5541"
"314.2760","0.2199","0.5541"
"314.2960","0.2199","0.5540"
"314.3160","0.2199","0.5541"
"314.3360","0.2199","0.5541"
"314.3560","0.2199","0.5541"
"314.3760","0.2199","0.5540"
"314.3960","0.2199","0.5540"
"314.4160","0.2199","0.5539"
"314.4360","0.2199","0.5540"
"314.4560","0.2199","0.5540"
"314.4760","0.2199","0.5540"
"314.4960","0.2199","0.5540"
"314.5160","0.2199","0.5540"
"314.5360","0.2199","0.5541"
"314.5560","0.2199","0.5541"
"314.5760","0.2199","0.5541"
"314.5960","0.2199","0.5540"
"314.6160","0.2199","0.5541"
"314.6360","0.2199","0.5541"
"314.6560","0.2199","0.5540"
"314.6760","0.2199","0.5541"
"314.6960","0.2199","0.5540"
"314.7160","0.2199","0.5540"
"314.7360","0.2199","0.5540"
"314.7560","0.2199","0.5539"
"314.7760","0.2199","0.5540"
"314.7960","0.2199","0.5541"
"314.8160","0.2199","0.5541"
"314.8360","0.2199","0.5540"
"314.8560","0.2199","0.5539"
"314.8760","0.2199","0.5540"
"314.8960","0.2199","0.5540"
"314.9160","0.2199","0.5540"
"314.9360","0.2199","0.5540"
"314.9560","0.2199","0.5540"
"314.9760","0.2199","0.5540"
"314.9960","0.2199","0.5539"
"315.0160","0.2199","0.5538"
"315.0360","0.2199","0.5539"
"315.0560","0.2199","0.5539"
"315.0760","0.2199","0.5539"
"315.0960","0.2199","0.5539"
"315.1160","0.2199","0.5539"
"315.1360","0.2199","0.5540"
"315.1560","0.2199","0.5540"
"315.1760","0.2199","0.5540"
"315.1960","0.2199","0.5539"
"315.2160","0.2199","0.5539"
"315.2360","0.2199","0.5539"
"315.2560","0.2199","0.5539"
"315.2760","0.2199","0.5539"
"315.2960","0.2199","0.5539"
"315.3160","0.2199","0.5539"
"315.3360","0.2199","0.5539"
"315.3560","0.2199","0.5539"
"315.3760","0.2199","0.5540"
"315.3960","0.2199","0.5540"
"315.4160","0.2199","0.5539"
"315.4360","0.2199","0.5539"
"315.4560","0.2199","0.5539"
"315.4760","0.2199","0.5539"
"315.4960","0.2199","0.5539"
"315.5160","0.2199","0.5539"
"315.5360","0.2199","0.5539"
"315.5560","0.2199","0.5539"
"315.5760","0.2199","0.5539"
"315.5960","0.2199","0.5539"
"315.6160","0.2199","0.5539"
"315.6360","0.2199","0.5539"
"315.6560","0.2199","0.5539"
"315.6760","0.2199","0.5539"
"315.6960","0.2199","0.5539"
"315.7160","0.2199","0.5539"
"315.7360","0.2199","0.5539"
"315.7560","0.2199","0.5539"
"315.7760","0.2199","0.5539"
"315.7960","0.2199","0.5538"
"315.8160","0.2199","0.5538"
"315.8360","0.2199","0.5538"
"315.8560","0.2199","0.5539"
"315.8760","0.2199","0.5539"
"315.8960","0.2199","0.5539"
"315.9160","0.2199","0.5538"
"315.9360","0.2199","0.5538"
"315.9560","0.2199","0.5538"
"315.9760","0.2199","0.5539"
"315.9960","0.2199","0.5538"
"316.0160","0.2199","0.5538"
"316.0360","0.2199","0.5538"
"316.0560","0.2199","0.5539"
"316.0760","0.2199","0.5540"
"316.0960","0.2199","0.5539"
"316.1160","0.2199","0.5538"
"316.1360","0.2199","0.5538"
"316.1560","0.2199","0.5538"
"316.1760","0.2199","0.5537"
"316.1960","0.2199","0.5538"
"316.2160","0.2199","0.5538"
"316.2360","0.2199","0.5538"
"316.2560","0.2199","0.5538"
"316.2760","0.2199","0.5538"
"316.2960","0.2199","0.5538"
"316.3160","0.2199","0.5538"
"316.3360","0.2199","0.5537"
"316.3560","0.2199","0.5538"
"316.3760","0.2199","0.5538"
"316.3960","0.2199","0.5538"
"316.4160","0.2199","0.5538"
"316.4360","0.2199","0.5537"
"316.4560","0.2199","0.5537"
"316.4760","0.2199","0.5537"
"316.4960","0.2199","0.5538"
"316.5150","0.2199","0.5537"

