Time (s),Average Resistance (Ohms)
0,-4371459.111460913
1,-11743068.026348352
2,-4295800.293676727
3,3735642.5180185535
4,1210061.3394501947
5,-14084624.721713897
6,-20388258.689814024
7,-8948918.043917835
8,-57542858.457131326
9,-13625296.470029643
10,-19006645.440330897
11,-5477954.226497655
12,41562097.29300119
13,-23101189.197896354
14,-3715640.5413663657
15,-34776350.14022362
16,-6145600.03213905
17,-10162864.971106451
18,-5158099.998565937
19,-55883824.91024345
20,-4964045.622191149
21,-7137062.706901431
22,-8920155.458059583
23,-528710.0213453558
24,-6242361.112704923
25,-35053559.458160445
26,-3925882.1521266503
27,5657680.0835605925
28,19780680.045994803
29,-2609053.2172714034
30,33536806.657706022
31,2970521.4034366393
32,-4747632.582443273
33,-5628361.155685974
34,-9292495.297734503
35,-202138.5750081853
36,-4876930.543461289
37,-175351.79035921875
38,-4449973.425796003
39,-6409577.084224081
40,-4724751.097512532
41,6306525.270101236
42,2576786.534751397
43,-7267494.393345478
44,-13147827.095388314
45,201359.27935511604
46,-13506043.921409056
47,-7595420.768268665
48,915802.0310500333
49,-1578872.9148641091
50,-7715520.960174534
51,160139.86097392617
52,6037249.164634644
53,-19086816.73669111
54,-4067931.3051340478
55,-3346465.2334722974
56,-6684808.044463865
57,1202947.7462590025
58,1330851.6053164
59,-13895998.3497088
60,-2243669.9670705097
61,-10766920.648545742
62,-9538061.34899052
63,3139658.308198021
64,-5699434.019497594
65,1045520.794739397
66,97932.76187641534
67,-994414.7236806806
68,-20778573.69214142
69,-7642478.352920537
70,-1293107.202265615
71,-44340698.73106136
72,-1595586.4537927858
73,18724355.673173185
74,7708084.308815269
75,-12812832.945287654
76,-2061997.1157629522
77,-30810405.06784346
78,-6300393.477754415
79,5210011.208083308
80,-45667858.61948751
81,-94538.49081714396
82,13264323.350260556
83,4092008.3232076643
84,-8440202.745561859
85,-3749137.8244002885
86,-21402581.545998
87,-4658876.022402681
88,2799589.374547239
89,-7142936.663565056
90,-3076245.101010166
91,-2656405.5390327396
92,-14016465.181195602
93,-8198639.582468504
94,4778140.364025263
95,2460597.217044265
96,-13115525.564183582
97,-11700997.977039402
98,-9679345.459243076
99,-18024559.199108105
100,5919057.816692314
101,28483427.121545263
102,-14320182.709384253
103,-6674303.936955797
104,3116515.132718371
105,-8628618.096126523
106,-6656444.20229726
107,-5808931.9428660525
108,2434904.8075432833
109,8604396.338486407
110,-12767598.46103992
111,-17669646.734758694
112,-7779628.8455401985
113,-5099166.59930999
114,6849030.700564767
115,-3825447.643310081
116,-25075677.30902663
117,-378824.1506718473
118,-3721255.462984306
119,6585277.961943807
120,1848261.1190630174
121,-2436113.831810547
122,-13244575.791447219
123,-4400927.1382188955
124,2040790.6811526816
125,37045200.61455745
126,28220332.747890957
127,2727044.5551349157
128,-7290033.703379025
129,3221287.8175036483
130,-11266322.946328318
131,-3083188.903375427
132,-9123772.648912512
133,8611064.264669355
134,-16321542.450854544
135,18311466.9570906
136,-37704305.662388094
137,-1552036.7981338645
138,-10049973.192962427
139,1082227.7656588093
140,-24790332.236193184
141,-8284479.051468693
142,-12355935.287921177
143,-5905604.681183612
144,-26500943.62391711
145,2891406.397159877
146,-1844289.3293508142
147,-8946052.357426744
148,-3969481.172239897
149,16035175.765277829
150,-5414523.750178766
151,-10166252.465700982
152,-6390581.549051558
153,-17405789.72524833
154,-2233849.9384961417
155,-15564869.682977116
156,-17882311.56898464
157,-9314145.554434484
158,-35865279.60647982
159,459883.4332590668
160,-12786088.977405716
161,-7074713.35720145
162,-21853944.82376483
163,8392194.537712203
164,8946550.570903687
165,-3628223.4593826225
166,-7993178.740543446
167,356214.9463586175
168,5349404.539034211
169,-7571583.174263731
170,-3901632.3898001662
171,-17450938.76774058
172,-12971342.495835774
173,-2986713.402333063
174,-54450018.200156584
175,-6391711.2243718505
176,-4588882.752960865
177,-2279493.8926984807
178,4682551.1804203745
179,-26916585.839628153
180,-2929448.4974622917
181,-12061670.070030844
182,2916747.2427948513
183,15408563.795963129
184,32497915.477847565
185,-24785424.77711741
186,-3604691.109855256
187,15880758.989918938
188,50874558.07990315
189,-9434017.912568849
190,3666660.0155639774
191,17083719.65971322
192,-10236858.994915593
193,22178143.939112388
194,-3814420.4204663336
195,9050275.409575762
196,3555970.2410836173
197,-16640444.810327243
198,-7582466.701349427
199,-10400809.22017362
200,-17792324.744122922
201,49098038.70264519
202,-16022432.730275655
203,-11100637.19313406
204,-12017518.373457246
205,-15879466.21405704
206,-23208640.099771567
207,-20389536.72024366
208,-15924276.847709928
209,-9027237.824272819
210,17994585.68276801
211,-2993212.634834959
212,-56853669.619649276
213,-8555844.696993826
214,40576941.23552528
215,-23210201.4442114
216,21605665.407177296
217,-16864250.753505744
218,14834566.703721603
219,51515472.6161251
220,-6807691.090390177
221,-2215060.4750585454
222,32279653.423123516
223,-14049193.975017687
224,9751926.176146727
225,-1173230.1898567867
226,24391931.48344163
227,-149287.1911686129
228,17674077.72271142
229,-47270599.04255995
230,3532421.9908369505
231,12602055.472852385
232,21130606.201785654
233,37720355.251709186
234,-3489678.5115314526
235,14771138.309296291
236,-5431682.807791213
237,13835659.987459507
238,-10422539.124548942
239,8061140.962794933
240,42090245.868295066
241,10317933.208232962
242,868049.6053664476
243,-8155500.363638887
244,26769836.308307126
245,-11735327.647502631
246,-21059215.28301192
247,21349262.152581315
248,-28887369.306489713
249,46140761.53999769
250,26349647.267826993
251,-10315693.614796473
252,41482803.31510168
253,-29238003.608919643
254,-11536982.870790593
255,-14041386.930821955
256,29216563.177104067
257,-49156223.37545452
258,-10645041.450532217
259,-3480976.870471786
260,-59350160.75114173
261,-17997508.800907206
262,60522357.5659395
263,-7318736.244069533
264,-10234709.462372083
265,-2230460.6397507754
266,11564524.993513871
267,-10026735.492454082
268,25297014.64470029
269,-5121790.877407709
270,-28286916.230746944
271,-7858581.597247101
272,29312252.875361253
273,-2778300.29608349
274,38289015.04412579
275,-4586621.216697099
276,25874619.36953964
277,20099422.489440333
278,58335698.2493837
279,-8047925.424555016
280,-282398.9555256045
281,34948588.6286953
282,-9356236.441202056
283,9469853.421965498
284,-12201744.863059951
285,3426560.1351299034
286,-8228942.54676793
287,20574492.346071955
288,-12977784.93252931
289,28579108.977211047
290,-522353.6104901286
291,-20870154.065396734
292,12194984.22212694
293,-9047561.48278622
294,-9580076.831258237
295,12091766.239647945
296,269896.2516545454
297,-9791837.674029103
298,22654110.20875036
299,27263621.460559893
300,-29656573.810893703
301,-1199829.208807084
302,28205428.198616248
303,13660537.741619814
304,-44526422.34221925
305,-18565667.419015937
306,6612858.7617128845
307,10080790.485181216
308,18258451.471220594
309,11315514.85259478
310,-2129627.5052508935
311,-5626365.804167328
312,-19796292.821886178
313,5531304.588549487
314,-11676300.58781636
315,10784780.699921923
316,-9124902.627005054
317,6562577.237379632
318,-23845187.26451809
319,14871173.140643204
320,-1584955.91470922
321,5443776.409160975
322,-3109757.0508350097
323,8527277.846867394
324,-1689464.9742479709
325,-32768123.233177572
326,4622132.389367985
327,5372942.101162658
328,43356721.432863995
329,27962991.748291604
330,-6780686.799720025
331,-21414159.015829757
332,-27181832.43372024
333,7458679.094465518
334,-20712055.86261306
335,16797723.259248957
336,-4842498.054074164
337,37590545.13307075
338,-14456115.00024866
339,18149365.71830163
340,-36364901.11998151
341,-36340505.224641025
342,9080246.946452823
343,-5921902.768534908
344,-53404886.1033435
345,24239124.308547176
346,-19387416.349927496
347,10920956.2079058
348,-43925304.753965184
349,5244932.165492283
350,32542545.76818083
351,32494287.59411154
352,-17424418.059675105
353,30933750.555764753
354,4615049.046427446
355,6621335.082816408
356,18431965.515244685
357,1467312.7314778266
358,-24694426.42602639
359,17209125.110860303
360,-31058063.94767385
361,16748238.838055927
362,-15048044.16382805
363,6709371.539901919
364,-6358994.771320699
365,101880.16706846356
366,-9811749.198778536
367,13663381.588513747
368,-14171866.97627357
369,7628265.666048409
370,17078474.097485594
371,8101661.221908085
372,-6732468.216615918
373,8754774.31015287
374,5240217.011031854
375,4244576.94974893
376,-1880329.4840908695
377,22069770.426820356
378,29578339.878192354
379,13753382.724800114
380,2765401.1700917203
381,3795517.9342386154
382,-32160417.846111823
383,22219913.444913883
384,-40468312.078377366
385,1403642.197543752
386,40781562.27079111
387,21984433.411340587
388,16010257.301760713
389,-10847401.44007219
390,12015185.990929592
391,17817520.65456676
392,39123634.5438045
393,-13984488.820263168
394,20996984.693534393
395,22247924.92797023
396,24146262.00718391
397,-4411909.396708715
398,17082659.38770803
399,23803696.824965883
400,16972284.090819214
401,-7622034.289015995
402,2696805.453533995
403,13845564.409030735
404,-8470278.272573454
405,13203352.179944493
406,-2930526.927411599
407,-19039468.118838098
408,14336495.816184083
409,-2347271.9209059845
410,10156611.578478873
411,-6260407.5008858815
412,6449503.372621546
413,-5989312.290041357
414,27472359.563934308
415,-4057719.7210900174
416,-13400238.950632427
417,12343063.954482753
418,-7290001.003345698
419,21986045.453349967
420,-9118654.300244713
421,21479711.16027296
422,-7327922.337506391
423,9031461.309248973
424,-10441190.101374865
425,25730142.788863566
426,22548214.9736634
427,-4633348.069668989
428,-28947387.153201897
429,-59662405.59334569
430,17792059.290357597
431,34989280.6612238
432,16305405.877481958
433,-2056008.6203842734
434,47175181.9422787
435,12349251.298933068
436,-11131663.94642798
437,13174340.84049116
438,9680352.80421428
439,18844918.608263753
440,24187025.269160297
441,5481167.126866753
442,8245661.496911089
443,14675051.095195234
444,-3127127.9275993793
445,26554176.032220714
446,31045897.055405356
447,16353173.90412815
448,-19091444.027762912
449,17044031.021148127
450,-3775409.7810611213
451,5421658.973099051
452,-12677708.573631693
453,9486209.348813277
454,-8467122.838175483
455,-11401649.585700737
456,-12796368.767608602
457,5311527.181005802
458,-7871148.539348732
459,11356550.796200754
460,-5702062.06420214
461,2577651.4363652654
462,7225739.4914232865
463,-60118327.55413659
464,6060789.646160563
465,-10373574.357337913
466,13314562.623125043
467,8776705.53450339
468,13188440.488253232
469,27684306.27275624
470,13024660.245952906
471,12881210.386140246
472,10633267.293316642
473,44873984.85560383
474,22290765.462048866
475,-19762410.102256365
476,-4156431.4285640446
477,-28977695.607701443
478,-13638715.238090133
479,55770614.169021904
480,-4015574.196439398
481,55816483.939457774
482,14202322.416609317
483,44047638.40686581
484,59425889.37938692
485,20979462.169686
486,18907137.588717137
487,-18447326.32230725
488,-2598691.327754201
489,40836125.00257416
490,-25101247.8926773
491,12585933.664215876
492,20125278.122708224
493,-15328757.692881355
494,14732845.258065995
495,-57781012.457605146
496,8541811.794247156
497,3049493.8470805963
498,13941444.476387734
499,-16840794.176621236
500,12318798.059332497
501,-12221309.184701648
502,11931201.906773638
503,-10067191.371756345
504,7061763.318381543
505,-10897948.173507297
506,22262726.138896268
507,1049017.404397309
508,38397419.90737102
509,-54301934.852952816
510,3540953.20701678
511,-17491864.766156606
512,40142804.690714814
513,4349249.174833394
514,7065236.358398425
515,25413913.69019284
516,5390248.129305044
517,3931017.3172937953
518,-52988806.97244783
519,-22948395.406955965
520,10859562.95777079
521,37002856.251800045
522,-8280587.976648657
523,-20403651.15066922
524,30176506.476383083
525,25738298.227595184
526,6071858.75815999
527,-31544559.820184164
528,33474426.995551832
529,33432998.934607424
530,37184320.81005157
531,10589390.86329219
532,20198213.864278685
533,12544735.309627619
534,13662261.925760811
535,30266465.658097707
536,12515847.863467699
537,5977314.414862407
538,17026997.243847914
539,23908576.098952956
540,25999826.08429794
541,14685353.199576402
542,-4797015.77953289
543,12408926.407387491
544,-16303194.426905718
545,41776422.32245048
546,23395974.257466525
547,-11787606.050938496
548,-10901088.41055049
549,7201188.36396697
550,312431.7610315611
551,23861150.115168363
552,-9334896.99323469
553,22467912.843700923
554,-4476646.562809194
555,10959711.070271019
556,-14712354.370236665
557,12326996.030892005
558,-1127765.396557729
559,6968026.362559764
560,18263920.560868874
561,9526106.568184868
562,-8523213.375000685
563,4813184.146513103
564,-26342006.95731584
565,26081793.380932946
566,22413260.857973658
567,11654332.649413237
568,36973588.58361697
569,16007545.561115623
570,-7545507.213951799
571,-55933720.07768987
572,-16754946.838897515
573,16022671.953518158
574,23330831.22465581
575,30433394.085020017
576,23320912.324196313
577,-38524640.614822604
578,-28620883.424587518
579,-12338054.378970068
580,15850474.875447974
581,30154476.093844753
582,-3368129.7484994857
583,-49573874.094233185
584,15314394.20718207
585,12343152.84919252
586,17420285.290518522
587,11902337.534367196
588,60945581.20117019
589,18806016.87297725
590,21772611.897956748
591,6881641.364750074
592,10138483.79576692
593,-10577221.82810809
594,1323963.3202142143
595,-8580417.269129295
596,34847289.62730767
597,-10746930.72302836
598,26709579.714348227
599,4132530.222911178
600,13124048.697175547
601,-19857258.277579635
602,12246601.856939454
603,-3523817.7262998717
604,10881225.821449276
605,-21350209.029982273
606,12146852.507334603
607,-2307918.914438968
608,36610448.073364496
609,1264436.71271021
610,-55918878.665508434
611,-30482580.46320312
612,24588528.354722477
613,-2775625.5598747833
614,5441325.804576796
615,-1095842.7147314171
616,14065218.603164366
617,545259.1021901986
618,13271925.9317424
619,13417026.749987764
620,-8029279.123681615
621,-18473181.20384591
622,28958124.51699062
623,-16441312.005828574
624,-16333886.466438761
625,62455005.92709474
626,-37982133.75834438
627,5118394.959481521
628,63433251.41428654
629,44086041.78141139
630,30487167.07136616
631,-20642456.045773115
632,42327893.897175595
633,-19258950.88292622
634,25474288.583824024
635,-38849472.83774488
636,9224732.852421883
637,30189447.98836997
638,60533811.30463705
639,50574341.22967143
640,21182587.743503235
641,-3179337.5355878887
642,-13224526.509459868
643,2806674.287459485
644,-7236035.287656734
645,28400554.9514435
646,-7705031.470980952
647,19702612.063327197
648,-7579246.827609922
649,23806780.331240606
650,1265241.5471386712
651,-9808413.914973537
652,-5521470.885285826
653,10640412.705361802
654,-7757963.313018629
655,9823447.887022886
656,-21324455.55346413
657,35388456.9087691
658,-6023775.629703252
659,13306457.832878878
660,-3520723.965883746
661,-31817331.648953658
662,-3477593.7187905917
663,4598700.6431410555
664,-18220204.488311928
665,-6879854.222973624
666,-14323944.259006392
667,-13706853.693441385
668,13716656.735832741
669,-6463778.232424485
670,27269427.785504945
671,4027109.7486783788
672,16880156.005070545
673,-428806.0863661844
674,21452484.060031157
675,12438984.664873285
676,10166798.573111385
677,-37432262.832605906
678,50406456.309657216
679,22226200.60130093
680,-11124126.474634198
681,-18919823.3922714
682,28072344.231050007
683,-3158653.827355808
684,54309981.54255669
685,-3933144.6214332557
686,-10005341.794931673
687,40208959.4988539
688,-35083934.18550962
689,55147979.915286586
690,5590117.0869951425
691,15710576.516319677
692,-6693237.431528884
693,-3607586.3070832603
694,-5509113.532584387
695,242589.66972695928
696,31580293.979179632
697,-9437119.880706165
698,16505527.918473318
699,2728292.6554739
700,36586170.62732384
701,-1917059.8679065767
702,19026281.648963112
703,-9261572.950191606
704,-12509776.923457803
705,698499.1208299568
706,-17328792.683179177
707,-2677405.551572345
708,5416090.471916288
709,715849.5131816864
710,-45308228.192461014
711,4512924.711665768
712,1217945.1663513773
713,19470258.880171224
714,-2553498.7758954917
715,15549813.821042944
716,-30499447.5962781
717,11409849.494801214
718,-427768.4840509086
719,-20031963.081759404
720,-21494722.89951059
721,24677313.38821294
722,36719592.69339461
723,-5501196.341064119
724,45371673.30446958
725,-43297247.366904005
726,50076240.56915998
727,-16007074.15526185
728,4509316.931688653
729,46598225.176338844
730,-19665094.2530395
731,-18748250.915960245
732,-2475266.8907307363
733,-22361469.36224123
734,925653.6610654884
735,-50550643.04555604
736,57446235.01874478
737,-1418124.9805453971
738,-7307463.916627323
739,-11557384.631654888
740,45600929.10073536
741,-12984253.54720341
742,-27223235.64423395
743,-18041652.40247359
744,32209352.138117343
745,-13571686.624877632
746,59618990.363104984
747,-4847792.324992279
748,37143733.582752705
749,-714738.7631612362
750,29277987.047454547
751,5396100.401929357
752,22053390.57230817
753,-2285833.787042263
754,12348179.666517895
755,-9379451.470932685
756,9931712.881144043
757,3238115.194875624
758,17892300.275965955
759,-26058043.75009958
760,14797671.50321028
761,-14067167.556482285
762,-45775881.21952475
763,-20277396.98482353
764,17909158.911441263
765,-12955225.103318866
766,10228541.680810802
767,5085671.282589058
768,28969200.899582624
769,-7416311.457731076
770,12844268.579446208
771,-10521655.078053964
772,-30732600.17903964
773,-21603797.738418356
774,7191873.664267694
775,-13211818.542756284
776,18486452.653173923
777,18323312.657224692
778,17097043.24697479
779,-19356870.720201474
780,-6425918.624013283
781,-883842.5942623236
782,-19195683.241240073
783,-10165183.935790902
784,27445418.29163149
785,-36551948.88847561
786,-4712916.197683062
787,35882327.99672541
788,-24355318.10147055
789,-3858097.681013076
790,-20653122.916379165
791,17846.244299826212
792,16363910.839246934
793,-5279313.234559159
794,18057152.902742144
795,-2337766.4439680213
796,-7516466.904669178
797,-7080867.321512294
798,11831638.452723816
799,-1841558.1977174089
800,32072718.9369381
801,-24668144.62748056
802,-23469116.808884576
803,-6986268.953619286
804,13035949.403534425
805,-15075323.429428583
806,53674208.265263125
807,-6090891.889240176
808,11271112.249380525
809,11115867.411615346
810,2963444.952138405
811,50386.351669017415
812,-41848356.57716236
813,12919665.72681244
814,-18605495.907854687
815,11242948.586740755
816,-4407142.944463778
817,10685112.802142687
818,-10460544.649550224
819,-1924775.1587227075
820,20180759.699966844
821,36221421.9332716
822,-18736528.264814727
823,34251368.60690952
824,-7459471.180494353
825,1043135.2107099878
826,55440881.41077874
827,-14927705.506641116
828,-8505083.966553282
829,22891194.738132082
830,-8930779.721127436
831,-13525428.318318699
832,11877432.029001903
833,-7594054.810718645
834,-43642848.5763589
835,11061635.461979212
836,-10276541.550976997
837,-10113311.658381796
838,23119666.75492104
839,16437521.453169223
840,-231958.8735640628
841,24332330.78836488
842,16681637.13843381
843,18827828.180051662
844,-5298510.99096824
845,-5186494.83642281
846,3543293.6376813725
847,17179357.6777163
848,18759875.18770495
849,21600457.2477838
850,-3515638.6908359677
851,8457386.763673035
852,-28014878.671415042
853,19982889.62257666
854,3999883.1348605277
855,10359683.82517234
856,-20494284.24143714
857,-8656646.84976757
858,43334213.737339325
859,9760901.414504385
860,18030364.706911296
861,1990456.5155833974
862,6616466.659525802
863,28449948.873172604
864,5511496.324191744
865,-3849557.840860562
866,-10635642.70222563
867,20964410.36450309
868,-6067190.697707217
869,28452750.260065824
870,1628417.237353791
871,-20430363.285937704
872,-11708350.562573086
873,57116165.748143554
874,-27876822.839015186
875,16545834.01846398
876,22604994.490040187
877,12314939.410649639
878,-28268438.439144634
879,3001243.3701586975
880,-13588370.380635109
881,-13405618.577148369
882,-8858390.074126128
883,28890922.664566897
884,-17350376.13421841
885,8365109.928951668
886,22865337.714228287
887,31193537.788290568
888,-12861415.133681094
889,24491178.210376173
890,458187.1452139225
891,20969859.699470952
892,-6486163.973136084
893,14053672.924158568
894,-15806269.997721607
895,15040971.88352174
896,-8340406.245501263
897,10182626.595231976
898,31140999.106901772
899,10322019.306408968
900,1165925.7199109686
901,24280172.649956472
902,-11439797.131450864
903,9850276.08714017
904,-19974585.55337783
905,10791818.799362157
906,4336461.769629819
907,50646581.27772915
908,7844601.817190548
909,11927234.859159185
910,11198048.154172326
911,-13543942.224961761
912,6165680.104860367
913,17854489.12450233
914,10995290.695089582
915,-18384585.744549513
916,16900752.14446231
917,3463593.0723154834
918,-6335700.995025823
919,-35232186.984557986
920,7279148.236116586
921,8247026.19557385
922,-27345723.91732804
923,19195673.015187457
924,21511171.235801652
925,-13289669.843146784
926,-21274673.850863673
927,-7782672.597389124
928,42344818.06462381
929,21922254.989556618
930,14410997.325378269
931,39443623.33991242
932,10260191.349202562
933,9931623.105393868
934,14175120.87360324
935,-15704524.054709759
936,14519888.694994966
937,-11967401.158774896
938,12142353.7281451
939,5368733.5511630615
940,-14257951.800820827
941,8613453.929478427
942,-6607353.510240122
943,10196726.993470073
944,11952409.725115037
945,43604289.73955852
946,-7786860.863921453
947,355422.2554284416
948,8700925.097439295
949,-3675377.6376266675
950,14883384.11673149
951,-25176846.02739159
952,18976804.602024157
953,-10406440.341996264
954,23960228.125334997
955,-15939303.872793624
956,9040509.829819554
957,-4672216.126491375
958,17462463.066822805
959,-7382526.161478663
960,10894692.43504444
961,-41732801.36092688
962,857445.1617688449
963,5603076.685514928
964,32245472.843594622
965,-15422860.292628517
966,9484252.454812
967,-8640369.519938314
968,62665923.319060996
969,-22681776.17425283
970,50928831.0566167
971,-42076649.61463687
972,51094846.75711761
973,7191948.964565752
974,59976047.978563204
975,27893945.585148524
976,8078046.898549246
977,-4930749.135163802
978,-39519943.35271077
979,14255424.965474967
980,59280459.61347679
981,11425649.260611217
982,19156228.533004947
983,-33403536.040667724
984,8313493.792359224
985,26991913.902792804
986,14037438.325125203
987,-6074176.6003331095
988,-36822949.12066947
989,6585168.219141537
990,-30272827.1848818
991,5497812.600566442
992,-5070133.827890732
993,6517120.549142554
994,12139582.333415102
995,14168694.612924635
996,13566421.057800338
997,-2403034.928569873
998,62391484.60659442
999,-4686697.4402497765
1000,7345535.0373825375
1001,18362189.662174806
1002,9227212.02066248
1003,5692148.882714515
1004,11632927.68010028
1005,-760502.458533098
1006,10860090.248409856
1007,-9654822.098617995
1008,17671694.33287999
1009,-3031156.294311897
1010,51365491.789761476
1011,-17403795.82913823
1012,11675336.546108773
1013,-4609589.400361646
1014,24465284.470770035
1015,3465880.61721185
1016,28142749.145931713
1017,-3467091.148593971
1018,14339769.0102739
1019,-11642750.41923062
1020,32233000.103859372
1021,-10605434.777991422
1022,24176505.00230561
1023,-30203723.536140792
1024,17688627.07784658
1025,-35397261.1657943
1026,-29995955.008749068
1027,2602944.1970668086
1028,-20198112.573412728
1029,39538009.151217684
1030,12020469.513150644
1031,-12149206.543883156
1032,34714815.99670185
1033,-10893669.040356338
1034,13871041.320680326
1035,-12674006.84067313
1036,1004268.0070691003
1037,25100169.638883892
1038,-9967460.695805678
1039,5751091.285450916
1040,39461193.06329359
1041,-2014809.7211750387
1042,-57454808.515531324
1043,5992143.735550947
1044,-16614478.75418528
1045,8030098.066559551
1046,-561272.8310016692
1047,24665107.03372084
1048,-20311049.260517232
1049,7198146.555348987
1050,-19474274.23401724
1051,-21689215.706850816
1052,-610735.0115174256
1053,5402490.491662293
1054,11047960.156957649
1055,470477.482607672
1056,43079888.28461661
1057,-11694179.060482716
1058,9851302.272898506
1059,-12547709.86655802
1060,23352898.34520679
1061,840695.3689585623
1062,17491327.26067829
1063,24334834.431378983
1064,24390594.867691666
1065,-4841126.4016857315
1066,-5938835.473276863
1067,-20070297.084247656
1068,12294159.966696883
1069,-48819648.96244163
1070,32432489.522439122
1071,30875088.047602095
1072,-9766881.804144861
1073,32806639.127604716
1074,19472523.44499127
1075,-15339175.065893525
1076,-43562863.85272619
1077,-5269351.481621411
1078,15355654.318204502
1079,-14161115.21809194
1080,12614651.754615912
1081,-6322953.255293534
1082,13730489.058718454
1083,-21939967.413585573
1084,14839194.28028883
1085,-11231964.058962438
1086,31141287.9926862
1087,-3301527.292816638
1088,7471072.35684848
1089,-4993621.953077709
1090,11439971.390748274
1091,23923696.581006758
1092,40344468.52614346
1093,-6894739.394010121
1094,10262011.617968775
1095,-23796378.368861176
1096,3536959.32352065
1097,-8081907.28192429
1098,10928288.78455979
1099,-2753823.151824065
1100,16644686.702823121
1101,-21760080.164965045
1102,19171247.651523944
1103,6393187.365857956
1104,17390748.784295183
1105,45872927.825940154
1106,7278246.723816144
1107,24841958.63792751
1108,44919599.4628253
1109,24619668.125421315
1110,10079570.62656459
1111,-24083682.02127657
1112,34190702.57409541
1113,23860212.57667882
1114,11580800.62575372
1115,35664504.81590252
1116,-8933121.331439136
1117,9650904.448396973
1118,35334717.08735294
1119,17611449.796913713
1120,-15716209.082212875
1121,17134575.859351877
1122,18581378.940601073
1123,20137697.836566553
1124,-8859801.029228091
1125,22252625.364253595
1126,10655482.535037149
1127,6064920.300200033
1128,-20490635.0786757
1129,51345134.29912092
1130,-43424519.798967525
1131,6648934.819653841
1132,26701305.237788413
1133,6716914.199040133
1134,-11451974.739928214
1135,27958121.928039007
1136,4752707.727838048
1137,-14100977.01724824
1138,-5692902.591630083
1139,3237228.71319317
1140,5114281.850375266
1141,-8360130.372233178
1142,15868225.667958204
1143,-4765543.481910272
1144,-16912729.025259282
1145,-13572552.850185264
1146,14727922.48776874
1147,-2136689.968843528
1148,32711611.529512167
1149,7489156.035510133
1150,7160560.379692642
1151,-3114404.219983804
1152,-3470573.9525297373
1153,-1245598.5106567047
1154,25896212.075675093
1155,1076584.2934805409
1156,23816743.488537364
1157,20104173.29037004
1158,-7912449.541158515
1159,62918765.28145649
1160,31487720.380144734
1161,54311158.64961296
1162,24631765.94450753
1163,-12511227.802995333
1164,-27446599.541908808
1165,-41484417.92664703
1166,-8757897.347177826
1167,-21927264.233503908
1168,56918082.16673581
1169,-13524240.789661443
1170,26234603.133284908
1171,-5788178.93343464
1172,-6171971.0898182895
1173,-1944639.2610916332
1174,33752996.82732189
1175,1273780.0491575173
1176,18317417.010414444
1177,-21022402.743913848
1178,8757616.043867199
1179,-18164728.301130228
1180,-1038435.2837578853
1181,7499398.307326181
1182,-30101520.268678755
1183,28422371.6965487
1184,1617146.8028285399
1185,11787910.267588567
1186,9412359.733527876
1187,-12258550.603182497
1188,-3018324.0855603027
1189,13770581.918582017
1190,-29846498.031217825
1191,15582681.465259727
1192,19048782.622747224
1193,33350181.5061363
1194,11262956.950227257
1195,-10124855.567060037
1196,-9922329.526032384
1197,3396690.884367165
1198,15981841.20113638
1199,15556503.547280064
1200,1481928.7537017849
1201,14860127.736011248
1202,19469682.112529054
1203,20122957.48154986
1204,-37468446.34888298
1205,19502616.154474102
1206,20493819.47441001
1207,31924372.37141604
1208,22104713.197719827
1209,-8115796.7830208
1210,21220509.23199846
1211,-31114682.82248295
1212,-49327101.43634613
1213,-14534860.437071955
1214,-5921009.6703169085
1215,-37441610.84137653
1216,-11051426.808515448
1217,-21527488.493490968
1218,-4467984.511622371
1219,-30640969.498731412
1220,-14164565.363601273
1221,-27019381.727438997
1222,-10351612.424623236
1223,-12166859.347828444
1224,1828321.4009685987
1225,21872714.847272653
1226,-2599755.2388272774
1227,-54842957.15800456
1228,-678567.0338982954
1229,-3591646.667486104
1230,606282.0384027641
1231,3271037.5856324704
1232,-5281386.942218532
1233,39581801.8037335
1234,6973836.991104479
1235,11217836.433227507
1236,-4563959.522268334
1237,18051032.640125133
1238,-232045.11244542926
1239,25500389.586693574
1240,-15754056.152079046
1241,11796211.234163124
1242,-12696661.392313834
1243,34964267.401785746
1244,-13320840.201946404
1245,49627715.32101249
1246,55012618.2415398
1247,-16704152.367143515
1248,5301534.148237923
1249,-17693090.351714466
1250,-10661826.209107095
1251,47350985.425682224
1252,-10640812.840647463
1253,-14945112.850636914
1254,-5444691.702760787
1255,35612012.627408125
1256,52688140.07154274
1257,21941717.33081649
1258,-64556.32815165706
1259,-7942173.140224142
1260,45381997.147599086
1261,18789505.565280747
1262,-11859507.068645168
1263,-1909516.3493104994
1264,37143441.35820921
1265,44957466.40116375
1266,17703317.79041387
1267,33617478.07491932
1268,-3582702.884399969
1269,650865.3656683428
1270,-23380886.34586735
1271,15843763.72689188
1272,-4500409.305877849
1273,-5908743.369138787
1274,3377794.2211504495
1275,6606036.388994778
1276,32917766.870518792
1277,-10061266.75623211
1278,-426593.5920519902
1279,118456.18481766763
1280,18524247.775732826
1281,-7145990.64816619
1282,46392285.83553142
1283,3721280.33951324
1284,16178876.561053654
1285,-877328.6853213165
1286,11799888.29642404
1287,3458660.398917052
1288,-24839372.740657654
1289,15111550.557692926
1290,-3516651.6504315333
1291,49980552.239414796
1292,-2574073.9172144076
1293,29398323.028324567
1294,49287855.62502397
1295,-33476707.9390562
1296,25910666.728556972
1297,-20556709.63630096
1298,-30084921.888133395
1299,-6235049.750778297
1300,60991064.037884936
1301,47516440.29835953
1302,63065543.61617933
1303,22541694.891536493
1304,-3659723.433146502
1305,27338756.44688483
1306,44031231.12370472
1307,39714230.88018363
1308,13798586.826318529
1309,14507861.89793044
1310,-11383769.826775732
1311,-6323697.8616207335
1312,-19949631.58956753
1313,13796152.878418174
1314,529670.7689670323
1315,21258124.75273519
1316,42564673.827059664
1317,21158686.739862166
1318,-5819805.886660444
1319,-38210828.87350182
1320,-13173705.092019523
1321,53400597.13872026
1322,1873275.7230789263
1323,-17509923.921936877
1324,13103713.818543483
1325,-5255184.35603323
1326,-35481855.77967574
1327,344967.59637901635
1328,13484977.910446595
1329,-14356547.350196246
1330,13781510.164788375
1331,2859134.922102632
1332,12627233.24529635
1333,-4389659.248306002
1334,-3669953.708383756
1335,15365991.31594944
1336,8869750.216097655
1337,-14858578.694520151
1338,48181676.79292865
1339,-569400.7393125053
1340,-41501896.70551451
1341,12830088.528839085
1342,-8109526.006582543
1343,-31616023.952573318
1344,-4467623.428625448
1345,9990947.900542662
1346,-45275273.43040407
1347,-28977466.905301493
1348,-16646734.913127076
1349,-34927204.05343442
1350,50629487.86627234
1351,27311786.266224187
1352,-46502998.85921182
1353,18907633.124948822
1354,15651219.212816754
1355,23744018.769804634
1356,56116058.55182701
1357,-28183092.675746858
1358,26426048.7753679
1359,-48664516.507314794
1360,-29249369.643844128
1361,12366747.013207342
1362,-9253861.804587586
1363,-58074940.360934034
1364,-14204710.141221628
1365,-1773744.9126119944
1366,30611686.43698377
1367,-35830193.96865591
1368,-21153600.463017482
1369,15289585.467693884
1370,11024609.592714174
1371,31489138.24710986
1372,-10590214.04135556
1373,18753098.9970323
1374,-1454909.0087820755
1375,-4844708.897761135
1376,26178723.119968466
1377,-11349902.981191259
1378,4064181.444879364
1379,-1406071.0271676467
1380,17090335.17251057
1381,-1317897.1871024014
1382,7530868.130486575
1383,-16188484.38816675
1384,4361822.1361393295
1385,2783489.3830677466
1386,20976765.321814876
1387,5532189.455340909
1388,7773590.215258111
1389,-4531018.753637956
1390,-28445315.198277958
1391,-11009344.303249104
1392,5320286.93886937
1393,9493294.31733029
1394,-30810692.72784599
1395,-15886408.679677436
1396,13943370.95057474
1397,17890310.196548812
1398,4315736.649485791
1399,21219580.40440191
1400,18925853.11512657
1401,21421699.03477239
1402,16013861.941476485
1403,13838464.644302705
1404,-18276164.531912986
1405,10186550.592110766
1406,-56166212.15136204
1407,-11113087.187166775
1408,-4675683.10588965
1409,11269588.15694183
1410,-38286814.860194385
1411,-30142231.2265175
1412,-2015111.2849605442
1413,6964651.570201735
1414,-23207092.19189589
1415,45614361.922685586
1416,21080027.766152628
1417,4125918.3381027253
1418,11724828.551658565
1419,15083925.646680236
1420,-7375540.164931715
1421,-29104964.464118235
1422,12275116.528474316
1423,-18064453.938970312
1424,15723199.017572433
1425,22947749.339356072
1426,30051943.635987185
1427,12999156.779316934
1428,-3825738.4658142687
1429,-4442842.409922616
1430,-8400730.904148828
1431,6340495.250766167
1432,-7663772.431378253
1433,6936642.860126695
1434,-3521475.2657096065
1435,-6459452.797143082
1436,4067411.8820361397
1437,-872216.4863859707
1438,17942516.665751778
1439,-10915687.61700293
1440,9745558.658192057
1441,-11024410.675382284
1442,-25697183.10841406
1443,-22955748.76044457
1444,13101269.754835969
1445,44344930.27733102
1446,47481764.46321702
1447,28801507.50391217
1448,1088227.281482222
1449,-46845837.2055483
1450,36725849.76424218
1451,-49363289.98417322
1452,-28693552.749260165
1453,-23357113.736231364
1454,10465555.144674523
1455,17326992.250558067
1456,-10506571.283297712
1457,1803657.5596916683
1458,-39378324.44464815
1459,54321680.17659321
1460,29778492.40018465
1461,19641118.855084803
1462,-33462190.396570146
1463,5769073.746519806
1464,5944078.341746294
1465,-3699624.8803363955
1466,14203259.063365722
1467,45201518.767716095
1468,8878223.24181067
1469,-47060929.33940227
1470,13886610.269889738
1471,-19521187.627943996
1472,10243128.905585086
1473,-31712498.492346086
1474,16694432.007392894
1475,27220087.727568723
1476,-16882805.790368013
1477,7583792.478919226
1478,-1722126.4497261331
1479,-2636677.3419227772
1480,14009363.54703162
1481,-5661595.679053897
1482,17591169.857809685
1483,-6289834.582771136
1484,37093629.8694504
1485,-19546372.63126051
1486,12008706.86314767
1487,41201490.55338006
1488,27178097.529076897
1489,21711508.701149642
1490,8969811.729384096
1491,-27405827.597907536
1492,-18648070.819815136
1493,42719103.66614188
1494,-17915032.182580955
1495,13500138.067893341
1496,-42107019.69665818
1497,34552150.485978596
1498,-19845427.796801783
1499,-39447334.521335565
1500,10703017.99050514
1501,20859718.256228898
1502,-11917723.83634161
1503,7979851.060032561
1504,39766103.211485155
1505,13010762.70393086
1506,6947111.772391138
1507,-15868096.119587522
1508,10461770.00848556
1509,-4987229.745348686
1510,-3815558.1017467333
1511,47097792.16192099
1512,-16715890.107991377
1513,11160285.141329058
1514,10038402.600626998
1515,-15743491.213547584
1516,10693513.28211959
1517,-20065096.67352715
1518,3859632.0542117744
1519,-187227.09317594528
1520,24260103.981943164
1521,-18214762.92104715
1522,8539664.492307903
1523,-9972833.487577299
1524,-41411593.77493675
1525,-4401365.890394324
1526,5265320.197088582
1527,9324480.539775345
1528,-11654042.2968358
1529,29076728.261748474
1530,6600651.384953808
1531,-44777448.528808
1532,23722696.988916848
1533,25439764.177360773
1534,20507693.40154703
1535,-20350904.207524847
1536,15668821.698183801
1537,26555507.65162654
1538,-20010911.700066768
1539,51507015.95002572
1540,10334684.43557352
1541,10226486.521611001
1542,24715625.16799514
1543,44708963.69982437
1544,25924400.26783298
1545,-28122816.27851926
1546,24227900.0342939
1547,19061889.62031894
1548,9597381.517922737
1549,28141431.10451163
1550,6383335.022378402
1551,-11907902.59074051
1552,3457555.059597953
1553,-19911260.0932037
1554,22036370.82268221
1555,30815127.131741446
1556,49055512.00490997
1557,9875011.320135135
1558,20931584.973402265
1559,11139176.379333721
1560,-461990.93293192703
1561,6377276.807279377
1562,-53445189.59590176
1563,7795689.279471342
1564,-20823213.127886802
1565,28529157.629074275
1566,-5156477.057745722
1567,21612753.499613013
1568,-13734997.90013828
1569,6954121.32485466
1570,1175789.0156068741
1571,15730641.162137846
1572,-7315537.743915914
1573,13668314.085161269
1574,668670.4279545007
1575,-4823946.760749064
1576,10572684.798908828
1577,-15939849.53848726
1578,8720510.875853904
1579,10771853.106794257
1580,-35623674.71734856
1581,21972204.170434527
1582,8832032.96935201
1583,51549906.99820475
1584,13971651.692078676
1585,-18241351.837490924
1586,19417011.80761417
1587,-11622467.06089418
1588,12773259.809039576
1589,45242555.336220995
1590,-24769482.338919826
1591,-7886466.061485611
1592,11170290.907157546
1593,37544520.87863339
1594,11444675.420454673
1595,10818032.229719369
1596,-11881989.34216677
1597,-9963131.458909564
1598,14083914.074044263
1599,-38303674.23009892
1600,-8045179.25595395
1601,-1293458.5941319067
1602,10172668.244919073
1603,-14758685.21387588
1604,3423144.106496344
1605,-1737922.828368865
1606,-7660617.694443958
1607,-17531691.30428079
1608,57431535.304011784
1609,28620767.321792208
1610,-56458315.860612035
1611,7276862.154284045
1612,-15157426.514095638
1613,21197494.356320553
1614,-4785245.419807889
1615,9792125.282121742
1616,-12586064.03069447
1617,8931079.299205549
1618,9057121.883866198
1619,62685782.52657549
1620,25107234.47357915
1621,60177592.67108307
1622,8207287.956644815
1623,-8044886.552836558
1624,20813122.76939031
1625,10379441.473602006
1626,10715435.689685179
1627,-8764499.004009623
1628,-10152849.28919393
1629,56636751.133605994
1630,9958553.377312753
1631,30027687.42315344
1632,-6789165.389317313
1633,22002763.903955124
1634,27522483.75124842
1635,23560404.257587947
1636,10804350.361294914
1637,-4364475.940364829
1638,-41953221.92932956
1639,57011626.157607056
1640,-38876461.909807965
1641,24631744.84780055
1642,14709140.680925805
1643,-15579662.286779007
1644,27194718.08844962
1645,-24447273.05948194
1646,29167933.353375115
1647,-3922599.4487643987
1648,8375020.14550415
1649,-27767349.570797764
1650,44491067.28065529
1651,1697519.863922175
1652,21010745.476450287
1653,-3967349.302607169
1654,15832746.912916135
1655,-49518053.280418366
1656,-49487031.56597139
1657,-3271832.951143373
1658,15952140.958113438
1659,-23209681.172996048
1660,13244820.122164845
1661,3499393.246144394
1662,8315995.533904783
1663,-35691049.11893603
1664,6498411.864714394
1665,-1456930.6706523155
1666,8116937.92046312
1667,-6731746.903987383
1668,10663853.179263169
1669,61241559.079908095
1670,18600101.99982143
1671,4740962.453231593
1672,24347672.94739812
1673,10172626.088322058
1674,-5381576.419654423
1675,-36615713.202809036
1676,36527861.879825704
1677,41210257.97664039
1678,-7702789.864985563
1679,16712811.612709373
1680,6610741.262511546
1681,26582236.532384604
1682,30306169.68935014
1683,-15869734.155986717
1684,-2765153.0485498076
1685,41675101.39060107
1686,5166473.410333981
1687,37787680.018445164
1688,-53980550.60946976
1689,-14359620.568697637
1690,-4705995.614558937
1691,26345244.24932284
1692,-15549404.18153837
1693,17083796.996880926
1694,7190311.357564333
1695,-9701073.035550915
1696,14714249.420689654
1697,-14684653.034498587
1698,17145215.270624965
1699,-830157.2890932466
1700,11653178.204724638
1701,-11958585.325395634
1702,10663016.961791504
1703,10248976.47521348
1704,15340301.251140272
1705,-4917837.628203673
1706,9698770.46443311
1707,-3878253.3019386
1708,7262453.510298577
1709,-32087507.933171876
1710,5554384.852932176
1711,7362858.25980714
1712,15306828.97834616
1713,16885480.422708802
1714,-972892.8152171222
1715,13837157.224594075
1716,10858668.043133173
1717,25517512.579668503
1718,-15734691.198070358
1719,-28916430.662333667
1720,11241549.743095275
1721,-6536085.314985633
1722,51031809.319966346
1723,7974417.371418382
1724,21572949.554447975
1725,-9861381.869015468
1726,6385809.303549193
1727,23058396.971695065
1728,-15197470.812352562
1729,-373574.0324225834
1730,-18552732.26570516
1731,4127881.672482124
1732,32488309.73159023
1733,36143596.57774206
1734,-10914447.72172826
1735,-8295759.984989954
1736,22630651.516650155
1737,-9941909.257677788
1738,1106050.6097939257
1739,-17046629.674968686
1740,-7119654.755656893
1741,11606574.751667118
1742,-740820.4077146668
1743,4632594.424834789
1744,9753304.029501922
1745,-5261286.8852020735
1746,25035325.806209587
1747,-10331942.921006415
1748,-22184900.21194415
1749,-4982460.807494385
1750,9412089.49096996
1751,-52095.86706870338
1752,47648103.175788924
1753,-969090.1803495983
1754,10234645.185057413
1755,-5702671.236699736
1756,-26429395.77820896
1757,939261.5891275831
1758,779334.8317859031
1759,3720044.5208936213
1760,28640211.90136669
1761,-4244118.944655923
1762,7101923.8420199035
1763,-29021399.95274476
1764,-20207082.66178623
1765,-12636261.041946385
1766,-4849949.053775763
1767,-5257423.946123557
1768,-32585652.437608015
1769,-38271496.94563418
1770,-27566076.935316145
1771,29433935.800342828
1772,-24341784.24872055
1773,-25957819.70261102
1774,-23743351.92262048
1775,-13938746.588454848
1776,-3865045.403435678
1777,-10624272.083961103
1778,11091552.23323925
1779,-7270234.636708614
1780,14713553.234986654
1781,-5986133.074337987
1782,-14138878.211480996
1783,5814500.667860668
1784,-38222026.618472904
1785,-11829599.7137862
1786,4766100.073790154
1787,-14100515.080120321
1788,-11895637.254305787
1789,22234804.17133244
1790,-19547789.483943965
1791,29115072.688653093
1792,-4006091.0522486763
1793,4818424.813229136
1794,-3539680.017544604
1795,-11088037.7965728
1796,-6484137.040989211
1797,6477058.594228396
1798,-57290533.285977826
1799,-35387843.19469682
1800,9151639.227609549
1801,-8913634.655733747
1802,14657768.915007984
1803,-5536813.463937678
1804,-34392385.53464555
1805,10511142.126511818
1806,12484453.35532501
1807,-33629890.56899964
1808,24559368.378728542
1809,4835872.137221106
1810,37617659.887532875
1811,44809991.56334183
1812,-17609664.4488333
1813,-20012888.985151503
1814,36178810.007087536
1815,56640792.9683731
1816,-60182920.90746431
1817,-12394547.664757686
1818,20533911.7528989
1819,-17556856.769333478
1820,22353898.49504216
1821,-10825427.440630827
1822,-4969677.457001841
1823,21365905.302787565
1824,-6603615.095160568
1825,-33798636.92723284
1826,14104502.219732752
1827,-4159311.8989334204
1828,8026835.860646042
1829,-4346343.273398796
1830,25383976.263263047
1831,-6351753.35272869
1832,8100643.04346661
1833,-44686910.61806272
1834,17548864.244200245
1835,-5308021.560240762
1836,7185707.909385237
1837,-1268661.3752826345
1838,9057570.877047833
1839,-3166599.915194776
1840,13252335.51433173
1841,-2492213.8233282138
1842,7458359.58397034
1843,-22006834.700702354
1844,31883497.233881276
1845,-3741883.156786879
1846,11276993.745233204
1847,8517243.664374877
1848,-4426590.512589858
1849,21621565.920085885
1850,-18892748.946719326
1851,8155444.9322749805
1852,-44838919.37886328
1853,6198456.875940881
1854,-1136238.8288288102
1855,42974670.442526765
1856,38260506.57457689
1857,33802643.607820414
1858,4507612.686827186
1859,-5760599.363029287
1860,59148328.776554786
1861,-6677470.975562647
1862,6162229.9136635335
1863,-17344744.61994909
1864,16861022.346685596
1865,25485385.133330025
1866,-2434062.829192781
1867,-2271538.8591412627
1868,-58231594.301560305
1869,52894499.571732804
1870,11008300.573259179
1871,-8043983.291805016
1872,-6589840.7312886845
1873,-10739205.709133526
1874,21230693.1945656
1875,-6274389.993155229
1876,57393756.71670649
1877,-27293951.953517728
1878,41306891.77409091
1879,11895720.588030243
1880,-3794904.6128857755
1881,-24427550.4470443
1882,-7235440.794718559
1883,8550483.072782379
1884,-12768449.00468837
1885,27669599.78404234
1886,-9556699.914469233
1887,13078229.511821946
1888,-7149698.110275055
1889,15510567.186260313
1890,-2942280.352984877
1891,29421848.540655404
1892,-156374.44572571028
1893,9414216.279949913
1894,-31843670.60477815
1895,29478785.461839385
1896,-8294224.801901989
1897,22603617.38825949
1898,713177.6890740984
1899,22803709.948479123
1900,-9964453.086790305
1901,35584879.88376513
1902,16045636.139993075
1903,11447118.420725651
1904,-6036963.288427838
1905,-5325871.170483703
1906,-33546592.51755221
1907,49589905.80455418
1908,-13987155.801498178
1909,19331812.779213477
1910,-36755661.88356779
1911,-30253542.3845073
1912,-52548324.28262571
1913,-18577179.561165474
1914,-1489442.1951796557
1915,-1101380.2279268496
1916,-26319101.372145303
1917,29104948.504240163
1918,3607158.5766339833
1919,-6737783.167006718
1920,8492769.46704572
1921,-6676119.699357314
1922,9546453.982411629
1923,-2020586.9608456693
1924,44480906.79212372
1925,8419535.734838737
1926,-9468860.58673619
1927,-5907000.27108577
1928,-428177.12959216983
1929,5900429.661110228
1930,-39237153.07243892
1931,-5467251.274689295
1932,-6283393.927837459
1933,11762725.292536039
1934,-20434457.873018604
1935,7675218.300390312
1936,-11157306.39932472
1937,-28336297.644135375
1938,-28971938.813912295
1939,4807399.161240255
1940,-11055273.42964989
1941,17639524.23640012
1942,-1023894.5894568795
1943,8659164.823417455
1944,-33039175.76484158
1945,16562079.943919625
1946,-15959858.513072455
1947,50131474.2132278
1948,2914101.2870846945
1949,20096532.098422807
1950,1653399.6583752332
1951,28217001.4172634
1952,-18610490.579829235
1953,-2385413.764951783
1954,868736.0259909134
1955,12731195.651161449
1956,15301924.296397489
1957,51909691.89305351
1958,-6766550.381406684
1959,-11475770.659681465
1960,12282369.8620443
1961,-27962946.524862647
1962,-8078024.857132937
1963,15080316.054220516
1964,35278474.93957493
1965,-12286952.60698674
1966,9760509.930045666
1967,27388950.97191582
1968,16073494.677556103
1969,9437573.166643616
1970,15629863.429218138
1971,-3654671.0108910417
1972,14338015.226394314
1973,9786.931411059526
1974,22042578.525279067
1975,-5000415.347781991
1976,9754615.518991595
1977,-2899555.261289551
1978,28812040.90306271
1979,2239123.592733455
1980,19173773.069896676
1981,-12638249.022312175
1982,17564669.909524977
1983,18336275.15755904
1984,-4927993.706166883
1985,20417044.868694007
1986,-21506697.866774432
1987,25687773.629509762
1988,226784.55730822575
1989,24049972.7038766
1990,-12150732.526780302
1991,5175624.507895912
1992,-23278243.55292765
1993,7770024.500096314
1994,-8407141.470346184
1995,50037536.64684271
1996,45767506.381474435
1997,18359697.47095313
1998,10319522.622421097
1999,-24937125.67328762
2000,32066561.113651782
2001,33684820.13993443
2002,24209608.505463835
2003,-21090165.581248634
2004,17503810.77351912
2005,36134879.84316498
2006,25707165.645417042
2007,-6178272.518631263
2008,46679106.624925226
2009,33299247.313876122
2010,-22719196.805127937
2011,-5391985.3900329545
2012,-51807320.55973834
2013,5056299.351356303
2014,37371089.475135975
2015,45428524.046890825
2016,-15304849.476925988
2017,11264427.3552355
2018,39297152.85106998
2019,15102263.242305597
2020,-26784873.714251928
2021,3516480.2441730946
2022,-10813428.468401013
2023,6710146.943006812
2024,-23024101.801232077
2025,15125890.025243407
2026,9509605.239707373
2027,7244855.82998669
2028,13480559.542350113
2029,-3086287.2582028033
2030,22519979.626496747
2031,-4411244.999947553
2032,13756898.025086293
2033,-3794881.8311382225
2034,6532160.563413018
2035,584921.5184017045
2036,-15776805.612541378
2037,5623462.706976934
2038,-4848581.265941007
2039,-2599056.424327883
2040,9527731.520795505
2041,-26905147.911121916
2042,5892190.690602196
2043,43362439.56980669
2044,9915882.824236307
2045,62029411.53336327
2046,12183938.020684464
2047,19772781.88684643
2048,-12547088.976511758
2049,16290284.327339953
2050,-10065335.15018754
2051,21519122.43315039
2052,4441548.856661429
2053,17219540.768129174
2054,46181582.33681287
2055,8503372.265615463
2056,-10248798.592456015
2057,18988477.197371732
2058,27572381.693825047
2059,585864.6619676879
2060,-18078525.583330773
2061,13759310.005620023
2062,12621549.200390672
2063,4814299.054497421
2064,-1839819.8712221396
2065,12910846.536675181
2066,39490555.68405296
2067,8757826.362144459
2068,43181539.43637067
2069,9211455.4351721
2070,-3769442.364248888
2071,9282913.875050435
2072,-8125696.754439773
2073,7269284.780422905
2074,6408963.299094472
2075,57762746.34203863
2076,-13960774.110262644
2077,12191854.546941789
2078,-5546245.742238434
2079,8084176.68460457
2080,1293539.9441930554
2081,14332579.262788262
2082,-51657284.73653295
2083,9319541.042838125
2084,-16403502.363817772
2085,2146425.9715422504
2086,10248360.2399477
2087,-9777940.215193095
2088,4101146.5145130144
2089,12460231.872098334
2090,13640742.276990786
2091,-45439608.863753326
2092,-2992635.196712843
2093,13550332.914314095
2094,61261491.18947317
2095,-30149476.394459773
2096,-6800524.865552199
2097,-23825872.138317395
2098,13680639.392574256
2099,36496633.05752383
2100,-17384170.73192494
2101,7829728.931222054
2102,25391891.05558859
2103,-24384932.84771784
2104,-20685354.31133809
2105,-7812594.724329156
2106,23008116.582713075
2107,-28499543.672061265
2108,40163200.74051489
2109,-28064362.66395997
2110,-42811293.4381571
2111,19592449.704952154
2112,-22060294.85693181
2113,9936789.009123405
2114,-3482157.182188131
2115,5683633.06966241
2116,-6894340.795514313
2117,15521215.374988813
2118,-6916631.847881754
2119,-3048502.282398371
2120,-39264776.48163127
2121,13197559.494034361
2122,-35529249.977170065
2123,9514973.568201352
2124,3221364.8387183705
2125,16733435.54133924
2126,-6588049.54498618
2127,8678340.365714557
2128,-27891314.120934296
2129,9633649.826281985
2130,-46200792.57417329
2131,10656573.776859839
2132,-22096191.30546108
2133,5933235.133921215
2134,20100579.376286946
2135,2062997.2761041424
2136,8286245.703082313
2137,39166860.06006007
2138,7561923.218429297
2139,-260537.27326770165
2140,22588545.68239045
2141,-7630545.266819248
2142,-25720708.615085326
2143,62825895.325279616
2144,22443930.933878615
2145,41616602.785575055
2146,1778434.2181797312
2147,-16008550.833509669
2148,27215490.877442233
2149,31150249.03045184
2150,2076285.7125884418
2151,-40577144.58717922
2152,12811810.371107984
2153,-20786836.581915386
2154,15489771.379510414
2155,45944610.753500216
2156,10817685.985247325
2157,-42100382.00847824
2158,29852242.831515115
2159,-33002217.20584529
2160,-6520636.569531713
2161,-29698989.059161074
2162,9612364.695613438
2163,-54936108.127905324
2164,52101249.49570752
2165,16583780.659184
2166,2522335.989829449
2167,1766961.2629296903
2168,18511106.516170498
2169,-4581531.012744336
2170,455654.3093192419
2171,5770975.778891664
2172,-7851997.77891886
2173,20968229.650686454
2174,6782048.075023363
2175,25004048.293795176
2176,-16582259.597686773
2177,24634260.62116464
2178,-3869180.0406315015
2179,40099882.37209631
2180,-14813477.982854793
2181,13929330.109961879
2182,10673104.139215559
2183,-6496169.034024118
2184,28570924.806860846
2185,-19759579.756175615
2186,14161213.32985419
2187,-13978640.540848717
2188,32581062.181402236
2189,-15906163.45173503
2190,8641498.563841302
2191,-13891702.123399388
2192,15701270.856912512
2193,27142217.358664196
2194,7996080.996473844
2195,-43155623.428131334
2196,-10354087.225181963
2197,-9697267.162433494
2198,16650126.959409034
2199,59680907.49197669
2200,-12563762.458768815
2201,8537897.124461114
2202,-8455507.651682822
2203,38756867.440505035
2204,-16621990.86903302
2205,18980107.733206484
2206,9690296.239768662
2207,-47901846.250135206
2208,-9355018.72183387
2209,12442040.408927651
2210,21907264.932273127
2211,10792896.063165309
2212,-16524604.678295279
2213,7338606.822345157
2214,-11072445.55641776
2215,4092546.8039864064
2216,8647211.945893612
2217,-13412720.391841404
2218,13547411.718667949
2219,13367106.564427694
2220,-16331680.630976662
2221,14921750.683521096
2222,-2391395.290247713
2223,10803907.400256332
2224,-151202.0989448842
2225,13438076.016733807
2226,8237609.702464966
2227,-9725382.717484798
2228,-14681209.617868822
2229,10162606.690777568
2230,-10671808.24804825
2231,-49626657.2085262
2232,46987000.193914935
2233,33173533.449007414
2234,27559063.343658626
2235,-15269417.478450801
2236,9168419.952738058
2237,14718589.37862826
2238,35856389.768573776
2239,7282795.768389988
2240,-5148854.07474781
2241,-10412216.977196354
2242,-12036533.052848171
2243,-36500843.74589376
2244,-4759882.617967412
2245,-25999463.044688936
2246,-9681322.614488337
2247,30851802.790260315
2248,-10813647.863775782
2249,-3902405.0929956823
2250,-6769813.279708935
2251,32308819.079917938
2252,-13857185.01299711
2253,-37070321.83630942
2254,-6672904.988399495
2255,25406683.38021676
2256,-5786097.921451897
2257,19438410.28354826
2258,-12170512.608492399
2259,-2276785.8404442435
2260,61107110.607995786
2261,-7097760.924957576
2262,5075889.578494714
2263,21495257.717722733
2264,-4318654.648617128
2265,38686735.38107301
2266,-24272240.138279367
2267,-21636951.576652456
2268,-2297579.0838169167
2269,20614581.531546123
2270,-10275160.940715963
2271,15314042.893273095
2272,-151465.83254168686
2273,29371521.103275638
2274,-11277692.51509769
2275,19989883.072398957
2276,-12137155.949803893
2277,5129815.881487934
2278,-3910842.3662345083
2279,38063233.65650378
2280,-7918675.447289607
2281,876851.5485128288
2282,-14085657.310751911
2283,-48594222.31786287
2284,6019156.245004395
2285,-12396823.166305143
2286,-25787105.511263825
2287,-1795645.7965901154
2288,13581491.03458659
2289,-7816537.117720422
2290,45104616.87055195
2291,-11334705.4714446
2292,55138385.35920791
2293,-4279086.240483213
2294,-15370228.212035945
2295,13927142.29478401
2296,-5334436.150236452
2297,-3485599.713993204
2298,8270946.497310316
2299,56589424.86278577
2300,-4713863.300593526
2301,-52454939.450622775
2302,1391660.3815265198
2303,6447667.281407705
2304,-2085453.9365667873
2305,47761188.68060531
2306,-1194313.6024522833
2307,-42247583.44417733
2308,29676816.13877661
2309,59027066.78173219
2310,-1603890.611312683
2311,-34209332.76789594
2312,-1692155.6445736862
2313,11532398.662187295
2314,7678024.043330252
2315,-6982790.161511853
2316,10922052.613401257
2317,1474574.5203847853
2318,31221473.58539779
2319,-51114117.18197598
2320,53095474.55207955
2321,-5886529.981919946
2322,9057156.461006677
2323,-14998376.70529981
2324,-39499841.05733729
2325,-6261630.202127542
2326,22851107.007321157
2327,-4929397.287994062
2328,-4508238.970936189
2329,-28219763.46734444
2330,-36376471.875994705
2331,-5583948.513678103
2332,10397446.717962453
2333,-1612187.7699086636
2334,-9193126.476322522
2335,26188967.897171278
2336,-14639097.988834057
2337,-13926884.403053036
2338,2048346.4809664674
2339,19015345.702729743
2340,-9705233.73277361
2341,15071307.366860906
2342,938522.2631712612
2343,-10860077.816687679
2344,-3067283.4936760375
2345,20623510.48530362
2346,-4046937.310388969
2347,15046634.811237017
2348,7721830.56269594
2349,-33293766.555036675
2350,-16878658.657039367
2351,6017947.451553991
2352,2576418.3952366384
2353,-8343298.929828314
2354,-2375373.099240261
2355,6441827.218261344
2356,-6460895.664417079
2357,-418310.0352082775
2358,-9270158.8233899
2359,12844609.469471391
2360,-3898586.0810635416
2361,17028675.335552733
2362,31623242.12965227
2363,-16381737.98739327
2364,1615134.056432279
2365,-31343220.231300734
2366,20045262.849003367
2367,-6187192.230746415
2368,-37337949.56492545
2369,9964468.71995483
2370,62023243.62532191
2371,-19157039.1257695
2372,-57177224.12856158
2373,-640905.2346685298
2374,-8870018.084946677
2375,-21322836.022139385
2376,-5834058.2037755
2377,-7414018.155522319
2378,-1683120.8504863698
2379,-10189125.347267535
2380,38810865.8974167
2381,-22390805.435757894
2382,38857468.66639304
2383,-2862971.2688671052
2384,-8862214.174052645
2385,50882621.82420504
2386,-6377778.157400879
2387,-11994967.308713978
2388,-1462549.0850138483
2389,30536700.041000973
2390,-2366828.5001591453
2391,32662450.21960596
2392,-367964.10361793265
2393,-20811767.744366974
2394,-8590923.039479394
2395,39294981.280917645
2396,-5465318.364525191
2397,-42214743.10976862
2398,13397250.551285727
2399,22065745.59958943
2400,-6234409.012515938
2401,16497674.329811335
2402,-9921967.641269637
2403,-12797439.209863808
2404,-15788.659392904072
2405,12966923.738598088
2406,20752980.87826898
2407,1937807.44549972
2408,34402485.142940655
2409,3571891.9152652407
2410,-2366699.1048778784
2411,15951356.159474393
2412,19552138.78082802
2413,14049638.776299423
2414,-24004309.929259744
2415,-49230326.52310713
2416,30049763.4782269
2417,24371394.15774874
2418,18984515.97435405
2419,41330328.21067239
2420,-40888687.22928705
2421,38568260.974939935
2422,9483116.727323385
2423,-7758310.639365444
2424,11163654.639000937
2425,29395443.71150549
2426,29724400.439753987
2427,-15246695.965658832
2428,3321361.7687425436
2429,-18498320.595914014
2430,32184160.13648174
2431,-26998133.527663797
2432,14399271.911923343
2433,4875223.484048874
2434,9199952.775848856
2435,-5961041.232408184
2436,10145086.551965252
2437,-3843065.9408045313
2438,32059502.14010272
2439,-1182513.8241393198
2440,13742553.820849806
2441,-13454913.89367213
2442,8298849.25196345
2443,752314.2935967136
2444,37840181.56309857
2445,-23321016.277167063
2446,18171286.206205036
2447,-1566916.6468926438
2448,5940638.484184485
2449,15626475.031706452
2450,-3290570.614256966
2451,11482586.662987713
2452,21982545.172859978
2453,-32910131.405230545
2454,-3430999.9499450163
2455,9928168.678541448
2456,23986821.748431474
2457,-2990628.7414306444
2458,15024907.705758035
2459,5243296.663202468
2460,4845843.376802213
2461,-52722942.362765916
2462,12294413.612197738
2463,-13215475.60102934
2464,-5089991.079890503
2465,26603193.056952495
2466,-17718528.673780285
2467,-27562142.74694305
2468,-2425695.6358864023
2469,18520085.939321257
2470,-27028128.179032974
2471,-1612525.073420395
2472,29956254.62657134
2473,-27681560.767392825
2474,24979201.51814684
2475,-8169204.263839548
2476,-33153987.917968165
2477,-32231484.190803695
2478,8905497.940016579
2479,-18475737.895284902
2480,27754469.62110878
2481,2983133.3820591336
2482,37321144.12159476
2483,-7862119.14994702
2484,16678078.78869023
2485,641457.2177089611
2486,8880812.316693362
2487,4953149.845711851
2488,18374188.419144083
2489,-8080533.5314106895
2490,19631577.013536543
2491,5135613.875229594
2492,-26355182.52383694
2493,6349501.782326996
2494,6008045.87755641
2495,22021211.029229794
2496,-27827917.362962373
2497,-18452189.797157012
2498,39614390.91301419
2499,15856998.17697809
2500,14526757.589421293
2501,29622255.52798649
2502,-5824588.449510666
2503,35402626.88812323
2504,14719659.522131244
2505,-15225495.99662381
2506,33958644.41657128
2507,-3523950.829438803
2508,-39399887.816941455
2509,16957027.949498594
2510,-18797290.816720538
2511,-19587531.550957926
2512,-9282755.89066346
2513,8833151.487786947
2514,-33704286.01444349
2515,-36248552.36662137
2516,-10981013.38122894
2517,13332992.074763067
2518,55249816.40706351
2519,-4498372.911607224
2520,7807124.863880867
2521,-19025771.27075071
2522,11123733.693846582
2523,-8625666.51139643
2524,25737322.95133925
2525,-28668406.68113165
2526,25770540.99525582
2527,-11469655.751287956
2528,-12861205.078369278
2529,8471604.128458705
2530,28739212.146015286
2531,-2277981.9349370603
2532,8673834.962185632
2533,-3095067.9156063274
2534,30237659.599034794
2535,294578.8708949903
2536,21896420.601180453
2537,-27924977.216731578
2538,17636302.863865484
2539,11089234.260755097
2540,-18272388.686413422
2541,-34231546.28076772
2542,22081724.844257165
2543,17815586.91927688
2544,-39777560.79616166
2545,2894143.1774600884
2546,60689940.43419111
2547,2170212.1590898414
2548,62771579.351798035
2549,-35187613.98612757
2550,15145170.795222005
2551,16006012.218306769
2552,22185874.68570857
2553,6977070.02366658
2554,23922349.729268797
2555,7385699.849844163
2556,-26027954.653988134
2557,10937077.933359953
2558,-5254835.453578475
2559,13491166.207460534
2560,49531705.01830918
2561,22152705.152815852
2562,-8309933.644407054
2563,4412451.057627464
2564,39376640.15679481
2565,-7245625.304644118
2566,41099130.990334675
2567,-12890521.87001568
2568,12039695.55725047
2569,-6099248.203924114
2570,13990102.92481037
2571,1198438.0427460987
2572,11623307.922391921
2573,17136336.391326282
2574,-7771440.952584465
2575,7461259.401938893
2576,15595767.606061
2577,17243347.588891406
2578,-9115941.711549612
2579,45598341.64008786
2580,7912702.6696305545
2581,49373697.13638919
2582,-8012064.828278972
2583,13251842.450854188
2584,-35802991.59034366
2585,-18560431.9369755
2586,44700354.04597419
2587,-23853942.561674397
2588,-40445087.223283105
2589,15974572.897849327
2590,9705146.731986921
2591,-48928382.04662894
2592,38044856.73951582
2593,-14170696.818116028
2594,-3623056.2207309096
2595,47954709.81413139
2596,-30968541.53028662
2597,6625609.395733359
2598,-4820333.937324225
2599,-4780589.538843389
2600,25629641.99675303
2601,37106231.32085325
2602,2667256.6100818794
2603,-6634380.744713641
2604,6925753.908264877
2605,-21017058.20691973
2606,4660286.106271323
2607,-12144882.117018126
2608,21486028.521459036
2609,15358328.496158853
2610,-5078466.099569529
2611,-7473962.6284027845
2612,12855999.692216743
2613,-17606799.87013852
2614,7434672.952121267
2615,-3915981.9346938096
2616,49223541.58017405
2617,-20296611.118659902
2618,10436298.258675583
2619,-24420173.98017312
2620,7805323.357852124
2621,2674423.023069787
2622,21682543.10816883
2623,23210830.086703986
2624,-478745.72210943827
2625,22070644.146415796
2626,18688500.560161117
2627,17589148.548155587
2628,6308252.298907268
2629,27091292.323599827
2630,27198519.265895754
2631,-15174522.439086765
2632,23505321.13644979
2633,14485782.259115428
2634,1474368.988622637
2635,15714795.624933992
2636,-11641222.49296992
2637,7967917.314958783
2638,-8380743.336907139
2639,11698437.252204824
2640,-30691543.40086437
2641,-1823748.4381572753
2642,-17029555.37271897
2643,12860632.213991743
2644,-5664932.859665104
2645,-33179619.50475934
2646,5163109.683282093
2647,10284702.359666651
2648,-14089233.00875881
2649,4113814.5016857153
2650,-5907595.221558797
2651,-93026.11350311316
2652,-8794824.915581692
2653,12747596.778754711
2654,-2590182.659202518
2655,13705438.877816182
2656,4562303.678029472
2657,19978104.64524067
2658,-16906036.09333416
2659,-31537203.473280746
2660,-2911654.5086731566
2661,-45660928.3505945
2662,-5054761.705053566
2663,30386884.387455285
2664,-11824093.074945807
2665,-8217151.863978386
2666,-51741071.58356257
2667,-29131894.55949844
2668,11859129.55910393
2669,-44064777.30306496
2670,-6646094.917236233
2671,20149909.61104096
2672,22672806.562304035
2673,-314078.49161066103
2674,-12465004.103165079
2675,8568603.747771379
2676,2416542.188936501
2677,-33059976.862480037
2678,6515680.980605645
2679,-13379149.819490526
2680,16907288.41950164
2681,3563205.9806904504
2682,3262005.502583413
2683,-33426618.537933063
2684,4783411.591307609
2685,-29787176.470631562
2686,-8799260.032566885
2687,2187481.9782665106
2688,8703427.282044796
2689,16818480.633810364
2690,2362450.4918240425
2691,-14802050.651738007
2692,10229476.091689043
2693,-12443191.446864726
2694,-24449526.831164196
2695,-286634.26674196025
2696,37532681.600025274
2697,43538222.28559567
2698,10803991.204164675
2699,-37281814.32778339
2700,17204249.212555893
2701,14863576.330732033
2702,-10143016.596727017
2703,-10563251.12613463
2704,-36090699.9048383
2705,14691273.86063703
2706,26067679.069298245
2707,45833434.33060991
2708,1557304.6787083293
2709,23414376.87020623
2710,4205076.136531024
2711,24865061.1753679
2712,47924214.43359906
2713,-8720202.90448052
2714,-2596096.8735294053
2715,19993531.533394497
2716,-10172522.04604589
2717,24297249.92888364
2718,-2804754.2045050478
2719,6933589.71482217
2720,40822831.08418293
2721,23321.868600200025
2722,1101153.0846246476
2723,-45762082.63709731
2724,15646252.479134072
2725,2432284.7850783067
2726,17357464.542778205
2727,-4929450.6752567245
2728,22317166.9960792
2729,-11443826.729547422
2730,13187523.853381189
2731,1788871.729087536
2732,12718854.03736662
2733,-5441729.865219208
2734,43131262.41795108
2735,5095066.693834373
2736,-11015111.522337744
2737,2262408.2396010226
2738,-5764780.280214139
2739,-35796809.85074307
2740,2579724.3416809617
2741,-37895472.205457665
2742,-15105612.763202015
2743,18562757.51605275
2744,-50570830.06581865
2745,-21449667.07753641
2746,-39477168.86633797
2747,24855920.560368758
2748,-10594584.251025947
2749,-5108119.989807246
2750,-19540130.08623171
2751,-24304193.490514018
2752,25181487.222030837
2753,23564118.84224214
2754,-18093446.853141136
2755,-8334425.638851276
2756,34579534.99533299
2757,16000358.597935215
2758,3092220.3181387377
2759,6270691.229419303
2760,-15437366.431412151
2761,16075379.636337068
2762,-32714176.95229342
2763,-7695621.139921677
2764,-4533240.628414361
2765,32803298.130228918
2766,-7334439.001405083
2767,40964426.97504951
2768,11584075.787872922
2769,26022740.89052767
2770,-13541401.570866004
2771,13042961.093885692
2772,3222512.5338457655
2773,6002135.244405038
2774,-5881108.061025793
2775,8718224.7985768
2776,-7027996.932878588
2777,27936513.991314083
2778,4684217.918661807
2779,-25473398.70407831
2780,-1078931.8000594154
2781,12710031.239773761
2782,-13254184.163624745
2783,4231702.404208805
2784,-15629799.564155186
2785,5387686.78451254
2786,-5129402.147381075
2787,14735845.314819435
2788,12209743.39382528
2789,-23791266.95754242
2790,15645234.992911628
2791,2071318.2737593595
2792,40048510.65187504
2793,35170989.71263479
2794,-14824377.489045579
2795,33975109.00413866
2796,6836793.094437192
2797,25918990.45413933
2798,27311158.887660943
2799,-19917551.911709867
2800,-52437702.102703705
2801,44492449.355931476
2802,3762655.7149333693
2803,-13421189.912013026
2804,36888302.35193315
2805,-24298592.23074025
2806,15347840.25676688
2807,-10252590.886149423
2808,-29320149.504037075
2809,10395631.952636043
2810,-10607654.857582586
2811,14533038.144474858
2812,-12466353.99221365
2813,11311648.23461036
2814,-14958246.736352047
2815,-13712863.862991896
2816,-14106175.446098652
2817,12081765.23949571
2818,504202.86001540505
2819,-3132551.5650105136
2820,31538590.68833847
2821,-4289485.832854315
2822,10903695.868209515
2823,-12613898.307868296
2824,11241545.266562063
2825,-3371216.3655554354
2826,4682837.354303442
2827,37540.33204093324
2828,-48253330.09994106
2829,30355395.8685926
2830,-23246634.546603657
2831,10497466.206906557
2832,-2101097.384464245
2833,18831188.76459623
2834,12617514.940553922
2835,1099229.845363349
2836,-45508320.90620565
2837,-18034971.58908067
2838,-5390795.155403853
2839,6704984.758616967
2840,-14462178.190071205
2841,30305994.789638568
2842,-11898403.445083627
2843,-18732627.504048295
2844,2348002.765553317
2845,-20049293.471302662
2846,22220981.002480783
2847,-5167785.48870402
2848,-800701.2756889074
2849,4575596.235849214
2850,33440288.782768868
2851,-5599721.129110787
2852,31609377.51236829
2853,6205906.045408143
2854,20826069.59877233
2855,-2795983.4827018674
2856,1515393.405298798
2857,777390.5659684965
2858,22743345.493721455
2859,-9349542.423167907
2860,-5777386.605461856
2861,2019893.0356903307
2862,-36247056.460277416
2863,12219881.14455965
2864,-4759491.197338739
2865,29508714.540850587
2866,5706780.425013849
2867,14913576.34741568
2868,-4279518.119986332
2869,16516911.09296372
2870,-2643120.345235436
2871,61953511.05804163
2872,-886541.9761365816
2873,-4648580.9591950085
2874,-48527199.39764662
2875,-51422068.26064345
2876,-25874984.674990147
2877,863801.2385597009
2878,-16465656.226624295
2879,-41711948.55382559
2880,31625429.481950365
2881,-30553314.601925492
2882,-553545.3321040169
2883,-13346149.206532072
2884,-4592481.28547199
2885,-47422272.481692836
2886,-20819125.446943507
2887,6423299.255955937
2888,-10506498.170522302
2889,15344115.196962992
2890,-4462091.292277589
2891,43442735.94466038
2892,-3279939.264857129
2893,5075148.254304146
2894,29296622.12729468
2895,45048467.73160216
2896,-12162494.231360793
2897,6629496.214412522
2898,61391632.32030873
2899,-10646417.908336092
2900,8926357.206215704
2901,5099342.071245532
2902,-3650314.611950282
2903,8140278.8231941955
2904,-8964230.83727699
2905,-31219911.627535533
2906,9182551.735592699
2907,23322529.247794583
2908,-48218713.08598776
2909,35497288.70637795
2910,-3970982.4530326566
2911,-23147585.026065767
2912,-19603243.844789464
2913,12040778.677022278
2914,-8745429.724611236
2915,7771996.003217941
2916,-27727482.06396827
2917,17978843.34139102
2918,11622999.418685425
2919,-5983049.726574617
2920,14636024.129893404
2921,-15745569.408479158
2922,13424531.91367338
2923,-13050468.11163808
2924,-23938689.51525348
2925,-1978994.2389123193
2926,-8803237.752788274
2927,49047088.12344234
2928,43876929.22732391
2929,41469835.70688281
2930,37698578.57479803
2931,24945923.58562712
2932,-12426663.802252123
2933,-10804141.605732365
2934,-826478.6293706498
2935,32948526.603478927
2936,-5400861.72402516
2937,40264650.8973662
2938,-7500908.5159864705
2939,-3483106.054880903
2940,-4680961.949158545
2941,29576361.50274185
2942,-3440517.3226615554
2943,-1813304.1792726251
2944,15195225.855685059
2945,2385696.0545064565
2946,-10493983.7585643
2947,6517364.473287322
2948,17354195.123142924
2949,9803968.928671055
2950,-3595027.63742636
2951,25888080.134017486
2952,630278.8185734374
2953,28102901.06561532
2954,2616295.247886543
2955,31875050.38906769
2956,-12986668.42554142
2957,21679746.55217763
2958,1626550.325544997
2959,-3775550.6362978322
2960,4541849.870645125
2961,-894948.9324128529
2962,-31734962.785991974
2963,12741940.148955386
2964,-9417853.779033627
2965,22153052.299209878
2966,1877278.70518961
2967,-25430448.860081155
2968,-20624767.2095538
2969,27603701.12715452
2970,58317328.048472025
2971,-24698313.814709097
2972,-20999863.4654758
2973,43251800.13566961
2974,50055651.69174738
2975,-23993336.26352074
2976,-2203611.737903419
2977,22999696.633449253
2978,10241853.673811002
2979,-10224426.71116164
2980,5703689.829818272
2981,-28679557.4498805
2982,-5261339.82181976
2983,7100159.490012062
2984,-26132581.93877098
2985,10777714.238687206
2986,47163221.19793454
2987,-13370828.1835709
2988,6616838.325549214
2989,-20057737.607364517
2990,11241675.497608457
2991,-1182656.9368915323
2992,5721467.29201182
2993,-23323991.690581273
2994,17355308.34284869
2995,-7234247.50261014
2996,-363403.75393698853
2997,-8917041.127017353
2998,12953238.694143508
2999,31871991.648588322
3000,69371.22660151911
3001,19436438.673746206
3002,52631208.41171708
3003,-8259370.4012778755
3004,15786072.145381209
3005,-8050239.644433555
3006,19650195.436375126
3007,-20339171.8791711
3008,19940838.068871118
3009,-16753807.886378556
3010,39009684.98526101
3011,33664827.72386837
3012,29558760.27451803
3013,-14279228.088333422
3014,-19633357.39306197
3015,24251497.969357945
3016,28483815.08659626
3017,20453153.308681004
3018,51207432.84362304
3019,-8660632.94356419
3020,-7845960.228668926
3021,19754435.7713468
3022,-23415318.66460407
3023,5777660.44394662
3024,-15657534.380177658
3025,26842881.456966933
3026,1251487.9693128336
3027,-33823523.20100209
3028,4871572.929718105
3029,6872551.711030166
3030,11233435.416698435
3031,-12805684.34058602
3032,19162513.51022499
3033,-6863115.5388829885
3034,-872238.9729400582
3035,14614836.820923422
3036,-12336248.63770122
3037,14288997.159800395
3038,7899673.613149924
3039,31190315.13490956
3040,-35048178.172580406
3041,11292603.695128772
3042,-18856105.22939403
3043,2875204.0026218696
3044,27647273.435501944
3045,-37833546.021764554
3046,20346791.283628635
3047,6680362.650392974
3048,17018411.010526277
3049,49220295.52811371
3050,-10381875.514104355
3051,218726.39284523926
3052,-21425018.001189124
3053,-3209672.30736839
3054,-32679521.911856122
3055,-9570525.119164608
3056,42237761.71065541
3057,-10319191.231373511
3058,15408576.525219858
3059,-38165906.30866908
3060,18996600.558244944
3061,-4530281.874046666
3062,10266380.44203512
3063,-36924282.30922417
3064,18705338.422523107
3065,-4209663.668060551
3066,3211275.809303813
3067,-3212900.1528990124
3068,10434833.849996166
3069,-6117048.797874025
3070,14511906.81885319
3071,-6677232.351934852
3072,15919717.411676869
3073,-9633287.937706549
3074,11898799.957507085
3075,-9709241.608694926
3076,-18481241.229422346
3077,-658147.00091092
3078,26586254.543163497
3079,-27549320.844855666
3080,12356052.176220747
3081,504386.80799588235
3082,41274762.059984334
3083,-202262.62647654428
3084,22702517.991781935
3085,-17486860.987540875
3086,30221770.507948738
3087,-23234250.88119625
3088,44804905.01342388
3089,-26553333.469018094
3090,31213275.713363774
3091,-15658816.430544144
3092,-18447714.58575093
3093,20224323.663661744
3094,-27253524.26023394
3095,23204560.824237667
3096,19480940.273126476
3097,40237016.08103521
3098,-25050752.457035556
3099,20149566.581311412
3100,16566774.98482751
3101,16434400.00771656
3102,7684179.44215736
3103,-13368873.765692133
3104,3784386.668238245
3105,7971282.061487891
3106,33874389.76669809
3107,-6058714.15220171
3108,13459996.421942571
3109,51509683.20109832
3110,5756545.494618047
3111,9010762.218709465
3112,11257074.849509288
3113,-11373503.223226134
3114,5372346.660216596
3115,4713186.496751573
3116,-3482882.2028876618
3117,7299870.504924391
3118,-7247774.707003939
3119,35526472.766016945
3120,-19734489.596896168
3121,10756790.996967113
3122,-22734205.18099459
3123,33028507.29157914
3124,10845503.332723688
3125,19285283.82468289
3126,39242877.76945824
3127,-16243320.062757138
3128,-30114523.390730806
3129,19168007.915295444
3130,-24768852.07582525
3131,46467358.06471599
3132,51169963.475502685
3133,30453177.320242308
3134,57021033.90080297
3135,23340773.157752253
3136,-19823180.443189587
3137,9172161.313162277
3138,-1085504.318579249
3139,22242951.453438632
3140,-19701178.554870564
3141,14919900.390383547
3142,-5300209.62380729
3143,48194787.34641864
3144,-10671842.95640716
3145,17718646.58181793
3146,-24200941.724095736
3147,33749217.58482433
3148,43803312.77459598
3149,12942590.433369424
3150,-12373702.842610579
3151,-10366914.547367975
3152,-18712425.678019956
3153,18107073.994396634
3154,19271649.51990565
3155,-6683040.68604072
3156,8416364.65519904
3157,54823228.443733275
3158,13475219.671602402
3159,-12402197.192411318
3160,11406978.055459697
3161,-10421479.328574602
3162,9694491.122132493
3163,1049693.4972208217
3164,9611530.745996028
3165,-17160210.589671537
3166,7503447.694733083
3167,10624181.76248675
3168,24638170.00950341
3169,26578554.529854875
3170,8220162.822910016
3171,43697912.76627074
3172,11992190.435633266
3173,-10887330.93709938
3174,11055661.492560958
3175,30512671.270974606
3176,17101929.532534808
3177,40341176.00307535
3178,13308567.490277635
3179,15488725.6964762
3180,-7064113.47369429
3181,5137006.988232571
3182,-9589233.448471135
3183,8208563.940076167
3184,-9807131.634165857
3185,25243388.38524366
3186,11685463.45527916
3187,21023089.614272736
3188,-11218320.298935866
3189,4381449.890198591
3190,-11969141.221447986
3191,-21480020.581686176
3192,-6021669.568551669
3193,11824483.53085895
3194,-12725134.074483115
3195,48743875.81830115
3196,-285994.98648485687
3197,9787452.67933335
3198,-7517508.864110321
3199,27513590.42461909
3200,-5894925.796075093
3201,28589834.714791484
3202,12570865.962680615
3203,-11167463.900273466
3204,30187530.544034112
3205,-5912190.001212338
3206,5839894.789279907
3207,31421211.699608553
3208,-12082841.305695334
3209,27626688.147407215
3210,-7121978.114636986
3211,29776449.70175329
3212,14093474.570430716
3213,5861603.672736389
3214,11297697.941461429
3215,54374425.4387988
3216,26584530.926677395
3217,4525266.92918278
3218,35145142.37213898
3219,-58320704.030708075
3220,21779427.339750838
3221,-6379498.082942371
3222,-35777392.92846826
3223,-15584459.971137915
3224,18085615.303285543
3225,-752689.5074685154
3226,33481209.99513374
3227,-5872853.763628815
3228,5777569.476167005
3229,-5174160.0403399505
3230,26348526.20529389
3231,30770424.164539654
3232,28231152.838176113
3233,1248383.9927810635
3234,7570969.685184903
3235,-10514736.250393186
3236,16936418.45026661
3237,-7158398.072370753
3238,5387582.085001741
3239,-25953014.414357245
3240,7585822.893668676
3241,-20382984.189471096
3242,-17492782.658991676
3243,2209805.7027379903
3244,15070852.762813967
3245,-27601766.661134023
3246,27451436.91958779
3247,-10228859.38921267
3248,17083833.898887347
3249,-3861543.3512068875
3250,-47084021.226823315
3251,7109108.852146229
3252,-52755593.48078397
3253,-19162115.48461577
3254,30634308.75761916
3255,-57605473.70928868
3256,19041833.20353893
3257,15599418.626451487
3258,20647987.325203843
3259,-22991886.05182271
3260,-2331010.8686462194
3261,33149044.827083994
3262,16897247.92017839
3263,-45220681.91945113
3264,50348185.53286423
3265,8237048.799159708
3266,54413087.551326
3267,12444122.620118203
3268,-12261994.06075186
3269,-32431769.136735223
3270,2328571.8023218573
3271,9716792.53873763
3272,-12049169.023233216
3273,14612958.7481805
3274,-15677649.642795298
3275,42736880.966558814
3276,-9600770.331276797
3277,9373556.967233738
3278,-10128439.338880165
3279,13776795.319485744
3280,456028.47329806007
3281,14274285.284812948
3282,-7621476.031569575
3283,10211649.952280808
3284,-553276.4374867892
3285,16243628.593405928
3286,7125289.701840622
3287,35757667.417015664
3288,-5185478.167084172
3289,12537915.696583478
3290,1532750.8830111965
3291,25320385.56139932
3292,-4188859.493840719
3293,19303400.634089652
3294,-7364062.933489176
3295,-3829826.2370683393
3296,-25648137.733549513
3297,12003042.05035666
3298,-2560198.68832478
3299,-9019238.51923595
3300,30806982.237154245
3301,12130224.140320513
3302,60941373.822357714
3303,5710177.5574297095
3304,-7371599.6043072995
3305,-11033904.038396012
3306,17826034.43703574
3307,-41875032.717500485
3308,-3803291.219045424
3309,27243822.726906437
3310,8269608.708329536
3311,-13835248.016441133
3312,-17098478.086468477
3313,-10795838.768037433
3314,16810086.68208564
3315,29124762.27779898
3316,13627683.71331105
3317,-2165672.57973342
3318,-9680061.968634125
3319,8840039.261317475
3320,-10718404.938976187
3321,-8983860.767939445
3322,-3156299.4875897234
3323,9950286.839286122
3324,-48504912.586321145
3325,42496988.69338681
3326,-4382056.317655994
3327,41512041.449616894
3328,8242970.280593249
3329,-15939807.998935124
3330,14059621.670360427
3331,18555346.37300984
3332,12258815.40652094
3333,-12537869.84713581
3334,-3899243.3232161785
3335,9904108.955379386
3336,41260840.28042179
3337,-2479929.993808748
3338,5025199.127160838
3339,-35040202.42710858
3340,-20729305.13546308
3341,-29728376.0858338
3342,-8766680.256506126
3343,10862805.605392069
3344,-4914291.625187134
3345,-47116948.55138193
3346,-2580859.077461481
3347,-6292719.134571864
3348,-17245556.56447401
3349,-11387283.724141873
3350,-21163702.492606435
3351,-50796373.52790976
3352,-14802697.130719448
3353,2839127.108447477
3354,-15932523.434676016
3355,31416280.07180678
3356,-16670537.098741049
3357,20742307.646864556
3358,-5669800.465656099
3359,11184082.490750235
3360,-20755291.620514702
3361,12178835.850269984
3362,-4844381.313009733
3363,-32072705.506287415
3364,22725160.66255733
3365,-7530082.143650705
3366,9082933.349514442
3367,1000207.3223920489
3368,-2018374.40424442
3369,31103006.624522757
3370,-12401511.1771116
3371,-3499237.589182715
3372,1992877.900400269
3373,28993163.136272036
3374,-41487807.31991944
3375,46666849.91462214
3376,-2060413.2462765991
3377,-16035405.694823092
3378,-5807917.80364273
3379,-18307416.09076876
3380,-30439447.733090557
3381,6280615.374208658
3382,-13134751.746493137
3383,-20068946.434503682
3384,-2035412.1068062768
3385,140917.57827585196
3386,11505526.861028833
3387,8436918.869637629
3388,9818677.584652562
3389,-1314768.2482207473
3390,15481249.808390226
3391,39067341.24275769
3392,-1674492.7034607504
3393,-14585812.002577364
3394,56584389.603459954
3395,-5491046.14792911
3396,22362509.353988066
3397,3235274.8396418
3398,-4496208.394169604
3399,-31357025.148341767
3400,-38041188.83139126
3401,-4079812.198037263
3402,15146261.48246029
3403,652563.133679066
3404,22446979.84607268
3405,126790.4001264526
3406,13733800.257825132
3407,-7764277.901029868
3408,9210508.116212567
3409,2730701.152745883
3410,-5871223.256917384
3411,12018617.937257513
3412,-11712041.383996919
3413,2026315.5359021598
3414,-6992311.373803842
3415,-18402064.576122023
3416,738654.9410841616
3417,566698.5830028683
3418,-4178644.1779456316
3419,-22965680.25711236
3420,-6210640.835452485
3421,2814295.8853778625
3422,-21056267.06452162
3423,-22918082.08594634
3424,-12203582.040092317
3425,8562337.424975168
3426,-12852243.343679274
3427,-2594634.3518940723
3428,-2279833.6082054293
3429,-12107183.221019184
3430,-11018618.504737183
3431,13290430.903282888
3432,-2564560.6046553217
3433,-17810314.630761538
3434,22425.817807509426
3435,-12905528.052043032
3436,-13205344.573815221
3437,22560993.87701545
3438,-20434782.537372336
3439,5872941.714144853
3440,1904173.283041543
3441,8752079.345401775
3442,-36782188.839459985
3443,5386726.839124816
3444,-51478192.876046695
3445,55057605.41098146
3446,12444575.479248479
3447,7522609.984410199
3448,-8078074.625077705
3449,8009686.110729707
3450,-1693697.634744098
3451,25992906.456113257
3452,-24334146.669077016
3453,1944164.6775318694
3454,-9615684.257802354
3455,9629574.567855492
3456,330911.8964334146
3457,19920995.441090874
3458,34100403.75307149
3459,39806126.35715192
3460,35473231.39424113
3461,31302863.96795141
3462,-25426998.380419843
3463,-13991152.755146999
3464,17038257.045142755
3465,14798976.80797638
3466,-28944658.80335149
3467,16370256.920856044
3468,-10477272.132592376
3469,14765430.523426991
3470,-29417591.081382208
3471,-28684815.066841006
3472,-1739688.2254819837
3473,-30072422.81630115
3474,13917285.003241697
3475,-11254100.736141676
3476,-867151.2263936797
3477,10034757.566698492
3478,-8242470.939376322
3479,38985338.64698699
3480,-14700869.361085657
3481,-10780304.563791845
3482,30698360.980357826
3483,-5147849.033539254
3484,11639173.373558344
3485,12737157.7127642
3486,-1771508.824286384
3487,43010291.61240546
3488,-3086560.389909488
3489,1482627.8377246591
3490,34526920.28323635
3491,-3708382.7675071866
3492,8984620.902561942
3493,-45779712.514701456
3494,18023288.468381237
3495,-10700920.313251933
3496,41326677.508067794
3497,-1057214.2284218993
3498,6057775.241395828
3499,-6861817.798880289
3500,-12128404.510201942
3501,13918166.940532655
3502,16947663.497452818
3503,30376440.28168103
3504,-20716105.50311292
3505,17500540.254343282
3506,-23228329.13241064
3507,-13480274.382738385
3508,45644974.414097935
3509,11803175.517940514
3510,14084827.115219638
3511,5658273.788909124
3512,-2327258.0322523033
3513,-10070309.831169333
3514,24997959.16061697
3515,-9902210.492408238
3516,1891538.7201699794
3517,17558899.27827526
3518,-5824291.072451718
3519,2719508.9607556644
3520,2453898.878866569
3521,5774777.12832184
3522,26565490.1438804
3523,-42307520.86032446
3524,7444369.876606023
3525,28719649.59263581
3526,-11412279.479332332
3527,20785379.04007091
3528,-6485944.567567233
3529,58294830.98048154
3530,-6090407.657441384
3531,9082859.397440117
3532,36682388.03455375
3533,24619453.820098504
3534,9356746.097218882
3535,12544966.504657071
3536,-6541759.876131958
3537,-16033439.307587901
3538,4739682.902115004
3539,14599658.367175614
3540,-6418269.854432809
3541,15186547.83322968
3542,-6093527.350116549
3543,-39461813.07440105
3544,29439034.208378494
3545,20880336.32381875
3546,-16789855.607947372
3547,-10656636.318457657
3548,14745639.81368513
3549,22921912.842378907
3550,-16893914.14466975
3551,33233007.265454542
3552,-42198027.75385828
3553,-16344238.402299186
3554,-33496845.847099733
3555,-23806153.69087515
3556,19673036.62447767
3557,-4874511.052465215
3558,-14170855.562198713
3559,15076253.07570908
3560,-8589429.335077703
3561,-17150345.15037062
3562,22401461.10426448
3563,-15327685.250870407
3564,13012560.285351407
3565,10460204.422058465
3566,14253390.798598027
3567,-7108786.378713986
3568,33566669.38076706
3569,-5235047.680870106
3570,22286820.20953201
3571,-16807200.82577517
3572,23101332.445389926
3573,-3127081.98937351
3574,-7505315.400075262
3575,44758064.83224589
3576,-825925.6761652932
3577,45306726.55983541
3578,-5615287.788351391
3579,12555917.9881133
3580,2997976.304617515
3581,-24636460.57748294
3582,17796317.713011064
3583,-28583854.432689387
3584,6620862.529460102
3585,7789115.552921632
3586,-12046721.617239278
3587,-17442825.395431943
3588,18347320.43221274
3589,17624283.653531462
3590,23456683.225629494
3591,25024971.638287745
3592,11134374.092550697
3593,13212340.146405678
3594,10316645.649385812
3595,-6480117.840471793
3596,25247286.276567414
3597,8685059.51548462
3598,-11619769.800061375
3599,5655092.940463997
3600,9182273.594049836
3601,17784230.413865827
3602,-5691145.315705668
3603,-4819608.169920984
3604,7430214.645058383
3605,-13693008.331520785
3606,5013046.528193444
3607,-955582.2269567114
3608,1337536.115285508
3609,-6007291.3328523375
3610,21154762.988023445
3611,-13518543.420771157
3612,15848520.606144805
3613,-15192995.623082796
3614,11950542.384476986
3615,-14593220.487798145
3616,13994998.480892604
3617,1874709.4704716862
3618,6486528.783673784
3619,-24612249.704675216
3620,34645104.072072424
3621,-24231712.568934105
3622,6085947.704964173
3623,54238623.981944025
3624,14991755.16024219
3625,-33466587.864360236
3626,15379789.712378353
3627,20220737.684844527
3628,18187083.6842296
3629,-45761269.52591838
3630,1326500.533854344
3631,-34372536.75791979
3632,-29468058.97819621
3633,3974791.152583292
3634,-10487302.749684127
3635,26829327.02074331
3636,-20599748.189057834
3637,15406844.987775654
3638,10647433.145655937
3639,-27966532.440116625
3640,7638134.117009239
3641,-403631.7415867809
3642,41207274.38983752
3643,-5290568.769099077
3644,6086565.004501478
3645,-14395505.15132766
3646,24290812.106908888
3647,-10001602.517051512
3648,9241899.569781305
3649,-11415564.195034504
3650,8187819.716317532
3651,-1496246.7156278617
3652,-8865153.867982747
3653,8124857.681722556
3654,-42301876.13542454
3655,1644974.5053135124
3656,5863732.582762426
3657,9390519.956232203
3658,27430945.123532362
3659,13353334.89691464
3660,5359033.259299175
3661,-46096689.876099706
3662,5284483.600389465
3663,-1596948.3013672268
3664,43991951.46257793
3665,16629366.346377078
3666,22240690.515281506
3667,-31205935.100901984
3668,25381916.446851693
3669,17289043.145894933
3670,20916909.647045664
3671,9474754.711523041
3672,44416876.5155834
3673,17854590.296098866
3674,-17285205.40278382
3675,23376728.41494239
3676,40194700.28374806
3677,-14269626.750334624
3678,-2906163.5755146137
3679,2164725.991241768
3680,28104842.43617912
3681,807181.1511785539
3682,31043032.80116839
3683,-14289230.814301705
3684,15685588.734214747
3685,-7119559.552977649
3686,3003659.861504516
3687,-51129931.7640402
3688,10614520.01388247
3689,-4921065.161824891
3690,12343399.135166002
3691,-31384536.98901
3692,22179669.175691158
3693,16353308.180192098
3694,-12983512.479953252
3695,9719000.047675628
3696,-4969661.92392814
3697,22628330.679418933
3698,-6178773.448133569
3699,-32251715.39832095
3700,549255.6284685578
3701,-2287301.3862830373
3702,18095643.50655832
3703,-645822.6344884818
3704,46859327.74523021
3705,-6021305.939187573
3706,-21147023.10773631
3707,-10724838.376621004
3708,30996240.255581517
3709,3348378.0086661116
3710,-34908005.53426086
3711,21236435.76926082
3712,34044346.30442406
3713,-28412327.333435774
3714,6462791.36884556
3715,37368014.66554175
3716,23251413.813326664
3717,1197426.4091902964
3718,-1503851.2922416911
3719,37708358.577328146
3720,9836299.27124382
3721,-9179636.349238964
3722,23917736.980297778
3723,5709632.085420193
3724,-31487797.72048837
3725,958576.5662249876
3726,-1711271.0847642988
3727,8793869.387496687
3728,-56508806.85532583
3729,5172766.225088341
3730,-7651245.093386991
3731,45303580.783943824
3732,23515798.382401112
3733,5574446.1538106315
3734,-17932674.73900212
3735,20054826.530809354
3736,-65619.90540247555
3737,11247739.030083064
3738,-4480401.97847204
3739,10008632.496870423
3740,-17153088.14312224
3741,-11523553.897599239
3742,-1960701.0112480992
3743,9720820.105376165
3744,-29828340.431185722
3745,-4461456.87536357
3746,13295534.84215408
3747,25712901.034885164
3748,-58347934.42116326
3749,-9063161.81749037
3750,-29015842.13899709
3751,26336420.81126767
3752,-16700312.317496901
3753,-12039021.341001324
3754,10152918.357540611
3755,-13356863.264137458
3756,-5604497.204266368
3757,-3458345.937224825
3758,-46271345.47743262
3759,14681273.481584456
3760,-7530950.762788291
3761,23663888.88809243
3762,-18339958.618816808
3763,9916760.291734848
3764,2914669.5149778845
3765,14000681.341819352
3766,-11355613.128612773
3767,678229.871272807
3768,-5364318.067720078
3769,8831775.3122439
3770,-7140463.8612311585
3771,9352860.350614322
3772,28121031.617116787
3773,-23606895.93461422
3774,17897559.959427807
3775,-16319211.863676775
3776,2750314.3274267404
3777,-6289641.853317798
3778,28826030.730677295
3779,-10368379.413537752
3780,9833852.654272404
3781,-1394194.0895233774
3782,31341946.599565215
3783,-15051138.774459373
3784,12101202.979934247
3785,-3608035.311613514
3786,14608829.626362095
3787,-531053.3924455545
3788,-15639786.771177713
3789,-41663653.25885893
3790,-41974895.45816304
3791,-2328298.704898648
3792,-20694434.421093307
3793,-8136069.578895697
3794,36456043.79254322
3795,-2460899.156724659
3796,-9350685.341483252
3797,39487143.64848426
3798,-10932578.985627277
3799,3298341.48074033
3800,-6498922.274829778
3801,13417313.754630197
3802,-17080091.200176347
3803,10199962.847998375
3804,-4496472.644241078
3805,25806018.822566055
3806,6462202.353252123
3807,-21684697.25009393
3808,21846043.193003822
3809,-6219234.007197518
3810,19046907.31022125
3811,28925732.794377416
3812,-2199088.502111738
3813,21941358.59258755
3814,-10674837.886167426
3815,5225580.467438466
3816,-18667784.03551521
3817,16819603.247333832
3818,4092493.904716348
3819,21763266.32968854
3820,-21746641.599661175
3821,14370071.169487666
3822,-3486949.9573928243
3823,1697700.775436964
3824,-16284304.476189192
3825,12403442.120460516
3826,-5011844.76801239
3827,19292124.919560935
3828,-40138534.25817277
3829,28051349.277568705
3830,-5097199.339472351
3831,-25104690.194299873
3832,-2753574.4087350434
3833,-55286635.38082156
3834,-33296361.553040564
3835,31267806.591928642
3836,-5616031.779674829
3837,56634226.53401114
3838,10959640.228414586
3839,56845252.50934462
3840,-9707369.603588631
3841,710216.2789134684
3842,8520892.320010148
3843,-21933310.940921113
3844,-12821276.83335547
3845,-1357433.7175563998
3846,16704296.603521824
3847,-25158952.79048853
3848,4260620.626762729
3849,2577784.8177438374
3850,11936106.593066087
3851,-7860648.798529409
3852,13618628.230170052
3853,-8312005.632691723
3854,26831623.67879774
3855,2681181.5189549057
3856,19413140.02394904
3857,-9227384.446201522
3858,13848793.750784272
3859,7553004.7514851345
3860,28467404.03880023
3861,-4952789.725517075
3862,10951144.627440127
3863,-5191875.394155242
3864,-49467526.51153986
3865,-8721828.543707682
3866,11121966.922126636
3867,-3602618.0568920523
3868,13731979.104344804
3869,690675.0011581351
3870,55848822.75656112
3871,45502231.501321465
3872,29451654.17650204
3873,-7480940.8274740875
3874,-10899337.32201663
3875,447309.4279400165
3876,21934543.972488
3877,-21858391.290764917
3878,-19678061.522245534
3879,-2571121.9948552107
3880,-8163601.870886339
3881,-40559333.562365666
3882,-5688049.8613362545
3883,-111517.72207990666
3884,-5955113.78318312
3885,-8182228.355970867
3886,-30219297.721455466
3887,-15593521.398767453
3888,-14353558.141631559
3889,30726300.675745506
3890,126618.71770856614
3891,-47597689.83430928
3892,18177727.914802026
3893,22683497.06579686
3894,-5414349.550414036
3895,-46550468.10280186
3896,-30587600.07834234
3897,-49015644.5705213
3898,-1960048.5265813475
3899,35156447.22636787
3900,-100679.03395815399
3901,-4206050.321773535
3902,6539204.261721714
3903,8803088.252284992
3904,-4712638.970837733
3905,18468523.498050597
3906,1103389.539867165
3907,12228093.008861959
3908,40326634.6929892
3909,46011645.52167814
3910,-21018157.156872604
3911,14144426.914704824
3912,8658606.196432896
3913,24488674.639465936
3914,-13595744.373894393
3915,15887823.898865873
3916,-28163890.851160664
3917,14345548.18732838
3918,30548954.688082397
3919,-11393415.760384418
3920,35309016.32052846
3921,54325774.86307095
3922,-23940456.572023094
3923,-19198911.34946892
3924,-38161710.33042496
3925,-8542898.689824622
3926,-9953198.728930632
3927,-3531127.757412997
3928,49437273.470462896
3929,22729248.731151983
3930,-11268506.93334295
3931,-20930095.153998565
3932,-13607347.267689083
3933,30168760.59572609
3934,1563187.9752154641
3935,-32956846.250240166
3936,-781893.8655477662
3937,44582690.60484035
3938,-11494471.642807433
3939,9992654.937331852
3940,3965359.047003613
3941,-10766699.554446002
3942,-150565.97643810534
3943,12685963.071182765
3944,-4757771.277210454
3945,36993335.17591484
3946,4210547.050430493
3947,-10324425.435437936
3948,16543766.882998567
3949,-2653648.215778573
3950,6095637.06027901
3951,-1854713.6696664605
3952,13131290.50012228
3953,-6768885.4164999295
3954,62415272.47340337
3955,7796708.858827291
3956,-9908533.849088525
3957,-10833339.292957375
3958,25199391.07829549
3959,-24564846.20037008
3960,-14498572.741088208
3961,-23150955.601104505
3962,56485143.23084088
3963,-30605533.050236024
3964,-40417074.20901023
3965,-9321766.177747408
3966,-15464100.14044046
3967,-22115391.327916246
3968,41095380.61811224
3969,-15759010.37468205
3970,-7392526.471835336
3971,24658150.53449418
3972,37716457.62204365
3973,-23730271.442029595
3974,5031852.162248832
3975,-776353.0085077791
3976,-11641225.647481391
3977,11181948.347788837
3978,-26068738.468982566
3979,-15860846.239998978
3980,6881736.443212385
3981,-1134586.4152667434
3982,12398092.57956178
3983,-10875841.838286573
3984,14823994.12747683
3985,-8861404.027016915
3986,-35678527.289443284
3987,-34560225.5024604
3988,-4369975.15734574
3989,13462387.553768173
3990,-7619285.5078914035
3991,19801465.989526458
3992,13359677.091276811
3993,19042009.621515334
3994,-8563186.107226897
3995,19400152.96028731
3996,-22081889.29158242
3997,-23127633.44906906
3998,14751545.152690282
3999,-47215755.4383532
4000,35893233.756939456
4001,28124088.769734345
4002,-23735126.798692025
4003,-43305563.46780498
4004,-46694240.056115374
4005,-27409141.85346405
4006,-3813980.6907599308
4007,-15931045.877424816
4008,19198915.108483143
4009,-8187097.73470282
4010,-4401776.606187766
4011,24351008.591707863
4012,13377214.51748532
4013,-22992400.63547542
4014,-3981686.052973599
4015,-11800357.238116596
4016,25322085.118469667
4017,-14568779.242685068
4018,7743816.687539269
4019,1217043.9196324267
4020,22124742.764518827
4021,38022170.33335998
4022,7487928.476852802
4023,-4664781.72745611
4024,24523003.102679186
4025,-6373482.132279738
4026,9666224.147741463
4027,-3989132.917873212
4028,28284573.788503636
4029,-9362850.427529555
4030,-16397099.06131545
4031,2332997.9979320643
4032,23402864.43492218
4033,-13251151.020897284
4034,32688853.604309864
4035,2543074.9979688227
4036,23603103.663417786
4037,18137558.48166596
4038,14989422.447466588
4039,-17929831.58130262
4040,32913038.882469308
4041,43025108.65519994
4042,-357852.33840626146
4043,47403882.67717765
4044,52882999.80910186
4045,25917773.699481156
4046,-3900470.8380015315
4047,-2627070.8754882654
4048,33526638.07811426
4049,-24976815.79062592
4050,2825184.4508677274
4051,47726559.584485255
4052,-25295361.80044427
4053,-3468048.234277627
4054,12320468.250464104
4055,17286144.489772223
4056,-18510397.85912168
4057,7551500.605348041
4058,966707.4119835835
4059,18328669.591135167
4060,-8132164.158553605
4061,7284019.789977869
4062,-8886402.700941857
4063,28224381.142339885
4064,-24130121.213267438
4065,5110370.314251507
4066,-24525383.304046914
4067,4441485.880562754
4068,-1593859.165941327
4069,32551993.294676892
4070,-41647216.54461962
4071,6591606.942548199
4072,-37426894.11835356
4073,-16484234.748679155
4074,-9584481.289968444
4075,10355362.19923899
4076,39236405.688891955
4077,-3742982.047899939
4078,41281685.23928067
4079,-19414695.329762656
4080,10657526.073305707
4081,2875712.649033201
4082,8551118.906729767
4083,-8780529.936991405
4084,-16413484.054229368
4085,320873.81622987846
4086,11267090.46766334
4087,39234626.25451252
4088,20552198.653294858
4089,-38948320.842139214
4090,10225562.86304115
4091,-28129447.150745194
4092,14907816.02916356
4093,-18589643.63801264
4094,-8958561.726014748
4095,11586689.725727886
4096,35554947.394016124
4097,-22121878.6881748
4098,-5871960.037419384
4099,15653802.680207286
4100,-683645.7222387161
4101,10770629.262129204
4102,-5477592.0900199935
4103,17873031.698244914
4104,-3309524.6890645563
4105,13774761.952783862
4106,-5102967.746446693
4107,-53880635.320571974
4108,-2572159.199860955
4109,12023094.722289227
4110,3092257.03294929
4111,15685943.409935215
4112,-9370979.520463986
4113,5978083.0148539515
4114,-54476776.48246771
4115,8220014.372684349
4116,9811141.317360245
4117,-9752440.207839068
4118,6669498.841911407
4119,-3321952.504573318
4120,9497273.878716167
4121,-16824409.086590484
4122,13046805.34934194
4123,38714690.83330745
4124,29908518.993383877
4125,16423446.75790664
4126,-46718638.759369425
4127,26492937.57786591
4128,15427567.614635438
4129,47560724.28882554
4130,-8640505.669700306
4131,43731053.796150975
4132,15549842.674057553
4133,-11215919.295286292
4134,14927450.222678075
4135,-7549303.310143722
4136,11267331.70934822
4137,-20785367.328010686
4138,-4542889.22149826
4139,13992327.422633935
4140,53828989.52413006
4141,10931604.44424085
4142,-12161663.740195598
4143,2483541.241590499
4144,11676924.526954612
4145,58235360.47571067
4146,23029588.02891368
4147,6180034.090759153
4148,55102987.41628291
4149,14783016.86443249
4150,-5272030.649138586
4151,8647436.090945266
4152,-7021532.79989255
4153,8257228.333548248
4154,14494493.559952676
4155,3654744.74927987
4156,13345338.809289113
4157,-3145058.8942640354
4158,6592212.373703344
4159,60709628.568027124
4160,-25097627.228636883
4161,-22345542.809640042
4162,-29646879.301639907
4163,6185677.51688605
4164,14972031.725138372
4165,43523787.28923667
4166,5924490.343965943
4167,8642915.124216383
4168,8836158.614691736
4169,14906965.965271274
4170,-25634434.401809044
4171,18727961.185440663
4172,20263805.169566993
4173,2502380.394017449
4174,13592180.504633259
4175,-20560615.530047115
4176,22837417.069288336
4177,-38472558.41336798
4178,32282674.86003661
4179,-22999541.87644605
4180,14625850.690873941
4181,-3032980.2114945566
4182,5228461.776647845
4183,-6104270.554368665
4184,9217687.235472862
4185,-10284578.898499493
4186,25638369.77820154
4187,-10823661.50842403
4188,17006632.835380785
4189,-25592643.68684081
4190,17480373.070700854
4191,9580538.391336836
4192,16611246.637051448
4193,36084788.27599921
4194,834857.4971992705
4195,6058123.406725359
4196,-35412728.097776696
4197,17746190.679891344
4198,5395611.771069452
4199,-13936663.444305483
4200,23801175.440671086
4201,13031854.587025702
4202,-7902501.639596651
4203,22411171.792874042
4204,28839657.562071014
4205,-16690595.255344182
4206,-5926944.987491197
4207,-15509563.63529146
4208,34361237.049927875
4209,29615171.0566341
4210,-16383498.392665777
4211,52725304.14022764
4212,14542691.94148389
4213,19597999.472754575
4214,-45103840.99731705
4215,-496512.71420932905
4216,11350346.836841954
4217,-3799412.6856421144
4218,11541197.570527904
4219,-2523394.1265421794
4220,-2215484.5757744145
4221,5662576.04013522
4222,-13165189.018749494
4223,30589080.31437389
4224,-2312893.3133836975
4225,22731056.861716457
4226,-19072117.32836261
4227,8167408.393441525
4228,-1263646.8353940316
4229,3985425.245758023
4230,2807911.8674234278
4231,-33201513.682984106
4232,-45435921.62817435
4233,-7181410.145893954
4234,22890587.065906733
4235,-5787937.517331853
4236,10105493.211135868
4237,-11444771.663861413
4238,31520747.06713469
4239,3306895.783369609
4240,34702510.657855086
4241,-14864470.386773968
4242,-8916963.896076579
4243,570816.8774876541
4244,42910005.625498585
4245,25446929.033612657
4246,-23121477.337731835
4247,-47385241.77403925
4248,28014526.23981483
4249,21235898.78718074
4250,23574901.763695948
4251,10065220.942363251
4252,11984317.221709035
4253,-2961196.0561082014
4254,12281191.01158453
4255,-15401841.762455812
4256,12039518.481126726
4257,-24888417.56575399
4258,-4090371.156372911
4259,20533074.724775977
4260,-24968272.276747465
4261,7925561.35400743
4262,19731403.0163679
4263,46927372.54698746
4264,25172749.17076082
4265,6527342.080614429
4266,-12950113.105715703
4267,-20715409.341631837
4268,8618056.808409829
4269,11172122.732898701
4270,4613997.99409606
4271,-126625.86295428946
4272,-10493285.472917136
4273,7900378.280047948
4274,12109197.68258496
4275,13384907.919452447
4276,9636845.376258414
4277,-5610419.656115259
4278,-24057337.1870229
4279,-5708010.008827406
4280,10331583.413835414
4281,14228357.349884639
4282,11488660.204979038
4283,10174335.629921043
4284,22723002.19808667
4285,35283289.887544654
4286,15702934.98870795
4287,11916863.173426244
4288,25843404.932782825
4289,21541446.31773229
4290,9535110.772201765
4291,-12697428.134948682
4292,-46775268.52903657
4293,-1535666.061590573
4294,4602655.147493049
4295,15957541.00962023
4296,-786816.8968977376
4297,10826382.068221945
4298,-42587143.76673743
4299,20129129.628484324
4300,-648147.5249766607
4301,40580764.205714986
4302,42206096.47685744
4303,6790488.881331846
4304,15714325.549796086
4305,1292967.5005313826
4306,34728817.05010199
4307,-8662629.115464002
4308,30896944.790417273
4309,-1588565.7512378548
4310,15553482.82974883
4311,-4781789.235465028
4312,13172387.602998229
4313,-13042487.541001793
4314,52678575.60688247
4315,-895015.7935899223
4316,3686894.1176514253
4317,85119.62734904276
4318,9127315.907827709
4319,1819471.3796370737
4320,-9225036.507168323
4321,22976572.542694464
4322,2888765.4007042428
4323,5770942.882270243
4324,-6412454.680505095
4325,40764227.88106035
4326,-50094357.55574304
4327,-40831638.162629746
4328,-10102531.877491683
4329,-13330490.453970395
4330,-15249822.142914226
4331,43974199.47699694
4332,-5784343.683756454
4333,17222538.769537687
4334,-26601276.510530494
4335,22513811.270162728
4336,-3463055.6071941815
4337,13999957.47164
4338,-2144781.9190366915
4339,20823482.626979165
4340,-6804307.660949064
4341,2818103.4916432975
4342,46052344.68053103
4343,-54887187.40573956
4344,18235435.43578441
4345,-1875137.437019404
4346,42314130.86423828
4347,-3124463.982265788
4348,13177067.164766656
4349,-3861093.654671003
4350,10391454.91315717
4351,-15299502.284852173
4352,15403439.91881442
4353,-13243402.463235656
4354,380268.1383861358
4355,-6627918.994824965
4356,-4404993.349305134
4357,15033714.95640766
4358,-6571519.984709622
4359,-55970290.89189321
4360,-24420252.212435517
4361,40412503.20674781
4362,-48605428.756398045
4363,13937268.36980764
4364,-7541922.227378393
4365,2416894.1246088166
4366,1871723.5573887038
4367,12616116.591668539
4368,-21695815.149099775
4369,3643305.334765736
4370,-11946917.617722983
4371,-5193677.011557137
4372,-25422456.571297377
4373,-16658537.649560427
4374,-10100643.299843263
4375,578155.1711996999
4376,22100601.861076556
4377,-13425271.614250343
4378,-13928488.24255931
4379,-52990156.97221811
4380,9888363.209458085
4381,-15008797.4621663
4382,31499444.775993697
4383,52921339.22813409
4384,-13457355.729130253
4385,10495995.858668627
4386,56475799.14889689
4387,14583403.0338377
4388,-1248551.0742936973
4389,10377202.089693246
4390,-14544990.476961214
4391,-8884566.156291407
4392,30319757.618126083
4393,3425071.406484574
4394,25076834.09031219
4395,-834589.5859401952
4396,24940648.50409119
4397,-703977.7126284989
4398,40634023.018039145
4399,-2266318.3889204194
4400,15741133.727782715
4401,381334.4510826564
4402,13687874.463782763
4403,20112387.59367649
4404,39283107.83756192
4405,-20710002.470347486
4406,17362725.18534645
4407,-5864110.77508077
4408,2174222.734464644
4409,918046.8562337734
4410,16926245.6997722
4411,-3857110.686306916
4412,20312759.426804256
4413,-3791938.760402754
4414,-10398623.069508273
4415,-4135963.410355921
4416,-54284463.15007528
4417,1410436.7693871662
4418,1257585.760432386
4419,-26333694.69895466
4420,-12392529.536194429
4421,30753459.649547152
4422,-3638551.2103644363
4423,-55883132.57017793
4424,-29726453.21968487
4425,-8493101.387585837
4426,-5495112.659216369
4427,-41446809.071384385
4428,9775763.427973744
4429,-16386179.013185728
4430,-51804559.22775013
4431,2855183.8355697324
4432,17245208.28559907
4433,-8961931.027765034
4434,-11708297.791522838
4435,2544217.2388100405
4436,-489849.0028502118
4437,16657681.580716064
4438,-11939615.48208353
4439,-26846897.124944776
4440,-12960718.528617894
4441,10373860.780642346
4442,-4789181.6830378445
4443,45120776.326214336
4444,-8461533.288845662
4445,34438494.936156474
4446,-5665450.793410993
4447,15996700.731681507
4448,-7807017.013401282
4449,-8350230.942955938
4450,14957634.776649917
4451,2465629.772162028
4452,-15209971.012134155
4453,-2686563.4045938314
4454,23347857.98047219
4455,-5629972.720133806
4456,12013089.541683588
4457,21703420.67793936
4458,-24882970.43920983
4459,-10043905.507638909
4460,-13057417.484222636
4461,-8957461.395198321
4462,415197.63198701886
4463,-26193128.229038592
4464,-15885169.92765834
4465,-19435918.010548677
4466,-23516859.255314346
4467,-6452674.816141097
4468,40156630.57639647
4469,-1844081.2433653425
4470,-7854938.512022577
4471,1001468.664945355
4472,-18364509.67259847
4473,-9769448.625753436
4474,32704023.953830443
4475,-371088.01806406095
4476,-27292129.637546044
4477,-536543.4126383666
4478,-11387627.116705056
4479,-13462534.87846991
4480,8245911.287773894
4481,-28293873.019908585
4482,-11421936.897138081
4483,9976738.317886904
4484,-602153.9885658668
4485,-16600264.949599763
4486,981559.1274003237
4487,58589126.37679032
4488,-485180.36080294504
4489,39631879.80837516
4490,7490903.362081791
4491,46003614.43599574
4492,-5930214.883791399
4493,18497225.000159618
4494,-4550474.749766714
4495,-11312886.415059362
4496,17435462.73421679
4497,44201107.965988055
4498,-10157526.765096402
4499,-3321884.0819845805
4500,-21483017.01583038
4501,-11352553.78046329
4502,-2537355.6009662272
4503,-10585531.05143999
4504,15326424.712139606
4505,34583390.111709066
4506,23158525.50980691
4507,-11539028.669905785
4508,-2295277.012130824
4509,-49826262.17563337
4510,38261898.690701984
4511,-53866085.8211064
4512,-7846011.1726911245
4513,-39187031.22727444
4514,61197145.779142246
4515,-14181910.307278413
4516,56468187.07445631
4517,-15468023.985815248
4518,26821118.9749271
4519,-35748525.20701788
4520,14575737.847650418
4521,-10905088.503503889
4522,-20719906.613200106
4523,-16078480.811114768
4524,8614983.501890834
4525,-1779372.197929173
4526,39196698.19566034
4527,18723446.067600586
4528,23494257.80187493
4529,-4515055.406210565
4530,6392796.694726563
4531,-15305810.823019195
4532,-1567579.026654388
4533,8883680.911996182
4534,-6277489.935205929
4535,2796033.8206607276
4536,14090818.261138001
4537,24635559.436620347
4538,-13412210.346036483
4539,14816226.728591237
4540,2901927.964765331
4541,19953072.64213624
4542,-23005455.580835517
4543,-17550853.06187392
4544,11213916.421937358
4545,7402489.284923412
4546,-6081897.737788694
4547,-39266903.851500966
4548,-8927434.18472639
4549,-38014234.50630914
4550,53772501.37467303
4551,-21113827.897485975
4552,28024549.324662942
4553,-29307570.457943816
4554,-12611807.215759527
4555,-29819788.85468498
4556,40147759.497240275
4557,1774096.1879449594
4558,-14201855.268228004
4559,16369550.844528962
4560,-17195669.28967057
4561,-2879375.890518382
4562,-4419410.985932698
4563,15118169.121509168
4564,-3913660.2455164962
4565,14794753.322212944
4566,886900.1582500366
4567,-12876387.932237593
4568,13136574.522348888
4569,-8342979.560383908
4570,11550191.09813268
4571,5219324.955251975
4572,6999686.0397677105
4573,-7405767.595719543
4574,18608701.638635002
4575,4492399.857309399
4576,-5027338.35502735
4577,8370497.275189251
4578,-10885122.402735753
4579,20402221.244746886
4580,-6856985.637657036
4581,4207980.222128176
4582,9204321.416430393
4583,10326270.27261663
4584,-9390671.73558884
4585,-38512702.434805796
4586,-31854033.72291709
4587,25544558.64461507
4588,44680419.935774975
4589,19386824.77452603
4590,2033867.6865452486
4591,13624813.068057682
4592,27922813.542075776
4593,-32609491.90692296
4594,-7768317.068690747
4595,11005160.489672458
4596,-10542628.522471558
4597,27015395.316242784
4598,-20186162.918772396
4599,9267016.448443435
4600,-121468.26817614646
4601,24168137.842854235
4602,-25145296.89786475
4603,24206153.88994084
4604,45080792.78315378
4605,21522596.14735947
4606,-4387199.793405933
4607,59447975.49476846
4608,-10397020.422476115
4609,8605501.52367299
4610,-1717036.3286131888
4611,14662645.800964683
4612,-8384145.920579219
4613,17131197.70403651
4614,291065.08426299633
4615,-37840810.6248445
4616,8738216.906016897
4617,-2741647.873856854
4618,17161273.273245204
4619,-2783783.2191821747
4620,33497687.055170037
4621,-1155956.2031645235
4622,11624450.580356684
4623,-9164259.591644706
4624,981491.263265711
4625,-8953207.976825645
4626,8651976.100918816
4627,26003793.23437582
4628,8962194.41805668
4629,6572378.896000176
4630,-18044160.047783412
4631,24632636.68905713
4632,3496869.3144071354
4633,-539073.4427383231
4634,-22066376.458342824
4635,12467114.208530877
4636,41166200.48464255
4637,34110031.03991933
4638,-1838962.2361955666
4639,-5780631.966227075
4640,-9014323.732834168
4641,24759983.454407547
4642,-42872893.91068185
4643,-127477.31371203312
4644,6688356.883620416
4645,32633693.35739535
4646,25993722.826132435
4647,2534566.8216818026
4648,11042844.646952625
4649,2792073.0145288827
4650,10616229.973385928
4651,-8736428.633428704
4652,7080228.746222148
4653,2757088.521169241
4654,11368676.390654549
4655,-15341191.783039063
4656,20282354.489487413
4657,7920872.595695181
4658,60557627.80182888
4659,-27072258.918836515
4660,17140705.097689934
4661,-4894008.894823947
4662,2489077.6964641204
4663,-859438.4449645607
4664,12087177.579835327
4665,2483568.5254444173
4666,5382921.803983597
4667,-16144417.311307188
4668,-7387020.2604928035
4669,18148394.1575819
4670,9933997.787592772
4671,-18373472.047180064
4672,-11587381.179480206
4673,2309479.4391544266
4674,50673517.001903646
4675,-29206931.229441397
4676,18523412.54969371
4677,14505957.802058298
4678,29871675.12873891
4679,-4338697.086556844
4680,10892406.449346613
4681,-40324000.548343904
4682,46624440.941781305
4683,-12813403.680036465
4684,11371642.479591347
4685,-22111246.47871166
4686,45614496.794505574
4687,-10482114.478841644
4688,13638384.377848525
4689,-8768169.154406443
4690,30678654.90779217
4691,-2949593.254679586
4692,33218518.581848215
4693,-993619.7043561589
4694,19152320.443748143
4695,-20793904.235720057
4696,10678795.870995674
4697,-3016306.748404397
4698,9852570.411052842
4699,-8840456.75679781
4700,18126598.445113122
4701,-4173742.376952736
4702,19404965.37481762
4703,-4808173.987171165
4704,17432040.39299809
4705,-9713677.128611354
4706,2064892.1572361435
4707,-6326817.433429284
4708,-14102491.598729124
4709,11527659.752930574
4710,7560401.488708505
4711,11388711.697252698
4712,45596802.98502494
4713,29240460.934261687
4714,59760779.422295555
4715,-3750592.890798103
4716,32695503.020538725
4717,15151211.796723828
4718,-24283837.40676727
4719,-2565675.110430931
4720,10598479.842436926
4721,-20593690.474628232
4722,13988071.06861111
4723,-12504639.756157491
4724,9261685.41859382
4725,14688330.545579765
4726,334526.38739405543
4727,7754023.07298778
4728,-4473354.7781369435
4729,49427999.427317746
4730,-16518156.639101092
4731,16053587.530364733
4732,-15836458.811637703
4733,7417696.178228036
4734,-8393197.948243756
4735,16282754.043264922
4736,-18585850.64032191
4737,9733828.260200381
4738,-973966.345289145
4739,53649234.705023274
4740,-13800287.163139587
4741,8765235.53433359
4742,-33861711.78236254
4743,6795598.163528429
4744,2033232.0294564255
4745,-49812143.62987788
4746,11476053.737201413
4747,-16110474.123740584
4748,28215379.530212007
4749,13870217.577210683
4750,-23101522.067534193
4751,6714215.995245148
4752,-16671708.518370118
4753,-12267664.616399499
4754,-45295253.75996964
4755,25676630.12364554
4756,29724241.5119543
4757,-16889149.06435605
4758,-17122854.240827683
4759,62369506.32599826
4760,-45528686.65776036
4761,-6596835.018776024
4762,17958362.62825738
4763,-11828093.83070176
4764,8426905.26960719
4765,-17399973.53882932
4766,-4899578.827574267
4767,11332133.124215279
4768,-14359412.04007032
4769,17634976.392664745
4770,-258995.1083666549
4771,11745161.543788869
4772,-20444998.112402186
4773,7761378.91508626
4774,-35966088.798663266
4775,27336856.70172546
4776,229273.5239314877
4777,14476461.033313815
4778,-11336816.43093882
4779,9650730.6857576
4780,2482064.6153924516
4781,-8002425.774697741
4782,14038142.5395439
4783,-7396383.444370212
4784,3179231.5829230556
4785,-282780.5662178456
4786,16698617.039155727
4787,26134402.997568782
4788,5699389.94754211
4789,-7177149.603908589
4790,15638394.886449346
4791,10400014.78685041
4792,-11009295.48926199
4793,17280689.86393677
4794,-14757397.220463742
4795,15653603.041590005
4796,-30525350.98443686
4797,-11455078.317592366
4798,-1456195.9829166587
4799,16296562.57778418
4800,-20994642.513253856
4801,14065646.023011148
4802,-528167.1476750588
4803,53322081.51754899
4804,13601578.658486689
4805,-18785156.02408989
4806,2056273.7664729934
4807,-13498140.098949406
4808,8875537.901190761
4809,-1719326.7217135553
4810,-26848251.26949067
4811,-8985555.93757814
4812,10693263.670422021
4813,-6188590.571535377
4814,10274838.668989403
4815,7556919.124645399
4816,-37390239.6884229
4817,10929417.595621288
4818,-36521267.12190796
4819,16795679.645427875
4820,-18944985.3659906
4821,44804625.17633938
4822,17602767.46743002
4823,21454905.05906001
4824,-5660447.769320461
4825,-35553353.39746463
4826,-11283685.950920613
4827,-12653355.294103637
4828,-29123483.87878511
4829,21579546.613693453
4830,-12997744.051084762
4831,-1718470.359719643
4832,28079308.70854377
4833,-29224289.980737984
4834,25732638.57237713
4835,-10131110.299319662
4836,15720910.013885286
4837,15978344.740835011
4838,-1714122.1176817608
4839,16789107.875636347
4840,11569498.904650543
4841,-2010553.2150586098
4842,15547337.236913059
4843,-6101673.079310982
4844,29785788.43825407
4845,-4785217.052226863
4846,13151072.79810671
4847,-518604.4891604103
4848,23058394.138526205
4849,8260676.049805882
4850,-55035204.135066316
4851,6404200.360177197
4852,-11502863.50335643
4853,8416832.652586643
4854,-17000525.60740034
4855,-7388129.1668399405
4856,56425.54829615266
4857,15041672.666873608
4858,-23371910.7656654
4859,-14982290.268350879
4860,7127374.369961192
4861,19505253.363262806
4862,-46045272.987307414
4863,-7899002.897178577
4864,-13429180.091291556
4865,10377420.829533067
4866,-6152166.66783603
4867,-28801442.334097367
4868,-1152086.1524392958
4869,-49580916.73014963
4870,-10809891.384743672
4871,23222842.78405998
4872,-10327191.375262318
4873,9183146.582389206
4874,-62302.18441769779
4875,29687801.18167334
4876,-15385790.393394332
4877,25231390.61184437
4878,-2791120.003485539
4879,-31228123.807251655
4880,-6984262.869002226
4881,16029783.850907806
4882,-3544428.2584859617
4883,8034756.023526113
4884,-18859475.853723906
4885,10741177.756795721
4886,1603175.7234107102
4887,3905056.6524507925
4888,-6719868.426824409
4889,5471111.361958381
4890,-23664153.014798503
4891,10592371.342988169
4892,-14895847.454775412
4893,36633367.65253094
4894,-2293311.947217927
4895,-328875.8861233698
4896,-57339349.43844918
4897,-13068572.466268392
4898,-36328365.1737384
4899,-28710294.936231494
4900,53014969.31618952
4901,1829015.1907141905
4902,-4407984.667793979
4903,29172540.007509142
4904,44062734.41434333
4905,17514107.71072489
4906,14803876.880171144
4907,399630.05970628175
4908,-14912290.94164387
4909,59454900.5145327
4910,-22139863.350885555
4911,37919414.4039199
4912,-220357.76916646288
4913,12708870.512725405
4914,-11152997.760775786
4915,19229610.721365064
4916,-6818651.368110617
4917,3746936.759570825
4918,5407248.009515553
4919,11520447.586070271
4920,-7736831.937036048
4921,28049926.242053032
4922,10062670.594871689
4923,-47954878.75501992
4924,-1800986.9033582415
4925,15991834.2295436
4926,-4584574.611873979
4927,10474518.317879546
4928,1858826.1531660538
4929,20281891.798727714
4930,-1491722.4194499827
4931,-1272480.1682973392
4932,-2646103.728742134
4933,-4287887.422579324
4934,52922066.465072945
4935,845741.2063643184
4936,-13545195.595045825
4937,-10712675.756389085
4938,11787810.79007568
4939,-27065179.78239461
4940,40376774.89116143
4941,29171553.056583546
4942,12704932.188656056
4943,56487402.85929213
4944,33723670.453287676
4945,52261070.5410171
4946,-26134916.303303935
4947,23970993.14584466
4948,-11530837.596656892
4949,-32609970.937537592
4950,-5685220.056255361
4951,-5656043.252585435
4952,12012824.798927547
4953,-9821783.751193749
4954,-19765510.29716341
4955,-11702585.899705024
4956,1393812.7819569563
4957,21545685.40987476
4958,-1084115.3426117697
4959,27400100.412913304
4960,-9432037.984207528
4961,-4580283.311832086
4962,-1445829.149549671
4963,-10537407.469548466
4964,12313562.77331632
4965,5866768.305190913
4966,-24453633.95361387
4967,1890099.6569444544
4968,-29614946.741692252
4969,-3238647.7167395316
4970,3205979.843969082
4971,-1904125.1935905986
4972,23991812.52132414
4973,-8534366.763776809
4974,34075826.63061983
4975,-547379.4852577338
4976,-9456921.91596974
4977,-10195324.103980107
4978,23334638.099478178
4979,-9588424.81886578
4980,7039074.072440812
4981,1000113.9415947063
4982,-20523846.909399815
4983,-11309749.793518003
4984,42843497.35252323
4985,-3986529.9814557945
4986,-2959971.3272708347
4987,-20419298.081914075
4988,43233608.15613131
4989,-3623910.158916938
4990,-307229.34396249015
4991,-26708854.956162564
4992,-26360034.802172337
4993,-12456165.251186773
4994,-9968084.065287227
4995,25093014.991108373
4996,-6636292.367988258
4997,-3226950.6982174376
4998,16929497.86927762
4999,-1820058.7017606753
5000,25943479.52325505
5001,-2189949.9787652264
5002,9041851.637038572
5003,-19645204.717431072
5004,14692421.605578799
5005,-5232975.921441732
5006,9704840.573693627
5007,2381555.8253801772
5008,8035275.118132499
5009,-10629181.953465495
5010,9623066.704589527
5011,-561754.416417707
5012,-15590746.565404985
5013,-1564347.3346573296
5014,-19280277.255001403
5015,6892081.706899673
5016,-54992379.0155756
5017,4192386.773073733
5018,-13788304.631140579
5019,-10728506.568211803
5020,-7623900.182412446
5021,-10169532.67678472
5022,26207017.5250292
5023,-77182.7111343428
5024,-23172650.8401312
5025,-8818956.901896872
5026,-9603449.923783477
5027,-4234128.554564525
5028,-18851227.605988987
5029,-7499054.636371429
5030,-20898352.942668535
5031,-30692398.852053784
5032,24084843.66542363
5033,-6082162.098605846
5034,-23785961.965108372
5035,-1834014.6931104276
5036,34484028.46120612
5037,-8754973.746477667
5038,-9334344.695042871
5039,-3745195.5663275965
5040,13025060.01182769
5041,-11488690.69907338
5042,23486926.078317486
5043,-4411647.089927926
5044,11624608.232461203
5045,4244892.27080865
5046,15092991.073326286
5047,-19844045.81089695
5048,-24885117.771478884
5049,17887940.811196633
5050,24953127.215685975
5051,-10049630.27733418
5052,15233362.22266005
5053,1173916.2491131048
5054,-51839278.834213056
5055,-11859221.732203774
5056,5493951.877128384
5057,7872798.8099325895
5058,-24296957.65051731
5059,61149214.004563585
5060,10306743.125688612
5061,-7201015.232019164
5062,-45227882.567493945
5063,-13583173.987352496
5064,-6799905.8607111825
5065,4976092.3547227485
5066,-11823354.839422615
5067,-8391625.324628513
5068,-11343400.732367542
5069,8189197.357897712
5070,-32127420.40998696
5071,-23112743.064013574
5072,-4498548.022583822
5073,-54478611.23392513
5074,-3354724.734185065
5075,22813319.463099323
5076,-9739287.02458873
5077,-16123244.57433283
5078,2232312.37989643
5079,-23080623.947167587
5080,-7496148.039610346
5081,2754355.5927556106
5082,-1122776.2460502998
5083,-12631980.101640496
5084,11104679.519216666
5085,-11541494.791454133
5086,14817558.6673527
5087,-2531311.7427184107
5088,-11583957.200918214
5089,-5614118.711658863
5090,-5317988.782111565
5091,3499284.868770229
5092,3099970.3066614354
5093,3106113.286284882
5094,10027953.688328577
5095,-7296523.3423656095
5096,14304629.66578043
5097,-8131980.220631486
5098,-37654636.29092791
5099,-4226916.696949676
5100,1082074.8224744988
5101,-23858534.400054775
5102,-19040253.006000884
5103,-46617014.74445069
5104,-21567203.84697923
5105,16400238.036138186
5106,-18744842.31963814
5107,3204384.2613981483
5108,42121201.221500024
5109,-9638554.336041976
5110,-3808784.672358186
5111,-14429078.838822326
5112,-16976308.814814076
5113,-16049780.911535133
5114,324780.0708341375
5115,1995327.2963253476
5116,-40518294.58328174
5117,-6623685.9113276815
5118,34684799.425240606
5119,4101303.477125247
5120,-7677046.175452689
5121,17201758.97054912
5122,-2345659.6046017115
5123,-10445827.249204028
5124,5146836.764826875
5125,42615058.49239499
5126,-7546301.083410758
5127,26189007.895452898
5128,11868072.051138405
5129,-5547271.902023863
5130,-8552800.956070408
5131,10514795.204395076
5132,-4234938.012870961
5133,-4509095.263785334
5134,8729445.77640659
5135,46711377.67696373
5136,-8298754.749008325
5137,21953376.88441388
5138,-12556209.321387686
5139,-17712607.075564086
5140,10883465.553798793
5141,-13681208.134869048
5142,-6289077.979168612
5143,1594942.4660197601
5144,19567691.508743685
5145,-48089539.820622
5146,-1259470.1076325362
5147,53157689.04419951
5148,-3740167.4377071536
5149,-4586698.198389674
5150,-35166498.86618227
5151,24468262.14416362
5152,-15575758.105280835
5153,-36081537.84551887
5154,-15400159.729183892
5155,-3185481.8010460013
5156,9965518.784318838
5157,-21647177.92719891
5158,55906766.55025772
5159,-8304934.492176081
5160,671095.5569231156
5161,21540124.03153716
5162,-7900173.388114263
5163,376409.184334476
5164,-8797755.391726255
5165,3657503.4417744563
5166,-718874.5783178529
5167,-6235493.4551735325
5168,52893527.73982398
5169,1701373.1590664175
5170,63113985.80473882
5171,-2116664.907326411
5172,19187287.299515996
5173,-4610353.166955316
5174,52900445.74574812
5175,1130692.8965289718
5176,32764786.406025548
5177,3124220.555222287
5178,-4685661.347629322
5179,38895322.68211057
5180,-14083412.548819441
5181,9980024.941834493
5182,-711549.0698623306
5183,18003823.71669165
5184,-7523577.769128494
5185,-11413636.914485043
5186,-12924576.428393038
5187,23076799.10690495
5188,28284150.73429249
5189,-15868411.020322258
5190,-23178741.773349237
5191,-27272300.877955258
5192,113990.37595971921
5193,-11422831.542771457
5194,-9147720.351015609
5195,11253278.598145379
5196,-16250450.880483815
5197,2060277.8483020538
5198,12074796.057350356
5199,-6641783.918046927
5200,6795065.244909838
5201,-1384621.2788466606
5202,-12716799.40726808
5203,20932431.535552114
5204,15754382.94882254
5205,-2286629.9458990684
5206,-13933050.014376119
5207,16620629.682678666
5208,19953885.379413053
5209,-19618761.980502434
5210,15498456.233977616
5211,2520654.5487646433
5212,-8991508.482050112
5213,26546967.023354143
5214,-2062303.3330866694
5215,15452043.540266305
5216,36142850.726670034
5217,848788.8475335058
5218,2002222.4742359216
5219,-12909390.814508807
5220,1726875.395493329
5221,-4453987.5600942755
5222,-27198385.429020114
5223,2400345.204321905
5224,-24135486.498981126
5225,21372038.55622246
5226,-23269828.14834155
5227,30343509.008903433
5228,-21706538.255008187
5229,13571599.045156505
5230,47698231.98200995
5231,-9227252.002885567
5232,-54131073.728471
5233,-15178068.50979608
5234,29592411.07208095
5235,-9613243.378068184
5236,11179573.900839048
5237,23428119.0311986
5238,-26401506.994831115
5239,36578838.959760495
5240,4479219.954173228
5241,-38136020.57426871
5242,-13754593.288525056
5243,20994698.57252898
5244,-11402827.910155116
5245,29560710.36015762
5246,3814123.3339115395
5247,-3169915.3881297377
5248,-7070914.923552053
5249,41289306.18090256
5250,-8974784.600456698
5251,47784110.00590675
5252,-14811533.676000237
5253,-31930816.279375892
5254,376672.21509821346
5255,2718941.8680527275
5256,10965476.922002356
5257,3180980.089114844
5258,-12575177.598125005
5259,1608059.6365419645
5260,-11727949.983260455
5261,-24743819.59517921
5262,17807573.216731895
5263,12492125.241865505
5264,-5201449.1416993085
5265,-14580717.16604738
5266,-24365018.384131037
5267,-6437485.52554498
5268,7175194.499171713
5269,-37726868.29317266
5270,-14897483.073587287
5271,11869920.514855472
5272,-5162191.899907803
5273,-42603400.1860501
5274,59220986.433580086
5275,51931606.782718286
5276,20555918.672076847
5277,31037390.486170728
5278,11151707.013122382
5279,-21962194.749997433
5280,12561220.735430982
5281,-3955410.8185511827
5282,-23662052.5380834
5283,3306733.070625448
5284,19891695.883223623
5285,-7916210.136703968
5286,47126508.42026213
5287,-4165357.9585300074
5288,-8380264.18655237
5289,7219439.309582731
5290,-5701651.7335617
5291,-10279386.806754444
5292,7123911.232379096
5293,19003699.31125203
5294,-9175680.8278473
5295,-11242507.122447446
5296,-6630592.741517289
5297,-60534156.728060104
5298,5145888.937071074
5299,39550647.80201392
5300,-9811703.80664671
5301,-41161866.91377963
5302,6293017.81630632
5303,34483778.2539797
5304,-33950311.828711525
5305,-5344295.500124943
5306,-4673771.765614438
5307,-11530854.751117691
5308,2944890.5364961945
5309,-2769834.389530181
5310,-12981596.925053982
5311,-561495.243107185
5312,-4641204.7397815455
5313,26142479.5433507
5314,-13253194.662589204
5315,-1267478.2042082348
5316,6780203.217246334
5317,-38866687.920147136
5318,-10399726.310009487
5319,-24020904.01112581
5320,-9060079.39888218
5321,-12962588.567825163
5322,7700863.503596358
5323,50674094.556360535
5324,-3072159.361187516
5325,56175462.51519664
5326,-1325369.1459112098
5327,-53480961.549754895
5328,-3113067.823728918
5329,33832301.643326536
5330,-9864921.106589008
5331,6376226.533175051
5332,-18980512.490742736
5333,16753071.545576975
5334,-9013765.08071043
5335,15829690.081118578
5336,-13331539.193089264
5337,-4786538.097850317
5338,4808335.410875701
5339,28623418.185842812
5340,-14438393.376060441
5341,26362264.720081154
5342,26303287.810045395
5343,-16418304.679573283
5344,2959656.056230532
5345,17379329.533664502
5346,-3963709.046238406
5347,19735422.798437238
5348,23670800.71863543
5349,30202046.47565633
5350,-28359610.593971632
5351,-4381318.580845092
5352,-9624185.324052857
5353,-3939885.732157948
5354,36549556.00429729
5355,21208948.835624944
5356,21818727.475924708
5357,988939.3815656683
5358,-12328965.358874694
5359,28125719.19750133
5360,-20728996.895429872
5361,-8580764.290289901
5362,-501281.6825479098
5363,-15490687.56611993
5364,-3758884.291682698
5365,-434935.2974964753
5366,5546551.389236264
5367,15218846.450430647
5368,-29326516.48881585
5369,5010560.49635438
5370,51401457.10129818
5371,-19138116.36871241
5372,2407736.410736093
5373,54459189.87942413
5374,5110037.856138423
5375,30023760.069538634
5376,-60728777.2357222
5377,-1143103.2534500486
5378,-11314046.215340158
5379,-13475815.906867664
5380,37232178.701821506
5381,2629082.5818223413
5382,37984711.57475312
5383,-9211424.913980244
5384,29063112.74873019
5385,-8306040.649702537
5386,-206316.48476247318
5387,-4907003.993199823
5388,1149679.3122335817
5389,17543653.287456743
5390,-4710808.6288770605
5391,-19292221.4790707
5392,-7147176.784386595
5393,-47325167.4559608
5394,-5711274.16312699
5395,-12550295.920058005
5396,45105974.12639504
5397,-41240234.467093565
5398,28121202.539146073
5399,-8835163.313882465
5400,-26215783.04654556
5401,-24319370.07044728
5402,-25631286.910982974
5403,-16496366.353854338
5404,13172236.468972346
5405,-10428310.282610087
5406,18855891.10223218
5407,15396043.968063813
5408,-2296057.453810776
5409,11268676.986049531
5410,744073.9584698984
5411,18719471.58149553
5412,-15395053.55787756
5413,4089086.1888710037
5414,-6744520.026113947
5415,12016036.05914952
5416,1276908.4714607922
5417,-11563263.358039794
5418,392317.12343942723
5419,16808378.179457273
5420,386982.28361998504
5421,-36104584.63118526
5422,32151656.68581932
5423,21503096.804317992
5424,-1611973.8472719523
5425,18290733.73903913
5426,1276725.0789729862
5427,-3884806.635163054
5428,-14717237.797872085
5429,26231696.678250406
5430,-10091791.47445685
5431,50298670.38776383
5432,-5994075.836236509
5433,-15262778.96869419
5434,42138331.90768106
5435,-45580341.038489684
5436,1719035.675395303
5437,8758199.454505045
5438,-32394467.121282984
5439,-33518707.368212976
5440,-36708372.15416249
5441,-7041647.409730625
5442,-11772474.728993462
5443,-5305781.682725672
5444,-14162456.995467503
5445,-817235.9139414624
5446,-12266434.563325796
5447,61008237.80613097
5448,-10439351.280293033
5449,-13792177.122139921
5450,2728527.791006883
5451,-3494711.1673032553
5452,35173887.04574465
5453,-13053334.116069147
5454,-9866953.45314515
5455,-6354008.565874428
5456,20711696.454637032
5457,19249118.037079375
5458,-2790499.4744755076
5459,15488131.736294622
5460,-12666624.518435726
5461,14298256.325215241
5462,-7736251.391936022
5463,-1129471.873485722
5464,54592455.592495345
5465,-4406057.994535731
5466,10512582.111672869
5467,1551410.7498133515
5468,-17740938.918307286
5469,1091186.1442896654
5470,50106898.6217647
5471,-14170456.13103256
5472,-37297582.10207265
5473,-964936.2243919459
5474,-8956905.34207411
5475,22778497.938776143
5476,-17824288.038205735
5477,2525393.4232399296
5478,-42784469.35990211
5479,-29265944.566401392
5480,-16506597.273961667
5481,-12426416.520416979
5482,-7190317.761609247
5483,-17471898.094686676
5484,-22911594.14342635
5485,-15535407.901284266
5486,59413417.109720126
5487,8821379.212414782
5488,-22196311.737893496
5489,17300114.539530776
5490,-16810825.456836574
5491,26978721.444874387
5492,7053573.6770097
5493,17045413.687424894
5494,-3555100.8360541523
5495,-9291212.768462567
5496,31762590.27054597
5497,-715689.241511813
5498,12049284.013312658
5499,1363878.8536598424
5500,14363914.726652864
5501,-6472872.527589133
5502,6692317.899678525
5503,3856664.5556296827
5504,37199883.97152882
5505,476014.95801188855
5506,14091957.675239762
5507,-8597264.411371155
5508,20070326.08389438
5509,9291525.811407711
5510,24405086.71939511
5511,512813.07608856075
5512,-2819188.7503489987
5513,-14239182.119223645
5514,1685779.7426888503
5515,-11358305.06539385
5516,29410362.553700518
5517,4644549.58053316
5518,-10217928.348568356
5519,-16773075.937479705
5520,-1435669.8021783282
5521,21329807.58963532
5522,-8880755.832305757
5523,-36702808.646110065
5524,-7013721.314136034
5525,17927083.1021707
5526,-25754938.1483069
5527,-16367632.780407738
5528,31617343.226370282
5529,-5508481.333978007
5530,-27527891.572480936
5531,12509414.785500927
5532,12044386.584089294
5533,-19548006.835472878
5534,27448115.604449917
5535,-19308067.74757862
5536,21939674.9360399
5537,-27364877.23718233
5538,6299647.587677831
5539,-2680885.4432464037
5540,11335840.694127267
5541,-3974926.978058148
5542,18698101.328152776
5543,3186419.306925196
5544,-16233542.955711162
5545,11827389.926998213
5546,-12397719.46521305
5547,6327771.008777695
5548,-1232065.8019048865
5549,31184836.13108938
5550,-47572684.52258591
5551,11138377.41052528
5552,-14672586.977055501
5553,17660827.02061004
