Time (s),Average Resistance (Ohms)
0,5447709.398536556
1,-15462856.094803255
2,5195512.953717927
3,4648523.821198345
4,-1370525.9191822654
5,3596046.1377701475
6,-50098031.10353991
7,4484317.305923534
8,15673349.074708736
9,-721259.2324256316
10,10348195.407870546
11,-1207737.3662842892
12,39259.22189245224
13,8672892.058897596
14,2313243.134108689
15,10612052.13359114
16,-36636923.71628104
17,9393743.556817716
18,-874685.0397996235
19,8499746.971333552
20,3556819.8257853463
21,8920008.266509343
22,-889975.8459247121
23,486962.1393333069
24,485886.29917020275
25,-710944.6015524964
26,477139.13881256693
27,13774285.563606447
28,-7679300.555669946
29,479828.580112639
30,9634819.06813901
31,-709968.7081880979
32,1846303.838617529
33,8905245.16801865
34,5943835.4751673015
35,5446021.827970333
36,5781929.859844013
37,3374740.7154663326
38,4320524.8918488305
39,2616272.5200754055
40,4967217.144011853
41,9459504.096015578
42,17973206.37423183
43,13081363.938357886
44,5014737.443149442
45,-36072058.24785428
46,4544512.762301991
47,-1265135.58241166
48,6553432.869943062
49,3954902.701223691
50,3651149.604010058
51,7320476.481222024
52,4274702.338715239
53,12264022.984314276
54,4177814.620711051
55,14406975.575454017
56,3560207.4051555083
57,15691593.222388392
58,3401595.7528984337
59,8950012.182623109
60,1939827.3307266473
61,11605354.711370954
62,1673199.6719406368
63,9042052.726913054
64,1783202.9390379526
65,10965840.594976524
66,-18322242.806277573
67,12375725.074102437
68,-3381579.456943312
69,11673517.597355662
70,924939.8281233531
71,10287898.929941732
72,-783495.4305253386
73,10006350.750048984
74,-2227888.701001212
75,10411117.2099094
76,8214009.073483947
77,18767805.38090355
78,8382422.410715237
79,10660347.499532092
80,-407901.6655441193
81,448402.42853691336
82,4647664.5196839385
83,381804.2524581656
84,443013.6303073179
85,4252058.390038965
86,7425364.737703751
87,16988163.000129584
88,3617031.833723379
89,-332902.4250583712
90,4063897.6539114243
91,9619586.115807569
92,5749100.750605141
93,10497160.945168838
94,7901667.734006184
95,56915172.952140376
96,14479670.401824068
97,4026678.6120252693
98,11236011.949309077
99,8201520.374320256
100,29027714.52443402
101,4842675.396229185
102,11386748.39424679
103,3302591.8672479233
104,18169869.50512724
105,3108486.245188994
106,11706336.514525317
107,2528451.9980648058
108,12709576.963209135
109,2268819.7740307697
110,11065296.19932103
111,-2110471.2098010196
112,12811516.89769177
113,3873394.131383399
114,52679664.9837037
115,2576550.259235817
116,27054988.300487768
117,1639861.5715967154
118,15024390.88518842
119,1771045.5334476277
120,14793527.145128708
121,-804658.2194395302
122,13119478.201186482
123,8353829.895740842
124,13070286.242231999
125,9073853.704632428
126,13178408.166849624
127,7271297.96616928
128,10014900.842426373
129,4886198.4096690025
130,9976454.84735564
131,6656072.710317805
132,-22348.314282562875
133,407421.2972176453
134,17299118.50851572
135,7804293.94537556
136,12417554.87600238
137,-5255494.160037428
138,422922.49130117346
139,14613065.719083523
140,2402349.4572345917
141,43811651.105811976
142,11541877.489095513
143,12555259.699470337
144,15450895.977896282
145,13567268.739608413
146,15373037.71763666
147,14886557.839297857
148,20066551.839161202
149,12157760.505865637
150,34531288.510045215
151,16111545.38479884
152,14605135.84543113
153,9553618.663735004
154,7083176.658043696
155,17195272.544033103
156,4242898.104208444
157,32202633.73536559
158,4247269.418970489
159,278054.1842011801
160,36759521.246898375
161,16005605.698119482
162,4004643.3643504702
163,10710389.068841424
164,4131546.3558351127
165,24492836.641386602
166,3220218.687483461
167,3114786.940068077
168,-3661787.2184355683
169,2823308.741279912
170,-1878550.868416051
171,1731043.1497722801
172,21409281.78455421
173,1861773.7428640202
174,10915832.865536356
175,8797.872145663201
176,13820685.819318345
177,-198882.53598159086
178,15490285.00653484
179,3845495.5583204054
180,15367303.974898074
181,15580839.093296167
182,11514465.91960945
183,19386635.048145615
184,11182370.742389075
185,14402029.501137486
186,56372.63147474072
187,400610.44330413535
188,-5619917.345611209
189,-783444.1781431793
190,392537.57631147356
191,25777424.569266178
192,-3318725.531184151
193,395906.399511762
194,14392870.18324402
195,3955401.050112483
196,18206294.44753215
197,5085279.968860366
198,14397026.57708931
199,25509778.37943086
200,15476515.363369336
201,18137421.51937521
202,21747265.69393196
203,5393790.236107797
204,-21125535.993371487
205,3928719.7872905633
206,19487105.43435424
207,8468072.943002153
208,41488314.79904969
209,5979064.358263096
210,11780836.437871728
211,9227302.792752123
212,4108479.1498170844
213,11507723.262653654
214,12297318.280610861
215,8739620.03700676
216,13216761.956044208
217,12364286.137954732
218,21965781.19762337
219,3088464.0314817447
220,13094748.921478432
221,2811739.5647884016
222,14197006.371134434
223,3914838.6728238957
224,1685312.1517703277
225,14064778.220102716
226,1589243.9769815574
227,17379739.26862798
228,1766969.6998907414
229,16284023.473247409
230,-1638859.4040782482
231,16957612.355052225
232,112953.30037104059
233,17647606.433657818
234,23541836.548774466
235,11926172.34068588
236,14914130.620427797
237,12138600.905451808
238,16324912.26458705
239,-113558.65992826542
240,387638.2179280971
241,16694443.593406385
242,8143724.795888424
243,33794563.17606111
244,948530.9870860192
245,443234.1330654284
246,-1669643.0875687741
247,-12095846.731310807
248,41047138.81043075
249,-5075123.498213083
250,406731.51188681915
251,6130327.782537
252,16883406.583646815
253,21300238.67060296
254,13907120.316753242
255,14998142.891791392
256,49088889.50338646
257,7004792.142475483
258,33927564.04907999
259,8740953.09502054
260,25181977.3000113
261,14759821.851070527
262,27192764.178130604
263,15620365.094339127
264,13084425.851172727
265,-3449771.6832880727
266,9380182.024603564
267,10328658.194305416
268,17110355.725164246
269,19897164.716058414
270,3450852.4074852704
271,19659256.151396666
272,2735440.708164399
273,17463476.211179588
274,2670364.9101563343
275,17501797.179593522
276,2243277.542716331
277,15070286.033247035
278,1694342.562982469
279,23347021.9382553
280,1541507.744302048
281,19368751.497714583
282,1624493.995697008
283,23582068.969315168
284,-1229147.317731659
285,19438832.098976247
286,-146768.6606858663
287,17085036.06263154
288,14946935.443654891
289,12759820.19392417
290,6228205.438664719
291,14380056.743685106
292,28419352.454824667
293,8159171.441952917
294,-2658505.262174471
295,8766481.133414472
296,10414444.841589035
297,8193562.327243263
298,-157710.57123924
299,382095.4750591001
300,14762283.175808717
301,-1365552.5936603567
302,392257.1338366637
303,18212908.30003544
304,-2131891.2191603193
305,382923.8951025251
306,26032110.740293615
307,27134912.4682012
308,57116345.77208795
309,47463601.124398515
310,16050228.907378903
311,48392077.40823788
312,18385750.743410893
313,18662096.48501768
314,-23634596.829035442
315,15913793.891377086
316,-38614795.490940884
317,2167971.617403404
318,-29886344.269518275
319,17998230.616794914
320,22238389.683190133
321,19111616.24398639
322,2335706.070479252
323,29383152.614283003
324,2375472.0804382684
325,13719271.666943485
326,1754896.5053865027
327,22042608.90402519
328,991868.5914489221
329,16994689.851058967
330,781562.5581274393
331,18323215.355251297
332,-1384961.5957369476
333,15126796.47086683
334,1294029.9522182427
335,17519050.312868465
336,1614292.4892646722
337,17703171.53982043
338,-21306967.24033116
339,17746718.75450098
340,-6547875.406347673
341,17976776.252344035
342,-5092296.006816818
343,9009080.618116096
344,11313185.488267604
345,11039810.353352856
346,7854788.668589553
347,924602.0973245554
348,387114.6340353737
349,22233137.52618412
350,91497.5238979014
351,384121.3825157697
352,27703422.11581431
353,-6383491.142620476
354,370543.97322003194
355,9162415.037058624
356,16691856.021850854
357,12227206.41068274
358,15815913.491813254
359,22395951.808667205
360,24428863.200510696
361,27344906.54626559
362,26326836.405839503
363,45194987.1952159
364,-24458647.258915413
365,22341558.69414494
366,50557109.6206783
367,13747087.297336634
368,54895809.959615745
369,18911228.98650049
370,13450125.417863753
371,1674864.5828194467
372,22383399.003937036
373,27737364.300915085
374,4157979.695721942
375,16851622.756378695
376,3193714.8097772263
377,17787509.86675862
378,3147134.69192851
379,3084009.419025068
380,10343816.57302003
381,1858981.3150645406
382,17556598.311181527
383,1830089.6424878915
384,-5272782.865215049
385,16946671.575512677
386,-3828290.0860726377
387,15297198.75491999
388,-24404012.872575726
389,9721422.079395007
390,34146917.020727456
391,10463468.369657572
392,18099022.922375824
393,10649335.934437241
394,9768993.748080164
395,247163.3374955845
396,381799.6777854475
397,11366781.212913666
398,-3138501.292035678
399,392606.17308472714
400,18346258.528518606
401,4266991.072549172
402,374101.2765918045
403,39040839.582737155
404,-38288367.415465936
405,31956926.246046335
406,25633035.80671988
407,-21804232.946425907
408,25351379.129343193
409,43135401.88626774
410,35471807.07802879
411,48515737.74694177
412,35259528.45951512
413,52906068.95014466
414,22386774.97840143
415,7291772.46408047
416,30562685.863841187
417,3354531.944170922
418,25528254.7387672
419,4568668.103501452
420,-19710852.37882055
421,3882163.6254346436
422,12381804.354317034
423,38556759.57307242
424,20621165.239746083
425,3203633.5772477016
426,6702967.832404067
427,3076821.1757900105
428,8792397.635648891
429,3203446.5418869006
430,27645302.023718007
431,1507818.3869462418
432,928982.1986798737
433,1882565.5344905846
434,8476967.54324016
435,-494678.240221497
436,18303736.94319973
437,-1432266.181416015
438,18602217.838492565
439,-1665134.3716317695
440,16518373.03661533
441,33383519.832895614
442,11959723.084320368
443,57778259.85622855
444,11712520.978497492
445,122764.66268998517
446,384624.72615404654
447,30276317.66697665
448,-10571638.024398299
449,393906.5996451777
450,47359118.37213659
451,-1079723.1753655116
452,375634.0436384829
453,25106080.553552624
454,-21881659.442704443
455,-48709143.430555284
456,-11894538.470995676
457,56862859.062402055
458,-24894407.187895127
459,31802109.51486876
460,-30514347.45796455
461,24691741.87316621
462,-23388323.606811434
463,39058461.01425248
464,-17459563.483142078
465,16654618.221689459
466,-3446861.0989766093
467,21731735.766026266
468,18601564.913728938
469,1160122.2512691873
470,22652378.64145504
471,33247029.54905315
472,3985556.1778422454
473,-2835614.6790618002
474,4446952.744220053
475,25034703.415552683
476,3188993.5138665303
477,23892967.931257233
478,3172683.0264529088
479,21794018.77055601
480,3133404.7129936544
481,20651120.231535085
482,1859650.8231180594
483,18078881.467671614
484,1954109.6465116958
485,22781886.41469254
486,9385996.249770025
487,19877750.706322487
488,-414162.3728617031
489,17592476.010753058
490,-1229135.243441032
491,18497389.87024827
492,56592675.935938515
493,11290849.31311307
494,20931169.2235966
495,11405351.470080132
496,15544981.085284263
497,233963.9614342392
498,694206.2950105754
499,102112.11350026258
500,391952.1179899386
501,34022360.119350374
502,-2394017.14627041
503,404002.292779863
504,18200305.48037961
505,22790681.35663072
506,58164758.14729128
507,25843208.95289395
508,3409877.8650469347
509,19553979.085477445
510,48183586.87909539
511,18258625.132412344
512,55656652.83098464
513,3999768.3798216
514,27015752.057664365
515,25942773.215258207
516,10572131.22514423
517,18577405.55050008
518,3109741.3589230864
519,20002960.670542855
520,2975364.261317499
521,17362191.979587976
522,2396188.3537631966
523,22838826.871916763
524,2553989.003223768
525,16643242.804648483
526,1171065.4192705788
527,18316788.316102274
528,1229499.4031492812
529,18974917.485828184
530,1596657.101367912
531,18385164.614669576
532,-1588298.029341722
533,19459659.400912024
534,-9975248.122882823
535,16980289.69759993
536,2165247.450559307
537,10327244.436387142
538,26482644.156653877
539,15519713.0935254
540,-9248981.924800461
541,15249287.433529858
542,-12910529.781710997
543,10721457.089768562
544,6611401.594771871
545,10897281.323350858
546,-6909111.205369989
547,-36752.323599053816
548,432129.2280680545
549,65975.63020008394
550,436308.6376211441
551,-513764.612351533
552,-2921591.1880509467
553,426219.31875556073
554,10580026.91882077
555,6309662.701851671
556,17883245.254514314
557,10130721.601482017
558,12524937.600921173
559,23753361.950238533
560,9130347.407522473
561,9473545.4515221
562,9074103.785511497
563,7178232.322283732
564,14981766.053733325
565,15757955.07068414
566,6818542.691504454
567,4026754.3460916677
568,4530105.545884404
569,3517456.934358578
570,13697489.15424931
571,4050961.421998671
572,10521679.149410503
573,3868259.301958362
574,40666943.321193814
575,3239199.8984552305
576,36661968.17901785
577,3187383.681064886
578,12955332.038773514
579,2080862.4963414627
580,10221442.008578371
581,1716262.4245871447
582,21378996.780909315
583,1834112.2403223284
584,-3297791.7604091265
585,-10874006.888288528
586,12638058.166631214
587,-568770.8593517691
588,12826928.309632707
589,-5460680.47252512
590,6519945.055697428
591,2324692.1094237044
592,10311394.215204794
593,1424227.2855791585
594,10517507.832547847
595,5666792.178303549
596,-68431.28336543108
597,441548.6415999946
598,7129280.856629461
599,-2026177.676303655
600,442580.0092004083
601,8131060.666828766
602,-2115643.483428979
603,10052308.078892196
604,6236534.8340671975
605,-43853279.28460315
606,-4536457.78505863
607,20162336.033446558
608,18559122.276071228
609,16439207.203235531
610,14247361.624754691
611,17216887.429915987
612,23072159.146694474
613,4236425.219028814
614,31635667.592691112
615,25519676.60394598
616,5345607.24405303
617,10318823.932117973
618,-3628329.317038776
619,13751691.029455606
620,2250878.0915821204
621,13325805.832539763
622,4169822.6141513004
623,10161055.425084878
624,4192820.7923588315
625,9897879.26539419
626,3236290.919186362
627,23098645.338003524
628,4060919.0528433085
629,20550305.489076935
630,3382096.9996270835
631,13664330.023155425
632,3107301.063266745
633,13817069.977499843
634,1968685.439225118
635,9219313.616511337
636,1799803.1782280416
637,17603070.125002965
638,1911151.5622835339
639,14309664.66359437
640,-655981.931914896
641,18480810.254915036
642,-6280526.858110282
643,18511896.69782062
644,-1181223.26982434
645,7440774.704172686
646,17020853.706569467
647,11992922.417518187
648,15544124.738554424
649,11155486.853837227
650,-3500333.962781068
651,-3570.263037565339
652,389724.6187050616
653,15044619.92143252
654,3696315.169289692
655,22452597.206964783
656,-1141746.523443796
657,387201.64633125364
658,18812790.764962487
659,21947427.9052326
660,20792326.674170695
661,20613905.91895128
662,50114745.517355025
663,16915717.435916364
664,27685179.72753965
665,20478221.333546437
666,13234182.126333836
667,23026711.060244117
668,31414155.36836652
669,23155913.20917692
670,17687997.540712703
671,22990197.041101985
672,42503423.27569561
673,26654615.69441184
674,20296382.481418014
675,20359161.07843083
676,2209801.8309517414
677,16717952.210741203
678,1552304.928724811
679,20409839.28876745
680,1614551.1401011278
681,20100860.315098293
682,-6037156.638679251
683,16471585.60619596
684,4222723.895483168
685,55928194.28140421
686,3403961.7256591963
687,17140679.098792948
688,3379853.54993035
689,12940693.900681188
690,1871601.106765238
691,49339070.25751151
692,2231405.1006709547
693,24671166.408813693
694,-9277135.271671426
695,15305141.437590469
696,-4604617.750709044
697,16502758.351275885
698,8193822.2134414045
699,10548134.792300913
700,16188395.881627917
701,10490501.990563616
702,-3594232.6501137973
703,10947491.305258274
704,23643117.414010856
705,-24129.902122974083
706,403561.69619713805
707,4325090.63305737
708,-5381913.549838053
709,404854.8696287072
710,-3929429.6292581945
711,-9487275.280217478
712,15732752.599965114
713,11561528.626361344
714,10944404.801295841
715,28321594.020262886
716,32645411.899899878
717,14646498.065789308
718,29100457.649792463
719,19364714.35189193
720,28925717.5996371
721,20675369.814615928
722,13882282.463267911
723,22927055.203437775
724,28397662.643565346
725,22003019.675840445
726,36938031.60000159
727,24222795.7937525
728,32738423.99765163
729,22384387.18263033
730,3462689.6555478424
731,22110969.4303223
732,3033168.195043573
733,27285882.014162164
734,2822437.813253207
735,21144126.615081377
736,2959576.6941511696
737,17859705.96574897
738,1648858.3873421284
739,22388280.25955814
740,1652585.46794145
741,21587797.595150907
742,1587303.0719296385
743,16723141.7055859
744,-21312034.109952834
745,22805357.54411435
746,-778627.7714215266
747,22876101.02164943
748,16427207.810704097
749,13355944.245980805
750,29356844.75252263
751,12293550.26940766
752,14545641.029568244
753,58643.16379171917
754,389680.0924147549
755,17029883.55364678
756,174377.14892276406
757,395458.7079303778
758,-1315098.19060844
759,371467.5937688567
760,27259036.41412438
761,-31476647.78430879
762,27066783.789252013
763,-26532060.177534215
764,35669414.16478993
765,22180949.720142268
766,28956475.258040726
767,23228149.227897797
768,15823704.037831564
769,14105927.74790754
770,24733321.397340953
771,6112488.91468926
772,29596492.242737513
773,53352856.685461834
774,28672251.324959505
775,2997652.2131732637
776,20720399.167266723
777,2648967.0965510546
778,25191072.554349072
779,2328670.989038562
780,27576061.74941791
781,1428052.054226229
782,23803345.353800405
783,1334566.8596690628
784,25481986.564815953
785,1428085.752371187
786,17912284.245176714
787,-1752657.2302660055
788,30751809.251164425
789,-862579.5506653056
790,23620443.54440237
791,-492806.57910247147
792,13757994.786848301
793,7226910.970248836
794,13531450.03949073
795,33975208.26484557
796,13649368.641383344
797,41951715.93424819
798,-118440.57835307853
799,392499.7577629421
800,18335455.896428727
801,-1905979.2588322554
802,382393.7496746507
803,33794948.364405654
804,4163998.1826489656
805,24170470.046494626
806,-46659222.05226884
807,26832879.823975205
808,33897607.7171952
809,35910374.47709225
810,40473368.888408855
811,-15861260.369166676
812,22747313.21384725
813,-15666297.258358639
814,18836853.75473448
815,-26555722.486598987
816,21738032.223969787
817,40502447.97821518
818,26996606.034039326
819,-32421898.982655656
820,34394213.084203236
821,-18807559.161113314
822,19255725.509288747
823,1663225.2682358965
824,30597273.22377321
825,1275077.8399712227
826,21888173.078106783
827,1122584.1585170496
828,26426766.264129877
829,1110254.082128305
830,22301398.286474288
831,-1569338.1741818762
832,24685726.12208342
833,-1379359.4272792912
834,29331482.39236347
835,-6136272.611685483
836,19646848.396019988
837,-85227.59227692038
838,13395049.650500491
839,145252.20765301437
840,12686464.531182434
841,8353391.676725191
842,-30138604.14299286
843,7965396.214905376
844,-12724201.39729488
845,8107859.919432567
846,-19673025.209008772
847,666567.5651142938
848,406379.1202039457
849,-14939153.439097404
850,30102719.339250613
851,3772842.509757021
852,12228571.763725016
853,18308085.122891985
854,7523925.720272215
855,9892452.024078615
856,-30108125.578924365
857,5142872.81051712
858,33302746.7867666
859,4192074.7867437503
860,37533902.503807984
861,13102188.72432827
862,10508633.019234423
863,18716161.14890162
864,9937040.759423977
865,17324355.924648777
866,9487055.328962777
867,3819442.909950705
868,4737697.185754536
869,3693629.415890049
870,1997412.5794300833
871,3840853.456103346
872,2375581.284091657
873,3250681.4564259336
874,8922497.758881923
875,2981145.552201893
876,8494074.809085794
877,2992538.6889287583
878,17753473.237596996
879,1790745.2747712925
880,3247565.8712548194
881,1948023.2457249898
882,33110104.202875394
883,1581457.822209889
884,18306834.766195275
885,-1750909.5768386945
886,16642957.374014493
887,-3715123.7674100697
888,17327648.215183996
889,31965318.271850377
890,10386618.465014808
891,10346343.905776327
892,48296306.30983494
893,3679188.704935342
894,103565.44803996381
895,365931.1457968173
896,27713879.209806778
897,-1260535.5763364525
898,369635.01881916524
899,17175513.312495016
900,29160984.20614923
901,-46921446.581765726
902,20141275.75653726
903,28553027.425528616
904,22688514.88476508
905,-38860283.98877787
906,-1259504.3208182692
907,-25501213.921489496
908,18924634.444052048
909,-29124390.070823014
910,-14570965.25499635
911,-26022422.98309099
912,18527052.601946414
913,38423029.66762219
914,33077836.75886762
915,3092074.8672175766
916,32154701.737396844
917,2485320.709955676
918,16613072.6563537
919,2446207.7692736923
920,20436555.13018144
921,1707407.0850385732
922,32779876.19496063
923,1536828.5454712887
924,27641899.104794562
925,1744608.8047825992
926,24321942.290980823
927,1072634.974754608
928,19172977.75235467
929,-1080430.9634214041
930,29955992.039640278
931,76684.2942002248
932,12887718.15526108
933,12025931.846580032
934,12563004.716079952
935,49544524.06670475
936,35611.41149147926
937,373348.8855443389
938,-22841411.11436434
939,-1858370.570932341
940,365186.36568759166
941,-50006727.816578455
942,-1964993.9047197718
943,33229068.875782263
944,-23995746.061072018
945,-21636362.20871336
946,6737042.993721697
947,23314334.998974703
948,26607570.425447572
949,42194840.74250171
950,25257823.736891553
951,-39090055.175402
952,27889142.38981718
953,4818640.553072175
954,48648360.45165039
955,18106372.25738131
956,29844182.311365448
957,12025352.710616246
958,7659504.60341205
959,3708354.827346058
960,13755372.574022466
961,3789449.3584350324
962,10481861.897466749
963,3663589.200437286
964,14285071.997183064
965,3148032.3481826894
966,19284572.761292893
967,3083040.963578198
968,30090594.96381762
969,1802187.122250049
970,18004762.56716316
971,2171397.7996499026
972,30014240.93589679
973,1741076.7687692116
974,20434601.830206133
975,-3945352.4030336575
976,23408389.53337399
977,24621728.15659534
978,-4793340.913475792
979,11066749.018362995
980,11387164.635085857
981,20375119.330674198
982,11126178.13462132
983,26017324.312929694
984,165236.41319835724
985,378648.18378557864
986,-4848204.374376915
987,369434.708074609
988,41581137.46602601
989,-4474466.944704208
990,47126776.59952507
991,-31138315.310331244
992,28676808.098695822
993,-32050027.128359728
994,30138416.037700802
995,-19109774.19105055
996,33133307.56448562
997,-25305557.99208049
998,27010916.06630233
999,3111315.4917130433
1000,38603220.66345488
1001,-36085783.61702086
1002,41666749.84527955
1003,-3120221.4685025946
1004,27359664.154860258
1005,-25747862.04169839
1006,32338849.40255215
1007,-28061140.679874998
1008,41898772.87678958
1009,2216984.802174371
1010,27384599.333981626
1011,2225110.78004528
1012,2096659.8819918972
1013,1469426.3297123418
1014,32051493.821183026
1015,1142959.483789523
1016,43659956.10934349
1017,-1432349.54775767
1018,8458313.879158834
1019,-620562.6706951384
1020,22032812.813930426
1021,-13462275.262158344
1022,50330113.56894125
1023,13032827.266437827
1024,15453083.408948362
1025,45267132.61255641
1026,18632275.223945927
1027,26317782.74487298
1028,8261678.956652882
1029,56252296.24163456
1030,9659808.200178752
1031,5467789.444211299
1032,10528325.917288903
1033,34724816.16596565
1034,80799.05878293666
1035,402858.9622567714
1036,12296811.674779406
1037,-2845945.8947734497
1038,409831.6009627654
1039,-2155267.588698425
1040,41111699.47938409
1041,23052548.233167615
1042,55848015.41600329
1043,-30993722.89507118
1044,23264810.76795072
1045,33367420.334762312
1046,27957649.3606479
1047,17840814.7649037
1048,-43062486.490569994
1049,21178014.312134765
1050,-9379421.482926248
1051,30850234.634170305
1052,2932746.356192728
1053,21086464.176624157
1054,2734368.904443718
1055,8239313.909195443
1056,2635255.7714670594
1057,25783464.346276518
1058,1866405.5089310587
1059,29620974.77005992
1060,1899472.9556341723
1061,-37820263.06176959
1062,1676790.9685793414
1063,26317529.845264558
1064,-1663581.5099279282
1065,23273628.054633275
1066,430524.02582566143
1067,26005808.581501078
1068,-24152096.969307177
1069,13188611.860264257
1070,13203836.483591221
1071,-3995.631505117274
1072,386393.36247929686
1073,31856787.883517843
1074,-109151.70221668218
1075,393686.66955632274
1076,-20038455.88283456
1077,-904246.0861910973
1078,387152.74243817123
1079,42422696.47679345
1080,53846661.487605855
1081,22568993.72630386
1082,56929609.71871002
1083,41005017.47044513
1084,39213054.75361374
1085,27295741.095016904
1086,8428185.887523562
1087,25711383.230078682
1088,28295407.08204334
1089,16586263.017961532
1090,10550185.724638838
1091,21223076.882330008
1092,21873231.723600496
1093,18821149.170659967
1094,4871429.709236473
1095,19979543.617715087
1096,4267213.839876801
1097,20790693.683208656
1098,4052553.937829283
1099,33155339.568403475
1100,3829499.7127054064
1101,33323352.670066796
1102,3436107.2781541264
1103,25805868.856371038
1104,1925984.0029379025
1105,11533169.832418945
1106,1942790.4676587288
1107,14157720.717958903
1108,1913677.6203301512
1109,17812626.08933458
1110,1928088.4264642962
1111,15796506.68326528
1112,12304199.511802642
1113,15126341.486726224
1114,5733959.201020279
1115,13362990.364260316
1116,3489803.7421542765
1117,10189737.400185008
1118,-28173774.710812617
1119,9654989.251028504
1120,3576663.13275318
1121,-112572.15150796948
1122,449832.28974462935
1123,8026540.123607272
1124,8284514.212542189
1125,11818827.685960155
1126,29410107.615206383
1127,438718.70740492514
1128,32898713.778556444
1129,-13459872.467314374
1130,26344073.446834225
1131,5489103.685186147
1132,10200764.783495704
1133,-22648981.276536714
1134,11268102.104692467
1135,15706573.495082837
1136,18170987.529713362
1137,4063792.475585325
1138,11587227.707200605
1139,5119314.222912242
1140,573932.8563801934
1141,18252623.766947746
1142,2491441.469119916
1143,4159120.575853129
1144,14618413.884474713
1145,12847589.651169326
1146,12597287.744763833
1147,3856318.2766060987
1148,14003101.507697428
1149,3843943.1421625027
1150,21920191.449736692
1151,2777509.523881318
1152,18675827.831930958
1153,2668743.8397458578
1154,17799140.911509383
1155,1911322.1868753873
1156,19703275.999474294
1157,2007693.1613469447
1158,18265099.25121282
1159,1674565.789232028
1160,19733672.597283535
1161,-8765734.21132641
1162,20135825.790533938
1163,-142079.01075806376
1164,18338488.158392057
1165,-229150.91565805674
1166,12665228.00740632
1167,43047070.505076885
1168,13000596.135073539
1169,12973779.276277598
1170,-15020.216538252915
1171,418329.9415759091
1172,18946283.871884957
1173,-2131230.4462424484
1174,398879.1052977449
1175,-1595210.3691666543
1176,36860284.94461085
1177,57143178.44748713
1178,47900682.08230955
1179,56547704.6093665
1180,26713371.44888291
1181,48694693.12876947
1182,17868805.402475145
1183,22417876.219117295
1184,31830510.7117907
1185,5133316.41407044
1186,26677282.920225687
1187,5177777.297037812
1188,27274537.08295254
1189,-30213102.785989396
1190,11471120.967037078
1191,-5528572.120303925
1192,33005241.736864705
1193,9220310.311908195
1194,3922837.3571958942
1195,3876716.84810417
1196,20087838.3565621
1197,3573993.9108267343
1198,21923016.54456779
1199,2979322.5292410078
1200,27770166.269056905
1201,1772837.522862985
1202,16274394.391929865
1203,1775647.2513887763
1204,18962437.973984383
1205,1702903.6931571518
1206,21999917.01532882
1207,-7695993.214289071
1208,21018875.235132597
1209,-384413.27697028854
1210,23388376.774069868
1211,-411749.0399819538
1212,12430128.912189912
1213,42744673.0475827
1214,12310914.53625499
1215,43211341.55306712
1216,12322089.825195245
1217,28149008.199999403
1218,115947.76263025837
1219,393795.3810447285
1220,1209126.462454096
1221,364650.06195872923
1222,33871031.1185482
1223,-2303591.0112498244
1224,21933154.265161827
1225,-37937442.37196331
1226,36468668.70842713
1227,-24255771.622394815
1228,43023346.070478104
1229,-7658693.473777212
1230,31124522.723784197
1231,19630983.45151521
1232,-18189588.70575194
1233,18462854.57845165
1234,35947271.9233104
1235,25900240.399765532
1236,25414751.290601224
1237,6429780.6672369735
1238,25967233.408153944
1239,4256330.912731444
1240,6379512.889592806
1241,3765467.3255583
1242,24957781.24813257
1243,3645336.7332976595
1244,48984158.441841096
1245,3189427.1124309553
1246,10546551.078870948
1247,2819995.268036236
1248,26001299.28576742
1249,1872135.5506505682
1250,40173895.669753
1251,2042909.0883663811
1252,6372156.398093771
1253,1775821.1420557697
1254,28666086.041796178
1255,-302382.3474680934
1256,21314607.6048621
1257,-233413.336885068
1258,19423652.75861335
1259,-225901.88358459956
1260,11467975.858840972
1261,11528782.352283789
1262,-39559966.04702489
1263,11677138.336745426
1264,42088.840293046356
1265,380652.5363793129
1266,-854496.7343282329
1267,382526.1953611091
1268,-2163213.5364393583
1269,-27209455.43227315
1270,-11338476.202448051
1271,36328312.1254759
1272,37069612.72548424
1273,38059884.08026429
1274,21666611.310943414
1275,35903303.64703342
1276,23783031.244150646
1277,8622426.789905446
1278,3952821.753040874
1279,4063989.3895586566
1280,13775800.94271181
1281,3874998.367460796
1282,14915137.549802128
1283,3781401.4283060273
1284,18185014.028311767
1285,3662903.950749987
1286,22372024.641631998
1287,3283311.2809971096
1288,-9668683.160256077
1289,2785870.237929427
1290,18364895.19698704
1291,1835763.2383028592
1292,42458568.71141001
1293,1806651.2242602527
1294,27623382.52482327
1295,1875361.5199508541
1296,15597109.417144468
1297,-1411802.4264450818
1298,22211228.770055626
1299,-3832907.7176891393
1300,21371434.42502562
1301,251161.3259246694
1302,11847999.033124244
1303,13114650.549574446
1304,39734737.17458943
1305,12074319.58316838
1306,-40393.552260145814
1307,367412.74521291006
1308,52727433.705587424
1309,-1549235.3530454156
1310,370005.69276631624
1311,-1470895.7112751247
1312,-20837887.876231052
1313,-47168673.20311381
1314,43692752.77185855
1315,18729955.819530647
1316,27141034.43864445
1317,-1160826.3805184127
1318,29781245.86873155
1319,25395194.136712857
1320,18968365.023902483
1321,30019509.621123184
1322,19583258.2717783
1323,30353519.044169743
1324,36551868.05172957
1325,28993975.419597823
1326,18713040.18931175
1327,32424336.533569098
1328,28466572.385138135
1329,2900883.949695693
1330,20567518.34181402
1331,2657293.5611795126
1332,2612875.5803755177
1333,19652805.794584848
1334,1781598.3410122097
1335,26777244.045272365
1336,1661170.8838275457
1337,40608760.89431736
1338,240969.98670717626
1339,21109654.823421158
1340,-1180739.8649875324
1341,27805690.52566567
1342,87008.51948416066
1343,11910654.335473958
1344,-19545962.433053944
1345,12340041.06176925
1346,-21199376.977297597
1347,11824768.917136757
1348,-5077494.354492645
1349,37568.25135153039
1350,365206.3465907405
1351,-17659580.302866668
1352,14906496.468525585
1353,-1265731.7865144974
1354,369001.4684947128
1355,-16451613.297344055
1356,41379443.99935494
1357,26196180.17054439
1358,30942530.35343548
1359,43748494.09632183
1360,42885925.74207255
1361,42535783.84906234
1362,22354147.86488094
1363,29913228.136776946
1364,34518762.51621951
1365,20175077.15895738
1366,35855145.12945468
1367,22074976.414822843
1368,48763918.54157155
1369,30000393.29423787
1370,46104876.411608025
1371,43660822.436217204
1372,3276091.807076604
1373,27533477.188432474
1374,3267494.942076234
1375,40411932.765842184
1376,2848722.612253315
1377,23659452.827471063
1378,2594185.2725719046
1379,21665478.766260263
1380,2678819.88073994
1381,4795779.455397584
1382,1638998.206892205
1383,42490566.07103912
1384,1891408.2771007258
1385,27140116.45508601
1386,-169743.6435456939
1387,19222948.19513893
1388,23471185.086608298
1389,56054480.088374875
1390,-190292.31762136574
1391,5402086.212949527
1392,55319853.71082313
1393,11750148.247617707
1394,12810592.138836626
1395,106318.25726914089
1396,370679.46386541694
1397,-11554332.23917402
1398,-850173.6537470449
1399,353974.8671831802
1400,-5183381.7212204365
1401,-1852257.5228563012
1402,350968.4909478947
1403,-30112267.167041123
1404,31441555.89705766
1405,-45847964.808312446
1406,-20245804.44030269
1407,-35139672.79386862
1408,22965601.101385903
1409,29850653.351914845
1410,902247.9526425799
1411,40516381.06817156
1412,13417364.117995862
1413,9265841.565615382
1414,19661331.00394675
1415,3697202.118411132
1416,4262485.656386936
1417,3477550.222754994
1418,35085453.061538205
1419,2954905.69101294
1420,35517150.04154988
1421,2806658.828145239
1422,31623317.185599476
1423,2799927.6298822835
1424,-73548.28264827025
1425,1810853.332536583
1426,23171908.363360435
1427,1729746.2112625367
1428,35407026.7317257
1429,-1718908.1270857528
1430,36495411.58362593
1431,-1344600.60473588
1432,27678748.91799773
1433,136963.3023287764
1434,10839798.239435682
1435,12244069.401518624
1436,11462708.86450873
1437,-4068054.284516564
1438,169205.76068057105
1439,379505.9435007533
1440,-39313938.218873024
1441,-1227153.7581404843
1442,364184.3604526409
1443,-1846921.6649313152
1444,1665405.3754730274
1445,-16893352.862961136
1446,-18030506.56198951
1447,56555732.229029514
1448,-9191269.08895601
1449,-413434.0729768217
1450,-18815490.461257003
1451,49744027.5926945
1452,-6783463.27611796
1453,38002351.61106805
1454,2319011.282771945
1455,-32752212.74460114
1456,15184486.040641885
1457,11921325.808218002
1458,33930638.77073338
1459,-2109854.544588664
1460,-28388279.385440886
1461,1598524.514805725
1462,-1602854.3022311083
1463,35297233.8628899
1464,4040776.0465221303
1465,32698304.752813615
1466,3238807.1104431218
1467,-45899743.45332636
1468,3171228.395230329
1469,50820458.999768645
1470,3039848.594217387
1471,10700562.62976455
1472,1769003.1270264015
1473,13439017.416584074
1474,1739809.9042591553
1475,22592090.894577302
1476,-5972266.182405012
1477,20439559.277428217
1478,18420697.928710457
1479,-862131.837006546
1480,13488283.529304866
1481,11351982.796701733
1482,11168302.939525489
1483,136198.12579798783
1484,373674.53709314007
1485,-40540323.92949146
1486,-1170520.6853841557
1487,386166.3919934558
1488,16048228.889042508
1489,-1578064.8320641476
1490,366810.7041508725
1491,44724533.83905582
1492,-15454641.252667343
1493,2905443.9772805334
1494,148539.3372769177
1495,32610806.7243743
1496,36303834.27148623
1497,3315098.401821385
1498,29621711.538075775
1499,-5527577.292610347
1500,7971791.374876517
1501,41252059.099281356
1502,3575245.1007023277
1503,58391946.68411243
1504,-15633765.587129336
1505,32750934.57894677
1506,2122354.441738747
1507,32012570.252700634
1508,1672765.5992350997
1509,55962789.82896991
1510,78743.03312906343
1511,27515283.518470544
1512,-3617487.6184413964
1513,-6325247.512362735
1514,3313066.2124478584
1515,15349373.884948056
1516,1877800.5760710046
1517,1953201.7370086194
1518,14058380.491988594
1519,-6904923.81840645
1520,19969321.887666028
1521,-427833.7865424374
1522,21293863.22748056
1523,9675545.733991297
1524,9523857.397895787
1525,12034587.422333585
1526,-50560519.954787
1527,11734111.976795515
1528,247852.6007953883
1529,393764.7699902108
1530,-30086833.49773873
1531,-2091895.890002856
1532,380636.5673896795
1533,-2410621.3560499903
1534,380434.97856018366
1535,-13288103.11051624
1536,-3301949.8374381186
1537,-47553906.23061511
1538,6102501.872712901
1539,57775252.33893178
1540,3178886.7089346163
1541,58029011.4693622
1542,5547525.526480591
1543,-4527249.093532803
1544,-1741525.3913198262
1545,-29566949.84252586
1546,-2024498.449054119
1547,13021862.80705922
1548,-26805368.907638907
1549,2746916.110313231
1550,-45413202.05102155
1551,2371360.352075692
1552,-45020563.198138766
1553,1809672.6025228999
1554,25637206.369337562
1555,-1861104.304478864
1556,1245869.5822834254
1557,53407522.19393341
1558,200128.32511881078
1559,26753217.310188975
1560,-728568.9856829417
1561,13195359.077582022
1562,1729034.6614416689
1563,1745453.0343925445
1564,40398606.02949488
1565,-6039293.007518155
1566,17900922.225115545
1567,-15240673.82707439
1568,19573219.853312857
1569,-1286281.6715720468
1570,33893577.942621395
1571,11574554.843589272
1572,33766488.19320043
1573,11199287.198622907
1574,-39961939.430133946
1575,182944.84394344944
1576,392690.91496411234
1577,-1526360.0871364006
1578,378975.3344978397
1579,27094094.231654204
1580,-1798062.2957132135
1581,389020.82088528376
1582,-38612230.09729085
1583,-46175002.66307092
1584,55884347.79043692
1585,3520055.102567411
1586,45902171.186363444
1587,30378187.30440246
1588,51491504.6807022
1589,57818081.569579795
1590,43072890.14013045
1591,34912763.56683959
1592,2767141.789292331
1593,2571454.1035000836
1594,30260316.876132675
1595,2716571.508986379
1596,20961945.253265034
1597,-2152363.295544457
1598,17889831.95043462
1599,1718267.5829984478
1600,24374583.604655903
1601,1338697.096326738
1602,16704085.084782261
1603,1281574.5546205018
1604,17601151.084624313
1605,-1432646.5125841177
1606,17545296.969821814
1607,-1166183.7122684817
1608,18119613.66402573
1609,13783201.040234778
1610,12788851.107331228
1611,13002926.585892756
1612,7268986.233062021
1613,-2107302.30106032
1614,15031642.296711963
1615,8661643.951989243
1616,11047922.881366123
1617,8387705.378177265
1618,16449775.748215307
1619,329464.5405760941
1620,446976.1352593245
1621,7923711.930733679
1622,14046656.930137804
1623,-5043976.216671127
1624,428084.6039309317
1625,8530482.627610791
1626,16687969.07416159
1627,15744677.4377478
1628,10150164.670981523
1629,5911342.003244964
1630,9924071.41146907
1631,16609719.130160216
1632,3359847.2783151977
1633,23979986.40728353
1634,9680256.575315952
1635,7771205.107067773
1636,10947399.325988287
1637,28276281.893865623
1638,11265309.789771378
1639,3709839.941970568
1640,11372371.830375714
1641,3820119.030173867
1642,19486451.623622723
1643,3974473.6702482523
1644,19880298.89720484
1645,3077040.2440356687
1646,22022457.957787182
1647,2989759.465895995
1648,16800757.698119283
1649,1580391.5841867167
1650,48129868.64961455
1651,2017631.122369719
1652,17059296.01394958
1653,1680444.5268021356
1654,2505979.5810683453
1655,323215.53014189284
1656,20381996.90618598
1657,-198544.3758747045
1658,22487170.81013652
1659,57061064.66480013
1660,13980005.685493898
1661,24225604.447363596
1662,12564819.496986162
1663,20584535.625977587
1664,42326.18038430251
1665,408062.2204858721
1666,20226387.779088624
1667,-444024.97652639437
1668,399899.0859109316
1669,49806865.24843272
1670,-2094263.4984910097
1671,392854.20341690024
1672,13862952.759912288
1673,29562466.936583
1674,30149536.499282546
1675,12005256.17138214
1676,50041911.08979652
1677,16399595.882690888
1678,21189400.76466931
1679,4119071.7313404516
1680,14411516.696942184
1681,50273806.64313972
1682,29917439.98122121
1683,37681785.32737593
1684,6000738.945585756
1685,25049308.38990339
1686,30338716.59543041
1687,3636107.017886348
1688,28876103.641771335
1689,3546533.3884404125
1690,231703.58375712525
1691,3381743.4100399637
1692,39732312.96984701
1693,2865099.1589593687
1694,30876247.074137263
1695,1770632.5787487193
1696,23948629.17815024
1697,1916833.9396602258
1698,54562130.29266604
1699,1855561.0097258328
1700,31745043.48888566
1701,1985582.210498148
1702,-5109695.144066441
1703,-713099.7981694231
1704,30933496.415785365
1705,-33127.08353279978
1706,25547256.076433517
1707,13886086.643822009
1708,13614674.137223262
1709,-42378035.01226883
1710,15940128.64905949
1711,-50504883.30192191
1712,4922.301312858181
1713,401309.1845087731
1714,-1378995.632839559
1715,381690.1255991553
1716,37453370.658703245
1717,-22132480.928876106
1718,-28138945.3745152
1719,-10867733.254133675
1720,-17149554.115469348
1721,8567255.266725058
1722,40628177.87981781
1723,267872.67995491624
1724,-14081596.488720808
1725,-32486957.51368607
1726,-22878368.105253007
1727,9670978.542886129
1728,25330035.76573253
1729,41866590.9075481
1730,25395853.10555153
1731,4347338.393750151
1732,27969344.89248947
1733,3950784.998191513
1734,19143092.962178994
1735,3669108.664451597
1736,28846835.530541785
1737,3521740.2260500127
1738,30267410.209276818
1739,3228639.856283741
1740,33706359.12437569
1741,2709961.2170133805
1742,15890785.408348704
1743,1693478.2040757425
1744,39004257.750149086
1745,2079934.3851221963
1746,28561876.273436897
1747,1763157.860201598
1748,24688915.382935405
1749,-177835.32923774963
1750,28577603.274478566
1751,-143408.510893327
1752,21168341.123186085
1753,-23102970.35424105
1754,11807263.935015809
1755,-26218965.15963977
1756,11962466.944417588
1757,196859.88805440385
1758,408008.9678503355
1759,120119.28869330123
1760,385851.31619641243
1761,3578422.436717893
1762,41837080.501129575
1763,-23412406.602737896
1764,-19818248.065870494
1765,33909466.51107331
1766,48744301.0030831
1767,25697031.799198274
1768,-8662645.680247039
1769,50358746.048201375
1770,56805518.701187395
1771,29673578.255066942
1772,30392720.11654361
1773,38815519.888032086
1774,708578.6189934256
1775,39357466.74389139
1776,31594193.172800235
1777,3782648.202018568
1778,28002076.280696698
1779,3508989.8062146073
1780,26782340.180255625
1781,2905731.1382417926
1782,6596132.261284304
1783,3078954.44775409
1784,22583888.76151268
1785,1670446.4215506713
1786,30186415.496629663
1787,1907335.8764136606
1788,36547118.88154316
1789,1720606.7633330547
1790,26818877.80807183
1791,12096848.065955138
1792,31440222.501683556
1793,-60821.379602301495
1794,27008625.482293434
1795,12467118.685570208
1796,-46332522.08044516
1797,12984710.001147788
1798,-38630749.938338265
1799,3027456.575030811
1800,61133.06429772184
1801,376191.1566215383
1802,-1265071.9537936465
1803,368800.55116998765
1804,-6642551.407251508
1805,-14551228.526093299
1806,-20288374.862318218
1807,23918041.708982866
1808,14432338.199759047
1809,37304675.54931859
1810,12981858.540060004
1811,46681904.41527957
1812,55713240.48467587
1813,11872272.939739805
1814,3882505.3645995
1815,20226954.971406516
1816,42882796.180605344
1817,18598852.639972676
1818,18920598.073958542
1819,19280900.681382068
1820,3448025.849398849
1821,3499633.2130590267
1822,27919917.84987093
1823,2794961.871026207
1824,30547211.625469387
1825,-1295302.594192837
1826,23280543.56764152
1827,1742753.1728931987
1828,21403046.807097405
1829,1634629.6416802937
1830,22033506.49102196
1831,1735271.5099686994
1832,20713043.577038452
1833,-1740508.436298031
1834,21623036.62665088
1835,311391.4854346251
1836,23120918.999621447
1837,34095879.495347984
1838,12846081.791379357
1839,-22910876.54840682
1840,12343332.456229668
1841,-18408046.06794455
1842,109173.78794634528
1843,364060.4447659422
1844,-18198014.69075601
1845,-2880.972464821767
1846,371862.88502806134
1847,31546707.337121505
1848,-1490737.1591595244
1849,357789.8328122791
1850,-2897364.673705944
1851,-14866935.32948018
1852,-45742819.598868296
1853,-21584902.202342786
1854,-16101041.325103998
1855,-3351547.652281354
1856,19552046.08725071
1857,4482807.955141281
1858,30881731.583954506
1859,-26610686.36929933
1860,33313354.221245535
1861,-46339640.95730071
1862,50225073.37196662
1863,3430057.435580314
1864,32883602.97621007
1865,3386475.7342588915
1866,21914729.629953213
1867,3065185.911315249
1868,23156514.756019674
1869,2724906.136397194
1870,19462141.16200399
1871,1949400.154610816
1872,23669922.663360234
1873,1719304.9173721354
1874,35939018.39719746
1875,1624455.7502228078
1876,27566423.10764612
1877,-772864.6282337069
1878,31923112.20042926
1879,3489344.6347839953
1880,26952322.81572066
1881,-22826876.612382874
1882,13104931.67678573
1883,-16986706.03097657
1884,13061219.833416834
1885,-14417523.267309371
1886,19675401.790704817
1887,300826.91198009846
1888,16459.195457341808
1889,354931.06030649925
1890,3513782.2390266866
1891,-1257055.9336506026
1892,356213.0459252181
1893,-6639893.237809302
1894,-35268852.929894224
1895,3662355.247158704
1896,-25643237.840242945
1897,9285745.492469443
1898,39227368.17305478
1899,26841220.623289622
1900,33351101.36401839
1901,32523899.708342455
1902,32397813.35594182
1903,34480322.8768433
1904,-39423404.25950497
1905,33944323.43160165
1906,3256672.27368759
1907,33601198.34430972
1908,3217000.4915773077
1909,46441528.802240364
1910,2656115.3210606994
1911,44288215.08197541
1912,2730616.9622870353
1913,26126537.524819337
1914,1610809.6893020857
1915,45674874.834413454
1916,1858316.210132879
1917,36316348.353599235
1918,1647899.8886512406
1919,55696967.0969945
1920,371219.85406690853
1921,-7094204.171582368
1922,39120122.03534827
1923,13333307.98552323
1924,14794970.515102884
1925,-36910964.054806635
1926,13756227.440743526
1927,-23483977.89318428
1928,714598.3584051771
1929,361719.6380811127
1930,-8888005.928337827
1931,-70165.03880545357
1932,364488.5431424774
1933,18415001.804697912
1934,-1534233.557633451
1935,362374.3473054165
1936,354126.8234973226
1937,18208261.598441962
1938,38623930.802652285
1939,52041236.45416405
1940,4841313.838830113
1941,57242136.00689457
1942,24743688.006995242
1943,-41000899.085539654
1944,21029785.621213354
1945,25211669.773858033
1946,39232311.922570184
1947,-23707374.904141717
1948,-31020480.75902865
1949,42944568.05152838
1950,20018703.564833
1951,3331843.4431906315
1952,38768974.179308936
1953,3179100.4079229096
1954,35678791.39028384
1955,2640838.97580009
1956,2715651.4720336916
1957,38923928.7177193
1958,1671549.4611410839
1959,1656595.5171742477
1960,30144441.79880756
1961,1775975.1655659948
1962,56206860.99857911
1963,4074909.1523973485
1964,25053416.435094
1965,101278.45943663028
1966,-37009806.37340301
1967,14128221.348985523
1968,-46036928.88789719
1969,15281686.54716343
1970,-27069562.881031334
1971,112620.96692865132
1972,362751.18078193726
1973,-26516848.79127116
1974,-88570.24611771232
1975,376827.3578790431
1976,-2738935.1113460027
1977,-1809479.4153989528
1978,383266.73322463373
1979,27360046.335544102
1980,8825331.892520268
1981,28426924.882420175
1982,31173407.74744249
1983,-38418327.90914709
1984,39362949.48742535
1985,-23801910.686439984
1986,-23076832.681505274
1987,52455254.68575339
1988,-11596911.960913423
1989,41384101.90736084
1990,-11121177.299472481
1991,-16056517.453227133
1992,-3513489.320361592
1993,3349539.0937044867
1994,-49585406.631293535
1995,3548528.9833771153
1996,2809565.5811794894
1997,2440265.676651177
1998,1669630.6824462425
1999,1523900.8462363344
2000,1551672.2776636432
2001,-3430005.7711944073
2002,-402697.51612095255
2003,30704739.679413777
2004,-9775825.117826413
2005,14949576.45136419
2006,-13479431.107526522
2007,15778489.128130293
2008,-12023389.59753532
2009,-102222.48534282044
2010,369745.7796591918
2011,-9464365.365651105
2012,-5570486.813014006
2013,10897066.386768838
2014,-1843014.4368837252
2015,378323.2039845791
2016,7425783.1716130795
2017,-29031968.277201742
2018,9950040.544610536
2019,-9732997.226170784
2020,37717456.32143829
2021,-27646954.78098216
2022,26520266.47689397
2023,-24093486.57182414
2024,27786881.127094995
2025,44601775.818284065
2026,-23569895.64888236
2027,14332984.577813983
2028,-14504106.343555968
2029,25447626.358108353
2030,-14401973.0638027
2031,43009578.87207348
2032,-7953869.574222028
2033,39716689.38696306
2034,-11244630.711829703
2035,46543132.47612466
2036,3490758.06198285
2037,2747457.182333479
2038,48845440.25663748
2039,4705803.35648196
2040,1708705.6331653888
2041,32996505.835462213
2042,1663177.5115885548
2043,1772623.3807791336
2044,36380215.98025839
2045,119347.26399659905
2046,41379445.12716374
2047,241283.32687772595
2048,-38034159.750175014
2049,14464526.39159285
2050,6492703.439503559
2051,15667102.627091255
2052,-14420849.871371264
2053,-417364.34788719704
2054,391337.8160552096
2055,9707915.783075485
2056,1127650.3532817587
2057,424678.1293628182
2058,13866811.59314537
2059,-2124817.2983008157
2060,405699.60430271114
2061,-11170671.599421052
2062,381653.6196080543
2063,-18767159.987123147
2064,38168701.00439651
2065,54826260.73353493
2066,-18707125.452326946
2067,23400262.55989598
2068,-21839262.180446394
2069,40824636.65632382
2070,34446565.34123229
2071,-5091562.485965675
2072,35479145.48852583
2073,-6506490.30427595
2074,34280669.72075547
2075,3359104.117764703
2076,24943913.77576623
2077,2737117.094077098
2078,31730630.31989152
2079,2094133.7284039059
2080,18965106.90000052
2081,1720578.3095650442
2082,26290675.93538248
2083,1785578.0287410277
2084,22785614.463359535
2085,1824166.5778440826
2086,18947144.45397194
2087,-1877582.0142940804
2088,23064289.876672324
2089,-497809.41632509883
2090,18200665.11305813
2091,29982936.482889242
2092,13467799.26274761
2093,20915596.41939833
2094,13043687.351606935
2095,5680433.861654345
2096,13654498.080433268
2097,10203588.034614574
2098,463229.3626811124
2099,11481105.450306261
2100,646823.4509450307
2101,468912.2830684485
2102,-26584000.82650336
2103,-6333762.342738712
2104,449072.25919602934
2105,7006774.150679871
2106,-2431851.280174148
2107,418899.8980291075
2108,24713237.94704411
2109,29221131.114896573
2110,11487947.476671642
2111,3602148.6118913754
2112,14099594.4307902
2113,3885091.068873187
2114,13802186.865715513
2115,16380855.607004259
2116,17072366.776340306
2117,22900231.95992981
2118,27666651.705782272
2119,20483862.00323046
2120,17101003.03001401
2121,15292096.730907446
2122,23355336.61008631
2123,3116798.970940597
2124,7933464.3253924
2125,3822926.5247386545
2126,21410717.44990468
2127,2678964.5096187172
2128,19912343.662086014
2129,3907719.3692802526
2130,19618182.783648297
2131,1686901.326799044
2132,16953203.40663795
2133,1726724.963945952
2134,19387892.952646866
2135,1508275.9533499638
2136,18324620.219663095
2137,-1285512.910042668
2138,20610731.100240074
2139,-411314.98269704805
2140,23483532.88474668
2141,42066077.94995649
2142,16208149.568192279
2143,57861884.07844225
2144,13463116.156133786
2145,-1502118.103802607
2146,428404.52995796455
2147,37126293.730008036
2148,9737633.720393239
2149,971530.3343017723
2150,438224.0649412293
2151,28446995.601154514
2152,5520794.363231381
2153,400766.3095431856
2154,-3282407.774116001
2155,389285.2934445049
2156,54814811.500381686
2157,-46845986.8339567
2158,41821493.39409649
2159,-50903593.36440214
2160,-22637516.56274625
2161,-35243034.75615493
2162,3037316.499725959
2163,-8922399.49043036
2164,35667236.51811118
2165,3144226.9334397437
2166,2636543.265438647
2167,34883119.004441746
2168,2282344.6865116353
2169,40505856.430755444
2170,1584000.6876694367
2171,1365025.040479184
2172,1170481.8068445774
2173,27384475.651738845
2174,-1056171.1361065297
2175,32076166.991185255
2176,-2110211.0054892898
2177,29782307.447705
2178,17234545.10184348
2179,8653407.913034795
2180,18117008.935803466
2181,18763297.753795464
2182,19339956.662451513
2183,11821638.798164854
2184,11544553.008799557
2185,-31968553.846599776
2186,56310.68731364377
2187,398402.30440676876
2188,6855351.716732266
2189,391013.41932106495
2190,-2422629.274804274
2191,380400.72999317414
2192,-15731428.456614265
2193,-18114549.644390583
2194,-7599508.801805532
2195,39338071.54419106
2196,763359.8013179451
2197,-2014911.8241776675
2198,13209657.301052174
2199,51898233.643734224
2200,10132972.381985689
2201,-22422263.529753596
2202,3428803.5299530625
2203,2807336.989517808
2204,41368016.21544002
2205,2261476.638451621
2206,34748417.45323219
2207,2316573.9324193103
2208,1308594.6071831896
2209,992505.8181489718
2210,58767.60393236335
2211,-39243461.61371554
2212,4854034.718205801
2213,46686212.735306725
2214,1670680.2087482999
2215,-11099760.951783786
2216,14811917.511086222
2217,18634824.045131076
2218,19788713.684447836
2219,-8318935.516660181
2220,19687392.531034857
2221,12157851.758536864
2222,33951727.87652676
2223,11777290.221158992
2224,-47955103.848346904
2225,120321.2382282827
2226,373462.0850869784
2227,-19645167.36185206
2228,-1854934.2938818075
2229,379310.4144601723
2230,-50551156.86427412
2231,-4504310.929885507
2232,352891.0499806711
2233,-13044059.953769434
2234,-17548930.051216017
2235,-31535751.136208016
2236,3099746.4879497597
2237,-30174507.30509883
2238,-32055003.714595057
2239,-19249570.845568605
2240,-49125651.90962304
2241,-6133359.700924926
2242,-3438970.1629327713
2243,-22819080.985955812
2244,-20268564.42954295
2245,-407825.19837212266
2246,-29760803.387029994
2247,-148463.01554395855
2248,2520769.0334472666
2249,428918.7078556778
2250,39777182.99834167
2251,16354532.113247056
2252,24514744.531280212
2253,3192898.901798884
2254,28339204.40422671
2255,2967839.368971375
2256,3092445.4489199356
2257,11566501.959764106
2258,1572078.1586676205
2259,26536513.311617445
2260,1993255.0933548592
2261,31286940.20335154
2262,-7659737.734125154
2263,25017553.138495952
2264,8390560.802912757
2265,24100877.907723583
2266,-939885.6038933743
2267,16865066.236575626
2268,11255153.71827678
2269,57801507.0228502
2270,11809519.607619897
2271,255794.61779224168
2272,363783.75664639863
2273,5800584.385022462
2274,362395.9870093402
2275,-35101764.926938765
2276,-5277934.033371174
2277,345840.2172828729
2278,-6376277.708204995
2279,-13676576.91425978
2280,5407414.953183147
2281,41244137.22765331
2282,-3872128.4241185845
2283,-36948686.823653065
2284,-8867811.367118906
2285,-47958053.921138525
2286,-3564939.124144435
2287,-23783559.416573226
2288,54009270.64066192
2289,-3287731.995257914
2290,-9170714.274165366
2291,-12649537.13660049
2292,2436625.107213406
2293,32526863.923823923
2294,775118.7588926031
2295,-1720773.2220400304
2296,9282458.014780454
2297,30260130.908804774
2298,3190947.5713475016
2299,27025393.229093857
2300,3100477.1277909186
2301,38673108.644611835
2302,3024581.809558109
2303,1693214.9735331214
2304,1711701.2832663353
2305,34689940.115508296
2306,1770592.1587988094
2307,21611284.319291633
2308,-2178249.7498956835
2309,27598305.7423667
2310,-9300933.1078763
2311,28604293.76345533
2312,-1391007.5384823743
2313,38842389.39051903
2314,11304113.177001175
2315,11617636.433429029
2316,216678.27172485384
2317,374672.62006791483
2318,-7119133.825708988
2319,362328.32210700295
2320,-411373.2272639043
2321,352732.584006773
2322,-31911454.17029227
2323,-12571590.478441402
2324,-12265781.374702323
2325,-24247884.131047495
2326,-3009540.7190203345
2327,19587592.522621922
2328,-356453.79149703996
2329,18941818.105844334
2330,7135877.127839757
2331,49339175.18326915
2332,2229262.8802693575
2333,26276903.097092394
2334,4839012.379334911
2335,42359268.27167539
2336,55228544.9985685
2337,28552293.618263476
2338,16700832.447493708
2339,32032740.65357306
2340,32649691.572217517
2341,3491428.179661902
2342,3150329.638244795
2343,52552033.96925247
2344,2944997.0651890137
2345,58204893.92226417
2346,2844989.4705614494
2347,12430509.225342251
2348,1317312.2580485647
2349,31633972.503719646
2350,1763943.3559563211
2351,40072653.00923322
2352,-3276619.911651998
2353,34193828.528976366
2354,-16736725.734021818
2355,56348666.549659014
2356,-402569.98552668595
2357,57033880.581298806
2358,-23082100.559990935
2359,12548341.457041372
2360,-16015774.23826715
2361,12381753.554153271
2362,-20403201.731645975
2363,229661.4012216709
2364,363442.5216581238
2365,53715607.22956487
2366,-1173710.555774036
2367,365325.84421557357
2368,-6978518.902394911
2369,-1031765.9164814216
2370,350219.12093627837
2371,21311783.23853464
2372,-18156054.360822544
2373,2949667.419730044
2374,-17715706.516754694
2375,-4215140.724778807
2376,936163.6514655948
2377,41389324.18391937
2378,4577840.269825787
2379,21284046.393845588
2380,250740.774458934
2381,24077527.099266358
2382,34625357.14064826
2383,-21566956.729720987
2384,-25485605.074515063
2385,3540311.9283085866
2386,3126580.153234752
2387,34225632.594808586
2388,2847502.853754324
2389,26233230.17840015
2390,1763020.364309033
2391,17659309.18887407
2392,2031285.2587380745
2393,27582959.15541315
2394,1740676.1793459419
2395,44500110.33206366
2396,-586828.515760002
2397,23789431.111688636
2398,443531.7192672698
2399,42760272.38989738
2400,-874552.8873893993
2401,30405964.325600863
2402,-8867828.535878513
2403,13309727.442215187
2404,-16787237.3804011
2405,13648414.510633249
2406,-11552429.506444653
2407,184167.71950547997
2408,368584.8630561015
2409,12611056.869210519
2410,-1201964.450031415
2411,364525.64507692476
2412,-5958373.648447523
2413,355808.6249699651
2414,-2938549.854402564
2415,-5079708.741771026
2416,-23442211.69987757
2417,41907260.27849908
2418,-15065523.824160505
2419,3529757.1470400905
2420,-14862642.435835442
2421,-9725446.025221769
2422,-8375228.877202283
2423,3679511.473590049
2424,338751.1790003121
2425,3118675.1904276023
2426,-13403242.19469637
2427,35303106.31505305
2428,2433295.448226488
2429,2327353.3712448673
2430,39822435.06222719
2431,1806496.9705158155
2432,1505128.750859055
2433,51758990.65608378
2434,-719388.330747686
2435,-7069335.024512993
2436,-683013.9577202793
2437,56671299.35131173
2438,-410079.54272493394
2439,37467248.98617617
2440,22113794.213658247
2441,-7731657.330625261
2442,22919448.772715192
2443,-7441039.387587592
2444,12989429.924870262
2445,24067502.871410556
2446,12055405.606348207
2447,-26775130.77707105
2448,11045609.11068275
2449,-27544392.153903842
2450,206243.23874138537
2451,379353.76650218957
2452,48386369.48738312
2453,-2841429.7434288673
2454,354263.1778869567
2455,-14013101.516349152
2456,-1037184.8714378097
2457,-13005877.931863474
2458,-42109394.79164748
2459,-13796561.315851713
2460,-23677210.327985726
2461,2161085.6518046497
2462,3164787.834113872
2463,9177455.33483268
2464,36214848.47380433
2465,-30755347.99507466
2466,44771202.85679042
2467,22108507.56936749
2468,-7029148.452900474
2469,37721713.201594695
2470,42460318.189800225
2471,-6990293.320534872
2472,4064012.5350705744
2473,3969906.3308147145
2474,8721170.235419568
2475,4138510.707698538
2476,3094803.295239406
2477,5293988.288919353
2478,2030989.897263432
2479,40398058.436167024
2480,2196327.8477450437
2481,29443922.285271276
2482,1745103.8756916118
2483,31229667.832125306
2484,-13543286.19935171
2485,35850708.10645491
2486,-592862.3125130307
2487,35759378.58204466
2488,124802.30121108815
2489,15035819.51837342
2490,-12758298.46957999
2491,14136748.979691738
2492,15422773.658908572
2493,15859947.260881633
2494,9340982.250803735
2495,183664.50722025987
2496,372454.517981159
2497,-1636775.3062528402
2498,-1782538.9989300575
2499,364393.2979283511
2500,26304037.12631137
2501,-1244436.520742356
2502,-11826138.805263946
2503,-8931079.422487743
2504,-9669089.473635687
2505,38792063.687985554
2506,21629776.91951593
2507,-38736777.920916125
2508,-32216235.104637854
2509,46483044.946361475
2510,-32830600.058326602
2511,3833495.8200520836
2512,-49609494.78294015
2513,-622371.0200062499
2514,-14008530.995535607
2515,-3333152.8548081666
2516,-7969539.867040025
2517,-9396481.569600571
2518,-35583789.55017959
2519,3561920.1477598944
2520,2486948.502436182
2521,2790816.8284814963
2522,54996671.78472978
2523,1630091.497524077
2524,1713538.171639577
2525,41750406.98970483
2526,1525336.5953983737
2527,47442506.86680133
2528,-1802852.3630044379
2529,37366677.41152213
2530,-580752.7221205734
2531,-664595.7400634825
2532,17825176.259092875
2533,-12934436.798475392
2534,17275058.707571782
2535,-13841209.5872372
2536,17557082.300931994
2537,-372414.437644897
2538,422250.8746042884
2539,38656554.291634664
2540,1089458.0378680641
2541,432409.4077742075
2542,32095520.31360083
2543,-823560.7194448519
2544,392037.3377100728
2545,-2135394.645695171
2546,394213.3644521598
2547,45445043.208810695
2548,-20421726.53279555
2549,53322735.25437136
2550,-17158036.429882403
2551,56922020.725435816
2552,-7144288.126057355
2553,33171419.15438511
2554,-12474754.05466469
2555,-8355738.571852833
2556,41718480.46814434
2557,-1203736.3668644696
2558,51686319.36079215
2559,3488178.1404577554
2560,54268625.87116696
2561,-49099440.93060696
2562,31849492.304288823
2563,-20138537.673763685
2564,57622918.65868869
2565,3353954.746702058
2566,46594173.05001892
2567,2783980.201615364
2568,27004405.206542186
2569,2847466.5065837866
2570,23876973.055530526
2571,1723847.1172599322
2572,23209675.645569336
2573,1669662.6145278118
2574,17249962.384075902
2575,1379075.143530409
2576,23681921.823939335
2577,-2016554.8271621563
2578,24205500.80758747
2579,2296988.114449323
2580,19119677.372792896
2581,1741664.9058551327
2582,14578559.908491325
2583,7753049.724002759
2584,16046540.91688395
2585,30634570.90954054
2586,15482010.885848826
2587,21093575.292480282
2588,11813177.453954434
2589,13388842.316655623
2590,11243849.219244516
2591,-1966600.250326769
2592,-33934.8023912714
2593,430408.11004151765
2594,11235353.575887809
2595,230411.45656957972
2596,1292480.7652254626
2597,-1362434.317781299
2598,414583.3460796192
2599,22248557.695203453
2600,42836589.96245181
2601,28396758.9422114
2602,13895088.3102838
2603,16405230.413913703
2604,56599632.225087605
2605,22272893.762934547
2606,39758117.03982155
2607,42232325.12106248
2608,53262935.94458556
2609,57422376.004956566
2610,59012779.699153066
2611,38722210.62995287
2612,4190291.472295494
2613,6982119.405142056
2614,4577306.873793251
2615,16875227.93046113
2616,4150519.6270905756
2617,33595906.09747557
2618,3785176.013471566
2619,26658296.01061973
2620,3434825.220301819
2621,20856834.466482807
2622,3317183.612743378
2623,2988361.778871787
2624,22605437.27889106
2625,2026865.8100428588
2626,48799131.886047885
2627,1988975.2427633307
2628,18699139.051753413
2629,1852795.7303867768
2630,34628478.60190099
2631,-1648430.183189535
2632,44524413.77378638
2633,5952.999693569541
2634,41624093.0594113
2635,-36099273.72209486
2636,16049253.535695951
2637,-13095104.214265157
2638,17317482.76244685
2639,-21113241.84732019
2640,-100189.06704283439
2641,384023.26105831953
2642,-32832844.594674207
2643,10153151.905661883
2644,47470205.3371507
2645,-2732394.57828181
2646,408971.2163927631
2647,-17083980.30398345
2648,-8590571.532551898
2649,-4870368.006329457
2650,399614.3471805798
2651,-31903592.84288338
2652,-14031089.870696578
2653,4890578.360060783
2654,20997930.407005593
2655,-11914187.486610014
2656,-1646978.7570437728
2657,-8593158.531601928
2658,8742606.252985021
2659,-15120950.25580337
2660,6767699.617109418
2661,48941194.66450097
2662,-21678239.704844765
2663,49473176.9590577
2664,-30341307.322098173
2665,-27964875.06827119
2666,177880.9610958198
2667,2266665.4235047726
2668,2884991.1919710413
2669,1691266.5095978417
2670,55405.79957649261
2671,3738871.7236229046
2672,12468235.647065308
2673,15745616.314981649
2674,2084972.8680690876
2675,25455202.756561045
2676,1999566.5716436855
2677,-2246863.892882078
2678,-22058421.407621495
2679,38283499.83194147
2680,-3482743.864428905
2681,29553229.79212434
2682,-12675164.29962607
2683,9069866.54346562
2684,-26836555.22475814
2685,14523754.92246766
2686,-47832093.7571133
2687,14052734.471623663
2688,-8009536.113299703
2689,103812.45851322023
2690,369142.98821378703
2691,-35818974.19455545
2692,-1325853.7919605998
2693,375136.1336775588
2694,-313819.4773583524
2695,-381344.08302899275
2696,370519.47102250945
2697,15677771.266937971
2698,-13575613.367374543
2699,15769707.695656631
2700,49590497.05608337
2701,-20261655.940060124
2702,-9880744.700527076
2703,56410228.21575928
2704,-29652166.475447297
2705,-40750828.91520251
2706,45230912.02568798
2707,-11414527.936381193
2708,-37974716.03089948
2709,44999066.439872965
2710,2849204.528293466
2711,2750525.557733337
2712,37759716.08433127
2713,2531572.3768656445
2714,1757216.9614053958
2715,1679706.9389302325
2716,40839497.81015243
2717,-82318.2398602372
2718,53193091.61564333
2719,-365024.2252175411
2720,28902813.847968858
2721,-549926.6403519918
2722,12125884.877448743
2723,-21507911.380103298
2724,18686597.686799087
2725,20505937.687052384
2726,4348787.429724643
2727,9994725.839840539
2728,38726958.74559111
2729,11361615.894198665
2730,42994042.144527055
2731,232004.1939596938
2732,383025.171364408
2733,-2799912.6518918807
2734,375178.02089957043
2735,-20276179.81645956
2736,-1784601.2852566175
2737,359203.2188926388
2738,-23517844.840898864
2739,-35456548.873550996
2740,-48457033.81168394
2741,50489765.08785061
2742,-4450372.772075459
2743,-4432761.999319626
2744,1366327.8479272365
2745,8695665.56067359
2746,-26912453.428894944
2747,5689971.114995
2748,-645347.0612303586
2749,21091592.251420308
2750,34473438.948969044
2751,41926586.42058045
2752,1708538.4614503675
2753,4366134.189463513
2754,4586533.317649994
2755,3795604.6051147925
2756,21375261.362112112
2757,3647133.049484623
2758,17243002.03647019
2759,3136274.8906853097
2760,-15969815.04308267
2761,2670916.3491912857
2762,26070197.316375796
2763,1943553.8012880508
2764,27934231.374042112
2765,1759826.6925409716
2766,22617451.538389064
2767,1820111.3641705588
2768,28592834.578187816
2769,-2820380.9029510156
2770,-745331.6074966431
2771,33985906.26779359
2772,-13586893.841848185
2773,12668788.123659657
2774,-25992279.665200848
2775,13174118.861255713
2776,-15749309.299799722
2777,986921.5040842904
2778,363339.03971648775
2779,5602768.107453667
2780,91976.0281934302
2781,770705.6641288724
2782,-1558902.3691592212
2783,349188.3717414189
2784,662573.9895557165
2785,5869127.189593168
2786,-16614963.474810664
2787,-3354174.5059332903
2788,-9871124.60966228
2789,588375.0106911758
2790,-3631224.341666951
2791,18487322.021111157
2792,-38945529.895446345
2793,45501514.02034001
2794,-17591894.336773302
2795,31880354.76496882
2796,36452884.9387998
2797,3407335.0689965324
2798,41257654.811433166
2799,3309869.924021761
2800,50898879.25811972
2801,2851990.4472455047
2802,50209381.86764199
2803,2837565.5988492854
2804,28077138.956219513
2805,1149639.9143571039
2806,23880146.64549426
2807,1681680.7399789602
2808,39841589.913019136
2809,1778429.6807125495
2810,40620177.74297826
2811,-158896.00382624046
2812,172749.9728996305
2813,-14283153.487572461
2814,15049749.633317346
2815,-12856243.246849079
2816,14364860.956164006
2817,-11667853.897406397
2818,93784.5126588728
2819,362508.1985843632
2820,1991327.298094973
2821,1276879.853009227
2822,368960.39051239175
2823,2354661.1001124294
2824,-1662017.4979405766
2825,355072.8377650599
2826,19581144.76268218
2827,-27704250.905988883
2828,33201571.371593185
2829,28466530.852003627
2830,-498121.8714465392
2831,-20039094.22872506
2832,30638752.221295375
2833,-20086355.603427015
2834,3297160.3074937663
2835,-36875901.066151574
2836,-17460684.50408715
2837,-11161098.406157298
2838,45684134.73843607
2839,3268218.2583720125
2840,-45817258.70843787
2841,2971690.0188125633
2842,2730797.982983736
2843,46772874.9908366
2844,2572089.454418204
2845,1652804.5960430414
2846,1563599.0935543973
2847,-105945.10463484321
2848,183369.1863366246
2849,-7462549.578470038
2850,-12031197.434791964
2851,15573166.900515765
2852,-14586840.304079022
2853,15796931.352696449
2854,-9893494.130008426
2855,-119243.88792894447
2856,354510.15238295967
2857,15341.685992108436
2858,370027.33378286695
2859,4080717.9500071653
2860,397286.11849792546
2861,-2660136.356248281
2862,-5356078.721497066
2863,-28341683.8603412
2864,50463199.712231874
2865,-18929200.092952296
2866,51883945.0815898
2867,-32668639.877300106
2868,53266408.5045735
2869,-11169369.997139014
2870,2556803.6359878704
2871,-939319.7456716031
2872,-49306013.441408895
2873,467048.91843584477
2874,5130723.375135568
2875,3161236.8467862913
2876,-5863430.103982217
2877,3167156.182767152
2878,2867965.140097921
2879,-48108963.05790965
2880,2498726.023691947
2881,2286689.309294044
2882,-16544262.368646676
2883,1733015.790924079
2884,-7133522.747233856
2885,1579629.147294995
2886,-463173.8723886514
2887,-297896.1200201338
2888,-275022.8261033511
2889,-24234400.12383736
2890,-12051285.04909452
2891,20391439.18041344
2892,22590929.646802437
2893,-24464426.176214624
2894,6248935.708632223
2895,10859789.897963326
2896,-38970871.58907586
2897,11414913.143001053
2898,-33719418.8893952
2899,162028.7381862357
2900,370995.91241763806
2901,-30917939.560955368
2902,-2164455.651119474
2903,361817.4763996421
2904,-2054719.7576691553
2905,356774.20937131107
2906,-23010358.811195813
2907,-12723075.80415787
2908,-1993434.3066897239
2909,-11062228.567140056
2910,-48806283.15480392
2911,11985372.132388722
2912,-47122416.41513038
2913,12510109.212219846
2914,-1774580.4293030433
2915,3021297.744840934
2916,-5395486.627900919
2917,-12447359.000935812
2918,-6137370.384605655
2919,-4762591.008489956
2920,2292478.9386346415
2921,1570189.219281117
2922,-16381335.504296977
2923,1600970.6312746392
2924,14339139.010007784
2925,-28261008.583994377
2926,52432764.42345444
2927,3204148.6976753683
2928,35358785.43949
2929,1890949.1772227734
2930,-11371953.952630859
2931,1828041.6417637803
2932,1772628.4529809908
2933,45748652.382080756
2934,-648893.2367970258
2935,-1076925.5490202392
2936,57575124.42291875
2937,-2392125.947498779
2938,10967645.46960287
2939,-21542027.15168404
2940,13655500.86663126
2941,-17320512.23904782
2942,13059493.226508709
2943,-48583460.08427373
2944,308835.23384793464
2945,371299.15041535953
2946,-8598156.193866706
2947,-3772765.129316803
2948,367953.50596801576
2949,100827.37956931442
2950,-1865251.4252325662
2951,370884.8757276613
2952,16264759.63900933
2953,-13135153.202774812
2954,17697776.788560126
2955,13092849.713548766
2956,-38077150.15477005
2957,14135013.18866249
2958,56123488.421388865
2959,-46328422.23589962
2960,34107628.982556
2961,19993772.251741763
2962,-30153459.623364974
2963,21735772.064358078
2964,-36124193.66958626
2965,38975412.90237255
2966,5868690.557323202
2967,33829705.36225863
2968,3764145.8953134743
2969,3647382.188434108
2970,2833065.092112787
2971,3007221.765572971
2972,2894883.7482120567
2973,15466717.323350046
2974,2198785.3985240525
2975,1753776.8253055036
2976,-49163461.92930159
2977,359472.52205589355
2978,-42243.24630982745
2979,-12519634.623248383
2980,17633265.571469165
2981,-5516587.0679899305
2982,17954285.863262832
2983,-9739641.294974789
2984,16075068.361801535
2985,-2377309.409523177
2986,123788.38712471537
2987,368943.5866726105
2988,46968514.94439958
2989,-1116713.385186502
2990,373640.21539258526
2991,-1537735.3756952407
2992,380363.2790644156
2993,-23987687.829419237
2994,-5752931.644859355
2995,-37456243.36627917
2996,-43077018.33172636
2997,-25863655.605771057
2998,-13559850.502009358
2999,-7014439.5408164095
3000,3271336.1200522208
3001,-7781454.897289718
3002,52642848.44940699
3003,-10984913.19070906
3004,-10813804.099997073
3005,1427247.597357431
3006,-20668034.70697057
3007,4024961.3063186444
3008,-11330180.222358359
3009,3516318.364230255
3010,-21642756.496773034
3011,3606597.667452982
3012,2843076.158057484
3013,-31050500.378526866
3014,2932686.798674868
3015,-17390617.132030774
3016,2681874.8097773227
3017,28368904.233491562
3018,1842544.6328229136
3019,282699.2229485778
3020,1838939.9973945837
3021,-7407.42922232002
3022,26091529.135141984
3023,34517.29781638905
3024,-1570367.3921066101
3025,24041813.979254477
3026,-11230030.380666964
3027,22189107.128968894
3028,-15844779.664859796
3029,19759057.753357735
3030,-17631788.96013605
3031,-356058.70226689975
3032,411958.8997091813
3033,10395026.019499388
3034,-44000031.93298121
3035,952950.3062389629
3036,436349.18547568965
3037,-30333992.227162957
3038,5200757.30348328
3039,403585.6750278773
3040,-4024862.3898910237
3041,-32084257.717235513
3042,30053766.579298485
3043,-22498774.850385778
3044,-26907115.850593664
3045,45625177.832675114
3046,-4533329.5729858335
3047,36605473.20258946
3048,6120976.415431132
3049,27944191.415325023
3050,3926490.6808933034
3051,17876334.44603763
3052,17150139.40107906
3053,3904112.6509137973
3054,16704300.334271416
3055,2490980.181525484
3056,27765633.36868461
3057,2900878.5622725524
3058,31002759.80891177
3059,2784899.55173929
3060,12369928.523317691
3061,1715846.3465676352
3062,22057516.063249223
3063,1436322.9441463142
3064,21908854.661298294
3065,-1368098.1163544278
3066,24402957.20160746
3067,-1456063.891546952
3068,21087723.251873136
3069,2278121.8940488715
3070,13513462.316994872
3071,8293990.42621698
3072,15421103.434553739
3073,3138170.8595643053
3074,16777336.51065151
3075,2913406.412426072
3076,11574954.73613002
3077,23696749.1401951
3078,11936406.751179053
3079,34127174.11868645
3080,7944817.3375671
3081,48110871.26590719
3082,51911.7881327079
3083,403131.671683268
3084,6955412.36178413
3085,-2291546.5540578174
3086,381981.6582211441
3087,-21170220.140717883
3088,-45211995.15930317
3089,-20952423.61180989
3090,-25230273.634835172
3091,-11605580.008073436
3092,-34520109.56714286
3093,11143561.104656622
3094,8980231.087134138
3095,45777922.5558841
3096,-16366615.140743827
3097,-4748691.512023318
3098,-38423370.3390427
3099,3220979.44396085
3100,-15640734.03508681
3101,34704897.66824788
3102,58813767.407646224
3103,50092647.67406292
3104,5108307.939351583
3105,4071574.7829251303
3106,-16034636.845487678
3107,3446316.977194165
3108,3244810.278285849
3109,20819871.610517126
3110,2000647.206022083
3111,27201008.07861539
3112,1996721.729963012
3113,22961184.552226625
3114,1922637.6833489065
3115,50269067.05927767
3116,-5925644.062855808
3117,44014919.4790596
3118,-81717.8363309456
3119,50037295.00172981
3120,-1612692.866722839
3121,14638453.651438719
3122,14885571.913724463
3123,-26337291.3111912
3124,14991385.116411328
3125,-5333118.279285053
3126,322154.24469740863
3127,380956.7028827711
3128,2607086.523403612
3129,-799469.2801382337
3130,410157.3023029348
3131,11729058.915237175
3132,-9243533.238095464
3133,13185193.039176825
3134,-11655435.062912444
3135,-35864086.64422913
3136,-17306774.022263043
3137,-39938592.772325695
3138,-21922242.778269276
3139,-46610142.34379659
3140,13871632.949967155
3141,27093431.50479378
3142,49073871.92616997
3143,4836141.911066235
3144,25201647.64494342
3145,3992738.606646103
3146,26277719.46681251
3147,-21917697.68516205
3148,35775158.89733146
3149,3697386.5735234036
3150,54346287.507062495
3151,3907470.678130147
3152,3388458.265242672
3153,3030367.4256349485
3154,2949727.601776379
3155,1630800.3931000042
3156,-47061559.98735159
3157,1868167.686799268
3158,1814329.1761031635
3159,-1062285.2905195476
3160,-1198771.6857685868
3161,50286966.90913259
3162,16324225.350950941
3163,-46974661.81408174
3164,17537596.81456372
3165,-19463350.75006794
3166,14949677.791524991
3167,-27820214.975319333
3168,-10628.463769352215
3169,375035.1593519204
3170,-24306221.08330446
3171,-1307307.237844586
3172,376311.83415401325
3173,2463748.2549516805
3174,-6911837.186409062
3175,-3990106.2292426676
3176,-29432113.178030998
3177,18430802.73542505
3178,-37654656.6293959
3179,-8361065.24545265
3180,-1408096.1255218058
3181,-12247318.967131238
3182,4111445.095723045
3183,9728179.071764214
3184,-16937670.804502763
3185,10202749.502259513
3186,10611632.128447004
3187,612390.4090083062
3188,3141511.3633278026
3189,-30041917.265743412
3190,2290166.9889889173
3191,2319560.953058574
3192,887683.6483957835
3193,1376867.4325037121
3194,-18274755.518107913
3195,1099853.6083513584
3196,5096250.472724966
3197,31084932.110040724
3198,-1458362.236139227
3199,44089545.33936494
3200,2577335.910068001
3201,22553809.01573035
3202,-5392895.885998728
3203,18742968.225914802
3204,8062734.736996087
3205,-24628929.914379362
3206,-38887277.93386872
3207,11835203.037274282
3208,11718097.646261558
3209,10282301.647767778
3210,212612.4203761152
3211,374044.65193087305
3212,-1811.6200327544823
3213,360322.74291096034
3214,-887191.0147331066
3215,342268.3755543999
3216,-47197801.13756628
3217,-23557749.791983027
3218,-4642715.126612139
3219,-22078877.270543396
3220,-19567364.111436013
3221,-5071508.321131894
3222,-34041496.73647983
3223,7060804.540154526
3224,18208035.820626117
3225,37303116.761040986
3226,-44631762.112240046
3227,6968046.442567659
3228,-5445940.437134954
3229,18079577.67221299
3230,-23141540.60223773
3231,23857500.789960153
3232,39796347.35811938
3233,-654940.393116738
3234,54469474.86989031
3235,3845069.8141348236
3236,-9860855.792828951
3237,3880535.412044903
3238,3164331.9883406567
3239,2904370.6588950595
3240,22212798.744897604
3241,3047654.1596584297
3242,29664346.53377404
3243,1825408.5790452505
3244,23626502.50715436
3245,1735640.4637189272
3246,25643138.158784218
3247,-944876.6143677703
3248,42384044.847125426
3249,-333906.14373743645
3250,42059131.25090244
3251,350795.9815514052
3252,-19049119.511046004
3253,14184843.92255916
3254,-12999476.094524423
3255,13732921.19886766
3256,-30637810.69175937
3257,125369.97569703186
3258,361981.6889246154
3259,6849284.68122074
3260,-190195.0398234657
3261,354604.69148924615
3262,38101720.41499828
3263,-1698905.6689142138
3264,372020.0024280238
3265,-10401569.329347635
3266,-12781793.6535277
3267,-32451030.92124594
3268,-22013550.04114207
3269,-9554939.1227045
3270,-5612508.050359612
3271,-25915273.454777986
3272,-6059990.562852057
3273,-4635303.1655128775
3274,-3300729.12551651
3275,-25552053.404656574
3276,4377866.8585162265
3277,-45390037.52349043
3278,3320595.184933445
3279,-36567069.20243389
3280,2871352.976519911
3281,-10169651.177356407
3282,-7805164.454746549
3283,56548870.63918521
3284,2247663.201354951
3285,35509123.812004365
3286,1428053.2789027933
3287,18879548.745713618
3288,1509497.562781123
3289,-16077446.672925979
3290,1307535.392267723
3291,49171937.20463018
3292,-22693.93352623321
3293,-245411.37833329412
3294,28978344.86937035
3295,-854369.2359148212
3296,37746980.79727158
3297,-15034492.152837599
3298,19031778.025240365
3299,-11762764.565591555
3300,20910558.49946255
3301,13158616.570392516
3302,10873376.3624699
3303,-35236823.909034446
3304,11121831.166739436
3305,-25376451.0339204
3306,10153204.58054524
3307,-31872276.4545708
3308,82870.24147264459
3309,362153.9815063359
3310,-1805154.7992023926
3311,350405.2768654398
3312,-13139541.147559684
3313,-2262639.1670794333
3314,-19288065.171844102
3315,-11131462.644953968
3316,-23560164.291573703
3317,-10239198.859479941
3318,-2310103.2419388783
3319,13654945.155851234
3320,-136505.15156893648
3321,3156011.9637268162
3322,47200948.04594456
3323,-20062024.179593198
3324,46160273.77578064
3325,4582353.55931721
3326,6837715.684833409
3327,19654733.801529765
3328,83332.37202194905
3329,-2314134.051933404
3330,17207879.934696924
3331,43029634.223271325
3332,51970622.341636464
3333,3754702.6970241815
3334,3559245.5075208195
3335,46291169.72821958
3336,2934416.07945211
3337,26751811.094056945
3338,2930012.308223773
3339,32493352.927807353
3340,1917331.921007481
3341,28988752.409249175
3342,1870018.7023442015
3343,52055290.51155208
3344,1755907.672905033
3345,32977588.725683253
3346,-223059.3617434986
3347,47959178.31949459
3348,19261.22390684765
3349,42598611.999020025
3350,-846054.5439528574
3351,13741032.48452134
3352,-11084812.17207449
3353,13238084.79838802
3354,-11826811.23184836
3355,12812492.955744397
3356,-2339276.701351525
3357,231508.1409391843
3358,340206.5647420894
3359,15459254.016209733
3360,-1285500.9938203788
3361,352143.4127754228
3362,10550145.124387011
3363,-4845788.697719828
3364,12422147.88825289
3365,-18217073.56422171
3366,24419279.835587133
3367,-10719698.187285675
3368,6364927.573109937
3369,-49157202.557515554
3370,44129735.326073416
3371,56826375.11900227
3372,-28098088.520097055
3373,-28592533.601352848
3374,-47481301.41652783
3375,3459913.9920307947
3376,-9175131.1045206
3377,-44305432.86841529
3378,3280976.057850216
3379,-33253507.098638415
3380,3174649.2489659325
3381,-30161044.766041726
3382,2688362.118635973
3383,2523169.671699515
3384,1795513.0229886242
3385,1720415.6947526007
3386,-29781159.153009344
3387,1754827.661322315
3388,-27581413.887894213
3389,2575409.729411865
3390,-18052568.30473619
3391,311553.1641060201
3392,-18630095.35547206
3393,109664.25218175715
3394,17420923.03346829
3395,-9996396.485589154
3396,17682327.33774406
3397,-13290495.205782596
3398,18677785.996177338
3399,-410157.5630689611
3400,391571.706525487
3401,-45565386.60508849
3402,1014708.6148849514
3403,405899.5974100847
3404,-26648249.680960536
3405,2623134.0018660603
3406,376005.36333351093
3407,-4147078.538201954
3408,-5363804.47566502
3409,364631.3330431995
3410,-854200.5502999537
3411,-14840629.879210884
3412,2314766.1946207313
3413,-12704404.196278797
3414,909030.8185279503
3415,16762655.164504666
3416,-1561569.6098462737
3417,20414670.33946287
3418,7844867.851864425
3419,25404986.051305465
3420,19532220.984557353
3421,44164116.68731001
3422,-9265688.34738322
3423,32548050.552360523
3424,16297255.60189287
3425,25905454.33497826
3426,2464860.642553314
3427,42896990.018595204
3428,1238650.4443386346
3429,3895872.706836647
3430,3265714.7438193248
3431,2986358.8409006093
3432,3011667.958022695
3433,20208405.35173751
3434,1973445.5348886072
3435,1895719.647103392
3436,1858660.2346281619
3437,7207168.1468852665
3438,-479992.94482610596
3439,-17183102.019271806
3440,17473702.72027274
3441,-15205750.594460879
3442,19981464.413772993
3443,-26655709.801308412
3444,117589.00748782582
3445,369131.17018982425
3446,10207139.263297124
3447,-1438450.9445519794
3448,383109.01071096986
3449,10686331.94837491
3450,-33527298.475893855
3451,-7204619.244291628
3452,-7408495.361457882
3453,368595.9905745088
3454,-14998503.974196468
3455,-14120153.856447792
3456,-19243353.73663815
3457,17470445.043222837
3458,-25914043.55206074
3459,12971088.058164092
3460,14062164.566727156
3461,-12653546.816872837
3462,40611577.993198864
3463,4453620.424391586
3464,-274051.1404402899
3465,2969050.202430273
3466,-16077714.117261147
3467,-6346247.713211114
3468,5823539.411812706
3469,-37029817.51516451
3470,-12917510.049044374
3471,2136871.5642178706
3472,1711265.5798964861
3473,-367766.01169599115
3474,-22032027.23727105
3475,3203008.5294927675
3476,3172027.2262553778
3477,1948839.9037435711
3478,1967895.423650715
3479,-1327247.107439287
3480,10327735.71563667
3481,318915.88897227385
3482,16016227.084370738
3483,-15581296.92247481
3484,19383866.681437057
3485,-25300807.321911205
3486,17742425.937818997
3487,16892612.858646784
3488,133552.8247529493
3489,369932.7113823082
3490,-11900866.163781434
3491,-1885770.3576275662
3492,373081.0908226049
3493,16104387.57783619
3494,-1900732.5038391054
3495,375067.6713707953
3496,-7953158.866972536
3497,-9980657.991820931
3498,-25685839.54728918
3499,28876813.316734433
3500,-33560795.50089888
3501,-8908289.337810036
3502,55214748.680771425
3503,5553430.554087674
3504,10731708.861119246
3505,13185339.02796419
3506,12681655.930117125
3507,10650540.255020216
3508,24742517.017269194
3509,2967110.5849596
3510,2722282.470665914
3511,-29327565.024169724
3512,2966290.4278386864
3513,36240877.3643277
3514,1706498.1801151142
3515,1603561.8933593994
3516,50376230.91541962
3517,-305433.4914002437
3518,53079211.79580382
3519,-1727450.2157987386
3520,23993449.47584704
3521,1101975.310115679
3522,21268807.02437444
3523,57612150.88880036
3524,20455203.306111153
3525,27402374.932004713
3526,16729053.481419811
3527,52094154.78965628
3528,10190782.588530125
3529,22549804.861758
3530,12102527.033653418
3531,11841193.018866897
3532,132891.7487835486
3533,441979.3497964533
3534,8234161.846432455
3535,-435744.19322580344
3536,434564.71264231065
3537,410190.229875228
3538,24445975.413229268
3539,6780729.421031865
3540,31344160.674915224
3541,31898064.24226957
3542,3831044.0966430097
3543,35942617.75875158
3544,37207667.95466699
3545,26800280.70273577
3546,35978933.886309326
3547,55563043.92082479
3548,34162443.18135322
3549,42037693.26931362
3550,18431059.458824255
3551,3190883.823826265
3552,44232418.36852705
3553,2710935.2517568823
3554,33132170.519496083
3555,2379926.2302940586
3556,27837397.704352427
3557,694713.251422386
3558,38777453.19460891
3559,22823185.731263734
3560,26786388.47966684
3561,3427714.7762721963
3562,25609169.22044671
3563,3360905.70665944
3564,23381657.936139114
3565,1976596.2949773814
3566,36028477.67783646
3567,2029538.6553982752
3568,32991117.126279186
3569,1770850.0994561124
3570,31222905.931981277
3571,-1191360.650473867
3572,27911761.08034758
3573,159957.6788340766
3574,26207157.901633978
3575,-15557699.200775022
3576,14720234.571921755
3577,-19300273.542331725
3578,14774434.702716116
3579,-19173061.89460604
3580,293834.1201079823
3581,400493.19334683643
3582,-9667494.982263532
3583,8735092.73307662
3584,377129.3612811206
3585,6257591.897010257
3586,-2327448.2659673635
3587,395423.5172325776
3588,16722135.357866373
3589,-10509243.378693093
3590,30950471.799445324
3591,-7477987.996212465
3592,-34092104.611726984
3593,-4866135.724264653
3594,39447017.58824219
3595,-32628058.585019182
3596,-24177734.6352079
3597,-25462514.503996044
3598,-20728362.078040607
3599,-6008410.081982577
3600,-3712719.6815438094
3601,-18313912.369281672
3602,3568231.444422248
3603,3472029.8535560765
3604,31314549.809070654
3605,2792712.825713938
3606,2731687.9844021304
3607,1799882.712749226
3608,1813942.529616849
3609,16715449.838357037
3610,1715106.4708099961
3611,47545097.80707215
3612,189268.8526989827
3613,-67531.08479446173
3614,52464756.780234024
3615,-11576882.235551141
3616,19779008.360054314
3617,-9405195.469603676
3618,18352774.36420081
3619,-13157338.290559739
3620,-6755.296619286668
3621,381259.7420180659
3622,9775464.639581423
3623,-4081694.0774938785
3624,395778.76465258107
3625,-19343742.53088704
3626,14475404.68379454
3627,-29175698.048088007
3628,-3740947.748012143
3629,389153.32154417265
3630,-14141930.364159867
3631,-24175244.488732733
3632,-14343962.055239152
3633,-23496243.76421029
3634,-3883230.5369994016
3635,-21941751.239086617
3636,-970701.9776270061
3637,-15539850.035800388
3638,5683651.184547288
3639,-1838719.4637661898
3640,3995080.751288253
3641,-14509450.71775351
3642,3640197.1210236335
3643,-7913861.270325249
3644,12061170.076593706
3645,44197155.45857644
3646,13419024.569586322
3647,-203792.32869551776
3648,3006349.674629198
3649,2863070.0550543414
3650,2459624.4255471723
3651,1693892.1441727728
3652,39411210.36338909
3653,1499209.4094232875
3654,1321094.9582625157
3655,-13454879.330543514
3656,-83317.45056391154
3657,-545423.6236998916
3658,-15909516.7381396
3659,21316610.081783496
3660,-32756883.358578026
3661,18010765.214119222
3662,45026323.201923735
3663,10401226.764211383
3664,-3172359.5908633443
3665,11286540.261732792
3666,-42769811.83184516
3667,12199002.00585382
3668,-4211053.2457573665
3669,144323.79213708243
3670,397480.36377656914
3671,-30699232.887212314
3672,-2084303.7247642954
3673,370006.83289714006
3674,-8373209.386580119
3675,-4627787.193734294
3676,365013.32386358705
3677,-30936382.793721296
3678,47236376.26423099
3679,-8394870.770562205
3680,-50342381.24329446
3681,31968880.89605266
3682,7455845.8984032255
3683,25397180.16897064
3684,-28859496.9833877
3685,37283095.90201391
3686,47167839.763619326
3687,5958949.12846963
3688,248392.31992288856
3689,8282858.97524715
3690,4522423.363929772
3691,2684232.2786325356
3692,9476210.252306294
3693,2151958.2266733535
3694,1592340.0830187467
3695,-5179418.275646755
3696,3835451.7107224218
3697,28842813.74919709
3698,2976590.874773863
3699,43287199.838556565
3700,1893908.8865068923
3701,23389573.772199567
3702,1899145.2802613317
3703,41175772.54758809
3704,-2935097.713645486
3705,41705639.60851279
3706,-5617308.579538188
3707,43300974.92406963
3708,-1117874.7143030546
3709,12987481.166174788
3710,-20994233.837418683
3711,12307405.830652613
3712,-27313505.861054838
3713,13004750.09947078
3714,-15206176.36221737
3715,169201.58864950086
3716,368278.86657720024
3717,-16941009.8691631
3718,8171256.165782894
3719,-1384248.999848968
3720,359230.6309427989
3721,-4752069.388764395
3722,-5777591.64394666
3723,71539.20493888967
3724,-17525877.913842298
3725,-27071653.85196632
3726,15378096.791267548
3727,18029226.31555891
3728,19691911.556251705
3729,3133380.9209819185
3730,31623101.858217873
3731,13874014.906049883
3732,31930320.748563863
3733,9121625.794918735
3734,31467557.080127336
3735,12761199.306383304
3736,16560730.435680967
3737,17356355.28817197
3738,-7406569.726745216
3739,58250461.57775216
3740,37284463.25985872
3741,3762945.5527926525
3742,3707502.587956359
3743,3014174.960127502
3744,49856905.98598866
3745,3056409.4351667077
3746,50775496.21136154
3747,2705958.8917621705
3748,1832658.5929434118
3749,49026612.20005554
3750,1868351.2486544768
3751,45214019.09197827
3752,-767046.3281382874
3753,28720602.567323945
3754,-66677.44875436128
3755,34838079.25151223
3756,-10767206.764235048
3757,12706656.156867012
3758,-36625148.350902095
3759,13647579.765535513
3760,-20987337.547263693
3761,13700403.959123408
3762,-7392106.609656354
3763,237896.68787716283
3764,344995.221573787
3765,-1907088.0199918617
3766,353847.81657379604
3767,1740104.7705212564
3768,-1641542.9338379372
3769,350452.43719276
3770,15883282.354985738
3771,-7386983.014494121
3772,4554958.457544228
3773,-36410100.10552285
3774,29719672.314812638
3775,19871349.236028776
3776,-43216468.586709335
3777,56174264.96302284
3778,-41081819.20676411
3779,-27395579.546739697
3780,53242547.22438639
3781,-19796590.38840136
3782,39009279.303404555
3783,-21664924.14360542
3784,-13148671.450426295
3785,52800061.444093
3786,-19273359.109295815
3787,2663817.158075229
3788,2557829.2082695207
3789,1721529.6969960802
3790,-23904994.334303033
3791,1670877.5476297154
3792,116.54134368225932
3793,50442905.21938335
3794,349600.1910409987
3795,-44674641.97711282
3796,-45393786.49297546
3797,15209525.155032108
3798,-20636632.477077175
3799,15706561.41662944
3800,-11041309.49458926
3801,16420034.51007151
3802,11214131.46367521
3803,50410.379067610935
3804,345658.93837705126
3805,-3331731.1743395003
3806,8521209.75676801
3807,31444579.434844606
3808,-1157097.6924750893
3809,345057.7374479045
3810,307189.7808036537
3811,-12539171.676723953
3812,42435242.386207804
3813,-34132186.07135017
3814,43811374.864748456
3815,-34673233.47425085
3816,21999578.35854567
3817,-49013150.35747892
3818,34847318.90436847
3819,-23557375.525113594
3820,-9914781.221671904
3821,-13463083.76313132
3822,-16691717.730859185
3823,3497778.026349784
3824,3340560.4791015494
3825,52832051.7866739
3826,2784773.166686054
3827,2746389.138297709
3828,2618692.1966439434
3829,8140821.034029931
3830,1877039.7687940926
3831,1725681.331467174
3832,-1023796.4973667025
3833,-1152800.661286459
3834,35313318.87868605
3835,-7652491.451429677
3836,12265429.503978418
3837,-11484851.046336435
3838,14273888.7562646
3839,-21289082.93224084
3840,14839746.057476114
3841,-1399592.9004223496
3842,211207.85964181647
3843,358308.71033226117
3844,-2239137.7437887965
3845,-583150.0095813844
3846,350303.39042181487
3847,8162548.356350979
3848,-976863.8946992129
3849,338970.3523831375
3850,52949342.93989525
3851,-11926053.980565572
3852,24227128.750159465
3853,18736860.0586347
3854,25620220.66254742
3855,14871452.413570013
3856,-136943.0616995315
3857,4481939.214016118
3858,17891904.00592987
3859,24724223.84440117
3860,-4472890.85218002
3861,47198386.13231034
3862,8020470.246838813
3863,1817960.655043595
3864,1910699.4111563773
3865,-17841975.21228648
3866,187543.04868960576
3867,11465168.960037796
3868,368205.35337660555
3869,655148.6547288931
3870,11042725.409791773
3871,-13615609.910555413
3872,-3255822.4794228016
3873,-31755884.70644754
3874,-5501238.754511327
3875,21085428.09409611
3876,9698280.933594052
3877,25053685.43253256
3878,18831048.010337763
3879,10318076.75375883
3880,-47878525.72296268
3881,10569267.039632272
3882,11403450.254446609
3883,-24262720.91487277
3884,1099747.6471078205
3885,416192.72542760643
3886,-6941198.921110967
3887,380982.0406991291
3888,-10697631.179200172
3889,369574.5360916609
3890,-24088359.20977818
3891,-5652093.861272435
3892,-22420994.637556367
3893,-7626852.9859188795
3894,-30501273.378108732
3895,-12948204.77493709
3896,-17133419.22478143
3897,-9200344.080522101
3898,-5062526.259708055
3899,-25410546.094141394
3900,-47627685.64945963
3901,4251591.872063291
3902,-32861046.00922065
3903,3610798.657211104
3904,-17927484.47156067
3905,8130607.4655889245
3906,2793167.5385888354
3907,2828655.0449130433
3908,2851524.2290347153
3909,-29526571.445515245
3910,2064929.6781091064
3911,-31572391.388725806
3912,1909396.9607774126
3913,1857065.8411021787
3914,-287287.2452317428
3915,136280.33945503776
3916,-11890507.789340446
3917,17933567.235833593
3918,-13102853.433280185
3919,16273720.937343229
3920,-14179031.169599015
3921,249119.0095795893
3922,378364.11249217676
3923,14424568.713213086
3924,135956.11283187178
3925,378875.7046793144
3926,28616063.945370905
3927,-2060901.729373224
3928,349838.90366363374
3929,58991707.82465337
3930,3401724.7756036045
3931,29784112.256063215
3932,-9207508.26069019
3933,37384057.398981765
3934,24461758.19255259
3935,53074921.12388532
3936,42047069.95688376
3937,-573974.5076985107
3938,-41048520.079672515
3939,16050051.745842736
3940,-38966663.601337545
3941,8342292.906837788
3942,-41641163.67557091
3943,30015020.769404776
3944,1854988.9337621604
3945,-36264796.06609068
3946,1267572.392122868
3947,1449319.1385469555
3948,-1790278.9137755488
3949,-358529.8065450282
3950,-8543062.892489571
3951,48408340.59854983
3952,2057381.641413988
3953,4683178.188835906
3954,1963895.8567669205
3955,31923458.59803926
3956,-5841021.416451691
3957,33662887.83787071
3958,-29108960.14346574
3959,29362249.029819
3960,-36122289.29886018
3961,13747439.467318943
3962,-25953620.42878253
3963,14398576.02821424
3964,-17706.045251215994
3965,260950.81994136603
3966,412869.06481275975
3967,-34344719.85117152
3968,59659.55933789117
3969,396913.1082571897
3970,-10046212.686047176
3971,-2225068.016300992
3972,378286.4996158115
3973,-15238354.594983557
3974,-38744786.7132913
3975,-18540684.29888466
3976,-30879983.12565893
3977,3724004.599249354
3978,-33109982.206307936
3979,33088009.297785185
3980,-22078936.296218023
3981,-11519077.736013304
3982,20242964.131744828
3983,7205156.968762562
3984,3622617.806616453
3985,3745947.703408429
3986,-47060162.31514034
3987,3001644.8551486186
3988,2844141.25850042
3989,1988639.6924566224
3990,30988692.270025313
3991,1894377.1299670325
3992,2283504.4346684166
3993,-11537142.913069865
3994,32580254.328160115
3995,-897360.2527391536
3996,25223111.50417096
3997,195188.89293499794
3998,14365938.68960846
3999,-40634534.861304134
4000,14205295.496812567
4001,12360245.772823703
4002,167881.89769808887
4003,437075.2696282545
4004,37401221.90836571
4005,-940079.1459590567
4006,1256148.6785420994
4007,6104648.2441449985
4008,401493.51727176906
4009,38115864.17345162
4010,31738155.155518852
4011,21407971.016373873
4012,19931947.606123846
4013,54885418.3599303
4014,27520237.498225294
4015,-39492593.22484203
4016,26444301.72431727
4017,-22156558.282112323
4018,35371182.504855394
4019,10457604.428944156
4020,31034401.47605452
4021,3739095.358109113
4022,25019571.406357598
4023,3265046.9475202966
4024,21111908.273724023
4025,2044665.7790159998
4026,52842114.17882711
4027,2408948.7946508317
4028,28900592.411326915
4029,2297645.92630828
4030,17449892.260145366
4031,1351382.5085776718
4032,26545765.654419243
4033,458309.6728890461
4034,27270533.08177048
4035,-1225977.5708100514
4036,40558378.440888576
4037,-936510.4024837989
4038,27179798.44670462
4039,-8831015.084949492
4040,21947071.120985635
4041,10733133.19426952
4042,19494131.805403933
4043,21396092.15761954
4044,317560.9322244365
4045,10771629.550129645
4046,10759473.784460463
4047,12794010.030252498
4048,935094.0302655238
4049,439568.6409398618
4050,-1686136.1666900157
4051,46153766.52266408
4052,-7251820.263698472
4053,395467.7452425393
4054,-23342305.2289262
4055,-20493794.256375104
4056,11779096.925183225
4057,2377886.6843510955
4058,9249853.784327801
4059,-24837288.11890782
4060,-22084872.788919978
4061,4040333.9951789454
4062,46288798.17651121
4063,3669798.427960567
4064,47548373.6484533
4065,494367.16433914006
4066,2334277.979718443
4067,2809718.3196997726
4068,2816176.450730231
4069,11754230.273925308
4070,1929924.989356429
4071,32244710.404117048
4072,1921439.7158449702
4073,-15101001.733135143
4074,-19154678.4614458
4075,-27699.828362816013
4076,-993410.6323259873
4077,13261371.51169264
4078,16644049.184146145
4079,-21101181.85134648
4080,16217773.749346102
4081,-3114147.2437392473
4082,92414.60164869008
4083,399214.87926002464
4084,3220918.3892965345
4085,8825858.98420914
4086,12074570.10092811
4087,-1420731.9254047463
4088,371123.45494197065
4089,-29711034.288838506
4090,-19007088.812309228
4091,25989869.015442878
4092,-12282109.845244775
4093,-7928354.114853583
4094,33976762.562165804
4095,27365390.261193953
4096,36835134.989656284
4097,22585571.062436514
4098,48241735.666478164
4099,20674884.10856303
4100,37049196.56810991
4101,2124127.069253166
4102,-15047485.038678044
4103,274775.5270480121
4104,-33409955.412011813
4105,45232372.449956104
4106,4881632.674078015
4107,3234326.8026605947
4108,3224823.2381304447
4109,49392846.00353976
4110,1920618.0401314762
4111,1966617.4601237283
4112,45238007.82627451
4113,38179550.27826764
4114,38747602.21677193
4115,23540898.283907797
4116,33947961.37430089
4117,7885901.624740076
4118,4083334.4303402766
4119,-39935862.27660173
4120,12570733.627619108
4121,12761686.808868844
4122,-28658203.941583585
4123,86650.20005713293
4124,380258.4024487623
4125,-49974502.90423088
4126,8230621.126796326
4127,-18150094.741670877
4128,-1162709.6726008458
4129,373461.531530274
4130,-20714767.474516448
4131,-9244737.373314999
4132,-13697231.879623417
4133,-14477156.173552435
4134,-32351099.57875845
4135,7119529.130279241
4136,-15117987.120026037
4137,2603158.69184964
4138,7963337.14643396
4139,20984045.73554633
4140,-4784613.2602137225
4141,8473897.547629355
4142,-1904590.5598848104
4143,13856692.379021198
4144,-19282867.217787143
4145,10075662.741588809
4146,-14852681.691735048
4147,1242871.4577543915
4148,5805650.201367846
4149,5246000.520509101
4150,-4498925.05235368
4151,3243976.9485204793
4152,2479951.4923196137
4153,2474346.195630921
4154,15808856.24768363
4155,1567540.4137381061
4156,-44904898.83850403
4157,1523160.199403508
4158,-28935362.20139963
4159,1479900.0446500196
4160,-8233527.4729338605
4161,37435.391138429564
4162,-147553.66250496692
4163,-7296754.803713955
4164,17366789.686551176
4165,-16180026.212583706
4166,17696808.145318307
4167,-26674856.834579393
4168,-140660.28425142774
4169,372156.0659692365
4170,-368566.1479623313
4171,365668.98182128975
4172,21957167.301863424
4173,-2074409.9607139833
4174,376794.4105282797
4175,-7711939.275190217
4176,-5173470.769380189
4177,-40241240.04853418
4178,15419404.093541514
4179,31692995.016862582
4180,-11059530.870970147
4181,11206612.068727048
4182,14462510.213416362
4183,-6821892.2705210205
4184,51339700.36764337
4185,-16091622.291621273
4186,3380467.8328003706
4187,53304531.36601748
4188,-8051456.005002541
4189,-26835255.533201065
4190,3518230.495882063
4191,-21466393.21208739
4192,2804427.746352058
4193,2787202.584313857
4194,34969320.225148715
4195,1959629.7682015267
4196,1735854.4790879241
4197,1645512.489080108
4198,37673774.91069423
4199,-1159199.6420266328
4200,57615199.86733792
4201,-2858661.1372931493
4202,39993425.29025056
4203,-11868175.50714607
4204,13568691.9354738
4205,-14672714.114082087
4206,14286416.129708711
4207,-13269917.792901155
4208,216189.37405971554
4209,368919.41919498716
4210,-5291430.516781096
4211,-2948575.89848881
4212,353651.1629320979
4213,-23235588.688493215
4214,-1386593.2565854893
4215,364591.56655926164
4216,4396522.076011656
4217,-18908733.735005237
4218,4967547.042718718
4219,-10901189.669177283
4220,6201874.619176691
4221,-5706317.29307376
4222,5152059.202807485
4223,14469440.265090983
4224,30828414.178803723
4225,12858413.459567573
4226,-34511006.00748302
4227,-47467406.08138852
4228,20308151.876611356
4229,25561304.296220474
4230,56622947.42792197
4231,5288952.775324668
4232,-5981601.110509906
4233,45114087.778879516
4234,5335592.956803201
4235,45087314.649686955
4236,3109467.1759719765
4237,3102051.5059804213
4238,-41714648.03401117
4239,2188040.439559739
4240,18038131.45152036
4241,2062594.200408101
4242,15164779.850252107
4243,1983058.1106471817
4244,28490208.16471318
4245,-15024811.21443661
4246,30725334.627787333
4247,-928301.6028596921
4248,30666722.091261458
4249,12182302.508336684
4250,-34106274.05598384
4251,11801142.015952053
4252,224088.6399450663
4253,369827.5162608984
4254,223349.09710644436
4255,359907.572836406
4256,-12172339.574168896
4257,-1032881.9098863176
4258,340211.18916807335
4259,-1943812.9567566433
4260,-23087072.672666933
4261,-5042870.830111453
4262,-17186739.778808847
4263,-7269446.185923666
4264,379175.60176746844
4265,-2490179.5777662187
4266,-10572298.124899514
4267,12255277.907582488
4268,18638823.238550607
4269,-21081150.361616053
4270,33536889.136589043
4271,-7614630.827267734
4272,34894111.41992828
4273,-46797273.41371336
4274,6954754.345500487
4275,-24327696.063966833
4276,3294208.957027776
4277,2376803.6476590177
4278,-5894212.862350271
4279,2295040.18293951
4280,-41075307.26096306
4281,1768820.0925089524
4282,1528503.740575344
4283,-6117355.449113163
4284,1507913.9420429242
4285,-12739271.4033349
4286,-142972.27637518215
4287,-1928.8252464691177
4288,-630097.4375441775
4289,22715680.239694633
4290,-9130838.351346118
4291,17710666.265321136
4292,-9907585.661956448
4293,42976795.26054938
4294,-887123.4532663984
4295,390359.6027039871
4296,23396607.712820105
4297,945529.6795518275
4298,403144.9742978282
4299,-36124624.996547975
4300,868639.4036321469
4301,-23208654.83284986
4302,-1882297.0661247217
4303,365612.70936044154
4304,-32504871.909561712
4305,-21580472.49097769
4306,-21685617.241031416
4307,15737655.909720853
4308,-45024793.72212469
4309,967284.1689147145
4310,-32731461.18326018
4311,3342476.8309081425
4312,-17406426.858279176
4313,4899607.831156609
4314,-10960423.695328513
4315,6673414.239110529
4316,-33310086.42174978
4317,-7005334.261693853
4318,-31981846.26677931
4319,35199134.462269485
4320,-22025534.66709561
4321,18360800.736777455
4322,-11463625.52998344
4323,33449690.479276884
4324,-11228219.913533019
4325,2545259.4160840614
4326,-9733884.950079639
4327,2453414.169808406
4328,47344014.956524804
4329,1622408.3658517867
4330,-3048641.8194308705
4331,1593498.944712375
4332,1688573.8759810398
4333,-738310.4538303327
4334,-39544856.37619342
4335,-442017.9567975855
4336,-41906301.97846867
4337,21616.196603171713
4338,19662432.49186212
4339,-12141763.952504586
4340,19622162.919190668
4341,-12758385.933612093
4342,24676028.896498203
4343,-201712.6534713787
4344,370087.52168063924
4345,29271370.560309865
4346,-2229606.3434264893
4347,379300.82465815207
4348,-39970546.481335804
4349,-4832896.525262991
4350,-8560982.227499839
4351,-6228913.6768585015
4352,-29225146.657708347
4353,2257657.2346304697
4354,-20366320.41496116
4355,-9558187.315646548
4356,-20505417.697236694
4357,15764283.043140318
4358,-6391782.443001968
4359,-9743868.57316168
4360,3715338.469222156
4361,-7113883.418660389
4362,15936326.864030603
4363,-7531638.675626199
4364,-1724472.0190326155
4365,5831270.848886265
4366,1130768.6001315415
4367,-189179.99035394163
4368,4400126.76158906
4369,5658443.803741569
4370,519770.72415259184
4371,-587294.5117484818
4372,3246706.746554286
4373,-27720639.569327652
4374,2787026.8223830326
4375,-21819534.029109467
4376,2794527.8145828554
4377,-21874226.364867527
4378,1560988.5466624373
4379,-7947533.895330059
4380,1876602.640866587
4381,1732935.2611120257
4382,-35001814.75244747
4383,-792574.33926063
4384,-10638726.277084753
4385,-106989.38547961731
4386,-1644027.4463235508
4387,20026246.077513617
4388,-8103396.173259686
4389,18521863.10342507
4390,-15203420.615806807
4391,20086032.61824667
4392,174946.976456394
4393,376290.6380532792
4394,-990072.2893056462
4395,375383.16653429915
4396,-1315918.80003811
4397,-7563170.876721364
4398,-6964942.300504664
4399,-42384641.24120736
4400,-27262790.87580224
4401,-34793890.1707322
4402,-22592459.876432426
4403,27050048.466383077
4404,-25891569.606344827
4405,5197531.528872964
4406,-13056348.117297348
4407,3962683.329389873
4408,-668527.4268847763
4409,-18494889.057365984
4410,3692410.6185952784
4411,-1510775.205335477
4412,-18029060.52942297
4413,3800390.249009711
4414,-27493547.477573387
4415,2906985.4150290517
4416,-10964001.957131322
4417,3002011.2497007544
4418,-15208938.790320698
4419,1877209.5081894167
4420,-7985086.4477964435
4421,1971818.449389842
4422,1897346.9249128518
4423,-26738640.609054305
4424,-2727854.3869384443
4425,-1764773.7325058044
4426,49748.22836891581
4427,-5983822.373575214
4428,-264936.47464877367
4429,20801512.42994554
4430,48874710.9094645
4431,23432711.98416164
4432,-12107099.032696512
4433,20458738.973458227
4434,291571.72532814357
4435,393032.887283513
4436,45614320.69555706
4437,-621447.8233286311
4438,376385.7034879609
4439,43705195.288479514
4440,-562322.8209090286
4441,-8995318.202352518
4442,30529011.354798872
4443,-9036187.38950846
4444,-27849210.057124425
4445,32161627.675014853
4446,-25220049.227992855
4447,4775274.991896181
4448,-28710555.3733595
4449,29081964.611024756
4450,-27206319.625193693
4451,58744790.74791483
4452,2725705.9255026504
4453,-23874396.81992739
4454,-33086894.174221307
4455,4167282.4068968087
4456,4064429.828721295
4457,3265539.286101357
4458,2990931.8726743557
4459,2005245.0025339476
4460,1891593.0424857691
4461,-443660.5368818693
4462,-1557285.991354555
4463,40301585.68437028
4464,-26596910.039348632
4465,16292527.104576642
4466,-26972761.94255464
4467,16104245.16305381
4468,-37669552.51651044
4469,11379261.311051946
4470,-14341153.861849543
4471,194558.14280500595
4472,398871.33568638074
4473,54228454.21695423
4474,-1838774.3525288403
4475,398636.51256439654
4476,-27533533.070307244
4477,-1393940.7165444165
4478,-14156737.310898107
4479,-28247137.867179997
4480,-42038815.23915974
4481,44346319.99082397
4482,31036304.92610107
4483,35228493.31632636
4484,-14725150.717117142
4485,27179254.392481018
4486,3949193.8729294925
4487,46891728.066242225
4488,3190448.936524966
4489,36762550.68461234
4490,3335806.5682673347
4491,29867032.989691604
4492,2398052.6401375895
4493,24961012.521652427
4494,2638427.8805348957
4495,34438554.625342906
4496,2601582.5966410735
4497,34575618.60454287
4498,1657274.926219662
4499,35782949.27159324
4500,1672875.641677327
4501,-1335755.187776363
4502,24449246.02049167
4503,-1547729.4342907057
4504,27198027.192429923
4505,-1139103.4209865213
4506,17894971.5393179
4507,10915271.869428145
4508,16855144.4315233
4509,17187969.032919265
4510,20265805.07615561
4511,35176774.83025246
4512,10605375.868710482
4513,10255276.357011938
4514,-42139380.93766487
4515,10666730.22818333
4516,1010850.7496525974
4517,454119.4164471654
4518,15025976.917748427
4519,29443773.443445522
4520,425273.7949668901
4521,46120250.96199484
4522,52554841.094531156
4523,45090469.29845396
4524,40294108.6503769
4525,38280417.39790041
4526,4056455.904510021
4527,30534300.873499077
4528,20604531.026062995
4529,38687634.796891965
4530,56370246.06515485
4531,47709734.82746659
4532,136447.52182786464
4533,29046372.68338077
4534,3935162.5391277308
4535,34079860.33043306
4536,3478900.7277640603
4537,35429971.03647151
4538,3033622.9366011964
4539,29986942.89850975
4540,4483896.02795458
4541,10792705.91003893
4542,1924773.655937054
4543,26518246.39658996
4544,1843670.3512352246
4545,33533550.9740761
4546,-8071275.715486666
4547,24685035.60952445
4548,-12491361.132472124
4549,28956038.927652635
4550,-2088291.449678396
4551,12977336.045501346
4552,-46666291.24841447
4553,14470599.055901071
4554,13831491.867980009
4555,-19056319.910844613
4556,65235.96028147595
4557,393292.88909867057
4558,9280562.512798974
4559,31737482.413982052
4560,-1913230.147088288
4561,414247.2993804368
4562,31527937.99368621
4563,11224188.172962418
4564,31260662.75569408
4565,38019339.16971976
4566,32666658.267799538
4567,22441068.491667494
4568,-33671189.46961181
4569,35626984.36916335
4570,43747813.24245115
4571,30599938.085662447
4572,-12816076.047015626
4573,32309828.112854194
4574,27814114.013544578
4575,19786411.752740953
4576,39618645.678577885
4577,14125062.873635795
4578,27106423.807569183
4579,5166210.088395411
4580,25160512.88636352
4581,4296593.439017689
4582,29475442.049800325
4583,3754103.0678301826
4584,3485591.915824931
4585,26833095.77239193
4586,3432298.92439722
4587,28410250.463756107
4588,2005429.7446503274
4589,2088353.2519215741
4590,23089966.787267778
4591,-617525.0391599437
4592,22214930.17851368
4593,3692032.8644785644
4594,21347185.944598965
4595,-1541837.0997352488
4596,13622081.28516597
4597,12511754.446180679
4598,14096247.348191464
4599,12387113.162289625
4600,13645.88765772127
4601,417407.77276254684
4602,-2684821.4636978004
4603,405744.83407230815
4604,749594.432471301
4605,1653343.2755865739
4606,-45748381.360620305
4607,-32401425.372858476
4608,12654909.690225987
4609,35239623.48453985
4610,-991623.1426482499
4611,41465855.59465473
4612,-30787909.93009032
4613,38749700.2406837
4614,51053933.792071715
4615,35460933.72005445
4616,2656995.729943514
4617,2637366.4452531803
4618,29948856.865188938
4619,2595521.2975773094
4620,33710032.79497925
4621,1363571.469840678
4622,19893639.603279863
4623,1362511.3468531207
4624,40957172.48040802
4625,-4661020.583695054
4626,24589183.274065863
4627,2042954.1741470695
4628,32319817.413366456
4629,2052927.0853325147
4630,30061078.146133296
4631,45606281.66233353
4632,21268152.32071095
4633,-43636242.96164318
4634,17880140.054362684
4635,45351457.246108934
4636,12523606.937459877
4637,12810327.0012842
4638,21981930.96130719
4639,12224228.802409265
4640,186888.5034645269
4641,437170.7598061964
4642,46284754.98615579
4643,-2145680.9066834934
4644,414539.5494146801
4645,-3679163.3877962916
4646,1627527.5586520545
4647,47902171.23928742
4648,-10900608.009312134
4649,-35915784.947144374
4650,20034484.88541777
4651,-8817530.353046874
4652,48639172.06903302
4653,26598263.32884384
4654,169493.45310534537
4655,-15627924.69989259
4656,26036127.678868078
4657,57036681.11342056
4658,30926465.019433748
4659,2815575.7844378017
4660,32599264.89140578
4661,2482047.2032053773
4662,27085725.42690269
4663,916140.4311152499
4664,22942815.157146934
4665,9784567.544816112
4666,23751695.616362445
4667,3958792.311021044
4668,32987605.96611943
4669,3583166.085400646
4670,3487341.22315392
4671,25242942.706591807
4672,2186351.8786613923
4673,31214972.963042397
4674,2068448.411141847
4675,16789741.39129587
4676,7446325.07519534
4677,25382428.135698102
4678,-5671909.08519604
4679,20671542.102234382
4680,-264645.3861053353
4681,13081649.826510929
4682,12947914.823550746
4683,13297971.76821735
4684,208269.675086844
4685,404226.516665719
4686,51660687.2529282
4687,-868586.5440151049
4688,412921.81971625733
4689,-37262798.10463016
4690,-825924.2988499907
4691,408450.08285304846
4692,48121441.58943619
4693,29946194.206174742
4694,-45532775.175431944
4695,33952579.437125966
4696,53580467.83740354
4697,39164401.53550807
4698,21215856.78413622
4699,4274488.992869475
4700,56217647.7192175
4701,4233289.094362582
4702,26831667.11519099
4703,50223893.45413417
4704,39226770.46149628
4705,3742688.791876874
4706,29807152.290319107
4707,3341151.504696821
4708,33923535.26788786
4709,3249422.4795472836
4710,23439872.588319127
4711,2930475.715146643
4712,58220429.89164603
4713,2016309.6117723982
4714,33211343.921106912
4715,1880385.2634379552
4716,22498437.975224797
4717,-1939724.4042185382
4718,28838834.657145154
4719,-5002293.642383487
4720,27424595.827881657
4721,3081.981290057488
4722,18190398.60092192
4723,34797486.641108245
4724,17666522.37038325
4725,5410544.417578406
4726,17230485.880431674
4727,27765366.23636421
4728,9821879.509677308
4729,27730189.905983113
4730,10335462.538936263
4731,9533966.907393252
4732,-24126.997584685298
4733,417742.25283594907
4734,27866126.00150464
4735,-908391.1041990016
4736,432852.55775020306
4737,19576129.74430399
4738,6907607.014469219
4739,400582.0349666324
4740,49626433.06572881
4741,52097657.14985955
4742,-16586145.780387059
4743,36069765.66582032
4744,53446043.94076129
4745,5207778.661621385
4746,44281543.77755881
4747,10810975.276471004
4748,21137416.90429268
4749,-37150570.02216951
4750,41356878.94962217
4751,3033717.0209839866
4752,-739696.2882813194
4753,34025630.396422185
4754,385489.01026711694
4755,26676513.025810968
4756,4305743.0395911895
4757,23416317.269119803
4758,3582600.474659968
4759,39098819.249637485
4760,3435379.227904532
4761,-32955607.558782022
4762,1816666.7444284135
4763,23075641.098171137
4764,1918414.7860250385
4765,15010278.709026083
4766,1961683.7715882934
4767,22198336.651953414
4768,-185985.67944305204
4769,21930171.15362256
4770,-7258582.236174208
4771,20670419.852721106
4772,58196080.4803236
4773,13788278.66328762
4774,13817196.501327325
4775,172890.35304506347
4776,402243.42848938965
4777,146490.77888923502
4778,1367391.8172459765
4779,-507888.1730653852
4780,407770.7611182925
4781,-21298882.306327116
4782,-31443277.68167457
4783,-43547719.646059215
4784,57369834.03248282
4785,44523830.22133823
4786,31439445.82712568
4787,41986723.46150302
4788,26877624.36449606
4789,5724181.69245331
4790,30578852.84138571
4791,22937257.5791696
4792,4569208.129410246
4793,17966284.225729957
4794,19710074.34637376
4795,4786041.626814663
4796,7554196.030608756
4797,3978212.156155625
4798,28692354.593081225
4799,4186073.025573609
4800,23686660.93297835
4801,3264381.6618402665
4802,39121152.751629665
4803,3091591.6609249273
4804,19357009.073338207
4805,3198836.335691602
4806,17245588.00621409
4807,1862015.3594166928
4808,24774977.346693702
4809,1775203.325887014
4810,18146703.919602375
4811,1982417.8510326874
4812,28604300.75383655
4813,341121.30938424787
4814,23374214.10972711
4815,-127158.99017834086
4816,25604764.52109123
4817,28432615.208152514
4818,15455685.935369015
4819,23982824.86673827
4820,16658303.811188003
4821,6056271.269269476
4822,-106814.36793880798
4823,413204.2634621865
4824,-1123240.2101927726
4825,429474.85727431683
4826,807392.6912307155
4827,448136.35671112256
4828,36304683.67360268
4829,21974648.19527231
4830,429785.92259556346
4831,-38806719.27092685
4832,35077096.05546268
4833,43351206.62346913
4834,-14262023.92045926
4835,24023842.180849303
4836,2042771.4038183582
4837,-8911531.6001401
4838,-47828840.595574394
4839,37821273.85656621
4840,4459636.39495797
4841,31702357.242289674
4842,3832286.9047295833
4843,23174290.074244365
4844,2929095.7253202433
4845,33846115.667049535
4846,2897275.355235976
4847,2801823.7434761245
4848,-29575170.461564064
4849,1813099.4871111847
4850,30222181.608077545
4851,1473851.346240494
4852,26498677.51760091
4853,1694571.3016097317
4854,27469590.74929573
4855,-2018678.13944946
4856,24062732.92990343
4857,2822006.1561891786
4858,21768304.504792225
4859,18679370.93924105
4860,19361292.363129415
4861,19871788.808918014
4862,-16576699.854316015
4863,12632515.56568932
4864,26872712.227099188
4865,12483852.868785651
4866,35702499.05298513
4867,12406169.482782872
4868,27565582.070612323
4869,64824.69747323725
4870,407953.3618017043
4871,18247227.706494354
4872,-1391810.354623684
4873,417956.74769182724
4874,25269246.622689795
4875,-6136030.409155209
4876,404615.3392327496
4877,-46485018.21917556
4878,-11377348.342314571
4879,26665951.196912434
4880,-12067822.475079263
4881,21171086.3824346
4882,29917617.005509328
4883,9053049.251384806
4884,-4438648.201563385
4885,663824.195005545
4886,30275405.490228344
4887,2312427.706248793
4888,31270688.409800224
4889,33483459.47787916
4890,2002264.322484599
4891,36237683.58005246
4892,4712748.7956114365
4893,34080907.94942685
4894,4294644.079108213
4895,1004278.4881276522
4896,3506470.464195249
4897,3624853.7344866833
4898,-13409465.342703346
4899,3246343.3800653443
4900,36625178.75709335
4901,2025407.6535540998
4902,2077003.4650057964
4903,29267453.232896637
4904,-4752981.210979506
4905,23627818.040656995
4906,23419580.489099704
4907,16261064.207915004
4908,13647147.805032458
4909,14205083.954502875
4910,40469136.04711715
4911,14205180.643516025
4912,180066.4387908186
4913,411298.9552843831
4914,15100009.754415397
4915,-7671095.1632698495
4916,413731.8608472338
4917,30879026.037245072
4918,-2554038.259318735
4919,387647.81245835766
4920,-41952025.73322644
4921,58639091.13174759
4922,-38301286.85957872
4923,36370559.27167443
4924,52121897.09486467
4925,37705508.879221976
4926,31158094.095325537
4927,9268034.497685343
4928,33221081.412967753
4929,42164787.063267775
4930,4358448.520477912
4931,-4065026.8818919444
4932,21323194.482912146
4933,44675279.11493562
4934,4139620.5996243074
4935,29403227.797036003
4936,3531944.5078310617
4937,23063827.504252724
4938,3226619.5003717435
4939,28484135.65765357
4940,3615015.9352441668
4941,15970987.40198879
4942,3232343.2156058
4943,20296808.330272254
4944,1775453.9400331161
4945,18314906.808503784
4946,1940443.5758666904
4947,16768050.490571728
4948,-3790558.8930037157
4949,22165682.878475122
4950,94954.2318862738
4951,23479034.34556909
4952,20817054.603703678
4953,14754257.054464227
4954,14213316.11948587
4955,13323071.141819965
4956,-17378185.847243037
4957,201967.2284594989
4958,398968.5816233018
4959,16486428.654921103
4960,-4427597.057449224
4961,402631.7639260682
4962,45475748.73676986
4963,-2238950.871960002
4964,-33280299.80733896
4965,-16662103.734229669
4966,33383546.39388483
4967,5044066.185798896
4968,47777763.39981421
4969,44081142.978923164
4970,58201890.91195156
4971,-30214303.09690342
4972,46075044.25499196
4973,4494757.212849058
4974,31351270.978273638
4975,-10222696.610248903
4976,41708475.75545502
4977,4360377.887736378
4978,52287617.10253788
4979,4388015.351626216
4980,15990009.058837209
4981,19723640.65359991
4982,4222112.00222533
4983,24847782.847937215
4984,3898920.091966301
4985,20383166.572489694
4986,3281194.360520344
4987,13527570.301972216
4988,3279642.3410657113
4989,16055505.85958837
4990,3728588.4737077556
4991,28566054.11377108
4992,1853374.849440731
4993,13057944.710566465
4994,1930621.6897145852
4995,14288585.808438554
4996,-14977961.15048931
4997,22307409.416891135
4998,83473.58325494733
4999,24224587.857302256
5000,-13053380.590968836
5001,13469970.679119116
5002,13866540.677415326
5003,27117099.97467001
5004,14401536.196921647
5005,149322.70465621835
5006,414076.1676713885
5007,18387276.258629788
5008,-1918892.291685454
5009,415137.9071328518
5010,32371184.48888598
5011,-2349047.7464931803
5012,-37437900.62970764
5013,48986734.47482668
5014,-23367083.433562987
5015,14199367.276134055
5016,33456145.314202946
5017,21435114.876365464
5018,43225752.883218564
5019,34743694.93228792
5020,-1786894.7372050106
5021,27053906.566586714
5022,43285549.64133715
5023,28279210.968187332
5024,41017286.7448183
5025,2608524.334562761
5026,24327207.538001504
5027,2058106.7466181633
5028,52491126.0190184
5029,2320363.6899205768
5030,50459048.108171254
5031,1731752.9083417333
5032,32931490.505114425
5033,539882.4405403401
5034,36365516.14003802
5035,4262480.956032207
5036,21738904.81807012
5037,1173130.257173492
5038,1894503.6563642665
5039,35140076.76745017
5040,2193985.5807708562
5041,37244978.15123604
5042,4637435.702239178
5043,20087729.857356455
5044,-28834515.400430333
5045,19654917.36527791
5046,-19911573.80061605
5047,12524388.254745254
5048,11930530.192066614
5049,21183516.68800611
5050,6416.095231679408
5051,410534.1489846464
5052,-14944187.472195555
5053,420442.0493619895
5054,-3635688.9690440944
5055,-22416629.24879167
5056,48472898.882885344
5057,41264167.2615258
5058,3806149.70801477
5059,3526189.483855178
5060,37005454.550613545
5061,27942415.875539728
5062,3719792.8459056327
5063,35311472.070582464
5064,2946635.5736668245
5065,28445903.22510767
5066,2924954.103841304
5067,23359931.729775432
5068,2844464.735267463
5069,15458986.741372803
5070,1838110.2965273843
5071,40663439.4047625
5072,1823390.9843449208
5073,25545153.432629615
5074,-2358104.276189326
5075,21217870.415914875
5076,182350.7955002971
5077,22389955.50255821
5078,-752011.7167649356
5079,24392550.897816442
5080,14173396.175669223
5081,17299744.680595476
5082,-21196926.395584192
5083,16780427.178436745
5084,13868137.118088087
5085,-661149.2383497882
5086,433436.6162093912
5087,20683543.741265856
5088,10050045.153789211
5089,48137252.828981556
5090,962068.820863025
5091,444931.32941704115
5092,9366134.131041136
5093,-20093239.427793212
5094,422224.46047784
5095,39138325.105166495
5096,6753555.782828977
5097,30017575.44390614
5098,4323211.817206196
5099,33425316.267117687
5100,35810772.93611285
5101,54385334.60678283
5102,-18910088.252939746
5103,54875227.13345835
5104,52009364.16661592
5105,-20401528.816518538
5106,32554338.093155243
5107,3676336.855345764
5108,16263144.215300506
5109,35600813.93385823
5110,3524386.3443996967
5111,28983497.45877589
5112,3188430.8607408917
5113,23394353.79552331
5114,2657760.3054971118
5115,31757682.82638359
5116,2622499.186850208
5117,1789572.2000211081
5118,12954210.285843652
5119,1658794.0260710572
5120,21446813.59627579
5121,-2092335.8344271935
5122,24295754.495289125
5123,-168894.1068495089
5124,51785609.21832472
5125,451.8728524619713
5126,17729335.311471734
5127,24225514.278640885
5128,16839063.774992857
5129,15810170.085769922
