Time,Displacement,Force
(s),(mm),(kN)
"0.0000","0.0000","-0.0002"
"0.0200","0.0000","-0.0001"
"0.0400","0.0000","-0.0001"
"0.0600","0.0000","0.0000"
"0.0800","0.0000","-0.0001"
"0.1000","0.0000","-0.0002"
"0.1200","0.0000","-0.0001"
"0.1400","0.0001","-0.0001"
"0.1600","0.0001","0.0000"
"0.1800","0.0001","0.0001"
"0.2000","0.0001","0.0002"
"0.2200","0.0002","0.0002"
"0.2400","0.0002","0.0002"
"0.2600","0.0003","0.0001"
"0.2800","0.0003","0.0002"
"0.3000","0.0004","0.0003"
"0.3200","0.0005","0.0005"
"0.3400","0.0007","0.0007"
"0.3600","0.0008","0.0009"
"0.3800","0.0011","0.0011"
"0.4000","0.0013","0.0015"
"0.4200","0.0016","0.0018"
"0.4400","0.0019","0.0022"
"0.4600","0.0023","0.0026"
"0.4800","0.0028","0.0030"
"0.5000","0.0033","0.0035"
"0.5200","0.0040","0.0041"
"0.5400","0.0047","0.0048"
"0.5600","0.0055","0.0056"
"0.5800","0.0063","0.0063"
"0.6000","0.0072","0.0071"
"0.6200","0.0080","0.0077"
"0.6400","0.0088","0.0084"
"0.6600","0.0096","0.0090"
"0.6800","0.0105","0.0097"
"0.7000","0.0115","0.0106"
"0.7200","0.0127","0.0117"
"0.7400","0.0140","0.0128"
"0.7600","0.0153","0.0140"
"0.7800","0.0168","0.0153"
"0.8000","0.0182","0.0167"
"0.8200","0.0198","0.0182"
"0.8400","0.0215","0.0196"
"0.8600","0.0232","0.0213"
"0.8800","0.0250","0.0229"
"0.9000","0.0268","0.0245"
"0.9200","0.0287","0.0263"
"0.9400","0.0305","0.0281"
"0.9600","0.0324","0.0299"
"0.9800","0.0342","0.0315"
"1.0000","0.0360","0.0333"
"1.0200","0.0379","0.0351"
"1.0400","0.0396","0.0368"
"1.0600","0.0412","0.0383"
"1.0800","0.0428","0.0397"
"1.1000","0.0443","0.0414"
"1.1200","0.0459","0.0433"
"1.1400","0.0476","0.0451"
"1.1600","0.0492","0.0468"
"1.1800","0.0507","0.0485"
"1.2000","0.0522","0.0501"
"1.2200","0.0537","0.0517"
"1.2400","0.0551","0.0534"
"1.2600","0.0565","0.0552"
"1.2800","0.0579","0.0568"
"1.3000","0.0592","0.0583"
"1.3200","0.0604","0.0596"
"1.3400","0.0616","0.0611"
"1.3600","0.0627","0.0626"
"1.3800","0.0638","0.0641"
"1.4000","0.0649","0.0655"
"1.4200","0.0659","0.0670"
"1.4400","0.0670","0.0684"
"1.4600","0.0680","0.0696"
"1.4800","0.0689","0.0708"
"1.5000","0.0698","0.0718"
"1.5200","0.0706","0.0728"
"1.5400","0.0714","0.0739"
"1.5600","0.0721","0.0751"
"1.5800","0.0729","0.0762"
"1.6000","0.0737","0.0774"
"1.6200","0.0744","0.0788"
"1.6400","0.0753","0.0803"
"1.6600","0.0761","0.0818"
"1.6800","0.0769","0.0833"
"1.7000","0.0778","0.0847"
"1.7200","0.0785","0.0858"
"1.7400","0.0792","0.0867"
"1.7600","0.0798","0.0875"
"1.7800","0.0804","0.0885"
"1.8000","0.0811","0.0897"
"1.8200","0.0817","0.0911"
"1.8400","0.0824","0.0925"
"1.8600","0.0830","0.0939"
"1.8800","0.0837","0.0953"
"1.9000","0.0844","0.0967"
"1.9200","0.0850","0.0980"
"1.9400","0.0856","0.0993"
"1.9600","0.0862","0.1003"
"1.9800","0.0867","0.1012"
"2.0000","0.0872","0.1021"
"2.0200","0.0877","0.1028"
"2.0400","0.0881","0.1036"
"2.0600","0.0886","0.1045"
"2.0800","0.0889","0.1053"
"2.1000","0.0893","0.1059"
"2.1200","0.0897","0.1066"
"2.1400","0.0900","0.1074"
"2.1600","0.0904","0.1084"
"2.1800","0.0909","0.1094"
"2.2000","0.0913","0.1106"
"2.2200","0.0918","0.1121"
"2.2400","0.0923","0.1135"
"2.2600","0.0928","0.1146"
"2.2800","0.0933","0.1156"
"2.3000","0.0937","0.1166"
"2.3200","0.0940","0.1176"
"2.3400","0.0944","0.1185"
"2.3600","0.0948","0.1195"
"2.3800","0.0952","0.1203"
"2.4000","0.0955","0.1210"
"2.4200","0.0958","0.1217"
"2.4400","0.0961","0.1222"
"2.4600","0.0964","0.1227"
"2.4800","0.0968","0.1234"
"2.5000","0.0971","0.1242"
"2.5200","0.0974","0.1252"
"2.5400","0.0977","0.1261"
"2.5600","0.0981","0.1271"
"2.5800","0.0984","0.1280"
"2.6000","0.0987","0.1289"
"2.6200","0.0990","0.1297"
"2.6400","0.0993","0.1305"
"2.6600","0.0996","0.1312"
"2.6800","0.0999","0.1319"
"2.7000","0.1002","0.1327"
"2.7200","0.1006","0.1338"
"2.7400","0.1009","0.1349"
"2.7600","0.1013","0.1361"
"2.7800","0.1016","0.1372"
"2.8000","0.1020","0.1385"
"2.8200","0.1023","0.1395"
"2.8400","0.1026","0.1404"
"2.8600","0.1029","0.1409"
"2.8800","0.1031","0.1415"
"2.9000","0.1034","0.1421"
"2.9200","0.1037","0.1427"
"2.9400","0.1040","0.1435"
"2.9600","0.1043","0.1443"
"2.9800","0.1046","0.1453"
"3.0000","0.1049","0.1464"
"3.0200","0.1052","0.1475"
"3.0400","0.1055","0.1485"
"3.0600","0.1058","0.1495"
"3.0800","0.1061","0.1506"
"3.1000","0.1064","0.1518"
"3.1200","0.1067","0.1528"
"3.1400","0.1071","0.1540"
"3.1600","0.1074","0.1553"
"3.1800","0.1078","0.1566"
"3.2000","0.1082","0.1579"
"3.2200","0.1086","0.1592"
"3.2400","0.1089","0.1604"
"3.2600","0.1093","0.1614"
"3.2800","0.1096","0.1624"
"3.3000","0.1099","0.1635"
"3.3200","0.1102","0.1644"
"3.3400","0.1105","0.1654"
"3.3600","0.1108","0.1665"
"3.3800","0.1111","0.1677"
"3.4000","0.1114","0.1687"
"3.4200","0.1118","0.1697"
"3.4400","0.1121","0.1707"
"3.4600","0.1124","0.1717"
"3.4800","0.1127","0.1726"
"3.5000","0.1130","0.1734"
"3.5200","0.1132","0.1741"
"3.5400","0.1135","0.1749"
"3.5600","0.1137","0.1757"
"3.5800","0.1140","0.1766"
"3.6000","0.1142","0.1775"
"3.6200","0.1145","0.1785"
"3.6400","0.1148","0.1794"
"3.6600","0.1151","0.1805"
"3.6800","0.1154","0.1817"
"3.7000","0.1157","0.1829"
"3.7200","0.1160","0.1841"
"3.7400","0.1163","0.1853"
"3.7600","0.1166","0.1865"
"3.7800","0.1169","0.1879"
"3.8000","0.1172","0.1890"
"3.8200","0.1175","0.1902"
"3.8400","0.1178","0.1912"
"3.8600","0.1181","0.1921"
"3.8800","0.1184","0.1931"
"3.9000","0.1187","0.1938"
"3.9200","0.1189","0.1945"
"3.9400","0.1192","0.1952"
"3.9600","0.1194","0.1959"
"3.9800","0.1197","0.1966"
"4.0000","0.1199","0.1975"
"4.0200","0.1201","0.1983"
"4.0400","0.1204","0.1992"
"4.0600","0.1206","0.2001"
"4.0800","0.1208","0.2010"
"4.1000","0.1211","0.2019"
"4.1200","0.1213","0.2029"
"4.1400","0.1216","0.2039"
"4.1600","0.1219","0.2049"
"4.1800","0.1222","0.2060"
"4.2000","0.1224","0.2071"
"4.2200","0.1227","0.2083"
"4.2400","0.1229","0.2093"
"4.2600","0.1232","0.2102"
"4.2800","0.1234","0.2111"
"4.3000","0.1237","0.2122"
"4.3200","0.1240","0.2135"
"4.3400","0.1242","0.2148"
"4.3600","0.1245","0.2161"
"4.3800","0.1249","0.2174"
"4.4000","0.1252","0.2188"
"4.4200","0.1255","0.2201"
"4.4400","0.1258","0.2214"
"4.4600","0.1261","0.2225"
"4.4800","0.1264","0.2236"
"4.5000","0.1266","0.2247"
"4.5200","0.1269","0.2259"
"4.5400","0.1272","0.2271"
"4.5600","0.1274","0.2280"
"4.5800","0.1277","0.2288"
"4.6000","0.1279","0.2296"
"4.6200","0.1282","0.2305"
"4.6400","0.1284","0.2312"
"4.6600","0.1287","0.2320"
"4.6800","0.1289","0.2327"
"4.7000","0.1291","0.2335"
"4.7200","0.1293","0.2343"
"4.7400","0.1295","0.2349"
"4.7600","0.1297","0.2357"
"4.7800","0.1299","0.2365"
"4.8000","0.1301","0.2373"
"4.8200","0.1303","0.2381"
"4.8400","0.1306","0.2391"
"4.8600","0.1308","0.2400"
"4.8800","0.1311","0.2411"
"4.9000","0.1313","0.2423"
"4.9200","0.1316","0.2435"
"4.9400","0.1318","0.2447"
"4.9600","0.1321","0.2460"
"4.9800","0.1323","0.2472"
"5.0000","0.1326","0.2482"
"5.0200","0.1328","0.2490"
"5.0400","0.1330","0.2499"
"5.0600","0.1332","0.2507"
"5.0800","0.1335","0.2516"
"5.1000","0.1337","0.2525"
"5.1200","0.1339","0.2535"
"5.1400","0.1342","0.2546"
"5.1600","0.1344","0.2559"
"5.1800","0.1347","0.2573"
"5.2000","0.1350","0.2587"
"5.2200","0.1352","0.2599"
"5.2400","0.1355","0.2610"
"5.2600","0.1357","0.2621"
"5.2800","0.1360","0.2633"
"5.3000","0.1362","0.2643"
"5.3200","0.1365","0.2652"
"5.3400","0.1367","0.2663"
"5.3600","0.1370","0.2674"
"5.3800","0.1372","0.2685"
"5.4000","0.1375","0.2695"
"5.4200","0.1377","0.2706"
"5.4400","0.1380","0.2718"
"5.4600","0.1382","0.2730"
"5.4800","0.1384","0.2741"
"5.5000","0.1387","0.2750"
"5.5200","0.1389","0.2759"
"5.5400","0.1391","0.2768"
"5.5600","0.1393","0.2775"
"5.5800","0.1395","0.2782"
"5.6000","0.1397","0.2790"
"5.6200","0.1400","0.2797"
"5.6400","0.1402","0.2807"
"5.6600","0.1404","0.2817"
"5.6800","0.1406","0.2827"
"5.7000","0.1408","0.2838"
"5.7200","0.1411","0.2850"
"5.7400","0.1413","0.2860"
"5.7600","0.1415","0.2870"
"5.7800","0.1417","0.2881"
"5.8000","0.1420","0.2892"
"5.8200","0.1422","0.2902"
"5.8400","0.1424","0.2913"
"5.8600","0.1427","0.2922"
"5.8800","0.1429","0.2930"
"5.9000","0.1431","0.2939"
"5.9200","0.1433","0.2948"
"5.9400","0.1435","0.2958"
"5.9600","0.1437","0.2968"
"5.9800","0.1439","0.2978"
"6.0000","0.1442","0.2989"
"6.0200","0.1444","0.3002"
"6.0400","0.1446","0.3013"
"6.0600","0.1448","0.3023"
"6.0800","0.1451","0.3035"
"6.1000","0.1453","0.3046"
"6.1200","0.1456","0.3057"
"6.1400","0.1458","0.3068"
"6.1600","0.1460","0.3080"
"6.1800","0.1462","0.3090"
"6.2000","0.1465","0.3100"
"6.2200","0.1467","0.3111"
"6.2400","0.1469","0.3123"
"6.2600","0.1471","0.3133"
"6.2800","0.1474","0.3144"
"6.3000","0.1476","0.3154"
"6.3200","0.1478","0.3164"
"6.3400","0.1480","0.3173"
"6.3600","0.1483","0.3182"
"6.3800","0.1485","0.3191"
"6.4000","0.1487","0.3201"
"6.4200","0.1489","0.3209"
"6.4400","0.1491","0.3215"
"6.4600","0.1492","0.3221"
"6.4800","0.1494","0.3227"
"6.5000","0.1496","0.3234"
"6.5200","0.1497","0.3241"
"6.5400","0.1499","0.3247"
"6.5600","0.1501","0.3253"
"6.5800","0.1503","0.3259"
"6.6000","0.1505","0.3267"
"6.6200","0.1507","0.3277"
"6.6400","0.1509","0.3288"
"6.6600","0.1511","0.3299"
"6.6800","0.1513","0.3312"
"6.7000","0.1515","0.3324"
"6.7200","0.1517","0.3336"
"6.7400","0.1519","0.3347"
"6.7600","0.1521","0.3358"
"6.7800","0.1523","0.3369"
"6.8000","0.1525","0.3379"
"6.8200","0.1528","0.3387"
"6.8400","0.1530","0.3395"
"6.8600","0.1532","0.3404"
"6.8800","0.1534","0.3414"
"6.9000","0.1536","0.3424"
"6.9200","0.1538","0.3435"
"6.9400","0.1540","0.3445"
"6.9600","0.1542","0.3457"
"6.9800","0.1544","0.3471"
"7.0000","0.1546","0.3484"
"7.0200","0.1549","0.3496"
"7.0400","0.1551","0.3508"
"7.0600","0.1554","0.3521"
"7.0800","0.1556","0.3533"
"7.1000","0.1558","0.3544"
"7.1200","0.1560","0.3553"
"7.1400","0.1563","0.3564"
"7.1600","0.1565","0.3575"
"7.1800","0.1567","0.3585"
"7.2000","0.1569","0.3594"
"7.2200","0.1571","0.3604"
"7.2400","0.1573","0.3614"
"7.2600","0.1575","0.3623"
"7.2800","0.1577","0.3631"
"7.3000","0.1579","0.3638"
"7.3200","0.1581","0.3645"
"7.3400","0.1583","0.3655"
"7.3600","0.1585","0.3663"
"7.3800","0.1587","0.3669"
"7.4000","0.1589","0.3676"
"7.4200","0.1590","0.3682"
"7.4400","0.1592","0.3689"
"7.4600","0.1593","0.3695"
"7.4800","0.1595","0.3700"
"7.5000","0.1597","0.3705"
"7.5200","0.1598","0.3713"
"7.5400","0.1600","0.3720"
"7.5600","0.1602","0.3727"
"7.5800","0.1603","0.3736"
"7.6000","0.1605","0.3747"
"7.6200","0.1607","0.3758"
"7.6400","0.1609","0.3769"
"7.6600","0.1611","0.3780"
"7.6800","0.1613","0.3791"
"7.7000","0.1615","0.3803"
"7.7200","0.1617","0.3816"
"7.7400","0.1619","0.3828"
"7.7600","0.1622","0.3839"
"7.7800","0.1624","0.3853"
"7.8000","0.1626","0.3865"
"7.8200","0.1628","0.3877"
"7.8400","0.1631","0.3887"
"7.8600","0.1633","0.3898"
"7.8800","0.1635","0.3910"
"7.9000","0.1637","0.3923"
"7.9200","0.1639","0.3936"
"7.9400","0.1642","0.3949"
"7.9600","0.1644","0.3962"
"7.9800","0.1647","0.3977"
"8.0000","0.1649","0.3991"
"8.0140","0.1651","0.4000"
"8.0150","0.1651","0.4001"
"8.0160","0.1651","0.4002"
"8.0360","0.1653","0.4013"
"8.0560","0.1655","0.4017"
"8.0760","0.1656","0.4010"
"8.0960","0.1657","0.3998"
"8.1160","0.1657","0.3985"
"8.1360","0.1657","0.3972"
"8.1560","0.1657","0.3960"
"8.1760","0.1657","0.3950"
"8.1960","0.1657","0.3940"
"8.2160","0.1657","0.3930"
"8.2360","0.1657","0.3920"
"8.2560","0.1657","0.3909"
"8.2760","0.1657","0.3900"
"8.2960","0.1657","0.3892"
"8.3160","0.1656","0.3884"
"8.3360","0.1656","0.3877"
"8.3560","0.1656","0.3870"
"8.3760","0.1656","0.3866"
"8.3960","0.1656","0.3863"
"8.4160","0.1656","0.3857"
"8.4360","0.1656","0.3850"
"8.4560","0.1656","0.3844"
"8.4760","0.1656","0.3838"
"8.4960","0.1656","0.3832"
"8.5160","0.1656","0.3826"
"8.5360","0.1656","0.3819"
"8.5560","0.1656","0.3814"
"8.5760","0.1656","0.3811"
"8.5960","0.1656","0.3807"
"8.6160","0.1656","0.3803"
"8.6360","0.1656","0.3800"
"8.6560","0.1656","0.3797"
"8.6760","0.1656","0.3793"
"8.6960","0.1656","0.3788"
"8.7160","0.1656","0.3782"
"8.7360","0.1656","0.3777"
"8.7560","0.1656","0.3773"
"8.7760","0.1656","0.3768"
"8.7960","0.1655","0.3765"
"8.8160","0.1655","0.3761"
"8.8360","0.1655","0.3759"
"8.8560","0.1655","0.3757"
"8.8760","0.1655","0.3755"
"8.8960","0.1655","0.3751"
"8.9160","0.1655","0.3748"
"8.9360","0.1655","0.3745"
"8.9560","0.1655","0.3741"
"8.9760","0.1655","0.3737"
"8.9960","0.1655","0.3732"
"9.0160","0.1655","0.3728"
"9.0360","0.1655","0.3726"
"9.0560","0.1655","0.3724"
"9.0760","0.1655","0.3721"
"9.0960","0.1655","0.3718"
"9.1160","0.1655","0.3716"
"9.1360","0.1655","0.3714"
"9.1560","0.1655","0.3712"
"9.1760","0.1655","0.3709"
"9.1960","0.1655","0.3706"
"9.2160","0.1655","0.3702"
"9.2360","0.1655","0.3699"
"9.2560","0.1655","0.3696"
"9.2760","0.1655","0.3693"
"9.2960","0.1655","0.3690"
"9.3160","0.1655","0.3688"
"9.3360","0.1655","0.3686"
"9.3560","0.1655","0.3685"
"9.3760","0.1655","0.3684"
"9.3960","0.1654","0.3681"
"9.4160","0.1654","0.3679"
"9.4360","0.1654","0.3676"
"9.4560","0.1654","0.3673"
"9.4760","0.1654","0.3670"
"9.4960","0.1654","0.3667"
"9.5160","0.1654","0.3665"
"9.5360","0.1654","0.3663"
"9.5560","0.1654","0.3661"
"9.5760","0.1654","0.3659"
"9.5960","0.1654","0.3658"
"9.6160","0.1654","0.3658"
"9.6360","0.1654","0.3657"
"9.6560","0.1654","0.3654"
"9.6760","0.1654","0.3652"
"9.6960","0.1654","0.3648"
"9.7160","0.1654","0.3645"
"9.7360","0.1654","0.3643"
"9.7560","0.1654","0.3641"
"9.7760","0.1654","0.3639"
"9.7960","0.1654","0.3637"
"9.8160","0.1654","0.3636"
"9.8360","0.1654","0.3634"
"9.8560","0.1654","0.3634"
"9.8760","0.1654","0.3633"
"9.8960","0.1654","0.3632"
"9.9160","0.1654","0.3629"
"9.9360","0.1654","0.3627"
"9.9560","0.1654","0.3624"
"9.9760","0.1654","0.3620"
"9.9960","0.1654","0.3618"
"10.0160","0.1654","0.3616"
"10.0360","0.1654","0.3615"
"10.0560","0.1654","0.3616"
"10.0760","0.1654","0.3616"
"10.0960","0.1654","0.3614"
"10.1160","0.1654","0.3612"
"10.1360","0.1654","0.3610"
"10.1560","0.1654","0.3608"
"10.1760","0.1654","0.3606"
"10.1960","0.1654","0.3603"
"10.2160","0.1654","0.3600"
"10.2360","0.1654","0.3599"
"10.2560","0.1654","0.3599"
"10.2760","0.1654","0.3598"
"10.2960","0.1654","0.3597"
"10.3160","0.1654","0.3596"
"10.3360","0.1654","0.3595"
"10.3560","0.1654","0.3593"
"10.3760","0.1654","0.3592"
"10.3960","0.1654","0.3590"
"10.4160","0.1654","0.3588"
"10.4360","0.1654","0.3586"
"10.4560","0.1654","0.3584"
"10.4760","0.1654","0.3582"
"10.4960","0.1654","0.3581"
"10.5160","0.1654","0.3580"
"10.5360","0.1654","0.3579"
"10.5560","0.1654","0.3578"
"10.5760","0.1654","0.3577"
"10.5960","0.1654","0.3575"
"10.6160","0.1654","0.3575"
"10.6360","0.1654","0.3574"
"10.6560","0.1654","0.3572"
"10.6760","0.1654","0.3571"
"10.6960","0.1654","0.3568"
"10.7160","0.1654","0.3565"
"10.7360","0.1654","0.3565"
"10.7560","0.1654","0.3564"
"10.7760","0.1654","0.3563"
"10.7960","0.1654","0.3561"
"10.8160","0.1654","0.3562"
"10.8360","0.1654","0.3561"
"10.8560","0.1654","0.3560"
"10.8760","0.1654","0.3559"
"10.8960","0.1654","0.3557"
"10.9160","0.1654","0.3555"
"10.9360","0.1654","0.3553"
"10.9560","0.1654","0.3552"
"10.9760","0.1654","0.3550"
"10.9960","0.1654","0.3550"
"11.0160","0.1654","0.3549"
"11.0360","0.1654","0.3549"
"11.0560","0.1654","0.3548"
"11.0760","0.1654","0.3547"
"11.0960","0.1654","0.3546"
"11.1160","0.1654","0.3545"
"11.1360","0.1654","0.3543"
"11.1560","0.1654","0.3541"
"11.1760","0.1654","0.3539"
"11.1960","0.1654","0.3538"
"11.2160","0.1654","0.3537"
"11.2360","0.1654","0.3536"
"11.2560","0.1654","0.3535"
"11.2760","0.1654","0.3535"
"11.2960","0.1654","0.3535"
"11.3160","0.1654","0.3534"
"11.3360","0.1654","0.3533"
"11.3560","0.1654","0.3532"
"11.3760","0.1654","0.3530"
"11.3960","0.1654","0.3527"
"11.4160","0.1654","0.3525"
"11.4360","0.1654","0.3523"
"11.4560","0.1654","0.3523"
"11.4760","0.1654","0.3523"
"11.4960","0.1654","0.3523"
"11.5160","0.1654","0.3523"
"11.5360","0.1654","0.3522"
"11.5560","0.1654","0.3522"
"11.5760","0.1654","0.3521"
"11.5960","0.1654","0.3520"
"11.6160","0.1654","0.3518"
"11.6360","0.1654","0.3516"
"11.6560","0.1654","0.3514"
"11.6760","0.1654","0.3512"
"11.6960","0.1654","0.3512"
"11.7160","0.1654","0.3512"
"11.7360","0.1654","0.3511"
"11.7560","0.1654","0.3511"
"11.7760","0.1654","0.3511"
"11.7960","0.1654","0.3510"
"11.8160","0.1654","0.3509"
"11.8360","0.1654","0.3508"
"11.8560","0.1654","0.3507"
"11.8760","0.1654","0.3506"
"11.8960","0.1654","0.3504"
"11.9160","0.1654","0.3503"
"11.9360","0.1654","0.3501"
"11.9560","0.1654","0.3500"
"11.9760","0.1654","0.3500"
"11.9960","0.1654","0.3500"
"12.0160","0.1654","0.3499"
"12.0360","0.1654","0.3499"
"12.0560","0.1654","0.3498"
"12.0760","0.1654","0.3496"
"12.0960","0.1654","0.3495"
"12.1160","0.1654","0.3494"
"12.1360","0.1654","0.3492"
"12.1560","0.1654","0.3492"
"12.1760","0.1654","0.3491"
"12.1960","0.1654","0.3490"
"12.2160","0.1654","0.3489"
"12.2360","0.1654","0.3489"
"12.2560","0.1654","0.3488"
"12.2760","0.1654","0.3488"
"12.2960","0.1654","0.3488"
"12.3160","0.1654","0.3487"
"12.3360","0.1654","0.3485"
"12.3560","0.1654","0.3483"
"12.3760","0.1654","0.3482"
"12.3960","0.1654","0.3482"
"12.4160","0.1654","0.3481"
"12.4360","0.1654","0.3480"
"12.4560","0.1654","0.3478"
"12.4760","0.1654","0.3478"
"12.4960","0.1654","0.3478"
"12.5160","0.1654","0.3478"
"12.5360","0.1654","0.3477"
"12.5560","0.1654","0.3477"
"12.5760","0.1654","0.3475"
"12.5960","0.1654","0.3474"
"12.6160","0.1654","0.3472"
"12.6360","0.1654","0.3471"
"12.6560","0.1654","0.3471"
"12.6760","0.1654","0.3470"
"12.6960","0.1654","0.3469"
"12.7160","0.1654","0.3470"
"12.7360","0.1654","0.3469"
"12.7560","0.1654","0.3469"
"12.7760","0.1654","0.3468"
"12.7960","0.1654","0.3467"
"12.8160","0.1654","0.3466"
"12.8360","0.1654","0.3464"
"12.8560","0.1654","0.3463"
"12.8760","0.1654","0.3463"
"12.8960","0.1654","0.3461"
"12.9160","0.1654","0.3460"
"12.9360","0.1654","0.3461"
"12.9560","0.1654","0.3460"
"12.9760","0.1654","0.3460"
"12.9960","0.1654","0.3459"
"13.0160","0.1654","0.3458"
"13.0360","0.1654","0.3457"
"13.0560","0.1654","0.3457"
"13.0760","0.1654","0.3456"
"13.0960","0.1654","0.3454"
"13.1160","0.1654","0.3453"
"13.1360","0.1654","0.3453"
"13.1560","0.1654","0.3453"
"13.1760","0.1654","0.3452"
"13.1960","0.1654","0.3451"
"13.2160","0.1654","0.3450"
"13.2360","0.1654","0.3450"
"13.2560","0.1654","0.3451"
"13.2760","0.1654","0.3450"
"13.2960","0.1654","0.3448"
"13.3160","0.1654","0.3447"
"13.3360","0.1654","0.3446"
"13.3560","0.1654","0.3444"
"13.3760","0.1654","0.3443"
"13.3960","0.1654","0.3443"
"13.4160","0.1654","0.3444"
"13.4360","0.1654","0.3444"
"13.4560","0.1654","0.3443"
"13.4760","0.1654","0.3442"
"13.4960","0.1654","0.3440"
"13.5160","0.1654","0.3440"
"13.5360","0.1654","0.3439"
"13.5560","0.1654","0.3438"
"13.5760","0.1654","0.3437"
"13.5960","0.1654","0.3436"
"13.6160","0.1654","0.3435"
"13.6360","0.1654","0.3435"
"13.6560","0.1654","0.3435"
"13.6760","0.1654","0.3435"
"13.6960","0.1654","0.3435"
"13.7160","0.1654","0.3434"
"13.7360","0.1654","0.3433"
"13.7560","0.1654","0.3431"
"13.7760","0.1654","0.3431"
"13.7960","0.1654","0.3431"
"13.8160","0.1654","0.3430"
"13.8360","0.1654","0.3429"
"13.8560","0.1654","0.3428"
"13.8760","0.1654","0.3427"
"13.8960","0.1654","0.3426"
"13.9160","0.1654","0.3426"
"13.9360","0.1654","0.3425"
"13.9560","0.1654","0.3425"
"13.9760","0.1654","0.3425"
"13.9960","0.1654","0.3425"
"14.0160","0.1654","0.3423"
"14.0360","0.1654","0.3422"
"14.0560","0.1654","0.3421"
"14.0760","0.1654","0.3421"
"14.0960","0.1654","0.3420"
"14.1160","0.1654","0.3420"
"14.1360","0.1654","0.3420"
"14.1560","0.1654","0.3419"
"14.1760","0.1654","0.3419"
"14.1960","0.1654","0.3418"
"14.2160","0.1654","0.3417"
"14.2360","0.1654","0.3417"
"14.2560","0.1654","0.3416"
"14.2760","0.1654","0.3415"
"14.2960","0.1654","0.3415"
"14.3160","0.1654","0.3413"
"14.3360","0.1654","0.3413"
"14.3560","0.1654","0.3412"
"14.3760","0.1654","0.3412"
"14.3960","0.1654","0.3412"
"14.4160","0.1654","0.3412"
"14.4360","0.1654","0.3412"
"14.4560","0.1654","0.3411"
"14.4760","0.1654","0.3410"
"14.4960","0.1654","0.3408"
"14.5160","0.1654","0.3408"
"14.5360","0.1654","0.3406"
"14.5560","0.1654","0.3406"
"14.5760","0.1654","0.3406"
"14.5960","0.1654","0.3406"
"14.6160","0.1654","0.3406"
"14.6360","0.1654","0.3405"
"14.6560","0.1654","0.3405"
"14.6760","0.1654","0.3405"
"14.6960","0.1654","0.3404"
"14.7160","0.1654","0.3404"
"14.7360","0.1654","0.3402"
"14.7560","0.1654","0.3401"
"14.7760","0.1654","0.3399"
"14.7960","0.1654","0.3399"
"14.8160","0.1654","0.3398"
"14.8360","0.1654","0.3399"
"14.8560","0.1654","0.3399"
"14.8760","0.1654","0.3398"
"14.8960","0.1654","0.3398"
"14.9160","0.1654","0.3397"
"14.9360","0.1654","0.3396"
"14.9560","0.1654","0.3396"
"14.9760","0.1654","0.3395"
"14.9960","0.1654","0.3394"
"15.0160","0.1654","0.3393"
"15.0360","0.1654","0.3392"
"15.0560","0.1654","0.3392"
"15.0760","0.1654","0.3392"
"15.0960","0.1654","0.3392"
"15.1160","0.1654","0.3392"
"15.1360","0.1654","0.3391"
"15.1560","0.1654","0.3390"
"15.1760","0.1654","0.3390"
"15.1960","0.1654","0.3389"
"15.2160","0.1654","0.3389"
"15.2360","0.1654","0.3387"
"15.2560","0.1654","0.3386"
"15.2760","0.1654","0.3386"
"15.2960","0.1654","0.3386"
"15.3160","0.1654","0.3385"
"15.3360","0.1654","0.3385"
"15.3560","0.1654","0.3384"
"15.3760","0.1654","0.3384"
"15.3960","0.1654","0.3385"
"15.4160","0.1654","0.3384"
"15.4360","0.1654","0.3383"
"15.4560","0.1654","0.3383"
"15.4760","0.1654","0.3382"
"15.4960","0.1654","0.3380"
"15.5160","0.1654","0.3380"
"15.5360","0.1654","0.3380"
"15.5560","0.1654","0.3379"
"15.5760","0.1654","0.3378"
"15.5960","0.1654","0.3378"
"15.6160","0.1654","0.3379"
"15.6360","0.1654","0.3379"
"15.6560","0.1654","0.3378"
"15.6760","0.1654","0.3379"
"15.6960","0.1654","0.3377"
"15.7160","0.1654","0.3375"
"15.7360","0.1654","0.3374"
"15.7560","0.1654","0.3374"
"15.7760","0.1654","0.3373"
"15.7960","0.1654","0.3372"
"15.8160","0.1654","0.3371"
"15.8360","0.1654","0.3371"
"15.8560","0.1654","0.3372"
"15.8760","0.1654","0.3372"
"15.8960","0.1654","0.3371"
"15.9160","0.1654","0.3371"
"15.9360","0.1654","0.3370"
"15.9560","0.1654","0.3370"
"15.9760","0.1654","0.3369"
"15.9960","0.1654","0.3367"
"16.0160","0.1654","0.3366"
"16.0360","0.1654","0.3366"
"16.0560","0.1654","0.3366"
"16.0760","0.1654","0.3366"
"16.0960","0.1654","0.3365"
"16.1160","0.1654","0.3365"
"16.1360","0.1654","0.3365"
"16.1560","0.1654","0.3365"
"16.1760","0.1654","0.3364"
"16.1960","0.1654","0.3363"
"16.2160","0.1654","0.3363"
"16.2360","0.1654","0.3362"
"16.2560","0.1654","0.3361"
"16.2760","0.1654","0.3360"
"16.2960","0.1654","0.3360"
"16.3160","0.1654","0.3360"
"16.3360","0.1654","0.3361"
"16.3560","0.1654","0.3361"
"16.3760","0.1654","0.3361"
"16.3960","0.1654","0.3360"
"16.4160","0.1654","0.3358"
"16.4360","0.1654","0.3358"
"16.4560","0.1654","0.3357"
"16.4760","0.1654","0.3356"
"16.4960","0.1654","0.3355"
"16.5160","0.1654","0.3355"
"16.5360","0.1654","0.3355"
"16.5560","0.1654","0.3355"
"16.5760","0.1654","0.3355"
"16.5960","0.1654","0.3355"
"16.6160","0.1654","0.3355"
"16.6360","0.1654","0.3353"
"16.6560","0.1654","0.3352"
"16.6760","0.1654","0.3351"
"16.6960","0.1654","0.3351"
"16.7160","0.1654","0.3350"
"16.7360","0.1654","0.3350"
"16.7560","0.1654","0.3349"
"16.7760","0.1654","0.3349"
"16.7960","0.1654","0.3349"
"16.8160","0.1654","0.3349"
"16.8360","0.1654","0.3349"
"16.8560","0.1654","0.3349"
"16.8760","0.1654","0.3348"
"16.8960","0.1654","0.3347"
"16.9160","0.1654","0.3346"
"16.9360","0.1654","0.3346"
"16.9560","0.1654","0.3345"
"16.9760","0.1654","0.3346"
"16.9960","0.1654","0.3346"
"17.0160","0.1654","0.3345"
"17.0360","0.1654","0.3344"
"17.0560","0.1654","0.3344"
"17.0760","0.1654","0.3343"
"17.0960","0.1654","0.3343"
"17.1160","0.1654","0.3343"
"17.1360","0.1654","0.3342"
"17.1560","0.1654","0.3341"
"17.1760","0.1654","0.3340"
"17.1960","0.1654","0.3341"
"17.2160","0.1654","0.3340"
"17.2360","0.1654","0.3338"
"17.2560","0.1654","0.3339"
"17.2760","0.1654","0.3339"
"17.2960","0.1654","0.3339"
"17.3160","0.1654","0.3338"
"17.3360","0.1654","0.3337"
"17.3560","0.1654","0.3337"
"17.3760","0.1654","0.3337"
"17.3960","0.1654","0.3336"
"17.4160","0.1654","0.3335"
"17.4360","0.1654","0.3335"
"17.4560","0.1654","0.3334"
"17.4760","0.1654","0.3334"
"17.4960","0.1654","0.3334"
"17.5160","0.1654","0.3333"
"17.5360","0.1654","0.3335"
"17.5560","0.1654","0.3334"
"17.5760","0.1654","0.3334"
"17.5960","0.1654","0.3333"
"17.6160","0.1654","0.3332"
"17.6360","0.1654","0.3331"
"17.6560","0.1654","0.3330"
"17.6760","0.1654","0.3330"
"17.6960","0.1654","0.3330"
"17.7160","0.1654","0.3330"
"17.7360","0.1654","0.3328"
"17.7560","0.1654","0.3328"
"17.7760","0.1654","0.3328"
"17.7960","0.1654","0.3328"
"17.8160","0.1654","0.3328"
"17.8360","0.1654","0.3328"
"17.8560","0.1654","0.3326"
"17.8760","0.1654","0.3326"
"17.8960","0.1654","0.3326"
"17.9160","0.1654","0.3325"
"17.9360","0.1654","0.3325"
"17.9560","0.1654","0.3324"
"17.9760","0.1654","0.3324"
"17.9960","0.1654","0.3324"
"18.0160","0.1654","0.3323"
"18.0360","0.1654","0.3323"
"18.0560","0.1654","0.3323"
"18.0760","0.1654","0.3322"
"18.0960","0.1654","0.3322"
"18.1160","0.1654","0.3321"
"18.1360","0.1654","0.3321"
"18.1560","0.1654","0.3321"
"18.1760","0.1654","0.3321"
"18.1960","0.1654","0.3319"
"18.2160","0.1654","0.3319"
"18.2360","0.1654","0.3319"
"18.2560","0.1654","0.3319"
"18.2760","0.1654","0.3318"
"18.2960","0.1654","0.3319"
"18.3160","0.1654","0.3319"
"18.3360","0.1654","0.3318"
"18.3560","0.1654","0.3317"
"18.3760","0.1654","0.3317"
"18.3960","0.1654","0.3316"
"18.4160","0.1654","0.3316"
"18.4360","0.1654","0.3316"
"18.4560","0.1654","0.3315"
"18.4760","0.1654","0.3315"
"18.4960","0.1654","0.3314"
"18.5160","0.1654","0.3314"
"18.5360","0.1654","0.3314"
"18.5560","0.1654","0.3314"
"18.5760","0.1654","0.3314"
"18.5960","0.1654","0.3313"
"18.6160","0.1654","0.3312"
"18.6360","0.1654","0.3311"
"18.6560","0.1654","0.3310"
"18.6760","0.1654","0.3310"
"18.6960","0.1654","0.3310"
"18.7160","0.1654","0.3311"
"18.7360","0.1654","0.3310"
"18.7560","0.1654","0.3310"
"18.7760","0.1654","0.3310"
"18.7960","0.1654","0.3309"
"18.8160","0.1654","0.3308"
"18.8360","0.1654","0.3308"
"18.8560","0.1654","0.3308"
"18.8760","0.1654","0.3307"
"18.8960","0.1654","0.3307"
"18.9160","0.1654","0.3306"
"18.9360","0.1654","0.3307"
"18.9560","0.1654","0.3306"
"18.9760","0.1654","0.3305"
"18.9960","0.1654","0.3305"
"19.0160","0.1654","0.3305"
"19.0360","0.1654","0.3304"
"19.0560","0.1654","0.3304"
"19.0760","0.1654","0.3304"
"19.0960","0.1654","0.3303"
"19.1160","0.1654","0.3303"
"19.1360","0.1654","0.3303"
"19.1560","0.1654","0.3302"
"19.1760","0.1654","0.3302"
"19.1960","0.1654","0.3302"
"19.2160","0.1654","0.3301"
"19.2360","0.1654","0.3301"
"19.2560","0.1654","0.3301"
"19.2760","0.1654","0.3301"
"19.2960","0.1654","0.3300"
"19.3160","0.1654","0.3299"
"19.3360","0.1654","0.3298"
"19.3560","0.1654","0.3299"
"19.3760","0.1654","0.3298"
"19.3960","0.1654","0.3297"
"19.4160","0.1654","0.3297"
"19.4360","0.1654","0.3297"
"19.4560","0.1654","0.3297"
"19.4760","0.1654","0.3296"
"19.4960","0.1654","0.3297"
"19.5160","0.1654","0.3296"
"19.5360","0.1654","0.3296"
"19.5560","0.1654","0.3296"
"19.5760","0.1654","0.3295"
"19.5960","0.1654","0.3295"
"19.6160","0.1654","0.3294"
"19.6360","0.1654","0.3294"
"19.6560","0.1654","0.3293"
"19.6760","0.1654","0.3293"
"19.6960","0.1654","0.3293"
"19.7160","0.1654","0.3293"
"19.7360","0.1654","0.3292"
"19.7560","0.1654","0.3292"
"19.7760","0.1654","0.3292"
"19.7960","0.1654","0.3291"
"19.8160","0.1654","0.3291"
"19.8360","0.1654","0.3289"
"19.8560","0.1654","0.3288"
"19.8760","0.1654","0.3289"
"19.8960","0.1654","0.3289"
"19.9160","0.1654","0.3289"
"19.9360","0.1654","0.3289"
"19.9560","0.1654","0.3289"
"19.9760","0.1654","0.3289"
"19.9960","0.1654","0.3288"
"20.0160","0.1654","0.3287"
"20.0360","0.1654","0.3287"
"20.0560","0.1654","0.3286"
"20.0760","0.1654","0.3285"
"20.0960","0.1654","0.3284"
"20.1160","0.1654","0.3284"
"20.1360","0.1654","0.3285"
"20.1560","0.1654","0.3285"
"20.1760","0.1654","0.3286"
"20.1960","0.1654","0.3285"
"20.2160","0.1654","0.3285"
"20.2360","0.1654","0.3284"
"20.2560","0.1654","0.3283"
"20.2760","0.1654","0.3283"
"20.2960","0.1654","0.3282"
"20.3160","0.1654","0.3282"
"20.3360","0.1654","0.3282"
"20.3560","0.1654","0.3281"
"20.3760","0.1654","0.3281"
"20.3960","0.1654","0.3281"
"20.4160","0.1654","0.3280"
"20.4360","0.1654","0.3280"
"20.4560","0.1654","0.3280"
"20.4760","0.1654","0.3279"
"20.4960","0.1654","0.3279"
"20.5160","0.1654","0.3279"
"20.5360","0.1654","0.3278"
"20.5560","0.1654","0.3278"
"20.5760","0.1654","0.3278"
"20.5960","0.1654","0.3278"
"20.6160","0.1654","0.3277"
"20.6360","0.1654","0.3277"
"20.6560","0.1654","0.3277"
"20.6760","0.1654","0.3277"
"20.6960","0.1654","0.3276"
"20.7160","0.1654","0.3275"
"20.7360","0.1654","0.3275"
"20.7560","0.1654","0.3275"
"20.7760","0.1654","0.3275"
"20.7960","0.1654","0.3274"
"20.8160","0.1654","0.3275"
"20.8360","0.1654","0.3275"
"20.8560","0.1654","0.3273"
"20.8760","0.1654","0.3272"
"20.8960","0.1654","0.3272"
"20.9160","0.1654","0.3272"
"20.9360","0.1654","0.3272"
"20.9560","0.1654","0.3271"
"20.9760","0.1654","0.3271"
"20.9960","0.1654","0.3271"
"21.0160","0.1654","0.3271"
"21.0360","0.1654","0.3271"
"21.0560","0.1654","0.3270"
"21.0760","0.1654","0.3269"
"21.0960","0.1654","0.3269"
"21.1160","0.1654","0.3269"
"21.1360","0.1654","0.3268"
"21.1560","0.1654","0.3269"
"21.1760","0.1654","0.3270"
"21.1960","0.1654","0.3269"
"21.2160","0.1654","0.3268"
"21.2360","0.1654","0.3268"
"21.2560","0.1654","0.3268"
"21.2760","0.1654","0.3267"
"21.2960","0.1654","0.3266"
"21.3160","0.1654","0.3265"
"21.3360","0.1654","0.3265"
"21.3560","0.1654","0.3265"
"21.3760","0.1654","0.3265"
"21.3960","0.1654","0.3265"
"21.4160","0.1654","0.3265"
"21.4360","0.1654","0.3264"
"21.4560","0.1654","0.3265"
"21.4760","0.1654","0.3265"
"21.4960","0.1654","0.3263"
"21.5160","0.1654","0.3263"
"21.5360","0.1654","0.3263"
"21.5560","0.1654","0.3263"
"21.5760","0.1654","0.3262"
"21.5960","0.1654","0.3262"
"21.6160","0.1654","0.3262"
"21.6360","0.1654","0.3261"
"21.6560","0.1654","0.3261"
"21.6760","0.1654","0.3261"
"21.6960","0.1654","0.3261"
"21.7160","0.1654","0.3261"
"21.7360","0.1654","0.3260"
"21.7560","0.1654","0.3259"
"21.7760","0.1654","0.3259"
"21.7960","0.1654","0.3259"
"21.8160","0.1654","0.3258"
"21.8360","0.1654","0.3258"
"21.8560","0.1654","0.3258"
"21.8760","0.1654","0.3258"
"21.8960","0.1654","0.3257"
"21.9160","0.1654","0.3257"
"21.9360","0.1654","0.3257"
"21.9560","0.1654","0.3256"
"21.9760","0.1654","0.3256"
"21.9960","0.1654","0.3256"
"22.0160","0.1654","0.3256"
"22.0360","0.1654","0.3256"
"22.0560","0.1654","0.3255"
"22.0760","0.1654","0.3255"
"22.0960","0.1654","0.3255"
"22.1160","0.1654","0.3255"
"22.1360","0.1654","0.3254"
"22.1560","0.1654","0.3254"
"22.1760","0.1654","0.3254"
"22.1960","0.1654","0.3253"
"22.2160","0.1654","0.3252"
"22.2360","0.1654","0.3252"
"22.2560","0.1654","0.3253"
"22.2760","0.1654","0.3252"
"22.2960","0.1654","0.3252"
"22.3160","0.1654","0.3252"
"22.3360","0.1654","0.3251"
"22.3560","0.1654","0.3251"
"22.3760","0.1654","0.3251"
"22.3960","0.1654","0.3251"
"22.4160","0.1654","0.3250"
"22.4360","0.1654","0.3250"
"22.4560","0.1654","0.3250"
"22.4760","0.1654","0.3250"
"22.4960","0.1654","0.3250"
"22.5160","0.1654","0.3249"
"22.5360","0.1654","0.3248"
"22.5560","0.1654","0.3248"
"22.5760","0.1654","0.3248"
"22.5960","0.1654","0.3248"
"22.6160","0.1654","0.3247"
"22.6360","0.1654","0.3247"
"22.6560","0.1654","0.3247"
"22.6760","0.1654","0.3247"
"22.6960","0.1654","0.3247"
"22.7160","0.1654","0.3247"
"22.7360","0.1654","0.3246"
"22.7560","0.1654","0.3245"
"22.7760","0.1654","0.3245"
"22.7960","0.1654","0.3244"
"22.8160","0.1654","0.3244"
"22.8360","0.1654","0.3245"
"22.8560","0.1654","0.3245"
"22.8760","0.1654","0.3245"
"22.8960","0.1654","0.3244"
"22.9160","0.1654","0.3244"
"22.9360","0.1654","0.3244"
"22.9560","0.1654","0.3243"
"22.9760","0.1654","0.3243"
"22.9960","0.1654","0.3242"
"23.0160","0.1654","0.3242"
"23.0360","0.1654","0.3241"
"23.0560","0.1654","0.3241"
"23.0760","0.1654","0.3241"
"23.0960","0.1654","0.3241"
"23.1160","0.1654","0.3241"
"23.1360","0.1654","0.3240"
"23.1560","0.1654","0.3239"
"23.1760","0.1654","0.3239"
"23.1960","0.1654","0.3238"
"23.2160","0.1654","0.3238"
"23.2360","0.1654","0.3238"
"23.2560","0.1654","0.3238"
"23.2760","0.1654","0.3238"
"23.2960","0.1654","0.3239"
"23.3160","0.1654","0.3239"
"23.3360","0.1654","0.3238"
"23.3560","0.1654","0.3237"
"23.3760","0.1654","0.3237"
"23.3960","0.1654","0.3238"
"23.4160","0.1654","0.3237"
"23.4360","0.1654","0.3236"
"23.4560","0.1654","0.3235"
"23.4760","0.1654","0.3236"
"23.4960","0.1654","0.3236"
"23.5160","0.1654","0.3235"
"23.5360","0.1654","0.3235"
"23.5560","0.1654","0.3236"
"23.5760","0.1654","0.3235"
"23.5960","0.1654","0.3235"
"23.6160","0.1654","0.3234"
"23.6360","0.1654","0.3234"
"23.6560","0.1654","0.3233"
"23.6760","0.1654","0.3232"
"23.6960","0.1654","0.3231"
"23.7160","0.1654","0.3231"
"23.7360","0.1654","0.3232"
"23.7560","0.1654","0.3232"
"23.7760","0.1654","0.3232"
"23.7960","0.1654","0.3231"
"23.8160","0.1654","0.3231"
"23.8360","0.1654","0.3231"
"23.8560","0.1654","0.3231"
"23.8760","0.1654","0.3231"
"23.8960","0.1654","0.3230"
"23.9160","0.1654","0.3230"
"23.9360","0.1654","0.3230"
"23.9560","0.1654","0.3229"
"23.9760","0.1654","0.3229"
"23.9960","0.1654","0.3229"
"24.0160","0.1654","0.3229"
"24.0360","0.1654","0.3229"
"24.0560","0.1654","0.3228"
"24.0760","0.1654","0.3229"
"24.0960","0.1654","0.3229"
"24.1160","0.1654","0.3228"
"24.1360","0.1654","0.3227"
"24.1560","0.1654","0.3226"
"24.1760","0.1654","0.3226"
"24.1960","0.1654","0.3226"
"24.2160","0.1654","0.3226"
"24.2360","0.1654","0.3226"
"24.2560","0.1654","0.3225"
"24.2760","0.1654","0.3225"
"24.2960","0.1654","0.3225"
"24.3160","0.1654","0.3225"
"24.3360","0.1654","0.3225"
"24.3560","0.1654","0.3225"
"24.3760","0.1654","0.3224"
"24.3960","0.1654","0.3224"
"24.4160","0.1654","0.3224"
"24.4360","0.1654","0.3224"
"24.4560","0.1654","0.3223"
"24.4760","0.1654","0.3222"
"24.4960","0.1654","0.3221"
"24.5160","0.1654","0.3222"
"24.5360","0.1654","0.3222"
"24.5560","0.1654","0.3222"
"24.5760","0.1654","0.3222"
"24.5960","0.1654","0.3222"
"24.6160","0.1654","0.3221"
"24.6360","0.1654","0.3221"
"24.6560","0.1654","0.3221"
"24.6760","0.1654","0.3220"
"24.6960","0.1654","0.3219"
"24.7160","0.1654","0.3220"
"24.7360","0.1654","0.3220"
"24.7560","0.1654","0.3220"
"24.7760","0.1654","0.3219"
"24.7960","0.1654","0.3218"
"24.8160","0.1654","0.3219"
"24.8360","0.1654","0.3218"
"24.8560","0.1654","0.3218"
"24.8760","0.1654","0.3218"
"24.8960","0.1654","0.3216"
"24.9160","0.1654","0.3216"
"24.9360","0.1654","0.3216"
"24.9560","0.1654","0.3217"
"24.9760","0.1654","0.3217"
"24.9960","0.1654","0.3217"
"25.0160","0.1654","0.3218"
"25.0360","0.1654","0.3217"
"25.0560","0.1654","0.3216"
"25.0760","0.1654","0.3215"
"25.0960","0.1654","0.3215"
"25.1160","0.1654","0.3214"
"25.1360","0.1654","0.3214"
"25.1560","0.1654","0.3214"
"25.1760","0.1654","0.3213"
"25.1960","0.1654","0.3213"
"25.2160","0.1654","0.3213"
"25.2360","0.1654","0.3213"
"25.2560","0.1654","0.3213"
"25.2760","0.1654","0.3214"
"25.2960","0.1654","0.3214"
"25.3160","0.1654","0.3213"
"25.3360","0.1654","0.3212"
"25.3560","0.1654","0.3212"
"25.3760","0.1654","0.3212"
"25.3960","0.1654","0.3211"
"25.4160","0.1654","0.3211"
"25.4360","0.1654","0.3211"
"25.4560","0.1654","0.3212"
"25.4760","0.1654","0.3211"
"25.4960","0.1654","0.3211"
"25.5160","0.1654","0.3211"
"25.5360","0.1654","0.3211"
"25.5560","0.1654","0.3211"
"25.5760","0.1654","0.3210"
"25.5960","0.1654","0.3209"
"25.6160","0.1654","0.3209"
"25.6360","0.1654","0.3208"
"25.6560","0.1654","0.3208"
"25.6760","0.1654","0.3208"
"25.6960","0.1654","0.3208"
"25.7160","0.1654","0.3209"
"25.7360","0.1654","0.3209"
"25.7560","0.1654","0.3208"
"25.7760","0.1654","0.3206"
"25.7960","0.1654","0.3206"
"25.8160","0.1654","0.3207"
"25.8360","0.1654","0.3206"
"25.8560","0.1654","0.3206"
"25.8760","0.1654","0.3206"
"25.8960","0.1654","0.3206"
"25.9160","0.1654","0.3206"
"25.9360","0.1654","0.3205"
"25.9560","0.1654","0.3205"
"25.9760","0.1654","0.3205"
"25.9960","0.1654","0.3205"
"26.0160","0.1654","0.3205"
"26.0360","0.1654","0.3205"
"26.0560","0.1654","0.3205"
"26.0760","0.1654","0.3204"
"26.0960","0.1654","0.3204"
"26.1160","0.1654","0.3204"
"26.1360","0.1654","0.3203"
"26.1560","0.1654","0.3203"
"26.1760","0.1654","0.3203"
"26.1960","0.1654","0.3203"
"26.2160","0.1654","0.3203"
"26.2360","0.1654","0.3203"
"26.2560","0.1654","0.3202"
"26.2760","0.1654","0.3201"
"26.2960","0.1654","0.3201"
"26.3160","0.1654","0.3201"
"26.3360","0.1654","0.3200"
"26.3560","0.1654","0.3200"
"26.3760","0.1654","0.3200"
"26.3960","0.1654","0.3200"
"26.4160","0.1654","0.3201"
"26.4360","0.1654","0.3200"
"26.4560","0.1654","0.3200"
"26.4760","0.1654","0.3200"
"26.4960","0.1654","0.3199"
"26.5160","0.1654","0.3199"
"26.5360","0.1654","0.3199"
"26.5560","0.1654","0.3199"
"26.5760","0.1654","0.3198"
"26.5960","0.1654","0.3197"
"26.6160","0.1654","0.3197"
"26.6360","0.1654","0.3198"
"26.6560","0.1654","0.3198"
"26.6760","0.1654","0.3197"
"26.6960","0.1654","0.3197"
"26.7160","0.1654","0.3197"
"26.7360","0.1654","0.3196"
"26.7560","0.1654","0.3195"
"26.7760","0.1654","0.3196"
"26.7960","0.1654","0.3196"
"26.8160","0.1654","0.3196"
"26.8360","0.1654","0.3195"
"26.8560","0.1654","0.3195"
"26.8760","0.1654","0.3195"
"26.8960","0.1654","0.3195"
"26.9160","0.1654","0.3194"
"26.9360","0.1654","0.3194"
"26.9560","0.1654","0.3194"
"26.9760","0.1654","0.3195"
"26.9960","0.1654","0.3194"
"27.0160","0.1654","0.3193"
"27.0360","0.1654","0.3192"
"27.0560","0.1654","0.3192"
"27.0760","0.1654","0.3192"
"27.0960","0.1654","0.3192"
"27.1160","0.1654","0.3192"
"27.1360","0.1654","0.3192"
"27.1560","0.1654","0.3192"
"27.1760","0.1654","0.3192"
"27.1960","0.1654","0.3191"
"27.2160","0.1654","0.3192"
"27.2360","0.1654","0.3191"
"27.2560","0.1654","0.3190"
"27.2760","0.1654","0.3190"
"27.2960","0.1654","0.3190"
"27.3160","0.1654","0.3190"
"27.3360","0.1654","0.3191"
"27.3560","0.1654","0.3191"
"27.3760","0.1654","0.3190"
"27.3960","0.1654","0.3189"
"27.4160","0.1654","0.3189"
"27.4360","0.1654","0.3189"
"27.4560","0.1654","0.3189"
"27.4760","0.1654","0.3188"
"27.4960","0.1654","0.3188"
"27.5160","0.1654","0.3187"
"27.5360","0.1654","0.3187"
"27.5560","0.1654","0.3187"
"27.5760","0.1654","0.3187"
"27.5960","0.1654","0.3187"
"27.6160","0.1654","0.3187"
"27.6360","0.1654","0.3186"
"27.6560","0.1654","0.3186"
"27.6760","0.1654","0.3186"
"27.6960","0.1654","0.3186"
"27.7160","0.1654","0.3186"
"27.7360","0.1654","0.3186"
"27.7560","0.1654","0.3185"
"27.7760","0.1654","0.3185"
"27.7960","0.1654","0.3185"
"27.8160","0.1654","0.3185"
"27.8360","0.1654","0.3186"
"27.8560","0.1654","0.3186"
"27.8760","0.1654","0.3186"
"27.8960","0.1654","0.3185"
"27.9160","0.1654","0.3184"
"27.9360","0.1654","0.3183"
"27.9560","0.1654","0.3183"
"27.9760","0.1654","0.3183"
"27.9960","0.1654","0.3183"
"28.0160","0.1654","0.3183"
"28.0360","0.1654","0.3183"
"28.0560","0.1654","0.3183"
"28.0760","0.1654","0.3183"
"28.0960","0.1654","0.3182"
"28.1160","0.1654","0.3181"
"28.1360","0.1654","0.3181"
"28.1560","0.1654","0.3182"
"28.1760","0.1654","0.3181"
"28.1960","0.1654","0.3182"
"28.2160","0.1654","0.3180"
"28.2360","0.1654","0.3180"
"28.2560","0.1654","0.3180"
"28.2760","0.1654","0.3180"
"28.2960","0.1654","0.3179"
"28.3160","0.1654","0.3179"
"28.3360","0.1654","0.3179"
"28.3560","0.1654","0.3180"
"28.3760","0.1654","0.3179"
"28.3960","0.1654","0.3179"
"28.4160","0.1654","0.3178"
"28.4360","0.1654","0.3178"
"28.4560","0.1654","0.3178"
"28.4760","0.1654","0.3178"
"28.4960","0.1654","0.3178"
"28.5160","0.1654","0.3178"
"28.5360","0.1654","0.3177"
"28.5560","0.1654","0.3178"
"28.5760","0.1654","0.3176"
"28.5960","0.1654","0.3177"
"28.6160","0.1654","0.3177"
"28.6360","0.1654","0.3177"
"28.6560","0.1654","0.3176"
"28.6760","0.1654","0.3176"
"28.6960","0.1654","0.3176"
"28.7160","0.1654","0.3176"
"28.7360","0.1654","0.3175"
"28.7560","0.1654","0.3175"
"28.7760","0.1654","0.3175"
"28.7960","0.1654","0.3175"
"28.8160","0.1654","0.3175"
"28.8360","0.1654","0.3174"
"28.8560","0.1654","0.3174"
"28.8760","0.1654","0.3174"
"28.8960","0.1654","0.3174"
"28.9160","0.1654","0.3174"
"28.9360","0.1654","0.3174"
"28.9560","0.1654","0.3173"
"28.9760","0.1654","0.3173"
"28.9960","0.1654","0.3173"
"29.0160","0.1654","0.3173"
"29.0360","0.1654","0.3173"
"29.0560","0.1654","0.3172"
"29.0760","0.1654","0.3171"
"29.0960","0.1654","0.3171"
"29.1160","0.1654","0.3171"
"29.1360","0.1654","0.3171"
"29.1560","0.1654","0.3171"
"29.1760","0.1654","0.3171"
"29.1960","0.1654","0.3171"
"29.2160","0.1654","0.3171"
"29.2360","0.1654","0.3172"
"29.2560","0.1654","0.3172"
"29.2760","0.1654","0.3170"
"29.2960","0.1654","0.3170"
"29.3160","0.1654","0.3169"
"29.3360","0.1654","0.3169"
"29.3560","0.1654","0.3169"
"29.3760","0.1654","0.3168"
"29.3960","0.1654","0.3169"
"29.4160","0.1654","0.3168"
"29.4360","0.1654","0.3168"
"29.4560","0.1654","0.3169"
"29.4760","0.1654","0.3169"
"29.4960","0.1654","0.3169"
"29.5160","0.1654","0.3168"
"29.5360","0.1654","0.3168"
"29.5560","0.1654","0.3168"
"29.5760","0.1654","0.3168"
"29.5960","0.1654","0.3167"
"29.6160","0.1654","0.3167"
"29.6360","0.1654","0.3168"
"29.6560","0.1654","0.3167"
"29.6760","0.1654","0.3166"
"29.6960","0.1654","0.3166"
"29.7160","0.1654","0.3166"
"29.7360","0.1654","0.3166"
"29.7560","0.1654","0.3165"
"29.7760","0.1654","0.3165"
"29.7960","0.1654","0.3165"
"29.8160","0.1654","0.3166"
"29.8360","0.1654","0.3166"
"29.8560","0.1654","0.3165"
"29.8760","0.1654","0.3165"
"29.8960","0.1654","0.3165"
"29.9160","0.1654","0.3164"
"29.9360","0.1654","0.3164"
"29.9560","0.1654","0.3163"
"29.9760","0.1654","0.3164"
"29.9960","0.1654","0.3163"
"30.0160","0.1654","0.3163"
"30.0360","0.1654","0.3163"
"30.0560","0.1654","0.3163"
"30.0760","0.1654","0.3163"
"30.0960","0.1654","0.3163"
"30.1160","0.1654","0.3162"
"30.1360","0.1654","0.3162"
"30.1560","0.1654","0.3161"
"30.1760","0.1654","0.3161"
"30.1960","0.1654","0.3161"
"30.2160","0.1654","0.3161"
"30.2360","0.1654","0.3161"
"30.2560","0.1654","0.3161"
"30.2760","0.1654","0.3161"
"30.2960","0.1654","0.3161"
"30.3160","0.1654","0.3161"
"30.3360","0.1654","0.3160"
"30.3560","0.1654","0.3160"
"30.3760","0.1654","0.3160"
"30.3960","0.1654","0.3160"
"30.4160","0.1654","0.3160"
"30.4360","0.1654","0.3159"
"30.4560","0.1654","0.3159"
"30.4760","0.1654","0.3159"
"30.4960","0.1654","0.3158"
"30.5160","0.1654","0.3158"
"30.5360","0.1654","0.3159"
"30.5560","0.1654","0.3159"
"30.5760","0.1654","0.3159"
"30.5960","0.1654","0.3158"
"30.6160","0.1654","0.3158"
"30.6360","0.1654","0.3158"
"30.6560","0.1654","0.3158"
"30.6760","0.1654","0.3158"
"30.6960","0.1654","0.3157"
"30.7160","0.1654","0.3157"
"30.7360","0.1654","0.3157"
"30.7560","0.1654","0.3157"
"30.7760","0.1654","0.3156"
"30.7960","0.1654","0.3156"
"30.8160","0.1654","0.3156"
"30.8360","0.1654","0.3155"
"30.8560","0.1654","0.3155"
"30.8760","0.1654","0.3155"
"30.8960","0.1654","0.3155"
"30.9160","0.1654","0.3156"
"30.9360","0.1654","0.3154"
"30.9560","0.1654","0.3154"
"30.9760","0.1654","0.3155"
"30.9960","0.1654","0.3155"
"31.0160","0.1654","0.3155"
"31.0360","0.1654","0.3154"
"31.0560","0.1654","0.3153"
"31.0760","0.1654","0.3153"
"31.0960","0.1654","0.3153"
"31.1160","0.1654","0.3153"
"31.1360","0.1654","0.3153"
"31.1560","0.1654","0.3153"
"31.1760","0.1654","0.3153"
"31.1960","0.1654","0.3153"
"31.2160","0.1654","0.3153"
"31.2360","0.1654","0.3153"
"31.2560","0.1654","0.3152"
"31.2760","0.1654","0.3152"
"31.2960","0.1654","0.3151"
"31.3160","0.1654","0.3151"
"31.3360","0.1654","0.3152"
"31.3560","0.1654","0.3151"
"31.3760","0.1654","0.3151"
"31.3960","0.1654","0.3150"
"31.4160","0.1654","0.3150"
"31.4360","0.1654","0.3150"
"31.4560","0.1654","0.3150"
"31.4760","0.1654","0.3151"
"31.4960","0.1654","0.3149"
"31.5160","0.1654","0.3150"
"31.5360","0.1654","0.3150"
"31.5560","0.1654","0.3150"
"31.5760","0.1654","0.3149"
"31.5960","0.1654","0.3149"
"31.6160","0.1654","0.3149"
"31.6360","0.1654","0.3149"
"31.6560","0.1654","0.3149"
"31.6760","0.1654","0.3148"
"31.6960","0.1654","0.3147"
"31.7160","0.1654","0.3148"
"31.7360","0.1654","0.3148"
"31.7560","0.1654","0.3148"
"31.7760","0.1654","0.3148"
"31.7960","0.1654","0.3147"
"31.8160","0.1654","0.3148"
"31.8360","0.1654","0.3147"
"31.8560","0.1654","0.3146"
"31.8760","0.1654","0.3146"
"31.8960","0.1654","0.3146"
"31.9160","0.1654","0.3146"
"31.9360","0.1654","0.3146"
"31.9560","0.1654","0.3145"
"31.9760","0.1654","0.3145"
"31.9960","0.1654","0.3144"
"32.0160","0.1654","0.3145"
"32.0360","0.1654","0.3146"
"32.0560","0.1654","0.3145"
"32.0760","0.1654","0.3144"
"32.0960","0.1654","0.3144"
"32.1160","0.1654","0.3144"
"32.1360","0.1654","0.3145"
"32.1560","0.1654","0.3144"
"32.1760","0.1654","0.3144"
"32.1960","0.1654","0.3144"
"32.2160","0.1654","0.3144"
"32.2360","0.1654","0.3144"
"32.2560","0.1654","0.3143"
"32.2760","0.1654","0.3142"
"32.2960","0.1654","0.3142"
"32.3160","0.1654","0.3142"
"32.3360","0.1654","0.3142"
"32.3560","0.1654","0.3143"
"32.3760","0.1654","0.3143"
"32.3960","0.1654","0.3142"
"32.4160","0.1654","0.3142"
"32.4360","0.1654","0.3142"
"32.4560","0.1654","0.3141"
"32.4760","0.1654","0.3141"
"32.4960","0.1654","0.3141"
"32.5160","0.1654","0.3141"
"32.5360","0.1654","0.3141"
"32.5560","0.1654","0.3141"
"32.5760","0.1654","0.3141"
"32.5960","0.1654","0.3140"
"32.6160","0.1654","0.3140"
"32.6360","0.1654","0.3141"
"32.6560","0.1654","0.3141"
"32.6760","0.1654","0.3141"
"32.6960","0.1654","0.3140"
"32.7160","0.1654","0.3140"
"32.7360","0.1654","0.3139"
"32.7560","0.1654","0.3139"
"32.7760","0.1654","0.3139"
"32.7960","0.1654","0.3139"
"32.8160","0.1654","0.3138"
"32.8360","0.1654","0.3138"
"32.8560","0.1654","0.3138"
"32.8760","0.1654","0.3138"
"32.8960","0.1654","0.3137"
"32.9160","0.1654","0.3137"
"32.9360","0.1654","0.3138"
"32.9560","0.1654","0.3137"
"32.9760","0.1654","0.3137"
"32.9960","0.1654","0.3137"
"33.0160","0.1654","0.3137"
"33.0360","0.1654","0.3137"
"33.0560","0.1654","0.3137"
"33.0760","0.1654","0.3137"
"33.0960","0.1654","0.3135"
"33.1160","0.1654","0.3135"
"33.1360","0.1654","0.3136"
"33.1560","0.1654","0.3135"
"33.1760","0.1654","0.3134"
"33.1960","0.1654","0.3135"
"33.2160","0.1654","0.3136"
"33.2360","0.1654","0.3136"
"33.2560","0.1654","0.3134"
"33.2760","0.1654","0.3133"
"33.2960","0.1654","0.3133"
"33.3160","0.1654","0.3134"
"33.3360","0.1654","0.3135"
"33.3560","0.1654","0.3133"
"33.3760","0.1654","0.3132"
"33.3960","0.1654","0.3133"
"33.4160","0.1654","0.3135"
"33.4360","0.1654","0.3136"
"33.4560","0.1654","0.3134"
"33.4760","0.1654","0.3133"
"33.4960","0.1654","0.3134"
"33.5160","0.1654","0.3133"
"33.5360","0.1654","0.3131"
"33.5560","0.1654","0.3131"
"33.5760","0.1654","0.3130"
"33.5960","0.1654","0.3132"
"33.6160","0.1654","0.3132"
"33.6360","0.1654","0.3131"
"33.6560","0.1654","0.3131"
"33.6760","0.1654","0.3132"
"33.6960","0.1654","0.3133"
"33.7160","0.1654","0.3132"
"33.7360","0.1654","0.3132"
"33.7560","0.1654","0.3132"
"33.7760","0.1654","0.3132"
"33.7960","0.1654","0.3132"
"33.8160","0.1654","0.3129"
"33.8360","0.1654","0.3128"
"33.8560","0.1654","0.3128"
"33.8760","0.1654","0.3129"
"33.8960","0.1654","0.3129"
"33.9160","0.1654","0.3129"
"33.9360","0.1654","0.3129"
"33.9560","0.1654","0.3129"
"33.9760","0.1654","0.3130"
"33.9960","0.1654","0.3130"
"34.0160","0.1654","0.3130"
"34.0360","0.1654","0.3129"
"34.0560","0.1654","0.3128"
"34.0760","0.1654","0.3129"
"34.0960","0.1654","0.3128"
"34.1160","0.1654","0.3127"
"34.1360","0.1654","0.3127"
"34.1560","0.1654","0.3127"
"34.1760","0.1654","0.3128"
"34.1960","0.1654","0.3128"
"34.2160","0.1654","0.3127"
"34.2360","0.1654","0.3127"
"34.2560","0.1654","0.3128"
"34.2760","0.1654","0.3129"
"34.2960","0.1654","0.3128"
"34.3160","0.1654","0.3126"
"34.3360","0.1654","0.3126"
"34.3560","0.1654","0.3126"
"34.3760","0.1654","0.3126"
"34.3960","0.1654","0.3125"
"34.4160","0.1654","0.3124"
"34.4360","0.1654","0.3124"
"34.4560","0.1654","0.3125"
"34.4760","0.1654","0.3126"
"34.4960","0.1654","0.3125"
"34.5160","0.1654","0.3124"
"34.5360","0.1654","0.3125"
"34.5560","0.1654","0.3125"
"34.5760","0.1654","0.3124"
"34.5960","0.1654","0.3123"
"34.6160","0.1654","0.3124"
"34.6360","0.1654","0.3124"
"34.6560","0.1654","0.3124"
"34.6760","0.1654","0.3123"
"34.6960","0.1654","0.3123"
"34.7160","0.1654","0.3123"
"34.7360","0.1654","0.3124"
"34.7560","0.1654","0.3123"
"34.7760","0.1654","0.3122"
"34.7960","0.1654","0.3121"
"34.8160","0.1654","0.3121"
"34.8360","0.1654","0.3122"
"34.8560","0.1654","0.3121"
"34.8760","0.1654","0.3120"
"34.8960","0.1654","0.3120"
"34.9160","0.1654","0.3122"
"34.9360","0.1654","0.3123"
"34.9560","0.1654","0.3122"
"34.9760","0.1654","0.3120"
"34.9960","0.1654","0.3120"
"35.0160","0.1654","0.3121"
"35.0360","0.1654","0.3122"
"35.0560","0.1654","0.3121"
"35.0760","0.1654","0.3120"
"35.0960","0.1654","0.3120"
"35.1160","0.1654","0.3120"
"35.1360","0.1654","0.3119"
"35.1560","0.1654","0.3119"
"35.1760","0.1654","0.3119"
"35.1960","0.1654","0.3120"
"35.2160","0.1654","0.3119"
"35.2360","0.1654","0.3119"
"35.2560","0.1654","0.3118"
"35.2760","0.1654","0.3119"
"35.2960","0.1654","0.3119"
"35.3160","0.1654","0.3119"
"35.3360","0.1654","0.3118"
"35.3560","0.1654","0.3117"
"35.3760","0.1654","0.3118"
"35.3960","0.1654","0.3119"
"35.4160","0.1654","0.3118"
"35.4360","0.1654","0.3118"
"35.4560","0.1654","0.3117"
"35.4760","0.1654","0.3118"
"35.4960","0.1654","0.3118"
"35.5160","0.1654","0.3117"
"35.5360","0.1654","0.3116"
"35.5560","0.1654","0.3116"
"35.5760","0.1654","0.3116"
"35.5960","0.1654","0.3116"
"35.6160","0.1654","0.3116"
"35.6360","0.1654","0.3116"
"35.6560","0.1654","0.3116"
"35.6760","0.1654","0.3117"
"35.6960","0.1654","0.3117"
"35.7160","0.1654","0.3116"
"35.7360","0.1654","0.3116"
"35.7560","0.1654","0.3116"
"35.7760","0.1654","0.3115"
"35.7960","0.1654","0.3114"
"35.8160","0.1654","0.3113"
"35.8360","0.1654","0.3114"
"35.8560","0.1654","0.3115"
"35.8760","0.1654","0.3115"
"35.8960","0.1654","0.3114"
"35.9160","0.1654","0.3113"
"35.9360","0.1654","0.3114"
"35.9560","0.1654","0.3114"
"35.9760","0.1654","0.3113"
"35.9960","0.1654","0.3113"
"36.0160","0.1654","0.3113"
"36.0360","0.1654","0.3113"
"36.0560","0.1654","0.3113"
"36.0760","0.1654","0.3113"
"36.0960","0.1654","0.3113"
"36.1160","0.1654","0.3113"
"36.1360","0.1654","0.3113"
"36.1560","0.1654","0.3113"
"36.1760","0.1654","0.3112"
"36.1960","0.1654","0.3112"
"36.2160","0.1654","0.3113"
"36.2360","0.1654","0.3112"
"36.2560","0.1654","0.3111"
"36.2760","0.1654","0.3110"
"36.2960","0.1654","0.3110"
"36.3160","0.1654","0.3111"
"36.3360","0.1654","0.3111"
"36.3560","0.1654","0.3110"
"36.3760","0.1654","0.3110"
"36.3960","0.1654","0.3111"
"36.4160","0.1654","0.3111"
"36.4360","0.1654","0.3110"
"36.4560","0.1654","0.3109"
"36.4760","0.1654","0.3109"
"36.4960","0.1654","0.3108"
"36.5160","0.1654","0.3109"
"36.5360","0.1654","0.3109"
"36.5560","0.1654","0.3110"
"36.5760","0.1654","0.3110"
"36.5960","0.1654","0.3109"
"36.6160","0.1654","0.3109"
"36.6360","0.1654","0.3108"
"36.6560","0.1654","0.3108"
"36.6760","0.1654","0.3109"
"36.6960","0.1654","0.3109"
"36.7160","0.1654","0.3108"
"36.7360","0.1654","0.3107"
"36.7560","0.1654","0.3107"
"36.7760","0.1654","0.3108"
"36.7960","0.1654","0.3108"
"36.8160","0.1654","0.3108"
"36.8360","0.1654","0.3107"
"36.8560","0.1654","0.3107"
"36.8760","0.1654","0.3107"
"36.8960","0.1654","0.3106"
"36.9160","0.1654","0.3106"
"36.9360","0.1654","0.3107"
"36.9560","0.1654","0.3107"
"36.9760","0.1654","0.3106"
"36.9960","0.1654","0.3105"
"37.0160","0.1654","0.3105"
"37.0360","0.1654","0.3105"
"37.0560","0.1654","0.3106"
"37.0760","0.1654","0.3105"
"37.0960","0.1654","0.3105"
"37.1160","0.1654","0.3106"
"37.1360","0.1654","0.3105"
"37.1560","0.1654","0.3105"
"37.1760","0.1654","0.3105"
"37.1960","0.1654","0.3105"
"37.2160","0.1654","0.3105"
"37.2360","0.1654","0.3104"
"37.2560","0.1654","0.3103"
"37.2760","0.1654","0.3104"
"37.2960","0.1654","0.3104"
"37.3160","0.1654","0.3104"
"37.3360","0.1654","0.3104"
"37.3560","0.1654","0.3104"
"37.3760","0.1654","0.3104"
"37.3960","0.1654","0.3104"
"37.4160","0.1654","0.3103"
"37.4360","0.1654","0.3102"
"37.4560","0.1654","0.3102"
"37.4760","0.1654","0.3101"
"37.4960","0.1654","0.3102"
"37.5160","0.1654","0.3102"
"37.5360","0.1654","0.3102"
"37.5560","0.1654","0.3102"
"37.5760","0.1654","0.3102"
"37.5960","0.1654","0.3103"
"37.6160","0.1654","0.3102"
"37.6360","0.1654","0.3101"
"37.6560","0.1654","0.3101"
"37.6760","0.1654","0.3100"
"37.6960","0.1654","0.3099"
"37.7160","0.1654","0.3100"
"37.7360","0.1654","0.3101"
"37.7560","0.1654","0.3101"
"37.7760","0.1654","0.3101"
"37.7960","0.1654","0.3101"
"37.8160","0.1654","0.3101"
"37.8360","0.1654","0.3101"
"37.8560","0.1654","0.3101"
"37.8760","0.1654","0.3100"
"37.8960","0.1654","0.3099"
"37.9160","0.1654","0.3100"
"37.9360","0.1654","0.3099"
"37.9560","0.1654","0.3099"
"37.9760","0.1654","0.3099"
"37.9960","0.1654","0.3099"
"38.0160","0.1654","0.3100"
"38.0360","0.1654","0.3099"
"38.0560","0.1654","0.3098"
"38.0760","0.1654","0.3099"
"38.0960","0.1654","0.3099"
"38.1160","0.1654","0.3098"
"38.1360","0.1654","0.3098"
"38.1560","0.1654","0.3099"
"38.1760","0.1654","0.3098"
"38.1960","0.1654","0.3098"
"38.2160","0.1654","0.3098"
"38.2360","0.1654","0.3097"
"38.2560","0.1654","0.3096"
"38.2760","0.1654","0.3096"
"38.2960","0.1654","0.3097"
"38.3160","0.1654","0.3097"
"38.3360","0.1654","0.3098"
"38.3560","0.1654","0.3097"
"38.3760","0.1654","0.3097"
"38.3960","0.1654","0.3096"
"38.4160","0.1654","0.3096"
"38.4360","0.1654","0.3095"
"38.4560","0.1654","0.3095"
"38.4760","0.1654","0.3096"
"38.4960","0.1654","0.3097"
"38.5160","0.1654","0.3096"
"38.5360","0.1654","0.3095"
"38.5560","0.1654","0.3095"
"38.5760","0.1654","0.3095"
"38.5960","0.1654","0.3095"
"38.6160","0.1654","0.3095"
"38.6360","0.1654","0.3095"
"38.6560","0.1654","0.3095"
"38.6760","0.1654","0.3094"
"38.6960","0.1654","0.3094"
"38.7160","0.1654","0.3093"
"38.7360","0.1654","0.3094"
"38.7560","0.1654","0.3095"
"38.7760","0.1654","0.3094"
"38.7960","0.1654","0.3094"
"38.8160","0.1654","0.3093"
"38.8360","0.1654","0.3093"
"38.8560","0.1654","0.3093"
"38.8760","0.1654","0.3093"
"38.8960","0.1654","0.3092"
"38.9160","0.1654","0.3092"
"38.9360","0.1654","0.3092"
"38.9560","0.1654","0.3092"
"38.9760","0.1654","0.3092"
"38.9960","0.1654","0.3092"
"39.0160","0.1654","0.3092"
"39.0360","0.1654","0.3092"
"39.0560","0.1654","0.3092"
"39.0760","0.1654","0.3092"
"39.0960","0.1654","0.3091"
"39.1160","0.1654","0.3092"
"39.1360","0.1654","0.3091"
"39.1560","0.1654","0.3091"
"39.1760","0.1654","0.3091"
"39.1960","0.1654","0.3090"
"39.2160","0.1654","0.3091"
"39.2360","0.1654","0.3090"
"39.2560","0.1654","0.3091"
"39.2760","0.1654","0.3090"
"39.2960","0.1654","0.3090"
"39.3160","0.1654","0.3090"
"39.3360","0.1654","0.3090"
"39.3560","0.1654","0.3090"
"39.3760","0.1654","0.3090"
"39.3960","0.1654","0.3089"
"39.4160","0.1654","0.3089"
"39.4360","0.1654","0.3089"
"39.4560","0.1654","0.3090"
"39.4760","0.1654","0.3089"
"39.4960","0.1654","0.3089"
"39.5160","0.1654","0.3089"
"39.5360","0.1654","0.3089"
"39.5560","0.1654","0.3089"
"39.5760","0.1654","0.3089"
"39.5960","0.1654","0.3089"
"39.6160","0.1654","0.3089"
"39.6360","0.1654","0.3089"
"39.6560","0.1654","0.3089"
"39.6760","0.1654","0.3088"
"39.6960","0.1654","0.3087"
"39.7160","0.1654","0.3088"
"39.7360","0.1654","0.3088"
"39.7560","0.1654","0.3087"
"39.7760","0.1654","0.3088"
"39.7960","0.1654","0.3088"
"39.8160","0.1654","0.3087"
"39.8360","0.1654","0.3087"
"39.8560","0.1654","0.3087"
"39.8760","0.1654","0.3087"
"39.8960","0.1654","0.3087"
"39.9160","0.1654","0.3087"
"39.9360","0.1654","0.3086"
"39.9560","0.1654","0.3086"
"39.9760","0.1654","0.3086"
"39.9960","0.1654","0.3087"
"40.0160","0.1654","0.3086"
"40.0360","0.1654","0.3085"
"40.0560","0.1654","0.3085"
"40.0760","0.1654","0.3085"
"40.0960","0.1654","0.3085"
"40.1160","0.1654","0.3085"
"40.1360","0.1654","0.3085"
"40.1560","0.1654","0.3084"
"40.1760","0.1654","0.3084"
"40.1960","0.1654","0.3084"
"40.2160","0.1654","0.3085"
"40.2360","0.1654","0.3085"
"40.2560","0.1654","0.3085"
"40.2760","0.1654","0.3084"
"40.2960","0.1654","0.3084"
"40.3160","0.1654","0.3084"
"40.3360","0.1654","0.3083"
"40.3560","0.1654","0.3082"
"40.3760","0.1654","0.3082"
"40.3960","0.1654","0.3083"
"40.4160","0.1654","0.3084"
"40.4360","0.1654","0.3084"
"40.4560","0.1654","0.3083"
"40.4760","0.1654","0.3082"
"40.4960","0.1654","0.3082"
"40.5160","0.1654","0.3082"
"40.5360","0.1654","0.3082"
"40.5560","0.1654","0.3081"
"40.5760","0.1654","0.3082"
"40.5960","0.1654","0.3082"
"40.6160","0.1654","0.3081"
"40.6360","0.1654","0.3082"
"40.6560","0.1654","0.3081"
"40.6760","0.1654","0.3082"
"40.6960","0.1654","0.3082"
"40.7160","0.1654","0.3081"
"40.7360","0.1654","0.3081"
"40.7560","0.1654","0.3080"
"40.7760","0.1654","0.3082"
"40.7960","0.1654","0.3082"
"40.8160","0.1654","0.3081"
"40.8360","0.1654","0.3080"
"40.8560","0.1654","0.3081"
"40.8760","0.1654","0.3081"
"40.8960","0.1654","0.3080"
"40.9160","0.1654","0.3079"
"40.9360","0.1654","0.3079"
"40.9560","0.1654","0.3079"
"40.9760","0.1654","0.3080"
"40.9960","0.1654","0.3080"
"41.0160","0.1654","0.3080"
"41.0360","0.1654","0.3080"
"41.0560","0.1654","0.3079"
"41.0760","0.1654","0.3079"
"41.0960","0.1654","0.3079"
"41.1160","0.1654","0.3077"
"41.1360","0.1654","0.3077"
"41.1560","0.1654","0.3078"
"41.1760","0.1654","0.3078"
"41.1960","0.1654","0.3078"
"41.2160","0.1654","0.3077"
"41.2360","0.1654","0.3078"
"41.2560","0.1654","0.3077"
"41.2760","0.1654","0.3077"
"41.2960","0.1654","0.3077"
"41.3160","0.1654","0.3077"
"41.3360","0.1654","0.3077"
"41.3560","0.1654","0.3077"
"41.3760","0.1654","0.3077"
"41.3960","0.1654","0.3077"
"41.4160","0.1654","0.3077"
"41.4360","0.1654","0.3077"
"41.4560","0.1654","0.3076"
"41.4760","0.1654","0.3075"
"41.4960","0.1654","0.3076"
"41.5160","0.1654","0.3076"
"41.5360","0.1654","0.3075"
"41.5560","0.1654","0.3075"
"41.5760","0.1654","0.3074"
"41.5960","0.1654","0.3074"
"41.6160","0.1654","0.3075"
"41.6360","0.1654","0.3075"
"41.6560","0.1654","0.3075"
"41.6760","0.1654","0.3076"
"41.6960","0.1654","0.3077"
"41.7160","0.1654","0.3076"
"41.7360","0.1654","0.3076"
"41.7560","0.1654","0.3074"
"41.7760","0.1654","0.3074"
"41.7960","0.1654","0.3074"
"41.8160","0.1654","0.3074"
"41.8360","0.1654","0.3074"
"41.8560","0.1654","0.3074"
"41.8760","0.1654","0.3075"
"41.8960","0.1654","0.3074"
"41.9160","0.1654","0.3074"
"41.9360","0.1654","0.3074"
"41.9560","0.1654","0.3073"
"41.9760","0.1654","0.3073"
"41.9960","0.1654","0.3073"
"42.0160","0.1654","0.3073"
"42.0360","0.1654","0.3073"
"42.0560","0.1654","0.3072"
"42.0760","0.1654","0.3073"
"42.0960","0.1654","0.3073"
"42.1160","0.1654","0.3073"
"42.1360","0.1654","0.3073"
"42.1560","0.1654","0.3072"
"42.1760","0.1654","0.3071"
"42.1960","0.1654","0.3069"
"42.2160","0.1654","0.3070"
"42.2360","0.1654","0.3071"
"42.2560","0.1654","0.3071"
"42.2760","0.1654","0.3071"
"42.2960","0.1654","0.3072"
"42.3160","0.1654","0.3072"
"42.3360","0.1654","0.3072"
"42.3560","0.1654","0.3072"
"42.3760","0.1654","0.3071"
"42.3960","0.1654","0.3070"
"42.4160","0.1654","0.3071"
"42.4360","0.1654","0.3071"
"42.4560","0.1654","0.3070"
"42.4760","0.1654","0.3070"
"42.4960","0.1654","0.3070"
"42.5160","0.1654","0.3071"
"42.5360","0.1654","0.3071"
"42.5560","0.1654","0.3070"
"42.5760","0.1654","0.3069"
"42.5960","0.1654","0.3069"
"42.6160","0.1654","0.3070"
"42.6360","0.1654","0.3070"
"42.6560","0.1654","0.3069"
"42.6760","0.1654","0.3069"
"42.6960","0.1654","0.3069"
"42.7160","0.1654","0.3069"
"42.7360","0.1654","0.3068"
"42.7560","0.1654","0.3068"
"42.7760","0.1654","0.3068"
"42.7960","0.1654","0.3068"
"42.8160","0.1654","0.3067"
"42.8360","0.1654","0.3068"
"42.8560","0.1654","0.3069"
"42.8760","0.1654","0.3069"
"42.8960","0.1654","0.3068"
"42.9160","0.1654","0.3068"
"42.9360","0.1654","0.3068"
"42.9560","0.1654","0.3067"
"42.9760","0.1654","0.3067"
"42.9960","0.1654","0.3067"
"43.0160","0.1654","0.3067"
"43.0360","0.1654","0.3067"
"43.0560","0.1654","0.3067"
"43.0760","0.1654","0.3067"
"43.0960","0.1654","0.3067"
"43.1160","0.1654","0.3066"
"43.1360","0.1654","0.3067"
"43.1560","0.1654","0.3067"
"43.1760","0.1654","0.3066"
"43.1960","0.1654","0.3065"
"43.2160","0.1654","0.3064"
"43.2360","0.1654","0.3065"
"43.2560","0.1654","0.3065"
"43.2760","0.1654","0.3065"
"43.2960","0.1654","0.3066"
"43.3160","0.1654","0.3066"
"43.3360","0.1654","0.3066"
"43.3560","0.1654","0.3065"
"43.3760","0.1654","0.3065"
"43.3960","0.1654","0.3065"
"43.4160","0.1654","0.3064"
"43.4360","0.1654","0.3064"
"43.4560","0.1654","0.3065"
"43.4760","0.1654","0.3065"
"43.4960","0.1654","0.3065"
"43.5160","0.1654","0.3065"
"43.5360","0.1654","0.3064"
"43.5560","0.1654","0.3064"
"43.5760","0.1654","0.3064"
"43.5960","0.1654","0.3064"
"43.6160","0.1654","0.3064"
"43.6360","0.1654","0.3064"
"43.6560","0.1654","0.3064"
"43.6760","0.1654","0.3063"
"43.6960","0.1654","0.3062"
"43.7160","0.1654","0.3063"
"43.7360","0.1654","0.3063"
"43.7560","0.1654","0.3062"
"43.7760","0.1654","0.3063"
"43.7960","0.1654","0.3063"
"43.8160","0.1654","0.3062"
"43.8360","0.1654","0.3062"
"43.8560","0.1654","0.3062"
"43.8760","0.1654","0.3062"
"43.8960","0.1654","0.3061"
"43.9160","0.1654","0.3062"
"43.9360","0.1654","0.3062"
"43.9560","0.1654","0.3062"
"43.9760","0.1654","0.3062"
"43.9960","0.1654","0.3061"
"44.0160","0.1654","0.3060"
"44.0360","0.1654","0.3060"
"44.0560","0.1654","0.3061"
"44.0760","0.1654","0.3061"
"44.0960","0.1654","0.3061"
"44.1160","0.1654","0.3061"
"44.1360","0.1654","0.3061"
"44.1560","0.1654","0.3061"
"44.1760","0.1654","0.3060"
"44.1960","0.1654","0.3059"
"44.2160","0.1654","0.3059"
"44.2360","0.1654","0.3059"
"44.2560","0.1654","0.3060"
"44.2760","0.1654","0.3061"
"44.2960","0.1654","0.3060"
"44.3160","0.1654","0.3060"
"44.3360","0.1654","0.3059"
"44.3560","0.1654","0.3059"
"44.3760","0.1654","0.3059"
"44.3960","0.1654","0.3059"
"44.4160","0.1654","0.3059"
"44.4360","0.1654","0.3059"
"44.4560","0.1654","0.3059"
"44.4760","0.1654","0.3058"
"44.4960","0.1654","0.3058"
"44.5160","0.1654","0.3058"
"44.5360","0.1654","0.3059"
"44.5560","0.1654","0.3058"
"44.5760","0.1654","0.3057"
"44.5960","0.1654","0.3057"
"44.6160","0.1654","0.3057"
"44.6360","0.1654","0.3058"
"44.6560","0.1654","0.3057"
"44.6760","0.1654","0.3058"
"44.6960","0.1654","0.3059"
"44.7160","0.1654","0.3058"
"44.7360","0.1654","0.3057"
"44.7560","0.1654","0.3056"
"44.7760","0.1654","0.3055"
"44.7960","0.1654","0.3056"
"44.8160","0.1654","0.3056"
"44.8360","0.1654","0.3055"
"44.8560","0.1654","0.3055"
"44.8760","0.1654","0.3058"
"44.8960","0.1654","0.3060"
"44.9160","0.1654","0.3058"
"44.9360","0.1654","0.3056"
"44.9560","0.1654","0.3056"
"44.9760","0.1654","0.3056"
"44.9960","0.1654","0.3057"
"45.0160","0.1654","0.3056"
"45.0360","0.1654","0.3053"
"45.0560","0.1654","0.3053"
"45.0760","0.1654","0.3055"
"45.0960","0.1654","0.3055"
"45.1160","0.1654","0.3055"
"45.1360","0.1654","0.3056"
"45.1560","0.1654","0.3056"
"45.1760","0.1654","0.3057"
"45.1960","0.1654","0.3056"
"45.2160","0.1654","0.3055"
"45.2360","0.1654","0.3054"
"45.2560","0.1654","0.3054"
"45.2760","0.1654","0.3053"
"45.2960","0.1654","0.3052"
"45.3160","0.1654","0.3052"
"45.3360","0.1654","0.3052"
"45.3560","0.1654","0.3054"
"45.3760","0.1654","0.3055"
"45.3960","0.1654","0.3055"
"45.4160","0.1654","0.3054"
"45.4360","0.1654","0.3054"
"45.4560","0.1654","0.3054"
"45.4760","0.1654","0.3053"
"45.4960","0.1654","0.3051"
"45.5160","0.1654","0.3050"
"45.5360","0.1654","0.3052"
"45.5560","0.1654","0.3052"
"45.5760","0.1654","0.3052"
"45.5960","0.1654","0.3052"
"45.6160","0.1654","0.3053"
"45.6360","0.1654","0.3054"
"45.6560","0.1654","0.3054"
"45.6760","0.1654","0.3053"
"45.6960","0.1654","0.3051"
"45.7160","0.1654","0.3051"
"45.7360","0.1654","0.3051"
"45.7560","0.1654","0.3051"
"45.7760","0.1654","0.3050"
"45.7960","0.1654","0.3050"
"45.8160","0.1654","0.3051"
"45.8360","0.1654","0.3052"
"45.8560","0.1654","0.3053"
"45.8760","0.1654","0.3052"
"45.8960","0.1654","0.3051"
"45.9160","0.1654","0.3052"
"45.9360","0.1654","0.3052"
"45.9560","0.1654","0.3050"
"45.9760","0.1654","0.3049"
"45.9960","0.1654","0.3048"
"46.0160","0.1654","0.3049"
"46.0360","0.1654","0.3049"
"46.0560","0.1654","0.3049"
"46.0760","0.1654","0.3050"
"46.0960","0.1654","0.3050"
"46.1160","0.1654","0.3050"
"46.1360","0.1654","0.3050"
"46.1560","0.1654","0.3049"
"46.1760","0.1654","0.3049"
"46.1960","0.1654","0.3049"
"46.2160","0.1654","0.3049"
"46.2360","0.1654","0.3048"
"46.2560","0.1654","0.3048"
"46.2760","0.1654","0.3049"
"46.2960","0.1654","0.3049"
"46.3160","0.1654","0.3049"
"46.3360","0.1654","0.3049"
"46.3560","0.1654","0.3049"
"46.3760","0.1654","0.3049"
"46.3960","0.1654","0.3049"
"46.4160","0.1654","0.3048"
"46.4360","0.1654","0.3047"
"46.4560","0.1654","0.3047"
"46.4760","0.1654","0.3047"
"46.4960","0.1654","0.3047"
"46.5160","0.1654","0.3046"
"46.5360","0.1654","0.3046"
"46.5560","0.1654","0.3047"
"46.5760","0.1654","0.3047"
"46.5960","0.1654","0.3048"
"46.6160","0.1654","0.3048"
"46.6360","0.1654","0.3047"
"46.6560","0.1654","0.3047"
"46.6760","0.1654","0.3047"
"46.6960","0.1654","0.3046"
"46.7160","0.1654","0.3045"
"46.7360","0.1654","0.3045"
"46.7560","0.1654","0.3046"
"46.7760","0.1654","0.3047"
"46.7960","0.1654","0.3046"
"46.8160","0.1654","0.3046"
"46.8360","0.1654","0.3047"
"46.8560","0.1654","0.3047"
"46.8760","0.1654","0.3048"
"46.8960","0.1654","0.3047"
"46.9160","0.1654","0.3046"
"46.9360","0.1654","0.3045"
"46.9560","0.1654","0.3044"
"46.9760","0.1654","0.3044"
"46.9960","0.1654","0.3045"
"47.0160","0.1654","0.3045"
"47.0360","0.1654","0.3045"
"47.0560","0.1654","0.3045"
"47.0760","0.1654","0.3046"
"47.0960","0.1654","0.3045"
"47.1160","0.1654","0.3045"
"47.1360","0.1654","0.3044"
"47.1560","0.1654","0.3044"
"47.1760","0.1654","0.3043"
"47.1960","0.1654","0.3043"
"47.2160","0.1654","0.3043"
"47.2360","0.1654","0.3044"
"47.2560","0.1654","0.3043"
"47.2760","0.1654","0.3043"
"47.2960","0.1654","0.3044"
"47.3160","0.1654","0.3045"
"47.3360","0.1654","0.3045"
"47.3560","0.1654","0.3044"
"47.3760","0.1654","0.3042"
"47.3960","0.1654","0.3042"
"47.4160","0.1654","0.3042"
"47.4360","0.1654","0.3041"
"47.4560","0.1654","0.3041"
"47.4760","0.1654","0.3042"
"47.4960","0.1654","0.3042"
"47.5160","0.1654","0.3042"
"47.5360","0.1654","0.3042"
"47.5560","0.1654","0.3043"
"47.5760","0.1654","0.3042"
"47.5960","0.1654","0.3042"
"47.6160","0.1654","0.3042"
"47.6360","0.1654","0.3041"
"47.6560","0.1654","0.3041"
"47.6760","0.1654","0.3040"
"47.6960","0.1654","0.3040"
"47.7160","0.1654","0.3040"
"47.7360","0.1654","0.3040"
"47.7560","0.1654","0.3040"
"47.7760","0.1654","0.3041"
"47.7960","0.1654","0.3042"
"47.8160","0.1654","0.3041"
"47.8360","0.1654","0.3040"
"47.8560","0.1654","0.3040"
"47.8760","0.1654","0.3040"
"47.8960","0.1654","0.3040"
"47.9160","0.1654","0.3040"
"47.9360","0.1654","0.3040"
"47.9560","0.1654","0.3039"
"47.9760","0.1654","0.3039"
"47.9960","0.1654","0.3040"
"48.0160","0.1654","0.3041"
"48.0360","0.1654","0.3040"
"48.0560","0.1654","0.3040"
"48.0760","0.1654","0.3040"
"48.0960","0.1654","0.3039"
"48.1160","0.1654","0.3039"
"48.1360","0.1654","0.3039"
"48.1560","0.1654","0.3039"
"48.1760","0.1654","0.3038"
"48.1960","0.1654","0.3038"
"48.2160","0.1654","0.3038"
"48.2360","0.1654","0.3038"
"48.2560","0.1654","0.3038"
"48.2760","0.1654","0.3039"
"48.2960","0.1654","0.3039"
"48.3160","0.1654","0.3040"
"48.3360","0.1654","0.3039"
"48.3560","0.1654","0.3038"
"48.3760","0.1654","0.3038"
"48.3960","0.1654","0.3037"
"48.4160","0.1654","0.3037"
"48.4360","0.1654","0.3037"
"48.4560","0.1654","0.3038"
"48.4760","0.1654","0.3037"
"48.4960","0.1654","0.3037"
"48.5160","0.1654","0.3037"
"48.5360","0.1654","0.3038"
"48.5560","0.1654","0.3038"
"48.5760","0.1654","0.3036"
"48.5960","0.1654","0.3036"
"48.6160","0.1654","0.3035"
"48.6360","0.1654","0.3035"
"48.6560","0.1654","0.3035"
"48.6760","0.1654","0.3035"
"48.6960","0.1654","0.3036"
"48.7160","0.1654","0.3036"
"48.7360","0.1654","0.3036"
"48.7560","0.1654","0.3036"
"48.7760","0.1654","0.3036"
"48.7960","0.1654","0.3036"
"48.8160","0.1654","0.3035"
"48.8360","0.1654","0.3035"
"48.8560","0.1654","0.3035"
"48.8760","0.1654","0.3035"
"48.8960","0.1654","0.3033"
"48.9160","0.1654","0.3034"
"48.9360","0.1654","0.3034"
"48.9560","0.1654","0.3035"
"48.9760","0.1654","0.3035"
"48.9960","0.1654","0.3035"
"49.0160","0.1654","0.3035"
"49.0360","0.1654","0.3035"
"49.0560","0.1654","0.3035"
"49.0760","0.1654","0.3035"
"49.0960","0.1654","0.3033"
"49.1160","0.1654","0.3033"
"49.1360","0.1654","0.3033"
"49.1560","0.1654","0.3033"
"49.1760","0.1654","0.3033"
"49.1960","0.1654","0.3034"
"49.2160","0.1654","0.3035"
"49.2360","0.1654","0.3034"
"49.2560","0.1654","0.3033"
"49.2760","0.1654","0.3033"
"49.2960","0.1654","0.3033"
"49.3160","0.1654","0.3033"
"49.3360","0.1654","0.3033"
"49.3560","0.1654","0.3032"
"49.3760","0.1654","0.3031"
"49.3960","0.1654","0.3031"
"49.4160","0.1654","0.3032"
"49.4360","0.1654","0.3032"
"49.4560","0.1654","0.3032"
"49.4760","0.1654","0.3033"
"49.4960","0.1654","0.3033"
"49.5160","0.1654","0.3032"
"49.5360","0.1654","0.3032"
"49.5560","0.1654","0.3032"
"49.5760","0.1654","0.3033"
"49.5960","0.1654","0.3032"
"49.6160","0.1654","0.3032"
"49.6360","0.1654","0.3032"
"49.6560","0.1654","0.3031"
"49.6760","0.1654","0.3031"
"49.6960","0.1654","0.3031"
"49.7160","0.1654","0.3031"
"49.7360","0.1654","0.3031"
"49.7560","0.1654","0.3032"
"49.7760","0.1654","0.3031"
"49.7960","0.1654","0.3030"
"49.8160","0.1654","0.3030"
"49.8360","0.1654","0.3030"
"49.8560","0.1654","0.3029"
"49.8760","0.1654","0.3029"
"49.8960","0.1654","0.3030"
"49.9160","0.1654","0.3030"
"49.9360","0.1654","0.3030"
"49.9560","0.1654","0.3030"
"49.9760","0.1654","0.3030"
"49.9960","0.1654","0.3029"
"50.0160","0.1654","0.3030"
"50.0360","0.1654","0.3030"
"50.0560","0.1654","0.3030"
"50.0760","0.1654","0.3029"
"50.0960","0.1654","0.3028"
"50.1160","0.1654","0.3029"
"50.1360","0.1654","0.3029"
"50.1560","0.1654","0.3029"
"50.1760","0.1654","0.3029"
"50.1960","0.1654","0.3029"
"50.2160","0.1654","0.3028"
"50.2360","0.1654","0.3029"
"50.2560","0.1654","0.3029"
"50.2760","0.1654","0.3028"
"50.2960","0.1654","0.3028"
"50.3160","0.1654","0.3028"
"50.3360","0.1654","0.3028"
"50.3560","0.1654","0.3027"
"50.3760","0.1654","0.3026"
"50.3960","0.1654","0.3027"
"50.4160","0.1654","0.3028"
"50.4360","0.1654","0.3029"
"50.4560","0.1654","0.3029"
"50.4760","0.1654","0.3028"
"50.4960","0.1654","0.3028"
"50.5160","0.1654","0.3027"
"50.5360","0.1654","0.3027"
"50.5560","0.1654","0.3026"
"50.5760","0.1654","0.3026"
"50.5960","0.1654","0.3027"
"50.6160","0.1654","0.3027"
"50.6360","0.1654","0.3027"
"50.6560","0.1654","0.3026"
"50.6760","0.1654","0.3027"
"50.6960","0.1654","0.3027"
"50.7160","0.1654","0.3027"
"50.7360","0.1654","0.3027"
"50.7560","0.1654","0.3026"
"50.7760","0.1654","0.3026"
"50.7960","0.1654","0.3026"
"50.8160","0.1654","0.3025"
"50.8360","0.1654","0.3025"
"50.8560","0.1654","0.3026"
"50.8760","0.1654","0.3025"
"50.8960","0.1654","0.3025"
"50.9160","0.1654","0.3025"
"50.9360","0.1654","0.3025"
"50.9560","0.1654","0.3025"
"50.9760","0.1654","0.3025"
"50.9960","0.1654","0.3025"
"51.0160","0.1654","0.3025"
"51.0360","0.1654","0.3025"
"51.0560","0.1654","0.3025"
"51.0760","0.1654","0.3025"
"51.0960","0.1654","0.3025"
"51.1160","0.1654","0.3025"
"51.1360","0.1654","0.3025"
"51.1560","0.1654","0.3025"
"51.1760","0.1654","0.3025"
"51.1960","0.1654","0.3024"
"51.2160","0.1654","0.3024"
"51.2360","0.1654","0.3024"
"51.2560","0.1654","0.3024"
"51.2760","0.1654","0.3023"
"51.2960","0.1654","0.3023"
"51.3160","0.1654","0.3023"
"51.3360","0.1654","0.3022"
"51.3560","0.1654","0.3023"
"51.3760","0.1654","0.3024"
"51.3960","0.1654","0.3023"
"51.4160","0.1654","0.3022"
"51.4360","0.1654","0.3022"
"51.4560","0.1654","0.3023"
"51.4760","0.1654","0.3022"
"51.4960","0.1654","0.3022"
"51.5160","0.1654","0.3022"
"51.5360","0.1654","0.3022"
"51.5560","0.1654","0.3021"
"51.5760","0.1654","0.3021"
"51.5960","0.1654","0.3021"
"51.6160","0.1654","0.3022"
"51.6360","0.1654","0.3022"
"51.6560","0.1654","0.3022"
"51.6760","0.1654","0.3022"
"51.6960","0.1654","0.3022"
"51.7160","0.1654","0.3022"
"51.7360","0.1654","0.3021"
"51.7560","0.1654","0.3021"
"51.7760","0.1654","0.3021"
"51.7960","0.1654","0.3021"
"51.8160","0.1654","0.3020"
"51.8360","0.1654","0.3021"
"51.8560","0.1654","0.3021"
"51.8760","0.1654","0.3022"
"51.8960","0.1654","0.3022"
"51.9160","0.1654","0.3021"
"51.9360","0.1654","0.3020"
"51.9560","0.1654","0.3019"
"51.9760","0.1654","0.3020"
"51.9960","0.1654","0.3020"
"52.0160","0.1654","0.3020"
"52.0360","0.1654","0.3020"
"52.0560","0.1654","0.3019"
"52.0760","0.1654","0.3019"
"52.0960","0.1654","0.3020"
"52.1160","0.1654","0.3019"
"52.1360","0.1654","0.3020"
"52.1560","0.1654","0.3020"
"52.1760","0.1654","0.3020"
"52.1960","0.1654","0.3020"
"52.2160","0.1654","0.3019"
"52.2360","0.1654","0.3019"
"52.2560","0.1654","0.3018"
"52.2760","0.1654","0.3017"
"52.2960","0.1654","0.3018"
"52.3160","0.1654","0.3019"
"52.3360","0.1654","0.3019"
"52.3560","0.1654","0.3020"
"52.3760","0.1654","0.3020"
"52.3960","0.1654","0.3018"
"52.4160","0.1654","0.3018"
"52.4360","0.1654","0.3018"
"52.4560","0.1654","0.3017"
"52.4760","0.1654","0.3017"
"52.4960","0.1654","0.3017"
"52.5160","0.1654","0.3017"
"52.5360","0.1654","0.3016"
"52.5560","0.1654","0.3018"
"52.5760","0.1654","0.3018"
"52.5960","0.1654","0.3019"
"52.6160","0.1654","0.3018"
"52.6360","0.1654","0.3018"
"52.6560","0.1654","0.3017"
"52.6760","0.1654","0.3017"
"52.6960","0.1654","0.3017"
"52.7160","0.1654","0.3017"
"52.7360","0.1654","0.3016"
"52.7560","0.1654","0.3015"
"52.7760","0.1654","0.3015"
"52.7960","0.1654","0.3015"
"52.8160","0.1654","0.3016"
"52.8360","0.1654","0.3016"
"52.8560","0.1654","0.3016"
"52.8760","0.1654","0.3017"
"52.8960","0.1654","0.3017"
"52.9160","0.1654","0.3017"
"52.9360","0.1654","0.3016"
"52.9560","0.1654","0.3015"
"52.9760","0.1654","0.3015"
"52.9960","0.1654","0.3015"
"53.0160","0.1654","0.3016"
"53.0360","0.1654","0.3016"
"53.0560","0.1654","0.3015"
"53.0760","0.1654","0.3016"
"53.0960","0.1654","0.3015"
"53.1160","0.1654","0.3015"
"53.1360","0.1654","0.3014"
"53.1560","0.1654","0.3014"
"53.1760","0.1654","0.3014"
"53.1960","0.1654","0.3013"
"53.2160","0.1654","0.3013"
"53.2360","0.1654","0.3013"
"53.2560","0.1654","0.3014"
"53.2760","0.1654","0.3015"
"53.2960","0.1654","0.3015"
"53.3160","0.1654","0.3014"
"53.3360","0.1654","0.3014"
"53.3560","0.1654","0.3014"
"53.3760","0.1654","0.3013"
"53.3960","0.1654","0.3013"
"53.4160","0.1654","0.3013"
"53.4360","0.1654","0.3012"
"53.4560","0.1654","0.3012"
"53.4760","0.1654","0.3012"
"53.4960","0.1654","0.3013"
"53.5160","0.1654","0.3013"
"53.5360","0.1654","0.3014"
"53.5560","0.1654","0.3014"
"53.5760","0.1654","0.3014"
"53.5960","0.1654","0.3013"
"53.6160","0.1654","0.3013"
"53.6360","0.1654","0.3012"
"53.6560","0.1654","0.3012"
"53.6760","0.1654","0.3012"
"53.6960","0.1654","0.3012"
"53.7160","0.1654","0.3012"
"53.7360","0.1654","0.3012"
"53.7560","0.1654","0.3013"
"53.7760","0.1654","0.3013"
"53.7960","0.1654","0.3013"
"53.8160","0.1654","0.3013"
"53.8360","0.1654","0.3012"
"53.8560","0.1654","0.3012"
"53.8760","0.1654","0.3011"
"53.8960","0.1654","0.3010"
"53.9160","0.1654","0.3011"
"53.9360","0.1654","0.3010"
"53.9560","0.1654","0.3010"
"53.9760","0.1654","0.3011"
"53.9960","0.1654","0.3011"
"54.0160","0.1654","0.3011"
"54.0360","0.1654","0.3011"
"54.0560","0.1654","0.3011"
"54.0760","0.1654","0.3011"
"54.0960","0.1654","0.3011"
"54.1160","0.1654","0.3010"
"54.1360","0.1654","0.3009"
"54.1560","0.1654","0.3010"
"54.1760","0.1654","0.3010"
"54.1960","0.1654","0.3010"
"54.2160","0.1654","0.3010"
"54.2360","0.1654","0.3011"
"54.2560","0.1654","0.3010"
"54.2760","0.1654","0.3011"
"54.2960","0.1654","0.3010"
"54.3160","0.1654","0.3010"
"54.3360","0.1654","0.3010"
"54.3560","0.1654","0.3009"
"54.3760","0.1654","0.3009"
"54.3960","0.1654","0.3009"
"54.4160","0.1654","0.3009"
"54.4360","0.1654","0.3008"
"54.4560","0.1654","0.3008"
"54.4760","0.1654","0.3008"
"54.4960","0.1654","0.3010"
"54.5160","0.1654","0.3009"
"54.5360","0.1654","0.3009"
"54.5560","0.1654","0.3008"
"54.5760","0.1654","0.3008"
"54.5960","0.1654","0.3007"
"54.6160","0.1654","0.3008"
"54.6360","0.1654","0.3007"
"54.6560","0.1654","0.3008"
"54.6760","0.1654","0.3008"
"54.6960","0.1654","0.3008"
"54.7160","0.1654","0.3007"
"54.7360","0.1654","0.3009"
"54.7560","0.1654","0.3009"
"54.7760","0.1654","0.3009"
"54.7960","0.1654","0.3008"
"54.8160","0.1654","0.3008"
"54.8360","0.1654","0.3008"
"54.8560","0.1654","0.3007"
"54.8760","0.1654","0.3006"
"54.8960","0.1654","0.3005"
"54.9160","0.1654","0.3006"
"54.9360","0.1654","0.3006"
"54.9560","0.1654","0.3006"
"54.9760","0.1654","0.3006"
"54.9960","0.1654","0.3006"
"55.0160","0.1654","0.3006"
"55.0360","0.1654","0.3006"
"55.0560","0.1654","0.3006"
"55.0760","0.1654","0.3006"
"55.0960","0.1654","0.3007"
"55.1160","0.1654","0.3006"
"55.1360","0.1654","0.3005"
"55.1560","0.1654","0.3005"
"55.1760","0.1654","0.3005"
"55.1960","0.1654","0.3005"
"55.2160","0.1654","0.3005"
"55.2360","0.1654","0.3004"
"55.2560","0.1654","0.3005"
"55.2760","0.1654","0.3005"
"55.2960","0.1654","0.3005"
"55.3160","0.1654","0.3006"
"55.3360","0.1654","0.3005"
"55.3560","0.1654","0.3005"
"55.3760","0.1654","0.3005"
"55.3960","0.1654","0.3004"
"55.4160","0.1654","0.3004"
"55.4360","0.1654","0.3004"
"55.4560","0.1654","0.3005"
"55.4760","0.1654","0.3005"
"55.4960","0.1654","0.3005"
"55.5160","0.1654","0.3005"
"55.5360","0.1654","0.3005"
"55.5560","0.1654","0.3004"
"55.5760","0.1654","0.3003"
"55.5960","0.1654","0.3003"
"55.6160","0.1654","0.3003"
"55.6360","0.1654","0.3003"
"55.6560","0.1654","0.3003"
"55.6760","0.1654","0.3003"
"55.6960","0.1654","0.3003"
"55.7160","0.1654","0.3003"
"55.7360","0.1654","0.3004"
"55.7560","0.1654","0.3004"
"55.7760","0.1654","0.3003"
"55.7960","0.1654","0.3003"
"55.8160","0.1654","0.3003"
"55.8360","0.1654","0.3003"
"55.8560","0.1654","0.3003"
"55.8760","0.1654","0.3002"
"55.8960","0.1654","0.3003"
"55.9160","0.1654","0.3003"
"55.9360","0.1654","0.3003"
"55.9560","0.1654","0.3004"
"55.9760","0.1654","0.3002"
"55.9960","0.1654","0.3001"
"56.0160","0.1654","0.3001"
"56.0360","0.1654","0.3002"
"56.0560","0.1654","0.3002"
"56.0760","0.1654","0.3002"
"56.0960","0.1654","0.3001"
"56.1160","0.1654","0.3001"
"56.1360","0.1654","0.3001"
"56.1560","0.1654","0.3001"
"56.1760","0.1654","0.3001"
"56.1960","0.1654","0.3001"
"56.2160","0.1654","0.3002"
"56.2360","0.1654","0.3002"
"56.2560","0.1654","0.3002"
"56.2760","0.1654","0.3001"
"56.2960","0.1654","0.3000"
"56.3160","0.1654","0.3000"
"56.3360","0.1654","0.2999"
"56.3560","0.1654","0.3000"
"56.3760","0.1654","0.2999"
"56.3960","0.1654","0.3000"
"56.4160","0.1654","0.3000"
"56.4360","0.1654","0.3000"
"56.4560","0.1654","0.3000"
"56.4760","0.1654","0.3000"
"56.4960","0.1654","0.3000"
"56.5160","0.1654","0.3000"
"56.5360","0.1654","0.2999"
"56.5560","0.1654","0.2999"
"56.5760","0.1654","0.3000"
"56.5960","0.1654","0.2999"
"56.6160","0.1654","0.2999"
"56.6360","0.1654","0.3000"
"56.6560","0.1654","0.3000"
"56.6760","0.1654","0.3000"
"56.6960","0.1654","0.2999"
"56.7160","0.1654","0.2999"
"56.7360","0.1654","0.2999"
"56.7560","0.1654","0.2998"
"56.7760","0.1654","0.2998"
"56.7960","0.1654","0.2998"
"56.8160","0.1654","0.2998"
"56.8360","0.1654","0.2998"
"56.8560","0.1654","0.2998"
"56.8760","0.1654","0.3000"
"56.8960","0.1654","0.3000"
"56.9160","0.1654","0.2999"
"56.9360","0.1654","0.2999"
"56.9560","0.1654","0.2998"
"56.9760","0.1654","0.2998"
"56.9960","0.1654","0.2998"
"57.0160","0.1654","0.2997"
"57.0360","0.1654","0.2997"
"57.0560","0.1654","0.2997"
"57.0760","0.1654","0.2997"
"57.0960","0.1654","0.2997"
"57.1160","0.1654","0.2998"
"57.1360","0.1654","0.2997"
"57.1560","0.1654","0.2997"
"57.1760","0.1654","0.2997"
"57.1960","0.1654","0.2997"
"57.2160","0.1654","0.2997"
"57.2360","0.1654","0.2997"
"57.2560","0.1654","0.2996"
"57.2760","0.1654","0.2997"
"57.2960","0.1654","0.2997"
"57.3160","0.1654","0.2997"
"57.3360","0.1654","0.2997"
"57.3560","0.1654","0.2996"
"57.3760","0.1654","0.2995"
"57.3960","0.1654","0.2996"
"57.4160","0.1654","0.2996"
"57.4360","0.1654","0.2997"
"57.4560","0.1654","0.2996"
"57.4760","0.1654","0.2995"
"57.4960","0.1654","0.2996"
"57.5160","0.1654","0.2996"
"57.5360","0.1654","0.2995"
"57.5560","0.1654","0.2995"
"57.5760","0.1654","0.2995"
"57.5960","0.1654","0.2995"
"57.6160","0.1654","0.2996"
"57.6360","0.1654","0.2996"
"57.6560","0.1654","0.2997"
"57.6760","0.1654","0.2996"
"57.6960","0.1654","0.2995"
"57.7160","0.1654","0.2995"
"57.7360","0.1654","0.2995"
"57.7560","0.1654","0.2994"
"57.7760","0.1654","0.2993"
"57.7960","0.1654","0.2993"
"57.8160","0.1654","0.2994"
"57.8360","0.1654","0.2995"
"57.8560","0.1654","0.2994"
"57.8760","0.1654","0.2995"
"57.8960","0.1654","0.2994"
"57.9160","0.1654","0.2994"
"57.9360","0.1654","0.2994"
"57.9560","0.1654","0.2994"
"57.9760","0.1654","0.2993"
"57.9960","0.1654","0.2993"
"58.0160","0.1654","0.2992"
"58.0360","0.1654","0.2992"
"58.0560","0.1654","0.2992"
"58.0760","0.1654","0.2993"
"58.0960","0.1654","0.2993"
"58.1160","0.1654","0.2994"
"58.1360","0.1654","0.2993"
"58.1560","0.1654","0.2992"
"58.1760","0.1654","0.2992"
"58.1960","0.1654","0.2993"
"58.2160","0.1654","0.2993"
"58.2360","0.1654","0.2993"
"58.2560","0.1654","0.2992"
"58.2760","0.1654","0.2993"
"58.2960","0.1654","0.2992"
"58.3160","0.1654","0.2992"
"58.3360","0.1654","0.2992"
"58.3560","0.1654","0.2992"
"58.3760","0.1654","0.2992"
"58.3960","0.1654","0.2992"
"58.4160","0.1654","0.2992"
"58.4360","0.1654","0.2991"
"58.4560","0.1654","0.2992"
"58.4760","0.1654","0.2992"
"58.4960","0.1654","0.2991"
"58.5160","0.1654","0.2991"
"58.5360","0.1654","0.2991"
"58.5560","0.1654","0.2991"
"58.5760","0.1654","0.2991"
"58.5960","0.1654","0.2991"
"58.6160","0.1654","0.2991"
"58.6360","0.1654","0.2992"
"58.6560","0.1654","0.2992"
"58.6760","0.1654","0.2992"
"58.6960","0.1654","0.2991"
"58.7160","0.1654","0.2991"
"58.7360","0.1654","0.2991"
"58.7560","0.1654","0.2991"
"58.7760","0.1654","0.2991"
"58.7960","0.1654","0.2991"
"58.8160","0.1654","0.2991"
"58.8360","0.1654","0.2991"
"58.8560","0.1654","0.2990"
"58.8760","0.1654","0.2990"
"58.8960","0.1654","0.2989"
"58.9160","0.1654","0.2989"
"58.9360","0.1654","0.2990"
"58.9560","0.1654","0.2990"
"58.9760","0.1654","0.2990"
"58.9960","0.1654","0.2990"
"59.0160","0.1654","0.2989"
"59.0360","0.1654","0.2989"
"59.0560","0.1654","0.2990"
"59.0760","0.1654","0.2990"
"59.0960","0.1654","0.2990"
"59.1160","0.1654","0.2990"
"59.1360","0.1654","0.2990"
"59.1560","0.1654","0.2989"
"59.1760","0.1654","0.2989"
"59.1960","0.1654","0.2989"
"59.2160","0.1654","0.2988"
"59.2360","0.1654","0.2989"
"59.2560","0.1654","0.2989"
"59.2760","0.1654","0.2989"
"59.2960","0.1654","0.2989"
"59.3160","0.1654","0.2989"
"59.3360","0.1654","0.2988"
"59.3560","0.1654","0.2988"
"59.3760","0.1654","0.2988"
"59.3960","0.1654","0.2989"
"59.4160","0.1654","0.2988"
"59.4360","0.1654","0.2988"
"59.4560","0.1654","0.2988"
"59.4760","0.1654","0.2988"
"59.4960","0.1654","0.2989"
"59.5160","0.1654","0.2989"
"59.5360","0.1654","0.2988"
"59.5560","0.1654","0.2987"
"59.5760","0.1654","0.2987"
"59.5960","0.1654","0.2987"
"59.6160","0.1654","0.2987"
"59.6360","0.1654","0.2987"
"59.6560","0.1654","0.2987"
"59.6760","0.1654","0.2987"
"59.6960","0.1654","0.2986"
"59.7160","0.1654","0.2986"
"59.7360","0.1654","0.2986"
"59.7560","0.1654","0.2987"
"59.7760","0.1654","0.2987"
"59.7960","0.1654","0.2987"
"59.8160","0.1654","0.2987"
"59.8360","0.1654","0.2986"
"59.8560","0.1654","0.2986"
"59.8760","0.1654","0.2986"
"59.8960","0.1654","0.2986"
"59.9160","0.1654","0.2985"
"59.9360","0.1654","0.2985"
"59.9560","0.1654","0.2986"
"59.9760","0.1654","0.2987"
"59.9960","0.1654","0.2987"
"60.0160","0.1654","0.2986"
"60.0360","0.1654","0.2984"
"60.0560","0.1654","0.2984"
"60.0760","0.1654","0.2984"
"60.0960","0.1654","0.2984"
"60.1160","0.1654","0.2985"
"60.1360","0.1654","0.2985"
"60.1560","0.1654","0.2985"
"60.1760","0.1654","0.2985"
"60.1960","0.1654","0.2985"
"60.2160","0.1654","0.2985"
"60.2360","0.1654","0.2985"
"60.2560","0.1654","0.2985"
"60.2760","0.1654","0.2985"
"60.2960","0.1654","0.2985"
"60.3160","0.1654","0.2984"
"60.3360","0.1654","0.2984"
"60.3560","0.1654","0.2984"
"60.3760","0.1654","0.2985"
"60.3960","0.1654","0.2985"
"60.4160","0.1654","0.2984"
"60.4360","0.1654","0.2984"
"60.4560","0.1654","0.2984"
"60.4760","0.1654","0.2984"
"60.4960","0.1654","0.2984"
"60.5160","0.1654","0.2983"
"60.5360","0.1654","0.2984"
"60.5560","0.1654","0.2985"
"60.5760","0.1654","0.2985"
"60.5960","0.1654","0.2984"
"60.6160","0.1654","0.2984"
"60.6360","0.1654","0.2983"
"60.6560","0.1654","0.2983"
"60.6760","0.1654","0.2983"
"60.6960","0.1654","0.2982"
"60.7160","0.1654","0.2982"
"60.7360","0.1654","0.2982"
"60.7560","0.1654","0.2983"
"60.7760","0.1654","0.2984"
"60.7960","0.1654","0.2984"
"60.8160","0.1654","0.2982"
"60.8360","0.1654","0.2981"
"60.8560","0.1654","0.2980"
"60.8760","0.1654","0.2981"
"60.8960","0.1654","0.2982"
"60.9160","0.1654","0.2983"
"60.9360","0.1654","0.2983"
"60.9560","0.1654","0.2982"
"60.9760","0.1654","0.2981"
"60.9960","0.1654","0.2981"
"61.0160","0.1654","0.2982"
"61.0360","0.1654","0.2983"
"61.0560","0.1654","0.2982"
"61.0760","0.1654","0.2981"
"61.0960","0.1654","0.2981"
"61.1160","0.1654","0.2980"
"61.1360","0.1654","0.2979"
"61.1560","0.1654","0.2980"
"61.1760","0.1654","0.2981"
"61.1960","0.1654","0.2982"
"61.2160","0.1654","0.2983"
"61.2360","0.1654","0.2982"
"61.2560","0.1654","0.2982"
"61.2760","0.1654","0.2981"
"61.2960","0.1654","0.2980"
"61.3160","0.1654","0.2981"
"61.3360","0.1654","0.2981"
"61.3560","0.1654","0.2981"
"61.3760","0.1654","0.2980"
"61.3960","0.1654","0.2980"
"61.4160","0.1654","0.2980"
"61.4360","0.1654","0.2981"
"61.4560","0.1654","0.2981"
"61.4760","0.1654","0.2981"
"61.4960","0.1654","0.2980"
"61.5160","0.1654","0.2980"
"61.5360","0.1654","0.2980"
"61.5560","0.1654","0.2979"
"61.5760","0.1654","0.2979"
"61.5960","0.1654","0.2979"
"61.6160","0.1654","0.2979"
"61.6360","0.1654","0.2979"
"61.6560","0.1654","0.2979"
"61.6760","0.1654","0.2979"
"61.6960","0.1654","0.2980"
"61.7160","0.1654","0.2980"
"61.7360","0.1654","0.2980"
"61.7560","0.1654","0.2980"
"61.7760","0.1654","0.2979"
"61.7960","0.1654","0.2978"
"61.8160","0.1654","0.2978"
"61.8360","0.1654","0.2979"
"61.8560","0.1654","0.2978"
"61.8760","0.1654","0.2978"
"61.8960","0.1654","0.2979"
"61.9160","0.1654","0.2979"
"61.9360","0.1654","0.2979"
"61.9560","0.1654","0.2979"
"61.9760","0.1654","0.2979"
"61.9960","0.1654","0.2978"
"62.0160","0.1654","0.2977"
"62.0360","0.1654","0.2976"
"62.0560","0.1654","0.2976"
"62.0760","0.1654","0.2977"
"62.0960","0.1654","0.2978"
"62.1160","0.1654","0.2978"
"62.1360","0.1654","0.2978"
"62.1560","0.1654","0.2979"
"62.1760","0.1654","0.2979"
"62.1960","0.1654","0.2979"
"62.2160","0.1654","0.2978"
"62.2360","0.1654","0.2977"
"62.2560","0.1654","0.2976"
"62.2760","0.1654","0.2976"
"62.2960","0.1654","0.2976"
"62.3160","0.1654","0.2976"
"62.3360","0.1654","0.2975"
"62.3560","0.1654","0.2976"
"62.3760","0.1654","0.2976"
"62.3960","0.1654","0.2977"
"62.4160","0.1654","0.2977"
"62.4360","0.1654","0.2977"
"62.4560","0.1654","0.2977"
"62.4760","0.1654","0.2977"
"62.4960","0.1654","0.2977"
"62.5160","0.1654","0.2976"
"62.5360","0.1654","0.2974"
"62.5560","0.1654","0.2974"
"62.5760","0.1654","0.2974"
"62.5960","0.1654","0.2975"
"62.6160","0.1654","0.2975"
"62.6360","0.1654","0.2976"
"62.6560","0.1654","0.2977"
"62.6760","0.1654","0.2976"
"62.6960","0.1654","0.2976"
"62.7160","0.1654","0.2975"
"62.7360","0.1654","0.2975"
"62.7560","0.1654","0.2974"
"62.7760","0.1654","0.2974"
"62.7960","0.1654","0.2974"
"62.8160","0.1654","0.2974"
"62.8360","0.1654","0.2974"
"62.8560","0.1654","0.2975"
"62.8760","0.1654","0.2976"
"62.8960","0.1654","0.2976"
"62.9160","0.1654","0.2976"
"62.9360","0.1654","0.2975"
"62.9560","0.1654","0.2975"
"62.9760","0.1654","0.2975"
"62.9960","0.1654","0.2973"
"63.0160","0.1654","0.2972"
"63.0360","0.1654","0.2973"
"63.0560","0.1654","0.2973"
"63.0760","0.1654","0.2973"
"63.0960","0.1654","0.2972"
"63.1160","0.1654","0.2973"
"63.1360","0.1654","0.2974"
"63.1560","0.1654","0.2975"
"63.1760","0.1654","0.2974"
"63.1960","0.1654","0.2974"
"63.2160","0.1654","0.2974"
"63.2360","0.1654","0.2974"
"63.2560","0.1654","0.2973"
"63.2760","0.1654","0.2973"
"63.2960","0.1654","0.2972"
"63.3160","0.1654","0.2972"
"63.3360","0.1654","0.2973"
"63.3560","0.1654","0.2973"
"63.3760","0.1654","0.2974"
"63.3960","0.1654","0.2974"
"63.4160","0.1654","0.2973"
"63.4360","0.1654","0.2973"
"63.4560","0.1654","0.2973"
"63.4760","0.1654","0.2972"
"63.4960","0.1654","0.2971"
"63.5160","0.1654","0.2971"
"63.5360","0.1654","0.2971"
"63.5560","0.1654","0.2971"
"63.5760","0.1654","0.2972"
"63.5960","0.1654","0.2973"
"63.6160","0.1654","0.2974"
"63.6360","0.1654","0.2973"
"63.6560","0.1654","0.2973"
"63.6760","0.1654","0.2973"
"63.6960","0.1654","0.2971"
"63.7160","0.1654","0.2971"
"63.7360","0.1654","0.2971"
"63.7560","0.1654","0.2970"
"63.7760","0.1654","0.2969"
"63.7960","0.1654","0.2970"
"63.8160","0.1654","0.2971"
"63.8360","0.1654","0.2972"
"63.8560","0.1654","0.2973"
"63.8760","0.1654","0.2972"
"63.8960","0.1654","0.2971"
"63.9160","0.1654","0.2971"
"63.9360","0.1654","0.2970"
"63.9560","0.1654","0.2968"
"63.9760","0.1654","0.2968"
"63.9960","0.1654","0.2968"
"64.0160","0.1654","0.2969"
"64.0360","0.1654","0.2969"
"64.0560","0.1654","0.2970"
"64.0760","0.1654","0.2971"
"64.0960","0.1654","0.2972"
"64.1160","0.1654","0.2972"
"64.1360","0.1654","0.2970"
"64.1560","0.1654","0.2970"
"64.1760","0.1654","0.2970"
"64.1960","0.1654","0.2969"
"64.2160","0.1654","0.2968"
"64.2360","0.1654","0.2969"
"64.2560","0.1654","0.2969"
"64.2760","0.1654","0.2970"
"64.2960","0.1654","0.2970"
"64.3160","0.1654","0.2970"
"64.3360","0.1654","0.2970"
"64.3560","0.1654","0.2969"
"64.3760","0.1654","0.2970"
"64.3960","0.1654","0.2970"
"64.4160","0.1654","0.2969"
"64.4360","0.1654","0.2968"
"64.4560","0.1654","0.2968"
"64.4760","0.1654","0.2968"
"64.4960","0.1654","0.2968"
"64.5160","0.1654","0.2967"
"64.5360","0.1654","0.2967"
"64.5560","0.1654","0.2968"
"64.5760","0.1654","0.2969"
"64.5960","0.1654","0.2969"
"64.6160","0.1654","0.2969"
"64.6360","0.1654","0.2968"
"64.6560","0.1654","0.2968"
"64.6760","0.1654","0.2967"
"64.6960","0.1654","0.2966"
"64.7160","0.1654","0.2967"
"64.7360","0.1654","0.2967"
"64.7560","0.1654","0.2967"
"64.7760","0.1654","0.2967"
"64.7960","0.1654","0.2967"
"64.8160","0.1654","0.2967"
"64.8360","0.1654","0.2968"
"64.8560","0.1654","0.2968"
"64.8760","0.1654","0.2969"
"64.8960","0.1654","0.2967"
"64.9160","0.1654","0.2967"
"64.9360","0.1654","0.2966"
"64.9560","0.1654","0.2965"
"64.9760","0.1654","0.2965"
"64.9960","0.1654","0.2966"
"65.0160","0.1654","0.2967"
"65.0360","0.1654","0.2967"
"65.0560","0.1654","0.2968"
"65.0760","0.1654","0.2967"
"65.0960","0.1654","0.2968"
"65.1160","0.1654","0.2968"
"65.1360","0.1654","0.2967"
"65.1560","0.1654","0.2966"
"65.1760","0.1654","0.2965"
"65.1960","0.1654","0.2965"
"65.2160","0.1654","0.2965"
"65.2360","0.1654","0.2965"
"65.2560","0.1654","0.2966"
"65.2760","0.1654","0.2966"
"65.2960","0.1654","0.2966"
"65.3160","0.1654","0.2967"
"65.3360","0.1654","0.2966"
"65.3560","0.1654","0.2965"
"65.3760","0.1654","0.2966"
"65.3960","0.1654","0.2965"
"65.4160","0.1654","0.2965"
"65.4360","0.1654","0.2964"
"65.4560","0.1654","0.2964"
"65.4760","0.1654","0.2965"
"65.4960","0.1654","0.2965"
"65.5160","0.1654","0.2965"
"65.5360","0.1654","0.2965"
"65.5560","0.1654","0.2965"
"65.5760","0.1654","0.2966"
"65.5960","0.1654","0.2966"
"65.6160","0.1654","0.2965"
"65.6360","0.1654","0.2964"
"65.6560","0.1654","0.2964"
"65.6760","0.1654","0.2963"
"65.6960","0.1654","0.2964"
"65.7160","0.1654","0.2965"
"65.7360","0.1654","0.2965"
"65.7560","0.1654","0.2964"
"65.7760","0.1654","0.2964"
"65.7960","0.1654","0.2964"
"65.8160","0.1654","0.2964"
"65.8360","0.1654","0.2964"
"65.8560","0.1654","0.2964"
"65.8760","0.1654","0.2963"
"65.8960","0.1654","0.2963"
"65.9160","0.1654","0.2963"
"65.9360","0.1654","0.2962"
"65.9560","0.1654","0.2963"
"65.9760","0.1654","0.2964"
"65.9960","0.1654","0.2963"
"66.0160","0.1654","0.2963"
"66.0360","0.1654","0.2964"
"66.0560","0.1654","0.2964"
"66.0760","0.1654","0.2963"
"66.0960","0.1654","0.2962"
"66.1160","0.1654","0.2962"
"66.1360","0.1654","0.2962"
"66.1560","0.1654","0.2962"
"66.1760","0.1654","0.2962"
"66.1960","0.1654","0.2962"
"66.2160","0.1654","0.2962"
"66.2360","0.1654","0.2962"
"66.2560","0.1654","0.2962"
"66.2760","0.1654","0.2963"
"66.2960","0.1654","0.2962"
"66.3160","0.1654","0.2962"
"66.3360","0.1654","0.2962"
"66.3560","0.1654","0.2961"
"66.3760","0.1654","0.2960"
"66.3960","0.1654","0.2960"
"66.4160","0.1654","0.2961"
"66.4360","0.1654","0.2961"
"66.4560","0.1654","0.2961"
"66.4760","0.1654","0.2962"
"66.4960","0.1654","0.2962"
"66.5160","0.1654","0.2961"
"66.5360","0.1654","0.2962"
"66.5560","0.1654","0.2962"
"66.5760","0.1654","0.2962"
"66.5960","0.1654","0.2961"
"66.6160","0.1654","0.2960"
"66.6360","0.1654","0.2960"
"66.6560","0.1654","0.2960"
"66.6760","0.1654","0.2960"
"66.6960","0.1654","0.2961"
"66.7160","0.1654","0.2961"
"66.7360","0.1654","0.2961"
"66.7560","0.1654","0.2961"
"66.7760","0.1654","0.2961"
"66.7960","0.1654","0.2962"
"66.8160","0.1654","0.2961"
"66.8360","0.1654","0.2959"
"66.8560","0.1654","0.2958"
"66.8760","0.1654","0.2958"
"66.8960","0.1654","0.2959"
"66.9160","0.1654","0.2960"
"66.9360","0.1654","0.2960"
"66.9560","0.1654","0.2960"
"66.9760","0.1654","0.2960"
"66.9960","0.1654","0.2961"
"67.0160","0.1654","0.2961"
"67.0360","0.1654","0.2960"
"67.0560","0.1654","0.2960"
"67.0760","0.1654","0.2959"
"67.0960","0.1654","0.2958"
"67.1160","0.1654","0.2959"
"67.1360","0.1654","0.2959"
"67.1560","0.1654","0.2959"
"67.1760","0.1654","0.2959"
"67.1960","0.1654","0.2959"
"67.2160","0.1654","0.2959"
"67.2360","0.1654","0.2959"
"67.2560","0.1654","0.2960"
"67.2760","0.1654","0.2960"
"67.2960","0.1654","0.2959"
"67.3160","0.1654","0.2959"
"67.3360","0.1654","0.2959"
"67.3560","0.1654","0.2958"
"67.3760","0.1654","0.2958"
"67.3960","0.1654","0.2959"
"67.4160","0.1654","0.2959"
"67.4360","0.1654","0.2958"
"67.4560","0.1654","0.2958"
"67.4760","0.1654","0.2959"
"67.4960","0.1654","0.2958"
"67.5160","0.1654","0.2958"
"67.5360","0.1654","0.2958"
"67.5560","0.1654","0.2958"
"67.5760","0.1654","0.2958"
"67.5960","0.1654","0.2958"
"67.6160","0.1654","0.2957"
"67.6360","0.1654","0.2957"
"67.6560","0.1654","0.2957"
"67.6760","0.1654","0.2958"
"67.6960","0.1654","0.2958"
"67.7160","0.1654","0.2957"
"67.7360","0.1654","0.2957"
"67.7560","0.1654","0.2957"
"67.7760","0.1654","0.2957"
"67.7960","0.1654","0.2957"
"67.8160","0.1654","0.2958"
"67.8360","0.1654","0.2957"
"67.8560","0.1654","0.2956"
"67.8760","0.1654","0.2956"
"67.8960","0.1654","0.2956"
"67.9160","0.1654","0.2957"
"67.9360","0.1654","0.2958"
"67.9560","0.1654","0.2957"
"67.9760","0.1654","0.2957"
"67.9960","0.1654","0.2957"
"68.0160","0.1654","0.2956"
"68.0360","0.1654","0.2955"
"68.0560","0.1654","0.2954"
"68.0760","0.1654","0.2955"
"68.0960","0.1654","0.2954"
"68.1160","0.1654","0.2954"
"68.1360","0.1654","0.2954"
"68.1560","0.1654","0.2955"
"68.1760","0.1654","0.2956"
"68.1960","0.1654","0.2957"
"68.2160","0.1654","0.2957"
"68.2360","0.1654","0.2956"
"68.2560","0.1654","0.2955"
"68.2760","0.1654","0.2955"
"68.2960","0.1654","0.2955"
"68.3160","0.1654","0.2954"
"68.3360","0.1654","0.2954"
"68.3560","0.1654","0.2954"
"68.3760","0.1654","0.2955"
"68.3960","0.1654","0.2955"
"68.4160","0.1654","0.2955"
"68.4360","0.1654","0.2955"
"68.4560","0.1654","0.2955"
"68.4760","0.1654","0.2956"
"68.4960","0.1654","0.2955"
"68.5160","0.1654","0.2954"
"68.5360","0.1654","0.2953"
"68.5560","0.1654","0.2953"
"68.5760","0.1654","0.2953"
"68.5960","0.1654","0.2954"
"68.6160","0.1654","0.2955"
"68.6360","0.1654","0.2955"
"68.6560","0.1654","0.2953"
"68.6760","0.1654","0.2953"
"68.6960","0.1654","0.2954"
"68.7160","0.1654","0.2954"
"68.7360","0.1654","0.2954"
"68.7560","0.1654","0.2953"
"68.7760","0.1654","0.2953"
"68.7960","0.1654","0.2953"
"68.8160","0.1654","0.2952"
"68.8360","0.1654","0.2952"
"68.8560","0.1654","0.2954"
"68.8760","0.1654","0.2954"
"68.8960","0.1654","0.2954"
"68.9160","0.1654","0.2954"
"68.9360","0.1654","0.2954"
"68.9560","0.1654","0.2954"
"68.9760","0.1654","0.2953"
"68.9960","0.1654","0.2953"
"69.0160","0.1654","0.2952"
"69.0360","0.1654","0.2952"
"69.0560","0.1654","0.2952"
"69.0760","0.1654","0.2953"
"69.0960","0.1654","0.2954"
"69.1160","0.1654","0.2953"
"69.1360","0.1654","0.2952"
"69.1560","0.1654","0.2952"
"69.1760","0.1654","0.2953"
"69.1960","0.1654","0.2952"
"69.2160","0.1654","0.2952"
"69.2360","0.1654","0.2952"
"69.2560","0.1654","0.2952"
"69.2760","0.1654","0.2952"
"69.2960","0.1654","0.2951"
"69.3160","0.1654","0.2952"
"69.3360","0.1654","0.2952"
"69.3560","0.1654","0.2951"
"69.3760","0.1654","0.2952"
"69.3960","0.1654","0.2952"
"69.4160","0.1654","0.2951"
"69.4360","0.1654","0.2951"
"69.4560","0.1654","0.2951"
"69.4760","0.1654","0.2951"
"69.4960","0.1654","0.2951"
"69.5160","0.1654","0.2950"
"69.5360","0.1654","0.2951"
"69.5560","0.1654","0.2951"
"69.5760","0.1654","0.2951"
"69.5960","0.1654","0.2952"
"69.6160","0.1654","0.2952"
"69.6360","0.1654","0.2952"
"69.6560","0.1654","0.2952"
"69.6760","0.1654","0.2951"
"69.6960","0.1654","0.2951"
"69.7160","0.1654","0.2949"
"69.7360","0.1654","0.2949"
"69.7560","0.1654","0.2949"
"69.7760","0.1654","0.2950"
"69.7960","0.1654","0.2950"
"69.8160","0.1654","0.2950"
"69.8360","0.1654","0.2951"
"69.8560","0.1654","0.2950"
"69.8760","0.1654","0.2950"
"69.8960","0.1654","0.2951"
"69.9160","0.1654","0.2950"
"69.9360","0.1654","0.2950"
"69.9560","0.1654","0.2950"
"69.9760","0.1654","0.2949"
"69.9960","0.1654","0.2948"
"70.0160","0.1654","0.2948"
"70.0360","0.1654","0.2947"
"70.0560","0.1654","0.2948"
"70.0760","0.1654","0.2949"
"70.0960","0.1654","0.2950"
"70.1160","0.1654","0.2949"
"70.1360","0.1654","0.2950"
"70.1560","0.1654","0.2949"
"70.1760","0.1654","0.2949"
"70.1960","0.1654","0.2948"
"70.2160","0.1654","0.2948"
"70.2360","0.1654","0.2948"
"70.2560","0.1654","0.2948"
"70.2760","0.1654","0.2948"
"70.2960","0.1654","0.2948"
"70.3160","0.1654","0.2949"
"70.3360","0.1654","0.2949"
"70.3560","0.1654","0.2949"
"70.3760","0.1654","0.2949"
"70.3960","0.1654","0.2948"
"70.4160","0.1654","0.2948"
"70.4360","0.1654","0.2948"
"70.4560","0.1654","0.2948"
"70.4760","0.1654","0.2948"
"70.4960","0.1654","0.2948"
"70.5160","0.1654","0.2948"
"70.5360","0.1654","0.2948"
"70.5560","0.1654","0.2947"
"70.5760","0.1654","0.2947"
"70.5960","0.1654","0.2948"
"70.6160","0.1654","0.2947"
"70.6360","0.1654","0.2946"
"70.6560","0.1654","0.2946"
"70.6760","0.1654","0.2946"
"70.6960","0.1654","0.2946"
"70.7160","0.1654","0.2946"
"70.7360","0.1654","0.2946"
"70.7560","0.1654","0.2947"
"70.7760","0.1654","0.2947"
"70.7960","0.1654","0.2946"
"70.8160","0.1654","0.2946"
"70.8360","0.1654","0.2947"
"70.8560","0.1654","0.2947"
"70.8760","0.1654","0.2947"
"70.8960","0.1654","0.2947"
"70.9160","0.1654","0.2946"
"70.9360","0.1654","0.2946"
"70.9560","0.1654","0.2946"
"70.9760","0.1654","0.2946"
"70.9960","0.1654","0.2946"
"71.0160","0.1654","0.2946"
"71.0360","0.1654","0.2946"
"71.0560","0.1654","0.2947"
"71.0760","0.1654","0.2947"
"71.0960","0.1654","0.2947"
"71.1160","0.1654","0.2946"
"71.1360","0.1654","0.2946"
"71.1560","0.1654","0.2945"
"71.1760","0.1654","0.2945"
"71.1960","0.1654","0.2945"
"71.2160","0.1654","0.2945"
"71.2360","0.1654","0.2945"
"71.2560","0.1654","0.2945"
"71.2760","0.1654","0.2945"
"71.2960","0.1654","0.2945"
"71.3160","0.1654","0.2946"
"71.3360","0.1654","0.2946"
"71.3560","0.1654","0.2945"
"71.3760","0.1654","0.2944"
"71.3960","0.1654","0.2944"
"71.4160","0.1654","0.2944"
"71.4360","0.1654","0.2944"
"71.4560","0.1654","0.2944"
"71.4760","0.1654","0.2943"
"71.4960","0.1654","0.2944"
"71.5160","0.1654","0.2945"
"71.5360","0.1654","0.2945"
"71.5560","0.1654","0.2945"
"71.5760","0.1654","0.2945"
"71.5960","0.1654","0.2944"
"71.6160","0.1654","0.2944"
"71.6360","0.1654","0.2943"
"71.6560","0.1654","0.2943"
"71.6760","0.1654","0.2943"
"71.6960","0.1654","0.2943"
"71.7160","0.1654","0.2943"
"71.7360","0.1654","0.2944"
"71.7560","0.1654","0.2944"
"71.7760","0.1654","0.2944"
"71.7960","0.1654","0.2944"
"71.8160","0.1654","0.2943"
"71.8360","0.1654","0.2943"
"71.8560","0.1654","0.2942"
"71.8760","0.1654","0.2943"
"71.8960","0.1654","0.2944"
"71.9160","0.1654","0.2943"
"71.9360","0.1654","0.2943"
"71.9560","0.1654","0.2943"
"71.9760","0.1654","0.2943"
"71.9960","0.1654","0.2943"
"72.0160","0.1654","0.2943"
"72.0360","0.1654","0.2943"
"72.0560","0.1654","0.2943"
"72.0760","0.1654","0.2943"
"72.0960","0.1654","0.2943"
"72.1160","0.1654","0.2942"
"72.1360","0.1654","0.2943"
"72.1560","0.1654","0.2942"
"72.1760","0.1654","0.2942"
"72.1960","0.1654","0.2943"
"72.2160","0.1654","0.2943"
"72.2360","0.1654","0.2943"
"72.2560","0.1654","0.2943"
"72.2760","0.1654","0.2942"
"72.2960","0.1654","0.2942"
"72.3160","0.1654","0.2941"
"72.3360","0.1654","0.2940"
"72.3560","0.1654","0.2941"
"72.3760","0.1654","0.2941"
"72.3960","0.1654","0.2941"
"72.4160","0.1654","0.2941"
"72.4360","0.1654","0.2941"
"72.4560","0.1654","0.2942"
"72.4760","0.1654","0.2943"
"72.4960","0.1654","0.2942"
"72.5160","0.1654","0.2940"
"72.5360","0.1654","0.2940"
"72.5560","0.1654","0.2941"
"72.5760","0.1654","0.2942"
"72.5960","0.1654","0.2941"
"72.6160","0.1654","0.2940"
"72.6360","0.1654","0.2941"
"72.6560","0.1654","0.2941"
"72.6760","0.1654","0.2941"
"72.6960","0.1654","0.2941"
"72.7160","0.1654","0.2940"
"72.7360","0.1654","0.2941"
"72.7560","0.1654","0.2941"
"72.7760","0.1654","0.2940"
"72.7960","0.1654","0.2940"
"72.8160","0.1654","0.2940"
"72.8360","0.1654","0.2940"
"72.8560","0.1654","0.2941"
"72.8760","0.1654","0.2941"
"72.8960","0.1654","0.2940"
"72.9160","0.1654","0.2940"
"72.9360","0.1654","0.2940"
"72.9560","0.1654","0.2940"
"72.9760","0.1654","0.2940"
"72.9960","0.1654","0.2939"
"73.0160","0.1654","0.2939"
"73.0360","0.1654","0.2939"
"73.0560","0.1654","0.2939"
"73.0760","0.1654","0.2939"
"73.0960","0.1654","0.2938"
"73.1160","0.1654","0.2938"
"73.1360","0.1654","0.2939"
"73.1560","0.1654","0.2940"
"73.1760","0.1654","0.2939"
"73.1960","0.1654","0.2939"
"73.2160","0.1654","0.2939"
"73.2360","0.1654","0.2939"
"73.2560","0.1654","0.2939"
"73.2760","0.1654","0.2938"
"73.2960","0.1654","0.2938"
"73.3160","0.1654","0.2938"
"73.3360","0.1654","0.2939"
"73.3560","0.1654","0.2939"
"73.3760","0.1654","0.2939"
"73.3960","0.1654","0.2939"
"73.4160","0.1654","0.2940"
"73.4360","0.1654","0.2938"
"73.4560","0.1654","0.2937"
"73.4760","0.1654","0.2937"
"73.4960","0.1654","0.2938"
"73.5160","0.1654","0.2938"
"73.5360","0.1654","0.2939"
"73.5560","0.1654","0.2938"
"73.5760","0.1654","0.2937"
"73.5960","0.1654","0.2938"
"73.6160","0.1654","0.2938"
"73.6360","0.1654","0.2938"
"73.6560","0.1654","0.2938"
"73.6760","0.1654","0.2939"
"73.6960","0.1654","0.2938"
"73.7160","0.1654","0.2938"
"73.7360","0.1654","0.2938"
"73.7560","0.1654","0.2938"
"73.7760","0.1654","0.2938"
"73.7960","0.1654","0.2937"
"73.8160","0.1654","0.2936"
"73.8360","0.1654","0.2936"
"73.8560","0.1654","0.2937"
"73.8760","0.1654","0.2938"
"73.8960","0.1654","0.2938"
"73.9160","0.1654","0.2937"
"73.9360","0.1654","0.2936"
"73.9560","0.1654","0.2937"
"73.9760","0.1654","0.2937"
"73.9960","0.1654","0.2936"
"74.0160","0.1654","0.2936"
"74.0360","0.1654","0.2936"
"74.0560","0.1654","0.2936"
"74.0760","0.1654","0.2936"
"74.0960","0.1654","0.2936"
"74.1160","0.1654","0.2935"
"74.1360","0.1654","0.2936"
"74.1560","0.1654","0.2937"
"74.1760","0.1654","0.2937"
"74.1960","0.1654","0.2936"
"74.2160","0.1654","0.2935"
"74.2360","0.1654","0.2935"
"74.2560","0.1654","0.2935"
"74.2760","0.1654","0.2935"
"74.2960","0.1654","0.2935"
"74.3160","0.1654","0.2935"
"74.3360","0.1654","0.2935"
"74.3560","0.1654","0.2936"
"74.3760","0.1654","0.2936"
"74.3960","0.1654","0.2936"
"74.4160","0.1654","0.2936"
"74.4360","0.1654","0.2936"
"74.4560","0.1654","0.2936"
"74.4760","0.1654","0.2935"
"74.4960","0.1654","0.2935"
"74.5160","0.1654","0.2935"
"74.5360","0.1654","0.2935"
"74.5560","0.1654","0.2935"
"74.5760","0.1654","0.2934"
"74.5960","0.1654","0.2934"
"74.6160","0.1654","0.2934"
"74.6360","0.1654","0.2934"
"74.6560","0.1654","0.2934"
"74.6760","0.1654","0.2935"
"74.6960","0.1654","0.2935"
"74.7160","0.1654","0.2935"
"74.7360","0.1654","0.2934"
"74.7560","0.1654","0.2933"
"74.7760","0.1654","0.2933"
"74.7960","0.1654","0.2933"
"74.8160","0.1654","0.2934"
"74.8360","0.1654","0.2935"
"74.8560","0.1654","0.2934"
"74.8760","0.1654","0.2934"
"74.8960","0.1654","0.2934"
"74.9160","0.1654","0.2934"
"74.9360","0.1654","0.2934"
"74.9560","0.1654","0.2933"
"74.9760","0.1654","0.2933"
"74.9960","0.1654","0.2933"
"75.0160","0.1654","0.2933"
"75.0360","0.1654","0.2933"
"75.0560","0.1654","0.2933"
"75.0760","0.1654","0.2934"
"75.0960","0.1654","0.2934"
"75.1160","0.1654","0.2934"
"75.1360","0.1654","0.2933"
"75.1560","0.1654","0.2933"
"75.1760","0.1654","0.2933"
"75.1960","0.1654","0.2934"
"75.2160","0.1654","0.2933"
"75.2360","0.1654","0.2932"
"75.2560","0.1654","0.2933"
"75.2760","0.1654","0.2932"
"75.2960","0.1654","0.2932"
"75.3160","0.1654","0.2932"
"75.3360","0.1654","0.2933"
"75.3560","0.1654","0.2933"
"75.3760","0.1654","0.2932"
"75.3960","0.1654","0.2932"
"75.4160","0.1654","0.2932"
"75.4360","0.1654","0.2932"
"75.4560","0.1654","0.2932"
"75.4760","0.1654","0.2932"
"75.4960","0.1654","0.2932"
"75.5160","0.1654","0.2932"
"75.5360","0.1654","0.2932"
"75.5560","0.1654","0.2932"
"75.5760","0.1654","0.2933"
"75.5960","0.1654","0.2932"
"75.6160","0.1654","0.2932"
"75.6360","0.1654","0.2932"
"75.6560","0.1654","0.2932"
"75.6760","0.1654","0.2932"
"75.6960","0.1654","0.2932"
"75.7160","0.1654","0.2931"
"75.7360","0.1654","0.2930"
"75.7560","0.1654","0.2931"
"75.7760","0.1654","0.2931"
"75.7960","0.1654","0.2931"
"75.8160","0.1654","0.2932"
"75.8360","0.1654","0.2932"
"75.8560","0.1654","0.2932"
"75.8760","0.1654","0.2933"
"75.8960","0.1654","0.2932"
"75.9160","0.1654","0.2931"
"75.9360","0.1654","0.2930"
"75.9560","0.1654","0.2929"
"75.9760","0.1654","0.2930"
"75.9960","0.1654","0.2930"
"76.0160","0.1654","0.2931"
"76.0360","0.1654","0.2931"
"76.0560","0.1654","0.2931"
"76.0760","0.1654","0.2931"
"76.0960","0.1654","0.2931"
"76.1160","0.1654","0.2931"
"76.1360","0.1654","0.2931"
"76.1560","0.1654","0.2931"
"76.1760","0.1654","0.2930"
"76.1960","0.1654","0.2930"
"76.2160","0.1654","0.2930"
"76.2360","0.1654","0.2930"
"76.2560","0.1654","0.2930"
"76.2760","0.1654","0.2930"
"76.2960","0.1654","0.2930"
"76.3160","0.1654","0.2930"
"76.3360","0.1654","0.2930"
"76.3560","0.1654","0.2930"
"76.3760","0.1654","0.2930"
"76.3960","0.1654","0.2929"
"76.4160","0.1654","0.2929"
"76.4360","0.1654","0.2929"
"76.4560","0.1654","0.2930"
"76.4760","0.1654","0.2929"
"76.4960","0.1654","0.2929"
"76.5160","0.1654","0.2929"
"76.5360","0.1654","0.2929"
"76.5560","0.1654","0.2929"
"76.5760","0.1654","0.2929"
"76.5960","0.1654","0.2929"
"76.6160","0.1654","0.2929"
"76.6360","0.1654","0.2930"
"76.6560","0.1654","0.2928"
"76.6760","0.1654","0.2928"
"76.6960","0.1654","0.2928"
"76.7160","0.1654","0.2929"
"76.7360","0.1654","0.2928"
"76.7560","0.1654","0.2928"
"76.7760","0.1654","0.2928"
"76.7960","0.1654","0.2929"
"76.8160","0.1654","0.2928"
"76.8360","0.1654","0.2927"
"76.8560","0.1654","0.2927"
"76.8760","0.1654","0.2928"
"76.8960","0.1654","0.2929"
"76.9160","0.1654","0.2927"
"76.9360","0.1654","0.2927"
"76.9560","0.1654","0.2929"
"76.9760","0.1654","0.2928"
"76.9960","0.1654","0.2929"
"77.0160","0.1654","0.2928"
"77.0360","0.1654","0.2928"
"77.0560","0.1654","0.2928"
"77.0760","0.1654","0.2928"
"77.0960","0.1654","0.2929"
"77.1160","0.1654","0.2928"
"77.1360","0.1654","0.2927"
"77.1560","0.1654","0.2928"
"77.1760","0.1654","0.2928"
"77.1960","0.1654","0.2927"
"77.2160","0.1654","0.2926"
"77.2360","0.1654","0.2927"
"77.2560","0.1654","0.2927"
"77.2760","0.1654","0.2927"
"77.2960","0.1654","0.2927"
"77.3160","0.1654","0.2927"
"77.3360","0.1654","0.2927"
"77.3560","0.1654","0.2927"
"77.3760","0.1654","0.2927"
"77.3960","0.1654","0.2926"
"77.4160","0.1654","0.2926"
"77.4360","0.1654","0.2925"
"77.4560","0.1654","0.2925"
"77.4760","0.1654","0.2926"
"77.4960","0.1654","0.2926"
"77.5160","0.1654","0.2926"
"77.5360","0.1654","0.2927"
"77.5560","0.1654","0.2927"
"77.5760","0.1654","0.2926"
"77.5960","0.1654","0.2926"
"77.6160","0.1654","0.2927"
"77.6360","0.1654","0.2927"
"77.6560","0.1654","0.2927"
"77.6760","0.1654","0.2926"
"77.6960","0.1654","0.2925"
"77.7160","0.1654","0.2925"
"77.7360","0.1654","0.2925"
"77.7560","0.1654","0.2926"
"77.7760","0.1654","0.2926"
"77.7960","0.1654","0.2924"
"77.8160","0.1654","0.2924"
"77.8360","0.1654","0.2926"
"77.8560","0.1654","0.2925"
"77.8760","0.1654","0.2925"
"77.8960","0.1654","0.2924"
"77.9160","0.1654","0.2925"
"77.9360","0.1654","0.2924"
"77.9560","0.1654","0.2925"
"77.9760","0.1654","0.2924"
"77.9960","0.1654","0.2924"
"78.0160","0.1654","0.2925"
"78.0360","0.1654","0.2925"
"78.0560","0.1654","0.2925"
"78.0760","0.1654","0.2925"
"78.0960","0.1654","0.2925"
"78.1160","0.1654","0.2925"
"78.1360","0.1654","0.2924"
"78.1560","0.1654","0.2924"
"78.1760","0.1654","0.2924"
"78.1960","0.1654","0.2923"
"78.2160","0.1654","0.2924"
"78.2360","0.1654","0.2924"
"78.2560","0.1654","0.2924"
"78.2760","0.1654","0.2923"
"78.2960","0.1654","0.2924"
"78.3160","0.1654","0.2924"
"78.3360","0.1654","0.2925"
"78.3560","0.1654","0.2924"
"78.3760","0.1654","0.2923"
"78.3960","0.1654","0.2923"
"78.4160","0.1654","0.2924"
"78.4360","0.1654","0.2923"
"78.4560","0.1654","0.2923"
"78.4760","0.1654","0.2924"
"78.4960","0.1654","0.2923"
"78.5160","0.1654","0.2923"
"78.5360","0.1654","0.2923"
"78.5560","0.1654","0.2923"
"78.5760","0.1654","0.2923"
"78.5960","0.1654","0.2922"
"78.6160","0.1654","0.2922"
"78.6360","0.1654","0.2923"
"78.6560","0.1654","0.2923"
"78.6760","0.1654","0.2923"
"78.6960","0.1654","0.2923"
"78.7160","0.1654","0.2923"
"78.7360","0.1654","0.2923"
"78.7560","0.1654","0.2923"
"78.7760","0.1654","0.2923"
"78.7960","0.1654","0.2922"
"78.8160","0.1654","0.2921"
"78.8360","0.1654","0.2921"
"78.8560","0.1654","0.2921"
"78.8760","0.1654","0.2922"
"78.8960","0.1654","0.2922"
"78.9160","0.1654","0.2921"
"78.9360","0.1654","0.2921"
"78.9560","0.1654","0.2922"
"78.9760","0.1654","0.2922"
"78.9960","0.1654","0.2922"
"79.0160","0.1654","0.2921"
"79.0360","0.1654","0.2921"
"79.0560","0.1654","0.2922"
"79.0760","0.1654","0.2922"
"79.0960","0.1654","0.2922"
"79.1160","0.1654","0.2922"
"79.1360","0.1654","0.2922"
"79.1560","0.1654","0.2921"
"79.1760","0.1654","0.2921"
"79.1960","0.1654","0.2921"
"79.2160","0.1654","0.2922"
"79.2360","0.1654","0.2922"
"79.2560","0.1654","0.2922"
"79.2760","0.1654","0.2921"
"79.2960","0.1654","0.2921"
"79.3160","0.1654","0.2921"
"79.3360","0.1654","0.2920"
"79.3560","0.1654","0.2920"
"79.3760","0.1654","0.2920"
"79.3960","0.1654","0.2921"
"79.4160","0.1654","0.2922"
"79.4360","0.1654","0.2922"
"79.4560","0.1654","0.2920"
"79.4760","0.1654","0.2921"
"79.4960","0.1654","0.2921"
"79.5160","0.1654","0.2920"
"79.5360","0.1654","0.2920"
"79.5560","0.1654","0.2920"
"79.5760","0.1654","0.2919"
"79.5960","0.1654","0.2920"
"79.6160","0.1654","0.2920"
"79.6360","0.1654","0.2920"
"79.6560","0.1654","0.2920"
"79.6760","0.1654","0.2920"
"79.6960","0.1654","0.2921"
"79.7160","0.1654","0.2921"
"79.7360","0.1654","0.2921"
"79.7560","0.1654","0.2920"
"79.7760","0.1654","0.2920"
"79.7960","0.1654","0.2919"
"79.8160","0.1654","0.2919"
"79.8360","0.1654","0.2919"
"79.8560","0.1654","0.2918"
"79.8760","0.1654","0.2919"
"79.8960","0.1654","0.2919"
"79.9160","0.1654","0.2919"
"79.9360","0.1654","0.2919"
"79.9560","0.1654","0.2919"
"79.9760","0.1654","0.2919"
"79.9960","0.1654","0.2918"
"80.0160","0.1654","0.2919"
"80.0360","0.1654","0.2918"
"80.0560","0.1654","0.2920"
"80.0760","0.1654","0.2920"
"80.0960","0.1654","0.2919"
"80.1160","0.1654","0.2918"
"80.1360","0.1654","0.2919"
"80.1560","0.1654","0.2919"
"80.1760","0.1654","0.2918"
"80.1960","0.1654","0.2919"
"80.2160","0.1654","0.2918"
"80.2360","0.1654","0.2919"
"80.2560","0.1654","0.2918"
"80.2760","0.1654","0.2918"
"80.2960","0.1654","0.2918"
"80.3160","0.1654","0.2918"
"80.3360","0.1654","0.2917"
"80.3560","0.1654","0.2917"
"80.3760","0.1654","0.2918"
"80.3960","0.1654","0.2919"
"80.4160","0.1654","0.2919"
"80.4360","0.1654","0.2918"
"80.4560","0.1654","0.2918"
"80.4760","0.1654","0.2918"
"80.4960","0.1654","0.2918"
"80.5160","0.1654","0.2918"
"80.5360","0.1654","0.2919"
"80.5560","0.1654","0.2918"
"80.5760","0.1654","0.2917"
"80.5960","0.1654","0.2917"
"80.6160","0.1654","0.2916"
"80.6360","0.1654","0.2917"
"80.6560","0.1654","0.2918"
"80.6760","0.1654","0.2918"
"80.6960","0.1654","0.2918"
"80.7160","0.1654","0.2917"
"80.7360","0.1654","0.2916"
"80.7560","0.1654","0.2916"
"80.7760","0.1654","0.2917"
"80.7960","0.1654","0.2917"
"80.8160","0.1654","0.2917"
"80.8360","0.1654","0.2916"
"80.8560","0.1654","0.2916"
"80.8760","0.1654","0.2917"
"80.8960","0.1654","0.2917"
"80.9160","0.1654","0.2917"
"80.9360","0.1654","0.2917"
"80.9560","0.1654","0.2916"
"80.9760","0.1654","0.2915"
"80.9960","0.1654","0.2916"
"81.0160","0.1654","0.2916"
"81.0360","0.1654","0.2915"
"81.0560","0.1654","0.2915"
"81.0760","0.1654","0.2915"
"81.0960","0.1654","0.2916"
"81.1160","0.1654","0.2916"
"81.1360","0.1654","0.2917"
"81.1560","0.1654","0.2916"
"81.1760","0.1654","0.2916"
"81.1960","0.1654","0.2916"
"81.2160","0.1654","0.2916"
"81.2360","0.1654","0.2916"
"81.2560","0.1654","0.2915"
"81.2760","0.1654","0.2915"
"81.2960","0.1654","0.2915"
"81.3160","0.1654","0.2916"
"81.3360","0.1654","0.2916"
"81.3560","0.1654","0.2916"
"81.3760","0.1654","0.2915"
"81.3960","0.1654","0.2915"
"81.4160","0.1654","0.2915"
"81.4360","0.1654","0.2915"
"81.4560","0.1654","0.2915"
"81.4760","0.1654","0.2915"
"81.4960","0.1654","0.2914"
"81.5160","0.1654","0.2914"
"81.5360","0.1654","0.2915"
"81.5560","0.1654","0.2914"
"81.5760","0.1654","0.2914"
"81.5960","0.1654","0.2914"
"81.6160","0.1654","0.2915"
"81.6360","0.1654","0.2914"
"81.6560","0.1654","0.2914"
"81.6760","0.1654","0.2914"
"81.6960","0.1654","0.2914"
"81.7160","0.1654","0.2914"
"81.7360","0.1654","0.2915"
"81.7560","0.1654","0.2915"
"81.7760","0.1654","0.2914"
"81.7960","0.1654","0.2914"
"81.8160","0.1654","0.2914"
"81.8360","0.1654","0.2914"
"81.8560","0.1654","0.2914"
"81.8760","0.1654","0.2915"
"81.8960","0.1654","0.2914"
"81.9160","0.1654","0.2914"
"81.9360","0.1654","0.2914"
"81.9560","0.1654","0.2914"
"81.9760","0.1654","0.2913"
"81.9960","0.1654","0.2913"
"82.0160","0.1654","0.2913"
"82.0360","0.1654","0.2913"
"82.0560","0.1654","0.2913"
"82.0760","0.1654","0.2913"
"82.0960","0.1654","0.2913"
"82.1160","0.1654","0.2913"
"82.1360","0.1654","0.2914"
"82.1560","0.1654","0.2913"
"82.1760","0.1654","0.2913"
"82.1960","0.1654","0.2912"
"82.2160","0.1654","0.2912"
"82.2360","0.1654","0.2913"
"82.2560","0.1654","0.2913"
"82.2760","0.1654","0.2913"
"82.2960","0.1654","0.2913"
"82.3160","0.1654","0.2913"
"82.3360","0.1654","0.2913"
"82.3560","0.1654","0.2913"
"82.3760","0.1654","0.2913"
"82.3960","0.1654","0.2913"
"82.4160","0.1654","0.2913"
"82.4360","0.1654","0.2912"
"82.4560","0.1654","0.2912"
"82.4760","0.1654","0.2912"
"82.4960","0.1654","0.2912"
"82.5160","0.1654","0.2912"
"82.5360","0.1654","0.2912"
"82.5560","0.1654","0.2912"
"82.5760","0.1654","0.2912"
"82.5960","0.1654","0.2912"
"82.6160","0.1654","0.2912"
"82.6360","0.1654","0.2912"
"82.6560","0.1654","0.2912"
"82.6760","0.1654","0.2911"
"82.6960","0.1654","0.2911"
"82.7160","0.1654","0.2912"
"82.7360","0.1654","0.2912"
"82.7560","0.1654","0.2911"
"82.7760","0.1654","0.2911"
"82.7960","0.1654","0.2911"
"82.8160","0.1654","0.2911"
"82.8360","0.1654","0.2911"
"82.8560","0.1654","0.2912"
"82.8760","0.1654","0.2911"
"82.8960","0.1654","0.2911"
"82.9160","0.1654","0.2911"
"82.9360","0.1654","0.2912"
"82.9560","0.1654","0.2911"
"82.9760","0.1654","0.2911"
"82.9960","0.1654","0.2911"
"83.0160","0.1654","0.2912"
"83.0360","0.1654","0.2911"
"83.0560","0.1654","0.2911"
"83.0760","0.1654","0.2911"
"83.0960","0.1654","0.2911"
"83.1160","0.1654","0.2911"
"83.1360","0.1654","0.2910"
"83.1560","0.1654","0.2909"
"83.1760","0.1654","0.2909"
"83.1960","0.1654","0.2910"
"83.2160","0.1654","0.2911"
"83.2360","0.1654","0.2910"
"83.2560","0.1654","0.2910"
"83.2760","0.1654","0.2911"
"83.2960","0.1654","0.2911"
"83.3160","0.1654","0.2910"
"83.3360","0.1654","0.2909"
"83.3560","0.1654","0.2910"
"83.3760","0.1654","0.2910"
"83.3960","0.1654","0.2909"
"83.4160","0.1654","0.2909"
"83.4360","0.1654","0.2909"
"83.4560","0.1654","0.2910"
"83.4760","0.1654","0.2910"
"83.4960","0.1654","0.2910"
"83.5160","0.1654","0.2910"
"83.5360","0.1654","0.2910"
"83.5560","0.1654","0.2909"
"83.5760","0.1654","0.2909"
"83.5960","0.1654","0.2909"
"83.6160","0.1654","0.2909"
"83.6360","0.1654","0.2910"
"83.6560","0.1654","0.2909"
"83.6760","0.1654","0.2909"
"83.6960","0.1654","0.2908"
"83.7160","0.1654","0.2909"
"83.7360","0.1654","0.2909"
"83.7560","0.1654","0.2910"
"83.7760","0.1654","0.2909"
"83.7960","0.1654","0.2909"
"83.8160","0.1654","0.2909"
"83.8360","0.1654","0.2909"
"83.8560","0.1654","0.2909"
"83.8760","0.1654","0.2909"
"83.8960","0.1654","0.2908"
"83.9160","0.1654","0.2907"
"83.9360","0.1654","0.2908"
"83.9560","0.1654","0.2908"
"83.9760","0.1654","0.2909"
"83.9960","0.1654","0.2909"
"84.0160","0.1654","0.2908"
"84.0360","0.1654","0.2908"
"84.0560","0.1654","0.2908"
"84.0760","0.1654","0.2908"
"84.0960","0.1654","0.2909"
"84.1160","0.1654","0.2907"
"84.1360","0.1654","0.2906"
"84.1560","0.1654","0.2907"
"84.1760","0.1654","0.2907"
"84.1960","0.1654","0.2908"
"84.2160","0.1654","0.2908"
"84.2360","0.1654","0.2906"
"84.2560","0.1654","0.2906"
"84.2760","0.1654","0.2907"
"84.2960","0.1654","0.2908"
"84.3160","0.1654","0.2908"
"84.3360","0.1654","0.2907"
"84.3560","0.1654","0.2906"
"84.3760","0.1654","0.2906"
"84.3960","0.1654","0.2907"
"84.4160","0.1654","0.2907"
"84.4360","0.1654","0.2907"
"84.4560","0.1654","0.2906"
"84.4760","0.1654","0.2906"
"84.4960","0.1654","0.2907"
"84.5160","0.1654","0.2907"
"84.5360","0.1654","0.2907"
"84.5560","0.1654","0.2907"
"84.5760","0.1654","0.2907"
"84.5960","0.1654","0.2906"
"84.6160","0.1654","0.2906"
"84.6360","0.1654","0.2906"
"84.6560","0.1654","0.2906"
"84.6760","0.1654","0.2906"
"84.6960","0.1654","0.2906"
"84.7160","0.1654","0.2906"
"84.7360","0.1654","0.2907"
"84.7560","0.1654","0.2907"
"84.7760","0.1654","0.2907"
"84.7960","0.1654","0.2906"
"84.8160","0.1654","0.2906"
"84.8360","0.1654","0.2905"
"84.8560","0.1654","0.2905"
"84.8760","0.1654","0.2905"
"84.8960","0.1654","0.2905"
"84.9160","0.1654","0.2906"
"84.9360","0.1654","0.2906"
"84.9560","0.1654","0.2906"
"84.9760","0.1654","0.2905"
"84.9960","0.1654","0.2906"
"85.0160","0.1654","0.2906"
"85.0360","0.1654","0.2906"
"85.0560","0.1654","0.2906"
"85.0760","0.1654","0.2905"
"85.0960","0.1654","0.2905"
"85.1160","0.1654","0.2905"
"85.1360","0.1654","0.2905"
"85.1560","0.1654","0.2905"
"85.1760","0.1654","0.2905"
"85.1960","0.1654","0.2904"
"85.2160","0.1654","0.2905"
"85.2360","0.1654","0.2906"
"85.2560","0.1654","0.2906"
"85.2760","0.1654","0.2905"
"85.2960","0.1654","0.2905"
"85.3160","0.1654","0.2906"
"85.3360","0.1654","0.2905"
"85.3560","0.1654","0.2904"
"85.3760","0.1654","0.2904"
"85.3960","0.1654","0.2904"
"85.4160","0.1654","0.2905"
"85.4360","0.1654","0.2904"
"85.4560","0.1654","0.2904"
"85.4760","0.1654","0.2905"
"85.4960","0.1654","0.2905"
"85.5160","0.1654","0.2905"
"85.5360","0.1654","0.2904"
"85.5560","0.1654","0.2904"
"85.5760","0.1654","0.2904"
"85.5960","0.1654","0.2904"
"85.6160","0.1654","0.2904"
"85.6360","0.1654","0.2904"
"85.6560","0.1654","0.2903"
"85.6760","0.1654","0.2904"
"85.6960","0.1654","0.2904"
"85.7160","0.1654","0.2905"
"85.7360","0.1654","0.2904"
"85.7560","0.1654","0.2904"
"85.7760","0.1654","0.2904"
"85.7960","0.1654","0.2904"
"85.8160","0.1654","0.2903"
"85.8360","0.1654","0.2902"
"85.8560","0.1654","0.2902"
"85.8760","0.1654","0.2902"
"85.8960","0.1654","0.2902"
"85.9160","0.1654","0.2903"
"85.9360","0.1654","0.2903"
"85.9560","0.1654","0.2904"
"85.9760","0.1654","0.2904"
"85.9960","0.1654","0.2903"
"86.0160","0.1654","0.2903"
"86.0360","0.1654","0.2903"
"86.0560","0.1654","0.2903"
"86.0760","0.1654","0.2903"
"86.0960","0.1654","0.2903"
"86.1160","0.1654","0.2903"
"86.1360","0.1654","0.2903"
"86.1560","0.1654","0.2903"
"86.1760","0.1654","0.2902"
"86.1960","0.1654","0.2903"
"86.2160","0.1654","0.2903"
"86.2360","0.1654","0.2904"
"86.2560","0.1654","0.2903"
"86.2760","0.1654","0.2903"
"86.2960","0.1654","0.2903"
"86.3160","0.1654","0.2902"
"86.3360","0.1654","0.2903"
"86.3560","0.1654","0.2902"
"86.3760","0.1654","0.2902"
"86.3960","0.1654","0.2902"
"86.4160","0.1654","0.2902"
"86.4360","0.1654","0.2902"
"86.4560","0.1654","0.2902"
"86.4760","0.1654","0.2901"
"86.4960","0.1654","0.2902"
"86.5160","0.1654","0.2901"
"86.5360","0.1654","0.2902"
"86.5560","0.1654","0.2901"
"86.5760","0.1654","0.2900"
"86.5960","0.1654","0.2900"
"86.6160","0.1654","0.2901"
"86.6360","0.1654","0.2901"
"86.6560","0.1654","0.2900"
"86.6760","0.1654","0.2901"
"86.6960","0.1654","0.2901"
"86.7160","0.1654","0.2901"
"86.7360","0.1654","0.2901"
"86.7560","0.1654","0.2901"
"86.7760","0.1654","0.2901"
"86.7960","0.1654","0.2900"
"86.8160","0.1654","0.2900"
"86.8360","0.1654","0.2900"
"86.8560","0.1654","0.2900"
"86.8760","0.1654","0.2900"
"86.8960","0.1654","0.2901"
"86.9160","0.1654","0.2901"
"86.9360","0.1654","0.2900"
"86.9560","0.1654","0.2900"
"86.9760","0.1654","0.2900"
"86.9960","0.1654","0.2900"
"87.0160","0.1654","0.2901"
"87.0360","0.1654","0.2901"
"87.0560","0.1654","0.2901"
"87.0760","0.1654","0.2900"
"87.0960","0.1654","0.2900"
"87.1160","0.1654","0.2899"
"87.1360","0.1654","0.2900"
"87.1560","0.1654","0.2901"
"87.1760","0.1654","0.2900"
"87.1960","0.1654","0.2900"
"87.2160","0.1654","0.2900"
"87.2360","0.1654","0.2900"
"87.2560","0.1654","0.2900"
"87.2760","0.1654","0.2899"
"87.2960","0.1654","0.2898"
"87.3160","0.1654","0.2899"
"87.3360","0.1654","0.2899"
"87.3560","0.1654","0.2900"
"87.3760","0.1654","0.2899"
"87.3960","0.1654","0.2898"
"87.4160","0.1654","0.2899"
"87.4360","0.1654","0.2900"
"87.4560","0.1654","0.2900"
"87.4760","0.1654","0.2899"
"87.4960","0.1654","0.2900"
"87.5160","0.1654","0.2899"
"87.5360","0.1654","0.2899"
"87.5560","0.1654","0.2899"
"87.5760","0.1654","0.2899"
"87.5960","0.1654","0.2899"
"87.6160","0.1654","0.2900"
"87.6360","0.1654","0.2899"
"87.6560","0.1654","0.2899"
"87.6760","0.1654","0.2899"
"87.6960","0.1654","0.2899"
"87.7160","0.1654","0.2899"
"87.7360","0.1654","0.2899"
"87.7560","0.1654","0.2899"
"87.7760","0.1654","0.2898"
"87.7960","0.1654","0.2898"
"87.8160","0.1654","0.2899"
"87.8360","0.1654","0.2899"
"87.8560","0.1654","0.2899"
"87.8760","0.1654","0.2898"
"87.8960","0.1654","0.2898"
"87.9160","0.1654","0.2898"
"87.9360","0.1654","0.2898"
"87.9560","0.1654","0.2898"
"87.9760","0.1654","0.2899"
"87.9960","0.1654","0.2898"
"88.0160","0.1654","0.2898"
"88.0360","0.1654","0.2898"
"88.0560","0.1654","0.2898"
"88.0760","0.1654","0.2898"
"88.0960","0.1654","0.2897"
"88.1160","0.1654","0.2898"
"88.1360","0.1654","0.2898"
"88.1560","0.1654","0.2897"
"88.1760","0.1654","0.2897"
"88.1960","0.1654","0.2897"
"88.2160","0.1654","0.2896"
"88.2360","0.1654","0.2897"
"88.2560","0.1654","0.2897"
"88.2760","0.1654","0.2897"
"88.2960","0.1654","0.2897"
"88.3160","0.1654","0.2898"
"88.3360","0.1654","0.2897"
"88.3560","0.1654","0.2896"
"88.3760","0.1654","0.2897"
"88.3960","0.1654","0.2897"
"88.4160","0.1654","0.2896"
"88.4360","0.1654","0.2896"
"88.4560","0.1654","0.2897"
"88.4760","0.1654","0.2897"
"88.4960","0.1654","0.2896"
"88.5160","0.1654","0.2896"
"88.5360","0.1654","0.2895"
"88.5560","0.1654","0.2895"
"88.5760","0.1654","0.2896"
"88.5960","0.1654","0.2896"
"88.6160","0.1654","0.2896"
"88.6360","0.1654","0.2896"
"88.6560","0.1654","0.2897"
"88.6760","0.1654","0.2897"
"88.6960","0.1654","0.2897"
"88.7160","0.1654","0.2896"
"88.7360","0.1654","0.2896"
"88.7560","0.1654","0.2895"
"88.7760","0.1654","0.2896"
"88.7960","0.1654","0.2897"
"88.8160","0.1654","0.2897"
"88.8360","0.1654","0.2896"
"88.8560","0.1654","0.2896"
"88.8760","0.1654","0.2895"
"88.8960","0.1654","0.2895"
"88.9160","0.1654","0.2895"
"88.9360","0.1654","0.2896"
"88.9560","0.1654","0.2895"
"88.9760","0.1654","0.2895"
"88.9960","0.1654","0.2895"
"89.0160","0.1654","0.2896"
"89.0360","0.1654","0.2896"
"89.0560","0.1654","0.2896"
"89.0760","0.1654","0.2895"
"89.0960","0.1654","0.2894"
"89.1160","0.1654","0.2895"
"89.1360","0.1654","0.2896"
"89.1560","0.1654","0.2897"
"89.1760","0.1654","0.2896"
"89.1960","0.1654","0.2895"
"89.2160","0.1654","0.2894"
"89.2360","0.1654","0.2894"
"89.2560","0.1654","0.2895"
"89.2760","0.1654","0.2894"
"89.2960","0.1654","0.2894"
"89.3160","0.1654","0.2894"
"89.3360","0.1654","0.2895"
"89.3560","0.1654","0.2895"
"89.3760","0.1654","0.2894"
"89.3960","0.1654","0.2895"
"89.4160","0.1654","0.2894"
"89.4360","0.1654","0.2894"
"89.4560","0.1654","0.2894"
"89.4760","0.1654","0.2895"
"89.4960","0.1654","0.2894"
"89.5160","0.1654","0.2894"
"89.5360","0.1654","0.2894"
"89.5560","0.1654","0.2894"
"89.5760","0.1654","0.2894"
"89.5960","0.1654","0.2894"
"89.6160","0.1654","0.2894"
"89.6360","0.1654","0.2894"
"89.6560","0.1654","0.2894"
"89.6760","0.1654","0.2894"
"89.6960","0.1654","0.2894"
"89.7160","0.1654","0.2894"
"89.7360","0.1654","0.2893"
"89.7560","0.1654","0.2893"
"89.7760","0.1654","0.2894"
"89.7960","0.1654","0.2893"
"89.8160","0.1654","0.2893"
"89.8360","0.1654","0.2893"
"89.8560","0.1654","0.2893"
"89.8760","0.1654","0.2893"
"89.8960","0.1654","0.2893"
"89.9160","0.1654","0.2893"
"89.9360","0.1654","0.2893"
"89.9560","0.1654","0.2892"
"89.9760","0.1654","0.2893"
"89.9960","0.1654","0.2893"
"90.0160","0.1654","0.2893"
"90.0360","0.1654","0.2893"
"90.0560","0.1654","0.2893"
"90.0760","0.1654","0.2893"
"90.0960","0.1654","0.2893"
"90.1160","0.1654","0.2892"
"90.1360","0.1654","0.2891"
"90.1560","0.1654","0.2891"
"90.1760","0.1654","0.2892"
"90.1960","0.1654","0.2893"
"90.2160","0.1654","0.2892"
"90.2360","0.1654","0.2892"
"90.2560","0.1654","0.2892"
"90.2760","0.1654","0.2893"
"90.2960","0.1654","0.2892"
"90.3160","0.1654","0.2892"
"90.3360","0.1654","0.2892"
"90.3560","0.1654","0.2892"
"90.3760","0.1654","0.2892"
"90.3960","0.1654","0.2892"
"90.4160","0.1654","0.2892"
"90.4360","0.1654","0.2892"
"90.4560","0.1654","0.2892"
"90.4760","0.1654","0.2892"
"90.4960","0.1654","0.2892"
"90.5160","0.1654","0.2892"
"90.5360","0.1654","0.2892"
"90.5560","0.1654","0.2891"
"90.5760","0.1654","0.2891"
"90.5960","0.1654","0.2891"
"90.6160","0.1654","0.2891"
"90.6360","0.1654","0.2891"
"90.6560","0.1654","0.2892"
"90.6760","0.1654","0.2892"
"90.6960","0.1654","0.2892"
"90.7160","0.1654","0.2892"
"90.7360","0.1654","0.2891"
"90.7560","0.1654","0.2891"
"90.7760","0.1654","0.2891"
"90.7960","0.1654","0.2890"
"90.8160","0.1654","0.2891"
"90.8360","0.1654","0.2891"
"90.8560","0.1654","0.2891"
"90.8760","0.1654","0.2891"
"90.8960","0.1654","0.2891"
"90.9160","0.1654","0.2891"
"90.9360","0.1654","0.2890"
"90.9560","0.1654","0.2891"
"90.9760","0.1654","0.2891"
"90.9960","0.1654","0.2891"
"91.0160","0.1654","0.2890"
"91.0360","0.1654","0.2890"
"91.0560","0.1654","0.2890"
"91.0760","0.1654","0.2890"
"91.0960","0.1654","0.2890"
"91.1160","0.1654","0.2890"
"91.1360","0.1654","0.2890"
"91.1560","0.1654","0.2890"
"91.1760","0.1654","0.2889"
"91.1960","0.1654","0.2889"
"91.2160","0.1654","0.2890"
"91.2360","0.1654","0.2890"
"91.2560","0.1654","0.2891"
"91.2760","0.1654","0.2890"
"91.2960","0.1654","0.2889"
"91.3160","0.1654","0.2889"
"91.3360","0.1654","0.2889"
"91.3560","0.1654","0.2890"
"91.3760","0.1654","0.2889"
"91.3960","0.1654","0.2889"
"91.4160","0.1654","0.2888"
"91.4360","0.1654","0.2889"
"91.4560","0.1654","0.2889"
"91.4760","0.1654","0.2889"
"91.4960","0.1654","0.2888"
"91.5160","0.1654","0.2888"
"91.5360","0.1654","0.2889"
"91.5560","0.1654","0.2890"
"91.5760","0.1654","0.2890"
"91.5960","0.1654","0.2889"
"91.6160","0.1654","0.2888"
"91.6360","0.1654","0.2889"
"91.6560","0.1654","0.2889"
"91.6760","0.1654","0.2889"
"91.6960","0.1654","0.2889"
"91.7160","0.1654","0.2889"
"91.7360","0.1654","0.2888"
"91.7560","0.1654","0.2888"
"91.7760","0.1654","0.2889"
"91.7960","0.1654","0.2889"
"91.8160","0.1654","0.2888"
"91.8360","0.1654","0.2888"
"91.8560","0.1654","0.2888"
"91.8760","0.1654","0.2888"
"91.8960","0.1654","0.2887"
"91.9160","0.1654","0.2887"
"91.9360","0.1654","0.2888"
"91.9560","0.1654","0.2888"
"91.9760","0.1654","0.2888"
"91.9960","0.1654","0.2887"
"92.0160","0.1654","0.2887"
"92.0360","0.1654","0.2887"
"92.0560","0.1654","0.2887"
"92.0760","0.1654","0.2886"
"92.0960","0.1654","0.2887"
"92.1160","0.1654","0.2886"
"92.1360","0.1654","0.2887"
"92.1560","0.1654","0.2888"
"92.1760","0.1654","0.2889"
"92.1960","0.1654","0.2888"
"92.2160","0.1654","0.2888"
"92.2360","0.1654","0.2887"
"92.2560","0.1654","0.2887"
"92.2760","0.1654","0.2886"
"92.2960","0.1654","0.2887"
"92.3160","0.1654","0.2887"
"92.3360","0.1654","0.2887"
"92.3560","0.1654","0.2886"
"92.3760","0.1654","0.2887"
"92.3960","0.1654","0.2888"
"92.4160","0.1654","0.2888"
"92.4360","0.1654","0.2887"
"92.4560","0.1654","0.2887"
"92.4760","0.1654","0.2887"
"92.4960","0.1654","0.2887"
"92.5160","0.1654","0.2887"
"92.5360","0.1654","0.2887"
"92.5560","0.1654","0.2886"
"92.5760","0.1654","0.2886"
"92.5960","0.1654","0.2885"
"92.6160","0.1654","0.2886"
"92.6360","0.1654","0.2887"
"92.6560","0.1654","0.2887"
"92.6760","0.1654","0.2886"
"92.6960","0.1654","0.2886"
"92.7160","0.1654","0.2886"
"92.7360","0.1654","0.2887"
"92.7560","0.1654","0.2886"
"92.7760","0.1654","0.2886"
"92.7960","0.1654","0.2886"
"92.8160","0.1654","0.2886"
"92.8360","0.1654","0.2887"
"92.8560","0.1654","0.2887"
"92.8760","0.1654","0.2885"
"92.8960","0.1654","0.2885"
"92.9160","0.1654","0.2884"
"92.9360","0.1654","0.2885"
"92.9560","0.1654","0.2885"
"92.9760","0.1654","0.2885"
"92.9960","0.1654","0.2885"
"93.0160","0.1654","0.2885"
"93.0360","0.1654","0.2885"
"93.0560","0.1654","0.2885"
"93.0760","0.1654","0.2885"
"93.0960","0.1654","0.2885"
"93.1160","0.1654","0.2885"
"93.1360","0.1654","0.2885"
"93.1560","0.1654","0.2885"
"93.1760","0.1654","0.2885"
"93.1960","0.1654","0.2885"
"93.2160","0.1654","0.2885"
"93.2360","0.1654","0.2885"
"93.2560","0.1654","0.2885"
"93.2760","0.1654","0.2885"
"93.2960","0.1654","0.2886"
"93.3160","0.1654","0.2885"
"93.3360","0.1654","0.2885"
"93.3560","0.1654","0.2885"
"93.3760","0.1654","0.2885"
"93.3960","0.1654","0.2884"
"93.4160","0.1654","0.2884"
"93.4360","0.1654","0.2884"
"93.4560","0.1654","0.2884"
"93.4760","0.1654","0.2884"
"93.4960","0.1654","0.2884"
"93.5160","0.1654","0.2884"
"93.5360","0.1654","0.2884"
"93.5560","0.1654","0.2884"
"93.5760","0.1654","0.2884"
"93.5960","0.1654","0.2884"
"93.6160","0.1654","0.2884"
"93.6360","0.1654","0.2884"
"93.6560","0.1654","0.2884"
"93.6760","0.1654","0.2884"
"93.6960","0.1654","0.2884"
"93.7160","0.1654","0.2885"
"93.7360","0.1654","0.2883"
"93.7560","0.1654","0.2883"
"93.7760","0.1654","0.2883"
"93.7960","0.1654","0.2884"
"93.8160","0.1654","0.2884"
"93.8360","0.1654","0.2884"
"93.8560","0.1654","0.2883"
"93.8760","0.1654","0.2883"
"93.8960","0.1654","0.2884"
"93.9160","0.1654","0.2883"
"93.9360","0.1654","0.2883"
"93.9560","0.1654","0.2883"
"93.9760","0.1654","0.2883"
"93.9960","0.1654","0.2883"
"94.0160","0.1654","0.2883"
"94.0360","0.1654","0.2883"
"94.0560","0.1654","0.2883"
"94.0760","0.1654","0.2883"
"94.0960","0.1654","0.2883"
"94.1160","0.1654","0.2884"
"94.1360","0.1654","0.2884"
"94.1560","0.1654","0.2883"
"94.1760","0.1654","0.2882"
"94.1960","0.1654","0.2882"
"94.2160","0.1654","0.2882"
"94.2360","0.1654","0.2883"
"94.2560","0.1654","0.2883"
"94.2760","0.1654","0.2883"
"94.2960","0.1654","0.2883"
"94.3160","0.1654","0.2882"
"94.3360","0.1654","0.2882"
"94.3560","0.1654","0.2882"
"94.3760","0.1654","0.2882"
"94.3960","0.1654","0.2882"
"94.4160","0.1654","0.2882"
"94.4360","0.1654","0.2881"
"94.4560","0.1654","0.2882"
"94.4760","0.1654","0.2882"
"94.4960","0.1654","0.2883"
"94.5160","0.1654","0.2883"
"94.5360","0.1654","0.2882"
"94.5560","0.1654","0.2882"
"94.5760","0.1654","0.2881"
"94.5960","0.1654","0.2881"
"94.6160","0.1654","0.2881"
"94.6360","0.1654","0.2882"
"94.6560","0.1654","0.2881"
"94.6760","0.1654","0.2881"
"94.6960","0.1654","0.2881"
"94.7160","0.1654","0.2881"
"94.7360","0.1654","0.2882"
"94.7560","0.1654","0.2882"
"94.7760","0.1654","0.2882"
"94.7960","0.1654","0.2881"
"94.8160","0.1654","0.2881"
"94.8360","0.1654","0.2881"
"94.8560","0.1654","0.2881"
"94.8760","0.1654","0.2881"
"94.8960","0.1654","0.2881"
"94.9160","0.1654","0.2880"
"94.9360","0.1654","0.2881"
"94.9560","0.1654","0.2881"
"94.9760","0.1654","0.2881"
"94.9960","0.1654","0.2880"
"95.0160","0.1654","0.2880"
"95.0360","0.1654","0.2881"
"95.0560","0.1654","0.2881"
"95.0760","0.1654","0.2882"
"95.0960","0.1654","0.2882"
"95.1160","0.1654","0.2880"
"95.1360","0.1654","0.2879"
"95.1560","0.1654","0.2880"
"95.1760","0.1654","0.2881"
"95.1960","0.1654","0.2881"
"95.2160","0.1654","0.2882"
"95.2360","0.1654","0.2881"
"95.2560","0.1654","0.2881"
"95.2760","0.1654","0.2880"
"95.2960","0.1654","0.2880"
"95.3160","0.1654","0.2880"
"95.3360","0.1654","0.2880"
"95.3560","0.1654","0.2880"
"95.3760","0.1654","0.2880"
"95.3960","0.1654","0.2880"
"95.4160","0.1654","0.2880"
"95.4360","0.1654","0.2879"
"95.4560","0.1654","0.2879"
"95.4760","0.1654","0.2880"
"95.4960","0.1654","0.2880"
"95.5160","0.1654","0.2879"
"95.5360","0.1654","0.2880"
"95.5560","0.1654","0.2880"
"95.5760","0.1654","0.2880"
"95.5960","0.1654","0.2880"
"95.6160","0.1654","0.2880"
"95.6360","0.1654","0.2879"
"95.6560","0.1654","0.2879"
"95.6760","0.1654","0.2879"
"95.6960","0.1654","0.2879"
"95.7160","0.1654","0.2878"
"95.7360","0.1654","0.2878"
"95.7560","0.1654","0.2878"
"95.7760","0.1654","0.2879"
"95.7960","0.1654","0.2879"
"95.8160","0.1654","0.2879"
"95.8360","0.1654","0.2879"
"95.8560","0.1654","0.2879"
"95.8760","0.1654","0.2879"
"95.8960","0.1654","0.2879"
"95.9160","0.1654","0.2878"
"95.9360","0.1654","0.2879"
"95.9560","0.1654","0.2878"
"95.9760","0.1654","0.2878"
"95.9960","0.1654","0.2878"
"96.0160","0.1654","0.2878"
"96.0360","0.1654","0.2878"
"96.0560","0.1654","0.2878"
"96.0760","0.1654","0.2878"
"96.0960","0.1654","0.2878"
"96.1160","0.1654","0.2878"
"96.1360","0.1654","0.2878"
"96.1560","0.1654","0.2878"
"96.1760","0.1654","0.2877"
"96.1960","0.1654","0.2877"
"96.2160","0.1654","0.2878"
"96.2360","0.1654","0.2878"
"96.2560","0.1654","0.2877"
"96.2760","0.1654","0.2878"
"96.2960","0.1654","0.2878"
"96.3160","0.1654","0.2878"
"96.3360","0.1654","0.2877"
"96.3560","0.1654","0.2877"
"96.3760","0.1654","0.2877"
"96.3960","0.1654","0.2877"
"96.4160","0.1654","0.2878"
"96.4360","0.1654","0.2878"
"96.4560","0.1654","0.2877"
"96.4760","0.1654","0.2878"
"96.4960","0.1654","0.2878"
"96.5160","0.1654","0.2877"
"96.5360","0.1654","0.2877"
"96.5560","0.1654","0.2877"
"96.5760","0.1654","0.2877"
"96.5960","0.1654","0.2877"
"96.6160","0.1654","0.2877"
"96.6360","0.1654","0.2877"
"96.6560","0.1654","0.2877"
"96.6760","0.1654","0.2876"
"96.6960","0.1654","0.2876"
"96.7160","0.1654","0.2876"
"96.7360","0.1654","0.2876"
"96.7560","0.1654","0.2876"
"96.7760","0.1654","0.2876"
"96.7960","0.1654","0.2876"
"96.8160","0.1654","0.2876"
"96.8360","0.1654","0.2877"
"96.8560","0.1654","0.2877"
"96.8760","0.1654","0.2877"
"96.8960","0.1654","0.2876"
"96.9160","0.1654","0.2876"
"96.9360","0.1654","0.2876"
"96.9560","0.1654","0.2876"
"96.9760","0.1654","0.2877"
"96.9960","0.1654","0.2877"
"97.0160","0.1654","0.2876"
"97.0360","0.1654","0.2876"
"97.0560","0.1654","0.2876"
"97.0760","0.1654","0.2876"
"97.0960","0.1654","0.2876"
"97.1160","0.1654","0.2875"
"97.1360","0.1654","0.2875"
"97.1560","0.1654","0.2875"
"97.1760","0.1654","0.2875"
"97.1960","0.1654","0.2875"
"97.2160","0.1654","0.2875"
"97.2360","0.1654","0.2875"
"97.2560","0.1654","0.2876"
"97.2760","0.1654","0.2876"
"97.2960","0.1654","0.2875"
"97.3160","0.1654","0.2875"
"97.3360","0.1654","0.2875"
"97.3560","0.1654","0.2874"
"97.3760","0.1654","0.2875"
"97.3960","0.1654","0.2875"
"97.4160","0.1654","0.2875"
"97.4360","0.1654","0.2875"
"97.4560","0.1654","0.2875"
"97.4760","0.1654","0.2875"
"97.4960","0.1654","0.2875"
"97.5160","0.1654","0.2875"
"97.5360","0.1654","0.2875"
"97.5560","0.1654","0.2875"
"97.5760","0.1654","0.2875"
"97.5960","0.1654","0.2875"
"97.6160","0.1654","0.2875"
"97.6360","0.1654","0.2875"
"97.6560","0.1654","0.2875"
"97.6760","0.1654","0.2874"
"97.6960","0.1654","0.2874"
"97.7160","0.1654","0.2874"
"97.7360","0.1654","0.2874"
"97.7560","0.1654","0.2873"
"97.7760","0.1654","0.2874"
"97.7960","0.1654","0.2874"
"97.8160","0.1654","0.2875"
"97.8360","0.1654","0.2875"
"97.8560","0.1654","0.2874"
"97.8760","0.1654","0.2874"
"97.8960","0.1654","0.2874"
"97.9160","0.1654","0.2875"
"97.9360","0.1654","0.2875"
"97.9560","0.1654","0.2875"
"97.9760","0.1654","0.2874"
"97.9960","0.1654","0.2874"
"98.0160","0.1654","0.2873"
"98.0360","0.1654","0.2874"
"98.0560","0.1654","0.2875"
"98.0760","0.1654","0.2875"
"98.0960","0.1654","0.2874"
"98.1160","0.1654","0.2874"
"98.1360","0.1654","0.2874"
"98.1560","0.1654","0.2874"
"98.1760","0.1654","0.2874"
"98.1960","0.1654","0.2874"
"98.2160","0.1654","0.2874"
"98.2360","0.1654","0.2874"
"98.2560","0.1654","0.2874"
"98.2760","0.1654","0.2873"
"98.2960","0.1654","0.2872"
"98.3160","0.1654","0.2873"
"98.3360","0.1654","0.2873"
"98.3560","0.1654","0.2873"
"98.3760","0.1654","0.2873"
"98.3960","0.1654","0.2874"
"98.4160","0.1654","0.2874"
"98.4360","0.1654","0.2873"
"98.4560","0.1654","0.2872"
"98.4760","0.1654","0.2871"
"98.4960","0.1654","0.2872"
"98.5160","0.1654","0.2873"
"98.5360","0.1654","0.2873"
"98.5560","0.1654","0.2872"
"98.5760","0.1654","0.2873"
"98.5960","0.1654","0.2873"
"98.6160","0.1654","0.2873"
"98.6360","0.1654","0.2873"
"98.6560","0.1654","0.2873"
"98.6760","0.1654","0.2872"
"98.6960","0.1654","0.2872"
"98.7160","0.1654","0.2872"
"98.7360","0.1654","0.2873"
"98.7560","0.1654","0.2872"
"98.7760","0.1654","0.2872"
"98.7960","0.1654","0.2872"
"98.8160","0.1654","0.2872"
"98.8360","0.1654","0.2872"
"98.8560","0.1654","0.2872"
"98.8760","0.1654","0.2872"
"98.8960","0.1654","0.2871"
"98.9160","0.1654","0.2872"
"98.9360","0.1654","0.2872"
"98.9560","0.1654","0.2872"
"98.9760","0.1654","0.2871"
"98.9960","0.1654","0.2871"
"99.0160","0.1654","0.2871"
"99.0360","0.1654","0.2873"
"99.0560","0.1654","0.2873"
"99.0760","0.1654","0.2873"
"99.0960","0.1654","0.2872"
"99.1160","0.1654","0.2872"
"99.1360","0.1654","0.2872"
"99.1560","0.1654","0.2872"
"99.1760","0.1654","0.2872"
"99.1960","0.1654","0.2872"
"99.2160","0.1654","0.2872"
"99.2360","0.1654","0.2872"
"99.2560","0.1654","0.2871"
"99.2760","0.1654","0.2871"
"99.2960","0.1654","0.2871"
"99.3160","0.1654","0.2871"
"99.3360","0.1654","0.2871"
"99.3560","0.1654","0.2871"
"99.3760","0.1654","0.2871"
"99.3960","0.1654","0.2870"
"99.4160","0.1654","0.2870"
"99.4360","0.1654","0.2871"
"99.4560","0.1654","0.2871"
"99.4760","0.1654","0.2871"
"99.4960","0.1654","0.2871"
"99.5160","0.1654","0.2870"
"99.5360","0.1654","0.2870"
"99.5560","0.1654","0.2870"
"99.5760","0.1654","0.2871"
"99.5960","0.1654","0.2871"
"99.6160","0.1654","0.2870"
"99.6360","0.1654","0.2870"
"99.6560","0.1654","0.2870"
"99.6760","0.1654","0.2870"
"99.6960","0.1654","0.2870"
"99.7160","0.1654","0.2870"
"99.7360","0.1654","0.2870"
"99.7560","0.1654","0.2870"
"99.7760","0.1654","0.2870"
"99.7960","0.1654","0.2870"
"99.8160","0.1654","0.2870"
"99.8360","0.1654","0.2870"
"99.8560","0.1654","0.2870"
"99.8760","0.1654","0.2869"
"99.8960","0.1654","0.2870"
"99.9160","0.1654","0.2870"
"99.9360","0.1654","0.2869"
"99.9560","0.1654","0.2869"
"99.9760","0.1654","0.2869"
"99.9960","0.1654","0.2869"
"100.0160","0.1654","0.2869"
"100.0360","0.1654","0.2869"
"100.0560","0.1654","0.2868"
"100.0760","0.1654","0.2869"
"100.0960","0.1654","0.2869"
"100.1160","0.1654","0.2869"
"100.1360","0.1654","0.2870"
"100.1560","0.1654","0.2869"
"100.1760","0.1654","0.2868"
"100.1960","0.1654","0.2868"
"100.2160","0.1654","0.2869"
"100.2360","0.1654","0.2869"
"100.2560","0.1654","0.2869"
"100.2760","0.1654","0.2869"
"100.2960","0.1654","0.2869"
"100.3160","0.1654","0.2869"
"100.3360","0.1654","0.2869"
"100.3560","0.1654","0.2868"
"100.3760","0.1654","0.2867"
"100.3960","0.1654","0.2868"
"100.4160","0.1654","0.2869"
"100.4360","0.1654","0.2868"
"100.4560","0.1654","0.2868"
"100.4760","0.1654","0.2868"
"100.4960","0.1654","0.2868"
"100.5160","0.1654","0.2868"
"100.5360","0.1654","0.2868"
"100.5560","0.1654","0.2868"
"100.5760","0.1654","0.2868"
"100.5960","0.1654","0.2868"
"100.6160","0.1654","0.2867"
"100.6360","0.1654","0.2868"
"100.6560","0.1654","0.2867"
"100.6760","0.1654","0.2868"
"100.6960","0.1654","0.2869"
"100.7160","0.1654","0.2869"
"100.7360","0.1654","0.2867"
"100.7560","0.1654","0.2867"
"100.7760","0.1654","0.2868"
"100.7960","0.1654","0.2868"
"100.8160","0.1654","0.2867"
"100.8360","0.1654","0.2867"
"100.8560","0.1654","0.2867"
"100.8760","0.1654","0.2867"
"100.8960","0.1654","0.2868"
"100.9160","0.1654","0.2868"
"100.9360","0.1654","0.2869"
"100.9560","0.1654","0.2868"
"100.9760","0.1654","0.2867"
"100.9960","0.1654","0.2867"
"101.0160","0.1654","0.2867"
"101.0360","0.1654","0.2867"
"101.0560","0.1654","0.2866"
"101.0760","0.1654","0.2867"
"101.0960","0.1654","0.2867"
"101.1160","0.1654","0.2867"
"101.1360","0.1654","0.2867"
"101.1560","0.1654","0.2866"
"101.1760","0.1654","0.2866"
"101.1960","0.1654","0.2867"
"101.2160","0.1654","0.2867"
"101.2360","0.1654","0.2867"
"101.2560","0.1654","0.2867"
"101.2760","0.1654","0.2867"
"101.2960","0.1654","0.2867"
"101.3160","0.1654","0.2867"
"101.3360","0.1654","0.2867"
"101.3560","0.1654","0.2867"
"101.3760","0.1654","0.2867"
"101.3960","0.1654","0.2867"
"101.4160","0.1654","0.2867"
"101.4360","0.1654","0.2866"
"101.4560","0.1654","0.2866"
"101.4760","0.1654","0.2865"
"101.4960","0.1654","0.2865"
"101.5160","0.1654","0.2866"
"101.5360","0.1654","0.2866"
"101.5560","0.1654","0.2866"
"101.5760","0.1654","0.2866"
"101.5960","0.1654","0.2866"
"101.6160","0.1654","0.2866"
"101.6360","0.1654","0.2867"
"101.6560","0.1654","0.2866"
"101.6760","0.1654","0.2865"
"101.6960","0.1654","0.2866"
"101.7160","0.1654","0.2866"
"101.7360","0.1654","0.2867"
"101.7560","0.1654","0.2866"
"101.7760","0.1654","0.2866"
"101.7960","0.1654","0.2866"
"101.8160","0.1654","0.2866"
"101.8360","0.1654","0.2866"
"101.8560","0.1654","0.2865"
"101.8760","0.1654","0.2865"
"101.8960","0.1654","0.2864"
"101.9160","0.1654","0.2865"
"101.9360","0.1654","0.2865"
"101.9560","0.1654","0.2865"
"101.9760","0.1654","0.2866"
"101.9960","0.1654","0.2865"
"102.0160","0.1654","0.2865"
"102.0360","0.1654","0.2865"
"102.0560","0.1654","0.2865"
"102.0760","0.1654","0.2864"
"102.0960","0.1654","0.2864"
"102.1160","0.1654","0.2866"
"102.1360","0.1654","0.2865"
"102.1560","0.1654","0.2864"
"102.1760","0.1654","0.2864"
"102.1960","0.1654","0.2864"
"102.2160","0.1654","0.2864"
"102.2360","0.1654","0.2864"
"102.2560","0.1654","0.2865"
"102.2760","0.1654","0.2865"
"102.2960","0.1654","0.2864"
"102.3160","0.1654","0.2864"
"102.3360","0.1654","0.2864"
"102.3560","0.1654","0.2864"
"102.3760","0.1654","0.2864"
"102.3960","0.1654","0.2863"
"102.4160","0.1654","0.2863"
"102.4360","0.1654","0.2863"
"102.4560","0.1654","0.2864"
"102.4760","0.1654","0.2864"
"102.4960","0.1654","0.2865"
"102.5160","0.1654","0.2863"
"102.5360","0.1654","0.2863"
"102.5560","0.1654","0.2863"
"102.5760","0.1654","0.2864"
"102.5960","0.1654","0.2863"
"102.6160","0.1654","0.2863"
"102.6360","0.1654","0.2863"
"102.6560","0.1654","0.2863"
"102.6760","0.1654","0.2863"
"102.6960","0.1654","0.2863"
"102.7160","0.1654","0.2863"
"102.7360","0.1654","0.2863"
"102.7560","0.1654","0.2864"
"102.7760","0.1654","0.2864"
"102.7960","0.1654","0.2863"
"102.8160","0.1654","0.2863"
"102.8360","0.1654","0.2863"
"102.8560","0.1654","0.2864"
"102.8760","0.1654","0.2864"
"102.8960","0.1654","0.2863"
"102.9160","0.1654","0.2863"
"102.9360","0.1654","0.2863"
"102.9560","0.1654","0.2863"
"102.9760","0.1654","0.2862"
"102.9960","0.1654","0.2863"
"103.0160","0.1654","0.2863"
"103.0360","0.1654","0.2863"
"103.0560","0.1654","0.2863"
"103.0760","0.1654","0.2863"
"103.0960","0.1654","0.2862"
"103.1160","0.1654","0.2862"
"103.1360","0.1654","0.2863"
"103.1560","0.1654","0.2863"
"103.1760","0.1654","0.2862"
"103.1960","0.1654","0.2862"
"103.2160","0.1654","0.2862"
"103.2360","0.1654","0.2863"
"103.2560","0.1654","0.2862"
"103.2760","0.1654","0.2863"
"103.2960","0.1654","0.2862"
"103.3160","0.1654","0.2861"
"103.3360","0.1654","0.2862"
"103.3560","0.1654","0.2863"
"103.3760","0.1654","0.2863"
"103.3960","0.1654","0.2863"
"103.4160","0.1654","0.2862"
"103.4360","0.1654","0.2862"
"103.4560","0.1654","0.2862"
"103.4760","0.1654","0.2861"
"103.4960","0.1654","0.2862"
"103.5160","0.1654","0.2862"
"103.5360","0.1654","0.2861"
"103.5560","0.1654","0.2862"
"103.5760","0.1654","0.2862"
"103.5960","0.1654","0.2862"
"103.6160","0.1654","0.2862"
"103.6360","0.1654","0.2862"
"103.6560","0.1654","0.2861"
"103.6760","0.1654","0.2860"
"103.6960","0.1654","0.2861"
"103.7160","0.1654","0.2862"
"103.7360","0.1654","0.2861"
"103.7560","0.1654","0.2862"
"103.7760","0.1654","0.2862"
"103.7960","0.1654","0.2862"
"103.8160","0.1654","0.2862"
"103.8360","0.1654","0.2861"
"103.8560","0.1654","0.2860"
"103.8760","0.1654","0.2861"
"103.8960","0.1654","0.2860"
"103.9160","0.1654","0.2861"
"103.9360","0.1654","0.2861"
"103.9560","0.1654","0.2861"
"103.9760","0.1654","0.2861"
"103.9960","0.1654","0.2860"
"104.0160","0.1654","0.2860"
"104.0360","0.1654","0.2860"
"104.0560","0.1654","0.2860"
"104.0760","0.1654","0.2861"
"104.0960","0.1654","0.2861"
"104.1160","0.1654","0.2860"
"104.1360","0.1654","0.2860"
"104.1560","0.1654","0.2859"
"104.1760","0.1654","0.2859"
"104.1960","0.1654","0.2860"
"104.2160","0.1654","0.2861"
"104.2360","0.1654","0.2861"
"104.2560","0.1654","0.2861"
"104.2760","0.1654","0.2860"
"104.2960","0.1654","0.2860"
"104.3160","0.1654","0.2859"
"104.3360","0.1654","0.2860"
"104.3560","0.1654","0.2861"
"104.3760","0.1654","0.2861"
"104.3960","0.1654","0.2860"
"104.4160","0.1654","0.2861"
"104.4360","0.1654","0.2860"
"104.4560","0.1654","0.2860"
"104.4760","0.1654","0.2859"
"104.4960","0.1654","0.2859"
"104.5160","0.1654","0.2860"
"104.5360","0.1654","0.2860"
"104.5560","0.1654","0.2860"
"104.5760","0.1654","0.2860"
"104.5960","0.1654","0.2860"
"104.6160","0.1654","0.2860"
"104.6360","0.1654","0.2860"
"104.6560","0.1654","0.2860"
"104.6760","0.1654","0.2859"
"104.6960","0.1654","0.2860"
"104.7160","0.1654","0.2860"
"104.7360","0.1654","0.2860"
"104.7560","0.1654","0.2860"
"104.7760","0.1654","0.2859"
"104.7960","0.1654","0.2859"
"104.8160","0.1654","0.2858"
"104.8360","0.1654","0.2858"
"104.8560","0.1654","0.2858"
"104.8760","0.1654","0.2859"
"104.8960","0.1654","0.2859"
"104.9160","0.1654","0.2860"
"104.9360","0.1654","0.2859"
"104.9560","0.1654","0.2858"
"104.9760","0.1654","0.2858"
"104.9960","0.1654","0.2858"
"105.0160","0.1654","0.2859"
"105.0360","0.1654","0.2860"
"105.0560","0.1654","0.2859"
"105.0760","0.1654","0.2858"
"105.0960","0.1654","0.2859"
"105.1160","0.1654","0.2859"
"105.1360","0.1654","0.2860"
"105.1560","0.1654","0.2859"
"105.1760","0.1654","0.2857"
"105.1960","0.1654","0.2857"
"105.2160","0.1654","0.2858"
"105.2360","0.1654","0.2858"
"105.2560","0.1654","0.2858"
"105.2760","0.1654","0.2858"
"105.2960","0.1654","0.2859"
"105.3160","0.1654","0.2859"
"105.3360","0.1654","0.2858"
"105.3560","0.1654","0.2858"
"105.3760","0.1654","0.2857"
"105.3960","0.1654","0.2858"
"105.4160","0.1654","0.2859"
"105.4360","0.1654","0.2859"
"105.4560","0.1654","0.2857"
"105.4760","0.1654","0.2857"
"105.4960","0.1654","0.2857"
"105.5160","0.1654","0.2857"
"105.5360","0.1654","0.2857"
"105.5560","0.1654","0.2858"
"105.5760","0.1654","0.2858"
"105.5960","0.1654","0.2858"
"105.6160","0.1654","0.2858"
"105.6360","0.1654","0.2857"
"105.6560","0.1654","0.2857"
"105.6760","0.1654","0.2857"
"105.6960","0.1654","0.2857"
"105.7160","0.1654","0.2857"
"105.7360","0.1654","0.2857"
"105.7560","0.1654","0.2857"
"105.7760","0.1654","0.2857"
"105.7960","0.1654","0.2858"
"105.8160","0.1654","0.2857"
"105.8360","0.1654","0.2856"
"105.8560","0.1654","0.2856"
"105.8760","0.1654","0.2857"
"105.8960","0.1654","0.2858"
"105.9160","0.1654","0.2858"
"105.9360","0.1654","0.2858"
"105.9560","0.1654","0.2857"
"105.9760","0.1654","0.2858"
"105.9960","0.1654","0.2857"
"106.0160","0.1654","0.2856"
"106.0360","0.1654","0.2856"
"106.0560","0.1654","0.2857"
"106.0760","0.1654","0.2856"
"106.0960","0.1654","0.2856"
"106.1160","0.1654","0.2856"
"106.1360","0.1654","0.2857"
"106.1560","0.1654","0.2858"
"106.1760","0.1654","0.2857"
"106.1960","0.1654","0.2857"
"106.2160","0.1654","0.2856"
"106.2360","0.1654","0.2856"
"106.2560","0.1654","0.2857"
"106.2760","0.1654","0.2857"
"106.2960","0.1654","0.2856"
"106.3160","0.1654","0.2856"
"106.3360","0.1654","0.2856"
"106.3560","0.1654","0.2857"
"106.3760","0.1654","0.2857"
"106.3960","0.1654","0.2857"
"106.4160","0.1654","0.2857"
"106.4360","0.1654","0.2856"
"106.4560","0.1654","0.2855"
"106.4760","0.1654","0.2855"
"106.4960","0.1654","0.2855"
"106.5160","0.1654","0.2855"
"106.5360","0.1654","0.2855"
"106.5560","0.1654","0.2856"
"106.5760","0.1654","0.2856"
"106.5960","0.1654","0.2856"
"106.6160","0.1654","0.2856"
"106.6360","0.1654","0.2855"
"106.6560","0.1654","0.2856"
"106.6760","0.1654","0.2855"
"106.6960","0.1654","0.2855"
"106.7160","0.1654","0.2855"
"106.7360","0.1654","0.2855"
"106.7560","0.1654","0.2854"
"106.7760","0.1654","0.2855"
"106.7960","0.1654","0.2856"
"106.8160","0.1654","0.2856"
"106.8360","0.1654","0.2856"
"106.8560","0.1654","0.2855"
"106.8760","0.1654","0.2855"
"106.8960","0.1654","0.2855"
"106.9160","0.1654","0.2856"
"106.9360","0.1654","0.2855"
"106.9560","0.1654","0.2855"
"106.9760","0.1654","0.2854"
"106.9960","0.1654","0.2854"
"107.0160","0.1654","0.2854"
"107.0360","0.1654","0.2855"
"107.0560","0.1654","0.2856"
"107.0760","0.1654","0.2855"
"107.0960","0.1654","0.2855"
"107.1160","0.1654","0.2854"
"107.1360","0.1654","0.2854"
"107.1560","0.1654","0.2854"
"107.1760","0.1654","0.2854"
"107.1960","0.1654","0.2854"
"107.2160","0.1654","0.2854"
"107.2360","0.1654","0.2854"
"107.2560","0.1654","0.2854"
"107.2760","0.1654","0.2854"
"107.2960","0.1654","0.2853"
"107.3160","0.1654","0.2854"
"107.3360","0.1654","0.2854"
"107.3560","0.1654","0.2854"
"107.3760","0.1654","0.2853"
"107.3960","0.1654","0.2853"
"107.4160","0.1654","0.2854"
"107.4360","0.1654","0.2854"
"107.4560","0.1654","0.2855"
"107.4760","0.1654","0.2854"
"107.4960","0.1654","0.2854"
"107.5160","0.1654","0.2854"
"107.5360","0.1654","0.2855"
"107.5560","0.1654","0.2853"
"107.5760","0.1654","0.2853"
"107.5960","0.1654","0.2853"
"107.6160","0.1654","0.2853"
"107.6360","0.1654","0.2853"
"107.6560","0.1654","0.2853"
"107.6760","0.1654","0.2853"
"107.6960","0.1654","0.2852"
"107.7160","0.1654","0.2853"
"107.7360","0.1654","0.2853"
"107.7560","0.1654","0.2853"
"107.7760","0.1654","0.2853"
"107.7960","0.1654","0.2854"
"107.8160","0.1654","0.2853"
"107.8360","0.1654","0.2853"
"107.8560","0.1654","0.2852"
"107.8760","0.1654","0.2852"
"107.8960","0.1654","0.2852"
"107.9160","0.1654","0.2853"
"107.9360","0.1654","0.2852"
"107.9560","0.1654","0.2852"
"107.9760","0.1654","0.2853"
"107.9960","0.1654","0.2853"
"108.0160","0.1654","0.2853"
"108.0360","0.1654","0.2853"
"108.0560","0.1654","0.2853"
"108.0760","0.1654","0.2853"
"108.0960","0.1654","0.2852"
"108.1160","0.1654","0.2852"
"108.1360","0.1654","0.2852"
"108.1560","0.1654","0.2852"
"108.1760","0.1654","0.2853"
"108.1960","0.1654","0.2853"
"108.2160","0.1654","0.2852"
"108.2360","0.1654","0.2852"
"108.2560","0.1654","0.2852"
"108.2760","0.1654","0.2852"
"108.2960","0.1654","0.2851"
"108.3160","0.1654","0.2851"
"108.3360","0.1654","0.2852"
"108.3560","0.1654","0.2852"
"108.3760","0.1654","0.2851"
"108.3960","0.1654","0.2852"
"108.4160","0.1654","0.2852"
"108.4360","0.1654","0.2852"
"108.4560","0.1654","0.2852"
"108.4760","0.1654","0.2852"
"108.4960","0.1654","0.2852"
"108.5160","0.1654","0.2852"
"108.5360","0.1654","0.2851"
"108.5560","0.1654","0.2851"
"108.5760","0.1654","0.2851"
"108.5960","0.1654","0.2851"
"108.6160","0.1654","0.2851"
"108.6360","0.1654","0.2851"
"108.6560","0.1654","0.2851"
"108.6760","0.1654","0.2851"
"108.6960","0.1654","0.2852"
"108.7160","0.1654","0.2852"
"108.7360","0.1654","0.2852"
"108.7560","0.1654","0.2852"
"108.7760","0.1654","0.2851"
"108.7960","0.1654","0.2850"
"108.8160","0.1654","0.2850"
"108.8360","0.1654","0.2851"
"108.8560","0.1654","0.2850"
"108.8760","0.1654","0.2850"
"108.8960","0.1654","0.2851"
"108.9160","0.1654","0.2852"
"108.9360","0.1654","0.2851"
"108.9560","0.1654","0.2852"
"108.9760","0.1654","0.2851"
"108.9960","0.1654","0.2851"
"109.0160","0.1654","0.2851"
"109.0360","0.1654","0.2850"
"109.0560","0.1654","0.2850"
"109.0760","0.1654","0.2851"
"109.0960","0.1654","0.2851"
"109.1160","0.1654","0.2851"
"109.1360","0.1654","0.2851"
"109.1560","0.1654","0.2850"
"109.1760","0.1654","0.2851"
"109.1960","0.1654","0.2851"
"109.2160","0.1654","0.2850"
"109.2360","0.1654","0.2850"
"109.2560","0.1654","0.2850"
"109.2760","0.1654","0.2850"
"109.2960","0.1654","0.2850"
"109.3160","0.1654","0.2850"
"109.3360","0.1654","0.2850"
"109.3560","0.1654","0.2850"
"109.3760","0.1654","0.2849"
"109.3960","0.1654","0.2850"
"109.4160","0.1654","0.2849"
"109.4360","0.1654","0.2850"
"109.4560","0.1654","0.2849"
"109.4760","0.1654","0.2850"
"109.4960","0.1654","0.2851"
"109.5160","0.1654","0.2850"
"109.5360","0.1654","0.2849"
"109.5560","0.1654","0.2849"
"109.5760","0.1654","0.2849"
"109.5960","0.1654","0.2849"
"109.6160","0.1654","0.2849"
"109.6360","0.1654","0.2849"
"109.6560","0.1654","0.2850"
"109.6760","0.1654","0.2850"
"109.6960","0.1654","0.2849"
"109.7160","0.1654","0.2850"
"109.7360","0.1654","0.2850"
"109.7560","0.1654","0.2849"
"109.7760","0.1654","0.2849"
"109.7960","0.1654","0.2849"
"109.8160","0.1654","0.2850"
"109.8360","0.1654","0.2850"
"109.8560","0.1654","0.2849"
"109.8760","0.1654","0.2849"
"109.8960","0.1654","0.2849"
"109.9160","0.1654","0.2849"
"109.9360","0.1654","0.2848"
"109.9560","0.1654","0.2848"
"109.9760","0.1654","0.2849"
"109.9960","0.1654","0.2849"
"110.0160","0.1654","0.2849"
"110.0360","0.1654","0.2850"
"110.0560","0.1654","0.2849"
"110.0760","0.1654","0.2850"
"110.0960","0.1654","0.2849"
"110.1160","0.1654","0.2849"
"110.1360","0.1654","0.2849"
"110.1560","0.1654","0.2848"
"110.1760","0.1654","0.2847"
"110.1960","0.1654","0.2848"
"110.2160","0.1654","0.2848"
"110.2360","0.1654","0.2848"
"110.2560","0.1654","0.2849"
"110.2760","0.1654","0.2849"
"110.2960","0.1654","0.2848"
"110.3160","0.1654","0.2849"
"110.3360","0.1654","0.2849"
"110.3560","0.1654","0.2847"
"110.3760","0.1654","0.2847"
"110.3960","0.1654","0.2847"
"110.4160","0.1654","0.2848"
"110.4360","0.1654","0.2849"
"110.4560","0.1654","0.2849"
"110.4760","0.1654","0.2848"
"110.4960","0.1654","0.2848"
"110.5160","0.1654","0.2848"
"110.5360","0.1654","0.2847"
"110.5560","0.1654","0.2848"
"110.5760","0.1654","0.2848"
"110.5960","0.1654","0.2847"
"110.6160","0.1654","0.2847"
"110.6360","0.1654","0.2847"
"110.6560","0.1654","0.2847"
"110.6760","0.1654","0.2847"
"110.6960","0.1654","0.2847"
"110.7160","0.1654","0.2847"
"110.7360","0.1654","0.2846"
"110.7560","0.1654","0.2846"
"110.7760","0.1654","0.2846"
"110.7960","0.1654","0.2846"
"110.8160","0.1654","0.2847"
"110.8360","0.1654","0.2847"
"110.8560","0.1654","0.2846"
"110.8760","0.1654","0.2847"
"110.8960","0.1654","0.2847"
"110.9160","0.1654","0.2848"
"110.9360","0.1654","0.2848"
"110.9560","0.1654","0.2848"
"110.9760","0.1654","0.2848"
"110.9960","0.1654","0.2847"
"111.0160","0.1654","0.2847"
"111.0360","0.1654","0.2847"
"111.0560","0.1654","0.2847"
"111.0760","0.1654","0.2847"
"111.0960","0.1654","0.2847"
"111.1160","0.1654","0.2847"
"111.1360","0.1654","0.2846"
"111.1560","0.1654","0.2846"
"111.1760","0.1654","0.2847"
"111.1960","0.1654","0.2847"
"111.2160","0.1654","0.2847"
"111.2360","0.1654","0.2846"
"111.2560","0.1654","0.2847"
"111.2760","0.1654","0.2847"
"111.2960","0.1654","0.2846"
"111.3160","0.1654","0.2846"
"111.3360","0.1654","0.2846"
"111.3560","0.1654","0.2847"
"111.3760","0.1654","0.2848"
"111.3960","0.1654","0.2847"
"111.4160","0.1654","0.2847"
"111.4360","0.1654","0.2847"
"111.4560","0.1654","0.2847"
"111.4760","0.1654","0.2847"
"111.4960","0.1654","0.2846"
"111.5160","0.1654","0.2845"
"111.5360","0.1654","0.2845"
"111.5560","0.1654","0.2845"
"111.5760","0.1654","0.2846"
"111.5960","0.1654","0.2845"
"111.6160","0.1654","0.2845"
"111.6360","0.1654","0.2845"
"111.6560","0.1654","0.2846"
"111.6760","0.1654","0.2846"
"111.6960","0.1654","0.2845"
"111.7160","0.1654","0.2845"
"111.7360","0.1654","0.2845"
"111.7560","0.1654","0.2845"
"111.7760","0.1654","0.2845"
"111.7960","0.1654","0.2845"
"111.8160","0.1654","0.2846"
"111.8360","0.1654","0.2846"
"111.8560","0.1654","0.2846"
"111.8760","0.1654","0.2845"
"111.8960","0.1654","0.2844"
"111.9160","0.1654","0.2844"
"111.9360","0.1654","0.2845"
"111.9560","0.1654","0.2844"
"111.9760","0.1654","0.2844"
"111.9960","0.1654","0.2845"
"112.0160","0.1654","0.2845"
"112.0360","0.1654","0.2845"
"112.0560","0.1654","0.2845"
"112.0760","0.1654","0.2845"
"112.0960","0.1654","0.2845"
"112.1160","0.1654","0.2846"
"112.1360","0.1654","0.2845"
"112.1560","0.1654","0.2844"
"112.1760","0.1654","0.2844"
"112.1960","0.1654","0.2844"
"112.2160","0.1654","0.2845"
"112.2360","0.1654","0.2844"
"112.2560","0.1654","0.2844"
"112.2760","0.1654","0.2845"
"112.2960","0.1654","0.2845"
"112.3160","0.1654","0.2845"
"112.3360","0.1654","0.2845"
"112.3560","0.1654","0.2845"
"112.3760","0.1654","0.2845"
"112.3960","0.1654","0.2845"
"112.4160","0.1654","0.2844"
"112.4360","0.1654","0.2843"
"112.4560","0.1654","0.2844"
"112.4760","0.1654","0.2844"
"112.4960","0.1654","0.2844"
"112.5160","0.1654","0.2843"
"112.5360","0.1654","0.2844"
"112.5560","0.1654","0.2845"
"112.5760","0.1654","0.2844"
"112.5960","0.1654","0.2844"
"112.6160","0.1654","0.2844"
"112.6360","0.1654","0.2843"
"112.6560","0.1654","0.2843"
"112.6760","0.1654","0.2844"
"112.6960","0.1654","0.2844"
"112.7160","0.1654","0.2843"
"112.7360","0.1654","0.2843"
"112.7560","0.1654","0.2843"
"112.7760","0.1654","0.2843"
"112.7960","0.1654","0.2844"
"112.8160","0.1654","0.2844"
"112.8360","0.1654","0.2844"
"112.8560","0.1654","0.2843"
"112.8760","0.1654","0.2843"
"112.8960","0.1654","0.2843"
"112.9160","0.1654","0.2843"
"112.9360","0.1654","0.2843"
"112.9560","0.1654","0.2843"
"112.9760","0.1654","0.2842"
"112.9960","0.1654","0.2843"
"113.0160","0.1654","0.2843"
"113.0360","0.1654","0.2843"
"113.0560","0.1654","0.2844"
"113.0760","0.1654","0.2844"
"113.0960","0.1654","0.2843"
"113.1160","0.1654","0.2844"
"113.1360","0.1654","0.2843"
"113.1560","0.1654","0.2842"
"113.1760","0.1654","0.2843"
"113.1960","0.1654","0.2843"
"113.2160","0.1654","0.2843"
"113.2360","0.1654","0.2843"
"113.2560","0.1654","0.2843"
"113.2760","0.1654","0.2842"
"113.2960","0.1654","0.2842"
"113.3160","0.1654","0.2842"
"113.3360","0.1654","0.2842"
"113.3560","0.1654","0.2842"
"113.3760","0.1654","0.2842"
"113.3960","0.1654","0.2841"
"113.4160","0.1654","0.2841"
"113.4360","0.1654","0.2842"
"113.4560","0.1654","0.2842"
"113.4760","0.1654","0.2842"
"113.4960","0.1654","0.2842"
"113.5160","0.1654","0.2842"
"113.5360","0.1654","0.2843"
"113.5560","0.1654","0.2843"
"113.5760","0.1654","0.2843"
"113.5960","0.1654","0.2842"
"113.6160","0.1654","0.2842"
"113.6360","0.1654","0.2842"
"113.6560","0.1654","0.2842"
"113.6760","0.1654","0.2842"
"113.6960","0.1654","0.2842"
"113.7160","0.1654","0.2842"
"113.7360","0.1654","0.2841"
"113.7560","0.1654","0.2841"
"113.7760","0.1654","0.2842"
"113.7960","0.1654","0.2842"
"113.8160","0.1654","0.2841"
"113.8360","0.1654","0.2841"
"113.8560","0.1654","0.2841"
"113.8760","0.1654","0.2841"
"113.8960","0.1654","0.2841"
"113.9160","0.1654","0.2841"
"113.9360","0.1654","0.2840"
"113.9560","0.1654","0.2841"
"113.9760","0.1654","0.2842"
"113.9960","0.1654","0.2841"
"114.0160","0.1654","0.2841"
"114.0360","0.1654","0.2841"
"114.0560","0.1654","0.2841"
"114.0760","0.1654","0.2841"
"114.0960","0.1654","0.2841"
"114.1160","0.1654","0.2841"
"114.1360","0.1654","0.2840"
"114.1560","0.1654","0.2840"
"114.1760","0.1654","0.2841"
"114.1960","0.1654","0.2841"
"114.2160","0.1654","0.2841"
"114.2360","0.1654","0.2841"
"114.2560","0.1654","0.2841"
"114.2760","0.1654","0.2841"
"114.2960","0.1654","0.2841"
"114.3160","0.1654","0.2841"
"114.3360","0.1654","0.2840"
"114.3560","0.1654","0.2840"
"114.3760","0.1654","0.2840"
"114.3960","0.1654","0.2840"
"114.4160","0.1654","0.2840"
"114.4360","0.1654","0.2840"
"114.4560","0.1654","0.2840"
"114.4760","0.1654","0.2840"
"114.4960","0.1654","0.2840"
"114.5160","0.1654","0.2840"
"114.5360","0.1654","0.2840"
"114.5560","0.1654","0.2840"
"114.5760","0.1654","0.2840"
"114.5960","0.1654","0.2840"
"114.6160","0.1654","0.2840"
"114.6360","0.1654","0.2839"
"114.6560","0.1654","0.2840"
"114.6760","0.1654","0.2840"
"114.6960","0.1654","0.2840"
"114.7160","0.1654","0.2839"
"114.7360","0.1654","0.2840"
"114.7560","0.1654","0.2840"
"114.7760","0.1654","0.2839"
"114.7960","0.1654","0.2839"
"114.8160","0.1654","0.2839"
"114.8360","0.1654","0.2839"
"114.8560","0.1654","0.2839"
"114.8760","0.1654","0.2840"
"114.8960","0.1654","0.2840"
"114.9160","0.1654","0.2839"
"114.9360","0.1654","0.2839"
"114.9560","0.1654","0.2839"
"114.9760","0.1654","0.2839"
"114.9960","0.1654","0.2839"
"115.0160","0.1654","0.2839"
"115.0360","0.1654","0.2840"
"115.0560","0.1654","0.2839"
"115.0760","0.1654","0.2838"
"115.0960","0.1654","0.2838"
"115.1160","0.1654","0.2839"
"115.1360","0.1654","0.2839"
"115.1560","0.1654","0.2839"
"115.1760","0.1654","0.2840"
"115.1960","0.1654","0.2839"
"115.2160","0.1654","0.2839"
"115.2360","0.1654","0.2839"
"115.2560","0.1654","0.2839"
"115.2760","0.1654","0.2839"
"115.2960","0.1654","0.2839"
"115.3160","0.1654","0.2838"
"115.3360","0.1654","0.2839"
"115.3560","0.1654","0.2839"
"115.3760","0.1654","0.2838"
"115.3960","0.1654","0.2839"
"115.4160","0.1654","0.2839"
"115.4360","0.1654","0.2839"
"115.4560","0.1654","0.2839"
"115.4760","0.1654","0.2838"
"115.4960","0.1654","0.2838"
"115.5160","0.1654","0.2838"
"115.5360","0.1654","0.2838"
"115.5560","0.1654","0.2838"
"115.5760","0.1654","0.2838"
"115.5960","0.1654","0.2838"
"115.6160","0.1654","0.2837"
"115.6360","0.1654","0.2838"
"115.6560","0.1654","0.2838"
"115.6760","0.1654","0.2839"
"115.6960","0.1654","0.2838"
"115.7160","0.1654","0.2838"
"115.7360","0.1654","0.2838"
"115.7560","0.1654","0.2838"
"115.7760","0.1654","0.2838"
"115.7960","0.1654","0.2838"
"115.8160","0.1654","0.2838"
"115.8360","0.1654","0.2838"
"115.8560","0.1654","0.2838"
"115.8760","0.1654","0.2838"
"115.8960","0.1654","0.2838"
"115.9160","0.1654","0.2838"
"115.9360","0.1654","0.2838"
"115.9560","0.1654","0.2838"
"115.9760","0.1654","0.2837"
"115.9960","0.1654","0.2837"
"116.0160","0.1654","0.2838"
"116.0360","0.1654","0.2838"
"116.0560","0.1654","0.2837"
"116.0760","0.1654","0.2837"
"116.0960","0.1654","0.2837"
"116.1160","0.1654","0.2837"
"116.1360","0.1654","0.2838"
"116.1560","0.1654","0.2837"
"116.1760","0.1654","0.2837"
"116.1960","0.1654","0.2836"
"116.2160","0.1654","0.2836"
"116.2360","0.1654","0.2836"
"116.2560","0.1654","0.2837"
"116.2760","0.1654","0.2837"
"116.2960","0.1654","0.2837"
"116.3160","0.1654","0.2837"
"116.3360","0.1654","0.2837"
"116.3560","0.1654","0.2837"
"116.3760","0.1654","0.2837"
"116.3960","0.1654","0.2838"
"116.4160","0.1654","0.2838"
"116.4360","0.1654","0.2837"
"116.4560","0.1654","0.2836"
"116.4760","0.1654","0.2837"
"116.4960","0.1654","0.2837"
"116.5160","0.1654","0.2837"
"116.5360","0.1654","0.2836"
"116.5560","0.1654","0.2836"
"116.5760","0.1654","0.2836"
"116.5960","0.1654","0.2836"
"116.6160","0.1654","0.2837"
"116.6360","0.1654","0.2837"
"116.6560","0.1654","0.2837"
"116.6760","0.1654","0.2836"
"116.6960","0.1654","0.2836"
"116.7160","0.1654","0.2836"
"116.7360","0.1654","0.2837"
"116.7560","0.1654","0.2836"
"116.7760","0.1654","0.2837"
"116.7960","0.1654","0.2837"
"116.8160","0.1654","0.2836"
"116.8360","0.1654","0.2835"
"116.8560","0.1654","0.2836"
"116.8760","0.1654","0.2836"
"116.8960","0.1654","0.2836"
"116.9160","0.1654","0.2835"
"116.9360","0.1654","0.2834"
"116.9560","0.1654","0.2835"
"116.9760","0.1654","0.2836"
"116.9960","0.1654","0.2836"
"117.0160","0.1654","0.2835"
"117.0360","0.1654","0.2836"
"117.0560","0.1654","0.2836"
"117.0760","0.1654","0.2835"
"117.0960","0.1654","0.2835"
"117.1160","0.1654","0.2835"
"117.1360","0.1654","0.2836"
"117.1560","0.1654","0.2835"
"117.1760","0.1654","0.2835"
"117.1960","0.1654","0.2835"
"117.2160","0.1654","0.2835"
"117.2360","0.1654","0.2835"
"117.2560","0.1654","0.2836"
"117.2760","0.1654","0.2836"
"117.2960","0.1654","0.2836"
"117.3160","0.1654","0.2835"
"117.3360","0.1654","0.2835"
"117.3560","0.1654","0.2834"
"117.3760","0.1654","0.2835"
"117.3960","0.1654","0.2835"
"117.4160","0.1654","0.2834"
"117.4360","0.1654","0.2834"
"117.4560","0.1654","0.2834"
"117.4760","0.1654","0.2835"
"117.4960","0.1654","0.2835"
"117.5160","0.1654","0.2834"
"117.5360","0.1654","0.2834"
"117.5560","0.1654","0.2834"
"117.5760","0.1654","0.2834"
"117.5960","0.1654","0.2835"
"117.6160","0.1654","0.2835"
"117.6360","0.1654","0.2835"
"117.6560","0.1654","0.2834"
"117.6760","0.1654","0.2835"
"117.6960","0.1654","0.2835"
"117.7160","0.1654","0.2834"
"117.7360","0.1654","0.2834"
"117.7560","0.1654","0.2834"
"117.7760","0.1654","0.2834"
"117.7960","0.1654","0.2834"
"117.8160","0.1654","0.2834"
"117.8360","0.1654","0.2834"
"117.8560","0.1654","0.2834"
"117.8760","0.1654","0.2834"
"117.8960","0.1654","0.2834"
"117.9160","0.1654","0.2833"
"117.9360","0.1654","0.2833"
"117.9560","0.1654","0.2833"
"117.9760","0.1654","0.2833"
"117.9960","0.1654","0.2834"
"118.0160","0.1654","0.2835"
"118.0360","0.1654","0.2834"
"118.0560","0.1654","0.2833"
"118.0760","0.1654","0.2833"
"118.0960","0.1654","0.2833"
"118.1160","0.1654","0.2834"
"118.1360","0.1654","0.2834"
"118.1560","0.1654","0.2833"
"118.1760","0.1654","0.2834"
"118.1960","0.1654","0.2834"
"118.2160","0.1654","0.2834"
"118.2360","0.1654","0.2833"
"118.2560","0.1654","0.2833"
"118.2760","0.1654","0.2833"
"118.2960","0.1654","0.2833"
"118.3160","0.1654","0.2833"
"118.3360","0.1654","0.2833"
"118.3560","0.1654","0.2833"
"118.3760","0.1654","0.2833"
"118.3960","0.1654","0.2833"
"118.4160","0.1654","0.2832"
"118.4360","0.1654","0.2832"
"118.4560","0.1654","0.2832"
"118.4760","0.1654","0.2832"
"118.4960","0.1654","0.2832"
"118.5160","0.1654","0.2833"
"118.5360","0.1654","0.2833"
"118.5560","0.1654","0.2833"
"118.5760","0.1654","0.2832"
"118.5960","0.1654","0.2833"
"118.6160","0.1654","0.2833"
"118.6360","0.1654","0.2833"
"118.6560","0.1654","0.2832"
"118.6760","0.1654","0.2832"
"118.6960","0.1654","0.2833"
"118.7160","0.1654","0.2833"
"118.7360","0.1654","0.2833"
"118.7560","0.1654","0.2832"
"118.7760","0.1654","0.2832"
"118.7960","0.1654","0.2832"
"118.8160","0.1654","0.2832"
"118.8360","0.1654","0.2832"
"118.8560","0.1654","0.2832"
"118.8760","0.1654","0.2833"
"118.8960","0.1654","0.2833"
"118.9160","0.1654","0.2833"
"118.9360","0.1654","0.2832"
"118.9560","0.1654","0.2831"
"118.9760","0.1654","0.2830"
"118.9960","0.1654","0.2830"
"119.0160","0.1654","0.2832"
"119.0360","0.1654","0.2832"
"119.0560","0.1654","0.2832"
"119.0760","0.1654","0.2832"
"119.0960","0.1654","0.2832"
"119.1160","0.1654","0.2832"
"119.1360","0.1654","0.2832"
"119.1560","0.1654","0.2832"
"119.1760","0.1654","0.2832"
"119.1960","0.1654","0.2832"
"119.2160","0.1654","0.2831"
"119.2360","0.1654","0.2831"
"119.2560","0.1654","0.2830"
"119.2760","0.1654","0.2831"
"119.2960","0.1654","0.2831"
"119.3160","0.1654","0.2832"
"119.3360","0.1654","0.2832"
"119.3560","0.1654","0.2832"
"119.3760","0.1654","0.2831"
"119.3960","0.1654","0.2831"
"119.4160","0.1654","0.2831"
"119.4360","0.1654","0.2830"
"119.4560","0.1654","0.2830"
"119.4760","0.1654","0.2830"
"119.4960","0.1654","0.2831"
"119.5160","0.1654","0.2831"
"119.5360","0.1654","0.2831"
"119.5560","0.1654","0.2831"
"119.5760","0.1654","0.2831"
"119.5960","0.1654","0.2830"
"119.6160","0.1654","0.2829"
"119.6360","0.1654","0.2830"
"119.6560","0.1654","0.2830"
"119.6760","0.1654","0.2830"
"119.6960","0.1654","0.2831"
"119.7160","0.1654","0.2831"
"119.7360","0.1654","0.2831"
"119.7560","0.1654","0.2829"
"119.7760","0.1654","0.2829"
"119.7960","0.1654","0.2830"
"119.8160","0.1654","0.2831"
"119.8360","0.1654","0.2831"
"119.8560","0.1654","0.2831"
"119.8760","0.1654","0.2831"
"119.8960","0.1654","0.2831"
"119.9160","0.1654","0.2831"
"119.9360","0.1654","0.2830"
"119.9560","0.1654","0.2830"
"119.9760","0.1654","0.2830"
"119.9960","0.1654","0.2830"
"120.0160","0.1654","0.2830"
"120.0360","0.1654","0.2829"
"120.0560","0.1654","0.2830"
"120.0760","0.1654","0.2830"
"120.0960","0.1654","0.2830"
"120.1160","0.1654","0.2830"
"120.1360","0.1654","0.2830"
"120.1560","0.1654","0.2830"
"120.1760","0.1654","0.2829"
"120.1960","0.1654","0.2830"
"120.2160","0.1654","0.2831"
"120.2360","0.1654","0.2831"
"120.2560","0.1654","0.2830"
"120.2760","0.1654","0.2830"
"120.2960","0.1654","0.2830"
"120.3160","0.1654","0.2829"
"120.3360","0.1654","0.2829"
"120.3560","0.1654","0.2829"
"120.3760","0.1654","0.2829"
"120.3960","0.1654","0.2830"
"120.4160","0.1654","0.2830"
"120.4360","0.1654","0.2829"
"120.4560","0.1654","0.2828"
"120.4760","0.1654","0.2828"
"120.4960","0.1654","0.2829"
"120.5160","0.1654","0.2830"
"120.5360","0.1654","0.2829"
"120.5560","0.1654","0.2829"
"120.5760","0.1654","0.2830"
"120.5960","0.1654","0.2830"
"120.6160","0.1654","0.2830"
"120.6360","0.1654","0.2830"
"120.6560","0.1654","0.2830"
"120.6760","0.1654","0.2829"
"120.6960","0.1654","0.2828"
"120.7160","0.1654","0.2828"
"120.7360","0.1654","0.2828"
"120.7560","0.1654","0.2828"
"120.7760","0.1654","0.2828"
"120.7960","0.1654","0.2828"
"120.8160","0.1654","0.2828"
"120.8360","0.1654","0.2828"
"120.8560","0.1654","0.2828"
"120.8760","0.1654","0.2828"
"120.8960","0.1654","0.2829"
"120.9160","0.1654","0.2829"
"120.9360","0.1654","0.2829"
"120.9560","0.1654","0.2828"
"120.9760","0.1654","0.2828"
"120.9960","0.1654","0.2828"
"121.0160","0.1654","0.2828"
"121.0360","0.1654","0.2828"
"121.0560","0.1654","0.2827"
"121.0760","0.1654","0.2828"
"121.0960","0.1654","0.2827"
"121.1160","0.1654","0.2828"
"121.1360","0.1654","0.2828"
"121.1560","0.1654","0.2828"
"121.1760","0.1654","0.2827"
"121.1960","0.1654","0.2827"
"121.2160","0.1654","0.2827"
"121.2360","0.1654","0.2827"
"121.2560","0.1654","0.2827"
"121.2760","0.1654","0.2827"
"121.2960","0.1654","0.2828"
"121.3160","0.1654","0.2828"
"121.3360","0.1654","0.2828"
"121.3560","0.1654","0.2827"
"121.3760","0.1654","0.2827"
"121.3960","0.1654","0.2827"
"121.4160","0.1654","0.2827"
"121.4360","0.1654","0.2827"
"121.4560","0.1654","0.2827"
"121.4760","0.1654","0.2828"
"121.4960","0.1654","0.2827"
"121.5160","0.1654","0.2826"
"121.5360","0.1654","0.2827"
"121.5560","0.1654","0.2827"
"121.5760","0.1654","0.2828"
"121.5960","0.1654","0.2827"
"121.6160","0.1654","0.2828"
"121.6360","0.1654","0.2828"
"121.6560","0.1654","0.2828"
"121.6760","0.1654","0.2828"
"121.6960","0.1654","0.2827"
"121.7160","0.1654","0.2827"
"121.7360","0.1654","0.2827"
"121.7560","0.1654","0.2828"
"121.7760","0.1654","0.2828"
"121.7960","0.1654","0.2828"
"121.8160","0.1654","0.2828"
"121.8360","0.1654","0.2827"
"121.8560","0.1654","0.2827"
"121.8760","0.1654","0.2826"
"121.8960","0.1654","0.2826"
"121.9160","0.1654","0.2826"
"121.9360","0.1654","0.2826"
"121.9560","0.1654","0.2826"
"121.9760","0.1654","0.2826"
"121.9960","0.1654","0.2826"
"122.0160","0.1654","0.2827"
"122.0360","0.1654","0.2827"
"122.0560","0.1654","0.2826"
"122.0760","0.1654","0.2827"
"122.0960","0.1654","0.2827"
"122.1160","0.1654","0.2828"
"122.1360","0.1654","0.2828"
"122.1560","0.1654","0.2827"
"122.1760","0.1654","0.2826"
"122.1960","0.1654","0.2827"
"122.2160","0.1654","0.2826"
"122.2360","0.1654","0.2826"
"122.2560","0.1654","0.2825"
"122.2760","0.1654","0.2825"
"122.2960","0.1654","0.2826"
"122.3160","0.1654","0.2826"
"122.3360","0.1654","0.2826"
"122.3560","0.1654","0.2826"
"122.3760","0.1654","0.2825"
"122.3960","0.1654","0.2825"
"122.4160","0.1654","0.2826"
"122.4360","0.1654","0.2826"
"122.4560","0.1654","0.2825"
"122.4760","0.1654","0.2825"
"122.4960","0.1654","0.2824"
"122.5160","0.1654","0.2825"
"122.5360","0.1654","0.2826"
"122.5560","0.1654","0.2826"
"122.5760","0.1654","0.2825"
"122.5960","0.1654","0.2825"
"122.6160","0.1654","0.2825"
"122.6360","0.1654","0.2826"
"122.6560","0.1654","0.2825"
"122.6760","0.1654","0.2825"
"122.6960","0.1654","0.2824"
"122.7160","0.1654","0.2824"
"122.7360","0.1654","0.2825"
"122.7560","0.1654","0.2826"
"122.7760","0.1654","0.2825"
"122.7960","0.1654","0.2825"
"122.8160","0.1654","0.2824"
"122.8360","0.1654","0.2825"
"122.8560","0.1654","0.2825"
"122.8760","0.1654","0.2825"
"122.8960","0.1654","0.2825"
"122.9160","0.1654","0.2825"
"122.9360","0.1654","0.2825"
"122.9560","0.1654","0.2825"
"122.9760","0.1654","0.2825"
"122.9960","0.1654","0.2824"
"123.0160","0.1654","0.2824"
"123.0360","0.1654","0.2824"
"123.0560","0.1654","0.2825"
"123.0760","0.1654","0.2825"
"123.0960","0.1654","0.2825"
"123.1160","0.1654","0.2824"
"123.1360","0.1654","0.2824"
"123.1560","0.1654","0.2824"
"123.1760","0.1654","0.2824"
"123.1960","0.1654","0.2824"
"123.2160","0.1654","0.2824"
"123.2360","0.1654","0.2824"
"123.2560","0.1654","0.2824"
"123.2760","0.1654","0.2824"
"123.2960","0.1654","0.2824"
"123.3160","0.1654","0.2824"
"123.3360","0.1654","0.2824"
"123.3560","0.1654","0.2825"
"123.3760","0.1654","0.2824"
"123.3960","0.1654","0.2823"
"123.4160","0.1654","0.2824"
"123.4360","0.1654","0.2823"
"123.4560","0.1654","0.2823"
"123.4760","0.1654","0.2823"
"123.4960","0.1654","0.2823"
"123.5160","0.1654","0.2824"
"123.5360","0.1654","0.2824"
"123.5560","0.1654","0.2824"
"123.5760","0.1654","0.2823"
"123.5960","0.1654","0.2824"
"123.6160","0.1654","0.2824"
"123.6360","0.1654","0.2824"
"123.6560","0.1654","0.2823"
"123.6760","0.1654","0.2823"
"123.6960","0.1654","0.2823"
"123.7160","0.1654","0.2823"
"123.7360","0.1654","0.2824"
"123.7560","0.1654","0.2823"
"123.7760","0.1654","0.2823"
"123.7960","0.1654","0.2823"
"123.8160","0.1654","0.2823"
"123.8360","0.1654","0.2823"
"123.8560","0.1654","0.2824"
"123.8760","0.1654","0.2823"
"123.8960","0.1654","0.2823"
"123.9160","0.1654","0.2822"
"123.9360","0.1654","0.2822"
"123.9560","0.1654","0.2823"
"123.9760","0.1654","0.2823"
"123.9960","0.1654","0.2824"
"124.0160","0.1654","0.2823"
"124.0360","0.1654","0.2823"
"124.0560","0.1654","0.2823"
"124.0760","0.1654","0.2824"
"124.0960","0.1654","0.2823"
"124.1160","0.1654","0.2822"
"124.1360","0.1654","0.2822"
"124.1560","0.1654","0.2823"
"124.1760","0.1654","0.2823"
"124.1960","0.1654","0.2823"
"124.2160","0.1654","0.2822"
"124.2360","0.1654","0.2822"
"124.2560","0.1654","0.2822"
"124.2760","0.1654","0.2823"
"124.2960","0.1654","0.2822"
"124.3160","0.1654","0.2822"
"124.3360","0.1654","0.2823"
"124.3560","0.1654","0.2823"
"124.3760","0.1654","0.2823"
"124.3960","0.1654","0.2822"
"124.4160","0.1654","0.2822"
"124.4360","0.1654","0.2822"
"124.4560","0.1654","0.2822"
"124.4760","0.1654","0.2823"
"124.4960","0.1654","0.2823"
"124.5160","0.1654","0.2822"
"124.5360","0.1654","0.2821"
"124.5560","0.1654","0.2821"
"124.5760","0.1654","0.2821"
"124.5960","0.1654","0.2822"
"124.6160","0.1654","0.2822"
"124.6360","0.1654","0.2822"
"124.6560","0.1654","0.2821"
"124.6760","0.1654","0.2821"
"124.6960","0.1654","0.2822"
"124.7160","0.1654","0.2822"
"124.7360","0.1654","0.2822"
"124.7560","0.1654","0.2822"
"124.7760","0.1654","0.2821"
"124.7960","0.1654","0.2821"
"124.8160","0.1654","0.2821"
"124.8360","0.1654","0.2821"
"124.8560","0.1654","0.2821"
"124.8760","0.1654","0.2821"
"124.8960","0.1654","0.2821"
"124.9160","0.1654","0.2821"
"124.9360","0.1654","0.2821"
"124.9560","0.1654","0.2821"
"124.9760","0.1654","0.2822"
"124.9960","0.1654","0.2821"
"125.0160","0.1654","0.2821"
"125.0360","0.1654","0.2821"
"125.0560","0.1654","0.2822"
"125.0760","0.1654","0.2821"
"125.0960","0.1654","0.2821"
"125.1160","0.1654","0.2822"
"125.1360","0.1654","0.2822"
"125.1560","0.1654","0.2823"
"125.1760","0.1654","0.2821"
"125.1960","0.1654","0.2820"
"125.2160","0.1654","0.2820"
"125.2360","0.1654","0.2821"
"125.2560","0.1654","0.2821"
"125.2760","0.1654","0.2821"
"125.2960","0.1654","0.2821"
"125.3160","0.1654","0.2821"
"125.3360","0.1654","0.2821"
"125.3560","0.1654","0.2821"
"125.3760","0.1654","0.2821"
"125.3960","0.1654","0.2821"
"125.4160","0.1654","0.2821"
"125.4360","0.1654","0.2821"
"125.4560","0.1654","0.2821"
"125.4760","0.1654","0.2821"
"125.4960","0.1654","0.2820"
"125.5160","0.1654","0.2820"
"125.5360","0.1654","0.2820"
"125.5560","0.1654","0.2820"
"125.5760","0.1654","0.2819"
"125.5960","0.1654","0.2820"
"125.6160","0.1654","0.2820"
"125.6360","0.1654","0.2820"
"125.6560","0.1654","0.2820"
"125.6760","0.1654","0.2820"
"125.6960","0.1654","0.2820"
"125.7160","0.1654","0.2819"
"125.7360","0.1654","0.2820"
"125.7560","0.1654","0.2820"
"125.7760","0.1654","0.2820"
"125.7960","0.1654","0.2820"
"125.8160","0.1654","0.2820"
"125.8360","0.1654","0.2819"
"125.8560","0.1654","0.2820"
"125.8760","0.1654","0.2820"
"125.8960","0.1654","0.2820"
"125.9160","0.1654","0.2819"
"125.9360","0.1654","0.2819"
"125.9560","0.1654","0.2820"
"125.9760","0.1654","0.2820"
"125.9960","0.1654","0.2819"
"126.0160","0.1654","0.2819"
"126.0360","0.1654","0.2819"
"126.0560","0.1654","0.2820"
"126.0760","0.1654","0.2819"
"126.0960","0.1654","0.2819"
"126.1160","0.1654","0.2819"
"126.1360","0.1654","0.2820"
"126.1560","0.1654","0.2819"
"126.1760","0.1654","0.2818"
"126.1960","0.1654","0.2819"
"126.2160","0.1654","0.2819"
"126.2360","0.1654","0.2819"
"126.2560","0.1654","0.2819"
"126.2760","0.1654","0.2819"
"126.2960","0.1654","0.2819"
"126.3160","0.1654","0.2819"
"126.3360","0.1654","0.2819"
"126.3560","0.1654","0.2819"
"126.3760","0.1654","0.2820"
"126.3960","0.1654","0.2819"
"126.4160","0.1654","0.2818"
"126.4360","0.1654","0.2818"
"126.4560","0.1654","0.2818"
"126.4760","0.1654","0.2818"
"126.4960","0.1654","0.2819"
"126.5160","0.1654","0.2818"
"126.5360","0.1654","0.2819"
"126.5560","0.1654","0.2818"
"126.5760","0.1654","0.2818"
"126.5960","0.1654","0.2818"
"126.6160","0.1654","0.2819"
"126.6360","0.1654","0.2819"
"126.6560","0.1654","0.2818"
"126.6760","0.1654","0.2819"
"126.6960","0.1654","0.2819"
"126.7160","0.1654","0.2818"
"126.7360","0.1654","0.2818"
"126.7560","0.1654","0.2819"
"126.7760","0.1654","0.2818"
"126.7960","0.1654","0.2818"
"126.8160","0.1654","0.2818"
"126.8360","0.1654","0.2818"
"126.8560","0.1654","0.2819"
"126.8760","0.1654","0.2819"
"126.8960","0.1654","0.2818"
"126.9160","0.1654","0.2818"
"126.9360","0.1654","0.2818"
"126.9560","0.1654","0.2818"
"126.9760","0.1654","0.2817"
"126.9960","0.1654","0.2818"
"127.0160","0.1654","0.2818"
"127.0360","0.1654","0.2817"
"127.0560","0.1654","0.2818"
"127.0760","0.1654","0.2818"
"127.0960","0.1654","0.2818"
"127.1160","0.1654","0.2818"
"127.1360","0.1654","0.2818"
"127.1560","0.1654","0.2818"
"127.1760","0.1654","0.2816"
"127.1960","0.1654","0.2817"
"127.2160","0.1654","0.2817"
"127.2360","0.1654","0.2817"
"127.2560","0.1654","0.2817"
"127.2760","0.1654","0.2817"
"127.2960","0.1654","0.2818"
"127.3160","0.1654","0.2817"
"127.3360","0.1654","0.2817"
"127.3560","0.1654","0.2817"
"127.3760","0.1654","0.2817"
"127.3960","0.1654","0.2818"
"127.4160","0.1654","0.2817"
"127.4360","0.1654","0.2817"
"127.4560","0.1654","0.2817"
"127.4760","0.1654","0.2817"
"127.4960","0.1654","0.2817"
"127.5160","0.1654","0.2817"
"127.5360","0.1654","0.2817"
"127.5560","0.1654","0.2817"
"127.5760","0.1654","0.2817"
"127.5960","0.1654","0.2816"
"127.6160","0.1654","0.2816"
"127.6360","0.1654","0.2817"
"127.6560","0.1654","0.2816"
"127.6760","0.1654","0.2817"
"127.6960","0.1654","0.2817"
"127.7160","0.1654","0.2816"
"127.7360","0.1654","0.2815"
"127.7560","0.1654","0.2816"
"127.7760","0.1654","0.2816"
"127.7960","0.1654","0.2816"
"127.8160","0.1654","0.2817"
"127.8360","0.1654","0.2817"
"127.8560","0.1654","0.2816"
"127.8760","0.1654","0.2816"
"127.8960","0.1654","0.2816"
"127.9160","0.1654","0.2815"
"127.9360","0.1654","0.2817"
"127.9560","0.1654","0.2818"
"127.9760","0.1654","0.2817"
"127.9960","0.1654","0.2816"
"128.0160","0.1654","0.2817"
"128.0360","0.1654","0.2817"
"128.0560","0.1654","0.2817"
"128.0760","0.1654","0.2815"
"128.0960","0.1654","0.2815"
"128.1160","0.1654","0.2815"
"128.1360","0.1654","0.2816"
"128.1560","0.1654","0.2817"
"128.1760","0.1654","0.2817"
"128.1960","0.1654","0.2816"
"128.2160","0.1654","0.2816"
"128.2360","0.1654","0.2816"
"128.2560","0.1654","0.2816"
"128.2760","0.1654","0.2815"
"128.2960","0.1654","0.2816"
"128.3160","0.1654","0.2816"
"128.3360","0.1654","0.2816"
"128.3560","0.1654","0.2815"
"128.3760","0.1654","0.2815"
"128.3960","0.1654","0.2815"
"128.4160","0.1654","0.2816"
"128.4360","0.1654","0.2816"
"128.4560","0.1654","0.2816"
"128.4760","0.1654","0.2816"
"128.4960","0.1654","0.2815"
"128.5160","0.1654","0.2815"
"128.5360","0.1654","0.2815"
"128.5560","0.1654","0.2816"
"128.5760","0.1654","0.2816"
"128.5960","0.1654","0.2816"
"128.6160","0.1654","0.2816"
"128.6360","0.1654","0.2816"
"128.6560","0.1654","0.2815"
"128.6760","0.1654","0.2815"
"128.6960","0.1654","0.2816"
"128.7160","0.1654","0.2816"
"128.7360","0.1654","0.2815"
"128.7560","0.1654","0.2814"
"128.7760","0.1654","0.2814"
"128.7960","0.1654","0.2815"
"128.8160","0.1654","0.2815"
"128.8360","0.1654","0.2814"
"128.8560","0.1654","0.2814"
"128.8760","0.1654","0.2815"
"128.8960","0.1654","0.2814"
"128.9160","0.1654","0.2815"
"128.9360","0.1654","0.2815"
"128.9560","0.1654","0.2814"
"128.9760","0.1654","0.2814"
"128.9960","0.1654","0.2814"
"129.0160","0.1654","0.2815"
"129.0360","0.1654","0.2815"
"129.0560","0.1654","0.2814"
"129.0760","0.1654","0.2815"
"129.0960","0.1654","0.2815"
"129.1160","0.1654","0.2815"
"129.1360","0.1654","0.2814"
"129.1560","0.1654","0.2815"
"129.1760","0.1654","0.2815"
"129.1960","0.1654","0.2815"
"129.2160","0.1654","0.2814"
"129.2360","0.1654","0.2814"
"129.2560","0.1654","0.2814"
"129.2760","0.1654","0.2815"
"129.2960","0.1654","0.2814"
"129.3160","0.1654","0.2814"
"129.3360","0.1654","0.2814"
"129.3560","0.1654","0.2815"
"129.3760","0.1654","0.2815"
"129.3960","0.1654","0.2814"
"129.4160","0.1654","0.2814"
"129.4360","0.1654","0.2814"
"129.4560","0.1654","0.2814"
"129.4760","0.1654","0.2814"
"129.4960","0.1654","0.2814"
"129.5160","0.1654","0.2814"
"129.5360","0.1654","0.2813"
"129.5560","0.1654","0.2813"
"129.5760","0.1654","0.2814"
"129.5960","0.1654","0.2814"
"129.6160","0.1654","0.2814"
"129.6360","0.1654","0.2813"
"129.6560","0.1654","0.2813"
"129.6760","0.1654","0.2813"
"129.6960","0.1654","0.2814"
"129.7160","0.1654","0.2814"
"129.7360","0.1654","0.2814"
"129.7560","0.1654","0.2814"
"129.7760","0.1654","0.2813"
"129.7960","0.1654","0.2813"
"129.8160","0.1654","0.2812"
"129.8360","0.1654","0.2813"
"129.8560","0.1654","0.2814"
"129.8760","0.1654","0.2813"
"129.8960","0.1654","0.2813"
"129.9160","0.1654","0.2813"
"129.9360","0.1654","0.2813"
"129.9560","0.1654","0.2813"
"129.9760","0.1654","0.2812"
"129.9960","0.1654","0.2812"
"130.0160","0.1654","0.2812"
"130.0360","0.1654","0.2812"
"130.0560","0.1654","0.2813"
"130.0760","0.1654","0.2812"
"130.0960","0.1654","0.2813"
"130.1160","0.1654","0.2813"
"130.1360","0.1654","0.2813"
"130.1560","0.1654","0.2813"
"130.1760","0.1654","0.2813"
"130.1960","0.1654","0.2813"
"130.2160","0.1654","0.2813"
"130.2360","0.1654","0.2812"
"130.2560","0.1654","0.2812"
"130.2760","0.1654","0.2812"
"130.2960","0.1654","0.2812"
"130.3160","0.1654","0.2812"
"130.3360","0.1654","0.2813"
"130.3560","0.1654","0.2813"
"130.3760","0.1654","0.2813"
"130.3960","0.1654","0.2813"
"130.4160","0.1654","0.2813"
"130.4360","0.1654","0.2812"
"130.4560","0.1654","0.2812"
"130.4760","0.1654","0.2811"
"130.4960","0.1654","0.2812"
"130.5160","0.1654","0.2812"
"130.5360","0.1654","0.2812"
"130.5560","0.1654","0.2812"
"130.5760","0.1654","0.2813"
"130.5960","0.1654","0.2813"
"130.6160","0.1654","0.2813"
"130.6360","0.1654","0.2813"
"130.6560","0.1654","0.2813"
"130.6760","0.1654","0.2812"
"130.6960","0.1654","0.2811"
"130.7160","0.1654","0.2811"
"130.7360","0.1654","0.2812"
"130.7560","0.1654","0.2812"
"130.7760","0.1654","0.2812"
"130.7960","0.1654","0.2812"
"130.8160","0.1654","0.2812"
"130.8360","0.1654","0.2812"
"130.8560","0.1654","0.2812"
"130.8760","0.1654","0.2812"
"130.8960","0.1654","0.2812"
"130.9160","0.1654","0.2811"
"130.9360","0.1654","0.2811"
"130.9560","0.1654","0.2811"
"130.9760","0.1654","0.2811"
"130.9960","0.1654","0.2811"
"131.0160","0.1654","0.2811"
"131.0360","0.1654","0.2811"
"131.0560","0.1654","0.2811"
"131.0760","0.1654","0.2812"
"131.0960","0.1654","0.2812"
"131.1160","0.1654","0.2812"
"131.1360","0.1654","0.2811"
"131.1560","0.1654","0.2811"
"131.1760","0.1654","0.2811"
"131.1960","0.1654","0.2811"
"131.2160","0.1654","0.2812"
"131.2360","0.1654","0.2811"
"131.2560","0.1654","0.2811"
"131.2760","0.1654","0.2811"
"131.2960","0.1654","0.2811"
"131.3160","0.1654","0.2811"
"131.3360","0.1654","0.2811"
"131.3560","0.1654","0.2811"
"131.3760","0.1654","0.2811"
"131.3960","0.1654","0.2811"
"131.4160","0.1654","0.2811"
"131.4360","0.1654","0.2811"
"131.4560","0.1654","0.2811"
"131.4760","0.1654","0.2810"
"131.4960","0.1654","0.2809"
"131.5160","0.1654","0.2809"
"131.5360","0.1654","0.2810"
"131.5560","0.1654","0.2810"
"131.5760","0.1654","0.2810"
"131.5960","0.1654","0.2810"
"131.6160","0.1654","0.2810"
"131.6360","0.1654","0.2810"
"131.6560","0.1654","0.2811"
"131.6760","0.1654","0.2811"
"131.6960","0.1654","0.2810"
"131.7160","0.1654","0.2810"
"131.7360","0.1654","0.2810"
"131.7560","0.1654","0.2810"
"131.7760","0.1654","0.2810"
"131.7960","0.1654","0.2811"
"131.8160","0.1654","0.2810"
"131.8360","0.1654","0.2810"
"131.8560","0.1654","0.2811"
"131.8760","0.1654","0.2810"
"131.8960","0.1654","0.2809"
"131.9160","0.1654","0.2809"
"131.9360","0.1654","0.2809"
"131.9560","0.1654","0.2810"
"131.9760","0.1654","0.2809"
"131.9960","0.1654","0.2810"
"132.0160","0.1654","0.2810"
"132.0360","0.1654","0.2809"
"132.0560","0.1654","0.2809"
"132.0760","0.1654","0.2810"
"132.0960","0.1654","0.2810"
"132.1160","0.1654","0.2809"
"132.1360","0.1654","0.2810"
"132.1560","0.1654","0.2809"
"132.1760","0.1654","0.2809"
"132.1960","0.1654","0.2809"
"132.2160","0.1654","0.2810"
"132.2360","0.1654","0.2810"
"132.2560","0.1654","0.2810"
"132.2760","0.1654","0.2809"
"132.2960","0.1654","0.2809"
"132.3160","0.1654","0.2809"
"132.3360","0.1654","0.2809"
"132.3560","0.1654","0.2809"
"132.3760","0.1654","0.2809"
"132.3960","0.1654","0.2809"
"132.4160","0.1654","0.2809"
"132.4360","0.1654","0.2809"
"132.4560","0.1654","0.2809"
"132.4760","0.1654","0.2809"
"132.4960","0.1654","0.2809"
"132.5160","0.1654","0.2809"
"132.5360","0.1654","0.2809"
"132.5560","0.1654","0.2809"
"132.5760","0.1654","0.2810"
"132.5960","0.1654","0.2809"
"132.6160","0.1654","0.2808"
"132.6360","0.1654","0.2808"
"132.6560","0.1654","0.2809"
"132.6760","0.1654","0.2809"
"132.6960","0.1654","0.2808"
"132.7160","0.1654","0.2808"
"132.7360","0.1654","0.2809"
"132.7560","0.1654","0.2809"
"132.7760","0.1654","0.2808"
"132.7960","0.1654","0.2809"
"132.8160","0.1654","0.2809"
"132.8360","0.1654","0.2809"
"132.8560","0.1654","0.2808"
"132.8760","0.1654","0.2808"
"132.8960","0.1654","0.2808"
"132.9160","0.1654","0.2809"
"132.9360","0.1654","0.2809"
"132.9560","0.1654","0.2809"
"132.9760","0.1654","0.2808"
"132.9960","0.1654","0.2808"
"133.0160","0.1654","0.2807"
"133.0360","0.1654","0.2808"
"133.0560","0.1654","0.2809"
"133.0760","0.1654","0.2808"
"133.0960","0.1654","0.2808"
"133.1160","0.1654","0.2809"
"133.1360","0.1654","0.2808"
"133.1560","0.1654","0.2807"
"133.1760","0.1654","0.2807"
"133.1960","0.1654","0.2808"
"133.2160","0.1654","0.2808"
"133.2360","0.1654","0.2808"
"133.2560","0.1654","0.2808"
"133.2760","0.1654","0.2807"
"133.2960","0.1654","0.2807"
"133.3160","0.1654","0.2807"
"133.3360","0.1654","0.2807"
"133.3560","0.1654","0.2807"
"133.3760","0.1654","0.2808"
"133.3960","0.1654","0.2808"
"133.4160","0.1654","0.2808"
"133.4360","0.1654","0.2808"
"133.4560","0.1654","0.2807"
"133.4760","0.1654","0.2807"
"133.4960","0.1654","0.2807"
"133.5160","0.1654","0.2807"
"133.5360","0.1654","0.2807"
"133.5560","0.1654","0.2808"
"133.5760","0.1654","0.2809"
"133.5960","0.1654","0.2808"
"133.6160","0.1654","0.2807"
"133.6360","0.1654","0.2807"
"133.6560","0.1654","0.2807"
"133.6760","0.1654","0.2806"
"133.6960","0.1654","0.2807"
"133.7160","0.1654","0.2806"
"133.7360","0.1654","0.2806"
"133.7560","0.1654","0.2807"
"133.7760","0.1654","0.2807"
"133.7960","0.1654","0.2807"
"133.8160","0.1654","0.2807"
"133.8360","0.1654","0.2807"
"133.8560","0.1654","0.2807"
"133.8760","0.1654","0.2807"
"133.8960","0.1654","0.2806"
"133.9160","0.1654","0.2806"
"133.9360","0.1654","0.2806"
"133.9560","0.1654","0.2807"
"133.9760","0.1654","0.2807"
"133.9960","0.1654","0.2807"
"134.0160","0.1654","0.2807"
"134.0360","0.1654","0.2807"
"134.0560","0.1654","0.2807"
"134.0760","0.1654","0.2806"
"134.0960","0.1654","0.2806"
"134.1160","0.1654","0.2806"
"134.1360","0.1654","0.2808"
"134.1560","0.1654","0.2808"
"134.1760","0.1654","0.2806"
"134.1960","0.1654","0.2806"
"134.2160","0.1654","0.2806"
"134.2360","0.1654","0.2806"
"134.2560","0.1654","0.2807"
"134.2760","0.1654","0.2806"
"134.2960","0.1654","0.2806"
"134.3160","0.1654","0.2806"
"134.3360","0.1654","0.2806"
"134.3560","0.1654","0.2806"
"134.3760","0.1654","0.2806"
"134.3960","0.1654","0.2806"
"134.4160","0.1654","0.2805"
"134.4360","0.1654","0.2805"
"134.4560","0.1654","0.2805"
"134.4760","0.1654","0.2805"
"134.4960","0.1654","0.2805"
"134.5160","0.1654","0.2805"
"134.5360","0.1654","0.2805"
"134.5560","0.1654","0.2805"
"134.5760","0.1654","0.2805"
"134.5960","0.1654","0.2805"
"134.6160","0.1654","0.2806"
"134.6360","0.1654","0.2806"
"134.6560","0.1654","0.2806"
"134.6760","0.1654","0.2806"
"134.6960","0.1654","0.2805"
"134.7160","0.1654","0.2805"
"134.7360","0.1654","0.2805"
"134.7560","0.1654","0.2806"
"134.7760","0.1654","0.2806"
"134.7960","0.1654","0.2806"
"134.8160","0.1654","0.2806"
"134.8360","0.1654","0.2806"
"134.8560","0.1654","0.2805"
"134.8760","0.1654","0.2804"
"134.8960","0.1654","0.2805"
"134.9160","0.1654","0.2806"
"134.9360","0.1654","0.2805"
"134.9560","0.1654","0.2805"
"134.9760","0.1654","0.2805"
"134.9960","0.1654","0.2806"
"135.0160","0.1654","0.2806"
"135.0360","0.1654","0.2805"
"135.0560","0.1654","0.2805"
"135.0760","0.1654","0.2804"
"135.0960","0.1654","0.2804"
"135.1160","0.1654","0.2804"
"135.1360","0.1654","0.2804"
"135.1560","0.1654","0.2805"
"135.1760","0.1654","0.2805"
"135.1960","0.1654","0.2805"
"135.2160","0.1654","0.2805"
"135.2360","0.1654","0.2804"
"135.2560","0.1654","0.2804"
"135.2760","0.1654","0.2805"
"135.2960","0.1654","0.2805"
"135.3160","0.1654","0.2804"
"135.3360","0.1654","0.2804"
"135.3560","0.1654","0.2804"
"135.3760","0.1654","0.2805"
"135.3960","0.1654","0.2804"
"135.4160","0.1654","0.2804"
"135.4360","0.1654","0.2804"
"135.4560","0.1654","0.2805"
"135.4760","0.1654","0.2805"
"135.4960","0.1654","0.2805"
"135.5160","0.1654","0.2805"
"135.5360","0.1654","0.2804"
"135.5560","0.1654","0.2804"
"135.5760","0.1654","0.2804"
"135.5960","0.1654","0.2805"
"135.6160","0.1654","0.2804"
"135.6360","0.1654","0.2804"
"135.6560","0.1654","0.2805"
"135.6760","0.1654","0.2803"
"135.6960","0.1654","0.2803"
"135.7160","0.1654","0.2803"
"135.7360","0.1654","0.2804"
"135.7560","0.1654","0.2804"
"135.7760","0.1654","0.2804"
"135.7960","0.1654","0.2804"
"135.8160","0.1654","0.2804"
"135.8360","0.1654","0.2803"
"135.8560","0.1654","0.2804"
"135.8760","0.1654","0.2804"
"135.8960","0.1654","0.2804"
"135.9160","0.1654","0.2804"
"135.9360","0.1654","0.2804"
"135.9560","0.1654","0.2804"
"135.9760","0.1654","0.2804"
"135.9960","0.1654","0.2804"
"136.0160","0.1654","0.2803"
"136.0360","0.1654","0.2803"
"136.0560","0.1654","0.2803"
"136.0760","0.1654","0.2804"
"136.0960","0.1654","0.2804"
"136.1160","0.1654","0.2804"
"136.1360","0.1654","0.2803"
"136.1560","0.1654","0.2804"
"136.1760","0.1654","0.2804"
"136.1960","0.1654","0.2803"
"136.2160","0.1654","0.2804"
"136.2360","0.1654","0.2804"
"136.2560","0.1654","0.2805"
"136.2760","0.1654","0.2804"
"136.2960","0.1654","0.2803"
"136.3160","0.1654","0.2802"
"136.3360","0.1654","0.2802"
"136.3560","0.1654","0.2803"
"136.3760","0.1654","0.2803"
"136.3960","0.1654","0.2803"
"136.4160","0.1654","0.2803"
"136.4360","0.1654","0.2802"
"136.4560","0.1654","0.2802"
"136.4760","0.1654","0.2803"
"136.4960","0.1654","0.2803"
"136.5160","0.1654","0.2803"
"136.5360","0.1654","0.2803"
"136.5560","0.1654","0.2802"
"136.5760","0.1654","0.2802"
"136.5960","0.1654","0.2803"
"136.6160","0.1654","0.2804"
"136.6360","0.1654","0.2804"
"136.6560","0.1654","0.2804"
"136.6760","0.1654","0.2803"
"136.6960","0.1654","0.2803"
"136.7160","0.1654","0.2803"
"136.7360","0.1654","0.2802"
"136.7560","0.1654","0.2802"
"136.7760","0.1654","0.2802"
"136.7960","0.1654","0.2803"
"136.8160","0.1654","0.2802"
"136.8360","0.1654","0.2802"
"136.8560","0.1654","0.2802"
"136.8760","0.1654","0.2801"
"136.8960","0.1654","0.2802"
"136.9160","0.1654","0.2802"
"136.9360","0.1654","0.2802"
"136.9560","0.1654","0.2802"
"136.9760","0.1654","0.2802"
"136.9960","0.1654","0.2801"
"137.0160","0.1654","0.2801"
"137.0360","0.1654","0.2802"
"137.0560","0.1654","0.2802"
"137.0760","0.1654","0.2802"
"137.0960","0.1654","0.2803"
"137.1160","0.1654","0.2802"
"137.1360","0.1654","0.2802"
"137.1560","0.1654","0.2801"
"137.1760","0.1654","0.2801"
"137.1960","0.1654","0.2802"
"137.2160","0.1654","0.2803"
"137.2360","0.1654","0.2803"
"137.2560","0.1654","0.2802"
"137.2760","0.1654","0.2802"
"137.2960","0.1654","0.2803"
"137.3160","0.1654","0.2802"
"137.3360","0.1654","0.2802"
"137.3560","0.1654","0.2802"
"137.3760","0.1654","0.2802"
"137.3960","0.1654","0.2802"
"137.4160","0.1654","0.2801"
"137.4360","0.1654","0.2801"
"137.4560","0.1654","0.2801"
"137.4760","0.1654","0.2802"
"137.4960","0.1654","0.2801"
"137.5160","0.1654","0.2801"
"137.5360","0.1654","0.2800"
"137.5560","0.1654","0.2800"
"137.5760","0.1654","0.2800"
"137.5960","0.1654","0.2801"
"137.6160","0.1654","0.2801"
"137.6360","0.1654","0.2801"
"137.6560","0.1654","0.2801"
"137.6760","0.1654","0.2801"
"137.6960","0.1654","0.2801"
"137.7160","0.1654","0.2800"
"137.7360","0.1654","0.2800"
"137.7560","0.1654","0.2800"
"137.7760","0.1654","0.2801"
"137.7960","0.1654","0.2801"
"137.8160","0.1654","0.2800"
"137.8360","0.1654","0.2801"
"137.8560","0.1654","0.2801"
"137.8760","0.1654","0.2801"
"137.8960","0.1654","0.2801"
"137.9160","0.1654","0.2800"
"137.9360","0.1654","0.2800"
"137.9560","0.1654","0.2801"
"137.9760","0.1654","0.2801"
"137.9960","0.1654","0.2800"
"138.0160","0.1654","0.2800"
"138.0360","0.1654","0.2800"
"138.0560","0.1654","0.2801"
"138.0760","0.1654","0.2801"
"138.0960","0.1654","0.2801"
"138.1160","0.1654","0.2801"
"138.1360","0.1654","0.2800"
"138.1560","0.1654","0.2800"
"138.1760","0.1654","0.2800"
"138.1960","0.1654","0.2800"
"138.2160","0.1654","0.2800"
"138.2360","0.1654","0.2799"
"138.2560","0.1654","0.2800"
"138.2760","0.1654","0.2800"
"138.2960","0.1654","0.2800"
"138.3160","0.1654","0.2800"
"138.3360","0.1654","0.2800"
"138.3560","0.1654","0.2800"
"138.3760","0.1654","0.2800"
"138.3960","0.1654","0.2800"
"138.4160","0.1654","0.2800"
"138.4360","0.1654","0.2800"
"138.4560","0.1654","0.2800"
"138.4760","0.1654","0.2800"
"138.4960","0.1654","0.2800"
"138.5160","0.1654","0.2800"
"138.5360","0.1654","0.2799"
"138.5560","0.1654","0.2799"
"138.5760","0.1654","0.2799"
"138.5960","0.1654","0.2799"
"138.6160","0.1654","0.2799"
"138.6360","0.1654","0.2799"
"138.6560","0.1654","0.2799"
"138.6760","0.1654","0.2799"
"138.6960","0.1654","0.2799"
"138.7160","0.1654","0.2800"
"138.7360","0.1654","0.2800"
"138.7560","0.1654","0.2800"
"138.7760","0.1654","0.2800"
"138.7960","0.1654","0.2800"
"138.8160","0.1654","0.2799"
"138.8360","0.1654","0.2799"
"138.8560","0.1654","0.2800"
"138.8760","0.1654","0.2800"
"138.8960","0.1654","0.2799"
"138.9160","0.1654","0.2799"
"138.9360","0.1654","0.2800"
"138.9560","0.1654","0.2799"
"138.9760","0.1654","0.2799"
"138.9960","0.1654","0.2798"
"139.0160","0.1654","0.2799"
"139.0360","0.1654","0.2799"
"139.0560","0.1654","0.2799"
"139.0760","0.1654","0.2799"
"139.0960","0.1654","0.2799"
"139.1160","0.1654","0.2799"
"139.1360","0.1654","0.2799"
"139.1560","0.1654","0.2799"
"139.1760","0.1654","0.2799"
"139.1960","0.1654","0.2799"
"139.2160","0.1654","0.2798"
"139.2360","0.1654","0.2798"
"139.2560","0.1654","0.2798"
"139.2760","0.1654","0.2798"
"139.2960","0.1654","0.2799"
"139.3160","0.1654","0.2798"
"139.3360","0.1654","0.2798"
"139.3560","0.1654","0.2798"
"139.3760","0.1654","0.2798"
"139.3960","0.1654","0.2798"
"139.4160","0.1654","0.2799"
"139.4360","0.1654","0.2799"
"139.4560","0.1654","0.2798"
"139.4760","0.1654","0.2798"
"139.4960","0.1654","0.2798"
"139.5160","0.1654","0.2799"
"139.5360","0.1654","0.2798"
"139.5560","0.1654","0.2798"
"139.5760","0.1654","0.2798"
"139.5960","0.1654","0.2798"
"139.6160","0.1654","0.2798"
"139.6360","0.1654","0.2798"
"139.6560","0.1654","0.2798"
"139.6760","0.1654","0.2798"
"139.6960","0.1654","0.2798"
"139.7160","0.1654","0.2799"
"139.7360","0.1654","0.2798"
"139.7560","0.1654","0.2797"
"139.7760","0.1654","0.2797"
"139.7960","0.1654","0.2797"
"139.8160","0.1654","0.2798"
"139.8360","0.1654","0.2798"
"139.8560","0.1654","0.2797"
"139.8760","0.1654","0.2797"
"139.8960","0.1654","0.2798"
"139.9160","0.1654","0.2797"
"139.9360","0.1654","0.2798"
"139.9560","0.1654","0.2798"
"139.9760","0.1654","0.2798"
"139.9960","0.1654","0.2798"
"140.0160","0.1654","0.2798"
"140.0360","0.1654","0.2798"
"140.0560","0.1654","0.2797"
"140.0760","0.1654","0.2797"
"140.0960","0.1654","0.2796"
"140.1160","0.1654","0.2796"
"140.1360","0.1654","0.2797"
"140.1560","0.1654","0.2797"
"140.1760","0.1654","0.2797"
"140.1960","0.1654","0.2798"
"140.2160","0.1654","0.2798"
"140.2360","0.1654","0.2797"
"140.2560","0.1654","0.2797"
"140.2760","0.1654","0.2798"
"140.2960","0.1654","0.2798"
"140.3160","0.1654","0.2797"
"140.3360","0.1654","0.2797"
"140.3560","0.1654","0.2796"
"140.3760","0.1654","0.2797"
"140.3960","0.1654","0.2798"
"140.4160","0.1654","0.2797"
"140.4360","0.1654","0.2797"
"140.4560","0.1654","0.2797"
"140.4760","0.1654","0.2797"
"140.4960","0.1654","0.2797"
"140.5160","0.1654","0.2797"
"140.5360","0.1654","0.2797"
"140.5560","0.1654","0.2796"
"140.5760","0.1654","0.2797"
"140.5960","0.1654","0.2796"
"140.6160","0.1654","0.2796"
"140.6360","0.1654","0.2796"
"140.6560","0.1654","0.2796"
"140.6760","0.1654","0.2796"
"140.6960","0.1654","0.2796"
"140.7160","0.1654","0.2796"
"140.7360","0.1654","0.2796"
"140.7560","0.1654","0.2796"
"140.7760","0.1654","0.2796"
"140.7960","0.1654","0.2796"
"140.8160","0.1654","0.2796"
"140.8360","0.1654","0.2796"
"140.8560","0.1654","0.2796"
"140.8760","0.1654","0.2796"
"140.8960","0.1654","0.2795"
"140.9160","0.1654","0.2796"
"140.9360","0.1654","0.2797"
"140.9560","0.1654","0.2796"
"140.9760","0.1654","0.2796"
"140.9960","0.1654","0.2797"
"141.0160","0.1654","0.2797"
"141.0360","0.1654","0.2797"
"141.0560","0.1654","0.2797"
"141.0760","0.1654","0.2796"
"141.0960","0.1654","0.2796"
"141.1160","0.1654","0.2796"
"141.1360","0.1654","0.2796"
"141.1560","0.1654","0.2796"
"141.1760","0.1654","0.2796"
"141.1960","0.1654","0.2796"
"141.2160","0.1654","0.2795"
"141.2360","0.1654","0.2795"
"141.2560","0.1654","0.2794"
"141.2760","0.1654","0.2795"
"141.2960","0.1654","0.2795"
"141.3160","0.1654","0.2795"
"141.3360","0.1654","0.2795"
"141.3560","0.1654","0.2796"
"141.3760","0.1654","0.2796"
"141.3960","0.1654","0.2795"
"141.4160","0.1654","0.2795"
"141.4360","0.1654","0.2796"
"141.4560","0.1654","0.2796"
"141.4760","0.1654","0.2795"
"141.4960","0.1654","0.2795"
"141.5160","0.1654","0.2795"
"141.5360","0.1654","0.2794"
"141.5560","0.1654","0.2795"
"141.5760","0.1654","0.2795"
"141.5960","0.1654","0.2795"
"141.6160","0.1654","0.2795"
"141.6360","0.1654","0.2795"
"141.6560","0.1654","0.2796"
"141.6760","0.1654","0.2796"
"141.6960","0.1654","0.2795"
"141.7160","0.1654","0.2795"
"141.7360","0.1654","0.2795"
"141.7560","0.1654","0.2795"
"141.7760","0.1654","0.2795"
"141.7960","0.1654","0.2795"
"141.8160","0.1654","0.2795"
"141.8360","0.1654","0.2795"
"141.8560","0.1654","0.2795"
"141.8760","0.1654","0.2794"
"141.8960","0.1654","0.2794"
"141.9160","0.1654","0.2794"
"141.9360","0.1654","0.2795"
"141.9560","0.1654","0.2795"
"141.9760","0.1654","0.2795"
"141.9960","0.1654","0.2794"
"142.0160","0.1654","0.2794"
"142.0360","0.1654","0.2795"
"142.0560","0.1654","0.2795"
"142.0760","0.1654","0.2793"
"142.0960","0.1654","0.2794"
"142.1160","0.1654","0.2794"
"142.1360","0.1654","0.2795"
"142.1560","0.1654","0.2795"
"142.1760","0.1654","0.2794"
"142.1960","0.1654","0.2794"
"142.2160","0.1654","0.2795"
"142.2360","0.1654","0.2794"
"142.2560","0.1654","0.2794"
"142.2760","0.1654","0.2794"
"142.2960","0.1654","0.2794"
"142.3160","0.1654","0.2794"
"142.3360","0.1654","0.2794"
"142.3560","0.1654","0.2794"
"142.3760","0.1654","0.2794"
"142.3960","0.1654","0.2794"
"142.4160","0.1654","0.2795"
"142.4360","0.1654","0.2794"
"142.4560","0.1654","0.2794"
"142.4760","0.1654","0.2794"
"142.4960","0.1654","0.2794"
"142.5160","0.1654","0.2794"
"142.5360","0.1654","0.2794"
"142.5560","0.1654","0.2793"
"142.5760","0.1654","0.2793"
"142.5960","0.1654","0.2793"
"142.6160","0.1654","0.2793"
"142.6360","0.1654","0.2794"
"142.6560","0.1654","0.2794"
"142.6760","0.1654","0.2794"
"142.6960","0.1654","0.2794"
"142.7160","0.1654","0.2793"
"142.7360","0.1654","0.2793"
"142.7560","0.1654","0.2793"
"142.7760","0.1654","0.2793"
"142.7960","0.1654","0.2793"
"142.8160","0.1654","0.2794"
"142.8360","0.1654","0.2794"
"142.8560","0.1654","0.2793"
"142.8760","0.1654","0.2793"
"142.8960","0.1654","0.2793"
"142.9160","0.1654","0.2794"
"142.9360","0.1654","0.2793"
"142.9560","0.1654","0.2793"
"142.9760","0.1654","0.2793"
"142.9960","0.1654","0.2793"
"143.0160","0.1654","0.2793"
"143.0360","0.1654","0.2793"
"143.0560","0.1654","0.2793"
"143.0760","0.1654","0.2793"
"143.0960","0.1654","0.2792"
"143.1160","0.1654","0.2793"
"143.1360","0.1654","0.2793"
"143.1560","0.1654","0.2793"
"143.1760","0.1654","0.2792"
"143.1960","0.1654","0.2793"
"143.2160","0.1654","0.2792"
"143.2360","0.1654","0.2793"
"143.2560","0.1654","0.2792"
"143.2760","0.1654","0.2792"
"143.2960","0.1654","0.2792"
"143.3160","0.1654","0.2792"
"143.3360","0.1654","0.2793"
"143.3560","0.1654","0.2793"
"143.3760","0.1654","0.2792"
"143.3960","0.1654","0.2792"
"143.4160","0.1654","0.2792"
"143.4360","0.1654","0.2791"
"143.4560","0.1654","0.2791"
"143.4760","0.1654","0.2791"
"143.4960","0.1654","0.2791"
"143.5160","0.1654","0.2793"
"143.5360","0.1654","0.2794"
"143.5560","0.1654","0.2793"
"143.5760","0.1654","0.2792"
"143.5960","0.1654","0.2793"
"143.6160","0.1654","0.2792"
"143.6360","0.1654","0.2792"
"143.6560","0.1654","0.2792"
"143.6760","0.1654","0.2792"
"143.6960","0.1654","0.2792"
"143.7160","0.1654","0.2791"
"143.7360","0.1654","0.2791"
"143.7560","0.1654","0.2792"
"143.7760","0.1654","0.2793"
"143.7960","0.1654","0.2793"
"143.8160","0.1654","0.2792"
"143.8360","0.1654","0.2791"
"143.8560","0.1654","0.2791"
"143.8760","0.1654","0.2791"
"143.8960","0.1654","0.2791"
"143.9160","0.1654","0.2791"
"143.9360","0.1654","0.2793"
"143.9560","0.1654","0.2792"
"143.9760","0.1654","0.2791"
"143.9960","0.1654","0.2792"
"144.0160","0.1654","0.2792"
"144.0360","0.1654","0.2792"
"144.0560","0.1654","0.2791"
"144.0760","0.1654","0.2790"
"144.0960","0.1654","0.2791"
"144.1160","0.1654","0.2792"
"144.1360","0.1654","0.2792"
"144.1560","0.1654","0.2792"
"144.1760","0.1654","0.2792"
"144.1960","0.1654","0.2791"
"144.2160","0.1654","0.2792"
"144.2360","0.1654","0.2792"
"144.2560","0.1654","0.2792"
"144.2760","0.1654","0.2791"
"144.2960","0.1654","0.2791"
"144.3160","0.1654","0.2791"
"144.3360","0.1654","0.2790"
"144.3560","0.1654","0.2790"
"144.3760","0.1654","0.2791"
"144.3960","0.1654","0.2791"
"144.4160","0.1654","0.2791"
"144.4360","0.1654","0.2791"
"144.4560","0.1654","0.2791"
"144.4760","0.1654","0.2792"
"144.4960","0.1654","0.2791"
"144.5160","0.1654","0.2791"
"144.5360","0.1654","0.2790"
"144.5560","0.1654","0.2790"
"144.5760","0.1654","0.2790"
"144.5960","0.1654","0.2791"
"144.6160","0.1654","0.2791"
"144.6360","0.1654","0.2790"
"144.6560","0.1654","0.2790"
"144.6760","0.1654","0.2790"
"144.6960","0.1654","0.2790"
"144.7160","0.1654","0.2791"
"144.7360","0.1654","0.2791"
"144.7560","0.1654","0.2791"
"144.7760","0.1654","0.2790"
"144.7960","0.1654","0.2790"
"144.8160","0.1654","0.2790"
"144.8360","0.1654","0.2791"
"144.8560","0.1654","0.2791"
"144.8760","0.1654","0.2791"
"144.8960","0.1654","0.2791"
"144.9160","0.1654","0.2791"
"144.9360","0.1654","0.2791"
"144.9560","0.1654","0.2791"
"144.9760","0.1654","0.2791"
"144.9960","0.1654","0.2790"
"145.0160","0.1654","0.2789"
"145.0360","0.1654","0.2789"
"145.0560","0.1654","0.2790"
"145.0760","0.1654","0.2790"
"145.0960","0.1654","0.2790"
"145.1160","0.1654","0.2790"
"145.1360","0.1654","0.2790"
"145.1560","0.1654","0.2790"
"145.1760","0.1654","0.2790"
"145.1960","0.1654","0.2790"
"145.2160","0.1654","0.2790"
"145.2360","0.1654","0.2790"
"145.2560","0.1654","0.2789"
"145.2760","0.1654","0.2789"
"145.2960","0.1654","0.2789"
"145.3160","0.1654","0.2790"
"145.3360","0.1654","0.2790"
"145.3560","0.1654","0.2790"
"145.3760","0.1654","0.2789"
"145.3960","0.1654","0.2789"
"145.4160","0.1654","0.2789"
"145.4360","0.1654","0.2789"
"145.4560","0.1654","0.2790"
"145.4760","0.1654","0.2789"
"145.4960","0.1654","0.2789"
"145.5160","0.1654","0.2789"
"145.5360","0.1654","0.2789"
"145.5560","0.1654","0.2789"
"145.5760","0.1654","0.2789"
"145.5960","0.1654","0.2789"
"145.6160","0.1654","0.2790"
"145.6360","0.1654","0.2789"
"145.6560","0.1654","0.2789"
"145.6760","0.1654","0.2790"
"145.6960","0.1654","0.2791"
"145.7160","0.1654","0.2790"
"145.7360","0.1654","0.2789"
"145.7560","0.1654","0.2789"
"145.7760","0.1654","0.2788"
"145.7960","0.1654","0.2788"
"145.8160","0.1654","0.2789"
"145.8360","0.1654","0.2790"
"145.8560","0.1654","0.2789"
"145.8760","0.1654","0.2789"
"145.8960","0.1654","0.2789"
"145.9160","0.1654","0.2788"
"145.9360","0.1654","0.2788"
"145.9560","0.1654","0.2789"
"145.9760","0.1654","0.2789"
"145.9960","0.1654","0.2788"
"146.0160","0.1654","0.2788"
"146.0360","0.1654","0.2789"
"146.0560","0.1654","0.2788"
"146.0760","0.1654","0.2789"
"146.0960","0.1654","0.2789"
"146.1160","0.1654","0.2789"
"146.1360","0.1654","0.2789"
"146.1560","0.1654","0.2789"
"146.1760","0.1654","0.2789"
"146.1960","0.1654","0.2788"
"146.2160","0.1654","0.2788"
"146.2360","0.1654","0.2788"
"146.2560","0.1654","0.2787"
"146.2760","0.1654","0.2788"
"146.2960","0.1654","0.2788"
"146.3160","0.1654","0.2788"
"146.3360","0.1654","0.2788"
"146.3560","0.1654","0.2788"
"146.3760","0.1654","0.2788"
"146.3960","0.1654","0.2788"
"146.4160","0.1654","0.2788"
"146.4360","0.1654","0.2789"
"146.4560","0.1654","0.2789"
"146.4760","0.1654","0.2788"
"146.4960","0.1654","0.2788"
"146.5160","0.1654","0.2788"
"146.5360","0.1654","0.2789"
"146.5560","0.1654","0.2789"
"146.5760","0.1654","0.2789"
"146.5960","0.1654","0.2788"
"146.6160","0.1654","0.2788"
"146.6360","0.1654","0.2787"
"146.6560","0.1654","0.2786"
"146.6760","0.1654","0.2787"
"146.6960","0.1654","0.2787"
"146.7160","0.1654","0.2787"
"146.7360","0.1654","0.2787"
"146.7560","0.1654","0.2787"
"146.7760","0.1654","0.2788"
"146.7960","0.1654","0.2789"
"146.8160","0.1654","0.2788"
"146.8360","0.1654","0.2788"
"146.8560","0.1654","0.2787"
"146.8760","0.1654","0.2788"
"146.8960","0.1654","0.2788"
"146.9160","0.1654","0.2788"
"146.9360","0.1654","0.2788"
"146.9560","0.1654","0.2787"
"146.9760","0.1654","0.2788"
"146.9960","0.1654","0.2788"
"147.0160","0.1654","0.2788"
"147.0360","0.1654","0.2787"
"147.0560","0.1654","0.2787"
"147.0760","0.1654","0.2787"
"147.0960","0.1654","0.2787"
"147.1160","0.1654","0.2786"
"147.1360","0.1654","0.2787"
"147.1560","0.1654","0.2788"
"147.1760","0.1654","0.2787"
"147.1960","0.1654","0.2787"
"147.2160","0.1654","0.2787"
"147.2360","0.1654","0.2787"
"147.2560","0.1654","0.2787"
"147.2760","0.1654","0.2787"
"147.2960","0.1654","0.2787"
"147.3160","0.1654","0.2787"
"147.3360","0.1654","0.2787"
"147.3560","0.1654","0.2787"
"147.3760","0.1654","0.2786"
"147.3960","0.1654","0.2785"
"147.4160","0.1654","0.2786"
"147.4360","0.1654","0.2787"
"147.4560","0.1654","0.2787"
"147.4760","0.1654","0.2786"
"147.4960","0.1654","0.2785"
"147.5160","0.1654","0.2785"
"147.5360","0.1654","0.2787"
"147.5560","0.1654","0.2786"
"147.5760","0.1654","0.2787"
"147.5960","0.1654","0.2787"
"147.6160","0.1654","0.2786"
"147.6360","0.1654","0.2786"
"147.6560","0.1654","0.2786"
"147.6760","0.1654","0.2786"
"147.6960","0.1654","0.2787"
"147.7160","0.1654","0.2787"
"147.7360","0.1654","0.2787"
"147.7560","0.1654","0.2786"
"147.7760","0.1654","0.2787"
"147.7960","0.1654","0.2787"
"147.8160","0.1654","0.2787"
"147.8360","0.1654","0.2786"
"147.8560","0.1654","0.2786"
"147.8760","0.1654","0.2786"
"147.8960","0.1654","0.2787"
"147.9160","0.1654","0.2786"
"147.9360","0.1654","0.2786"
"147.9560","0.1654","0.2786"
"147.9760","0.1654","0.2786"
"147.9960","0.1654","0.2786"
"148.0160","0.1654","0.2786"
"148.0360","0.1654","0.2786"
"148.0560","0.1654","0.2786"
"148.0760","0.1654","0.2786"
"148.0960","0.1654","0.2785"
"148.1160","0.1654","0.2785"
"148.1360","0.1654","0.2785"
"148.1560","0.1654","0.2786"
"148.1760","0.1654","0.2786"
"148.1960","0.1654","0.2786"
"148.2160","0.1654","0.2785"
"148.2360","0.1654","0.2785"
"148.2560","0.1654","0.2785"
"148.2760","0.1654","0.2785"
"148.2960","0.1654","0.2786"
"148.3160","0.1654","0.2786"
"148.3360","0.1654","0.2785"
"148.3560","0.1654","0.2785"
"148.3760","0.1654","0.2784"
"148.3960","0.1654","0.2785"
"148.4160","0.1654","0.2785"
"148.4360","0.1654","0.2786"
"148.4560","0.1654","0.2787"
"148.4760","0.1654","0.2786"
"148.4960","0.1654","0.2785"
"148.5160","0.1654","0.2786"
"148.5360","0.1654","0.2786"
"148.5560","0.1654","0.2785"
"148.5760","0.1654","0.2785"
"148.5960","0.1654","0.2785"
"148.6160","0.1654","0.2785"
"148.6360","0.1654","0.2785"
"148.6560","0.1654","0.2786"
"148.6760","0.1654","0.2786"
"148.6960","0.1654","0.2785"
"148.7160","0.1654","0.2785"
"148.7360","0.1654","0.2785"
"148.7560","0.1654","0.2785"
"148.7760","0.1654","0.2785"
"148.7960","0.1654","0.2785"
"148.8160","0.1654","0.2785"
"148.8360","0.1654","0.2784"
"148.8560","0.1654","0.2784"
"148.8760","0.1654","0.2784"
"148.8960","0.1654","0.2783"
"148.9160","0.1654","0.2784"
"148.9360","0.1654","0.2784"
"148.9560","0.1654","0.2785"
"148.9760","0.1654","0.2785"
"148.9960","0.1654","0.2785"
"149.0160","0.1654","0.2785"
"149.0360","0.1654","0.2785"
"149.0560","0.1654","0.2785"
"149.0760","0.1654","0.2784"
"149.0960","0.1654","0.2783"
"149.1160","0.1654","0.2783"
"149.1360","0.1654","0.2784"
"149.1560","0.1654","0.2784"
"149.1760","0.1654","0.2784"
"149.1960","0.1654","0.2785"
"149.2160","0.1654","0.2785"
"149.2360","0.1654","0.2784"
"149.2560","0.1654","0.2784"
"149.2760","0.1654","0.2784"
"149.2960","0.1654","0.2784"
"149.3160","0.1654","0.2784"
"149.3360","0.1654","0.2783"
"149.3560","0.1654","0.2784"
"149.3760","0.1654","0.2783"
"149.3960","0.1654","0.2784"
"149.4160","0.1654","0.2785"
"149.4360","0.1654","0.2785"
"149.4560","0.1654","0.2785"
"149.4760","0.1654","0.2784"
"149.4960","0.1654","0.2784"
"149.5160","0.1654","0.2784"
"149.5360","0.1654","0.2783"
"149.5560","0.1654","0.2784"
"149.5760","0.1654","0.2784"
"149.5960","0.1654","0.2783"
"149.6160","0.1654","0.2783"
"149.6360","0.1654","0.2783"
"149.6560","0.1654","0.2783"
"149.6760","0.1654","0.2783"
"149.6960","0.1654","0.2784"
"149.7160","0.1654","0.2784"
"149.7360","0.1654","0.2784"
"149.7560","0.1654","0.2784"
"149.7760","0.1654","0.2783"
"149.7960","0.1654","0.2783"
"149.8160","0.1654","0.2783"
"149.8360","0.1654","0.2783"
"149.8560","0.1654","0.2783"
"149.8760","0.1654","0.2783"
"149.8960","0.1654","0.2784"
"149.9160","0.1654","0.2784"
"149.9360","0.1654","0.2784"
"149.9560","0.1654","0.2783"
"149.9760","0.1654","0.2782"
"149.9960","0.1654","0.2783"
"150.0160","0.1654","0.2783"
"150.0360","0.1654","0.2783"
"150.0560","0.1654","0.2782"
"150.0760","0.1654","0.2782"
"150.0960","0.1654","0.2783"
"150.1160","0.1654","0.2783"
"150.1360","0.1654","0.2783"
"150.1560","0.1654","0.2783"
"150.1760","0.1654","0.2783"
"150.1960","0.1654","0.2783"
"150.2160","0.1654","0.2782"
"150.2360","0.1654","0.2782"
"150.2560","0.1654","0.2782"
"150.2760","0.1654","0.2782"
"150.2960","0.1654","0.2783"
"150.3160","0.1654","0.2782"
"150.3360","0.1654","0.2782"
"150.3560","0.1654","0.2782"
"150.3760","0.1654","0.2782"
"150.3960","0.1654","0.2782"
"150.4160","0.1654","0.2783"
"150.4360","0.1654","0.2783"
"150.4560","0.1654","0.2782"
"150.4760","0.1654","0.2780"
"150.4960","0.1654","0.2781"
"150.5160","0.1654","0.2781"
"150.5360","0.1654","0.2782"
"150.5560","0.1654","0.2781"
"150.5760","0.1654","0.2782"
"150.5960","0.1654","0.2782"
"150.6160","0.1654","0.2782"
"150.6360","0.1654","0.2782"
"150.6560","0.1654","0.2782"
"150.6760","0.1654","0.2782"
"150.6960","0.1654","0.2783"
"150.7160","0.1654","0.2782"
"150.7360","0.1654","0.2782"
"150.7560","0.1654","0.2782"
"150.7760","0.1654","0.2782"
"150.7960","0.1654","0.2782"
"150.8160","0.1654","0.2782"
"150.8360","0.1654","0.2782"
"150.8560","0.1654","0.2782"
"150.8760","0.1654","0.2782"
"150.8960","0.1654","0.2782"
"150.9160","0.1654","0.2781"
"150.9360","0.1654","0.2782"
"150.9560","0.1654","0.2783"
"150.9760","0.1654","0.2782"
"150.9960","0.1654","0.2781"
"151.0160","0.1654","0.2781"
"151.0360","0.1654","0.2781"
"151.0560","0.1654","0.2782"
"151.0760","0.1654","0.2782"
"151.0960","0.1654","0.2782"
"151.1160","0.1654","0.2782"
"151.1360","0.1654","0.2782"
"151.1560","0.1654","0.2781"
"151.1760","0.1654","0.2781"
"151.1960","0.1654","0.2780"
"151.2160","0.1654","0.2781"
"151.2360","0.1654","0.2781"
"151.2560","0.1654","0.2781"
"151.2760","0.1654","0.2781"
"151.2960","0.1654","0.2781"
"151.3160","0.1654","0.2781"
"151.3360","0.1654","0.2781"
"151.3560","0.1654","0.2781"
"151.3760","0.1654","0.2781"
"151.3960","0.1654","0.2781"
"151.4160","0.1654","0.2781"
"151.4360","0.1654","0.2781"
"151.4560","0.1654","0.2781"
"151.4760","0.1654","0.2780"
"151.4960","0.1654","0.2780"
"151.5160","0.1654","0.2780"
"151.5360","0.1654","0.2780"
"151.5560","0.1654","0.2780"
"151.5760","0.1654","0.2781"
"151.5960","0.1654","0.2781"
"151.6160","0.1654","0.2780"
"151.6360","0.1654","0.2781"
"151.6560","0.1654","0.2781"
"151.6760","0.1654","0.2780"
"151.6960","0.1654","0.2780"
"151.7160","0.1654","0.2780"
"151.7360","0.1654","0.2780"
"151.7560","0.1654","0.2780"
"151.7760","0.1654","0.2780"
"151.7960","0.1654","0.2780"
"151.8160","0.1654","0.2780"
"151.8360","0.1654","0.2780"
"151.8560","0.1654","0.2780"
"151.8760","0.1654","0.2780"
"151.8960","0.1654","0.2781"
"151.9160","0.1654","0.2780"
"151.9360","0.1654","0.2779"
"151.9560","0.1654","0.2779"
"151.9760","0.1654","0.2780"
"151.9960","0.1654","0.2780"
"152.0160","0.1654","0.2780"
"152.0360","0.1654","0.2780"
"152.0560","0.1654","0.2780"
"152.0760","0.1654","0.2780"
"152.0960","0.1654","0.2780"
"152.1160","0.1654","0.2780"
"152.1360","0.1654","0.2780"
"152.1560","0.1654","0.2780"
"152.1760","0.1654","0.2779"
"152.1960","0.1654","0.2779"
"152.2160","0.1654","0.2780"
"152.2360","0.1654","0.2780"
"152.2560","0.1654","0.2780"
"152.2760","0.1654","0.2779"
"152.2960","0.1654","0.2779"
"152.3160","0.1654","0.2779"
"152.3360","0.1654","0.2780"
"152.3560","0.1654","0.2780"
"152.3760","0.1654","0.2780"
"152.3960","0.1654","0.2780"
"152.4160","0.1654","0.2780"
"152.4360","0.1654","0.2779"
"152.4560","0.1654","0.2780"
"152.4760","0.1654","0.2779"
"152.4960","0.1654","0.2778"
"152.5160","0.1654","0.2780"
"152.5360","0.1654","0.2781"
"152.5560","0.1654","0.2781"
"152.5760","0.1654","0.2781"
"152.5960","0.1654","0.2780"
"152.6160","0.1654","0.2780"
"152.6360","0.1654","0.2779"
"152.6560","0.1654","0.2780"
"152.6760","0.1654","0.2779"
"152.6960","0.1654","0.2779"
"152.7160","0.1654","0.2779"
"152.7360","0.1654","0.2779"
"152.7560","0.1654","0.2779"
"152.7760","0.1654","0.2779"
"152.7960","0.1654","0.2779"
"152.8160","0.1654","0.2779"
"152.8360","0.1654","0.2779"
"152.8560","0.1654","0.2780"
"152.8760","0.1654","0.2780"
"152.8960","0.1654","0.2779"
"152.9160","0.1654","0.2778"
"152.9360","0.1654","0.2778"
"152.9560","0.1654","0.2779"
"152.9760","0.1654","0.2779"
"152.9960","0.1654","0.2779"
"153.0160","0.1654","0.2779"
"153.0360","0.1654","0.2779"
"153.0560","0.1654","0.2779"
"153.0760","0.1654","0.2778"
"153.0960","0.1654","0.2778"
"153.1160","0.1654","0.2778"
"153.1360","0.1654","0.2777"
"153.1560","0.1654","0.2777"
"153.1760","0.1654","0.2778"
"153.1960","0.1654","0.2778"
"153.2160","0.1654","0.2777"
"153.2360","0.1654","0.2778"
"153.2560","0.1654","0.2779"
"153.2760","0.1654","0.2779"
"153.2960","0.1654","0.2779"
"153.3160","0.1654","0.2779"
"153.3360","0.1654","0.2779"
"153.3560","0.1654","0.2778"
"153.3760","0.1654","0.2778"
"153.3960","0.1654","0.2778"
"153.4160","0.1654","0.2778"
"153.4360","0.1654","0.2777"
"153.4560","0.1654","0.2778"
"153.4760","0.1654","0.2779"
"153.4960","0.1654","0.2779"
"153.5160","0.1654","0.2779"
"153.5360","0.1654","0.2778"
"153.5560","0.1654","0.2777"
"153.5760","0.1654","0.2777"
"153.5960","0.1654","0.2778"
"153.6160","0.1654","0.2777"
"153.6360","0.1654","0.2778"
"153.6560","0.1654","0.2778"
"153.6760","0.1654","0.2778"
"153.6960","0.1654","0.2778"
"153.7160","0.1654","0.2778"
"153.7360","0.1654","0.2779"
"153.7560","0.1654","0.2779"
"153.7760","0.1654","0.2778"
"153.7960","0.1654","0.2778"
"153.8160","0.1654","0.2778"
"153.8360","0.1654","0.2778"
"153.8560","0.1654","0.2778"
"153.8760","0.1654","0.2778"
"153.8960","0.1654","0.2778"
"153.9160","0.1654","0.2777"
"153.9360","0.1654","0.2777"
"153.9560","0.1654","0.2777"
"153.9760","0.1654","0.2779"
"153.9960","0.1654","0.2779"
"154.0160","0.1654","0.2778"
"154.0360","0.1654","0.2777"
"154.0560","0.1654","0.2776"
"154.0760","0.1654","0.2777"
"154.0960","0.1654","0.2778"
"154.1160","0.1654","0.2777"
"154.1360","0.1654","0.2776"
"154.1560","0.1654","0.2777"
"154.1760","0.1654","0.2777"
"154.1960","0.1654","0.2777"
"154.2160","0.1654","0.2777"
"154.2360","0.1654","0.2777"
"154.2560","0.1654","0.2778"
"154.2760","0.1654","0.2777"
"154.2960","0.1654","0.2778"
"154.3160","0.1654","0.2777"
"154.3360","0.1654","0.2777"
"154.3560","0.1654","0.2776"
"154.3760","0.1654","0.2775"
"154.3960","0.1654","0.2776"
"154.4160","0.1654","0.2777"
"154.4360","0.1654","0.2776"
"154.4560","0.1654","0.2776"
"154.4760","0.1654","0.2776"
"154.4960","0.1654","0.2777"
"154.5160","0.1654","0.2777"
"154.5360","0.1654","0.2777"
"154.5560","0.1654","0.2776"
"154.5760","0.1654","0.2776"
"154.5960","0.1654","0.2776"
"154.6160","0.1654","0.2776"
"154.6360","0.1654","0.2776"
"154.6560","0.1654","0.2776"
"154.6760","0.1654","0.2775"
"154.6960","0.1654","0.2776"
"154.7160","0.1654","0.2777"
"154.7360","0.1654","0.2776"
"154.7560","0.1654","0.2776"
"154.7760","0.1654","0.2777"
"154.7960","0.1654","0.2777"
"154.8160","0.1654","0.2777"
"154.8360","0.1654","0.2776"
"154.8560","0.1654","0.2776"
"154.8760","0.1654","0.2776"
"154.8960","0.1654","0.2775"
"154.9160","0.1654","0.2776"
"154.9360","0.1654","0.2777"
"154.9560","0.1654","0.2777"
"154.9760","0.1654","0.2777"
"154.9960","0.1654","0.2776"
"155.0160","0.1654","0.2775"
"155.0360","0.1654","0.2776"
"155.0560","0.1654","0.2776"
"155.0760","0.1654","0.2776"
"155.0960","0.1654","0.2776"
"155.1160","0.1654","0.2775"
"155.1360","0.1654","0.2776"
"155.1560","0.1654","0.2775"
"155.1760","0.1654","0.2776"
"155.1960","0.1654","0.2776"
"155.2160","0.1654","0.2776"
"155.2360","0.1654","0.2776"
"155.2560","0.1654","0.2775"
"155.2760","0.1654","0.2775"
"155.2960","0.1654","0.2775"
"155.3160","0.1654","0.2776"
"155.3360","0.1654","0.2776"
"155.3560","0.1654","0.2776"
"155.3760","0.1654","0.2777"
"155.3960","0.1654","0.2776"
"155.4160","0.1654","0.2776"
"155.4360","0.1654","0.2776"
"155.4560","0.1654","0.2775"
"155.4760","0.1654","0.2775"
"155.4960","0.1654","0.2775"
"155.5160","0.1654","0.2774"
"155.5360","0.1654","0.2774"
"155.5560","0.1654","0.2775"
"155.5760","0.1654","0.2775"
"155.5960","0.1654","0.2775"
"155.6160","0.1654","0.2775"
"155.6360","0.1654","0.2775"
"155.6560","0.1654","0.2776"
"155.6760","0.1654","0.2775"
"155.6960","0.1654","0.2775"
"155.7160","0.1654","0.2775"
"155.7360","0.1654","0.2775"
"155.7560","0.1654","0.2774"
"155.7760","0.1654","0.2775"
"155.7960","0.1654","0.2775"
"155.8160","0.1654","0.2775"
"155.8360","0.1654","0.2775"
"155.8560","0.1654","0.2774"
"155.8760","0.1654","0.2775"
"155.8960","0.1654","0.2776"
"155.9160","0.1654","0.2776"
"155.9360","0.1654","0.2775"
"155.9560","0.1654","0.2774"
"155.9760","0.1654","0.2774"
"155.9960","0.1654","0.2775"
"156.0160","0.1654","0.2775"
"156.0360","0.1654","0.2775"
"156.0560","0.1654","0.2775"
"156.0760","0.1654","0.2775"
"156.0960","0.1654","0.2775"
"156.1160","0.1654","0.2774"
"156.1360","0.1654","0.2774"
"156.1560","0.1654","0.2775"
"156.1760","0.1654","0.2775"
"156.1960","0.1654","0.2775"
"156.2160","0.1654","0.2776"
"156.2360","0.1654","0.2774"
"156.2560","0.1654","0.2774"
"156.2760","0.1654","0.2774"
"156.2960","0.1654","0.2774"
"156.3160","0.1654","0.2773"
"156.3360","0.1654","0.2773"
"156.3560","0.1654","0.2774"
"156.3760","0.1654","0.2775"
"156.3960","0.1654","0.2774"
"156.4160","0.1654","0.2774"
"156.4360","0.1654","0.2774"
"156.4560","0.1654","0.2774"
"156.4760","0.1654","0.2774"
"156.4960","0.1654","0.2774"
"156.5160","0.1654","0.2774"
"156.5360","0.1654","0.2773"
"156.5560","0.1654","0.2773"
"156.5760","0.1654","0.2775"
"156.5960","0.1654","0.2775"
"156.6160","0.1654","0.2775"
"156.6360","0.1654","0.2774"
"156.6560","0.1654","0.2773"
"156.6760","0.1654","0.2773"
"156.6960","0.1654","0.2773"
"156.7160","0.1654","0.2773"
"156.7360","0.1654","0.2773"
"156.7560","0.1654","0.2774"
"156.7760","0.1654","0.2773"
"156.7960","0.1654","0.2773"
"156.8160","0.1654","0.2773"
"156.8360","0.1654","0.2773"
"156.8560","0.1654","0.2773"
"156.8760","0.1654","0.2774"
"156.8960","0.1654","0.2773"
"156.9160","0.1654","0.2773"
"156.9360","0.1654","0.2773"
"156.9560","0.1654","0.2773"
"156.9760","0.1654","0.2774"
"156.9960","0.1654","0.2774"
"157.0160","0.1654","0.2773"
"157.0360","0.1654","0.2773"
"157.0560","0.1654","0.2773"
"157.0760","0.1654","0.2774"
"157.0960","0.1654","0.2773"
"157.1160","0.1654","0.2772"
"157.1360","0.1654","0.2773"
"157.1560","0.1654","0.2773"
"157.1760","0.1654","0.2773"
"157.1960","0.1654","0.2772"
"157.2160","0.1654","0.2773"
"157.2360","0.1654","0.2772"
"157.2560","0.1654","0.2773"
"157.2760","0.1654","0.2772"
"157.2960","0.1654","0.2773"
"157.3160","0.1654","0.2773"
"157.3360","0.1654","0.2773"
"157.3560","0.1654","0.2773"
"157.3760","0.1654","0.2772"
"157.3960","0.1654","0.2772"
"157.4160","0.1654","0.2772"
"157.4360","0.1654","0.2772"
"157.4560","0.1654","0.2773"
"157.4760","0.1654","0.2773"
"157.4960","0.1654","0.2772"
"157.5160","0.1654","0.2773"
"157.5360","0.1654","0.2773"
"157.5560","0.1654","0.2773"
"157.5760","0.1654","0.2773"
"157.5960","0.1654","0.2773"
"157.6160","0.1654","0.2772"
"157.6360","0.1654","0.2772"
"157.6560","0.1654","0.2773"
"157.6760","0.1654","0.2773"
"157.6960","0.1654","0.2773"
"157.7160","0.1654","0.2772"
"157.7360","0.1654","0.2772"
"157.7560","0.1654","0.2773"
"157.7760","0.1654","0.2772"
"157.7960","0.1654","0.2771"
"157.8160","0.1654","0.2772"
"157.8360","0.1654","0.2773"
"157.8560","0.1654","0.2773"
"157.8760","0.1654","0.2772"
"157.8960","0.1654","0.2772"
"157.9160","0.1654","0.2772"
"157.9360","0.1654","0.2772"
"157.9560","0.1654","0.2772"
"157.9760","0.1654","0.2772"
"157.9960","0.1654","0.2772"
"158.0160","0.1654","0.2773"
"158.0360","0.1654","0.2773"
"158.0560","0.1654","0.2772"
"158.0760","0.1654","0.2772"
"158.0960","0.1654","0.2772"
"158.1160","0.1654","0.2772"
"158.1360","0.1654","0.2772"
"158.1560","0.1654","0.2772"
"158.1760","0.1654","0.2773"
"158.1960","0.1654","0.2773"
"158.2160","0.1654","0.2772"
"158.2360","0.1654","0.2770"
"158.2560","0.1654","0.2771"
"158.2760","0.1654","0.2771"
"158.2960","0.1654","0.2771"
"158.3160","0.1654","0.2772"
"158.3360","0.1654","0.2772"
"158.3560","0.1654","0.2771"
"158.3760","0.1654","0.2771"
"158.3960","0.1654","0.2771"
"158.4160","0.1654","0.2772"
"158.4360","0.1654","0.2771"
"158.4560","0.1654","0.2771"
"158.4760","0.1654","0.2772"
"158.4960","0.1654","0.2771"
"158.5160","0.1654","0.2771"
"158.5360","0.1654","0.2771"
"158.5560","0.1654","0.2771"
"158.5760","0.1654","0.2772"
"158.5960","0.1654","0.2772"
"158.6160","0.1654","0.2772"
"158.6360","0.1654","0.2771"
"158.6560","0.1654","0.2771"
"158.6760","0.1654","0.2770"
"158.6960","0.1654","0.2770"
"158.7160","0.1654","0.2771"
"158.7360","0.1654","0.2771"
"158.7560","0.1654","0.2771"
"158.7760","0.1654","0.2771"
"158.7960","0.1654","0.2771"
"158.8160","0.1654","0.2771"
"158.8360","0.1654","0.2770"
"158.8560","0.1654","0.2770"
"158.8760","0.1654","0.2771"
"158.8960","0.1654","0.2771"
"158.9160","0.1654","0.2771"
"158.9360","0.1654","0.2771"
"158.9560","0.1654","0.2771"
"158.9760","0.1654","0.2770"
"158.9960","0.1654","0.2770"
"159.0160","0.1654","0.2770"
"159.0360","0.1654","0.2771"
"159.0560","0.1654","0.2771"
"159.0760","0.1654","0.2770"
"159.0960","0.1654","0.2771"
"159.1160","0.1654","0.2771"
"159.1360","0.1654","0.2771"
"159.1560","0.1654","0.2770"
"159.1760","0.1654","0.2770"
"159.1960","0.1654","0.2769"
"159.2160","0.1654","0.2769"
"159.2360","0.1654","0.2770"
"159.2560","0.1654","0.2770"
"159.2760","0.1654","0.2770"
"159.2960","0.1654","0.2770"
"159.3160","0.1654","0.2770"
"159.3360","0.1654","0.2770"
"159.3560","0.1654","0.2770"
"159.3760","0.1654","0.2770"
"159.3960","0.1654","0.2771"
"159.4160","0.1654","0.2770"
"159.4360","0.1654","0.2769"
"159.4560","0.1654","0.2769"
"159.4760","0.1654","0.2770"
"159.4960","0.1654","0.2770"
"159.5160","0.1654","0.2770"
"159.5360","0.1654","0.2770"
"159.5560","0.1654","0.2770"
"159.5760","0.1654","0.2771"
"159.5960","0.1654","0.2770"
"159.6160","0.1654","0.2769"
"159.6360","0.1654","0.2769"
"159.6560","0.1654","0.2769"
"159.6760","0.1654","0.2769"
"159.6960","0.1654","0.2769"
"159.7160","0.1654","0.2770"
"159.7360","0.1654","0.2770"
"159.7560","0.1654","0.2769"
"159.7760","0.1654","0.2769"
"159.7960","0.1654","0.2770"
"159.8160","0.1654","0.2770"
"159.8360","0.1654","0.2770"
"159.8560","0.1654","0.2769"
"159.8760","0.1654","0.2768"
"159.8960","0.1654","0.2769"
"159.9160","0.1654","0.2770"
"159.9360","0.1654","0.2769"
"159.9560","0.1654","0.2769"
"159.9760","0.1654","0.2769"
"159.9960","0.1654","0.2769"
"160.0160","0.1654","0.2769"
"160.0360","0.1654","0.2769"
"160.0560","0.1654","0.2769"
"160.0760","0.1654","0.2769"
"160.0960","0.1654","0.2768"
"160.1160","0.1654","0.2769"
"160.1360","0.1654","0.2769"
"160.1560","0.1654","0.2769"
"160.1760","0.1654","0.2770"
"160.1960","0.1654","0.2769"
"160.2160","0.1654","0.2770"
"160.2360","0.1654","0.2770"
"160.2560","0.1654","0.2769"
"160.2760","0.1654","0.2768"
"160.2960","0.1654","0.2769"
"160.3160","0.1654","0.2769"
"160.3360","0.1654","0.2769"
"160.3560","0.1654","0.2769"
"160.3760","0.1654","0.2770"
"160.3960","0.1654","0.2770"
"160.4160","0.1654","0.2769"
"160.4360","0.1654","0.2769"
"160.4560","0.1654","0.2768"
"160.4760","0.1654","0.2768"
"160.4960","0.1654","0.2769"
"160.5160","0.1654","0.2769"
"160.5360","0.1654","0.2768"
"160.5560","0.1654","0.2768"
"160.5760","0.1654","0.2768"
"160.5960","0.1654","0.2768"
"160.6160","0.1654","0.2768"
"160.6360","0.1654","0.2769"
"160.6560","0.1654","0.2769"
"160.6760","0.1654","0.2768"
"160.6960","0.1654","0.2768"
"160.7160","0.1654","0.2768"
"160.7360","0.1654","0.2767"
"160.7560","0.1654","0.2768"
"160.7760","0.1654","0.2769"
"160.7960","0.1654","0.2769"
"160.8160","0.1654","0.2768"
"160.8360","0.1654","0.2767"
"160.8560","0.1654","0.2768"
"160.8760","0.1654","0.2768"
"160.8960","0.1654","0.2769"
"160.9160","0.1654","0.2768"
"160.9360","0.1654","0.2767"
"160.9560","0.1654","0.2767"
"160.9760","0.1654","0.2768"
"160.9960","0.1654","0.2768"
"161.0160","0.1654","0.2767"
"161.0360","0.1654","0.2767"
"161.0560","0.1654","0.2767"
"161.0760","0.1654","0.2767"
"161.0960","0.1654","0.2768"
"161.1160","0.1654","0.2768"
"161.1360","0.1654","0.2768"
"161.1560","0.1654","0.2768"
"161.1760","0.1654","0.2769"
"161.1960","0.1654","0.2768"
"161.2160","0.1654","0.2767"
"161.2360","0.1654","0.2768"
"161.2560","0.1654","0.2768"
"161.2760","0.1654","0.2768"
"161.2960","0.1654","0.2768"
"161.3160","0.1654","0.2768"
"161.3360","0.1654","0.2768"
"161.3560","0.1654","0.2768"
"161.3760","0.1654","0.2767"
"161.3960","0.1654","0.2766"
"161.4160","0.1654","0.2767"
"161.4360","0.1654","0.2767"
"161.4560","0.1654","0.2767"
"161.4760","0.1654","0.2767"
"161.4960","0.1654","0.2767"
"161.5160","0.1654","0.2767"
"161.5360","0.1654","0.2767"
"161.5560","0.1654","0.2767"
"161.5760","0.1654","0.2767"
"161.5960","0.1654","0.2767"
"161.6160","0.1654","0.2768"
"161.6360","0.1654","0.2768"
"161.6560","0.1654","0.2766"
"161.6760","0.1654","0.2767"
"161.6960","0.1654","0.2768"
"161.7160","0.1654","0.2768"
"161.7360","0.1654","0.2768"
"161.7560","0.1654","0.2767"
"161.7760","0.1654","0.2767"
"161.7960","0.1654","0.2767"
"161.8160","0.1654","0.2768"
"161.8360","0.1654","0.2768"
"161.8560","0.1654","0.2767"
"161.8760","0.1654","0.2767"
"161.8960","0.1654","0.2767"
"161.9160","0.1654","0.2767"
"161.9360","0.1654","0.2767"
"161.9560","0.1654","0.2767"
"161.9760","0.1654","0.2767"
"161.9960","0.1654","0.2767"
"162.0160","0.1654","0.2767"
"162.0360","0.1654","0.2767"
"162.0560","0.1654","0.2766"
"162.0760","0.1654","0.2766"
"162.0960","0.1654","0.2766"
"162.1160","0.1654","0.2766"
"162.1360","0.1654","0.2766"
"162.1560","0.1654","0.2767"
"162.1760","0.1654","0.2767"
"162.1960","0.1654","0.2767"
"162.2160","0.1654","0.2766"
"162.2360","0.1654","0.2766"
"162.2560","0.1654","0.2766"
"162.2760","0.1654","0.2767"
"162.2960","0.1654","0.2767"
"162.3160","0.1654","0.2767"
"162.3360","0.1654","0.2766"
"162.3560","0.1654","0.2767"
"162.3760","0.1654","0.2766"
"162.3960","0.1654","0.2766"
"162.4160","0.1654","0.2766"
"162.4360","0.1654","0.2765"
"162.4560","0.1654","0.2766"
"162.4760","0.1654","0.2765"
"162.4960","0.1654","0.2765"
"162.5160","0.1654","0.2765"
"162.5360","0.1654","0.2766"
"162.5560","0.1654","0.2766"
"162.5760","0.1654","0.2766"
"162.5960","0.1654","0.2767"
"162.6160","0.1654","0.2767"
"162.6360","0.1654","0.2767"
"162.6560","0.1654","0.2766"
"162.6760","0.1654","0.2766"
"162.6960","0.1654","0.2766"
"162.7160","0.1654","0.2766"
"162.7360","0.1654","0.2766"
"162.7560","0.1654","0.2765"
"162.7760","0.1654","0.2765"
"162.7960","0.1654","0.2766"
"162.8160","0.1654","0.2766"
"162.8360","0.1654","0.2765"
"162.8560","0.1654","0.2765"
"162.8760","0.1654","0.2765"
"162.8960","0.1654","0.2766"
"162.9160","0.1654","0.2766"
"162.9360","0.1654","0.2766"
"162.9560","0.1654","0.2766"
"162.9760","0.1654","0.2765"
"162.9960","0.1654","0.2765"
"163.0160","0.1654","0.2765"
"163.0360","0.1654","0.2765"
"163.0560","0.1654","0.2765"
"163.0760","0.1654","0.2765"
"163.0960","0.1654","0.2765"
"163.1160","0.1654","0.2765"
"163.1360","0.1654","0.2765"
"163.1560","0.1654","0.2765"
"163.1760","0.1654","0.2765"
"163.1960","0.1654","0.2765"
"163.2160","0.1654","0.2766"
"163.2360","0.1654","0.2765"
"163.2560","0.1654","0.2764"
"163.2760","0.1654","0.2764"
"163.2960","0.1654","0.2764"
"163.3160","0.1654","0.2765"
"163.3360","0.1654","0.2766"
"163.3560","0.1654","0.2765"
"163.3760","0.1654","0.2765"
"163.3960","0.1654","0.2765"
"163.4160","0.1654","0.2766"
"163.4360","0.1654","0.2765"
"163.4560","0.1654","0.2764"
"163.4760","0.1654","0.2765"
"163.4960","0.1654","0.2765"
"163.5160","0.1654","0.2765"
"163.5360","0.1654","0.2764"
"163.5560","0.1654","0.2765"
"163.5760","0.1654","0.2765"
"163.5960","0.1654","0.2764"
"163.6160","0.1654","0.2764"
"163.6360","0.1654","0.2764"
"163.6560","0.1654","0.2764"
"163.6760","0.1654","0.2765"
"163.6960","0.1654","0.2765"
"163.7160","0.1654","0.2765"
"163.7360","0.1654","0.2764"
"163.7560","0.1654","0.2764"
"163.7760","0.1654","0.2764"
"163.7960","0.1654","0.2764"
"163.8160","0.1654","0.2764"
"163.8360","0.1654","0.2764"
"163.8560","0.1654","0.2764"
"163.8760","0.1654","0.2765"
"163.8960","0.1654","0.2766"
"163.9160","0.1654","0.2765"
"163.9360","0.1654","0.2764"
"163.9560","0.1654","0.2764"
"163.9760","0.1654","0.2764"
"163.9960","0.1654","0.2764"
"164.0160","0.1654","0.2765"
"164.0360","0.1654","0.2764"
"164.0560","0.1654","0.2764"
"164.0760","0.1654","0.2763"
"164.0960","0.1654","0.2763"
"164.1160","0.1654","0.2764"
"164.1360","0.1654","0.2764"
"164.1560","0.1654","0.2764"
"164.1760","0.1654","0.2764"
"164.1960","0.1654","0.2764"
"164.2160","0.1654","0.2763"
"164.2360","0.1654","0.2764"
"164.2560","0.1654","0.2764"
"164.2760","0.1654","0.2764"
"164.2960","0.1654","0.2764"
"164.3160","0.1654","0.2764"
"164.3360","0.1654","0.2763"
"164.3560","0.1654","0.2763"
"164.3760","0.1654","0.2764"
"164.3960","0.1654","0.2765"
"164.4160","0.1654","0.2764"
"164.4360","0.1654","0.2763"
"164.4560","0.1654","0.2762"
"164.4760","0.1654","0.2762"
"164.4960","0.1654","0.2762"
"164.5160","0.1654","0.2763"
"164.5360","0.1654","0.2764"
"164.5560","0.1654","0.2764"
"164.5760","0.1654","0.2763"
"164.5960","0.1654","0.2763"
"164.6160","0.1654","0.2764"
"164.6360","0.1654","0.2763"
"164.6560","0.1654","0.2764"
"164.6760","0.1654","0.2763"
"164.6960","0.1654","0.2763"
"164.7160","0.1654","0.2763"
"164.7360","0.1654","0.2763"
"164.7560","0.1654","0.2763"
"164.7760","0.1654","0.2763"
"164.7960","0.1654","0.2763"
"164.8160","0.1654","0.2763"
"164.8360","0.1654","0.2763"
"164.8560","0.1654","0.2763"
"164.8760","0.1654","0.2763"
"164.8960","0.1654","0.2764"
"164.9160","0.1654","0.2763"
"164.9360","0.1654","0.2763"
"164.9560","0.1654","0.2763"
"164.9760","0.1654","0.2763"
"164.9960","0.1654","0.2764"
"165.0160","0.1654","0.2764"
"165.0360","0.1654","0.2763"
"165.0560","0.1654","0.2762"
"165.0760","0.1654","0.2763"
"165.0960","0.1654","0.2763"
"165.1160","0.1654","0.2763"
"165.1360","0.1654","0.2764"
"165.1560","0.1654","0.2764"
"165.1760","0.1654","0.2764"
"165.1960","0.1654","0.2763"
"165.2160","0.1654","0.2762"
"165.2360","0.1654","0.2763"
"165.2560","0.1654","0.2763"
"165.2760","0.1654","0.2762"
"165.2960","0.1654","0.2763"
"165.3160","0.1654","0.2763"
"165.3360","0.1654","0.2763"
"165.3560","0.1654","0.2762"
"165.3760","0.1654","0.2762"
"165.3960","0.1654","0.2762"
"165.4160","0.1654","0.2762"
"165.4360","0.1654","0.2762"
"165.4560","0.1654","0.2761"
"165.4760","0.1654","0.2761"
"165.4960","0.1654","0.2762"
"165.5160","0.1654","0.2763"
"165.5360","0.1654","0.2763"
"165.5560","0.1654","0.2762"
"165.5760","0.1654","0.2762"
"165.5960","0.1654","0.2763"
"165.6160","0.1654","0.2762"
"165.6360","0.1654","0.2762"
"165.6560","0.1654","0.2761"
"165.6760","0.1654","0.2761"
"165.6960","0.1654","0.2761"
"165.7160","0.1654","0.2761"
"165.7360","0.1654","0.2761"
"165.7560","0.1654","0.2761"
"165.7760","0.1654","0.2762"
"165.7960","0.1654","0.2762"
"165.8160","0.1654","0.2762"
"165.8360","0.1654","0.2761"
"165.8560","0.1654","0.2761"
"165.8760","0.1654","0.2761"
"165.8960","0.1654","0.2762"
"165.9160","0.1654","0.2763"
"165.9360","0.1654","0.2763"
"165.9560","0.1654","0.2761"
"165.9760","0.1654","0.2760"
"165.9960","0.1654","0.2760"
"166.0160","0.1654","0.2761"
"166.0360","0.1654","0.2761"
"166.0560","0.1654","0.2762"
"166.0760","0.1654","0.2762"
"166.0960","0.1654","0.2762"
"166.1160","0.1654","0.2762"
"166.1360","0.1654","0.2761"
"166.1560","0.1654","0.2761"
"166.1760","0.1654","0.2762"
"166.1960","0.1654","0.2762"
"166.2160","0.1654","0.2761"
"166.2360","0.1654","0.2761"
"166.2560","0.1654","0.2760"
"166.2760","0.1654","0.2761"
"166.2960","0.1654","0.2762"
"166.3160","0.1654","0.2761"
"166.3360","0.1654","0.2761"
"166.3560","0.1654","0.2761"
"166.3760","0.1654","0.2761"
"166.3960","0.1654","0.2761"
"166.4160","0.1654","0.2760"
"166.4360","0.1654","0.2760"
"166.4560","0.1654","0.2761"
"166.4760","0.1654","0.2761"
"166.4960","0.1654","0.2760"
"166.5160","0.1654","0.2760"
"166.5360","0.1654","0.2762"
"166.5560","0.1654","0.2762"
"166.5760","0.1654","0.2761"
"166.5960","0.1654","0.2760"
"166.6160","0.1654","0.2760"
"166.6360","0.1654","0.2760"
"166.6560","0.1654","0.2760"
"166.6760","0.1654","0.2760"
"166.6960","0.1654","0.2760"
"166.7160","0.1654","0.2760"
"166.7360","0.1654","0.2761"
"166.7560","0.1654","0.2761"
"166.7760","0.1654","0.2761"
"166.7960","0.1654","0.2760"
"166.8160","0.1654","0.2760"
"166.8360","0.1654","0.2760"
"166.8560","0.1654","0.2760"
"166.8760","0.1654","0.2760"
"166.8960","0.1654","0.2760"
"166.9160","0.1654","0.2760"
"166.9360","0.1654","0.2760"
"166.9560","0.1654","0.2760"
"166.9760","0.1654","0.2760"
"166.9960","0.1654","0.2760"
"167.0160","0.1654","0.2761"
"167.0360","0.1654","0.2761"
"167.0560","0.1654","0.2760"
"167.0760","0.1654","0.2761"
"167.0960","0.1654","0.2761"
"167.1160","0.1654","0.2761"
"167.1360","0.1654","0.2760"
"167.1560","0.1654","0.2760"
"167.1760","0.1654","0.2760"
"167.1960","0.1654","0.2761"
"167.2160","0.1654","0.2760"
"167.2360","0.1654","0.2760"
"167.2560","0.1654","0.2760"
"167.2760","0.1654","0.2760"
"167.2960","0.1654","0.2760"
"167.3160","0.1654","0.2759"
"167.3360","0.1654","0.2760"
"167.3560","0.1654","0.2760"
"167.3760","0.1654","0.2759"
"167.3960","0.1654","0.2759"
"167.4160","0.1654","0.2760"
"167.4360","0.1654","0.2760"
"167.4560","0.1654","0.2759"
"167.4760","0.1654","0.2759"
"167.4960","0.1654","0.2759"
"167.5160","0.1654","0.2760"
"167.5360","0.1654","0.2760"
"167.5560","0.1654","0.2760"
"167.5760","0.1654","0.2759"
"167.5960","0.1654","0.2760"
"167.6160","0.1654","0.2760"
"167.6360","0.1654","0.2760"
"167.6560","0.1654","0.2761"
"167.6760","0.1654","0.2760"
"167.6960","0.1654","0.2760"
"167.7160","0.1654","0.2760"
"167.7360","0.1654","0.2760"
"167.7560","0.1654","0.2760"
"167.7760","0.1654","0.2760"
"167.7960","0.1654","0.2759"
"167.8160","0.1654","0.2759"
"167.8360","0.1654","0.2760"
"167.8560","0.1654","0.2759"
"167.8760","0.1654","0.2760"
"167.8960","0.1654","0.2760"
"167.9160","0.1654","0.2760"
"167.9360","0.1654","0.2759"
"167.9560","0.1654","0.2758"
"167.9760","0.1654","0.2759"
"167.9960","0.1654","0.2759"
"168.0160","0.1654","0.2759"
"168.0360","0.1654","0.2759"
"168.0560","0.1654","0.2759"
"168.0760","0.1654","0.2760"
"168.0960","0.1654","0.2759"
"168.1160","0.1654","0.2759"
"168.1360","0.1654","0.2759"
"168.1560","0.1654","0.2760"
"168.1760","0.1654","0.2759"
"168.1960","0.1654","0.2759"
"168.2160","0.1654","0.2759"
"168.2360","0.1654","0.2759"
"168.2560","0.1654","0.2759"
"168.2760","0.1654","0.2759"
"168.2960","0.1654","0.2758"
"168.3160","0.1654","0.2758"
"168.3360","0.1654","0.2759"
"168.3560","0.1654","0.2759"
"168.3760","0.1654","0.2759"
"168.3960","0.1654","0.2758"
"168.4160","0.1654","0.2758"
"168.4360","0.1654","0.2758"
"168.4560","0.1654","0.2758"
"168.4760","0.1654","0.2758"
"168.4960","0.1654","0.2759"
"168.5160","0.1654","0.2759"
"168.5360","0.1654","0.2758"
"168.5560","0.1654","0.2759"
"168.5760","0.1654","0.2759"
"168.5960","0.1654","0.2758"
"168.6160","0.1654","0.2758"
"168.6360","0.1654","0.2758"
"168.6560","0.1654","0.2758"
"168.6760","0.1654","0.2759"
"168.6960","0.1654","0.2759"
"168.7160","0.1654","0.2760"
"168.7360","0.1654","0.2759"
"168.7560","0.1654","0.2758"
"168.7760","0.1654","0.2758"
"168.7960","0.1654","0.2758"
"168.8160","0.1654","0.2758"
"168.8360","0.1654","0.2758"
"168.8560","0.1654","0.2758"
"168.8760","0.1654","0.2757"
"168.8960","0.1654","0.2758"
"168.9160","0.1654","0.2758"
"168.9360","0.1654","0.2758"
"168.9560","0.1654","0.2759"
"168.9760","0.1654","0.2759"
"168.9960","0.1654","0.2758"
"169.0160","0.1654","0.2759"
"169.0360","0.1654","0.2759"
"169.0560","0.1654","0.2759"
"169.0760","0.1654","0.2758"
"169.0960","0.1654","0.2758"
"169.1160","0.1654","0.2758"
"169.1360","0.1654","0.2758"
"169.1560","0.1654","0.2759"
"169.1760","0.1654","0.2758"
"169.1960","0.1654","0.2757"
"169.2160","0.1654","0.2757"
"169.2360","0.1654","0.2757"
"169.2560","0.1654","0.2758"
"169.2760","0.1654","0.2758"
"169.2960","0.1654","0.2757"
"169.3160","0.1654","0.2757"
"169.3360","0.1654","0.2757"
"169.3560","0.1654","0.2758"
"169.3760","0.1654","0.2758"
"169.3960","0.1654","0.2757"
"169.4160","0.1654","0.2757"
"169.4360","0.1654","0.2757"
"169.4560","0.1654","0.2757"
"169.4760","0.1654","0.2757"
"169.4960","0.1654","0.2757"
"169.5160","0.1654","0.2758"
"169.5360","0.1654","0.2758"
"169.5560","0.1654","0.2757"
"169.5760","0.1654","0.2757"
"169.5960","0.1654","0.2757"
"169.6160","0.1654","0.2758"
"169.6360","0.1654","0.2757"
"169.6560","0.1654","0.2757"
"169.6760","0.1654","0.2757"
"169.6960","0.1654","0.2757"
"169.7160","0.1654","0.2756"
"169.7360","0.1654","0.2757"
"169.7560","0.1654","0.2757"
"169.7760","0.1654","0.2757"
"169.7960","0.1654","0.2756"
"169.8160","0.1654","0.2756"
"169.8360","0.1654","0.2756"
"169.8560","0.1654","0.2757"
"169.8760","0.1654","0.2757"
"169.8960","0.1654","0.2758"
"169.9160","0.1654","0.2758"
"169.9360","0.1654","0.2758"
"169.9560","0.1654","0.2758"
"169.9760","0.1654","0.2757"
"169.9960","0.1654","0.2757"
"170.0160","0.1654","0.2757"
"170.0360","0.1654","0.2757"
"170.0560","0.1654","0.2756"
"170.0760","0.1654","0.2756"
"170.0960","0.1654","0.2756"
"170.1160","0.1654","0.2756"
"170.1360","0.1654","0.2756"
"170.1560","0.1654","0.2756"
"170.1760","0.1654","0.2756"
"170.1960","0.1654","0.2757"
"170.2160","0.1654","0.2758"
"170.2360","0.1654","0.2758"
"170.2560","0.1654","0.2756"
"170.2760","0.1654","0.2756"
"170.2960","0.1654","0.2757"
"170.3160","0.1654","0.2757"
"170.3360","0.1654","0.2757"
"170.3560","0.1654","0.2756"
"170.3760","0.1654","0.2756"
"170.3960","0.1654","0.2757"
"170.4160","0.1654","0.2758"
"170.4360","0.1654","0.2757"
"170.4560","0.1654","0.2757"
"170.4760","0.1654","0.2756"
"170.4960","0.1654","0.2756"
"170.5160","0.1654","0.2757"
"170.5360","0.1654","0.2757"
"170.5560","0.1654","0.2756"
"170.5760","0.1654","0.2755"
"170.5960","0.1654","0.2754"
"170.6160","0.1654","0.2755"
"170.6360","0.1654","0.2757"
"170.6560","0.1654","0.2757"
"170.6760","0.1654","0.2756"
"170.6960","0.1654","0.2756"
"170.7160","0.1654","0.2756"
"170.7360","0.1654","0.2757"
"170.7560","0.1654","0.2757"
"170.7760","0.1654","0.2756"
"170.7960","0.1654","0.2755"
"170.8160","0.1654","0.2755"
"170.8360","0.1654","0.2755"
"170.8560","0.1654","0.2756"
"170.8760","0.1654","0.2756"
"170.8960","0.1654","0.2756"
"170.9160","0.1654","0.2756"
"170.9360","0.1654","0.2755"
"170.9560","0.1654","0.2755"
"170.9760","0.1654","0.2756"
"170.9960","0.1654","0.2757"
"171.0160","0.1654","0.2756"
"171.0360","0.1654","0.2756"
"171.0560","0.1654","0.2755"
"171.0760","0.1654","0.2755"
"171.0960","0.1654","0.2756"
"171.1160","0.1654","0.2756"
"171.1360","0.1654","0.2755"
"171.1560","0.1654","0.2755"
"171.1760","0.1654","0.2755"
"171.1960","0.1654","0.2755"
"171.2160","0.1654","0.2755"
"171.2360","0.1654","0.2755"
"171.2560","0.1654","0.2755"
"171.2760","0.1654","0.2755"
"171.2960","0.1654","0.2755"
"171.3160","0.1654","0.2755"
"171.3360","0.1654","0.2754"
"171.3560","0.1654","0.2756"
"171.3760","0.1654","0.2755"
"171.3960","0.1654","0.2755"
"171.4160","0.1654","0.2755"
"171.4360","0.1654","0.2756"
"171.4560","0.1654","0.2756"
"171.4760","0.1654","0.2755"
"171.4960","0.1654","0.2755"
"171.5160","0.1654","0.2755"
"171.5360","0.1654","0.2755"
"171.5560","0.1654","0.2755"
"171.5760","0.1654","0.2755"
"171.5960","0.1654","0.2755"
"171.6160","0.1654","0.2755"
"171.6360","0.1654","0.2755"
"171.6560","0.1654","0.2756"
"171.6760","0.1654","0.2755"
"171.6960","0.1654","0.2755"
"171.7160","0.1654","0.2756"
"171.7360","0.1654","0.2756"
"171.7560","0.1654","0.2756"
"171.7760","0.1654","0.2755"
"171.7960","0.1654","0.2755"
"171.8160","0.1654","0.2755"
"171.8360","0.1654","0.2755"
"171.8560","0.1654","0.2755"
"171.8760","0.1654","0.2754"
"171.8960","0.1654","0.2755"
"171.9160","0.1654","0.2755"
"171.9360","0.1654","0.2754"
"171.9560","0.1654","0.2755"
"171.9760","0.1654","0.2756"
"171.9960","0.1654","0.2755"
"172.0160","0.1654","0.2755"
"172.0360","0.1654","0.2754"
"172.0560","0.1654","0.2755"
"172.0760","0.1654","0.2755"
"172.0960","0.1654","0.2755"
"172.1160","0.1654","0.2754"
"172.1360","0.1654","0.2754"
"172.1560","0.1654","0.2754"
"172.1760","0.1654","0.2754"
"172.1960","0.1654","0.2755"
"172.2160","0.1654","0.2755"
"172.2360","0.1654","0.2754"
"172.2560","0.1654","0.2755"
"172.2760","0.1654","0.2755"
"172.2960","0.1654","0.2754"
"172.3160","0.1654","0.2754"
"172.3360","0.1654","0.2754"
"172.3560","0.1654","0.2754"
"172.3760","0.1654","0.2754"
"172.3960","0.1654","0.2754"
"172.4160","0.1654","0.2755"
"172.4360","0.1654","0.2755"
"172.4560","0.1654","0.2755"
"172.4760","0.1654","0.2754"
"172.4960","0.1654","0.2754"
"172.5160","0.1654","0.2754"
"172.5360","0.1654","0.2754"
"172.5560","0.1654","0.2754"
"172.5760","0.1654","0.2755"
"172.5960","0.1654","0.2754"
"172.6160","0.1654","0.2754"
"172.6360","0.1654","0.2754"
"172.6560","0.1654","0.2753"
"172.6760","0.1654","0.2753"
"172.6960","0.1654","0.2753"
"172.7160","0.1654","0.2754"
"172.7360","0.1654","0.2754"
"172.7560","0.1654","0.2754"
"172.7760","0.1654","0.2754"
"172.7960","0.1654","0.2753"
"172.8160","0.1654","0.2753"
"172.8360","0.1654","0.2753"
"172.8560","0.1654","0.2753"
"172.8760","0.1654","0.2754"
"172.8960","0.1654","0.2754"
"172.9160","0.1654","0.2754"
"172.9360","0.1654","0.2754"
"172.9560","0.1654","0.2754"
"172.9760","0.1654","0.2753"
"172.9960","0.1654","0.2753"
"173.0160","0.1654","0.2753"
"173.0360","0.1654","0.2754"
"173.0560","0.1654","0.2753"
"173.0760","0.1654","0.2753"
"173.0960","0.1654","0.2753"
"173.1160","0.1654","0.2753"
"173.1360","0.1654","0.2753"
"173.1560","0.1654","0.2754"
"173.1760","0.1654","0.2754"
"173.1960","0.1654","0.2753"
"173.2160","0.1654","0.2753"
"173.2360","0.1654","0.2752"
"173.2560","0.1654","0.2753"
"173.2760","0.1654","0.2753"
"173.2960","0.1654","0.2754"
"173.3160","0.1654","0.2753"
"173.3360","0.1654","0.2753"
"173.3560","0.1654","0.2753"
"173.3760","0.1654","0.2753"
"173.3960","0.1654","0.2753"
"173.4160","0.1654","0.2753"
"173.4360","0.1654","0.2753"
"173.4560","0.1654","0.2753"
"173.4760","0.1654","0.2753"
"173.4960","0.1654","0.2752"
"173.5160","0.1654","0.2752"
"173.5360","0.1654","0.2752"
"173.5560","0.1654","0.2752"
"173.5760","0.1654","0.2753"
"173.5960","0.1654","0.2753"
"173.6160","0.1654","0.2752"
"173.6360","0.1654","0.2752"
"173.6560","0.1654","0.2752"
"173.6760","0.1654","0.2752"
"173.6960","0.1654","0.2752"
"173.7160","0.1654","0.2753"
"173.7360","0.1654","0.2752"
"173.7560","0.1654","0.2751"
"173.7760","0.1654","0.2752"
"173.7960","0.1654","0.2752"
"173.8160","0.1654","0.2753"
"173.8360","0.1654","0.2753"
"173.8560","0.1654","0.2752"
"173.8760","0.1654","0.2752"
"173.8960","0.1654","0.2752"
"173.9160","0.1654","0.2752"
"173.9360","0.1654","0.2752"
"173.9560","0.1654","0.2751"
"173.9760","0.1654","0.2751"
"173.9960","0.1654","0.2752"
"174.0160","0.1654","0.2752"
"174.0360","0.1654","0.2752"
"174.0560","0.1654","0.2752"
"174.0760","0.1654","0.2752"
"174.0960","0.1654","0.2752"
"174.1160","0.1654","0.2752"
"174.1360","0.1654","0.2752"
"174.1560","0.1654","0.2752"
"174.1760","0.1654","0.2752"
"174.1960","0.1654","0.2751"
"174.2160","0.1654","0.2752"
"174.2360","0.1654","0.2751"
"174.2560","0.1654","0.2752"
"174.2760","0.1654","0.2752"
"174.2960","0.1654","0.2752"
"174.3160","0.1654","0.2751"
"174.3360","0.1654","0.2751"
"174.3560","0.1654","0.2752"
"174.3760","0.1654","0.2752"
"174.3960","0.1654","0.2752"
"174.4160","0.1654","0.2752"
"174.4360","0.1654","0.2752"
"174.4560","0.1654","0.2752"
"174.4760","0.1654","0.2751"
"174.4960","0.1654","0.2751"
"174.5160","0.1654","0.2751"
"174.5360","0.1654","0.2751"
"174.5560","0.1654","0.2751"
"174.5760","0.1654","0.2752"
"174.5960","0.1654","0.2753"
"174.6160","0.1654","0.2752"
"174.6360","0.1654","0.2751"
"174.6560","0.1654","0.2751"
"174.6760","0.1654","0.2752"
"174.6960","0.1654","0.2752"
"174.7160","0.1654","0.2752"
"174.7360","0.1654","0.2751"
"174.7560","0.1654","0.2752"
"174.7760","0.1654","0.2752"
"174.7960","0.1654","0.2752"
"174.8160","0.1654","0.2752"
"174.8360","0.1654","0.2751"
"174.8560","0.1654","0.2751"
"174.8760","0.1654","0.2752"
"174.8960","0.1654","0.2751"
"174.9160","0.1654","0.2750"
"174.9360","0.1654","0.2751"
"174.9560","0.1654","0.2751"
"174.9760","0.1654","0.2751"
"174.9960","0.1654","0.2752"
"175.0160","0.1654","0.2751"
"175.0360","0.1654","0.2751"
"175.0560","0.1654","0.2751"
"175.0760","0.1654","0.2750"
"175.0960","0.1654","0.2750"
"175.1160","0.1654","0.2751"
"175.1360","0.1654","0.2751"
"175.1560","0.1654","0.2750"
"175.1760","0.1654","0.2750"
"175.1960","0.1654","0.2750"
"175.2160","0.1654","0.2750"
"175.2360","0.1654","0.2750"
"175.2560","0.1654","0.2751"
"175.2760","0.1654","0.2751"
"175.2960","0.1654","0.2750"
"175.3160","0.1654","0.2750"
"175.3360","0.1654","0.2749"
"175.3560","0.1654","0.2749"
"175.3760","0.1654","0.2750"
"175.3960","0.1654","0.2751"
"175.4160","0.1654","0.2751"
"175.4360","0.1654","0.2751"
"175.4560","0.1654","0.2750"
"175.4760","0.1654","0.2750"
"175.4960","0.1654","0.2750"
"175.5160","0.1654","0.2750"
"175.5360","0.1654","0.2751"
"175.5560","0.1654","0.2750"
"175.5760","0.1654","0.2749"
"175.5960","0.1654","0.2749"
"175.6160","0.1654","0.2750"
"175.6360","0.1654","0.2751"
"175.6560","0.1654","0.2751"
"175.6760","0.1654","0.2750"
"175.6960","0.1654","0.2751"
"175.7160","0.1654","0.2751"
"175.7360","0.1654","0.2751"
"175.7560","0.1654","0.2750"
"175.7760","0.1654","0.2750"
"175.7960","0.1654","0.2750"
"175.8160","0.1654","0.2750"
"175.8360","0.1654","0.2750"
"175.8560","0.1654","0.2750"
"175.8760","0.1654","0.2750"
"175.8960","0.1654","0.2750"
"175.9160","0.1654","0.2750"
"175.9360","0.1654","0.2751"
"175.9560","0.1654","0.2751"
"175.9760","0.1654","0.2751"
"175.9960","0.1654","0.2750"
"176.0160","0.1654","0.2750"
"176.0360","0.1654","0.2750"
"176.0560","0.1654","0.2750"
"176.0760","0.1654","0.2750"
"176.0960","0.1654","0.2750"
"176.1160","0.1654","0.2750"
"176.1360","0.1654","0.2750"
"176.1560","0.1654","0.2749"
"176.1760","0.1654","0.2749"
"176.1960","0.1654","0.2750"
"176.2160","0.1654","0.2750"
"176.2360","0.1654","0.2750"
"176.2560","0.1654","0.2750"
"176.2760","0.1654","0.2750"
"176.2960","0.1654","0.2749"
"176.3160","0.1654","0.2749"
"176.3360","0.1654","0.2749"
"176.3560","0.1654","0.2749"
"176.3760","0.1654","0.2749"
"176.3960","0.1654","0.2750"
"176.4160","0.1654","0.2750"
"176.4360","0.1654","0.2749"
"176.4560","0.1654","0.2749"
"176.4760","0.1654","0.2749"
"176.4960","0.1654","0.2748"
"176.5160","0.1654","0.2749"
"176.5360","0.1654","0.2749"
"176.5560","0.1654","0.2750"
"176.5760","0.1654","0.2749"
"176.5960","0.1654","0.2749"
"176.6160","0.1654","0.2750"
"176.6360","0.1654","0.2749"
"176.6560","0.1654","0.2749"
"176.6760","0.1654","0.2750"
"176.6960","0.1654","0.2749"
"176.7160","0.1654","0.2749"
"176.7360","0.1654","0.2749"
"176.7560","0.1654","0.2750"
"176.7760","0.1654","0.2749"
"176.7960","0.1654","0.2749"
"176.8160","0.1654","0.2749"
"176.8360","0.1654","0.2748"
"176.8560","0.1654","0.2748"
"176.8760","0.1654","0.2749"
"176.8960","0.1654","0.2749"
"176.9160","0.1654","0.2749"
"176.9360","0.1654","0.2749"
"176.9560","0.1654","0.2748"
"176.9760","0.1654","0.2749"
"176.9960","0.1654","0.2749"
"177.0160","0.1654","0.2749"
"177.0360","0.1654","0.2750"
"177.0560","0.1654","0.2749"
"177.0760","0.1654","0.2748"
"177.0960","0.1654","0.2749"
"177.1160","0.1654","0.2749"
"177.1360","0.1654","0.2749"
"177.1560","0.1654","0.2749"
"177.1760","0.1654","0.2749"
"177.1960","0.1654","0.2748"
"177.2160","0.1654","0.2748"
"177.2360","0.1654","0.2748"
"177.2560","0.1654","0.2749"
"177.2760","0.1654","0.2748"
"177.2960","0.1654","0.2748"
"177.3160","0.1654","0.2748"
"177.3360","0.1654","0.2748"
"177.3560","0.1654","0.2748"
"177.3760","0.1654","0.2748"
"177.3960","0.1654","0.2747"
"177.4160","0.1654","0.2747"
"177.4360","0.1654","0.2748"
"177.4560","0.1654","0.2748"
"177.4760","0.1654","0.2748"
"177.4960","0.1654","0.2749"
"177.5160","0.1654","0.2749"
"177.5360","0.1654","0.2748"
"177.5560","0.1654","0.2748"
"177.5760","0.1654","0.2748"
"177.5960","0.1654","0.2748"
"177.6160","0.1654","0.2749"
"177.6360","0.1654","0.2749"
"177.6560","0.1654","0.2748"
"177.6760","0.1654","0.2748"
"177.6960","0.1654","0.2748"
"177.7160","0.1654","0.2748"
"177.7360","0.1654","0.2747"
"177.7560","0.1654","0.2747"
"177.7760","0.1654","0.2747"
"177.7960","0.1654","0.2748"
"177.8160","0.1654","0.2748"
"177.8360","0.1654","0.2748"
"177.8560","0.1654","0.2747"
"177.8760","0.1654","0.2748"
"177.8960","0.1654","0.2748"
"177.9160","0.1654","0.2748"
"177.9360","0.1654","0.2747"
"177.9560","0.1654","0.2747"
"177.9760","0.1654","0.2747"
"177.9960","0.1654","0.2748"
"178.0160","0.1654","0.2748"
"178.0360","0.1654","0.2747"
"178.0560","0.1654","0.2747"
"178.0760","0.1654","0.2747"
"178.0960","0.1654","0.2747"
"178.1160","0.1654","0.2748"
"178.1360","0.1654","0.2748"
"178.1560","0.1654","0.2748"
"178.1760","0.1654","0.2747"
"178.1960","0.1654","0.2747"
"178.2160","0.1654","0.2747"
"178.2360","0.1654","0.2747"
"178.2560","0.1654","0.2747"
"178.2760","0.1654","0.2748"
"178.2960","0.1654","0.2748"
"178.3160","0.1654","0.2747"
"178.3360","0.1654","0.2747"
"178.3560","0.1654","0.2746"
"178.3760","0.1654","0.2747"
"178.3960","0.1654","0.2747"
"178.4160","0.1654","0.2747"
"178.4360","0.1654","0.2748"
"178.4560","0.1654","0.2747"
"178.4760","0.1654","0.2747"
"178.4960","0.1654","0.2747"
"178.5160","0.1654","0.2747"
"178.5360","0.1654","0.2747"
"178.5560","0.1654","0.2747"
"178.5760","0.1654","0.2746"
"178.5960","0.1654","0.2747"
"178.6160","0.1654","0.2747"
"178.6360","0.1654","0.2747"
"178.6560","0.1654","0.2746"
"178.6760","0.1654","0.2746"
"178.6960","0.1654","0.2746"
"178.7160","0.1654","0.2747"
"178.7360","0.1654","0.2747"
"178.7560","0.1654","0.2747"
"178.7760","0.1654","0.2747"
"178.7960","0.1654","0.2746"
"178.8160","0.1654","0.2746"
"178.8360","0.1654","0.2747"
"178.8560","0.1654","0.2747"
"178.8760","0.1654","0.2747"
"178.8960","0.1654","0.2747"
"178.9160","0.1654","0.2747"
"178.9360","0.1654","0.2747"
"178.9560","0.1654","0.2747"
"178.9760","0.1654","0.2746"
"178.9960","0.1654","0.2746"
"179.0160","0.1654","0.2746"
"179.0360","0.1654","0.2746"
"179.0560","0.1654","0.2747"
"179.0760","0.1654","0.2748"
"179.0960","0.1654","0.2747"
"179.1160","0.1654","0.2747"
"179.1360","0.1654","0.2746"
"179.1560","0.1654","0.2747"
"179.1760","0.1654","0.2747"
"179.1960","0.1654","0.2747"
"179.2160","0.1654","0.2746"
"179.2360","0.1654","0.2746"
"179.2560","0.1654","0.2746"
"179.2760","0.1654","0.2746"
"179.2960","0.1654","0.2747"
"179.3160","0.1654","0.2746"
"179.3360","0.1654","0.2746"
"179.3560","0.1654","0.2745"
"179.3760","0.1654","0.2744"
"179.3960","0.1654","0.2745"
"179.4160","0.1654","0.2744"
"179.4360","0.1654","0.2745"
"179.4560","0.1654","0.2745"
"179.4760","0.1654","0.2746"
"179.4960","0.1654","0.2746"
"179.5160","0.1654","0.2746"
"179.5360","0.1654","0.2746"
"179.5560","0.1654","0.2746"
"179.5760","0.1654","0.2747"
"179.5960","0.1654","0.2747"
"179.6160","0.1654","0.2746"
"179.6360","0.1654","0.2746"
"179.6560","0.1654","0.2745"
"179.6760","0.1654","0.2745"
"179.6960","0.1654","0.2745"
"179.7160","0.1654","0.2746"
"179.7360","0.1654","0.2745"
"179.7560","0.1654","0.2745"
"179.7760","0.1654","0.2746"
"179.7960","0.1654","0.2745"
"179.8160","0.1654","0.2745"
"179.8360","0.1654","0.2746"
"179.8560","0.1654","0.2746"
"179.8760","0.1654","0.2745"
"179.8960","0.1654","0.2745"
"179.9160","0.1654","0.2745"
"179.9360","0.1654","0.2744"
"179.9560","0.1654","0.2744"
"179.9760","0.1654","0.2744"
"179.9960","0.1654","0.2745"
"180.0160","0.1654","0.2744"
"180.0360","0.1654","0.2745"
"180.0560","0.1654","0.2746"
"180.0760","0.1654","0.2745"
"180.0960","0.1654","0.2744"
"180.1160","0.1654","0.2745"
"180.1360","0.1654","0.2745"
"180.1560","0.1654","0.2745"
"180.1760","0.1654","0.2745"
"180.1960","0.1654","0.2745"
"180.2160","0.1654","0.2745"
"180.2360","0.1654","0.2744"
"180.2560","0.1654","0.2744"
"180.2760","0.1654","0.2745"
"180.2960","0.1654","0.2745"
"180.3160","0.1654","0.2744"
"180.3360","0.1654","0.2745"
"180.3560","0.1654","0.2745"
"180.3760","0.1654","0.2744"
"180.3960","0.1654","0.2744"
"180.4160","0.1654","0.2743"
"180.4360","0.1654","0.2744"
"180.4560","0.1654","0.2744"
"180.4760","0.1654","0.2744"
"180.4960","0.1654","0.2745"
"180.5160","0.1654","0.2744"
"180.5360","0.1654","0.2745"
"180.5560","0.1654","0.2745"
"180.5760","0.1654","0.2745"
"180.5960","0.1654","0.2746"
"180.6160","0.1654","0.2744"
"180.6360","0.1654","0.2744"
"180.6560","0.1654","0.2744"
"180.6760","0.1654","0.2744"
"180.6960","0.1654","0.2744"
"180.7160","0.1654","0.2745"
"180.7360","0.1654","0.2745"
"180.7560","0.1654","0.2745"
"180.7760","0.1654","0.2744"
"180.7960","0.1654","0.2744"
"180.8160","0.1654","0.2743"
"180.8360","0.1654","0.2745"
"180.8560","0.1654","0.2745"
"180.8760","0.1654","0.2744"
"180.8960","0.1654","0.2743"
"180.9160","0.1654","0.2744"
"180.9360","0.1654","0.2745"
"180.9560","0.1654","0.2745"
"180.9760","0.1654","0.2745"
"180.9960","0.1654","0.2744"
"181.0160","0.1654","0.2745"
"181.0360","0.1654","0.2744"
"181.0560","0.1654","0.2744"
"181.0760","0.1654","0.2743"
"181.0960","0.1654","0.2743"
"181.1160","0.1654","0.2744"
"181.1360","0.1654","0.2743"
"181.1560","0.1654","0.2744"
"181.1760","0.1654","0.2743"
"181.1960","0.1654","0.2743"
"181.2160","0.1654","0.2743"
"181.2360","0.1654","0.2744"
"181.2560","0.1654","0.2744"
"181.2760","0.1654","0.2745"
"181.2960","0.1654","0.2745"
"181.3160","0.1654","0.2744"
"181.3360","0.1654","0.2744"
"181.3560","0.1654","0.2743"
"181.3760","0.1654","0.2743"
"181.3960","0.1654","0.2743"
"181.4160","0.1654","0.2744"
"181.4360","0.1654","0.2744"
"181.4560","0.1654","0.2744"
"181.4760","0.1654","0.2744"
"181.4960","0.1654","0.2744"
"181.5160","0.1654","0.2743"
"181.5360","0.1654","0.2742"
"181.5560","0.1654","0.2743"
"181.5760","0.1654","0.2743"
"181.5960","0.1654","0.2743"
"181.6160","0.1654","0.2744"
"181.6360","0.1654","0.2743"
"181.6560","0.1654","0.2743"
"181.6760","0.1654","0.2744"
"181.6960","0.1654","0.2744"
"181.7160","0.1654","0.2743"
"181.7360","0.1654","0.2743"
"181.7560","0.1654","0.2743"
"181.7760","0.1654","0.2743"
"181.7960","0.1654","0.2742"
"181.8160","0.1654","0.2743"
"181.8360","0.1654","0.2743"
"181.8560","0.1654","0.2743"
"181.8760","0.1654","0.2743"
"181.8960","0.1654","0.2743"
"181.9160","0.1654","0.2743"
"181.9360","0.1654","0.2743"
"181.9560","0.1654","0.2743"
"181.9760","0.1654","0.2743"
"181.9960","0.1654","0.2744"
"182.0160","0.1654","0.2743"
"182.0360","0.1654","0.2743"
"182.0560","0.1654","0.2743"
"182.0760","0.1654","0.2743"
"182.0960","0.1654","0.2742"
"182.1160","0.1654","0.2741"
"182.1360","0.1654","0.2742"
"182.1560","0.1654","0.2743"
"182.1760","0.1654","0.2743"
"182.1960","0.1654","0.2742"
"182.2160","0.1654","0.2742"
"182.2360","0.1654","0.2743"
"182.2560","0.1654","0.2743"
"182.2760","0.1654","0.2743"
"182.2960","0.1654","0.2743"
"182.3160","0.1654","0.2742"
"182.3360","0.1654","0.2742"
"182.3560","0.1654","0.2742"
"182.3760","0.1654","0.2743"
"182.3960","0.1654","0.2742"
"182.4160","0.1654","0.2742"
"182.4360","0.1654","0.2743"
"182.4560","0.1654","0.2742"
"182.4760","0.1654","0.2742"
"182.4960","0.1654","0.2743"
"182.5160","0.1654","0.2743"
"182.5360","0.1654","0.2743"
"182.5560","0.1654","0.2743"
"182.5760","0.1654","0.2742"
"182.5960","0.1654","0.2742"
"182.6160","0.1654","0.2742"
"182.6360","0.1654","0.2742"
"182.6560","0.1654","0.2742"
"182.6760","0.1654","0.2743"
"182.6960","0.1654","0.2742"
"182.7160","0.1654","0.2742"
"182.7360","0.1654","0.2742"
"182.7560","0.1654","0.2742"
"182.7760","0.1654","0.2741"
"182.7960","0.1654","0.2742"
"182.8160","0.1654","0.2743"
"182.8360","0.1654","0.2742"
"182.8560","0.1654","0.2742"
"182.8760","0.1654","0.2741"
"182.8960","0.1654","0.2742"
"182.9160","0.1654","0.2742"
"182.9360","0.1654","0.2741"
"182.9560","0.1654","0.2741"
"182.9760","0.1654","0.2741"
"182.9960","0.1654","0.2741"
"183.0160","0.1654","0.2742"
"183.0360","0.1654","0.2741"
"183.0560","0.1654","0.2741"
"183.0760","0.1654","0.2740"
"183.0960","0.1654","0.2741"
"183.1160","0.1654","0.2742"
"183.1360","0.1654","0.2742"
"183.1560","0.1654","0.2742"
"183.1760","0.1654","0.2742"
"183.1960","0.1654","0.2741"
"183.2160","0.1654","0.2742"
"183.2360","0.1654","0.2742"
"183.2560","0.1654","0.2741"
"183.2760","0.1654","0.2741"
"183.2960","0.1654","0.2741"
"183.3160","0.1654","0.2742"
"183.3360","0.1654","0.2741"
"183.3560","0.1654","0.2741"
"183.3760","0.1654","0.2742"
"183.3960","0.1654","0.2743"
"183.4160","0.1654","0.2742"
"183.4360","0.1654","0.2742"
"183.4560","0.1654","0.2742"
"183.4760","0.1654","0.2742"
"183.4960","0.1654","0.2742"
"183.5160","0.1654","0.2742"
"183.5360","0.1654","0.2741"
"183.5560","0.1654","0.2740"
"183.5760","0.1654","0.2740"
"183.5960","0.1654","0.2741"
"183.6160","0.1654","0.2742"
"183.6360","0.1654","0.2741"
"183.6560","0.1654","0.2742"
"183.6760","0.1654","0.2742"
"183.6960","0.1654","0.2741"
"183.7160","0.1654","0.2741"
"183.7360","0.1654","0.2740"
"183.7560","0.1654","0.2740"
"183.7760","0.1654","0.2740"
"183.7960","0.1654","0.2740"
"183.8160","0.1654","0.2741"
"183.8360","0.1654","0.2740"
"183.8560","0.1654","0.2742"
"183.8760","0.1654","0.2741"
"183.8960","0.1654","0.2740"
"183.9160","0.1654","0.2740"
"183.9360","0.1654","0.2740"
"183.9560","0.1654","0.2740"
"183.9760","0.1654","0.2741"
"183.9960","0.1654","0.2741"
"184.0160","0.1654","0.2741"
"184.0360","0.1654","0.2740"
"184.0560","0.1654","0.2740"
"184.0760","0.1654","0.2740"
"184.0960","0.1654","0.2741"
"184.1160","0.1654","0.2741"
"184.1360","0.1654","0.2741"
"184.1560","0.1654","0.2740"
"184.1760","0.1654","0.2740"
"184.1960","0.1654","0.2740"
"184.2160","0.1654","0.2740"
"184.2360","0.1654","0.2740"
"184.2560","0.1654","0.2740"
"184.2760","0.1654","0.2740"
"184.2960","0.1654","0.2740"
"184.3160","0.1654","0.2740"
"184.3360","0.1654","0.2741"
"184.3560","0.1654","0.2741"
"184.3760","0.1654","0.2741"
"184.3960","0.1654","0.2740"
"184.4160","0.1654","0.2740"
"184.4360","0.1654","0.2740"
"184.4560","0.1654","0.2740"
"184.4760","0.1654","0.2740"
"184.4960","0.1654","0.2740"
"184.5160","0.1654","0.2739"
"184.5360","0.1654","0.2739"
"184.5560","0.1654","0.2740"
"184.5760","0.1654","0.2740"
"184.5960","0.1654","0.2740"
"184.6160","0.1654","0.2739"
"184.6360","0.1654","0.2740"
"184.6560","0.1654","0.2740"
"184.6760","0.1654","0.2740"
"184.6960","0.1654","0.2741"
"184.7160","0.1654","0.2740"
"184.7360","0.1654","0.2740"
"184.7560","0.1654","0.2739"
"184.7760","0.1654","0.2739"
"184.7960","0.1654","0.2739"
"184.8160","0.1654","0.2739"
"184.8360","0.1654","0.2739"
"184.8560","0.1654","0.2740"
"184.8760","0.1654","0.2740"
"184.8960","0.1654","0.2739"
"184.9160","0.1654","0.2740"
"184.9360","0.1654","0.2739"
"184.9560","0.1654","0.2738"
"184.9760","0.1654","0.2738"
"184.9960","0.1654","0.2739"
"185.0160","0.1654","0.2740"
"185.0360","0.1654","0.2740"
"185.0560","0.1654","0.2739"
"185.0760","0.1654","0.2739"
"185.0960","0.1654","0.2739"
"185.1160","0.1654","0.2740"
"185.1360","0.1654","0.2740"
"185.1560","0.1654","0.2740"
"185.1760","0.1654","0.2739"
"185.1960","0.1654","0.2739"
"185.2160","0.1654","0.2739"
"185.2360","0.1654","0.2740"
"185.2560","0.1654","0.2739"
"185.2760","0.1654","0.2739"
"185.2960","0.1654","0.2740"
"185.3160","0.1654","0.2740"
"185.3360","0.1654","0.2740"
"185.3560","0.1654","0.2740"
"185.3760","0.1654","0.2740"
"185.3960","0.1654","0.2739"
"185.4160","0.1654","0.2739"
"185.4360","0.1654","0.2739"
"185.4560","0.1654","0.2739"
"185.4760","0.1654","0.2739"
"185.4960","0.1654","0.2739"
"185.5160","0.1654","0.2738"
"185.5360","0.1654","0.2738"
"185.5560","0.1654","0.2739"
"185.5760","0.1654","0.2739"
"185.5960","0.1654","0.2740"
"185.6160","0.1654","0.2740"
"185.6360","0.1654","0.2739"
"185.6560","0.1654","0.2739"
"185.6760","0.1654","0.2738"
"185.6960","0.1654","0.2738"
"185.7160","0.1654","0.2738"
"185.7360","0.1654","0.2739"
"185.7560","0.1654","0.2739"
"185.7760","0.1654","0.2739"
"185.7960","0.1654","0.2739"
"185.8160","0.1654","0.2739"
"185.8360","0.1654","0.2739"
"185.8560","0.1654","0.2739"
"185.8760","0.1654","0.2738"
"185.8960","0.1654","0.2738"
"185.9160","0.1654","0.2737"
"185.9360","0.1654","0.2738"
"185.9560","0.1654","0.2737"
"185.9760","0.1654","0.2737"
"185.9960","0.1654","0.2737"
"186.0160","0.1654","0.2737"
"186.0360","0.1654","0.2738"
"186.0560","0.1654","0.2738"
"186.0760","0.1654","0.2738"
"186.0960","0.1654","0.2738"
"186.1160","0.1654","0.2737"
"186.1360","0.1654","0.2737"
"186.1560","0.1654","0.2737"
"186.1760","0.1654","0.2738"
"186.1960","0.1654","0.2737"
"186.2160","0.1654","0.2738"
"186.2360","0.1654","0.2738"
"186.2560","0.1654","0.2738"
"186.2760","0.1654","0.2738"
"186.2960","0.1654","0.2739"
"186.3160","0.1654","0.2740"
"186.3360","0.1654","0.2739"
"186.3560","0.1654","0.2739"
"186.3760","0.1654","0.2738"
"186.3960","0.1654","0.2738"
"186.4160","0.1654","0.2737"
"186.4360","0.1654","0.2737"
"186.4560","0.1654","0.2738"
"186.4760","0.1654","0.2737"
"186.4960","0.1654","0.2737"
"186.5160","0.1654","0.2737"
"186.5360","0.1654","0.2738"
"186.5560","0.1654","0.2738"
"186.5760","0.1654","0.2738"
"186.5960","0.1654","0.2738"
"186.6160","0.1654","0.2738"
"186.6360","0.1654","0.2737"
"186.6560","0.1654","0.2737"
"186.6760","0.1654","0.2737"
"186.6960","0.1654","0.2738"
"186.7160","0.1654","0.2737"
"186.7360","0.1654","0.2736"
"186.7560","0.1654","0.2736"
"186.7760","0.1654","0.2737"
"186.7960","0.1654","0.2737"
"186.8160","0.1654","0.2738"
"186.8360","0.1654","0.2738"
"186.8560","0.1654","0.2737"
"186.8760","0.1654","0.2738"
"186.8960","0.1654","0.2738"
"186.9160","0.1654","0.2737"
"186.9360","0.1654","0.2737"
"186.9560","0.1654","0.2737"
"186.9760","0.1654","0.2737"
"186.9960","0.1654","0.2737"
"187.0160","0.1654","0.2737"
"187.0360","0.1654","0.2737"
"187.0560","0.1654","0.2738"
"187.0760","0.1654","0.2737"
"187.0960","0.1654","0.2738"
"187.1160","0.1654","0.2737"
"187.1360","0.1654","0.2737"
"187.1560","0.1654","0.2736"
"187.1760","0.1654","0.2736"
"187.1960","0.1654","0.2736"
"187.2160","0.1654","0.2737"
"187.2360","0.1654","0.2737"
"187.2560","0.1654","0.2738"
"187.2760","0.1654","0.2738"
"187.2960","0.1654","0.2738"
"187.3160","0.1654","0.2737"
"187.3360","0.1654","0.2737"
"187.3560","0.1654","0.2737"
"187.3760","0.1654","0.2736"
"187.3960","0.1654","0.2737"
"187.4160","0.1654","0.2737"
"187.4360","0.1654","0.2738"
"187.4560","0.1654","0.2737"
"187.4760","0.1654","0.2737"
"187.4960","0.1654","0.2736"
"187.5160","0.1654","0.2736"
"187.5360","0.1654","0.2736"
"187.5560","0.1654","0.2737"
"187.5760","0.1654","0.2737"
"187.5960","0.1654","0.2736"
"187.6160","0.1654","0.2736"
"187.6360","0.1654","0.2736"
"187.6560","0.1654","0.2737"
"187.6760","0.1654","0.2738"
"187.6960","0.1654","0.2737"
"187.7160","0.1654","0.2736"
"187.7360","0.1654","0.2736"
"187.7560","0.1654","0.2735"
"187.7760","0.1654","0.2734"
"187.7960","0.1654","0.2735"
"187.8160","0.1654","0.2736"
"187.8360","0.1654","0.2736"
"187.8560","0.1654","0.2735"
"187.8760","0.1654","0.2735"
"187.8960","0.1654","0.2735"
"187.9160","0.1654","0.2735"
"187.9360","0.1654","0.2736"
"187.9560","0.1654","0.2736"
"187.9760","0.1654","0.2736"
"187.9960","0.1654","0.2735"
"188.0160","0.1654","0.2735"
"188.0360","0.1654","0.2736"
"188.0560","0.1654","0.2736"
"188.0760","0.1654","0.2736"
"188.0960","0.1654","0.2736"
"188.1160","0.1654","0.2736"
"188.1360","0.1654","0.2736"
"188.1560","0.1654","0.2736"
"188.1760","0.1654","0.2736"
"188.1960","0.1654","0.2736"
"188.2160","0.1654","0.2736"
"188.2360","0.1654","0.2736"
"188.2560","0.1654","0.2735"
"188.2760","0.1654","0.2735"
"188.2960","0.1654","0.2736"
"188.3160","0.1654","0.2736"
"188.3360","0.1654","0.2735"
"188.3560","0.1654","0.2735"
"188.3760","0.1654","0.2735"
"188.3960","0.1654","0.2735"
"188.4160","0.1654","0.2735"
"188.4360","0.1654","0.2736"
"188.4560","0.1654","0.2737"
"188.4760","0.1654","0.2737"
"188.4960","0.1654","0.2736"
"188.5160","0.1654","0.2736"
"188.5360","0.1654","0.2735"
"188.5560","0.1654","0.2735"
"188.5760","0.1654","0.2736"
"188.5960","0.1654","0.2735"
"188.6160","0.1654","0.2735"
"188.6360","0.1654","0.2735"
"188.6560","0.1654","0.2735"
"188.6760","0.1654","0.2736"
"188.6960","0.1654","0.2736"
"188.7160","0.1654","0.2735"
"188.7360","0.1654","0.2735"
"188.7560","0.1654","0.2735"
"188.7760","0.1654","0.2734"
"188.7960","0.1654","0.2735"
"188.8160","0.1654","0.2735"
"188.8360","0.1654","0.2735"
"188.8560","0.1654","0.2735"
"188.8760","0.1654","0.2735"
"188.8960","0.1654","0.2735"
"188.9160","0.1654","0.2735"
"188.9360","0.1654","0.2735"
"188.9560","0.1654","0.2736"
"188.9760","0.1654","0.2736"
"188.9960","0.1654","0.2735"
"189.0160","0.1654","0.2735"
"189.0360","0.1654","0.2735"
"189.0560","0.1654","0.2735"
"189.0760","0.1654","0.2736"
"189.0960","0.1654","0.2735"
"189.1160","0.1654","0.2735"
"189.1360","0.1654","0.2735"
"189.1560","0.1654","0.2735"
"189.1760","0.1654","0.2735"
"189.1960","0.1654","0.2735"
"189.2160","0.1654","0.2736"
"189.2360","0.1654","0.2736"
"189.2560","0.1654","0.2735"
"189.2760","0.1654","0.2734"
"189.2960","0.1654","0.2733"
"189.3160","0.1654","0.2734"
"189.3360","0.1654","0.2734"
"189.3560","0.1654","0.2735"
"189.3760","0.1654","0.2735"
"189.3960","0.1654","0.2734"
"189.4160","0.1654","0.2735"
"189.4360","0.1654","0.2735"
"189.4560","0.1654","0.2736"
"189.4760","0.1654","0.2735"
"189.4960","0.1654","0.2735"
"189.5160","0.1654","0.2735"
"189.5360","0.1654","0.2735"
"189.5560","0.1654","0.2735"
"189.5760","0.1654","0.2734"
"189.5960","0.1654","0.2734"
"189.6160","0.1654","0.2734"
"189.6360","0.1654","0.2734"
"189.6560","0.1654","0.2735"
"189.6760","0.1654","0.2735"
"189.6960","0.1654","0.2736"
"189.7160","0.1654","0.2735"
"189.7360","0.1654","0.2735"
"189.7560","0.1654","0.2735"
"189.7760","0.1654","0.2735"
"189.7960","0.1654","0.2734"
"189.8160","0.1654","0.2734"
"189.8360","0.1654","0.2734"
"189.8560","0.1654","0.2734"
"189.8760","0.1654","0.2734"
"189.8960","0.1654","0.2734"
"189.9160","0.1654","0.2734"
"189.9360","0.1654","0.2734"
"189.9560","0.1654","0.2734"
"189.9760","0.1654","0.2734"
"189.9960","0.1654","0.2733"
"190.0160","0.1654","0.2733"
"190.0360","0.1654","0.2734"
"190.0560","0.1654","0.2734"
"190.0760","0.1654","0.2734"
"190.0960","0.1654","0.2734"
"190.1160","0.1654","0.2734"
"190.1360","0.1654","0.2734"
"190.1560","0.1654","0.2734"
"190.1760","0.1654","0.2734"
"190.1960","0.1654","0.2734"
"190.2160","0.1654","0.2733"
"190.2360","0.1654","0.2734"
"190.2560","0.1654","0.2733"
"190.2760","0.1654","0.2733"
"190.2960","0.1654","0.2734"
"190.3160","0.1654","0.2734"
"190.3360","0.1654","0.2734"
"190.3560","0.1654","0.2734"
"190.3760","0.1654","0.2734"
"190.3960","0.1654","0.2734"
"190.4160","0.1654","0.2734"
"190.4360","0.1654","0.2733"
"190.4560","0.1654","0.2734"
"190.4760","0.1654","0.2733"
"190.4960","0.1654","0.2733"
"190.5160","0.1654","0.2733"
"190.5360","0.1654","0.2733"
"190.5560","0.1654","0.2734"
"190.5760","0.1654","0.2733"
"190.5960","0.1654","0.2733"
"190.6160","0.1654","0.2733"
"190.6360","0.1654","0.2734"
"190.6560","0.1654","0.2733"
"190.6760","0.1654","0.2733"
"190.6960","0.1654","0.2732"
"190.7160","0.1654","0.2733"
"190.7360","0.1654","0.2732"
"190.7560","0.1654","0.2732"
"190.7760","0.1654","0.2733"
"190.7960","0.1654","0.2733"
"190.8160","0.1654","0.2734"
"190.8360","0.1654","0.2734"
"190.8560","0.1654","0.2734"
"190.8760","0.1654","0.2733"
"190.8960","0.1654","0.2733"
"190.9160","0.1654","0.2733"
"190.9360","0.1654","0.2733"
"190.9560","0.1654","0.2733"
"190.9760","0.1654","0.2733"
"190.9960","0.1654","0.2732"
"191.0160","0.1654","0.2732"
"191.0360","0.1654","0.2733"
"191.0560","0.1654","0.2734"
"191.0760","0.1654","0.2733"
"191.0960","0.1654","0.2734"
"191.1160","0.1654","0.2733"
"191.1360","0.1654","0.2733"
"191.1560","0.1654","0.2734"
"191.1760","0.1654","0.2734"
"191.1960","0.1654","0.2733"
"191.2160","0.1654","0.2732"
"191.2360","0.1654","0.2731"
"191.2560","0.1654","0.2731"
"191.2760","0.1654","0.2731"
"191.2960","0.1654","0.2732"
"191.3160","0.1654","0.2733"
"191.3360","0.1654","0.2733"
"191.3560","0.1654","0.2733"
"191.3760","0.1654","0.2733"
"191.3960","0.1654","0.2732"
"191.4160","0.1654","0.2732"
"191.4360","0.1654","0.2732"
"191.4560","0.1654","0.2732"
"191.4760","0.1654","0.2732"
"191.4960","0.1654","0.2732"
"191.5160","0.1654","0.2731"
"191.5360","0.1654","0.2732"
"191.5560","0.1654","0.2732"
"191.5760","0.1654","0.2732"
"191.5960","0.1654","0.2732"
"191.6160","0.1654","0.2732"
"191.6360","0.1654","0.2733"
"191.6560","0.1654","0.2732"
"191.6760","0.1654","0.2732"
"191.6960","0.1654","0.2732"
"191.7160","0.1654","0.2732"
"191.7360","0.1654","0.2731"
"191.7560","0.1654","0.2731"
"191.7760","0.1654","0.2731"
"191.7960","0.1654","0.2731"
"191.8160","0.1654","0.2731"
"191.8360","0.1654","0.2732"
"191.8560","0.1654","0.2732"
"191.8760","0.1654","0.2732"
"191.8960","0.1654","0.2732"
"191.9160","0.1654","0.2731"
"191.9360","0.1654","0.2732"
"191.9560","0.1654","0.2732"
"191.9760","0.1654","0.2732"
"191.9960","0.1654","0.2732"
"192.0160","0.1654","0.2731"
"192.0360","0.1654","0.2731"
"192.0560","0.1654","0.2730"
"192.0760","0.1654","0.2731"
"192.0960","0.1654","0.2732"
"192.1160","0.1654","0.2733"
"192.1360","0.1654","0.2733"
"192.1560","0.1654","0.2732"
"192.1760","0.1654","0.2731"
"192.1960","0.1654","0.2731"
"192.2160","0.1654","0.2731"
"192.2360","0.1654","0.2731"
"192.2560","0.1654","0.2731"
"192.2760","0.1654","0.2732"
"192.2960","0.1654","0.2732"
"192.3160","0.1654","0.2732"
"192.3360","0.1654","0.2732"
"192.3560","0.1654","0.2732"
"192.3760","0.1654","0.2731"
"192.3960","0.1654","0.2732"
"192.4160","0.1654","0.2731"
"192.4360","0.1654","0.2730"
"192.4560","0.1654","0.2730"
"192.4760","0.1654","0.2731"
"192.4960","0.1654","0.2732"
"192.5160","0.1654","0.2732"
"192.5360","0.1654","0.2732"
"192.5560","0.1654","0.2732"
"192.5760","0.1654","0.2732"
"192.5960","0.1654","0.2732"
"192.6160","0.1654","0.2731"
"192.6360","0.1654","0.2731"
"192.6560","0.1654","0.2730"
"192.6760","0.1654","0.2731"
"192.6960","0.1654","0.2731"
"192.7160","0.1654","0.2731"
"192.7360","0.1654","0.2731"
"192.7560","0.1654","0.2731"
"192.7760","0.1654","0.2731"
"192.7960","0.1654","0.2732"
"192.8160","0.1654","0.2731"
"192.8360","0.1654","0.2731"
"192.8560","0.1654","0.2732"
"192.8760","0.1654","0.2731"
"192.8960","0.1654","0.2731"
"192.9160","0.1654","0.2730"
"192.9360","0.1654","0.2730"
"192.9560","0.1654","0.2730"
"192.9760","0.1654","0.2731"
"192.9960","0.1654","0.2731"
"193.0160","0.1654","0.2731"
"193.0360","0.1654","0.2730"
"193.0560","0.1654","0.2730"
"193.0760","0.1654","0.2730"
"193.0960","0.1654","0.2731"
"193.1160","0.1654","0.2731"
"193.1360","0.1654","0.2731"
"193.1560","0.1654","0.2730"
"193.1760","0.1654","0.2730"
"193.1960","0.1654","0.2730"
"193.2160","0.1654","0.2731"
"193.2360","0.1654","0.2731"
"193.2560","0.1654","0.2731"
"193.2760","0.1654","0.2731"
"193.2960","0.1654","0.2731"
"193.3160","0.1654","0.2731"
"193.3360","0.1654","0.2731"
"193.3560","0.1654","0.2730"
"193.3760","0.1654","0.2730"
"193.3960","0.1654","0.2730"
"193.4160","0.1654","0.2730"
"193.4360","0.1654","0.2730"
"193.4560","0.1654","0.2730"
"193.4760","0.1654","0.2730"
"193.4960","0.1654","0.2730"
"193.5160","0.1654","0.2730"
"193.5360","0.1654","0.2731"
"193.5560","0.1654","0.2731"
"193.5760","0.1654","0.2731"
"193.5960","0.1654","0.2731"
"193.6160","0.1654","0.2730"
"193.6360","0.1654","0.2730"
"193.6560","0.1654","0.2730"
"193.6760","0.1654","0.2729"
"193.6960","0.1654","0.2730"
"193.7160","0.1654","0.2731"
"193.7360","0.1654","0.2731"
"193.7560","0.1654","0.2731"
"193.7760","0.1654","0.2730"
"193.7960","0.1654","0.2730"
"193.8160","0.1654","0.2729"
"193.8360","0.1654","0.2729"
"193.8560","0.1654","0.2730"
"193.8760","0.1654","0.2730"
"193.8960","0.1654","0.2730"
"193.9160","0.1654","0.2730"
"193.9360","0.1654","0.2730"
"193.9560","0.1654","0.2730"
"193.9760","0.1654","0.2730"
"193.9960","0.1654","0.2730"
"194.0160","0.1654","0.2730"
"194.0360","0.1654","0.2730"
"194.0560","0.1654","0.2729"
"194.0760","0.1654","0.2729"
"194.0960","0.1654","0.2729"
"194.1160","0.1654","0.2730"
"194.1360","0.1654","0.2729"
"194.1560","0.1654","0.2729"
"194.1760","0.1654","0.2729"
"194.1960","0.1654","0.2729"
"194.2160","0.1654","0.2728"
"194.2360","0.1654","0.2728"
"194.2560","0.1654","0.2730"
"194.2760","0.1654","0.2730"
"194.2960","0.1654","0.2730"
"194.3160","0.1654","0.2729"
"194.3360","0.1654","0.2729"
"194.3560","0.1654","0.2729"
"194.3760","0.1654","0.2729"
"194.3960","0.1654","0.2728"
"194.4160","0.1654","0.2728"
"194.4360","0.1654","0.2729"
"194.4560","0.1654","0.2729"
"194.4760","0.1654","0.2729"
"194.4960","0.1654","0.2729"
"194.5160","0.1654","0.2729"
"194.5360","0.1654","0.2730"
"194.5560","0.1654","0.2731"
"194.5760","0.1654","0.2730"
"194.5960","0.1654","0.2729"
"194.6160","0.1654","0.2729"
"194.6360","0.1654","0.2728"
"194.6560","0.1654","0.2729"
"194.6760","0.1654","0.2730"
"194.6960","0.1654","0.2730"
"194.7160","0.1654","0.2729"
"194.7360","0.1654","0.2729"
"194.7560","0.1654","0.2729"
"194.7760","0.1654","0.2728"
"194.7960","0.1654","0.2728"
"194.8160","0.1654","0.2728"
"194.8360","0.1654","0.2729"
"194.8560","0.1654","0.2729"
"194.8760","0.1654","0.2729"
"194.8960","0.1654","0.2729"
"194.9160","0.1654","0.2728"
"194.9360","0.1654","0.2729"
"194.9560","0.1654","0.2728"
"194.9760","0.1654","0.2729"
"194.9960","0.1654","0.2729"
"195.0160","0.1654","0.2728"
"195.0360","0.1654","0.2728"
"195.0560","0.1654","0.2729"
"195.0760","0.1654","0.2730"
"195.0960","0.1654","0.2729"
"195.1160","0.1654","0.2728"
"195.1360","0.1654","0.2728"
"195.1560","0.1654","0.2728"
"195.1760","0.1654","0.2728"
"195.1960","0.1654","0.2728"
"195.2160","0.1654","0.2727"
"195.2360","0.1654","0.2727"
"195.2560","0.1654","0.2728"
"195.2760","0.1654","0.2729"
"195.2960","0.1654","0.2728"
"195.3160","0.1654","0.2729"
"195.3360","0.1654","0.2729"
"195.3560","0.1654","0.2729"
"195.3760","0.1654","0.2729"
"195.3960","0.1654","0.2728"
"195.4160","0.1654","0.2727"
"195.4360","0.1654","0.2728"
"195.4560","0.1654","0.2729"
"195.4760","0.1654","0.2729"
"195.4960","0.1654","0.2728"
"195.5160","0.1654","0.2727"
"195.5360","0.1654","0.2728"
"195.5560","0.1654","0.2729"
"195.5760","0.1654","0.2729"
"195.5960","0.1654","0.2729"
"195.6160","0.1654","0.2727"
"195.6360","0.1654","0.2728"
"195.6560","0.1654","0.2729"
"195.6760","0.1654","0.2728"
"195.6960","0.1654","0.2727"
"195.7160","0.1654","0.2728"
"195.7360","0.1654","0.2729"
"195.7560","0.1654","0.2728"
"195.7760","0.1654","0.2728"
"195.7960","0.1654","0.2728"
"195.8160","0.1654","0.2728"
"195.8360","0.1654","0.2727"
"195.8560","0.1654","0.2728"
"195.8760","0.1654","0.2727"
"195.8960","0.1654","0.2727"
"195.9160","0.1654","0.2727"
"195.9360","0.1654","0.2728"
"195.9560","0.1654","0.2728"
"195.9760","0.1654","0.2728"
"195.9960","0.1654","0.2728"
"196.0160","0.1654","0.2727"
"196.0360","0.1654","0.2727"
"196.0560","0.1654","0.2728"
"196.0760","0.1654","0.2727"
"196.0960","0.1654","0.2727"
"196.1160","0.1654","0.2727"
"196.1360","0.1654","0.2728"
"196.1560","0.1654","0.2728"
"196.1760","0.1654","0.2728"
"196.1960","0.1654","0.2727"
"196.2160","0.1654","0.2728"
"196.2360","0.1654","0.2728"
"196.2560","0.1654","0.2728"
"196.2760","0.1654","0.2727"
"196.2960","0.1654","0.2728"
"196.3160","0.1654","0.2727"
"196.3360","0.1654","0.2727"
"196.3560","0.1654","0.2726"
"196.3760","0.1654","0.2727"
"196.3960","0.1654","0.2727"
"196.4160","0.1654","0.2727"
"196.4360","0.1654","0.2728"
"196.4560","0.1654","0.2727"
"196.4760","0.1654","0.2727"
"196.4960","0.1654","0.2727"
"196.5160","0.1654","0.2727"
"196.5360","0.1654","0.2727"
"196.5560","0.1654","0.2726"
"196.5760","0.1654","0.2726"
"196.5960","0.1654","0.2727"
"196.6160","0.1654","0.2727"
"196.6360","0.1654","0.2726"
"196.6560","0.1654","0.2726"
"196.6760","0.1654","0.2727"
"196.6960","0.1654","0.2728"
"196.7160","0.1654","0.2728"
"196.7360","0.1654","0.2728"
"196.7560","0.1654","0.2727"
"196.7760","0.1654","0.2728"
"196.7960","0.1654","0.2726"
"196.8160","0.1654","0.2726"
"196.8360","0.1654","0.2726"
"196.8560","0.1654","0.2726"
"196.8760","0.1654","0.2726"
"196.8960","0.1654","0.2726"
"196.9160","0.1654","0.2726"
"196.9360","0.1654","0.2727"
"196.9560","0.1654","0.2727"
"196.9760","0.1654","0.2727"
"196.9960","0.1654","0.2727"
"197.0160","0.1654","0.2727"
"197.0360","0.1654","0.2728"
"197.0560","0.1654","0.2727"
"197.0760","0.1654","0.2726"
"197.0960","0.1654","0.2725"
"197.1160","0.1654","0.2725"
"197.1360","0.1654","0.2725"
"197.1560","0.1654","0.2726"
"197.1760","0.1654","0.2727"
"197.1960","0.1654","0.2727"
"197.2160","0.1654","0.2726"
"197.2360","0.1654","0.2726"
"197.2560","0.1654","0.2726"
"197.2760","0.1654","0.2726"
"197.2960","0.1654","0.2726"
"197.3160","0.1654","0.2727"
"197.3360","0.1654","0.2726"
"197.3560","0.1654","0.2726"
"197.3760","0.1654","0.2726"
"197.3960","0.1654","0.2726"
"197.4160","0.1654","0.2727"
"197.4360","0.1654","0.2727"
"197.4560","0.1654","0.2726"
"197.4760","0.1654","0.2726"
"197.4960","0.1654","0.2726"
"197.5160","0.1654","0.2727"
"197.5360","0.1654","0.2727"
"197.5560","0.1654","0.2727"
"197.5760","0.1654","0.2726"
"197.5960","0.1654","0.2725"
"197.6160","0.1654","0.2726"
"197.6360","0.1654","0.2726"
"197.6560","0.1654","0.2726"
"197.6760","0.1654","0.2726"
"197.6960","0.1654","0.2726"
"197.7160","0.1654","0.2726"
"197.7360","0.1654","0.2725"
"197.7560","0.1654","0.2725"
"197.7760","0.1654","0.2726"
"197.7960","0.1654","0.2727"
"197.8160","0.1654","0.2726"
"197.8360","0.1654","0.2726"
"197.8560","0.1654","0.2725"
"197.8760","0.1654","0.2725"
"197.8960","0.1654","0.2726"
"197.9160","0.1654","0.2726"
"197.9360","0.1654","0.2726"
"197.9560","0.1654","0.2726"
"197.9760","0.1654","0.2726"
"197.9960","0.1654","0.2725"
"198.0160","0.1654","0.2725"
"198.0360","0.1654","0.2725"
"198.0560","0.1654","0.2726"
"198.0760","0.1654","0.2726"
"198.0960","0.1654","0.2725"
"198.1160","0.1654","0.2726"
"198.1360","0.1654","0.2726"
"198.1560","0.1654","0.2725"
"198.1760","0.1654","0.2725"
"198.1960","0.1654","0.2725"
"198.2160","0.1654","0.2724"
"198.2360","0.1654","0.2725"
"198.2560","0.1654","0.2724"
"198.2760","0.1654","0.2724"
"198.2960","0.1654","0.2724"
"198.3160","0.1654","0.2725"
"198.3360","0.1654","0.2725"
"198.3560","0.1654","0.2726"
"198.3760","0.1654","0.2726"
"198.3960","0.1654","0.2725"
"198.4160","0.1654","0.2725"
"198.4360","0.1654","0.2725"
"198.4560","0.1654","0.2726"
"198.4760","0.1654","0.2725"
"198.4960","0.1654","0.2724"
"198.5160","0.1654","0.2724"
"198.5360","0.1654","0.2724"
"198.5560","0.1654","0.2724"
"198.5760","0.1654","0.2724"
"198.5960","0.1654","0.2724"
"198.6160","0.1654","0.2724"
"198.6360","0.1654","0.2725"
"198.6560","0.1654","0.2725"
"198.6760","0.1654","0.2725"
"198.6960","0.1654","0.2724"
"198.7160","0.1654","0.2725"
"198.7360","0.1654","0.2724"
"198.7560","0.1654","0.2725"
"198.7760","0.1654","0.2725"
"198.7960","0.1654","0.2726"
"198.8160","0.1654","0.2725"
"198.8360","0.1654","0.2725"
"198.8560","0.1654","0.2725"
"198.8760","0.1654","0.2725"
"198.8960","0.1654","0.2725"
"198.9160","0.1654","0.2725"
"198.9360","0.1654","0.2724"
"198.9560","0.1654","0.2724"
"198.9760","0.1654","0.2725"
"198.9960","0.1654","0.2725"
"199.0160","0.1654","0.2725"
"199.0360","0.1654","0.2724"
"199.0560","0.1654","0.2724"
"199.0760","0.1654","0.2724"
"199.0960","0.1654","0.2725"
"199.1160","0.1654","0.2725"
"199.1360","0.1654","0.2725"
"199.1560","0.1654","0.2724"
"199.1760","0.1654","0.2724"
"199.1960","0.1654","0.2725"
"199.2160","0.1654","0.2725"
"199.2360","0.1654","0.2724"
"199.2560","0.1654","0.2724"
"199.2760","0.1654","0.2724"
"199.2960","0.1654","0.2723"
"199.3160","0.1654","0.2724"
"199.3360","0.1654","0.2725"
"199.3560","0.1654","0.2725"
"199.3760","0.1654","0.2725"
"199.3960","0.1654","0.2725"
"199.4160","0.1654","0.2724"
"199.4360","0.1654","0.2724"
"199.4560","0.1654","0.2724"
"199.4760","0.1654","0.2724"
"199.4960","0.1654","0.2724"
"199.5160","0.1654","0.2724"
"199.5360","0.1654","0.2724"
"199.5560","0.1654","0.2725"
"199.5760","0.1654","0.2725"
"199.5960","0.1654","0.2724"
"199.6160","0.1654","0.2723"
"199.6360","0.1654","0.2723"
"199.6560","0.1654","0.2724"
"199.6760","0.1654","0.2723"
"199.6960","0.1654","0.2723"
"199.7160","0.1654","0.2723"
"199.7360","0.1654","0.2723"
"199.7560","0.1654","0.2724"
"199.7760","0.1654","0.2724"
"199.7960","0.1654","0.2725"
"199.8160","0.1654","0.2724"
"199.8360","0.1654","0.2724"
"199.8560","0.1654","0.2725"
"199.8760","0.1654","0.2724"
"199.8960","0.1654","0.2723"
"199.9160","0.1654","0.2723"
"199.9360","0.1654","0.2724"
"199.9560","0.1654","0.2724"
"199.9760","0.1654","0.2724"
"199.9960","0.1654","0.2724"
"200.0160","0.1654","0.2725"
"200.0360","0.1654","0.2725"
"200.0560","0.1654","0.2724"
"200.0760","0.1654","0.2724"
"200.0960","0.1654","0.2724"
"200.1160","0.1654","0.2724"
"200.1360","0.1654","0.2724"
"200.1560","0.1654","0.2723"
"200.1760","0.1654","0.2723"
"200.1960","0.1654","0.2723"
"200.2160","0.1654","0.2724"
"200.2360","0.1654","0.2724"
"200.2560","0.1654","0.2723"
"200.2760","0.1654","0.2723"
"200.2960","0.1654","0.2723"
"200.3160","0.1654","0.2723"
"200.3360","0.1654","0.2724"
"200.3560","0.1654","0.2724"
"200.3760","0.1654","0.2724"
"200.3960","0.1654","0.2723"
"200.4160","0.1654","0.2722"
"200.4360","0.1654","0.2723"
"200.4560","0.1654","0.2723"
"200.4760","0.1654","0.2724"
"200.4960","0.1654","0.2724"
"200.5160","0.1654","0.2723"
"200.5360","0.1654","0.2723"
"200.5560","0.1654","0.2723"
"200.5760","0.1654","0.2723"
"200.5960","0.1654","0.2723"
"200.6160","0.1654","0.2723"
"200.6360","0.1654","0.2723"
"200.6560","0.1654","0.2723"
"200.6760","0.1654","0.2723"
"200.6960","0.1654","0.2723"
"200.7160","0.1654","0.2723"
"200.7360","0.1654","0.2723"
"200.7560","0.1654","0.2723"
"200.7760","0.1654","0.2723"
"200.7960","0.1654","0.2723"
"200.8160","0.1654","0.2723"
"200.8360","0.1654","0.2722"
"200.8560","0.1654","0.2721"
"200.8760","0.1654","0.2722"
"200.8960","0.1654","0.2723"
"200.9160","0.1654","0.2723"
"200.9360","0.1654","0.2722"
"200.9560","0.1654","0.2722"
"200.9760","0.1654","0.2723"
"200.9960","0.1654","0.2722"
"201.0160","0.1654","0.2722"
"201.0360","0.1654","0.2723"
"201.0560","0.1654","0.2723"
"201.0760","0.1654","0.2724"
"201.0960","0.1654","0.2723"
"201.1160","0.1654","0.2722"
"201.1360","0.1654","0.2723"
"201.1560","0.1654","0.2723"
"201.1760","0.1654","0.2723"
"201.1960","0.1654","0.2722"
"201.2160","0.1654","0.2723"
"201.2360","0.1654","0.2723"
"201.2560","0.1654","0.2723"
"201.2760","0.1654","0.2722"
"201.2960","0.1654","0.2721"
"201.3160","0.1654","0.2722"
"201.3360","0.1654","0.2722"
"201.3560","0.1654","0.2722"
"201.3760","0.1654","0.2721"
"201.3960","0.1654","0.2721"
"201.4160","0.1654","0.2721"
"201.4360","0.1654","0.2721"
"201.4560","0.1654","0.2722"
"201.4760","0.1654","0.2723"
"201.4960","0.1654","0.2723"
"201.5160","0.1654","0.2723"
"201.5360","0.1654","0.2721"
"201.5560","0.1654","0.2722"
"201.5760","0.1654","0.2723"
"201.5960","0.1654","0.2722"
"201.6160","0.1654","0.2722"
"201.6360","0.1654","0.2722"
"201.6560","0.1654","0.2721"
"201.6760","0.1654","0.2721"
"201.6960","0.1654","0.2721"
"201.7160","0.1654","0.2721"
"201.7360","0.1654","0.2722"
"201.7560","0.1654","0.2722"
"201.7760","0.1654","0.2722"
"201.7960","0.1654","0.2722"
"201.8160","0.1654","0.2721"
"201.8360","0.1654","0.2721"
"201.8560","0.1654","0.2721"
"201.8760","0.1654","0.2721"
"201.8960","0.1654","0.2721"
"201.9160","0.1654","0.2722"
"201.9360","0.1654","0.2722"
"201.9560","0.1654","0.2722"
"201.9760","0.1654","0.2722"
"201.9960","0.1654","0.2722"
"202.0160","0.1654","0.2721"
"202.0360","0.1654","0.2722"
"202.0560","0.1654","0.2721"
"202.0760","0.1654","0.2721"
"202.0960","0.1654","0.2721"
"202.1160","0.1654","0.2721"
"202.1360","0.1654","0.2722"
"202.1560","0.1654","0.2721"
"202.1760","0.1654","0.2721"
"202.1960","0.1654","0.2721"
"202.2160","0.1654","0.2721"
"202.2360","0.1654","0.2721"
"202.2560","0.1654","0.2721"
"202.2760","0.1654","0.2721"
"202.2960","0.1654","0.2721"
"202.3160","0.1654","0.2721"
"202.3360","0.1654","0.2722"
"202.3560","0.1654","0.2722"
"202.3760","0.1654","0.2721"
"202.3960","0.1654","0.2720"
"202.4160","0.1654","0.2720"
"202.4360","0.1654","0.2721"
"202.4560","0.1654","0.2721"
"202.4760","0.1654","0.2722"
"202.4960","0.1654","0.2721"
"202.5160","0.1654","0.2720"
"202.5360","0.1654","0.2721"
"202.5560","0.1654","0.2722"
"202.5760","0.1654","0.2721"
"202.5960","0.1654","0.2721"
"202.6160","0.1654","0.2721"
"202.6360","0.1654","0.2720"
"202.6560","0.1654","0.2720"
"202.6760","0.1654","0.2721"
"202.6960","0.1654","0.2720"
"202.7160","0.1654","0.2720"
"202.7360","0.1654","0.2721"
"202.7560","0.1654","0.2722"
"202.7760","0.1654","0.2722"
"202.7960","0.1654","0.2721"
"202.8160","0.1654","0.2721"
"202.8360","0.1654","0.2721"
"202.8560","0.1654","0.2721"
"202.8760","0.1654","0.2722"
"202.8960","0.1654","0.2722"
"202.9160","0.1654","0.2721"
"202.9360","0.1654","0.2721"
"202.9560","0.1654","0.2720"
"202.9760","0.1654","0.2720"
"202.9960","0.1654","0.2720"
"203.0160","0.1654","0.2721"
"203.0360","0.1654","0.2721"
"203.0560","0.1654","0.2721"
"203.0760","0.1654","0.2720"
"203.0960","0.1654","0.2720"
"203.1160","0.1654","0.2720"
"203.1360","0.1654","0.2720"
"203.1560","0.1654","0.2720"
"203.1760","0.1654","0.2720"
"203.1960","0.1654","0.2720"
"203.2160","0.1654","0.2721"
"203.2360","0.1654","0.2720"
"203.2560","0.1654","0.2721"
"203.2760","0.1654","0.2721"
"203.2960","0.1654","0.2721"
"203.3160","0.1654","0.2720"
"203.3360","0.1654","0.2721"
"203.3560","0.1654","0.2720"
"203.3760","0.1654","0.2720"
"203.3960","0.1654","0.2720"
"203.4160","0.1654","0.2720"
"203.4360","0.1654","0.2720"
"203.4560","0.1654","0.2720"
"203.4760","0.1654","0.2720"
"203.4960","0.1654","0.2720"
"203.5160","0.1654","0.2720"
"203.5360","0.1654","0.2720"
"203.5560","0.1654","0.2720"
"203.5760","0.1654","0.2720"
"203.5960","0.1654","0.2721"
"203.6160","0.1654","0.2721"
"203.6360","0.1654","0.2720"
"203.6560","0.1654","0.2721"
"203.6760","0.1654","0.2720"
"203.6960","0.1654","0.2720"
"203.7160","0.1654","0.2720"
"203.7360","0.1654","0.2720"
"203.7560","0.1654","0.2720"
"203.7760","0.1654","0.2720"
"203.7960","0.1654","0.2720"
"203.8160","0.1654","0.2720"
"203.8360","0.1654","0.2720"
"203.8560","0.1654","0.2719"
"203.8760","0.1654","0.2720"
"203.8960","0.1654","0.2720"
"203.9160","0.1654","0.2720"
"203.9360","0.1654","0.2720"
"203.9560","0.1654","0.2720"
"203.9760","0.1654","0.2720"
"203.9960","0.1654","0.2720"
"204.0160","0.1654","0.2720"
"204.0360","0.1654","0.2719"
"204.0560","0.1654","0.2719"
"204.0760","0.1654","0.2719"
"204.0960","0.1654","0.2720"
"204.1160","0.1654","0.2720"
"204.1360","0.1654","0.2720"
"204.1560","0.1654","0.2720"
"204.1760","0.1654","0.2720"
"204.1960","0.1654","0.2720"
"204.2160","0.1654","0.2720"
"204.2360","0.1654","0.2720"
"204.2560","0.1654","0.2719"
"204.2760","0.1654","0.2718"
"204.2960","0.1654","0.2718"
"204.3160","0.1654","0.2718"
"204.3360","0.1654","0.2719"
"204.3560","0.1654","0.2719"
"204.3760","0.1654","0.2719"
"204.3960","0.1654","0.2719"
"204.4160","0.1654","0.2719"
"204.4360","0.1654","0.2720"
"204.4560","0.1654","0.2718"
"204.4760","0.1654","0.2719"
"204.4960","0.1654","0.2719"
"204.5160","0.1654","0.2719"
"204.5360","0.1654","0.2718"
"204.5560","0.1654","0.2719"
"204.5760","0.1654","0.2719"
"204.5960","0.1654","0.2719"
"204.6160","0.1654","0.2720"
"204.6360","0.1654","0.2718"
"204.6560","0.1654","0.2719"
"204.6760","0.1654","0.2719"
"204.6960","0.1654","0.2720"
"204.7160","0.1654","0.2719"
"204.7360","0.1654","0.2719"
"204.7560","0.1654","0.2719"
"204.7760","0.1654","0.2718"
"204.7960","0.1654","0.2718"
"204.8160","0.1654","0.2719"
"204.8360","0.1654","0.2719"
"204.8560","0.1654","0.2719"
"204.8760","0.1654","0.2718"
"204.8960","0.1654","0.2719"
"204.9160","0.1654","0.2720"
"204.9360","0.1654","0.2719"
"204.9560","0.1654","0.2719"
"204.9760","0.1654","0.2719"
"204.9960","0.1654","0.2718"
"205.0160","0.1654","0.2717"
"205.0360","0.1654","0.2718"
"205.0560","0.1654","0.2718"
"205.0760","0.1654","0.2718"
"205.0960","0.1654","0.2719"
"205.1160","0.1654","0.2719"
"205.1360","0.1654","0.2719"
"205.1560","0.1654","0.2719"
"205.1760","0.1654","0.2718"
"205.1960","0.1654","0.2718"
"205.2160","0.1654","0.2718"
"205.2360","0.1654","0.2717"
"205.2560","0.1654","0.2718"
"205.2760","0.1654","0.2718"
"205.2960","0.1654","0.2717"
"205.3160","0.1654","0.2718"
"205.3360","0.1654","0.2718"
"205.3560","0.1654","0.2720"
"205.3760","0.1654","0.2720"
"205.3960","0.1654","0.2720"
"205.4160","0.1654","0.2720"
"205.4360","0.1654","0.2719"
"205.4560","0.1654","0.2718"
"205.4760","0.1654","0.2718"
"205.4960","0.1654","0.2718"
"205.5160","0.1654","0.2717"
"205.5360","0.1654","0.2717"
"205.5560","0.1654","0.2718"
"205.5760","0.1654","0.2719"
"205.5960","0.1654","0.2719"
"205.6160","0.1654","0.2718"
"205.6360","0.1654","0.2718"
"205.6560","0.1654","0.2718"
"205.6760","0.1654","0.2718"
"205.6960","0.1654","0.2718"
"205.7160","0.1654","0.2718"
"205.7360","0.1654","0.2718"
"205.7560","0.1654","0.2718"
"205.7760","0.1654","0.2719"
"205.7960","0.1654","0.2718"
"205.8160","0.1654","0.2717"
"205.8360","0.1654","0.2718"
"205.8560","0.1654","0.2718"
"205.8760","0.1654","0.2718"
"205.8960","0.1654","0.2719"
"205.9160","0.1654","0.2719"
"205.9360","0.1654","0.2719"
"205.9560","0.1654","0.2718"
"205.9760","0.1654","0.2718"
"205.9960","0.1654","0.2718"
"206.0160","0.1654","0.2718"
"206.0360","0.1654","0.2717"
"206.0560","0.1654","0.2718"
"206.0760","0.1654","0.2718"
"206.0960","0.1654","0.2718"
"206.1160","0.1654","0.2718"
"206.1360","0.1654","0.2718"
"206.1560","0.1654","0.2718"
"206.1760","0.1654","0.2718"
"206.1960","0.1654","0.2717"
"206.2160","0.1654","0.2717"
"206.2360","0.1654","0.2717"
"206.2560","0.1654","0.2717"
"206.2760","0.1654","0.2717"
"206.2960","0.1654","0.2718"
"206.3160","0.1654","0.2718"
"206.3360","0.1654","0.2718"
"206.3560","0.1654","0.2717"
"206.3760","0.1654","0.2717"
"206.3960","0.1654","0.2717"
"206.4160","0.1654","0.2717"
"206.4360","0.1654","0.2718"
"206.4560","0.1654","0.2718"
"206.4760","0.1654","0.2717"
"206.4960","0.1654","0.2717"
"206.5160","0.1654","0.2717"
"206.5360","0.1654","0.2718"
"206.5560","0.1654","0.2718"
"206.5760","0.1654","0.2718"
"206.5960","0.1654","0.2717"
"206.6160","0.1654","0.2717"
"206.6360","0.1654","0.2717"
"206.6560","0.1654","0.2716"
"206.6760","0.1654","0.2717"
"206.6960","0.1654","0.2718"
"206.7160","0.1654","0.2718"
"206.7360","0.1654","0.2718"
"206.7560","0.1654","0.2718"
"206.7760","0.1654","0.2717"
"206.7960","0.1654","0.2717"
"206.8160","0.1654","0.2718"
"206.8360","0.1654","0.2718"
"206.8560","0.1654","0.2717"
"206.8760","0.1654","0.2716"
"206.8960","0.1654","0.2716"
"206.9160","0.1654","0.2716"
"206.9360","0.1654","0.2717"
"206.9560","0.1654","0.2717"
"206.9760","0.1654","0.2716"
"206.9960","0.1654","0.2716"
"207.0160","0.1654","0.2716"
"207.0360","0.1654","0.2717"
"207.0560","0.1654","0.2717"
"207.0760","0.1654","0.2717"
"207.0960","0.1654","0.2718"
"207.1160","0.1654","0.2717"
"207.1360","0.1654","0.2717"
"207.1560","0.1654","0.2716"
"207.1760","0.1654","0.2717"
"207.1960","0.1654","0.2717"
"207.2160","0.1654","0.2717"
"207.2360","0.1654","0.2717"
"207.2560","0.1654","0.2717"
"207.2760","0.1654","0.2716"
"207.2960","0.1654","0.2716"
"207.3160","0.1654","0.2716"
"207.3360","0.1654","0.2717"
"207.3560","0.1654","0.2717"
"207.3760","0.1654","0.2718"
"207.3960","0.1654","0.2717"
"207.4160","0.1654","0.2717"
"207.4360","0.1654","0.2717"
"207.4560","0.1654","0.2716"
"207.4760","0.1654","0.2717"
"207.4960","0.1654","0.2717"
"207.5160","0.1654","0.2717"
"207.5360","0.1654","0.2716"
"207.5560","0.1654","0.2716"
"207.5760","0.1654","0.2715"
"207.5960","0.1654","0.2716"
"207.6160","0.1654","0.2716"
"207.6360","0.1654","0.2716"
"207.6560","0.1654","0.2716"
"207.6760","0.1654","0.2716"
"207.6960","0.1654","0.2715"
"207.7160","0.1654","0.2716"
"207.7360","0.1654","0.2716"
"207.7560","0.1654","0.2716"
"207.7760","0.1654","0.2715"
"207.7960","0.1654","0.2716"
"207.8160","0.1654","0.2717"
"207.8360","0.1654","0.2716"
"207.8560","0.1654","0.2715"
"207.8760","0.1654","0.2716"
"207.8960","0.1654","0.2716"
"207.9160","0.1654","0.2716"
"207.9360","0.1654","0.2716"
"207.9560","0.1654","0.2716"
"207.9760","0.1654","0.2716"
"207.9960","0.1654","0.2716"
"208.0160","0.1654","0.2716"
"208.0360","0.1654","0.2716"
"208.0560","0.1654","0.2716"
"208.0760","0.1654","0.2716"
"208.0960","0.1654","0.2716"
"208.1160","0.1654","0.2716"
"208.1360","0.1654","0.2716"
"208.1560","0.1654","0.2716"
"208.1760","0.1654","0.2715"
"208.1960","0.1654","0.2716"
"208.2160","0.1654","0.2716"
"208.2360","0.1654","0.2717"
"208.2560","0.1654","0.2716"
"208.2760","0.1654","0.2716"
"208.2960","0.1654","0.2716"
"208.3160","0.1654","0.2715"
"208.3360","0.1654","0.2715"
"208.3560","0.1654","0.2714"
"208.3760","0.1654","0.2715"
"208.3960","0.1654","0.2714"
"208.4160","0.1654","0.2715"
"208.4360","0.1654","0.2716"
"208.4560","0.1654","0.2716"
"208.4760","0.1654","0.2715"
"208.4960","0.1654","0.2715"
"208.5160","0.1654","0.2716"
"208.5360","0.1654","0.2716"
"208.5560","0.1654","0.2715"
"208.5760","0.1654","0.2715"
"208.5960","0.1654","0.2715"
"208.6160","0.1654","0.2715"
"208.6360","0.1654","0.2715"
"208.6560","0.1654","0.2715"
"208.6760","0.1654","0.2715"
"208.6960","0.1654","0.2715"
"208.7160","0.1654","0.2715"
"208.7360","0.1654","0.2714"
"208.7560","0.1654","0.2715"
"208.7760","0.1654","0.2715"
"208.7960","0.1654","0.2715"
"208.8160","0.1654","0.2714"
"208.8360","0.1654","0.2715"
"208.8560","0.1654","0.2715"
"208.8760","0.1654","0.2715"
"208.8960","0.1654","0.2715"
"208.9160","0.1654","0.2715"
"208.9360","0.1654","0.2715"
"208.9560","0.1654","0.2716"
"208.9760","0.1654","0.2716"
"208.9960","0.1654","0.2715"
"209.0160","0.1654","0.2715"
"209.0360","0.1654","0.2715"
"209.0560","0.1654","0.2714"
"209.0760","0.1654","0.2714"
"209.0960","0.1654","0.2715"
"209.1160","0.1654","0.2715"
"209.1360","0.1654","0.2715"
"209.1560","0.1654","0.2715"
"209.1760","0.1654","0.2715"
"209.1960","0.1654","0.2714"
"209.2160","0.1654","0.2714"
"209.2360","0.1654","0.2715"
"209.2560","0.1654","0.2714"
"209.2760","0.1654","0.2714"
"209.2960","0.1654","0.2714"
"209.3160","0.1654","0.2714"
"209.3360","0.1654","0.2714"
"209.3560","0.1654","0.2714"
"209.3760","0.1654","0.2714"
"209.3960","0.1654","0.2715"
"209.4160","0.1654","0.2715"
"209.4360","0.1654","0.2716"
"209.4560","0.1654","0.2715"
"209.4760","0.1654","0.2715"
"209.4960","0.1654","0.2715"
"209.5160","0.1654","0.2714"
"209.5360","0.1654","0.2714"
"209.5560","0.1654","0.2714"
"209.5760","0.1654","0.2714"
"209.5960","0.1654","0.2714"
"209.6160","0.1654","0.2714"
"209.6360","0.1654","0.2714"
"209.6560","0.1654","0.2714"
"209.6760","0.1654","0.2715"
"209.6960","0.1654","0.2715"
"209.7160","0.1654","0.2715"
"209.7360","0.1654","0.2714"
"209.7560","0.1654","0.2714"
"209.7760","0.1654","0.2714"
"209.7960","0.1654","0.2713"
"209.8160","0.1654","0.2713"
"209.8360","0.1654","0.2714"
"209.8560","0.1654","0.2714"
"209.8760","0.1654","0.2714"
"209.8960","0.1654","0.2714"
"209.9160","0.1654","0.2714"
"209.9360","0.1654","0.2715"
"209.9560","0.1654","0.2714"
"209.9760","0.1654","0.2714"
"209.9960","0.1654","0.2713"
"210.0160","0.1654","0.2713"
"210.0360","0.1654","0.2714"
"210.0560","0.1654","0.2714"
"210.0760","0.1654","0.2713"
"210.0960","0.1654","0.2712"
"210.1160","0.1654","0.2712"
"210.1360","0.1654","0.2713"
"210.1560","0.1654","0.2714"
"210.1760","0.1654","0.2713"
"210.1960","0.1654","0.2714"
"210.2160","0.1654","0.2714"
"210.2360","0.1654","0.2714"
"210.2560","0.1654","0.2713"
"210.2760","0.1654","0.2713"
"210.2960","0.1654","0.2713"
"210.3160","0.1654","0.2714"
"210.3360","0.1654","0.2714"
"210.3560","0.1654","0.2714"
"210.3760","0.1654","0.2714"
"210.3960","0.1654","0.2714"
"210.4160","0.1654","0.2714"
"210.4360","0.1654","0.2714"
"210.4560","0.1654","0.2713"
"210.4760","0.1654","0.2714"
"210.4960","0.1654","0.2713"
"210.5160","0.1654","0.2713"
"210.5360","0.1654","0.2712"
"210.5560","0.1654","0.2713"
"210.5760","0.1654","0.2713"
"210.5960","0.1654","0.2713"
"210.6160","0.1654","0.2714"
"210.6360","0.1654","0.2714"
"210.6560","0.1654","0.2713"
"210.6760","0.1654","0.2713"
"210.6960","0.1654","0.2713"
"210.7160","0.1654","0.2713"
"210.7360","0.1654","0.2712"
"210.7560","0.1654","0.2712"
"210.7760","0.1654","0.2713"
"210.7960","0.1654","0.2713"
"210.8160","0.1654","0.2713"
"210.8360","0.1654","0.2713"
"210.8560","0.1654","0.2713"
"210.8760","0.1654","0.2714"
"210.8960","0.1654","0.2713"
"210.9160","0.1654","0.2714"
"210.9360","0.1654","0.2713"
"210.9560","0.1654","0.2713"
"210.9760","0.1654","0.2713"
"210.9960","0.1654","0.2713"
"211.0160","0.1654","0.2713"
"211.0360","0.1654","0.2713"
"211.0560","0.1654","0.2713"
"211.0760","0.1654","0.2713"
"211.0960","0.1654","0.2714"
"211.1160","0.1654","0.2713"
"211.1360","0.1654","0.2713"
"211.1560","0.1654","0.2713"
"211.1760","0.1654","0.2713"
"211.1960","0.1654","0.2712"
"211.2160","0.1654","0.2712"
"211.2360","0.1654","0.2713"
"211.2560","0.1654","0.2713"
"211.2760","0.1654","0.2713"
"211.2960","0.1654","0.2713"
"211.3160","0.1654","0.2713"
"211.3360","0.1654","0.2713"
"211.3560","0.1654","0.2713"
"211.3760","0.1654","0.2712"
"211.3960","0.1654","0.2712"
"211.4160","0.1654","0.2713"
"211.4360","0.1654","0.2713"
"211.4560","0.1654","0.2713"
"211.4760","0.1654","0.2713"
"211.4960","0.1654","0.2712"
"211.5160","0.1654","0.2713"
"211.5360","0.1654","0.2713"
"211.5560","0.1654","0.2712"
"211.5760","0.1654","0.2712"
"211.5960","0.1654","0.2712"
"211.6160","0.1654","0.2712"
"211.6360","0.1654","0.2713"
"211.6560","0.1654","0.2712"
"211.6760","0.1654","0.2712"
"211.6960","0.1654","0.2712"
"211.7160","0.1654","0.2712"
"211.7360","0.1654","0.2712"
"211.7560","0.1654","0.2712"
"211.7760","0.1654","0.2713"
"211.7960","0.1654","0.2712"
"211.8160","0.1654","0.2712"
"211.8360","0.1654","0.2711"
"211.8560","0.1654","0.2712"
"211.8760","0.1654","0.2712"
"211.8960","0.1654","0.2713"
"211.9160","0.1654","0.2712"
"211.9360","0.1654","0.2712"
"211.9560","0.1654","0.2712"
"211.9760","0.1654","0.2712"
"211.9960","0.1654","0.2712"
"212.0160","0.1654","0.2712"
"212.0360","0.1654","0.2712"
"212.0560","0.1654","0.2712"
"212.0760","0.1654","0.2712"
"212.0960","0.1654","0.2713"
"212.1160","0.1654","0.2713"
"212.1360","0.1654","0.2712"
"212.1560","0.1654","0.2712"
"212.1760","0.1654","0.2712"
"212.1960","0.1654","0.2711"
"212.2160","0.1654","0.2712"
"212.2360","0.1654","0.2712"
"212.2560","0.1654","0.2713"
"212.2760","0.1654","0.2713"
"212.2960","0.1654","0.2713"
"212.3160","0.1654","0.2713"
"212.3360","0.1654","0.2712"
"212.3560","0.1654","0.2711"
"212.3760","0.1654","0.2711"
"212.3960","0.1654","0.2711"
"212.4160","0.1654","0.2712"
"212.4360","0.1654","0.2712"
"212.4560","0.1654","0.2712"
"212.4760","0.1654","0.2712"
"212.4960","0.1654","0.2712"
"212.5160","0.1654","0.2712"
"212.5360","0.1654","0.2712"
"212.5560","0.1654","0.2711"
"212.5760","0.1654","0.2711"
"212.5960","0.1654","0.2711"
"212.6160","0.1654","0.2711"
"212.6360","0.1654","0.2711"
"212.6560","0.1654","0.2712"
"212.6760","0.1654","0.2712"
"212.6960","0.1654","0.2711"
"212.7160","0.1654","0.2711"
"212.7360","0.1654","0.2712"
"212.7560","0.1654","0.2712"
"212.7760","0.1654","0.2712"
"212.7960","0.1654","0.2710"
"212.8160","0.1654","0.2711"
"212.8360","0.1654","0.2710"
"212.8560","0.1654","0.2711"
"212.8760","0.1654","0.2711"
"212.8960","0.1654","0.2711"
"212.9160","0.1654","0.2711"
"212.9360","0.1654","0.2711"
"212.9560","0.1654","0.2711"
"212.9760","0.1654","0.2712"
"212.9960","0.1654","0.2712"
"213.0160","0.1654","0.2712"
"213.0360","0.1654","0.2712"
"213.0560","0.1654","0.2712"
"213.0760","0.1654","0.2711"
"213.0960","0.1654","0.2711"
"213.1160","0.1654","0.2711"
"213.1360","0.1654","0.2711"
"213.1560","0.1654","0.2711"
"213.1760","0.1654","0.2711"
"213.1960","0.1654","0.2711"
"213.2160","0.1654","0.2711"
"213.2360","0.1654","0.2711"
"213.2560","0.1654","0.2711"
"213.2760","0.1654","0.2712"
"213.2960","0.1654","0.2711"
"213.3160","0.1654","0.2711"
"213.3360","0.1654","0.2711"
"213.3560","0.1654","0.2710"
"213.3760","0.1654","0.2710"
"213.3960","0.1654","0.2710"
"213.4160","0.1654","0.2711"
"213.4360","0.1654","0.2711"
"213.4560","0.1654","0.2710"
"213.4760","0.1654","0.2710"
"213.4960","0.1654","0.2711"
"213.5160","0.1654","0.2711"
"213.5360","0.1654","0.2710"
"213.5560","0.1654","0.2710"
"213.5760","0.1654","0.2711"
"213.5960","0.1654","0.2711"
"213.6160","0.1654","0.2710"
"213.6360","0.1654","0.2710"
"213.6560","0.1654","0.2711"
"213.6760","0.1654","0.2711"
"213.6960","0.1654","0.2711"
"213.7160","0.1654","0.2710"
"213.7360","0.1654","0.2711"
"213.7560","0.1654","0.2711"
"213.7760","0.1654","0.2710"
"213.7960","0.1654","0.2710"
"213.8160","0.1654","0.2710"
"213.8360","0.1654","0.2710"
"213.8560","0.1654","0.2711"
"213.8760","0.1654","0.2711"
"213.8960","0.1654","0.2710"
"213.9160","0.1654","0.2710"
"213.9360","0.1654","0.2711"
"213.9560","0.1654","0.2711"
"213.9760","0.1654","0.2711"
"213.9960","0.1654","0.2711"
"214.0160","0.1654","0.2710"
"214.0360","0.1654","0.2710"
"214.0560","0.1654","0.2710"
"214.0760","0.1654","0.2710"
"214.0960","0.1654","0.2710"
"214.1160","0.1654","0.2710"
"214.1360","0.1654","0.2710"
"214.1560","0.1654","0.2710"
"214.1760","0.1654","0.2710"
"214.1960","0.1654","0.2710"
"214.2160","0.1654","0.2711"
"214.2360","0.1654","0.2711"
"214.2560","0.1654","0.2710"
"214.2760","0.1654","0.2709"
"214.2960","0.1654","0.2710"
"214.3160","0.1654","0.2710"
"214.3360","0.1654","0.2709"
"214.3560","0.1654","0.2709"
"214.3760","0.1654","0.2710"
"214.3960","0.1654","0.2710"
"214.4160","0.1654","0.2709"
"214.4360","0.1654","0.2709"
"214.4560","0.1654","0.2709"
"214.4760","0.1654","0.2710"
"214.4960","0.1654","0.2709"
"214.5160","0.1654","0.2709"
"214.5360","0.1654","0.2709"
"214.5560","0.1654","0.2709"
"214.5760","0.1654","0.2709"
"214.5960","0.1654","0.2708"
"214.6160","0.1654","0.2710"
"214.6360","0.1654","0.2710"
"214.6560","0.1654","0.2710"
"214.6760","0.1654","0.2710"
"214.6960","0.1654","0.2709"
"214.7160","0.1654","0.2709"
"214.7360","0.1654","0.2709"
"214.7560","0.1654","0.2709"
"214.7760","0.1654","0.2710"
"214.7960","0.1654","0.2711"
"214.8160","0.1654","0.2710"
"214.8360","0.1654","0.2709"
"214.8560","0.1654","0.2710"
"214.8760","0.1654","0.2710"
"214.8960","0.1654","0.2709"
"214.9160","0.1654","0.2708"
"214.9360","0.1654","0.2709"
"214.9560","0.1654","0.2710"
"214.9760","0.1654","0.2710"
"214.9960","0.1654","0.2710"
"215.0160","0.1654","0.2709"
"215.0360","0.1654","0.2709"
"215.0560","0.1654","0.2708"
"215.0760","0.1654","0.2708"
"215.0960","0.1654","0.2708"
"215.1160","0.1654","0.2709"
"215.1360","0.1654","0.2709"
"215.1560","0.1654","0.2710"
"215.1760","0.1654","0.2709"
"215.1960","0.1654","0.2708"
"215.2160","0.1654","0.2708"
"215.2360","0.1654","0.2709"
"215.2560","0.1654","0.2709"
"215.2760","0.1654","0.2709"
"215.2960","0.1654","0.2709"
"215.3160","0.1654","0.2708"
"215.3360","0.1654","0.2708"
"215.3560","0.1654","0.2708"
"215.3760","0.1654","0.2708"
"215.3960","0.1654","0.2708"
"215.4160","0.1654","0.2709"
"215.4360","0.1654","0.2708"
"215.4560","0.1654","0.2708"
"215.4760","0.1654","0.2708"
"215.4960","0.1654","0.2708"
"215.5160","0.1654","0.2708"
"215.5360","0.1654","0.2708"
"215.5560","0.1654","0.2709"
"215.5760","0.1654","0.2709"
"215.5960","0.1654","0.2710"
"215.6160","0.1654","0.2710"
"215.6360","0.1654","0.2709"
"215.6560","0.1654","0.2709"
"215.6760","0.1654","0.2709"
"215.6960","0.1654","0.2709"
"215.7160","0.1654","0.2708"
"215.7360","0.1654","0.2709"
"215.7560","0.1654","0.2710"
"215.7760","0.1654","0.2709"
"215.7960","0.1654","0.2708"
"215.8160","0.1654","0.2709"
"215.8360","0.1654","0.2709"
"215.8560","0.1654","0.2708"
"215.8760","0.1654","0.2708"
"215.8960","0.1654","0.2709"
"215.9160","0.1654","0.2709"
"215.9360","0.1654","0.2708"
"215.9560","0.1654","0.2709"
"215.9760","0.1654","0.2708"
"215.9960","0.1654","0.2708"
"216.0160","0.1654","0.2707"
"216.0360","0.1654","0.2708"
"216.0560","0.1654","0.2708"
"216.0760","0.1654","0.2708"
"216.0960","0.1654","0.2709"
"216.1160","0.1654","0.2708"
"216.1360","0.1654","0.2708"
"216.1560","0.1654","0.2708"
"216.1760","0.1654","0.2708"
"216.1960","0.1654","0.2708"
"216.2160","0.1654","0.2709"
"216.2360","0.1654","0.2708"
"216.2560","0.1654","0.2707"
"216.2760","0.1654","0.2707"
"216.2960","0.1654","0.2708"
"216.3160","0.1654","0.2708"
"216.3360","0.1654","0.2708"
"216.3560","0.1654","0.2707"
"216.3760","0.1654","0.2708"
"216.3960","0.1654","0.2708"
"216.4160","0.1654","0.2708"
"216.4360","0.1654","0.2708"
"216.4560","0.1654","0.2708"
"216.4760","0.1654","0.2708"
"216.4960","0.1654","0.2707"
"216.5160","0.1654","0.2707"
"216.5360","0.1654","0.2708"
"216.5560","0.1654","0.2708"
"216.5760","0.1654","0.2708"
"216.5960","0.1654","0.2707"
"216.6160","0.1654","0.2708"
"216.6360","0.1654","0.2708"
"216.6560","0.1654","0.2708"
"216.6760","0.1654","0.2708"
"216.6960","0.1654","0.2708"
"216.7160","0.1654","0.2707"
"216.7360","0.1654","0.2707"
"216.7560","0.1654","0.2707"
"216.7760","0.1654","0.2707"
"216.7960","0.1654","0.2706"
"216.8160","0.1654","0.2707"
"216.8360","0.1654","0.2707"
"216.8560","0.1654","0.2707"
"216.8760","0.1654","0.2707"
"216.8960","0.1654","0.2707"
"216.9160","0.1654","0.2708"
"216.9360","0.1654","0.2708"
"216.9560","0.1654","0.2707"
"216.9760","0.1654","0.2707"
"216.9960","0.1654","0.2707"
"217.0160","0.1654","0.2707"
"217.0360","0.1654","0.2707"
"217.0560","0.1654","0.2707"
"217.0760","0.1654","0.2706"
"217.0960","0.1654","0.2706"
"217.1160","0.1654","0.2706"
"217.1360","0.1654","0.2706"
"217.1560","0.1654","0.2707"
"217.1760","0.1654","0.2707"
"217.1960","0.1654","0.2707"
"217.2160","0.1654","0.2707"
"217.2360","0.1654","0.2708"
"217.2560","0.1654","0.2708"
"217.2760","0.1654","0.2708"
"217.2960","0.1654","0.2707"
"217.3160","0.1654","0.2707"
"217.3360","0.1654","0.2706"
"217.3560","0.1654","0.2707"
"217.3760","0.1654","0.2708"
"217.3960","0.1654","0.2707"
"217.4160","0.1654","0.2706"
"217.4360","0.1654","0.2706"
"217.4560","0.1654","0.2707"
"217.4760","0.1654","0.2707"
"217.4960","0.1654","0.2707"
"217.5160","0.1654","0.2707"
"217.5360","0.1654","0.2706"
"217.5560","0.1654","0.2707"
"217.5760","0.1654","0.2707"
"217.5960","0.1654","0.2707"
"217.6160","0.1654","0.2707"
"217.6360","0.1654","0.2707"
"217.6560","0.1654","0.2707"
"217.6760","0.1654","0.2707"
"217.6960","0.1654","0.2707"
"217.7160","0.1654","0.2707"
"217.7360","0.1654","0.2707"
"217.7560","0.1654","0.2707"
"217.7760","0.1654","0.2707"
"217.7960","0.1654","0.2707"
"217.8160","0.1654","0.2707"
"217.8360","0.1654","0.2706"
"217.8560","0.1654","0.2706"
"217.8760","0.1654","0.2705"
"217.8960","0.1654","0.2706"
"217.9160","0.1654","0.2707"
"217.9360","0.1654","0.2706"
"217.9560","0.1654","0.2706"
"217.9760","0.1654","0.2706"
"217.9960","0.1654","0.2706"
"218.0160","0.1654","0.2706"
"218.0360","0.1654","0.2706"
"218.0560","0.1654","0.2706"
"218.0760","0.1654","0.2706"
"218.0960","0.1654","0.2706"
"218.1160","0.1654","0.2706"
"218.1360","0.1654","0.2706"
"218.1560","0.1654","0.2707"
"218.1760","0.1654","0.2707"
"218.1960","0.1654","0.2706"
"218.2160","0.1654","0.2706"
"218.2360","0.1654","0.2706"
"218.2560","0.1654","0.2706"
"218.2760","0.1654","0.2706"
"218.2960","0.1654","0.2705"
"218.3160","0.1654","0.2706"
"218.3360","0.1654","0.2706"
"218.3560","0.1654","0.2706"
"218.3760","0.1654","0.2705"
"218.3960","0.1654","0.2705"
"218.4160","0.1654","0.2705"
"218.4360","0.1654","0.2705"
"218.4560","0.1654","0.2706"
"218.4760","0.1654","0.2707"
"218.4960","0.1654","0.2706"
"218.5160","0.1654","0.2706"
"218.5360","0.1654","0.2706"
"218.5560","0.1654","0.2707"
"218.5760","0.1654","0.2707"
"218.5960","0.1654","0.2707"
"218.6160","0.1654","0.2706"
"218.6360","0.1654","0.2705"
"218.6560","0.1654","0.2706"
"218.6760","0.1654","0.2706"
"218.6960","0.1654","0.2706"
"218.7160","0.1654","0.2706"
"218.7360","0.1654","0.2706"
"218.7560","0.1654","0.2706"
"218.7760","0.1654","0.2707"
"218.7960","0.1654","0.2706"
"218.8160","0.1654","0.2705"
"218.8360","0.1654","0.2705"
"218.8560","0.1654","0.2706"
"218.8760","0.1654","0.2706"
"218.8960","0.1654","0.2706"
"218.9160","0.1654","0.2706"
"218.9360","0.1654","0.2705"
"218.9560","0.1654","0.2705"
"218.9760","0.1654","0.2705"
"218.9960","0.1654","0.2705"
"219.0160","0.1654","0.2705"
"219.0360","0.1654","0.2704"
"219.0560","0.1654","0.2704"
"219.0760","0.1654","0.2704"
"219.0960","0.1654","0.2705"
"219.1160","0.1654","0.2705"
"219.1360","0.1654","0.2705"
"219.1560","0.1654","0.2705"
"219.1760","0.1654","0.2705"
"219.1960","0.1654","0.2705"
"219.2160","0.1654","0.2705"
"219.2360","0.1654","0.2705"
"219.2560","0.1654","0.2706"
"219.2760","0.1654","0.2705"
"219.2960","0.1654","0.2705"
"219.3160","0.1654","0.2706"
"219.3360","0.1654","0.2706"
"219.3560","0.1654","0.2704"
"219.3760","0.1654","0.2705"
"219.3960","0.1654","0.2705"
"219.4160","0.1654","0.2705"
"219.4360","0.1654","0.2706"
"219.4560","0.1654","0.2705"
"219.4760","0.1654","0.2704"
"219.4960","0.1654","0.2704"
"219.5160","0.1654","0.2705"
"219.5360","0.1654","0.2705"
"219.5560","0.1654","0.2705"
"219.5760","0.1654","0.2705"
"219.5960","0.1654","0.2705"
"219.6160","0.1654","0.2705"
"219.6360","0.1654","0.2705"
"219.6560","0.1654","0.2705"
"219.6760","0.1654","0.2705"
"219.6960","0.1654","0.2705"
"219.7160","0.1654","0.2704"
"219.7360","0.1654","0.2704"
"219.7560","0.1654","0.2704"
"219.7760","0.1654","0.2704"
"219.7960","0.1654","0.2704"
"219.8160","0.1654","0.2705"
"219.8360","0.1654","0.2706"
"219.8560","0.1654","0.2705"
"219.8760","0.1654","0.2704"
"219.8960","0.1654","0.2704"
"219.9160","0.1654","0.2704"
"219.9360","0.1654","0.2704"
"219.9560","0.1654","0.2704"
"219.9760","0.1654","0.2704"
"219.9960","0.1654","0.2704"
"220.0160","0.1654","0.2705"
"220.0360","0.1654","0.2705"
"220.0560","0.1654","0.2705"
"220.0760","0.1654","0.2705"
"220.0960","0.1654","0.2705"
"220.1160","0.1654","0.2704"
"220.1360","0.1654","0.2705"
"220.1560","0.1654","0.2704"
"220.1760","0.1654","0.2703"
"220.1960","0.1654","0.2704"
"220.2160","0.1654","0.2705"
"220.2360","0.1654","0.2705"
"220.2560","0.1654","0.2705"
"220.2760","0.1654","0.2705"
"220.2960","0.1654","0.2704"
"220.3160","0.1654","0.2705"
"220.3360","0.1654","0.2705"
"220.3560","0.1654","0.2704"
"220.3760","0.1654","0.2703"
"220.3960","0.1654","0.2703"
"220.4160","0.1654","0.2704"
"220.4360","0.1654","0.2704"
"220.4560","0.1654","0.2703"
"220.4760","0.1654","0.2703"
"220.4960","0.1654","0.2704"
"220.5160","0.1654","0.2704"
"220.5360","0.1654","0.2704"
"220.5560","0.1654","0.2704"
"220.5760","0.1654","0.2704"
"220.5960","0.1654","0.2704"
"220.6160","0.1654","0.2705"
"220.6360","0.1654","0.2705"
"220.6560","0.1654","0.2704"
"220.6760","0.1654","0.2703"
"220.6960","0.1654","0.2703"
"220.7160","0.1654","0.2704"
"220.7360","0.1654","0.2704"
"220.7560","0.1654","0.2704"
"220.7760","0.1654","0.2703"
"220.7960","0.1654","0.2703"
"220.8160","0.1654","0.2703"
"220.8360","0.1654","0.2704"
"220.8560","0.1654","0.2704"
"220.8760","0.1654","0.2704"
"220.8960","0.1654","0.2703"
"220.9160","0.1654","0.2703"
"220.9360","0.1654","0.2704"
"220.9560","0.1654","0.2704"
"220.9760","0.1654","0.2704"
"220.9960","0.1654","0.2704"
"221.0160","0.1654","0.2705"
"221.0360","0.1654","0.2703"
"221.0560","0.1654","0.2703"
"221.0760","0.1654","0.2704"
"221.0960","0.1654","0.2704"
"221.1160","0.1654","0.2704"
"221.1360","0.1654","0.2703"
"221.1560","0.1654","0.2703"
"221.1760","0.1654","0.2703"
"221.1960","0.1654","0.2704"
"221.2160","0.1654","0.2704"
"221.2360","0.1654","0.2704"
"221.2560","0.1654","0.2704"
"221.2760","0.1654","0.2703"
"221.2960","0.1654","0.2704"
"221.3160","0.1654","0.2704"
"221.3360","0.1654","0.2704"
"221.3560","0.1654","0.2703"
"221.3760","0.1654","0.2703"
"221.3960","0.1654","0.2703"
"221.4160","0.1654","0.2702"
"221.4360","0.1654","0.2702"
"221.4560","0.1654","0.2703"
"221.4760","0.1654","0.2703"
"221.4960","0.1654","0.2703"
"221.5160","0.1654","0.2704"
"221.5360","0.1654","0.2703"
"221.5560","0.1654","0.2703"
"221.5760","0.1654","0.2704"
"221.5960","0.1654","0.2704"
"221.6160","0.1654","0.2703"
"221.6360","0.1654","0.2703"
"221.6560","0.1654","0.2703"
"221.6760","0.1654","0.2703"
"221.6960","0.1654","0.2703"
"221.7160","0.1654","0.2703"
"221.7360","0.1654","0.2703"
"221.7560","0.1654","0.2704"
"221.7760","0.1654","0.2703"
"221.7960","0.1654","0.2703"
"221.8160","0.1654","0.2703"
"221.8360","0.1654","0.2702"
"221.8560","0.1654","0.2703"
"221.8760","0.1654","0.2703"
"221.8960","0.1654","0.2703"
"221.9160","0.1654","0.2703"
"221.9360","0.1654","0.2703"
"221.9560","0.1654","0.2703"
"221.9760","0.1654","0.2702"
"221.9960","0.1654","0.2703"
"222.0160","0.1654","0.2703"
"222.0360","0.1654","0.2703"
"222.0560","0.1654","0.2703"
"222.0760","0.1654","0.2702"
"222.0960","0.1654","0.2703"
"222.1160","0.1654","0.2703"
"222.1360","0.1654","0.2702"
"222.1560","0.1654","0.2702"
"222.1760","0.1654","0.2703"
"222.1960","0.1654","0.2703"
"222.2160","0.1654","0.2703"
"222.2360","0.1654","0.2703"
"222.2560","0.1654","0.2703"
"222.2760","0.1654","0.2704"
"222.2960","0.1654","0.2703"
"222.3160","0.1654","0.2703"
"222.3360","0.1654","0.2702"
"222.3560","0.1654","0.2702"
"222.3760","0.1654","0.2702"
"222.3960","0.1654","0.2703"
"222.4160","0.1654","0.2703"
"222.4360","0.1654","0.2703"
"222.4560","0.1654","0.2704"
"222.4760","0.1654","0.2703"
"222.4960","0.1654","0.2702"
"222.5160","0.1654","0.2702"
"222.5360","0.1654","0.2702"
"222.5560","0.1654","0.2703"
"222.5760","0.1654","0.2703"
"222.5960","0.1654","0.2702"
"222.6160","0.1654","0.2701"
"222.6360","0.1654","0.2702"
"222.6560","0.1654","0.2702"
"222.6760","0.1654","0.2702"
"222.6960","0.1654","0.2702"
"222.7160","0.1654","0.2702"
"222.7360","0.1654","0.2702"
"222.7560","0.1654","0.2703"
"222.7760","0.1654","0.2703"
"222.7960","0.1654","0.2702"
"222.8160","0.1654","0.2702"
"222.8360","0.1654","0.2702"
"222.8560","0.1654","0.2702"
"222.8760","0.1654","0.2703"
"222.8960","0.1654","0.2703"
"222.9160","0.1654","0.2703"
"222.9360","0.1654","0.2703"
"222.9560","0.1654","0.2702"
"222.9760","0.1654","0.2701"
"222.9960","0.1654","0.2701"
"223.0160","0.1654","0.2701"
"223.0360","0.1654","0.2702"
"223.0560","0.1654","0.2702"
"223.0760","0.1654","0.2702"
"223.0960","0.1654","0.2702"
"223.1160","0.1654","0.2702"
"223.1360","0.1654","0.2703"
"223.1560","0.1654","0.2702"
"223.1760","0.1654","0.2702"
"223.1960","0.1654","0.2702"
"223.2160","0.1654","0.2702"
"223.2360","0.1654","0.2701"
"223.2560","0.1654","0.2702"
"223.2760","0.1654","0.2702"
"223.2960","0.1654","0.2702"
"223.3160","0.1654","0.2702"
"223.3360","0.1654","0.2702"
"223.3560","0.1654","0.2702"
"223.3760","0.1654","0.2702"
"223.3960","0.1654","0.2702"
"223.4160","0.1654","0.2701"
"223.4360","0.1654","0.2700"
"223.4560","0.1654","0.2701"
"223.4760","0.1654","0.2702"
"223.4960","0.1654","0.2702"
"223.5160","0.1654","0.2702"
"223.5360","0.1654","0.2701"
"223.5560","0.1654","0.2701"
"223.5760","0.1654","0.2701"
"223.5960","0.1654","0.2702"
"223.6160","0.1654","0.2701"
"223.6360","0.1654","0.2701"
"223.6560","0.1654","0.2701"
"223.6760","0.1654","0.2701"
"223.6960","0.1654","0.2702"
"223.7160","0.1654","0.2701"
"223.7360","0.1654","0.2702"
"223.7560","0.1654","0.2701"
"223.7760","0.1654","0.2702"
"223.7960","0.1654","0.2701"
"223.8160","0.1654","0.2700"
"223.8360","0.1654","0.2700"
"223.8560","0.1654","0.2701"
"223.8760","0.1654","0.2701"
"223.8960","0.1654","0.2701"
"223.9160","0.1654","0.2701"
"223.9360","0.1654","0.2701"
"223.9560","0.1654","0.2701"
"223.9760","0.1654","0.2701"
"223.9960","0.1654","0.2700"
"224.0160","0.1654","0.2701"
"224.0360","0.1654","0.2702"
"224.0560","0.1654","0.2702"
"224.0760","0.1654","0.2701"
"224.0960","0.1654","0.2701"
"224.1160","0.1654","0.2702"
"224.1360","0.1654","0.2701"
"224.1560","0.1654","0.2701"
"224.1760","0.1654","0.2701"
"224.1960","0.1654","0.2700"
"224.2160","0.1654","0.2700"
"224.2360","0.1654","0.2701"
"224.2560","0.1654","0.2700"
"224.2760","0.1654","0.2700"
"224.2960","0.1654","0.2701"
"224.3160","0.1654","0.2701"
"224.3360","0.1654","0.2701"
"224.3560","0.1654","0.2702"
"224.3760","0.1654","0.2701"
"224.3960","0.1654","0.2701"
"224.4160","0.1654","0.2701"
"224.4360","0.1654","0.2701"
"224.4560","0.1654","0.2701"
"224.4760","0.1654","0.2700"
"224.4960","0.1654","0.2700"
"224.5160","0.1654","0.2700"
"224.5360","0.1654","0.2700"
"224.5560","0.1654","0.2700"
"224.5760","0.1654","0.2700"
"224.5960","0.1654","0.2700"
"224.6160","0.1654","0.2700"
"224.6360","0.1654","0.2700"
"224.6560","0.1654","0.2701"
"224.6760","0.1654","0.2701"
"224.6960","0.1654","0.2701"
"224.7160","0.1654","0.2701"
"224.7360","0.1654","0.2700"
"224.7560","0.1654","0.2700"
"224.7760","0.1654","0.2700"
"224.7960","0.1654","0.2700"
"224.8160","0.1654","0.2700"
"224.8360","0.1654","0.2700"
"224.8560","0.1654","0.2700"
"224.8760","0.1654","0.2700"
"224.8960","0.1654","0.2700"
"224.9160","0.1654","0.2700"
"224.9360","0.1654","0.2700"
"224.9560","0.1654","0.2701"
"224.9760","0.1654","0.2701"
"224.9960","0.1654","0.2701"
"225.0160","0.1654","0.2700"
"225.0360","0.1654","0.2699"
"225.0560","0.1654","0.2699"
"225.0760","0.1654","0.2700"
"225.0960","0.1654","0.2700"
"225.1160","0.1654","0.2701"
"225.1360","0.1654","0.2701"
"225.1560","0.1654","0.2700"
"225.1760","0.1654","0.2700"
"225.1960","0.1654","0.2700"
"225.2160","0.1654","0.2700"
"225.2360","0.1654","0.2699"
"225.2560","0.1654","0.2699"
"225.2760","0.1654","0.2699"
"225.2960","0.1654","0.2700"
"225.3160","0.1654","0.2700"
"225.3360","0.1654","0.2701"
"225.3560","0.1654","0.2701"
"225.3760","0.1654","0.2701"
"225.3960","0.1654","0.2701"
"225.4160","0.1654","0.2700"
"225.4360","0.1654","0.2700"
"225.4560","0.1654","0.2700"
"225.4760","0.1654","0.2700"
"225.4960","0.1654","0.2700"
"225.5160","0.1654","0.2700"
"225.5360","0.1654","0.2700"
"225.5560","0.1654","0.2700"
"225.5760","0.1654","0.2699"
"225.5960","0.1654","0.2700"
"225.6160","0.1654","0.2700"
"225.6360","0.1654","0.2700"
"225.6560","0.1654","0.2700"
"225.6760","0.1654","0.2700"
"225.6960","0.1654","0.2700"
"225.7160","0.1654","0.2700"
"225.7360","0.1654","0.2700"
"225.7560","0.1654","0.2700"
"225.7760","0.1654","0.2700"
"225.7960","0.1654","0.2699"
"225.8160","0.1654","0.2700"
"225.8360","0.1654","0.2700"
"225.8560","0.1654","0.2700"
"225.8760","0.1654","0.2700"
"225.8960","0.1654","0.2700"
"225.9160","0.1654","0.2699"
"225.9360","0.1654","0.2700"
"225.9560","0.1654","0.2700"
"225.9760","0.1654","0.2700"
"225.9960","0.1654","0.2699"
"226.0160","0.1654","0.2700"
"226.0360","0.1654","0.2700"
"226.0560","0.1654","0.2700"
"226.0760","0.1654","0.2699"
"226.0960","0.1654","0.2699"
"226.1160","0.1654","0.2699"
"226.1360","0.1654","0.2700"
"226.1560","0.1654","0.2700"
"226.1760","0.1654","0.2700"
"226.1960","0.1654","0.2700"
"226.2160","0.1654","0.2699"
"226.2360","0.1654","0.2699"
"226.2560","0.1654","0.2699"
"226.2760","0.1654","0.2699"
"226.2960","0.1654","0.2700"
"226.3160","0.1654","0.2700"
"226.3360","0.1654","0.2699"
"226.3560","0.1654","0.2698"
"226.3760","0.1654","0.2698"
"226.3960","0.1654","0.2699"
"226.4160","0.1654","0.2700"
"226.4360","0.1654","0.2700"
"226.4560","0.1654","0.2700"
"226.4760","0.1654","0.2700"
"226.4960","0.1654","0.2700"
"226.5160","0.1654","0.2700"
"226.5360","0.1654","0.2700"
"226.5560","0.1654","0.2699"
"226.5760","0.1654","0.2699"
"226.5960","0.1654","0.2698"
"226.6160","0.1654","0.2699"
"226.6360","0.1654","0.2699"
"226.6560","0.1654","0.2699"
"226.6760","0.1654","0.2699"
"226.6960","0.1654","0.2699"
"226.7160","0.1654","0.2699"
"226.7360","0.1654","0.2699"
"226.7560","0.1654","0.2698"
"226.7760","0.1654","0.2698"
"226.7960","0.1654","0.2698"
"226.8160","0.1654","0.2699"
"226.8360","0.1654","0.2699"
"226.8560","0.1654","0.2698"
"226.8760","0.1654","0.2698"
"226.8960","0.1654","0.2699"
"226.9160","0.1654","0.2699"
"226.9360","0.1654","0.2699"
"226.9560","0.1654","0.2698"
"226.9760","0.1654","0.2699"
"226.9960","0.1654","0.2698"
"227.0160","0.1654","0.2699"
"227.0360","0.1654","0.2699"
"227.0560","0.1654","0.2699"
"227.0760","0.1654","0.2699"
"227.0960","0.1654","0.2698"
"227.1160","0.1654","0.2698"
"227.1360","0.1654","0.2698"
"227.1560","0.1654","0.2698"
"227.1760","0.1654","0.2698"
"227.1960","0.1654","0.2698"
"227.2160","0.1654","0.2699"
"227.2360","0.1654","0.2699"
"227.2560","0.1654","0.2699"
"227.2760","0.1654","0.2699"
"227.2960","0.1654","0.2699"
"227.3160","0.1654","0.2699"
"227.3360","0.1654","0.2698"
"227.3560","0.1654","0.2698"
"227.3760","0.1654","0.2698"
"227.3960","0.1654","0.2698"
"227.4160","0.1654","0.2698"
"227.4360","0.1654","0.2698"
"227.4560","0.1654","0.2698"
"227.4760","0.1654","0.2698"
"227.4960","0.1654","0.2698"
"227.5160","0.1654","0.2698"
"227.5360","0.1654","0.2698"
"227.5560","0.1654","0.2698"
"227.5760","0.1654","0.2698"
"227.5960","0.1654","0.2698"
"227.6160","0.1654","0.2698"
"227.6360","0.1654","0.2699"
"227.6560","0.1654","0.2699"
"227.6760","0.1654","0.2698"
"227.6960","0.1654","0.2699"
"227.7160","0.1654","0.2699"
"227.7360","0.1654","0.2699"
"227.7560","0.1654","0.2698"
"227.7760","0.1654","0.2698"
"227.7960","0.1654","0.2699"
"227.8160","0.1654","0.2699"
"227.8360","0.1654","0.2698"
"227.8560","0.1654","0.2698"
"227.8760","0.1654","0.2697"
"227.8960","0.1654","0.2697"
"227.9160","0.1654","0.2698"
"227.9360","0.1654","0.2697"
"227.9560","0.1654","0.2697"
"227.9760","0.1654","0.2698"
"227.9960","0.1654","0.2698"
"228.0160","0.1654","0.2698"
"228.0360","0.1654","0.2699"
"228.0560","0.1654","0.2698"
"228.0760","0.1654","0.2697"
"228.0960","0.1654","0.2697"
"228.1160","0.1654","0.2698"
"228.1360","0.1654","0.2698"
"228.1560","0.1654","0.2698"
"228.1760","0.1654","0.2698"
"228.1960","0.1654","0.2698"
"228.2160","0.1654","0.2698"
"228.2360","0.1654","0.2697"
"228.2560","0.1654","0.2698"
"228.2760","0.1654","0.2698"
"228.2960","0.1654","0.2697"
"228.3160","0.1654","0.2698"
"228.3360","0.1654","0.2698"
"228.3560","0.1654","0.2697"
"228.3760","0.1654","0.2697"
"228.3960","0.1654","0.2697"
"228.4160","0.1654","0.2698"
"228.4360","0.1654","0.2699"
"228.4560","0.1654","0.2699"
"228.4760","0.1654","0.2698"
"228.4960","0.1654","0.2697"
"228.5160","0.1654","0.2697"
"228.5360","0.1654","0.2697"
"228.5560","0.1654","0.2697"
"228.5760","0.1654","0.2696"
"228.5960","0.1654","0.2697"
"228.6160","0.1654","0.2697"
"228.6360","0.1654","0.2697"
"228.6560","0.1654","0.2697"
"228.6760","0.1654","0.2697"
"228.6960","0.1654","0.2697"
"228.7160","0.1654","0.2697"
"228.7360","0.1654","0.2697"
"228.7560","0.1654","0.2697"
"228.7760","0.1654","0.2697"
"228.7960","0.1654","0.2697"
"228.8160","0.1654","0.2697"
"228.8360","0.1654","0.2697"
"228.8560","0.1654","0.2697"
"228.8760","0.1654","0.2698"
"228.8960","0.1654","0.2698"
"228.9160","0.1654","0.2698"
"228.9360","0.1654","0.2698"
"228.9560","0.1654","0.2698"
"228.9760","0.1654","0.2698"
"228.9960","0.1654","0.2698"
"229.0160","0.1654","0.2698"
"229.0360","0.1654","0.2697"
"229.0560","0.1654","0.2697"
"229.0760","0.1654","0.2697"
"229.0960","0.1654","0.2697"
"229.1160","0.1654","0.2696"
"229.1360","0.1654","0.2696"
"229.1560","0.1654","0.2698"
"229.1760","0.1654","0.2698"
"229.1960","0.1654","0.2697"
"229.2160","0.1654","0.2697"
"229.2360","0.1654","0.2697"
"229.2560","0.1654","0.2697"
"229.2760","0.1654","0.2697"
"229.2960","0.1654","0.2697"
"229.3160","0.1654","0.2696"
"229.3360","0.1654","0.2696"
"229.3560","0.1654","0.2697"
"229.3760","0.1654","0.2697"
"229.3960","0.1654","0.2696"
"229.4160","0.1654","0.2696"
"229.4360","0.1654","0.2696"
"229.4560","0.1654","0.2695"
"229.4760","0.1654","0.2697"
"229.4960","0.1654","0.2696"
"229.5160","0.1654","0.2696"
"229.5360","0.1654","0.2696"
"229.5560","0.1654","0.2696"
"229.5760","0.1654","0.2696"
"229.5960","0.1654","0.2696"
"229.6160","0.1654","0.2696"
"229.6360","0.1654","0.2696"
"229.6560","0.1654","0.2697"
"229.6760","0.1654","0.2696"
"229.6960","0.1654","0.2696"
"229.7160","0.1654","0.2696"
"229.7360","0.1654","0.2696"
"229.7560","0.1654","0.2696"
"229.7760","0.1654","0.2697"
"229.7960","0.1654","0.2697"
"229.8160","0.1654","0.2696"
"229.8360","0.1654","0.2696"
"229.8560","0.1654","0.2697"
"229.8760","0.1654","0.2697"
"229.8960","0.1654","0.2696"
"229.9160","0.1654","0.2696"
"229.9360","0.1654","0.2696"
"229.9560","0.1654","0.2696"
"229.9760","0.1654","0.2696"
"229.9960","0.1654","0.2695"
"230.0160","0.1654","0.2695"
"230.0360","0.1654","0.2696"
"230.0560","0.1654","0.2696"
"230.0760","0.1654","0.2695"
"230.0960","0.1654","0.2696"
"230.1160","0.1654","0.2696"
"230.1360","0.1654","0.2695"
"230.1560","0.1654","0.2695"
"230.1760","0.1654","0.2695"
"230.1960","0.1654","0.2695"
"230.2160","0.1654","0.2696"
"230.2360","0.1654","0.2696"
"230.2560","0.1654","0.2696"
"230.2760","0.1654","0.2696"
"230.2960","0.1654","0.2697"
"230.3160","0.1654","0.2697"
"230.3360","0.1654","0.2697"
"230.3560","0.1654","0.2696"
"230.3760","0.1654","0.2696"
"230.3960","0.1654","0.2695"
"230.4160","0.1654","0.2695"
"230.4360","0.1654","0.2695"
"230.4560","0.1654","0.2695"
"230.4760","0.1654","0.2696"
"230.4960","0.1654","0.2696"
"230.5160","0.1654","0.2695"
"230.5360","0.1654","0.2695"
"230.5560","0.1654","0.2696"
"230.5760","0.1654","0.2696"
"230.5960","0.1654","0.2697"
"230.6160","0.1654","0.2697"
"230.6360","0.1654","0.2695"
"230.6560","0.1654","0.2694"
"230.6760","0.1654","0.2695"
"230.6960","0.1654","0.2695"
"230.7160","0.1654","0.2695"
"230.7360","0.1654","0.2696"
"230.7560","0.1654","0.2696"
"230.7760","0.1654","0.2696"
"230.7960","0.1654","0.2696"
"230.8160","0.1654","0.2695"
"230.8360","0.1654","0.2695"
"230.8560","0.1654","0.2695"
"230.8760","0.1654","0.2696"
"230.8960","0.1654","0.2695"
"230.9160","0.1654","0.2695"
"230.9360","0.1654","0.2694"
"230.9560","0.1654","0.2695"
"230.9760","0.1654","0.2695"
"230.9960","0.1654","0.2696"
"231.0160","0.1654","0.2696"
"231.0360","0.1654","0.2696"
"231.0560","0.1654","0.2696"
"231.0760","0.1654","0.2696"
"231.0960","0.1654","0.2695"
"231.1160","0.1654","0.2695"
"231.1360","0.1654","0.2695"
"231.1560","0.1654","0.2695"
"231.1760","0.1654","0.2695"
"231.1960","0.1654","0.2694"
"231.2160","0.1654","0.2694"
"231.2360","0.1654","0.2695"
"231.2560","0.1654","0.2695"
"231.2760","0.1654","0.2694"
"231.2960","0.1654","0.2695"
"231.3160","0.1654","0.2695"
"231.3360","0.1654","0.2695"
"231.3560","0.1654","0.2695"
"231.3760","0.1654","0.2695"
"231.3960","0.1654","0.2695"
"231.4160","0.1654","0.2695"
"231.4360","0.1654","0.2695"
"231.4560","0.1654","0.2695"
"231.4760","0.1654","0.2695"
"231.4960","0.1654","0.2695"
"231.5160","0.1654","0.2695"
"231.5360","0.1654","0.2695"
"231.5560","0.1654","0.2695"
"231.5760","0.1654","0.2696"
"231.5960","0.1654","0.2695"
"231.6160","0.1654","0.2695"
"231.6360","0.1654","0.2695"
"231.6560","0.1654","0.2695"
"231.6760","0.1654","0.2695"
"231.6960","0.1654","0.2695"
"231.7160","0.1654","0.2695"
"231.7360","0.1654","0.2694"
"231.7560","0.1654","0.2694"
"231.7760","0.1654","0.2694"
"231.7960","0.1654","0.2695"
"231.8160","0.1654","0.2695"
"231.8360","0.1654","0.2694"
"231.8560","0.1654","0.2694"
"231.8760","0.1654","0.2694"
"231.8960","0.1654","0.2694"
"231.9160","0.1654","0.2694"
"231.9360","0.1654","0.2694"
"231.9560","0.1654","0.2694"
"231.9760","0.1654","0.2694"
"231.9960","0.1654","0.2694"
"232.0160","0.1654","0.2694"
"232.0360","0.1654","0.2695"
"232.0560","0.1654","0.2695"
"232.0760","0.1654","0.2695"
"232.0960","0.1654","0.2694"
"232.1160","0.1654","0.2694"
"232.1360","0.1654","0.2694"
"232.1560","0.1654","0.2695"
"232.1760","0.1654","0.2695"
"232.1960","0.1654","0.2695"
"232.2160","0.1654","0.2694"
"232.2360","0.1654","0.2694"
"232.2560","0.1654","0.2694"
"232.2760","0.1654","0.2694"
"232.2960","0.1654","0.2694"
"232.3160","0.1654","0.2694"
"232.3360","0.1654","0.2694"
"232.3560","0.1654","0.2694"
"232.3760","0.1654","0.2694"
"232.3960","0.1654","0.2694"
"232.4160","0.1654","0.2695"
"232.4360","0.1654","0.2695"
"232.4560","0.1654","0.2694"
"232.4760","0.1654","0.2694"
"232.4960","0.1654","0.2694"
"232.5160","0.1654","0.2694"
"232.5360","0.1654","0.2694"
"232.5560","0.1654","0.2694"
"232.5760","0.1654","0.2694"
"232.5960","0.1654","0.2694"
"232.6160","0.1654","0.2694"
"232.6360","0.1654","0.2694"
"232.6560","0.1654","0.2694"
"232.6760","0.1654","0.2695"
"232.6960","0.1654","0.2694"
"232.7160","0.1654","0.2694"
"232.7360","0.1654","0.2694"
"232.7560","0.1654","0.2693"
"232.7760","0.1654","0.2694"
"232.7960","0.1654","0.2694"
"232.8160","0.1654","0.2693"
"232.8360","0.1654","0.2693"
"232.8560","0.1654","0.2695"
"232.8760","0.1654","0.2695"
"232.8960","0.1654","0.2695"
"232.9160","0.1654","0.2694"
"232.9360","0.1654","0.2694"
"232.9560","0.1654","0.2694"
"232.9760","0.1654","0.2694"
"232.9960","0.1654","0.2694"
"233.0160","0.1654","0.2693"
"233.0360","0.1654","0.2694"
"233.0560","0.1654","0.2693"
"233.0760","0.1654","0.2693"
"233.0960","0.1654","0.2694"
"233.1160","0.1654","0.2693"
"233.1360","0.1654","0.2693"
"233.1560","0.1654","0.2694"
"233.1760","0.1654","0.2694"
"233.1960","0.1654","0.2694"
"233.2160","0.1654","0.2694"
"233.2360","0.1654","0.2694"
"233.2560","0.1654","0.2694"
"233.2760","0.1654","0.2693"
"233.2960","0.1654","0.2693"
"233.3160","0.1654","0.2693"
"233.3360","0.1654","0.2694"
"233.3560","0.1654","0.2694"
"233.3760","0.1654","0.2693"
"233.3960","0.1654","0.2693"
"233.4160","0.1654","0.2694"
"233.4360","0.1654","0.2693"
"233.4560","0.1654","0.2694"
"233.4760","0.1654","0.2694"
"233.4960","0.1654","0.2694"
"233.5160","0.1654","0.2693"
"233.5360","0.1654","0.2692"
"233.5560","0.1654","0.2693"
"233.5760","0.1654","0.2693"
"233.5960","0.1654","0.2694"
"233.6160","0.1654","0.2693"
"233.6360","0.1654","0.2693"
"233.6560","0.1654","0.2693"
"233.6760","0.1654","0.2693"
"233.6960","0.1654","0.2693"
"233.7160","0.1654","0.2693"
"233.7360","0.1654","0.2693"
"233.7560","0.1654","0.2693"
"233.7760","0.1654","0.2694"
"233.7960","0.1654","0.2694"
"233.8160","0.1654","0.2694"
"233.8360","0.1654","0.2693"
"233.8560","0.1654","0.2694"
"233.8760","0.1654","0.2694"
"233.8960","0.1654","0.2693"
"233.9160","0.1654","0.2693"
"233.9360","0.1654","0.2693"
"233.9560","0.1654","0.2693"
"233.9760","0.1654","0.2692"
"233.9960","0.1654","0.2692"
"234.0160","0.1654","0.2692"
"234.0360","0.1654","0.2692"
"234.0560","0.1654","0.2692"
"234.0760","0.1654","0.2693"
"234.0960","0.1654","0.2693"
"234.1160","0.1654","0.2692"
"234.1360","0.1654","0.2692"
"234.1560","0.1654","0.2692"
"234.1760","0.1654","0.2692"
"234.1960","0.1654","0.2692"
"234.2160","0.1654","0.2692"
"234.2360","0.1654","0.2693"
"234.2560","0.1654","0.2692"
"234.2760","0.1654","0.2693"
"234.2960","0.1654","0.2693"
"234.3160","0.1654","0.2692"
"234.3360","0.1654","0.2692"
"234.3560","0.1654","0.2692"
"234.3760","0.1654","0.2692"
"234.3960","0.1654","0.2691"
"234.4160","0.1654","0.2692"
"234.4360","0.1654","0.2693"
"234.4560","0.1654","0.2692"
"234.4760","0.1654","0.2692"
"234.4960","0.1654","0.2693"
"234.5160","0.1654","0.2693"
"234.5360","0.1654","0.2693"
"234.5560","0.1654","0.2692"
"234.5760","0.1654","0.2692"
"234.5960","0.1654","0.2692"
"234.6160","0.1654","0.2692"
"234.6360","0.1654","0.2692"
"234.6560","0.1654","0.2692"
"234.6760","0.1654","0.2692"
"234.6960","0.1654","0.2691"
"234.7160","0.1654","0.2692"
"234.7360","0.1654","0.2692"
"234.7560","0.1654","0.2692"
"234.7760","0.1654","0.2692"
"234.7960","0.1654","0.2691"
"234.8160","0.1654","0.2692"
"234.8360","0.1654","0.2693"
"234.8560","0.1654","0.2692"
"234.8760","0.1654","0.2691"
"234.8960","0.1654","0.2692"
"234.9160","0.1654","0.2693"
"234.9360","0.1654","0.2693"
"234.9560","0.1654","0.2692"
"234.9760","0.1654","0.2692"
"234.9960","0.1654","0.2692"
"235.0160","0.1654","0.2692"
"235.0360","0.1654","0.2692"
"235.0560","0.1654","0.2692"
"235.0760","0.1654","0.2691"
"235.0960","0.1654","0.2692"
"235.1160","0.1654","0.2692"
"235.1360","0.1654","0.2691"
"235.1560","0.1654","0.2691"
"235.1760","0.1654","0.2690"
"235.1960","0.1654","0.2691"
"235.2160","0.1654","0.2692"
"235.2360","0.1654","0.2692"
"235.2560","0.1654","0.2691"
"235.2760","0.1654","0.2691"
"235.2960","0.1654","0.2692"
"235.3160","0.1654","0.2693"
"235.3360","0.1654","0.2692"
"235.3560","0.1654","0.2692"
"235.3760","0.1654","0.2691"
"235.3960","0.1654","0.2692"
"235.4160","0.1654","0.2691"
"235.4360","0.1654","0.2691"
"235.4560","0.1654","0.2692"
"235.4760","0.1654","0.2692"
"235.4960","0.1654","0.2692"
"235.5160","0.1654","0.2692"
"235.5360","0.1654","0.2692"
"235.5560","0.1654","0.2692"
"235.5760","0.1654","0.2692"
"235.5960","0.1654","0.2692"
"235.6160","0.1654","0.2691"
"235.6360","0.1654","0.2691"
"235.6560","0.1654","0.2691"
"235.6760","0.1654","0.2691"
"235.6960","0.1654","0.2690"
"235.7160","0.1654","0.2690"
"235.7360","0.1654","0.2690"
"235.7560","0.1654","0.2691"
"235.7760","0.1654","0.2692"
"235.7960","0.1654","0.2691"
"235.8160","0.1654","0.2691"
"235.8360","0.1654","0.2691"
"235.8560","0.1654","0.2691"
"235.8760","0.1654","0.2691"
"235.8960","0.1654","0.2692"
"235.9160","0.1654","0.2691"
"235.9360","0.1654","0.2691"
"235.9560","0.1654","0.2691"
"235.9760","0.1654","0.2692"
"235.9960","0.1654","0.2692"
"236.0160","0.1654","0.2692"
"236.0360","0.1654","0.2692"
"236.0560","0.1654","0.2691"
"236.0760","0.1654","0.2691"
"236.0960","0.1654","0.2692"
"236.1160","0.1654","0.2692"
"236.1360","0.1654","0.2692"
"236.1560","0.1654","0.2691"
"236.1760","0.1654","0.2691"
"236.1960","0.1654","0.2691"
"236.2160","0.1654","0.2690"
"236.2360","0.1654","0.2690"
"236.2560","0.1654","0.2691"
"236.2760","0.1654","0.2691"
"236.2960","0.1654","0.2690"
"236.3160","0.1654","0.2690"
"236.3360","0.1654","0.2691"
"236.3560","0.1654","0.2691"
"236.3760","0.1654","0.2691"
"236.3960","0.1654","0.2691"
"236.4160","0.1654","0.2691"
"236.4360","0.1654","0.2691"
"236.4560","0.1654","0.2691"
"236.4760","0.1654","0.2691"
"236.4960","0.1654","0.2690"
"236.5160","0.1654","0.2690"
"236.5360","0.1654","0.2691"
"236.5560","0.1654","0.2691"
"236.5760","0.1654","0.2691"
"236.5960","0.1654","0.2690"
"236.6160","0.1654","0.2690"
"236.6360","0.1654","0.2690"
"236.6560","0.1654","0.2691"
"236.6760","0.1654","0.2691"
"236.6960","0.1654","0.2691"
"236.7160","0.1654","0.2690"
"236.7360","0.1654","0.2690"
"236.7560","0.1654","0.2690"
"236.7760","0.1654","0.2690"
"236.7960","0.1654","0.2690"
"236.8160","0.1654","0.2690"
"236.8360","0.1654","0.2690"
"236.8560","0.1654","0.2690"
"236.8760","0.1654","0.2690"
"236.8960","0.1654","0.2691"
"236.9160","0.1654","0.2691"
"236.9360","0.1654","0.2691"
"236.9560","0.1654","0.2690"
"236.9760","0.1654","0.2689"
"236.9960","0.1654","0.2690"
"237.0160","0.1654","0.2690"
"237.0360","0.1654","0.2690"
"237.0560","0.1654","0.2691"
"237.0760","0.1654","0.2690"
"237.0960","0.1654","0.2690"
"237.1160","0.1654","0.2690"
"237.1360","0.1654","0.2690"
"237.1560","0.1654","0.2690"
"237.1760","0.1654","0.2691"
"237.1960","0.1654","0.2690"
"237.2160","0.1654","0.2691"
"237.2360","0.1654","0.2691"
"237.2560","0.1654","0.2691"
"237.2760","0.1654","0.2691"
"237.2960","0.1654","0.2691"
"237.3160","0.1654","0.2691"
"237.3360","0.1654","0.2690"
"237.3560","0.1654","0.2690"
"237.3760","0.1654","0.2689"
"237.3960","0.1654","0.2689"
"237.4160","0.1654","0.2690"
"237.4360","0.1654","0.2690"
"237.4560","0.1654","0.2690"
"237.4760","0.1654","0.2690"
"237.4960","0.1654","0.2690"
"237.5160","0.1654","0.2690"
"237.5360","0.1654","0.2690"
"237.5560","0.1654","0.2691"
"237.5760","0.1654","0.2690"
"237.5960","0.1654","0.2690"
"237.6160","0.1654","0.2690"
"237.6360","0.1654","0.2690"
"237.6560","0.1654","0.2689"
"237.6760","0.1654","0.2690"
"237.6960","0.1654","0.2690"
"237.7160","0.1654","0.2691"
"237.7360","0.1654","0.2690"
"237.7560","0.1654","0.2689"
"237.7760","0.1654","0.2689"
"237.7960","0.1654","0.2688"
"237.8160","0.1654","0.2688"
"237.8360","0.1654","0.2689"
"237.8560","0.1654","0.2690"
"237.8760","0.1654","0.2689"
"237.8960","0.1654","0.2690"
"237.9160","0.1654","0.2691"
"237.9360","0.1654","0.2690"
"237.9560","0.1654","0.2689"
"237.9760","0.1654","0.2689"
"237.9960","0.1654","0.2689"
"238.0160","0.1654","0.2689"
"238.0360","0.1654","0.2689"
"238.0560","0.1654","0.2689"
"238.0760","0.1654","0.2689"
"238.0960","0.1654","0.2690"
"238.1160","0.1654","0.2689"
"238.1360","0.1654","0.2688"
"238.1560","0.1654","0.2689"
"238.1760","0.1654","0.2689"
"238.1960","0.1654","0.2689"
"238.2160","0.1654","0.2690"
"238.2360","0.1654","0.2690"
"238.2560","0.1654","0.2690"
"238.2760","0.1654","0.2689"
"238.2960","0.1654","0.2689"
"238.3160","0.1654","0.2688"
"238.3360","0.1654","0.2688"
"238.3560","0.1654","0.2690"
"238.3760","0.1654","0.2690"
"238.3960","0.1654","0.2690"
"238.4160","0.1654","0.2690"
"238.4360","0.1654","0.2689"
"238.4560","0.1654","0.2689"
"238.4760","0.1654","0.2689"
"238.4960","0.1654","0.2688"
"238.5160","0.1654","0.2689"
"238.5360","0.1654","0.2690"
"238.5560","0.1654","0.2689"
"238.5760","0.1654","0.2689"
"238.5960","0.1654","0.2689"
"238.6160","0.1654","0.2689"
"238.6360","0.1654","0.2689"
"238.6560","0.1654","0.2688"
"238.6760","0.1654","0.2689"
"238.6960","0.1654","0.2689"
"238.7160","0.1654","0.2690"
"238.7360","0.1654","0.2690"
"238.7560","0.1654","0.2689"
"238.7760","0.1654","0.2689"
"238.7960","0.1654","0.2689"
"238.8160","0.1654","0.2689"
"238.8360","0.1654","0.2688"
"238.8560","0.1654","0.2687"
"238.8760","0.1654","0.2688"
"238.8960","0.1654","0.2688"
"238.9160","0.1654","0.2688"
"238.9360","0.1654","0.2688"
"238.9560","0.1654","0.2688"
"238.9760","0.1654","0.2688"
"238.9960","0.1654","0.2688"
"239.0160","0.1654","0.2689"
"239.0360","0.1654","0.2688"
"239.0560","0.1654","0.2688"
"239.0760","0.1654","0.2688"
"239.0960","0.1654","0.2688"
"239.1160","0.1654","0.2688"
"239.1360","0.1654","0.2689"
"239.1560","0.1654","0.2689"
"239.1760","0.1654","0.2690"
"239.1960","0.1654","0.2689"
"239.2160","0.1654","0.2688"
"239.2360","0.1654","0.2688"
"239.2560","0.1654","0.2689"
"239.2760","0.1654","0.2689"
"239.2960","0.1654","0.2688"
"239.3160","0.1654","0.2688"
"239.3360","0.1654","0.2688"
"239.3560","0.1654","0.2688"
"239.3760","0.1654","0.2688"
"239.3960","0.1654","0.2688"
"239.4160","0.1654","0.2688"
"239.4360","0.1654","0.2688"
"239.4560","0.1654","0.2688"
"239.4760","0.1654","0.2688"
"239.4960","0.1654","0.2688"
"239.5160","0.1654","0.2688"
"239.5360","0.1654","0.2689"
"239.5560","0.1654","0.2688"
"239.5760","0.1654","0.2688"
"239.5960","0.1654","0.2688"
"239.6160","0.1654","0.2687"
"239.6360","0.1654","0.2687"
"239.6560","0.1654","0.2688"
"239.6760","0.1654","0.2688"
"239.6960","0.1654","0.2689"
"239.7160","0.1654","0.2689"
"239.7360","0.1654","0.2689"
"239.7560","0.1654","0.2688"
"239.7760","0.1654","0.2688"
"239.7960","0.1654","0.2688"
"239.8160","0.1654","0.2688"
"239.8360","0.1654","0.2687"
"239.8560","0.1654","0.2688"
"239.8760","0.1654","0.2687"
"239.8960","0.1654","0.2687"
"239.9160","0.1654","0.2687"
"239.9360","0.1654","0.2689"
"239.9560","0.1654","0.2688"
"239.9760","0.1654","0.2689"
"239.9960","0.1654","0.2688"
"240.0160","0.1654","0.2688"
"240.0360","0.1654","0.2688"
"240.0560","0.1654","0.2688"
"240.0760","0.1654","0.2688"
"240.0960","0.1654","0.2688"
"240.1160","0.1654","0.2687"
"240.1360","0.1654","0.2688"
"240.1560","0.1654","0.2688"
"240.1760","0.1654","0.2688"
"240.1960","0.1654","0.2688"
"240.2160","0.1654","0.2689"
"240.2360","0.1654","0.2688"
"240.2560","0.1654","0.2688"
"240.2760","0.1654","0.2688"
"240.2960","0.1654","0.2688"
"240.3160","0.1654","0.2688"
"240.3360","0.1654","0.2687"
"240.3560","0.1654","0.2687"
"240.3760","0.1654","0.2687"
"240.3960","0.1654","0.2688"
"240.4160","0.1654","0.2688"
"240.4360","0.1654","0.2687"
"240.4560","0.1654","0.2687"
"240.4760","0.1654","0.2687"
"240.4960","0.1654","0.2687"
"240.5160","0.1654","0.2687"
"240.5360","0.1654","0.2688"
"240.5560","0.1654","0.2687"
"240.5760","0.1654","0.2687"
"240.5960","0.1654","0.2687"
"240.6160","0.1654","0.2686"
"240.6360","0.1654","0.2687"
"240.6560","0.1654","0.2687"
"240.6760","0.1654","0.2687"
"240.6960","0.1654","0.2686"
"240.7160","0.1654","0.2688"
"240.7360","0.1654","0.2687"
"240.7560","0.1654","0.2687"
"240.7760","0.1654","0.2686"
"240.7960","0.1654","0.2686"
"240.8160","0.1654","0.2686"
"240.8360","0.1654","0.2686"
"240.8560","0.1654","0.2686"
"240.8760","0.1654","0.2687"
"240.8960","0.1654","0.2687"
"240.9160","0.1654","0.2687"
"240.9360","0.1654","0.2687"
"240.9560","0.1654","0.2687"
"240.9760","0.1654","0.2686"
"240.9960","0.1654","0.2687"
"241.0160","0.1654","0.2687"
"241.0360","0.1654","0.2687"
"241.0560","0.1654","0.2687"
"241.0760","0.1654","0.2687"
"241.0960","0.1654","0.2687"
"241.1160","0.1654","0.2686"
"241.1360","0.1654","0.2687"
"241.1560","0.1654","0.2687"
"241.1760","0.1654","0.2687"
"241.1960","0.1654","0.2687"
"241.2160","0.1654","0.2686"
"241.2360","0.1654","0.2686"
"241.2560","0.1654","0.2687"
"241.2760","0.1654","0.2687"
"241.2960","0.1654","0.2688"
"241.3160","0.1654","0.2687"
"241.3360","0.1654","0.2687"
"241.3560","0.1654","0.2687"
"241.3760","0.1654","0.2687"
"241.3960","0.1654","0.2687"
"241.4160","0.1654","0.2687"
"241.4360","0.1654","0.2687"
"241.4560","0.1654","0.2686"
"241.4760","0.1654","0.2686"
"241.4960","0.1654","0.2686"
"241.5160","0.1654","0.2686"
"241.5360","0.1654","0.2686"
"241.5560","0.1654","0.2686"
"241.5760","0.1654","0.2686"
"241.5960","0.1654","0.2687"
"241.6160","0.1654","0.2686"
"241.6360","0.1654","0.2686"
"241.6560","0.1654","0.2686"
"241.6760","0.1654","0.2687"
"241.6960","0.1654","0.2686"
"241.7160","0.1654","0.2686"
"241.7360","0.1654","0.2686"
"241.7560","0.1654","0.2687"
"241.7760","0.1654","0.2687"
"241.7960","0.1654","0.2687"
"241.8160","0.1654","0.2687"
"241.8360","0.1654","0.2687"
"241.8560","0.1654","0.2687"
"241.8760","0.1654","0.2687"
"241.8960","0.1654","0.2686"
"241.9160","0.1654","0.2686"
"241.9360","0.1654","0.2686"
"241.9560","0.1654","0.2686"
"241.9760","0.1654","0.2686"
"241.9960","0.1654","0.2687"
"242.0160","0.1654","0.2687"
"242.0360","0.1654","0.2687"
"242.0560","0.1654","0.2687"
"242.0760","0.1654","0.2687"
"242.0960","0.1654","0.2686"
"242.1160","0.1654","0.2686"
"242.1360","0.1654","0.2686"
"242.1560","0.1654","0.2686"
"242.1760","0.1654","0.2686"
"242.1960","0.1654","0.2686"
"242.2160","0.1654","0.2686"
"242.2360","0.1654","0.2686"
"242.2560","0.1654","0.2686"
"242.2760","0.1654","0.2686"
"242.2960","0.1654","0.2687"
"242.3160","0.1654","0.2686"
"242.3360","0.1654","0.2686"
"242.3560","0.1654","0.2685"
"242.3760","0.1654","0.2685"
"242.3960","0.1654","0.2686"
"242.4160","0.1654","0.2686"
"242.4360","0.1654","0.2686"
"242.4560","0.1654","0.2685"
"242.4760","0.1654","0.2685"
"242.4960","0.1654","0.2685"
"242.5160","0.1654","0.2685"
"242.5360","0.1654","0.2685"
"242.5560","0.1654","0.2686"
"242.5760","0.1654","0.2686"
"242.5960","0.1654","0.2685"
"242.6160","0.1654","0.2686"
"242.6360","0.1654","0.2686"
"242.6560","0.1654","0.2686"
"242.6760","0.1654","0.2687"
"242.6960","0.1654","0.2687"
"242.7160","0.1654","0.2686"
"242.7360","0.1654","0.2685"
"242.7560","0.1654","0.2686"
"242.7760","0.1654","0.2686"
"242.7960","0.1654","0.2685"
"242.8160","0.1654","0.2685"
"242.8360","0.1654","0.2685"
"242.8560","0.1654","0.2685"
"242.8760","0.1654","0.2686"
"242.8960","0.1654","0.2686"
"242.9160","0.1654","0.2686"
"242.9360","0.1654","0.2686"
"242.9560","0.1654","0.2685"
"242.9760","0.1654","0.2685"
"242.9960","0.1654","0.2685"
"243.0160","0.1654","0.2685"
"243.0360","0.1654","0.2685"
"243.0560","0.1654","0.2685"
"243.0760","0.1654","0.2686"
"243.0960","0.1654","0.2685"
"243.1160","0.1654","0.2686"
"243.1360","0.1654","0.2685"
"243.1560","0.1654","0.2685"
"243.1760","0.1654","0.2685"
"243.1960","0.1654","0.2685"
"243.2160","0.1654","0.2684"
"243.2360","0.1654","0.2685"
"243.2560","0.1654","0.2685"
"243.2760","0.1654","0.2685"
"243.2960","0.1654","0.2685"
"243.3160","0.1654","0.2685"
"243.3360","0.1654","0.2686"
"243.3560","0.1654","0.2686"
"243.3760","0.1654","0.2686"
"243.3960","0.1654","0.2686"
"243.4160","0.1654","0.2685"
"243.4360","0.1654","0.2684"
"243.4560","0.1654","0.2684"
"243.4760","0.1654","0.2685"
"243.4960","0.1654","0.2685"
"243.5160","0.1654","0.2685"
"243.5360","0.1654","0.2685"
"243.5560","0.1654","0.2685"
"243.5760","0.1654","0.2684"
"243.5960","0.1654","0.2685"
"243.6160","0.1654","0.2684"
"243.6360","0.1654","0.2685"
"243.6560","0.1654","0.2685"
"243.6760","0.1654","0.2684"
"243.6960","0.1654","0.2685"
"243.7160","0.1654","0.2685"
"243.7360","0.1654","0.2685"
"243.7560","0.1654","0.2686"
"243.7760","0.1654","0.2685"
"243.7960","0.1654","0.2685"
"243.8160","0.1654","0.2685"
"243.8360","0.1654","0.2684"
"243.8560","0.1654","0.2685"
"243.8760","0.1654","0.2685"
"243.8960","0.1654","0.2685"
"243.9160","0.1654","0.2685"
"243.9360","0.1654","0.2685"
"243.9560","0.1654","0.2685"
"243.9760","0.1654","0.2685"
"243.9960","0.1654","0.2685"
"244.0160","0.1654","0.2685"
"244.0360","0.1654","0.2685"
"244.0560","0.1654","0.2685"
"244.0760","0.1654","0.2685"
"244.0960","0.1654","0.2684"
"244.1160","0.1654","0.2684"
"244.1360","0.1654","0.2685"
"244.1560","0.1654","0.2685"
"244.1760","0.1654","0.2685"
"244.1960","0.1654","0.2684"
"244.2160","0.1654","0.2684"
"244.2360","0.1654","0.2684"
"244.2560","0.1654","0.2684"
"244.2760","0.1654","0.2685"
"244.2960","0.1654","0.2685"
"244.3160","0.1654","0.2684"
"244.3360","0.1654","0.2684"
"244.3560","0.1654","0.2684"
"244.3760","0.1654","0.2684"
"244.3960","0.1654","0.2684"
"244.4160","0.1654","0.2684"
"244.4360","0.1654","0.2685"
"244.4560","0.1654","0.2685"
"244.4760","0.1654","0.2684"
"244.4960","0.1654","0.2684"
"244.5160","0.1654","0.2684"
"244.5360","0.1654","0.2685"
"244.5560","0.1654","0.2684"
"244.5760","0.1654","0.2685"
"244.5960","0.1654","0.2685"
"244.6160","0.1654","0.2684"
"244.6360","0.1654","0.2684"
"244.6560","0.1654","0.2684"
"244.6760","0.1654","0.2683"
"244.6960","0.1654","0.2683"
"244.7160","0.1654","0.2684"
"244.7360","0.1654","0.2684"
"244.7560","0.1654","0.2683"
"244.7760","0.1654","0.2682"
"244.7960","0.1654","0.2683"
"244.8160","0.1654","0.2684"
"244.8360","0.1654","0.2684"
"244.8560","0.1654","0.2684"
"244.8760","0.1654","0.2684"
"244.8960","0.1654","0.2684"
"244.9160","0.1654","0.2683"
"244.9360","0.1654","0.2682"
"244.9560","0.1654","0.2682"
"244.9760","0.1654","0.2684"
"244.9960","0.1654","0.2684"
"245.0160","0.1654","0.2684"
"245.0360","0.1654","0.2683"
"245.0560","0.1654","0.2683"
"245.0760","0.1654","0.2683"
"245.0960","0.1654","0.2684"
"245.1160","0.1654","0.2684"
"245.1360","0.1654","0.2684"
"245.1560","0.1654","0.2684"
"245.1760","0.1654","0.2683"
"245.1960","0.1654","0.2683"
"245.2160","0.1654","0.2684"
"245.2360","0.1654","0.2683"
"245.2560","0.1654","0.2683"
"245.2760","0.1654","0.2683"
"245.2960","0.1654","0.2683"
"245.3160","0.1654","0.2683"
"245.3360","0.1654","0.2683"
"245.3560","0.1654","0.2683"
"245.3760","0.1654","0.2683"
"245.3960","0.1654","0.2682"
"245.4160","0.1654","0.2683"
"245.4360","0.1654","0.2683"
"245.4560","0.1654","0.2684"
"245.4760","0.1654","0.2684"
"245.4960","0.1654","0.2683"
"245.5160","0.1654","0.2684"
"245.5360","0.1654","0.2685"
"245.5560","0.1654","0.2684"
"245.5760","0.1654","0.2684"
"245.5960","0.1654","0.2683"
"245.6160","0.1654","0.2683"
"245.6360","0.1654","0.2683"
"245.6560","0.1654","0.2683"
"245.6760","0.1654","0.2682"
"245.6960","0.1654","0.2683"
"245.7160","0.1654","0.2683"
"245.7360","0.1654","0.2683"
"245.7560","0.1654","0.2682"
"245.7760","0.1654","0.2683"
"245.7960","0.1654","0.2683"
"245.8160","0.1654","0.2683"
"245.8360","0.1654","0.2683"
"245.8560","0.1654","0.2682"
"245.8760","0.1654","0.2682"
"245.8960","0.1654","0.2683"
"245.9160","0.1654","0.2684"
"245.9360","0.1654","0.2684"
"245.9560","0.1654","0.2683"
"245.9760","0.1654","0.2682"
"245.9960","0.1654","0.2683"
"246.0160","0.1654","0.2683"
"246.0360","0.1654","0.2683"
"246.0560","0.1654","0.2682"
"246.0760","0.1654","0.2682"
"246.0960","0.1654","0.2682"
"246.1160","0.1654","0.2682"
"246.1360","0.1654","0.2682"
"246.1560","0.1654","0.2682"
"246.1760","0.1654","0.2682"
"246.1960","0.1654","0.2683"
"246.2160","0.1654","0.2683"
"246.2360","0.1654","0.2683"
"246.2560","0.1654","0.2683"
"246.2760","0.1654","0.2683"
"246.2960","0.1654","0.2683"
"246.3160","0.1654","0.2683"
"246.3360","0.1654","0.2684"
"246.3560","0.1654","0.2683"
"246.3760","0.1654","0.2682"
"246.3960","0.1654","0.2682"
"246.4160","0.1654","0.2683"
"246.4360","0.1654","0.2683"
"246.4560","0.1654","0.2682"
"246.4760","0.1654","0.2682"
"246.4960","0.1654","0.2682"
"246.5160","0.1654","0.2682"
"246.5360","0.1654","0.2682"
"246.5560","0.1654","0.2682"
"246.5760","0.1654","0.2682"
"246.5960","0.1654","0.2681"
"246.6160","0.1654","0.2682"
"246.6360","0.1654","0.2682"
"246.6560","0.1654","0.2681"
"246.6760","0.1654","0.2682"
"246.6960","0.1654","0.2682"
"246.7160","0.1654","0.2682"
"246.7360","0.1654","0.2682"
"246.7560","0.1654","0.2683"
"246.7760","0.1654","0.2683"
"246.7960","0.1654","0.2683"
"246.8160","0.1654","0.2682"
"246.8360","0.1654","0.2682"
"246.8560","0.1654","0.2682"
"246.8760","0.1654","0.2682"
"246.8960","0.1654","0.2682"
"246.9160","0.1654","0.2682"
"246.9360","0.1654","0.2683"
"246.9560","0.1654","0.2683"
"246.9760","0.1654","0.2683"
"246.9960","0.1654","0.2683"
"247.0160","0.1654","0.2683"
"247.0360","0.1654","0.2682"
"247.0560","0.1654","0.2682"
"247.0760","0.1654","0.2681"
"247.0960","0.1654","0.2682"
"247.1160","0.1654","0.2682"
"247.1360","0.1654","0.2682"
"247.1560","0.1654","0.2682"
"247.1760","0.1654","0.2681"
"247.1960","0.1654","0.2682"
"247.2160","0.1654","0.2683"
"247.2360","0.1654","0.2682"
"247.2560","0.1654","0.2681"
"247.2760","0.1654","0.2681"
"247.2960","0.1654","0.2681"
"247.3160","0.1654","0.2680"
"247.3360","0.1654","0.2681"
"247.3560","0.1654","0.2682"
"247.3760","0.1654","0.2682"
"247.3960","0.1654","0.2683"
"247.4160","0.1654","0.2682"
"247.4360","0.1654","0.2682"
"247.4560","0.1654","0.2682"
"247.4760","0.1654","0.2682"
"247.4960","0.1654","0.2682"
"247.5160","0.1654","0.2681"
"247.5360","0.1654","0.2682"
"247.5560","0.1654","0.2681"
"247.5760","0.1654","0.2681"
"247.5960","0.1654","0.2681"
"247.6160","0.1654","0.2681"
"247.6360","0.1654","0.2681"
"247.6560","0.1654","0.2682"
"247.6760","0.1654","0.2682"
"247.6960","0.1654","0.2682"
"247.7160","0.1654","0.2682"
"247.7360","0.1654","0.2682"
"247.7560","0.1654","0.2681"
"247.7760","0.1654","0.2681"
"247.7960","0.1654","0.2680"
"247.8160","0.1654","0.2680"
"247.8360","0.1654","0.2681"
"247.8560","0.1654","0.2682"
"247.8760","0.1654","0.2683"
"247.8960","0.1654","0.2682"
"247.9160","0.1654","0.2682"
"247.9360","0.1654","0.2682"
"247.9560","0.1654","0.2681"
"247.9760","0.1654","0.2681"
"247.9960","0.1654","0.2681"
"248.0160","0.1654","0.2681"
"248.0360","0.1654","0.2681"
"248.0560","0.1654","0.2680"
"248.0760","0.1654","0.2681"
"248.0960","0.1654","0.2681"
"248.1160","0.1654","0.2681"
"248.1360","0.1654","0.2682"
"248.1560","0.1654","0.2681"
"248.1760","0.1654","0.2681"
"248.1960","0.1654","0.2681"
"248.2160","0.1654","0.2681"
"248.2360","0.1654","0.2681"
"248.2560","0.1654","0.2681"
"248.2760","0.1654","0.2681"
"248.2960","0.1654","0.2680"
"248.3160","0.1654","0.2680"
"248.3360","0.1654","0.2680"
"248.3560","0.1654","0.2681"
"248.3760","0.1654","0.2681"
"248.3960","0.1654","0.2682"
"248.4160","0.1654","0.2681"
"248.4360","0.1654","0.2682"
"248.4560","0.1654","0.2682"
"248.4760","0.1654","0.2681"
"248.4960","0.1654","0.2681"
"248.5160","0.1654","0.2681"
"248.5360","0.1654","0.2681"
"248.5560","0.1654","0.2681"
"248.5760","0.1654","0.2680"
"248.5960","0.1654","0.2681"
"248.6160","0.1654","0.2681"
"248.6360","0.1654","0.2681"
"248.6560","0.1654","0.2680"
"248.6760","0.1654","0.2680"
"248.6960","0.1654","0.2680"
"248.7160","0.1654","0.2680"
"248.7360","0.1654","0.2680"
"248.7560","0.1654","0.2680"
"248.7760","0.1654","0.2680"
"248.7960","0.1654","0.2680"
"248.8160","0.1654","0.2680"
"248.8360","0.1654","0.2681"
"248.8560","0.1654","0.2681"
"248.8760","0.1654","0.2681"
"248.8960","0.1654","0.2681"
"248.9160","0.1654","0.2680"
"248.9360","0.1654","0.2680"
"248.9560","0.1654","0.2680"
"248.9760","0.1654","0.2680"
"248.9960","0.1654","0.2680"
"249.0160","0.1654","0.2681"
"249.0360","0.1654","0.2680"
"249.0560","0.1654","0.2680"
"249.0760","0.1654","0.2681"
"249.0960","0.1654","0.2680"
"249.1160","0.1654","0.2681"
"249.1360","0.1654","0.2680"
"249.1560","0.1654","0.2680"
"249.1760","0.1654","0.2681"
"249.1960","0.1654","0.2681"
"249.2160","0.1654","0.2681"
"249.2360","0.1654","0.2681"
"249.2560","0.1654","0.2680"
"249.2760","0.1654","0.2680"
"249.2960","0.1654","0.2680"
"249.3160","0.1654","0.2680"
"249.3360","0.1654","0.2680"
"249.3560","0.1654","0.2680"
"249.3760","0.1654","0.2681"
"249.3960","0.1654","0.2682"
"249.4160","0.1654","0.2681"
"249.4360","0.1654","0.2681"
"249.4560","0.1654","0.2681"
"249.4760","0.1654","0.2680"
"249.4960","0.1654","0.2679"
"249.5160","0.1654","0.2679"
"249.5360","0.1654","0.2679"
"249.5560","0.1654","0.2679"
"249.5760","0.1654","0.2680"
"249.5960","0.1654","0.2680"
"249.6160","0.1654","0.2680"
"249.6360","0.1654","0.2680"
"249.6560","0.1654","0.2680"
"249.6760","0.1654","0.2679"
"249.6960","0.1654","0.2678"
"249.7160","0.1654","0.2679"
"249.7360","0.1654","0.2679"
"249.7560","0.1654","0.2680"
"249.7760","0.1654","0.2680"
"249.7960","0.1654","0.2680"
"249.8160","0.1654","0.2681"
"249.8360","0.1654","0.2680"
"249.8560","0.1654","0.2680"
"249.8760","0.1654","0.2680"
"249.8960","0.1654","0.2680"
"249.9160","0.1654","0.2680"
"249.9360","0.1654","0.2680"
"249.9560","0.1654","0.2680"
"249.9760","0.1654","0.2679"
"249.9960","0.1654","0.2679"
"250.0160","0.1654","0.2678"
"250.0360","0.1654","0.2678"
"250.0560","0.1654","0.2679"
"250.0760","0.1654","0.2679"
"250.0960","0.1654","0.2679"
"250.1160","0.1654","0.2679"
"250.1360","0.1654","0.2679"
"250.1560","0.1654","0.2680"
"250.1760","0.1654","0.2680"
"250.1960","0.1654","0.2679"
"250.2160","0.1654","0.2679"
"250.2360","0.1654","0.2679"
"250.2560","0.1654","0.2679"
"250.2760","0.1654","0.2678"
"250.2960","0.1654","0.2679"
"250.3160","0.1654","0.2679"
"250.3360","0.1654","0.2680"
"250.3560","0.1654","0.2678"
"250.3760","0.1654","0.2678"
"250.3960","0.1654","0.2678"
"250.4160","0.1654","0.2678"
"250.4360","0.1654","0.2678"
"250.4560","0.1654","0.2678"
"250.4760","0.1654","0.2678"
"250.4960","0.1654","0.2679"
"250.5160","0.1654","0.2680"
"250.5360","0.1654","0.2679"
"250.5560","0.1654","0.2679"
"250.5760","0.1654","0.2678"
"250.5960","0.1654","0.2678"
"250.6160","0.1654","0.2679"
"250.6360","0.1654","0.2679"
"250.6560","0.1654","0.2678"
"250.6760","0.1654","0.2678"
"250.6960","0.1654","0.2679"
"250.7160","0.1654","0.2679"
"250.7360","0.1654","0.2679"
"250.7560","0.1654","0.2679"
"250.7760","0.1654","0.2679"
"250.7960","0.1654","0.2680"
"250.8160","0.1654","0.2680"
"250.8360","0.1654","0.2679"
"250.8560","0.1654","0.2678"
"250.8760","0.1654","0.2677"
"250.8960","0.1654","0.2678"
"250.9160","0.1654","0.2678"
"250.9360","0.1654","0.2679"
"250.9560","0.1654","0.2679"
"250.9760","0.1654","0.2679"
"250.9960","0.1654","0.2679"
"251.0160","0.1654","0.2680"
"251.0360","0.1654","0.2680"
"251.0560","0.1654","0.2680"
"251.0760","0.1654","0.2680"
"251.0960","0.1654","0.2679"
"251.1160","0.1654","0.2679"
"251.1360","0.1654","0.2678"
"251.1560","0.1654","0.2678"
"251.1760","0.1654","0.2679"
"251.1960","0.1654","0.2678"
"251.2160","0.1654","0.2678"
"251.2360","0.1654","0.2678"
"251.2560","0.1654","0.2679"
"251.2760","0.1654","0.2680"
"251.2960","0.1654","0.2679"
"251.3160","0.1654","0.2678"
"251.3360","0.1654","0.2678"
"251.3560","0.1654","0.2679"
"251.3760","0.1654","0.2679"
"251.3960","0.1654","0.2679"
"251.4160","0.1654","0.2678"
"251.4360","0.1654","0.2679"
"251.4560","0.1654","0.2679"
"251.4760","0.1654","0.2680"
"251.4960","0.1654","0.2679"
"251.5160","0.1654","0.2679"
"251.5360","0.1654","0.2679"
"251.5560","0.1654","0.2679"
"251.5760","0.1654","0.2679"
"251.5960","0.1654","0.2678"
"251.6160","0.1654","0.2678"
"251.6360","0.1654","0.2678"
"251.6560","0.1654","0.2678"
"251.6760","0.1654","0.2678"
"251.6960","0.1654","0.2678"
"251.7160","0.1654","0.2679"
"251.7360","0.1654","0.2679"
"251.7560","0.1654","0.2678"
"251.7760","0.1654","0.2678"
"251.7960","0.1654","0.2678"
"251.8160","0.1654","0.2679"
"251.8360","0.1654","0.2679"
"251.8560","0.1654","0.2679"
"251.8760","0.1654","0.2678"
"251.8960","0.1654","0.2678"
"251.9160","0.1654","0.2678"
"251.9360","0.1654","0.2678"
"251.9560","0.1654","0.2679"
"251.9760","0.1654","0.2678"
"251.9960","0.1654","0.2678"
"252.0160","0.1654","0.2678"
"252.0360","0.1654","0.2677"
"252.0560","0.1654","0.2678"
"252.0760","0.1654","0.2677"
"252.0960","0.1654","0.2677"
"252.1160","0.1654","0.2678"
"252.1360","0.1654","0.2678"
"252.1560","0.1654","0.2678"
"252.1760","0.1654","0.2678"
"252.1960","0.1654","0.2678"
"252.2160","0.1654","0.2679"
"252.2360","0.1654","0.2678"
"252.2560","0.1654","0.2678"
"252.2760","0.1654","0.2678"
"252.2960","0.1654","0.2678"
"252.3160","0.1654","0.2678"
"252.3360","0.1654","0.2678"
"252.3560","0.1654","0.2677"
"252.3760","0.1654","0.2678"
"252.3960","0.1654","0.2678"
"252.4160","0.1654","0.2677"
"252.4360","0.1654","0.2677"
"252.4560","0.1654","0.2678"
"252.4760","0.1654","0.2678"
"252.4960","0.1654","0.2679"
"252.5160","0.1654","0.2679"
"252.5360","0.1654","0.2678"
"252.5560","0.1654","0.2677"
"252.5760","0.1654","0.2677"
"252.5960","0.1654","0.2677"
"252.6160","0.1654","0.2677"
"252.6360","0.1654","0.2677"
"252.6560","0.1654","0.2677"
"252.6760","0.1654","0.2677"
"252.6960","0.1654","0.2677"
"252.7160","0.1654","0.2678"
"252.7360","0.1654","0.2678"
"252.7560","0.1654","0.2677"
"252.7760","0.1654","0.2677"
"252.7960","0.1654","0.2678"
"252.8160","0.1654","0.2677"
"252.8360","0.1654","0.2677"
"252.8560","0.1654","0.2677"
"252.8760","0.1654","0.2678"
"252.8960","0.1654","0.2678"
"252.9160","0.1654","0.2678"
"252.9360","0.1654","0.2678"
"252.9560","0.1654","0.2679"
"252.9760","0.1654","0.2678"
"252.9960","0.1654","0.2677"
"253.0160","0.1654","0.2677"
"253.0360","0.1654","0.2678"
"253.0560","0.1654","0.2678"
"253.0760","0.1654","0.2678"
"253.0960","0.1654","0.2677"
"253.1160","0.1654","0.2677"
"253.1360","0.1654","0.2677"
"253.1560","0.1654","0.2678"
"253.1760","0.1654","0.2678"
"253.1960","0.1654","0.2678"
"253.2160","0.1654","0.2677"
"253.2360","0.1654","0.2677"
"253.2560","0.1654","0.2677"
"253.2760","0.1654","0.2678"
"253.2960","0.1654","0.2677"
"253.3160","0.1654","0.2678"
"253.3360","0.1654","0.2677"
"253.3560","0.1654","0.2678"
"253.3760","0.1654","0.2677"
"253.3960","0.1654","0.2677"
"253.4160","0.1654","0.2677"
"253.4360","0.1654","0.2677"
"253.4560","0.1654","0.2677"
"253.4760","0.1654","0.2677"
"253.4960","0.1654","0.2677"
"253.5160","0.1654","0.2677"
"253.5360","0.1654","0.2677"
"253.5560","0.1654","0.2676"
"253.5760","0.1654","0.2676"
"253.5960","0.1654","0.2677"
"253.6160","0.1654","0.2677"
"253.6360","0.1654","0.2677"
"253.6560","0.1654","0.2677"
"253.6760","0.1654","0.2678"
"253.6960","0.1654","0.2678"
"253.7160","0.1654","0.2677"
"253.7360","0.1654","0.2676"
"253.7560","0.1654","0.2676"
"253.7760","0.1654","0.2676"
"253.7960","0.1654","0.2678"
"253.8160","0.1654","0.2678"
"253.8360","0.1654","0.2677"
"253.8560","0.1654","0.2676"
"253.8760","0.1654","0.2676"
"253.8960","0.1654","0.2676"
"253.9160","0.1654","0.2677"
"253.9360","0.1654","0.2677"
"253.9560","0.1654","0.2676"
"253.9760","0.1654","0.2677"
"253.9960","0.1654","0.2676"
"254.0160","0.1654","0.2676"
"254.0360","0.1654","0.2676"
"254.0560","0.1654","0.2676"
"254.0760","0.1654","0.2676"
"254.0960","0.1654","0.2676"
"254.1160","0.1654","0.2676"
"254.1360","0.1654","0.2676"
"254.1560","0.1654","0.2676"
"254.1760","0.1654","0.2677"
"254.1960","0.1654","0.2677"
"254.2160","0.1654","0.2677"
"254.2360","0.1654","0.2677"
"254.2560","0.1654","0.2677"
"254.2760","0.1654","0.2677"
"254.2960","0.1654","0.2677"
"254.3160","0.1654","0.2676"
"254.3360","0.1654","0.2676"
"254.3560","0.1654","0.2676"
"254.3760","0.1654","0.2677"
"254.3960","0.1654","0.2677"
"254.4160","0.1654","0.2677"
"254.4360","0.1654","0.2677"
"254.4560","0.1654","0.2676"
"254.4760","0.1654","0.2676"
"254.4960","0.1654","0.2676"
"254.5160","0.1654","0.2676"
"254.5360","0.1654","0.2676"
"254.5560","0.1654","0.2676"
"254.5760","0.1654","0.2676"
"254.5960","0.1654","0.2677"
"254.6160","0.1654","0.2676"
"254.6360","0.1654","0.2676"
"254.6560","0.1654","0.2676"
"254.6760","0.1654","0.2675"
"254.6960","0.1654","0.2675"
"254.7160","0.1654","0.2676"
"254.7360","0.1654","0.2676"
"254.7560","0.1654","0.2676"
"254.7760","0.1654","0.2676"
"254.7960","0.1654","0.2675"
"254.8160","0.1654","0.2676"
"254.8360","0.1654","0.2677"
"254.8560","0.1654","0.2676"
"254.8760","0.1654","0.2677"
"254.8960","0.1654","0.2676"
"254.9160","0.1654","0.2676"
"254.9360","0.1654","0.2676"
"254.9560","0.1654","0.2675"
"254.9760","0.1654","0.2676"
"254.9960","0.1654","0.2676"
"255.0160","0.1654","0.2675"
"255.0360","0.1654","0.2675"
"255.0560","0.1654","0.2676"
"255.0760","0.1654","0.2676"
"255.0960","0.1654","0.2676"
"255.1160","0.1654","0.2676"
"255.1360","0.1654","0.2676"
"255.1560","0.1654","0.2676"
"255.1760","0.1654","0.2676"
"255.1960","0.1654","0.2676"
"255.2160","0.1654","0.2676"
"255.2360","0.1654","0.2675"
"255.2560","0.1654","0.2675"
"255.2760","0.1654","0.2676"
"255.2960","0.1654","0.2676"
"255.3160","0.1654","0.2676"
"255.3360","0.1654","0.2676"
"255.3560","0.1654","0.2676"
"255.3760","0.1654","0.2676"
"255.3960","0.1654","0.2676"
"255.4160","0.1654","0.2675"
"255.4360","0.1654","0.2676"
"255.4560","0.1654","0.2676"
"255.4760","0.1654","0.2676"
"255.4960","0.1654","0.2676"
"255.5160","0.1654","0.2676"
"255.5360","0.1654","0.2676"
"255.5560","0.1654","0.2675"
"255.5760","0.1654","0.2674"
"255.5960","0.1654","0.2675"
"255.6160","0.1654","0.2676"
"255.6360","0.1654","0.2676"
"255.6560","0.1654","0.2675"
"255.6760","0.1654","0.2675"
"255.6960","0.1654","0.2675"
"255.7160","0.1654","0.2675"
"255.7360","0.1654","0.2675"
"255.7560","0.1654","0.2675"
"255.7760","0.1654","0.2675"
"255.7960","0.1654","0.2676"
"255.8160","0.1654","0.2676"
"255.8360","0.1654","0.2675"
"255.8560","0.1654","0.2675"
"255.8760","0.1654","0.2675"
"255.8960","0.1654","0.2675"
"255.9160","0.1654","0.2675"
"255.9360","0.1654","0.2675"
"255.9560","0.1654","0.2675"
"255.9760","0.1654","0.2675"
"255.9960","0.1654","0.2675"
"256.0160","0.1654","0.2674"
"256.0360","0.1654","0.2675"
"256.0560","0.1654","0.2674"
"256.0760","0.1654","0.2675"
"256.0960","0.1654","0.2675"
"256.1160","0.1654","0.2675"
"256.1360","0.1654","0.2675"
"256.1560","0.1654","0.2675"
"256.1760","0.1654","0.2675"
"256.1960","0.1654","0.2675"
"256.2160","0.1654","0.2674"
"256.2360","0.1654","0.2675"
"256.2560","0.1654","0.2676"
"256.2760","0.1654","0.2675"
"256.2960","0.1654","0.2675"
"256.3160","0.1654","0.2674"
"256.3360","0.1654","0.2675"
"256.3560","0.1654","0.2675"
"256.3760","0.1654","0.2675"
"256.3960","0.1654","0.2675"
"256.4160","0.1654","0.2674"
"256.4360","0.1654","0.2674"
"256.4560","0.1654","0.2674"
"256.4760","0.1654","0.2674"
"256.4960","0.1654","0.2674"
"256.5160","0.1654","0.2675"
"256.5360","0.1654","0.2675"
"256.5560","0.1654","0.2676"
"256.5760","0.1654","0.2675"
"256.5960","0.1654","0.2674"
"256.6160","0.1654","0.2674"
"256.6360","0.1654","0.2675"
"256.6560","0.1654","0.2674"
"256.6760","0.1654","0.2674"
"256.6960","0.1654","0.2673"
"256.7160","0.1654","0.2674"
"256.7360","0.1654","0.2674"
"256.7560","0.1654","0.2674"
"256.7760","0.1654","0.2675"
"256.7960","0.1654","0.2674"
"256.8160","0.1654","0.2675"
"256.8360","0.1654","0.2675"
"256.8560","0.1654","0.2675"
"256.8760","0.1654","0.2675"
"256.8960","0.1654","0.2676"
"256.9160","0.1654","0.2674"
"256.9360","0.1654","0.2674"
"256.9560","0.1654","0.2675"
"256.9760","0.1654","0.2675"
"256.9960","0.1654","0.2675"
"257.0160","0.1654","0.2675"
"257.0360","0.1654","0.2675"
"257.0560","0.1654","0.2675"
"257.0760","0.1654","0.2675"
"257.0960","0.1654","0.2674"
"257.1160","0.1654","0.2675"
"257.1360","0.1654","0.2674"
"257.1560","0.1654","0.2674"
"257.1760","0.1654","0.2674"
"257.1960","0.1654","0.2674"
"257.2160","0.1654","0.2675"
"257.2360","0.1654","0.2675"
"257.2560","0.1654","0.2674"
"257.2760","0.1654","0.2674"
"257.2960","0.1654","0.2674"
"257.3160","0.1654","0.2675"
"257.3360","0.1654","0.2674"
"257.3560","0.1654","0.2674"
"257.3760","0.1654","0.2674"
"257.3960","0.1654","0.2674"
"257.4160","0.1654","0.2675"
"257.4360","0.1654","0.2674"
"257.4560","0.1654","0.2674"
"257.4760","0.1654","0.2673"
"257.4960","0.1654","0.2674"
"257.5160","0.1654","0.2675"
"257.5360","0.1654","0.2674"
"257.5560","0.1654","0.2674"
"257.5760","0.1654","0.2675"
"257.5960","0.1654","0.2674"
"257.6160","0.1654","0.2674"
"257.6360","0.1654","0.2674"
"257.6560","0.1654","0.2674"
"257.6760","0.1654","0.2674"
"257.6960","0.1654","0.2673"
"257.7160","0.1654","0.2673"
"257.7360","0.1654","0.2673"
"257.7560","0.1654","0.2673"
"257.7760","0.1654","0.2674"
"257.7960","0.1654","0.2674"
"257.8160","0.1654","0.2674"
"257.8360","0.1654","0.2674"
"257.8560","0.1654","0.2674"
"257.8760","0.1654","0.2674"
"257.8960","0.1654","0.2673"
"257.9160","0.1654","0.2673"
"257.9360","0.1654","0.2673"
"257.9560","0.1654","0.2673"
"257.9760","0.1654","0.2674"
"257.9960","0.1654","0.2674"
"258.0160","0.1654","0.2674"
"258.0360","0.1654","0.2674"
"258.0560","0.1654","0.2674"
"258.0760","0.1654","0.2673"
"258.0960","0.1654","0.2674"
"258.1160","0.1654","0.2674"
"258.1360","0.1654","0.2673"
"258.1560","0.1654","0.2673"
"258.1760","0.1654","0.2673"
"258.1960","0.1654","0.2674"
"258.2160","0.1654","0.2674"
"258.2360","0.1654","0.2675"
"258.2560","0.1654","0.2674"
"258.2760","0.1654","0.2673"
"258.2960","0.1654","0.2673"
"258.3160","0.1654","0.2674"
"258.3360","0.1654","0.2674"
"258.3560","0.1654","0.2673"
"258.3760","0.1654","0.2673"
"258.3960","0.1654","0.2673"
"258.4160","0.1654","0.2673"
"258.4360","0.1654","0.2673"
"258.4560","0.1654","0.2673"
"258.4760","0.1654","0.2673"
"258.4960","0.1654","0.2673"
"258.5160","0.1654","0.2673"
"258.5360","0.1654","0.2673"
"258.5560","0.1654","0.2673"
"258.5760","0.1654","0.2673"
"258.5960","0.1654","0.2673"
"258.6160","0.1654","0.2672"
"258.6360","0.1654","0.2672"
"258.6560","0.1654","0.2672"
"258.6760","0.1654","0.2673"
"258.6960","0.1654","0.2673"
"258.7160","0.1654","0.2674"
"258.7360","0.1654","0.2673"
"258.7560","0.1654","0.2672"
"258.7760","0.1654","0.2673"
"258.7960","0.1654","0.2673"
"258.8160","0.1654","0.2673"
"258.8360","0.1654","0.2673"
"258.8560","0.1654","0.2673"
"258.8760","0.1654","0.2673"
"258.8960","0.1654","0.2673"
"258.9160","0.1654","0.2673"
"258.9360","0.1654","0.2673"
"258.9560","0.1654","0.2673"
"258.9760","0.1654","0.2672"
"258.9960","0.1654","0.2673"
"259.0160","0.1654","0.2673"
"259.0360","0.1654","0.2673"
"259.0560","0.1654","0.2672"
"259.0760","0.1654","0.2672"
"259.0960","0.1654","0.2673"
"259.1160","0.1654","0.2673"
"259.1360","0.1654","0.2673"
"259.1560","0.1654","0.2673"
"259.1760","0.1654","0.2673"
"259.1960","0.1654","0.2673"
"259.2160","0.1654","0.2672"
"259.2360","0.1654","0.2671"
"259.2560","0.1654","0.2672"
"259.2760","0.1654","0.2672"
"259.2960","0.1654","0.2673"
"259.3160","0.1654","0.2672"
"259.3360","0.1654","0.2672"
"259.3560","0.1654","0.2673"
"259.3760","0.1654","0.2673"
"259.3960","0.1654","0.2673"
"259.4160","0.1654","0.2673"
"259.4360","0.1654","0.2673"
"259.4560","0.1654","0.2673"
"259.4760","0.1654","0.2672"
"259.4960","0.1654","0.2673"
"259.5160","0.1654","0.2673"
"259.5360","0.1654","0.2673"
"259.5560","0.1654","0.2672"
"259.5760","0.1654","0.2672"
"259.5960","0.1654","0.2672"
"259.6160","0.1654","0.2672"
"259.6360","0.1654","0.2672"
"259.6560","0.1654","0.2672"
"259.6760","0.1654","0.2672"
"259.6960","0.1654","0.2672"
"259.7160","0.1654","0.2673"
"259.7360","0.1654","0.2673"
"259.7560","0.1654","0.2673"
"259.7760","0.1654","0.2673"
"259.7960","0.1654","0.2672"
"259.8160","0.1654","0.2671"
"259.8360","0.1654","0.2671"
"259.8560","0.1654","0.2672"
"259.8760","0.1654","0.2673"
"259.8960","0.1654","0.2673"
"259.9160","0.1654","0.2674"
"259.9360","0.1654","0.2673"
"259.9560","0.1654","0.2672"
"259.9760","0.1654","0.2672"
"259.9960","0.1654","0.2672"
"260.0160","0.1654","0.2673"
"260.0360","0.1654","0.2673"
"260.0560","0.1654","0.2672"
"260.0760","0.1654","0.2672"
"260.0960","0.1654","0.2671"
"260.1160","0.1654","0.2672"
"260.1360","0.1654","0.2673"
"260.1560","0.1654","0.2672"
"260.1760","0.1654","0.2673"
"260.1960","0.1654","0.2672"
"260.2160","0.1654","0.2672"
"260.2360","0.1654","0.2671"
"260.2560","0.1654","0.2672"
"260.2760","0.1654","0.2671"
"260.2960","0.1654","0.2671"
"260.3160","0.1654","0.2671"
"260.3360","0.1654","0.2672"
"260.3560","0.1654","0.2672"
"260.3760","0.1654","0.2672"
"260.3960","0.1654","0.2672"
"260.4160","0.1654","0.2671"
"260.4360","0.1654","0.2671"
"260.4560","0.1654","0.2671"
"260.4760","0.1654","0.2671"
"260.4960","0.1654","0.2670"
"260.5160","0.1654","0.2671"
"260.5360","0.1654","0.2672"
"260.5560","0.1654","0.2671"
"260.5760","0.1654","0.2672"
"260.5960","0.1654","0.2672"
"260.6160","0.1654","0.2671"
"260.6360","0.1654","0.2672"
"260.6560","0.1654","0.2672"
"260.6760","0.1654","0.2672"
"260.6960","0.1654","0.2672"
"260.7160","0.1654","0.2673"
"260.7360","0.1654","0.2672"
"260.7560","0.1654","0.2672"
"260.7760","0.1654","0.2671"
"260.7960","0.1654","0.2671"
"260.8160","0.1654","0.2671"
"260.8360","0.1654","0.2671"
"260.8560","0.1654","0.2671"
"260.8760","0.1654","0.2671"
"260.8960","0.1654","0.2670"
"260.9160","0.1654","0.2670"
"260.9360","0.1654","0.2670"
"260.9560","0.1654","0.2671"
"260.9760","0.1654","0.2671"
"260.9960","0.1654","0.2672"
"261.0160","0.1654","0.2671"
"261.0360","0.1654","0.2671"
"261.0560","0.1654","0.2671"
"261.0760","0.1654","0.2671"
"261.0960","0.1654","0.2672"
"261.1160","0.1654","0.2671"
"261.1360","0.1654","0.2671"
"261.1560","0.1654","0.2671"
"261.1760","0.1654","0.2671"
"261.1960","0.1654","0.2672"
"261.2160","0.1654","0.2671"
"261.2360","0.1654","0.2670"
"261.2560","0.1654","0.2670"
"261.2760","0.1654","0.2671"
"261.2960","0.1654","0.2670"
"261.3160","0.1654","0.2671"
"261.3360","0.1654","0.2671"
"261.3560","0.1654","0.2671"
"261.3760","0.1654","0.2672"
"261.3960","0.1654","0.2672"
"261.4160","0.1654","0.2670"
"261.4360","0.1654","0.2670"
"261.4560","0.1654","0.2670"
"261.4760","0.1654","0.2671"
"261.4960","0.1654","0.2670"
"261.5160","0.1654","0.2670"
"261.5360","0.1654","0.2671"
"261.5560","0.1654","0.2670"
"261.5760","0.1654","0.2670"
"261.5960","0.1654","0.2671"
"261.6160","0.1654","0.2670"
"261.6360","0.1654","0.2671"
"261.6560","0.1654","0.2671"
"261.6760","0.1654","0.2671"
"261.6960","0.1654","0.2670"
"261.7160","0.1654","0.2669"
"261.7360","0.1654","0.2669"
"261.7560","0.1654","0.2670"
"261.7760","0.1654","0.2671"
"261.7960","0.1654","0.2671"
"261.8160","0.1654","0.2670"
"261.8360","0.1654","0.2670"
"261.8560","0.1654","0.2671"
"261.8760","0.1654","0.2671"
"261.8960","0.1654","0.2671"
"261.9160","0.1654","0.2671"
"261.9360","0.1654","0.2671"
"261.9560","0.1654","0.2670"
"261.9760","0.1654","0.2671"
"261.9960","0.1654","0.2671"
"262.0160","0.1654","0.2671"
"262.0360","0.1654","0.2672"
"262.0560","0.1654","0.2672"
"262.0760","0.1654","0.2671"
"262.0960","0.1654","0.2671"
"262.1160","0.1654","0.2670"
"262.1360","0.1654","0.2670"
"262.1560","0.1654","0.2669"
"262.1760","0.1654","0.2670"
"262.1960","0.1654","0.2670"
"262.2160","0.1654","0.2670"
"262.2360","0.1654","0.2670"
"262.2560","0.1654","0.2670"
"262.2760","0.1654","0.2670"
"262.2960","0.1654","0.2670"
"262.3160","0.1654","0.2670"
"262.3360","0.1654","0.2671"
"262.3560","0.1654","0.2670"
"262.3760","0.1654","0.2670"
"262.3960","0.1654","0.2670"
"262.4160","0.1654","0.2669"
"262.4360","0.1654","0.2669"
"262.4560","0.1654","0.2670"
"262.4760","0.1654","0.2670"
"262.4960","0.1654","0.2669"
"262.5160","0.1654","0.2670"
"262.5360","0.1654","0.2671"
"262.5560","0.1654","0.2671"
"262.5760","0.1654","0.2671"
"262.5960","0.1654","0.2671"
"262.6160","0.1654","0.2671"
"262.6360","0.1654","0.2671"
"262.6560","0.1654","0.2670"
"262.6760","0.1654","0.2670"
"262.6960","0.1654","0.2670"
"262.7160","0.1654","0.2670"
"262.7360","0.1654","0.2670"
"262.7560","0.1654","0.2671"
"262.7760","0.1654","0.2671"
"262.7960","0.1654","0.2671"
"262.8160","0.1654","0.2671"
"262.8360","0.1654","0.2670"
"262.8560","0.1654","0.2670"
"262.8760","0.1654","0.2669"
"262.8960","0.1654","0.2669"
"262.9160","0.1654","0.2669"
"262.9360","0.1654","0.2669"
"262.9560","0.1654","0.2669"
"262.9760","0.1654","0.2669"
"262.9960","0.1654","0.2670"
"263.0160","0.1654","0.2669"
"263.0360","0.1654","0.2670"
"263.0560","0.1654","0.2670"
"263.0760","0.1654","0.2670"
"263.0960","0.1654","0.2670"
"263.1160","0.1654","0.2670"
"263.1360","0.1654","0.2669"
"263.1560","0.1654","0.2669"
"263.1760","0.1654","0.2669"
"263.1960","0.1654","0.2669"
"263.2160","0.1654","0.2670"
"263.2360","0.1654","0.2670"
"263.2560","0.1654","0.2670"
"263.2760","0.1654","0.2669"
"263.2960","0.1654","0.2670"
"263.3160","0.1654","0.2670"
"263.3360","0.1654","0.2670"
"263.3560","0.1654","0.2669"
"263.3760","0.1654","0.2668"
"263.3960","0.1654","0.2668"
"263.4160","0.1654","0.2669"
"263.4360","0.1654","0.2670"
"263.4560","0.1654","0.2669"
"263.4760","0.1654","0.2669"
"263.4960","0.1654","0.2670"
"263.5160","0.1654","0.2670"
"263.5360","0.1654","0.2669"
"263.5560","0.1654","0.2668"
"263.5760","0.1654","0.2668"
"263.5960","0.1654","0.2669"
"263.6160","0.1654","0.2669"
"263.6360","0.1654","0.2669"
"263.6560","0.1654","0.2669"
"263.6760","0.1654","0.2670"
"263.6960","0.1654","0.2669"
"263.7160","0.1654","0.2670"
"263.7360","0.1654","0.2669"
"263.7560","0.1654","0.2669"
"263.7760","0.1654","0.2669"
"263.7960","0.1654","0.2669"
"263.8160","0.1654","0.2670"
"263.8360","0.1654","0.2670"
"263.8560","0.1654","0.2670"
"263.8760","0.1654","0.2670"
"263.8960","0.1654","0.2669"
"263.9160","0.1654","0.2668"
"263.9360","0.1654","0.2668"
"263.9560","0.1654","0.2670"
"263.9760","0.1654","0.2670"
"263.9960","0.1654","0.2670"
"264.0160","0.1654","0.2669"
"264.0360","0.1654","0.2668"
"264.0560","0.1654","0.2668"
"264.0760","0.1654","0.2669"
"264.0960","0.1654","0.2668"
"264.1160","0.1654","0.2668"
"264.1360","0.1654","0.2668"
"264.1560","0.1654","0.2669"
"264.1760","0.1654","0.2669"
"264.1960","0.1654","0.2669"
"264.2160","0.1654","0.2669"
"264.2360","0.1654","0.2668"
"264.2560","0.1654","0.2668"
"264.2760","0.1654","0.2669"
"264.2960","0.1654","0.2668"
"264.3160","0.1654","0.2668"
"264.3360","0.1654","0.2669"
"264.3560","0.1654","0.2668"
"264.3760","0.1654","0.2669"
"264.3960","0.1654","0.2668"
"264.4160","0.1654","0.2667"
"264.4360","0.1654","0.2668"
"264.4560","0.1654","0.2668"
"264.4760","0.1654","0.2668"
"264.4960","0.1654","0.2668"
"264.5160","0.1654","0.2668"
"264.5360","0.1654","0.2668"
"264.5560","0.1654","0.2668"
"264.5760","0.1654","0.2668"
"264.5960","0.1654","0.2668"
"264.6160","0.1654","0.2667"
"264.6360","0.1654","0.2668"
"264.6560","0.1654","0.2669"
"264.6760","0.1654","0.2669"
"264.6960","0.1654","0.2668"
"264.7160","0.1654","0.2669"
"264.7360","0.1654","0.2670"
"264.7560","0.1654","0.2669"
"264.7760","0.1654","0.2669"
"264.7960","0.1654","0.2668"
"264.8160","0.1654","0.2668"
"264.8360","0.1654","0.2667"
"264.8560","0.1654","0.2667"
"264.8760","0.1654","0.2668"
"264.8960","0.1654","0.2668"
"264.9160","0.1654","0.2669"
"264.9360","0.1654","0.2668"
"264.9560","0.1654","0.2669"
"264.9760","0.1654","0.2669"
"264.9960","0.1654","0.2669"
"265.0160","0.1654","0.2668"
"265.0360","0.1654","0.2667"
"265.0560","0.1654","0.2667"
"265.0760","0.1654","0.2667"
"265.0960","0.1654","0.2668"
"265.1160","0.1654","0.2668"
"265.1360","0.1654","0.2668"
"265.1560","0.1654","0.2669"
"265.1760","0.1654","0.2670"
"265.1960","0.1654","0.2670"
"265.2160","0.1654","0.2669"
"265.2360","0.1654","0.2668"
"265.2560","0.1654","0.2667"
"265.2760","0.1654","0.2667"
"265.2960","0.1654","0.2667"
"265.3160","0.1654","0.2666"
"265.3360","0.1654","0.2667"
"265.3560","0.1654","0.2669"
"265.3760","0.1654","0.2670"
"265.3960","0.1654","0.2669"
"265.4160","0.1654","0.2667"
"265.4360","0.1654","0.2667"
"265.4560","0.1654","0.2668"
"265.4760","0.1654","0.2669"
"265.4960","0.1654","0.2667"
"265.5160","0.1654","0.2666"
"265.5360","0.1654","0.2668"
"265.5560","0.1654","0.2669"
"265.5760","0.1654","0.2669"
"265.5960","0.1654","0.2669"
"265.6160","0.1654","0.2668"
"265.6360","0.1654","0.2669"
"265.6560","0.1654","0.2669"
"265.6760","0.1654","0.2667"
"265.6960","0.1654","0.2666"
"265.7160","0.1654","0.2666"
"265.7360","0.1654","0.2667"
"265.7560","0.1654","0.2669"
"265.7760","0.1654","0.2669"
"265.7960","0.1654","0.2668"
"265.8160","0.1654","0.2669"
"265.8360","0.1654","0.2670"
"265.8560","0.1654","0.2669"
"265.8760","0.1654","0.2668"
"265.8960","0.1654","0.2668"
"265.9160","0.1654","0.2668"
"265.9360","0.1654","0.2669"
"265.9560","0.1654","0.2668"
"265.9760","0.1654","0.2666"
"265.9960","0.1654","0.2667"
"266.0160","0.1654","0.2668"
"266.0360","0.1654","0.2669"
"266.0560","0.1654","0.2668"
"266.0760","0.1654","0.2667"
"266.0960","0.1654","0.2667"
"266.1160","0.1654","0.2668"
"266.1360","0.1654","0.2668"
"266.1560","0.1654","0.2666"
"266.1760","0.1654","0.2666"
"266.1960","0.1654","0.2666"
"266.2160","0.1654","0.2667"
"266.2360","0.1654","0.2668"
"266.2560","0.1654","0.2668"
"266.2760","0.1654","0.2668"
"266.2960","0.1654","0.2668"
"266.3160","0.1654","0.2668"
"266.3360","0.1654","0.2667"
"266.3560","0.1654","0.2666"
"266.3760","0.1654","0.2667"
"266.3960","0.1654","0.2667"
"266.4160","0.1654","0.2667"
"266.4360","0.1654","0.2666"
"266.4560","0.1654","0.2665"
"266.4760","0.1654","0.2666"
"266.4960","0.1654","0.2668"
"266.5160","0.1654","0.2668"
"266.5360","0.1654","0.2667"
"266.5560","0.1654","0.2666"
"266.5760","0.1654","0.2668"
"266.5960","0.1654","0.2668"
"266.6160","0.1654","0.2667"
"266.6360","0.1654","0.2667"
"266.6560","0.1654","0.2667"
"266.6760","0.1654","0.2667"
"266.6960","0.1654","0.2667"
"266.7160","0.1654","0.2667"
"266.7360","0.1654","0.2667"
"266.7560","0.1654","0.2667"
"266.7760","0.1654","0.2669"
"266.7960","0.1654","0.2669"
"266.8160","0.1654","0.2668"
"266.8360","0.1654","0.2667"
"266.8560","0.1654","0.2667"
"266.8760","0.1654","0.2667"
"266.8960","0.1654","0.2665"
"266.9160","0.1654","0.2664"
"266.9360","0.1654","0.2666"
"266.9560","0.1654","0.2667"
"266.9760","0.1654","0.2668"
"266.9960","0.1654","0.2668"
"267.0160","0.1654","0.2667"
"267.0360","0.1654","0.2666"
"267.0560","0.1654","0.2666"
"267.0760","0.1654","0.2665"
"267.0960","0.1654","0.2664"
"267.1160","0.1654","0.2664"
"267.1360","0.1654","0.2666"
"267.1560","0.1654","0.2666"
"267.1760","0.1654","0.2665"
"267.1960","0.1654","0.2665"
"267.2160","0.1654","0.2666"
"267.2360","0.1654","0.2668"
"267.2560","0.1654","0.2669"
"267.2760","0.1654","0.2668"
"267.2960","0.1654","0.2667"
"267.3160","0.1654","0.2666"
"267.3360","0.1654","0.2666"
"267.3560","0.1654","0.2665"
"267.3760","0.1654","0.2665"
"267.3960","0.1654","0.2666"
"267.4160","0.1654","0.2666"
"267.4360","0.1654","0.2667"
"267.4560","0.1654","0.2667"
"267.4760","0.1654","0.2667"
"267.4960","0.1654","0.2668"
"267.5160","0.1654","0.2668"
"267.5360","0.1654","0.2668"
"267.5560","0.1654","0.2666"
"267.5760","0.1654","0.2665"
"267.5960","0.1654","0.2666"
"267.6160","0.1654","0.2666"
"267.6360","0.1654","0.2665"
"267.6560","0.1654","0.2665"
"267.6760","0.1654","0.2665"
"267.6960","0.1654","0.2666"
"267.7160","0.1654","0.2669"
"267.7360","0.1654","0.2669"
"267.7560","0.1654","0.2669"
"267.7760","0.1654","0.2667"
"267.7960","0.1654","0.2666"
"267.8160","0.1654","0.2666"
"267.8360","0.1654","0.2664"
"267.8560","0.1654","0.2664"
"267.8760","0.1654","0.2664"
"267.8960","0.1654","0.2665"
"267.9160","0.1654","0.2665"
"267.9360","0.1654","0.2666"
"267.9560","0.1654","0.2667"
"267.9760","0.1654","0.2667"
"267.9960","0.1654","0.2668"
"268.0160","0.1654","0.2668"
"268.0360","0.1654","0.2665"
"268.0560","0.1654","0.2664"
"268.0760","0.1654","0.2664"
"268.0960","0.1654","0.2664"
"268.1160","0.1654","0.2665"
"268.1360","0.1654","0.2665"
"268.1560","0.1654","0.2665"
"268.1760","0.1654","0.2667"
"268.1960","0.1654","0.2668"
"268.2160","0.1654","0.2667"
"268.2360","0.1654","0.2666"
"268.2560","0.1654","0.2667"
"268.2760","0.1654","0.2667"
"268.2960","0.1654","0.2666"
"268.3160","0.1654","0.2664"
"268.3360","0.1654","0.2663"
"268.3560","0.1654","0.2664"
"268.3760","0.1654","0.2665"
"268.3960","0.1654","0.2665"
"268.4160","0.1654","0.2667"
"268.4360","0.1654","0.2667"
"268.4560","0.1654","0.2667"
"268.4760","0.1654","0.2665"
"268.4960","0.1654","0.2665"
"268.5160","0.1654","0.2664"
"268.5360","0.1654","0.2664"
"268.5560","0.1654","0.2665"
"268.5760","0.1654","0.2665"
"268.5960","0.1654","0.2664"
"268.6160","0.1654","0.2664"
"268.6360","0.1654","0.2666"
"268.6560","0.1654","0.2667"
"268.6760","0.1654","0.2667"
"268.6960","0.1654","0.2666"
"268.7160","0.1654","0.2665"
"268.7360","0.1654","0.2666"
"268.7560","0.1654","0.2667"
"268.7760","0.1654","0.2665"
"268.7960","0.1654","0.2664"
"268.8160","0.1654","0.2663"
"268.8360","0.1654","0.2664"
"268.8560","0.1654","0.2665"
"268.8760","0.1654","0.2665"
"268.8960","0.1654","0.2665"
"268.9160","0.1654","0.2666"
"268.9360","0.1654","0.2666"
"268.9560","0.1654","0.2667"
"268.9760","0.1654","0.2666"
"268.9960","0.1654","0.2665"
"269.0160","0.1654","0.2665"
"269.0360","0.1654","0.2664"
"269.0560","0.1654","0.2663"
"269.0760","0.1654","0.2663"
"269.0960","0.1654","0.2663"
"269.1160","0.1654","0.2665"
"269.1360","0.1654","0.2666"
"269.1560","0.1654","0.2666"
"269.1760","0.1654","0.2666"
"269.1960","0.1654","0.2666"
"269.2160","0.1654","0.2666"
"269.2360","0.1654","0.2665"
"269.2560","0.1654","0.2664"
"269.2760","0.1654","0.2664"
"269.2960","0.1654","0.2663"
"269.3160","0.1654","0.2663"
"269.3360","0.1654","0.2663"
"269.3560","0.1654","0.2664"
"269.3760","0.1654","0.2665"
"269.3960","0.1654","0.2666"
"269.4160","0.1654","0.2667"
"269.4360","0.1654","0.2666"
"269.4560","0.1654","0.2665"
"269.4760","0.1654","0.2665"
"269.4960","0.1654","0.2665"
"269.5160","0.1654","0.2664"
"269.5360","0.1654","0.2663"
"269.5560","0.1654","0.2663"
"269.5760","0.1654","0.2664"
"269.5960","0.1654","0.2665"
"269.6160","0.1654","0.2665"
"269.6360","0.1654","0.2665"
"269.6560","0.1654","0.2666"
"269.6760","0.1654","0.2667"
"269.6960","0.1654","0.2666"
"269.7160","0.1654","0.2664"
"269.7360","0.1654","0.2663"
"269.7560","0.1654","0.2663"
"269.7760","0.1654","0.2664"
"269.7960","0.1654","0.2664"
"269.8160","0.1654","0.2664"
"269.8360","0.1654","0.2665"
"269.8560","0.1654","0.2665"
"269.8760","0.1654","0.2665"
"269.8960","0.1654","0.2666"
"269.9160","0.1654","0.2665"
"269.9360","0.1654","0.2664"
"269.9560","0.1654","0.2665"
"269.9760","0.1654","0.2664"
"269.9960","0.1654","0.2664"
"270.0160","0.1654","0.2663"
"270.0360","0.1654","0.2663"
"270.0560","0.1654","0.2663"
"270.0760","0.1654","0.2664"
"270.0960","0.1654","0.2665"
"270.1160","0.1654","0.2665"
"270.1360","0.1654","0.2665"
"270.1560","0.1654","0.2666"
"270.1760","0.1654","0.2664"
"270.1960","0.1654","0.2664"
"270.2160","0.1654","0.2664"
"270.2360","0.1654","0.2663"
"270.2560","0.1654","0.2663"
"270.2760","0.1654","0.2664"
"270.2960","0.1654","0.2664"
"270.3160","0.1654","0.2664"
"270.3360","0.1654","0.2665"
"270.3560","0.1654","0.2664"
"270.3760","0.1654","0.2664"
"270.3960","0.1654","0.2665"
"270.4160","0.1654","0.2665"
"270.4360","0.1654","0.2665"
"270.4560","0.1654","0.2663"
"270.4760","0.1654","0.2663"
"270.4960","0.1654","0.2663"
"270.5160","0.1654","0.2663"
"270.5360","0.1654","0.2664"
"270.5560","0.1654","0.2664"
"270.5760","0.1654","0.2664"
"270.5960","0.1654","0.2665"
"270.6160","0.1654","0.2665"
"270.6360","0.1654","0.2665"
"270.6560","0.1654","0.2664"
"270.6760","0.1654","0.2664"
"270.6960","0.1654","0.2663"
"270.7160","0.1654","0.2663"
"270.7360","0.1654","0.2663"
"270.7560","0.1654","0.2661"
"270.7760","0.1654","0.2663"
"270.7960","0.1654","0.2664"
"270.8160","0.1654","0.2664"
"270.8360","0.1654","0.2665"
"270.8560","0.1654","0.2664"
"270.8760","0.1654","0.2665"
"270.8960","0.1654","0.2665"
"270.9160","0.1654","0.2664"
"270.9360","0.1654","0.2664"
"270.9560","0.1654","0.2663"
"270.9760","0.1654","0.2663"
"270.9960","0.1654","0.2663"
"271.0160","0.1654","0.2663"
"271.0360","0.1654","0.2663"
"271.0560","0.1654","0.2664"
"271.0760","0.1654","0.2664"
"271.0960","0.1654","0.2664"
"271.1160","0.1654","0.2665"
"271.1360","0.1654","0.2665"
"271.1560","0.1654","0.2663"
"271.1760","0.1654","0.2662"
"271.1960","0.1654","0.2663"
"271.2160","0.1654","0.2663"
"271.2360","0.1654","0.2663"
"271.2560","0.1654","0.2663"
"271.2760","0.1654","0.2663"
"271.2960","0.1654","0.2663"
"271.3160","0.1654","0.2665"
"271.3360","0.1654","0.2665"
"271.3560","0.1654","0.2664"
"271.3760","0.1654","0.2664"
"271.3960","0.1654","0.2663"
"271.4160","0.1654","0.2663"
"271.4360","0.1654","0.2663"
"271.4560","0.1654","0.2663"
"271.4760","0.1654","0.2663"
"271.4960","0.1654","0.2663"
"271.5160","0.1654","0.2663"
"271.5360","0.1654","0.2664"
"271.5560","0.1654","0.2665"
"271.5760","0.1654","0.2665"
"271.5960","0.1654","0.2664"
"271.6160","0.1654","0.2663"
"271.6360","0.1654","0.2663"
"271.6560","0.1654","0.2663"
"271.6760","0.1654","0.2663"
"271.6960","0.1654","0.2662"
"271.7160","0.1654","0.2661"
"271.7360","0.1654","0.2662"
"271.7560","0.1654","0.2662"
"271.7760","0.1654","0.2663"
"271.7960","0.1654","0.2664"
"271.8160","0.1654","0.2664"
"271.8360","0.1654","0.2664"
"271.8560","0.1654","0.2663"
"271.8760","0.1654","0.2663"
"271.8960","0.1654","0.2662"
"271.9160","0.1654","0.2662"
"271.9360","0.1654","0.2662"
"271.9560","0.1654","0.2662"
"271.9760","0.1654","0.2663"
"271.9960","0.1654","0.2663"
"272.0160","0.1654","0.2663"
"272.0360","0.1654","0.2664"
"272.0560","0.1654","0.2664"
"272.0760","0.1654","0.2664"
"272.0960","0.1654","0.2664"
"272.1160","0.1654","0.2663"
"272.1360","0.1654","0.2663"
"272.1560","0.1654","0.2662"
"272.1760","0.1654","0.2662"
"272.1960","0.1654","0.2662"
"272.2160","0.1654","0.2662"
"272.2360","0.1654","0.2663"
"272.2560","0.1654","0.2663"
"272.2760","0.1654","0.2663"
"272.2960","0.1654","0.2664"
"272.3160","0.1654","0.2663"
"272.3360","0.1654","0.2663"
"272.3560","0.1654","0.2663"
"272.3760","0.1654","0.2662"
"272.3960","0.1654","0.2662"
"272.4160","0.1654","0.2662"
"272.4360","0.1654","0.2662"
"272.4560","0.1654","0.2662"
"272.4760","0.1654","0.2662"
"272.4960","0.1654","0.2663"
"272.5160","0.1654","0.2663"
"272.5360","0.1654","0.2663"
"272.5560","0.1654","0.2663"
"272.5760","0.1654","0.2663"
"272.5960","0.1654","0.2663"
"272.6160","0.1654","0.2662"
"272.6360","0.1654","0.2661"
"272.6560","0.1654","0.2662"
"272.6760","0.1654","0.2663"
"272.6960","0.1654","0.2662"
"272.7160","0.1654","0.2663"
"272.7360","0.1654","0.2663"
"272.7560","0.1654","0.2662"
"272.7760","0.1654","0.2663"
"272.7960","0.1654","0.2662"
"272.8160","0.1654","0.2662"
"272.8360","0.1654","0.2662"
"272.8560","0.1654","0.2662"
"272.8760","0.1654","0.2661"
"272.8960","0.1654","0.2662"
"272.9160","0.1654","0.2662"
"272.9360","0.1654","0.2662"
"272.9560","0.1654","0.2661"
"272.9760","0.1654","0.2662"
"272.9960","0.1654","0.2663"
"273.0160","0.1654","0.2663"
"273.0360","0.1654","0.2663"
"273.0560","0.1654","0.2662"
"273.0760","0.1654","0.2662"
"273.0960","0.1654","0.2661"
"273.1160","0.1654","0.2661"
"273.1360","0.1654","0.2662"
"273.1560","0.1654","0.2662"
"273.1760","0.1654","0.2662"
"273.1960","0.1654","0.2661"
"273.2160","0.1654","0.2661"
"273.2360","0.1654","0.2662"
"273.2560","0.1654","0.2662"
"273.2760","0.1654","0.2661"
"273.2960","0.1654","0.2662"
"273.3160","0.1654","0.2662"
"273.3360","0.1654","0.2662"
"273.3560","0.1654","0.2662"
"273.3760","0.1654","0.2661"
"273.3960","0.1654","0.2661"
"273.4160","0.1654","0.2661"
"273.4360","0.1654","0.2662"
"273.4560","0.1654","0.2662"
"273.4760","0.1654","0.2663"
"273.4960","0.1654","0.2662"
"273.5160","0.1654","0.2663"
"273.5360","0.1654","0.2662"
"273.5560","0.1654","0.2662"
"273.5760","0.1654","0.2661"
"273.5960","0.1654","0.2661"
"273.6160","0.1654","0.2661"
"273.6360","0.1654","0.2661"
"273.6560","0.1654","0.2661"
"273.6760","0.1654","0.2662"
"273.6960","0.1654","0.2661"
"273.7160","0.1654","0.2662"
"273.7360","0.1654","0.2663"
"273.7560","0.1654","0.2662"
"273.7760","0.1654","0.2662"
"273.7960","0.1654","0.2662"
"273.8160","0.1654","0.2661"
"273.8360","0.1654","0.2661"
"273.8560","0.1654","0.2661"
"273.8760","0.1654","0.2660"
"273.8960","0.1654","0.2661"
"273.9160","0.1654","0.2661"
"273.9360","0.1654","0.2662"
"273.9560","0.1654","0.2662"
"273.9760","0.1654","0.2662"
"273.9960","0.1654","0.2662"
"274.0160","0.1654","0.2660"
"274.0360","0.1654","0.2661"
"274.0560","0.1654","0.2661"
"274.0760","0.1654","0.2661"
"274.0960","0.1654","0.2662"
"274.1160","0.1654","0.2661"
"274.1360","0.1654","0.2661"
"274.1560","0.1654","0.2661"
"274.1760","0.1654","0.2662"
"274.1960","0.1654","0.2662"
"274.2160","0.1654","0.2661"
"274.2360","0.1654","0.2661"
"274.2560","0.1654","0.2661"
"274.2760","0.1654","0.2661"
"274.2960","0.1654","0.2661"
"274.3160","0.1654","0.2661"
"274.3360","0.1654","0.2661"
"274.3560","0.1654","0.2661"
"274.3760","0.1654","0.2661"
"274.3960","0.1654","0.2661"
"274.4160","0.1654","0.2661"
"274.4360","0.1654","0.2662"
"274.4560","0.1654","0.2662"
"274.4760","0.1654","0.2661"
"274.4960","0.1654","0.2661"
"274.5160","0.1654","0.2661"
"274.5360","0.1654","0.2660"
"274.5560","0.1654","0.2660"
"274.5760","0.1654","0.2660"
"274.5960","0.1654","0.2660"
"274.6160","0.1654","0.2660"
"274.6360","0.1654","0.2661"
"274.6560","0.1654","0.2662"
"274.6760","0.1654","0.2662"
"274.6960","0.1654","0.2663"
"274.7160","0.1654","0.2662"
"274.7360","0.1654","0.2661"
"274.7560","0.1654","0.2661"
"274.7760","0.1654","0.2661"
"274.7960","0.1654","0.2662"
"274.8160","0.1654","0.2661"
"274.8360","0.1654","0.2661"
"274.8560","0.1654","0.2661"
"274.8760","0.1654","0.2661"
"274.8960","0.1654","0.2661"
"274.9160","0.1654","0.2660"
"274.9360","0.1654","0.2660"
"274.9560","0.1654","0.2661"
"274.9760","0.1654","0.2662"
"274.9960","0.1654","0.2661"
"275.0160","0.1654","0.2661"
"275.0360","0.1654","0.2661"
"275.0560","0.1654","0.2660"
"275.0760","0.1654","0.2660"
"275.0960","0.1654","0.2661"
"275.1160","0.1654","0.2661"
"275.1360","0.1654","0.2660"
"275.1560","0.1654","0.2661"
"275.1760","0.1654","0.2661"
"275.1960","0.1654","0.2662"
"275.2160","0.1654","0.2661"
"275.2360","0.1654","0.2660"
"275.2560","0.1654","0.2659"
"275.2760","0.1654","0.2659"
"275.2960","0.1654","0.2659"
"275.3160","0.1654","0.2660"
"275.3360","0.1654","0.2661"
"275.3560","0.1654","0.2661"
"275.3760","0.1654","0.2660"
"275.3960","0.1654","0.2661"
"275.4160","0.1654","0.2661"
"275.4360","0.1654","0.2662"
"275.4560","0.1654","0.2661"
"275.4760","0.1654","0.2661"
"275.4960","0.1654","0.2660"
"275.5160","0.1654","0.2659"
"275.5360","0.1654","0.2658"
"275.5560","0.1654","0.2659"
"275.5760","0.1654","0.2660"
"275.5960","0.1654","0.2660"
"275.6160","0.1654","0.2659"
"275.6360","0.1654","0.2660"
"275.6560","0.1654","0.2660"
"275.6760","0.1654","0.2660"
"275.6960","0.1654","0.2660"
"275.7160","0.1654","0.2660"
"275.7360","0.1654","0.2659"
"275.7560","0.1654","0.2659"
"275.7760","0.1654","0.2659"
"275.7960","0.1654","0.2660"
"275.8160","0.1654","0.2660"
"275.8360","0.1654","0.2660"
"275.8560","0.1654","0.2660"
"275.8760","0.1654","0.2660"
"275.8960","0.1654","0.2660"
"275.9160","0.1654","0.2661"
"275.9360","0.1654","0.2661"
"275.9560","0.1654","0.2660"
"275.9760","0.1654","0.2660"
"275.9960","0.1654","0.2659"
"276.0160","0.1654","0.2659"
"276.0360","0.1654","0.2661"
"276.0560","0.1654","0.2660"
"276.0760","0.1654","0.2660"
"276.0960","0.1654","0.2659"
"276.1160","0.1654","0.2660"
"276.1360","0.1654","0.2660"
"276.1560","0.1654","0.2660"
"276.1760","0.1654","0.2660"
"276.1960","0.1654","0.2659"
"276.2160","0.1654","0.2658"
"276.2360","0.1654","0.2659"
"276.2560","0.1654","0.2659"
"276.2760","0.1654","0.2659"
"276.2960","0.1654","0.2659"
"276.3160","0.1654","0.2659"
"276.3360","0.1654","0.2660"
"276.3560","0.1654","0.2660"
"276.3760","0.1654","0.2660"
"276.3960","0.1654","0.2660"
"276.4160","0.1654","0.2660"
"276.4360","0.1654","0.2660"
"276.4560","0.1654","0.2659"
"276.4760","0.1654","0.2659"
"276.4960","0.1654","0.2659"
"276.5160","0.1654","0.2659"
"276.5360","0.1654","0.2658"
"276.5560","0.1654","0.2659"
"276.5760","0.1654","0.2659"
"276.5960","0.1654","0.2660"
"276.6160","0.1654","0.2659"
"276.6360","0.1654","0.2659"
"276.6560","0.1654","0.2660"
"276.6760","0.1654","0.2659"
"276.6960","0.1654","0.2659"
"276.7160","0.1654","0.2659"
"276.7360","0.1654","0.2658"
"276.7560","0.1654","0.2659"
"276.7760","0.1654","0.2659"
"276.7960","0.1654","0.2659"
"276.8160","0.1654","0.2659"
"276.8360","0.1654","0.2658"
"276.8560","0.1654","0.2659"
"276.8760","0.1654","0.2659"
"276.8960","0.1654","0.2659"
"276.9160","0.1654","0.2659"
"276.9360","0.1654","0.2659"
"276.9560","0.1654","0.2659"
"276.9760","0.1654","0.2659"
"276.9960","0.1654","0.2659"
"277.0160","0.1654","0.2659"
"277.0360","0.1654","0.2659"
"277.0560","0.1654","0.2659"
"277.0760","0.1654","0.2659"
"277.0960","0.1654","0.2660"
"277.1160","0.1654","0.2660"
"277.1360","0.1654","0.2660"
"277.1560","0.1654","0.2660"
"277.1760","0.1654","0.2659"
"277.1960","0.1654","0.2659"
"277.2160","0.1654","0.2659"
"277.2360","0.1654","0.2659"
"277.2560","0.1654","0.2659"
"277.2760","0.1654","0.2659"
"277.2960","0.1654","0.2658"
"277.3160","0.1654","0.2659"
"277.3360","0.1654","0.2659"
"277.3560","0.1654","0.2659"
"277.3760","0.1654","0.2660"
"277.3960","0.1654","0.2660"
"277.4160","0.1654","0.2660"
"277.4360","0.1654","0.2659"
"277.4560","0.1654","0.2659"
"277.4760","0.1654","0.2658"
"277.4960","0.1654","0.2658"
"277.5160","0.1654","0.2659"
"277.5360","0.1654","0.2659"
"277.5560","0.1654","0.2658"
"277.5760","0.1654","0.2658"
"277.5960","0.1654","0.2659"
"277.6160","0.1654","0.2659"
"277.6360","0.1654","0.2659"
"277.6560","0.1654","0.2658"
"277.6760","0.1654","0.2659"
"277.6960","0.1654","0.2659"
"277.7160","0.1654","0.2659"
"277.7360","0.1654","0.2659"
"277.7560","0.1654","0.2659"
"277.7760","0.1654","0.2659"
"277.7960","0.1654","0.2659"
"277.8160","0.1654","0.2658"
"277.8360","0.1654","0.2658"
"277.8560","0.1654","0.2659"
"277.8760","0.1654","0.2658"
"277.8960","0.1654","0.2658"
"277.9160","0.1654","0.2658"
"277.9360","0.1654","0.2658"
"277.9560","0.1654","0.2658"
"277.9760","0.1654","0.2658"
"277.9960","0.1654","0.2658"
"278.0160","0.1654","0.2658"
"278.0360","0.1654","0.2658"
"278.0560","0.1654","0.2658"
"278.0760","0.1654","0.2659"
"278.0960","0.1654","0.2659"
"278.1160","0.1654","0.2659"
"278.1360","0.1654","0.2659"
"278.1560","0.1654","0.2658"
"278.1760","0.1654","0.2658"
"278.1960","0.1654","0.2658"
"278.2160","0.1654","0.2658"
"278.2360","0.1654","0.2658"
"278.2560","0.1654","0.2659"
"278.2760","0.1654","0.2659"
"278.2960","0.1654","0.2659"
"278.3160","0.1654","0.2658"
"278.3360","0.1654","0.2658"
"278.3560","0.1654","0.2658"
"278.3760","0.1654","0.2658"
"278.3960","0.1654","0.2658"
"278.4160","0.1654","0.2659"
"278.4360","0.1654","0.2659"
"278.4560","0.1654","0.2658"
"278.4760","0.1654","0.2658"
"278.4960","0.1654","0.2657"
"278.5160","0.1654","0.2658"
"278.5360","0.1654","0.2658"
"278.5560","0.1654","0.2658"
"278.5760","0.1654","0.2659"
"278.5960","0.1654","0.2658"
"278.6160","0.1654","0.2657"
"278.6360","0.1654","0.2657"
"278.6560","0.1654","0.2657"
"278.6760","0.1654","0.2658"
"278.6960","0.1654","0.2658"
"278.7160","0.1654","0.2658"
"278.7360","0.1654","0.2658"
"278.7560","0.1654","0.2658"
"278.7760","0.1654","0.2658"
"278.7960","0.1654","0.2658"
"278.8160","0.1654","0.2658"
"278.8360","0.1654","0.2658"
"278.8560","0.1654","0.2658"
"278.8760","0.1654","0.2658"
"278.8960","0.1654","0.2657"
"278.9160","0.1654","0.2657"
"278.9360","0.1654","0.2657"
"278.9560","0.1654","0.2658"
"278.9760","0.1654","0.2658"
"278.9960","0.1654","0.2658"
"279.0160","0.1654","0.2658"
"279.0360","0.1654","0.2657"
"279.0560","0.1654","0.2658"
"279.0760","0.1654","0.2658"
"279.0960","0.1654","0.2658"
"279.1160","0.1654","0.2658"
"279.1360","0.1654","0.2658"
"279.1560","0.1654","0.2658"
"279.1760","0.1654","0.2657"
"279.1960","0.1654","0.2657"
"279.2160","0.1654","0.2657"
"279.2360","0.1654","0.2657"
"279.2560","0.1654","0.2658"
"279.2760","0.1654","0.2658"
"279.2960","0.1654","0.2658"
"279.3160","0.1654","0.2658"
"279.3360","0.1654","0.2657"
"279.3560","0.1654","0.2656"
"279.3760","0.1654","0.2657"
"279.3960","0.1654","0.2657"
"279.4160","0.1654","0.2657"
"279.4360","0.1654","0.2658"
"279.4560","0.1654","0.2657"
"279.4760","0.1654","0.2657"
"279.4960","0.1654","0.2657"
"279.5160","0.1654","0.2658"
"279.5360","0.1654","0.2657"
"279.5560","0.1654","0.2656"
"279.5760","0.1654","0.2657"
"279.5960","0.1654","0.2657"
"279.6160","0.1654","0.2657"
"279.6360","0.1654","0.2657"
"279.6560","0.1654","0.2657"
"279.6760","0.1654","0.2656"
"279.6960","0.1654","0.2656"
"279.7160","0.1654","0.2657"
"279.7360","0.1654","0.2657"
"279.7560","0.1654","0.2657"
"279.7760","0.1654","0.2657"
"279.7960","0.1654","0.2656"
"279.8160","0.1654","0.2657"
"279.8360","0.1654","0.2657"
"279.8560","0.1654","0.2657"
"279.8760","0.1654","0.2657"
"279.8960","0.1654","0.2657"
"279.9160","0.1654","0.2657"
"279.9360","0.1654","0.2658"
"279.9560","0.1654","0.2657"
"279.9760","0.1654","0.2657"
"279.9960","0.1654","0.2657"
"280.0160","0.1654","0.2657"
"280.0360","0.1654","0.2658"
"280.0560","0.1654","0.2657"
"280.0760","0.1654","0.2656"
"280.0960","0.1654","0.2657"
"280.1160","0.1654","0.2656"
"280.1360","0.1654","0.2656"
"280.1560","0.1654","0.2656"
"280.1760","0.1654","0.2657"
"280.1960","0.1654","0.2658"
"280.2160","0.1654","0.2657"
"280.2360","0.1654","0.2657"
"280.2560","0.1654","0.2657"
"280.2760","0.1654","0.2657"
"280.2960","0.1654","0.2657"
"280.3160","0.1654","0.2657"
"280.3360","0.1654","0.2657"
"280.3560","0.1654","0.2657"
"280.3760","0.1654","0.2656"
"280.3960","0.1654","0.2656"
"280.4160","0.1654","0.2656"
"280.4360","0.1654","0.2656"
"280.4560","0.1654","0.2657"
"280.4760","0.1654","0.2656"
"280.4960","0.1654","0.2657"
"280.5160","0.1654","0.2657"
"280.5360","0.1654","0.2656"
"280.5560","0.1654","0.2656"
"280.5760","0.1654","0.2656"
"280.5960","0.1654","0.2656"
"280.6160","0.1654","0.2657"
"280.6360","0.1654","0.2657"
"280.6560","0.1654","0.2658"
"280.6760","0.1654","0.2658"
"280.6960","0.1654","0.2657"
"280.7160","0.1654","0.2656"
"280.7360","0.1654","0.2656"
"280.7560","0.1654","0.2657"
"280.7760","0.1654","0.2657"
"280.7960","0.1654","0.2656"
"280.8160","0.1654","0.2656"
"280.8360","0.1654","0.2656"
"280.8560","0.1654","0.2657"
"280.8760","0.1654","0.2656"
"280.8960","0.1654","0.2655"
"280.9160","0.1654","0.2655"
"280.9360","0.1654","0.2656"
"280.9560","0.1654","0.2657"
"280.9760","0.1654","0.2657"
"280.9960","0.1654","0.2656"
"281.0160","0.1654","0.2656"
"281.0360","0.1654","0.2656"
"281.0560","0.1654","0.2655"
"281.0760","0.1654","0.2656"
"281.0960","0.1654","0.2656"
"281.1160","0.1654","0.2657"
"281.1360","0.1654","0.2657"
"281.1560","0.1654","0.2657"
"281.1760","0.1654","0.2657"
"281.1960","0.1654","0.2656"
"281.2160","0.1654","0.2656"
"281.2360","0.1654","0.2655"
"281.2560","0.1654","0.2655"
"281.2760","0.1654","0.2656"
"281.2960","0.1654","0.2656"
"281.3160","0.1654","0.2657"
"281.3360","0.1654","0.2657"
"281.3560","0.1654","0.2656"
"281.3760","0.1654","0.2656"
"281.3960","0.1654","0.2655"
"281.4160","0.1654","0.2655"
"281.4360","0.1654","0.2655"
"281.4560","0.1654","0.2654"
"281.4760","0.1654","0.2655"
"281.4960","0.1654","0.2655"
"281.5160","0.1654","0.2656"
"281.5360","0.1654","0.2656"
"281.5560","0.1654","0.2656"
"281.5760","0.1654","0.2656"
"281.5960","0.1654","0.2656"
"281.6160","0.1654","0.2655"
"281.6360","0.1654","0.2655"
"281.6560","0.1654","0.2656"
"281.6760","0.1654","0.2655"
"281.6960","0.1654","0.2655"
"281.7160","0.1654","0.2655"
"281.7360","0.1654","0.2656"
"281.7560","0.1654","0.2657"
"281.7760","0.1654","0.2657"
"281.7960","0.1654","0.2656"
"281.8160","0.1654","0.2656"
"281.8360","0.1654","0.2656"
"281.8560","0.1654","0.2656"
"281.8760","0.1654","0.2655"
"281.8960","0.1654","0.2656"
"281.9160","0.1654","0.2656"
"281.9360","0.1654","0.2656"
"281.9560","0.1654","0.2655"
"281.9760","0.1654","0.2655"
"281.9960","0.1654","0.2655"
"282.0160","0.1654","0.2655"
"282.0360","0.1654","0.2656"
"282.0560","0.1654","0.2656"
"282.0760","0.1654","0.2655"
"282.0960","0.1654","0.2655"
"282.1160","0.1654","0.2655"
"282.1360","0.1654","0.2655"
"282.1560","0.1654","0.2655"
"282.1760","0.1654","0.2654"
"282.1960","0.1654","0.2654"
"282.2160","0.1654","0.2654"
"282.2360","0.1654","0.2655"
"282.2560","0.1654","0.2656"
"282.2760","0.1654","0.2656"
"282.2960","0.1654","0.2656"
"282.3160","0.1654","0.2655"
"282.3360","0.1654","0.2655"
"282.3560","0.1654","0.2656"
"282.3760","0.1654","0.2656"
"282.3960","0.1654","0.2655"
"282.4160","0.1654","0.2654"
"282.4360","0.1654","0.2655"
"282.4560","0.1654","0.2654"
"282.4760","0.1654","0.2654"
"282.4960","0.1654","0.2655"
"282.5160","0.1654","0.2656"
"282.5360","0.1654","0.2656"
"282.5560","0.1654","0.2656"
"282.5760","0.1654","0.2656"
"282.5960","0.1654","0.2656"
"282.6160","0.1654","0.2655"
"282.6360","0.1654","0.2655"
"282.6560","0.1654","0.2655"
"282.6760","0.1654","0.2655"
"282.6960","0.1654","0.2654"
"282.7160","0.1654","0.2655"
"282.7360","0.1654","0.2655"
"282.7560","0.1654","0.2655"
"282.7760","0.1654","0.2655"
"282.7960","0.1654","0.2655"
"282.8160","0.1654","0.2655"
"282.8360","0.1654","0.2655"
"282.8560","0.1654","0.2654"
"282.8760","0.1654","0.2654"
"282.8960","0.1654","0.2654"
"282.9160","0.1654","0.2655"
"282.9360","0.1654","0.2654"
"282.9560","0.1654","0.2654"
"282.9760","0.1654","0.2654"
"282.9960","0.1654","0.2655"
"283.0160","0.1654","0.2655"
"283.0360","0.1654","0.2655"
"283.0560","0.1654","0.2653"
"283.0760","0.1654","0.2653"
"283.0960","0.1654","0.2653"
"283.1160","0.1654","0.2654"
"283.1360","0.1654","0.2655"
"283.1560","0.1654","0.2654"
"283.1760","0.1654","0.2655"
"283.1960","0.1654","0.2656"
"283.2160","0.1654","0.2655"
"283.2360","0.1654","0.2654"
"283.2560","0.1654","0.2654"
"283.2760","0.1654","0.2655"
"283.2960","0.1654","0.2656"
"283.3160","0.1654","0.2656"
"283.3360","0.1654","0.2655"
"283.3560","0.1654","0.2655"
"283.3760","0.1654","0.2655"
"283.3960","0.1654","0.2655"
"283.4160","0.1654","0.2655"
"283.4360","0.1654","0.2655"
"283.4560","0.1654","0.2656"
"283.4760","0.1654","0.2655"
"283.4960","0.1654","0.2655"
"283.5160","0.1654","0.2655"
"283.5360","0.1654","0.2655"
"283.5560","0.1654","0.2655"
"283.5760","0.1654","0.2654"
"283.5960","0.1654","0.2654"
"283.6160","0.1654","0.2654"
"283.6360","0.1654","0.2655"
"283.6560","0.1654","0.2655"
"283.6760","0.1654","0.2655"
"283.6960","0.1654","0.2654"
"283.7160","0.1654","0.2654"
"283.7360","0.1654","0.2654"
"283.7560","0.1654","0.2653"
"283.7760","0.1654","0.2653"
"283.7960","0.1654","0.2654"
"283.8160","0.1654","0.2654"
"283.8360","0.1654","0.2655"
"283.8560","0.1654","0.2655"
"283.8760","0.1654","0.2655"
"283.8960","0.1654","0.2655"
"283.9160","0.1654","0.2654"
"283.9360","0.1654","0.2653"
"283.9560","0.1654","0.2654"
"283.9760","0.1654","0.2654"
"283.9960","0.1654","0.2654"
"284.0160","0.1654","0.2654"
"284.0360","0.1654","0.2654"
"284.0560","0.1654","0.2654"
"284.0760","0.1654","0.2653"
"284.0960","0.1654","0.2654"
"284.1160","0.1654","0.2654"
"284.1360","0.1654","0.2654"
"284.1560","0.1654","0.2654"
"284.1760","0.1654","0.2654"
"284.1960","0.1654","0.2653"
"284.2160","0.1654","0.2653"
"284.2360","0.1654","0.2653"
"284.2560","0.1654","0.2653"
"284.2760","0.1654","0.2653"
"284.2960","0.1654","0.2654"
"284.3160","0.1654","0.2654"
"284.3360","0.1654","0.2654"
"284.3560","0.1654","0.2654"
"284.3760","0.1654","0.2654"
"284.3960","0.1654","0.2654"
"284.4160","0.1654","0.2653"
"284.4360","0.1654","0.2654"
"284.4560","0.1654","0.2654"
"284.4760","0.1654","0.2653"
"284.4960","0.1654","0.2653"
"284.5160","0.1654","0.2652"
"284.5360","0.1654","0.2653"
"284.5560","0.1654","0.2654"
"284.5760","0.1654","0.2653"
"284.5960","0.1654","0.2654"
"284.6160","0.1654","0.2654"
"284.6360","0.1654","0.2654"
"284.6560","0.1654","0.2654"
"284.6760","0.1654","0.2653"
"284.6960","0.1654","0.2653"
"284.7160","0.1654","0.2653"
"284.7360","0.1654","0.2653"
"284.7560","0.1654","0.2653"
"284.7760","0.1654","0.2652"
"284.7960","0.1654","0.2652"
"284.8160","0.1654","0.2653"
"284.8360","0.1654","0.2654"
"284.8560","0.1654","0.2654"
"284.8760","0.1654","0.2653"
"284.8960","0.1654","0.2653"
"284.9160","0.1654","0.2653"
"284.9360","0.1654","0.2653"
"284.9560","0.1654","0.2653"
"284.9760","0.1654","0.2653"
"284.9960","0.1654","0.2653"
"285.0160","0.1654","0.2653"
"285.0360","0.1654","0.2654"
"285.0560","0.1654","0.2654"
"285.0760","0.1654","0.2654"
"285.0960","0.1654","0.2653"
"285.1160","0.1654","0.2653"
"285.1360","0.1654","0.2653"
"285.1560","0.1654","0.2653"
"285.1760","0.1654","0.2653"
"285.1960","0.1654","0.2652"
"285.2160","0.1654","0.2653"
"285.2360","0.1654","0.2654"
"285.2560","0.1654","0.2654"
"285.2760","0.1654","0.2653"
"285.2960","0.1654","0.2653"
"285.3160","0.1654","0.2653"
"285.3360","0.1654","0.2652"
"285.3560","0.1654","0.2653"
"285.3760","0.1654","0.2653"
"285.3960","0.1654","0.2653"
"285.4160","0.1654","0.2653"
"285.4360","0.1654","0.2653"
"285.4560","0.1654","0.2652"
"285.4760","0.1654","0.2652"
"285.4960","0.1654","0.2653"
"285.5160","0.1654","0.2654"
"285.5360","0.1654","0.2654"
"285.5560","0.1654","0.2654"
"285.5760","0.1654","0.2653"
"285.5960","0.1654","0.2653"
"285.6160","0.1654","0.2654"
"285.6360","0.1654","0.2653"
"285.6560","0.1654","0.2652"
"285.6760","0.1654","0.2652"
"285.6960","0.1654","0.2652"
"285.7160","0.1654","0.2652"
"285.7360","0.1654","0.2652"
"285.7560","0.1654","0.2653"
"285.7760","0.1654","0.2653"
"285.7960","0.1654","0.2652"
"285.8160","0.1654","0.2652"
"285.8360","0.1654","0.2652"
"285.8560","0.1654","0.2653"
"285.8760","0.1654","0.2653"
"285.8960","0.1654","0.2652"
"285.9160","0.1654","0.2653"
"285.9360","0.1654","0.2652"
"285.9560","0.1654","0.2652"
"285.9760","0.1654","0.2652"
"285.9960","0.1654","0.2653"
"286.0160","0.1654","0.2653"
"286.0360","0.1654","0.2653"
"286.0560","0.1654","0.2653"
"286.0760","0.1654","0.2652"
"286.0960","0.1654","0.2651"
"286.1160","0.1654","0.2652"
"286.1360","0.1654","0.2653"
"286.1560","0.1654","0.2653"
"286.1760","0.1654","0.2653"
"286.1960","0.1654","0.2653"
"286.2160","0.1654","0.2653"
"286.2360","0.1654","0.2653"
"286.2560","0.1654","0.2653"
"286.2760","0.1654","0.2652"
"286.2960","0.1654","0.2653"
"286.3160","0.1654","0.2653"
"286.3360","0.1654","0.2653"
"286.3560","0.1654","0.2653"
"286.3760","0.1654","0.2653"
"286.3960","0.1654","0.2652"
"286.4160","0.1654","0.2652"
"286.4360","0.1654","0.2653"
"286.4560","0.1654","0.2652"
"286.4760","0.1654","0.2652"
"286.4960","0.1654","0.2652"
"286.5160","0.1654","0.2652"
"286.5360","0.1654","0.2652"
"286.5560","0.1654","0.2653"
"286.5760","0.1654","0.2653"
"286.5960","0.1654","0.2652"
"286.6160","0.1654","0.2652"
"286.6360","0.1654","0.2652"
"286.6560","0.1654","0.2652"
"286.6760","0.1654","0.2651"
"286.6960","0.1654","0.2651"
"286.7160","0.1654","0.2651"
"286.7360","0.1654","0.2652"
"286.7560","0.1654","0.2652"
"286.7760","0.1654","0.2653"
"286.7960","0.1654","0.2653"
"286.8160","0.1654","0.2654"
"286.8360","0.1654","0.2654"
"286.8560","0.1654","0.2652"
"286.8760","0.1654","0.2652"
"286.8960","0.1654","0.2652"
"286.9160","0.1654","0.2652"
"286.9360","0.1654","0.2652"
"286.9560","0.1654","0.2652"
"286.9760","0.1654","0.2652"
"286.9960","0.1654","0.2653"
"287.0160","0.1654","0.2653"
"287.0360","0.1654","0.2654"
"287.0560","0.1654","0.2653"
"287.0760","0.1654","0.2652"
"287.0960","0.1654","0.2651"
"287.1160","0.1654","0.2651"
"287.1360","0.1654","0.2652"
"287.1560","0.1654","0.2652"
"287.1760","0.1654","0.2652"
"287.1960","0.1654","0.2652"
"287.2160","0.1654","0.2652"
"287.2360","0.1654","0.2652"
"287.2560","0.1654","0.2652"
"287.2760","0.1654","0.2652"
"287.2960","0.1654","0.2652"
"287.3160","0.1654","0.2652"
"287.3360","0.1654","0.2652"
"287.3560","0.1654","0.2651"
"287.3760","0.1654","0.2651"
"287.3960","0.1654","0.2652"
"287.4160","0.1654","0.2652"
"287.4360","0.1654","0.2651"
"287.4560","0.1654","0.2651"
"287.4760","0.1654","0.2651"
"287.4960","0.1654","0.2652"
"287.5160","0.1654","0.2651"
"287.5360","0.1654","0.2652"
"287.5560","0.1654","0.2652"
"287.5760","0.1654","0.2651"
"287.5960","0.1654","0.2652"
"287.6160","0.1654","0.2652"
"287.6360","0.1654","0.2652"
"287.6560","0.1654","0.2651"
"287.6760","0.1654","0.2651"
"287.6960","0.1654","0.2652"
"287.7160","0.1654","0.2652"
"287.7360","0.1654","0.2652"
"287.7560","0.1654","0.2652"
"287.7760","0.1654","0.2651"
"287.7960","0.1654","0.2651"
"287.8160","0.1654","0.2651"
"287.8360","0.1654","0.2651"
"287.8560","0.1654","0.2650"
"287.8760","0.1654","0.2651"
"287.8960","0.1654","0.2651"
"287.9160","0.1654","0.2650"
"287.9360","0.1654","0.2651"
"287.9560","0.1654","0.2652"
"287.9760","0.1654","0.2652"
"287.9960","0.1654","0.2652"
"288.0160","0.1654","0.2651"
"288.0360","0.1654","0.2651"
"288.0560","0.1654","0.2651"
"288.0760","0.1654","0.2651"
"288.0960","0.1654","0.2651"
"288.1160","0.1654","0.2651"
"288.1360","0.1654","0.2651"
"288.1560","0.1654","0.2651"
"288.1760","0.1654","0.2651"
"288.1960","0.1654","0.2651"
"288.2160","0.1654","0.2652"
"288.2360","0.1654","0.2651"
"288.2560","0.1654","0.2652"
"288.2760","0.1654","0.2653"
"288.2960","0.1654","0.2652"
"288.3160","0.1654","0.2651"
"288.3360","0.1654","0.2651"
"288.3560","0.1654","0.2651"
"288.3760","0.1654","0.2651"
"288.3960","0.1654","0.2651"
"288.4160","0.1654","0.2651"
"288.4360","0.1654","0.2651"
"288.4560","0.1654","0.2651"
"288.4760","0.1654","0.2651"
"288.4960","0.1654","0.2651"
"288.5160","0.1654","0.2651"
"288.5360","0.1654","0.2651"
"288.5560","0.1654","0.2652"
"288.5760","0.1654","0.2652"
"288.5960","0.1654","0.2651"
"288.6160","0.1654","0.2650"
"288.6360","0.1654","0.2651"
"288.6560","0.1654","0.2651"
"288.6760","0.1654","0.2651"
"288.6960","0.1654","0.2651"
"288.7160","0.1654","0.2651"
"288.7360","0.1654","0.2652"
"288.7560","0.1654","0.2652"
"288.7760","0.1654","0.2651"
"288.7960","0.1654","0.2650"
"288.8160","0.1654","0.2650"
"288.8360","0.1654","0.2651"
"288.8560","0.1654","0.2651"
"288.8760","0.1654","0.2650"
"288.8960","0.1654","0.2651"
"288.9160","0.1654","0.2651"
"288.9360","0.1654","0.2651"
"288.9560","0.1654","0.2651"
"288.9760","0.1654","0.2652"
"288.9960","0.1654","0.2651"
"289.0160","0.1654","0.2651"
"289.0360","0.1654","0.2651"
"289.0560","0.1654","0.2652"
"289.0760","0.1654","0.2651"
"289.0960","0.1654","0.2651"
"289.1160","0.1654","0.2650"
"289.1360","0.1654","0.2651"
"289.1560","0.1654","0.2650"
"289.1760","0.1654","0.2650"
"289.1960","0.1654","0.2651"
"289.2160","0.1654","0.2650"
"289.2360","0.1654","0.2650"
"289.2560","0.1654","0.2650"
"289.2760","0.1654","0.2650"
"289.2960","0.1654","0.2651"
"289.3160","0.1654","0.2651"
"289.3360","0.1654","0.2650"
"289.3560","0.1654","0.2651"
"289.3760","0.1654","0.2650"
"289.3960","0.1654","0.2650"
"289.4160","0.1654","0.2651"
"289.4360","0.1654","0.2651"
"289.4560","0.1654","0.2652"
"289.4760","0.1654","0.2651"
"289.4960","0.1654","0.2650"
"289.5160","0.1654","0.2650"
"289.5360","0.1654","0.2650"
"289.5560","0.1654","0.2650"
"289.5760","0.1654","0.2650"
"289.5960","0.1654","0.2650"
"289.6160","0.1654","0.2650"
"289.6360","0.1654","0.2650"
"289.6560","0.1654","0.2650"
"289.6760","0.1654","0.2650"
"289.6960","0.1654","0.2650"
"289.7160","0.1654","0.2650"
"289.7360","0.1654","0.2651"
"289.7560","0.1654","0.2651"
"289.7760","0.1654","0.2651"
"289.7960","0.1654","0.2651"
"289.8160","0.1654","0.2650"
"289.8360","0.1654","0.2650"
"289.8560","0.1654","0.2650"
"289.8760","0.1654","0.2649"
"289.8960","0.1654","0.2649"
"289.9160","0.1654","0.2650"
"289.9360","0.1654","0.2651"
"289.9560","0.1654","0.2651"
"289.9760","0.1654","0.2651"
"289.9960","0.1654","0.2649"
"290.0160","0.1654","0.2649"
"290.0360","0.1654","0.2649"
"290.0560","0.1654","0.2650"
"290.0760","0.1654","0.2650"
"290.0960","0.1654","0.2649"
"290.1160","0.1654","0.2650"
"290.1360","0.1654","0.2650"
"290.1560","0.1654","0.2650"
"290.1760","0.1654","0.2649"
"290.1960","0.1654","0.2650"
"290.2160","0.1654","0.2651"
"290.2360","0.1654","0.2650"
"290.2560","0.1654","0.2650"
"290.2760","0.1654","0.2649"
"290.2960","0.1654","0.2650"
"290.3160","0.1654","0.2650"
"290.3360","0.1654","0.2650"
"290.3560","0.1654","0.2650"
"290.3760","0.1654","0.2650"
"290.3960","0.1654","0.2650"
"290.4160","0.1654","0.2650"
"290.4360","0.1654","0.2650"
"290.4560","0.1654","0.2650"
"290.4760","0.1654","0.2649"
"290.4960","0.1654","0.2649"
"290.5160","0.1654","0.2650"
"290.5360","0.1654","0.2650"
"290.5560","0.1654","0.2649"
"290.5760","0.1654","0.2649"
"290.5960","0.1654","0.2650"
"290.6160","0.1654","0.2649"
"290.6360","0.1654","0.2649"
"290.6560","0.1654","0.2650"
"290.6760","0.1654","0.2650"
"290.6960","0.1654","0.2651"
"290.7160","0.1654","0.2650"
"290.7360","0.1654","0.2649"
"290.7560","0.1654","0.2649"
"290.7760","0.1654","0.2649"
"290.7960","0.1654","0.2650"
"290.8160","0.1654","0.2649"
"290.8360","0.1654","0.2648"
"290.8560","0.1654","0.2648"
"290.8760","0.1654","0.2649"
"290.8960","0.1654","0.2650"
"290.9160","0.1654","0.2650"
"290.9360","0.1654","0.2650"
"290.9560","0.1654","0.2650"
"290.9760","0.1654","0.2650"
"290.9960","0.1654","0.2650"
"291.0160","0.1654","0.2649"
"291.0360","0.1654","0.2649"
"291.0560","0.1654","0.2650"
"291.0760","0.1654","0.2650"
"291.0960","0.1654","0.2649"
"291.1160","0.1654","0.2649"
"291.1360","0.1654","0.2649"
"291.1560","0.1654","0.2649"
"291.1760","0.1654","0.2649"
"291.1960","0.1654","0.2649"
"291.2160","0.1654","0.2650"
"291.2360","0.1654","0.2649"
"291.2560","0.1654","0.2648"
"291.2760","0.1654","0.2648"
"291.2960","0.1654","0.2648"
"291.3160","0.1654","0.2649"
"291.3360","0.1654","0.2649"
"291.3560","0.1654","0.2648"
"291.3760","0.1654","0.2648"
"291.3960","0.1654","0.2648"
"291.4160","0.1654","0.2649"
"291.4360","0.1654","0.2649"
"291.4560","0.1654","0.2650"
"291.4760","0.1654","0.2648"
"291.4960","0.1654","0.2648"
"291.5160","0.1654","0.2648"
"291.5360","0.1654","0.2649"
"291.5560","0.1654","0.2649"
"291.5760","0.1654","0.2649"
"291.5960","0.1654","0.2649"
"291.6160","0.1654","0.2649"
"291.6360","0.1654","0.2649"
"291.6560","0.1654","0.2649"
"291.6760","0.1654","0.2649"
"291.6960","0.1654","0.2648"
"291.7160","0.1654","0.2648"
"291.7360","0.1654","0.2648"
"291.7560","0.1654","0.2648"
"291.7760","0.1654","0.2648"
"291.7960","0.1654","0.2649"
"291.8160","0.1654","0.2649"
"291.8360","0.1654","0.2649"
"291.8560","0.1654","0.2649"
"291.8760","0.1654","0.2649"
"291.8960","0.1654","0.2649"
"291.9160","0.1654","0.2648"
"291.9360","0.1654","0.2648"
"291.9560","0.1654","0.2648"
"291.9760","0.1654","0.2648"
"291.9960","0.1654","0.2648"
"292.0160","0.1654","0.2648"
"292.0360","0.1654","0.2648"
"292.0560","0.1654","0.2648"
"292.0760","0.1654","0.2648"
"292.0960","0.1654","0.2648"
"292.1160","0.1654","0.2649"
"292.1360","0.1654","0.2648"
"292.1560","0.1654","0.2648"
"292.1760","0.1654","0.2649"
"292.1960","0.1654","0.2649"
"292.2160","0.1654","0.2648"
"292.2360","0.1654","0.2648"
"292.2560","0.1654","0.2648"
"292.2760","0.1654","0.2648"
"292.2960","0.1654","0.2648"
"292.3160","0.1654","0.2648"
"292.3360","0.1654","0.2648"
"292.3560","0.1654","0.2648"
"292.3760","0.1654","0.2648"
"292.3960","0.1654","0.2648"
"292.4160","0.1654","0.2649"
"292.4360","0.1654","0.2649"
"292.4560","0.1654","0.2648"
"292.4760","0.1654","0.2648"
"292.4960","0.1654","0.2648"
"292.5160","0.1654","0.2648"
"292.5360","0.1654","0.2648"
"292.5560","0.1654","0.2649"
"292.5760","0.1654","0.2649"
"292.5960","0.1654","0.2648"
"292.6160","0.1654","0.2648"
"292.6360","0.1654","0.2649"
"292.6560","0.1654","0.2649"
"292.6760","0.1654","0.2648"
"292.6960","0.1654","0.2648"
"292.7160","0.1654","0.2648"
"292.7360","0.1654","0.2647"
"292.7560","0.1654","0.2647"
"292.7760","0.1654","0.2648"
"292.7960","0.1654","0.2649"
"292.8160","0.1654","0.2649"
"292.8360","0.1654","0.2650"
"292.8560","0.1654","0.2650"
"292.8760","0.1654","0.2649"
"292.8960","0.1654","0.2649"
"292.9160","0.1654","0.2648"
"292.9360","0.1654","0.2647"
"292.9560","0.1654","0.2647"
"292.9760","0.1654","0.2648"
"292.9960","0.1654","0.2648"
"293.0160","0.1654","0.2648"
"293.0360","0.1654","0.2647"
"293.0560","0.1654","0.2648"
"293.0760","0.1654","0.2648"
"293.0960","0.1654","0.2647"
"293.1160","0.1654","0.2647"
"293.1360","0.1654","0.2648"
"293.1560","0.1654","0.2648"
"293.1760","0.1654","0.2648"
"293.1960","0.1654","0.2648"
"293.2160","0.1654","0.2647"
"293.2360","0.1654","0.2647"
"293.2560","0.1654","0.2647"
"293.2760","0.1654","0.2647"
"293.2960","0.1654","0.2648"
"293.3160","0.1654","0.2649"
"293.3360","0.1654","0.2648"
"293.3560","0.1654","0.2648"
"293.3760","0.1654","0.2647"
"293.3960","0.1654","0.2647"
"293.4160","0.1654","0.2648"
"293.4360","0.1654","0.2648"
"293.4560","0.1654","0.2648"
"293.4760","0.1654","0.2648"
"293.4960","0.1654","0.2648"
"293.5160","0.1654","0.2647"
"293.5360","0.1654","0.2647"
"293.5560","0.1654","0.2647"
"293.5760","0.1654","0.2648"
"293.5960","0.1654","0.2649"
"293.6160","0.1654","0.2648"
"293.6360","0.1654","0.2648"
"293.6560","0.1654","0.2648"
"293.6760","0.1654","0.2647"
"293.6960","0.1654","0.2647"
"293.7160","0.1654","0.2647"
"293.7360","0.1654","0.2647"
"293.7560","0.1654","0.2647"
"293.7760","0.1654","0.2647"
"293.7960","0.1654","0.2648"
"293.8160","0.1654","0.2647"
"293.8360","0.1654","0.2647"
"293.8560","0.1654","0.2647"
"293.8760","0.1654","0.2648"
"293.8960","0.1654","0.2648"
"293.9160","0.1654","0.2647"
"293.9360","0.1654","0.2646"
"293.9560","0.1654","0.2646"
"293.9760","0.1654","0.2647"
"293.9960","0.1654","0.2647"
"294.0160","0.1654","0.2647"
"294.0360","0.1654","0.2647"
"294.0560","0.1654","0.2647"
"294.0760","0.1654","0.2647"
"294.0960","0.1654","0.2647"
"294.1160","0.1654","0.2647"
"294.1360","0.1654","0.2648"
"294.1560","0.1654","0.2648"
"294.1760","0.1654","0.2647"
"294.1960","0.1654","0.2647"
"294.2160","0.1654","0.2648"
"294.2360","0.1654","0.2648"
"294.2560","0.1654","0.2648"
"294.2760","0.1654","0.2647"
"294.2960","0.1654","0.2648"
"294.3160","0.1654","0.2647"
"294.3360","0.1654","0.2647"
"294.3560","0.1654","0.2647"
"294.3760","0.1654","0.2647"
"294.3960","0.1654","0.2647"
"294.4160","0.1654","0.2646"
"294.4360","0.1654","0.2646"
"294.4560","0.1654","0.2647"
"294.4760","0.1654","0.2648"
"294.4960","0.1654","0.2647"
"294.5160","0.1654","0.2646"
"294.5360","0.1654","0.2646"
"294.5560","0.1654","0.2646"
"294.5760","0.1654","0.2647"
"294.5960","0.1654","0.2647"
"294.6160","0.1654","0.2647"
"294.6360","0.1654","0.2648"
"294.6560","0.1654","0.2647"
"294.6760","0.1654","0.2647"
"294.6960","0.1654","0.2647"
"294.7160","0.1654","0.2647"
"294.7360","0.1654","0.2646"
"294.7560","0.1654","0.2646"
"294.7760","0.1654","0.2646"
"294.7960","0.1654","0.2647"
"294.8160","0.1654","0.2647"
"294.8360","0.1654","0.2647"
"294.8560","0.1654","0.2647"
"294.8760","0.1654","0.2646"
"294.8960","0.1654","0.2646"
"294.9160","0.1654","0.2646"
"294.9360","0.1654","0.2647"
"294.9560","0.1654","0.2646"
"294.9760","0.1654","0.2646"
"294.9960","0.1654","0.2646"
"295.0160","0.1654","0.2646"
"295.0360","0.1654","0.2647"
"295.0560","0.1654","0.2647"
"295.0760","0.1654","0.2647"
"295.0960","0.1654","0.2647"
"295.1160","0.1654","0.2647"
"295.1360","0.1654","0.2647"
"295.1560","0.1654","0.2647"
"295.1760","0.1654","0.2647"
"295.1960","0.1654","0.2646"
"295.2160","0.1654","0.2646"
"295.2360","0.1654","0.2647"
"295.2560","0.1654","0.2648"
"295.2760","0.1654","0.2648"
"295.2960","0.1654","0.2647"
"295.3160","0.1654","0.2646"
"295.3360","0.1654","0.2646"
"295.3560","0.1654","0.2646"
"295.3760","0.1654","0.2646"
"295.3960","0.1654","0.2646"
"295.4160","0.1654","0.2647"
"295.4360","0.1654","0.2646"
"295.4560","0.1654","0.2646"
"295.4760","0.1654","0.2646"
"295.4960","0.1654","0.2646"
"295.5160","0.1654","0.2646"
"295.5360","0.1654","0.2647"
"295.5560","0.1654","0.2647"
"295.5760","0.1654","0.2646"
"295.5960","0.1654","0.2646"
"295.6160","0.1654","0.2646"
"295.6360","0.1654","0.2646"
"295.6560","0.1654","0.2645"
"295.6760","0.1654","0.2645"
"295.6960","0.1654","0.2645"
"295.7160","0.1654","0.2646"
"295.7360","0.1654","0.2646"
"295.7560","0.1654","0.2646"
"295.7760","0.1654","0.2647"
"295.7960","0.1654","0.2646"
"295.8160","0.1654","0.2646"
"295.8360","0.1654","0.2646"
"295.8560","0.1654","0.2646"
"295.8760","0.1654","0.2646"
"295.8960","0.1654","0.2647"
"295.9160","0.1654","0.2646"
"295.9360","0.1654","0.2646"
"295.9560","0.1654","0.2646"
"295.9760","0.1654","0.2646"
"295.9960","0.1654","0.2645"
"296.0160","0.1654","0.2645"
"296.0360","0.1654","0.2646"
"296.0560","0.1654","0.2646"
"296.0760","0.1654","0.2646"
"296.0960","0.1654","0.2646"
"296.1160","0.1654","0.2646"
"296.1360","0.1654","0.2646"
"296.1560","0.1654","0.2647"
"296.1760","0.1654","0.2645"
"296.1960","0.1654","0.2645"
"296.2160","0.1654","0.2645"
"296.2360","0.1654","0.2645"
"296.2560","0.1654","0.2645"
"296.2760","0.1654","0.2645"
"296.2960","0.1654","0.2646"
"296.3160","0.1654","0.2647"
"296.3360","0.1654","0.2647"
"296.3560","0.1654","0.2646"
"296.3760","0.1654","0.2646"
"296.3960","0.1654","0.2646"
"296.4160","0.1654","0.2646"
"296.4360","0.1654","0.2645"
"296.4560","0.1654","0.2646"
"296.4760","0.1654","0.2646"
"296.4960","0.1654","0.2646"
"296.5160","0.1654","0.2646"
"296.5360","0.1654","0.2646"
"296.5560","0.1654","0.2646"
"296.5760","0.1654","0.2646"
"296.5960","0.1654","0.2645"
"296.6160","0.1654","0.2644"
"296.6360","0.1654","0.2646"
"296.6560","0.1654","0.2646"
"296.6760","0.1654","0.2646"
"296.6960","0.1654","0.2645"
"296.7160","0.1654","0.2646"
"296.7360","0.1654","0.2646"
"296.7560","0.1654","0.2646"
"296.7760","0.1654","0.2646"
"296.7960","0.1654","0.2645"
"296.8160","0.1654","0.2645"
"296.8360","0.1654","0.2644"
"296.8560","0.1654","0.2645"
"296.8760","0.1654","0.2646"
"296.8960","0.1654","0.2646"
"296.9160","0.1654","0.2646"
"296.9360","0.1654","0.2647"
"296.9560","0.1654","0.2646"
"296.9760","0.1654","0.2646"
"296.9960","0.1654","0.2646"
"297.0160","0.1654","0.2646"
"297.0360","0.1654","0.2645"
"297.0560","0.1654","0.2645"
"297.0760","0.1654","0.2645"
"297.0960","0.1654","0.2645"
"297.1160","0.1654","0.2645"
"297.1360","0.1654","0.2646"
"297.1560","0.1654","0.2646"
"297.1760","0.1654","0.2646"
"297.1960","0.1654","0.2646"
"297.2160","0.1654","0.2646"
"297.2360","0.1654","0.2645"
"297.2560","0.1654","0.2645"
"297.2760","0.1654","0.2645"
"297.2960","0.1654","0.2645"
"297.3160","0.1654","0.2645"
"297.3360","0.1654","0.2644"
"297.3560","0.1654","0.2645"
"297.3760","0.1654","0.2644"
"297.3960","0.1654","0.2645"
"297.4160","0.1654","0.2646"
"297.4360","0.1654","0.2646"
"297.4560","0.1654","0.2646"
"297.4760","0.1654","0.2646"
"297.4960","0.1654","0.2645"
"297.5160","0.1654","0.2645"
"297.5360","0.1654","0.2645"
"297.5560","0.1654","0.2644"
"297.5760","0.1654","0.2644"
"297.5960","0.1654","0.2644"
"297.6160","0.1654","0.2645"
"297.6360","0.1654","0.2645"
"297.6560","0.1654","0.2645"
"297.6760","0.1654","0.2645"
"297.6960","0.1654","0.2645"
"297.7160","0.1654","0.2645"
"297.7360","0.1654","0.2644"
"297.7560","0.1654","0.2644"
"297.7760","0.1654","0.2645"
"297.7960","0.1654","0.2644"
"297.8160","0.1654","0.2644"
"297.8360","0.1654","0.2644"
"297.8560","0.1654","0.2644"
"297.8760","0.1654","0.2645"
"297.8960","0.1654","0.2645"
"297.9160","0.1654","0.2646"
"297.9360","0.1654","0.2645"
"297.9560","0.1654","0.2645"
"297.9760","0.1654","0.2646"
"297.9960","0.1654","0.2645"
"298.0160","0.1654","0.2644"
"298.0360","0.1654","0.2644"
"298.0560","0.1654","0.2644"
"298.0760","0.1654","0.2645"
"298.0960","0.1654","0.2645"
"298.1160","0.1654","0.2645"
"298.1360","0.1654","0.2644"
"298.1560","0.1654","0.2644"
"298.1760","0.1654","0.2644"
"298.1960","0.1654","0.2645"
"298.2160","0.1654","0.2645"
"298.2360","0.1654","0.2644"
"298.2560","0.1654","0.2645"
"298.2760","0.1654","0.2645"
"298.2960","0.1654","0.2645"
"298.3160","0.1654","0.2645"
"298.3360","0.1654","0.2644"
"298.3560","0.1654","0.2644"
"298.3760","0.1654","0.2645"
"298.3960","0.1654","0.2646"
"298.4160","0.1654","0.2645"
"298.4360","0.1654","0.2644"
"298.4560","0.1654","0.2645"
"298.4760","0.1654","0.2644"
"298.4960","0.1654","0.2644"
"298.5160","0.1654","0.2644"
"298.5360","0.1654","0.2644"
"298.5560","0.1654","0.2644"
"298.5760","0.1654","0.2644"
"298.5960","0.1654","0.2644"
"298.6160","0.1654","0.2643"
"298.6360","0.1654","0.2643"
"298.6560","0.1654","0.2643"
"298.6760","0.1654","0.2644"
"298.6960","0.1654","0.2644"
"298.7160","0.1654","0.2644"
"298.7360","0.1654","0.2644"
"298.7560","0.1654","0.2643"
"298.7760","0.1654","0.2642"
"298.7960","0.1654","0.2644"
"298.8160","0.1654","0.2645"
"298.8360","0.1654","0.2644"
"298.8560","0.1654","0.2644"
"298.8760","0.1654","0.2644"
"298.8960","0.1654","0.2644"
"298.9160","0.1654","0.2645"
"298.9360","0.1654","0.2644"
"298.9560","0.1654","0.2643"
"298.9760","0.1654","0.2643"
"298.9960","0.1654","0.2643"
"299.0160","0.1654","0.2643"
"299.0360","0.1654","0.2644"
"299.0560","0.1654","0.2643"
"299.0760","0.1654","0.2644"
"299.0960","0.1654","0.2644"
"299.1160","0.1654","0.2644"
"299.1360","0.1654","0.2645"
"299.1560","0.1654","0.2645"
"299.1760","0.1654","0.2645"
"299.1960","0.1654","0.2644"
"299.2160","0.1654","0.2643"
"299.2360","0.1654","0.2644"
"299.2560","0.1654","0.2644"
"299.2760","0.1654","0.2644"
"299.2960","0.1654","0.2644"
"299.3160","0.1654","0.2644"
"299.3360","0.1654","0.2644"
"299.3560","0.1654","0.2644"
"299.3760","0.1654","0.2644"
"299.3960","0.1654","0.2644"
"299.4160","0.1654","0.2644"
"299.4360","0.1654","0.2643"
"299.4560","0.1654","0.2643"
"299.4760","0.1654","0.2643"
"299.4960","0.1654","0.2643"
"299.5160","0.1654","0.2644"
"299.5360","0.1654","0.2644"
"299.5560","0.1654","0.2644"
"299.5760","0.1654","0.2643"
"299.5960","0.1654","0.2643"
"299.6160","0.1654","0.2645"
"299.6360","0.1654","0.2645"
"299.6560","0.1654","0.2644"
"299.6760","0.1654","0.2643"
"299.6960","0.1654","0.2643"
"299.7160","0.1654","0.2643"
"299.7360","0.1654","0.2643"
"299.7560","0.1654","0.2644"
"299.7760","0.1654","0.2644"
"299.7960","0.1654","0.2644"
"299.8160","0.1654","0.2645"
"299.8360","0.1654","0.2645"
"299.8560","0.1654","0.2644"
"299.8760","0.1654","0.2643"
"299.8960","0.1654","0.2644"
"299.9160","0.1654","0.2644"
"299.9360","0.1654","0.2644"
"299.9560","0.1654","0.2644"
"299.9760","0.1654","0.2643"
"299.9960","0.1654","0.2643"
"300.0160","0.1654","0.2643"
"300.0360","0.1654","0.2644"
"300.0560","0.1654","0.2644"
"300.0760","0.1654","0.2643"
"300.0960","0.1654","0.2643"
"300.1160","0.1654","0.2643"
"300.1360","0.1654","0.2642"
"300.1560","0.1654","0.2643"
"300.1760","0.1654","0.2643"
"300.1960","0.1654","0.2644"
"300.2160","0.1654","0.2644"
"300.2360","0.1654","0.2644"
"300.2560","0.1654","0.2643"
"300.2760","0.1654","0.2643"
"300.2960","0.1654","0.2643"
"300.3160","0.1654","0.2642"
"300.3360","0.1654","0.2643"
"300.3560","0.1654","0.2642"
"300.3760","0.1654","0.2642"
"300.3960","0.1654","0.2643"
"300.4160","0.1654","0.2643"
"300.4360","0.1654","0.2643"
"300.4560","0.1654","0.2643"
"300.4760","0.1654","0.2644"
"300.4960","0.1654","0.2644"
"300.5160","0.1654","0.2644"
"300.5360","0.1654","0.2643"
"300.5560","0.1654","0.2642"
"300.5760","0.1654","0.2644"
"300.5960","0.1654","0.2644"
"300.6160","0.1654","0.2644"
"300.6360","0.1654","0.2643"
"300.6560","0.1654","0.2644"
"300.6760","0.1654","0.2643"
"300.6960","0.1654","0.2643"
"300.7160","0.1654","0.2643"
"300.7360","0.1654","0.2642"
"300.7560","0.1654","0.2642"
"300.7760","0.1654","0.2643"
"300.7960","0.1654","0.2643"
"300.8160","0.1654","0.2643"
"300.8360","0.1654","0.2642"
"300.8560","0.1654","0.2643"
"300.8760","0.1654","0.2644"
"300.8960","0.1654","0.2644"
"300.9160","0.1654","0.2643"
"300.9360","0.1654","0.2642"
"300.9560","0.1654","0.2642"
"300.9760","0.1654","0.2642"
"300.9960","0.1654","0.2643"
"301.0160","0.1654","0.2643"
"301.0360","0.1654","0.2643"
"301.0560","0.1654","0.2643"
"301.0760","0.1654","0.2643"
"301.0960","0.1654","0.2642"
"301.1160","0.1654","0.2642"
"301.1360","0.1654","0.2642"
"301.1560","0.1654","0.2643"
"301.1760","0.1654","0.2642"
"301.1960","0.1654","0.2643"
"301.2160","0.1654","0.2643"
"301.2360","0.1654","0.2643"
"301.2560","0.1654","0.2643"
"301.2760","0.1654","0.2642"
"301.2960","0.1654","0.2642"
"301.3160","0.1654","0.2642"
"301.3360","0.1654","0.2642"
"301.3560","0.1654","0.2642"
"301.3760","0.1654","0.2642"
"301.3960","0.1654","0.2642"
"301.4160","0.1654","0.2643"
"301.4360","0.1654","0.2643"
"301.4560","0.1654","0.2643"
"301.4760","0.1654","0.2642"
"301.4960","0.1654","0.2642"
"301.5160","0.1654","0.2643"
"301.5360","0.1654","0.2643"
"301.5560","0.1654","0.2642"
"301.5760","0.1654","0.2642"
"301.5960","0.1654","0.2642"
"301.6160","0.1654","0.2641"
"301.6360","0.1654","0.2642"
"301.6560","0.1654","0.2643"
"301.6760","0.1654","0.2643"
"301.6960","0.1654","0.2643"
"301.7160","0.1654","0.2643"
"301.7360","0.1654","0.2643"
"301.7560","0.1654","0.2643"
"301.7760","0.1654","0.2642"
"301.7960","0.1654","0.2641"
"301.8160","0.1654","0.2641"
"301.8360","0.1654","0.2642"
"301.8560","0.1654","0.2642"
"301.8760","0.1654","0.2642"
"301.8960","0.1654","0.2642"
"301.9160","0.1654","0.2642"
"301.9360","0.1654","0.2641"
"301.9560","0.1654","0.2642"
"301.9760","0.1654","0.2643"
"301.9960","0.1654","0.2643"
"302.0160","0.1654","0.2642"
"302.0360","0.1654","0.2642"
"302.0560","0.1654","0.2642"
"302.0760","0.1654","0.2642"
"302.0960","0.1654","0.2642"
"302.1160","0.1654","0.2642"
"302.1360","0.1654","0.2642"
"302.1560","0.1654","0.2642"
"302.1760","0.1654","0.2642"
"302.1960","0.1654","0.2642"
"302.2160","0.1654","0.2642"
"302.2360","0.1654","0.2642"
"302.2560","0.1654","0.2643"
"302.2760","0.1654","0.2643"
"302.2960","0.1654","0.2641"
"302.3160","0.1654","0.2641"
"302.3360","0.1654","0.2641"
"302.3560","0.1654","0.2641"
"302.3760","0.1654","0.2642"
"302.3960","0.1654","0.2642"
"302.4160","0.1654","0.2642"
"302.4360","0.1654","0.2642"
"302.4560","0.1654","0.2641"
"302.4760","0.1654","0.2642"
"302.4960","0.1654","0.2642"
"302.5160","0.1654","0.2641"
"302.5360","0.1654","0.2641"
"302.5560","0.1654","0.2641"
"302.5760","0.1654","0.2641"
"302.5960","0.1654","0.2641"
"302.6160","0.1654","0.2641"
"302.6360","0.1654","0.2642"
"302.6560","0.1654","0.2642"
"302.6760","0.1654","0.2643"
"302.6960","0.1654","0.2642"
"302.7160","0.1654","0.2641"
"302.7360","0.1654","0.2641"
"302.7560","0.1654","0.2641"
"302.7760","0.1654","0.2641"
"302.7960","0.1654","0.2641"
"302.8160","0.1654","0.2642"
"302.8360","0.1654","0.2642"
"302.8560","0.1654","0.2642"
"302.8760","0.1654","0.2642"
"302.8960","0.1654","0.2642"
"302.9160","0.1654","0.2642"
"302.9360","0.1654","0.2641"
"302.9560","0.1654","0.2641"
"302.9760","0.1654","0.2642"
"302.9960","0.1654","0.2642"
"303.0160","0.1654","0.2642"
"303.0360","0.1654","0.2641"
"303.0560","0.1654","0.2641"
"303.0760","0.1654","0.2641"
"303.0960","0.1654","0.2641"
"303.1160","0.1654","0.2642"
"303.1360","0.1654","0.2642"
"303.1560","0.1654","0.2641"
"303.1760","0.1654","0.2642"
"303.1960","0.1654","0.2641"
"303.2160","0.1654","0.2641"
"303.2360","0.1654","0.2641"
"303.2560","0.1654","0.2641"
"303.2760","0.1654","0.2641"
"303.2960","0.1654","0.2641"
"303.3160","0.1654","0.2640"
"303.3360","0.1654","0.2641"
"303.3560","0.1654","0.2642"
"303.3760","0.1654","0.2641"
"303.3960","0.1654","0.2641"
"303.4160","0.1654","0.2641"
"303.4360","0.1654","0.2641"
"303.4560","0.1654","0.2640"
"303.4760","0.1654","0.2640"
"303.4960","0.1654","0.2640"
"303.5160","0.1654","0.2641"
"303.5360","0.1654","0.2641"
"303.5560","0.1654","0.2641"
"303.5760","0.1654","0.2641"
"303.5960","0.1654","0.2641"
"303.6160","0.1654","0.2641"
"303.6360","0.1654","0.2641"
"303.6560","0.1654","0.2642"
"303.6760","0.1654","0.2642"
"303.6960","0.1654","0.2642"
"303.7160","0.1654","0.2642"
"303.7360","0.1654","0.2641"
"303.7560","0.1654","0.2640"
"303.7760","0.1654","0.2640"
"303.7960","0.1654","0.2640"
"303.8160","0.1654","0.2641"
"303.8360","0.1654","0.2641"
"303.8560","0.1654","0.2641"
"303.8760","0.1654","0.2641"
"303.8960","0.1654","0.2642"
"303.9160","0.1654","0.2642"
"303.9360","0.1654","0.2642"
"303.9560","0.1654","0.2641"
"303.9760","0.1654","0.2641"
"303.9960","0.1654","0.2640"
"304.0160","0.1654","0.2639"
"304.0360","0.1654","0.2640"
"304.0560","0.1654","0.2641"
"304.0760","0.1654","0.2642"
"304.0960","0.1654","0.2641"
"304.1160","0.1654","0.2641"
"304.1360","0.1654","0.2642"
"304.1560","0.1654","0.2642"
"304.1760","0.1654","0.2641"
"304.1960","0.1654","0.2640"
"304.2160","0.1654","0.2640"
"304.2360","0.1654","0.2640"
"304.2560","0.1654","0.2640"
"304.2760","0.1654","0.2640"
"304.2960","0.1654","0.2641"
"304.3160","0.1654","0.2641"
"304.3360","0.1654","0.2642"
"304.3560","0.1654","0.2642"
"304.3760","0.1654","0.2642"
"304.3960","0.1654","0.2641"
"304.4160","0.1654","0.2641"
"304.4360","0.1654","0.2641"
"304.4560","0.1654","0.2641"
"304.4760","0.1654","0.2640"
"304.4960","0.1654","0.2639"
"304.5160","0.1654","0.2639"
"304.5360","0.1654","0.2640"
"304.5560","0.1654","0.2641"
"304.5760","0.1654","0.2640"
"304.5960","0.1654","0.2641"
"304.6160","0.1654","0.2640"
"304.6360","0.1654","0.2640"
"304.6560","0.1654","0.2641"
"304.6760","0.1654","0.2640"
"304.6960","0.1654","0.2640"
"304.7160","0.1654","0.2639"
"304.7360","0.1654","0.2639"
"304.7560","0.1654","0.2639"
"304.7760","0.1654","0.2640"
"304.7960","0.1654","0.2641"
"304.8160","0.1654","0.2642"
"304.8360","0.1654","0.2641"
"304.8560","0.1654","0.2641"
"304.8760","0.1654","0.2640"
"304.8960","0.1654","0.2640"
"304.9160","0.1654","0.2640"
"304.9360","0.1654","0.2640"
"304.9560","0.1654","0.2640"
"304.9760","0.1654","0.2640"
"304.9960","0.1654","0.2640"
"305.0160","0.1654","0.2640"
"305.0360","0.1654","0.2640"
"305.0560","0.1654","0.2641"
"305.0760","0.1654","0.2641"
"305.0960","0.1654","0.2640"
"305.1160","0.1654","0.2639"
"305.1360","0.1654","0.2639"
"305.1560","0.1654","0.2640"
"305.1760","0.1654","0.2640"
"305.1960","0.1654","0.2640"
"305.2160","0.1654","0.2640"
"305.2360","0.1654","0.2641"
"305.2560","0.1654","0.2640"
"305.2760","0.1654","0.2640"
"305.2960","0.1654","0.2640"
"305.3160","0.1654","0.2640"
"305.3360","0.1654","0.2640"
"305.3560","0.1654","0.2640"
"305.3760","0.1654","0.2639"
"305.3960","0.1654","0.2639"
"305.4160","0.1654","0.2640"
"305.4360","0.1654","0.2640"
"305.4560","0.1654","0.2640"
"305.4760","0.1654","0.2640"
"305.4960","0.1654","0.2640"
"305.5160","0.1654","0.2639"
"305.5360","0.1654","0.2640"
"305.5560","0.1654","0.2639"
"305.5760","0.1654","0.2638"
"305.5960","0.1654","0.2640"
"305.6160","0.1654","0.2640"
"305.6360","0.1654","0.2639"
"305.6560","0.1654","0.2639"
"305.6760","0.1654","0.2640"
"305.6960","0.1654","0.2639"
"305.7160","0.1654","0.2639"
"305.7360","0.1654","0.2640"
"305.7560","0.1654","0.2640"
"305.7760","0.1654","0.2639"
"305.7960","0.1654","0.2639"
"305.8160","0.1654","0.2639"
"305.8360","0.1654","0.2639"
"305.8560","0.1654","0.2638"
"305.8760","0.1654","0.2639"
"305.8960","0.1654","0.2639"
"305.9160","0.1654","0.2639"
"305.9360","0.1654","0.2639"
"305.9560","0.1654","0.2639"
"305.9760","0.1654","0.2639"
"305.9960","0.1654","0.2640"
"306.0160","0.1654","0.2640"
"306.0360","0.1654","0.2640"
"306.0560","0.1654","0.2640"
"306.0760","0.1654","0.2640"
"306.0960","0.1654","0.2640"
"306.1160","0.1654","0.2639"
"306.1360","0.1654","0.2639"
"306.1560","0.1654","0.2639"
"306.1760","0.1654","0.2639"
"306.1960","0.1654","0.2640"
"306.2160","0.1654","0.2640"
"306.2360","0.1654","0.2639"
"306.2560","0.1654","0.2639"
"306.2760","0.1654","0.2640"
"306.2960","0.1654","0.2639"
"306.3160","0.1654","0.2638"
"306.3360","0.1654","0.2639"
"306.3560","0.1654","0.2640"
"306.3760","0.1654","0.2640"
"306.3960","0.1654","0.2639"
"306.4160","0.1654","0.2639"
"306.4360","0.1654","0.2638"
"306.4560","0.1654","0.2639"
"306.4760","0.1654","0.2639"
"306.4960","0.1654","0.2640"
"306.5160","0.1654","0.2640"
"306.5360","0.1654","0.2639"
"306.5560","0.1654","0.2639"
"306.5760","0.1654","0.2640"
"306.5960","0.1654","0.2640"
"306.6160","0.1654","0.2640"
"306.6360","0.1654","0.2639"
"306.6560","0.1654","0.2639"
"306.6760","0.1654","0.2639"
"306.6960","0.1654","0.2639"
"306.7160","0.1654","0.2640"
"306.7360","0.1654","0.2640"
"306.7560","0.1654","0.2639"
"306.7760","0.1654","0.2639"
"306.7960","0.1654","0.2640"
"306.8160","0.1654","0.2640"
"306.8360","0.1654","0.2639"
"306.8560","0.1654","0.2639"
"306.8760","0.1654","0.2639"
"306.8960","0.1654","0.2640"
"306.9160","0.1654","0.2639"
"306.9360","0.1654","0.2639"
"306.9560","0.1654","0.2638"
"306.9760","0.1654","0.2638"
"306.9960","0.1654","0.2639"
"307.0160","0.1654","0.2639"
"307.0360","0.1654","0.2638"
"307.0560","0.1654","0.2638"
"307.0760","0.1654","0.2637"
"307.0960","0.1654","0.2638"
"307.1160","0.1654","0.2638"
"307.1360","0.1654","0.2639"
"307.1560","0.1654","0.2639"
"307.1760","0.1654","0.2638"
"307.1960","0.1654","0.2640"
"307.2160","0.1654","0.2640"
"307.2360","0.1654","0.2639"
"307.2560","0.1654","0.2638"
"307.2760","0.1654","0.2638"
"307.2960","0.1654","0.2639"
"307.3160","0.1654","0.2639"
"307.3360","0.1654","0.2638"
"307.3560","0.1654","0.2639"
"307.3760","0.1654","0.2639"
"307.3960","0.1654","0.2639"
"307.4160","0.1654","0.2638"
"307.4360","0.1654","0.2638"
"307.4560","0.1654","0.2639"
"307.4760","0.1654","0.2639"
"307.4960","0.1654","0.2639"
"307.5160","0.1654","0.2639"
"307.5360","0.1654","0.2639"
"307.5560","0.1654","0.2639"
"307.5760","0.1654","0.2639"
"307.5960","0.1654","0.2639"
"307.6160","0.1654","0.2639"
"307.6360","0.1654","0.2639"
"307.6560","0.1654","0.2640"
"307.6760","0.1654","0.2639"
"307.6960","0.1654","0.2639"
"307.7160","0.1654","0.2639"
"307.7360","0.1654","0.2639"
"307.7560","0.1654","0.2639"
"307.7760","0.1654","0.2639"
"307.7960","0.1654","0.2639"
"307.8160","0.1654","0.2639"
"307.8360","0.1654","0.2638"
"307.8560","0.1654","0.2638"
"307.8760","0.1654","0.2638"
"307.8960","0.1654","0.2638"
"307.9160","0.1654","0.2637"
"307.9360","0.1654","0.2638"
"307.9560","0.1654","0.2638"
"307.9760","0.1654","0.2638"
"307.9960","0.1654","0.2639"
"308.0160","0.1654","0.2639"

