Time (s),Average Resistance (Ohms)
0,-1225165.0768144592
1,174181.4616503099
2,2285971.1036132844
3,1289687.6017279346
4,5052019.0081622135
5,-1811840.4578981525
6,3434571.7656507185
7,12153645.90493759
8,2409781.1022948134
9,320740.99807895225
10,-2945764.475742194
11,3070612.0908961734
12,-3433727.4947271594
13,2990363.5513011804
14,-2569786.196313451
15,-776409.4308072807
16,6452640.565576019
17,2959352.412124344
18,3290137.0138980197
19,7697434.199088576
20,-1659768.4719328857
21,1360599.8137353815
22,6922856.133369873
23,9209681.441510951
24,-2010814.1886264936
25,-5879298.35290478
26,2078798.0529093638
27,5522091.623097928
28,1894775.6495262631
29,-11835569.205857586
30,1440861.9367702669
31,-56442.940612454666
32,2706241.510069353
33,1683530.4503120699
34,3435034.66363567
35,1199584.1968950182
36,-7485193.574497993
37,-15337316.764647778
38,1091104.5134197534
39,-2061870.1481442
40,2813629.62503497
41,5750584.271020489
42,8863350.992053965
43,-1177196.7105308822
44,5597476.4377699
45,2546378.737838421
46,4458241.745149695
47,4882444.031795643
48,-3274708.40746601
49,3617627.713720601
50,-11208318.224783596
51,13102001.327909697
52,-4026928.4933663225
53,6243600.53441551
54,-9969741.408246398
55,-2205644.271380865
56,-1932366.8103794903
57,10065145.830207024
58,-11750449.739105523
59,2454601.9645762756
60,-13099974.543028964
61,6451806.312114166
62,3827536.049717764
63,-275123.6244150969
64,-4586079.340868523
65,-5277877.673255123
66,2936484.362983007
67,10866240.417083446
68,-5566267.642058841
69,-5009650.862358532
70,-3224331.8168044374
71,-877667.7029366978
72,3937407.4509056313
73,-5584521.825897562
74,-7022118.195323205
75,14664644.655156385
76,4694370.008420904
77,15348892.040619442
78,-8707273.150770405
79,-6455712.698243609
80,7956547.356376494
81,3884809.4054657915
82,-8527727.804056566
83,-9028753.717365427
84,1922080.7610559326
85,7561229.974557531
86,-2976618.7394005484
87,-5089624.776481902
88,758193.6635946145
89,1056933.785868025
90,3173143.706085695
91,2699249.7021967
92,-709035.4759102629
93,5196627.684048112
94,2811212.6171177216
95,-2000445.606519044
96,2541448.719018961
97,436395.58803365845
98,5476680.203516328
99,-1988593.6284791566
100,-1688491.6205616556
101,7378274.632261081
102,-3631437.365841889
103,-2148320.923066505
104,-5292461.286753452
105,1629050.0528778073
106,-7845212.112482893
107,4390913.968165419
108,-6975915.76853553
109,2551949.7149235783
110,-8111252.498680232
111,3809356.2346654134
112,3018947.048308745
113,-3260203.853281549
114,948426.1705740957
115,-12145608.827157877
116,-10904510.834188683
117,-8056732.948595988
118,-5975850.393209102
119,-7983996.618588837
120,2096320.680257722
121,-4315893.46348121
122,-2462789.3153926567
123,91796.12059914689
124,11180168.181018995
125,-230158.08586666934
126,-7416669.565283941
127,525904.359866878
128,-653902.0543775631
129,3383045.8930237507
130,811920.5132376244
131,-1771180.4411107965
132,-4266856.560114021
133,5862933.630125912
134,7071175.036129983
135,-113782.60889881775
136,1426607.4654139872
137,4164599.567861224
138,7719048.866129878
139,-5121891.413638026
140,-8802484.249158276
141,14794280.496272925
142,-2133882.321566917
143,3972770.0499777272
144,621716.2338551739
145,-7526435.342313213
146,659192.661546714
147,9509540.249126058
148,-13619985.519051796
149,-329493.6255801879
150,-14100734.425040916
151,1032221.6515301991
152,1105276.397460401
153,5095131.644331244
154,-751348.105047162
155,-4755837.700528632
156,-137081.19538846053
157,5524165.169286321
158,-12304242.63240135
159,1911999.195650284
160,-15210150.573387688
161,2681316.1765971994
162,-6784182.015095013
163,9060715.892796105
164,958583.9703775564
165,-693641.6708265904
166,-6855255.700742061
167,3833868.142018934
168,623459.8627560843
169,1749199.5344139326
170,2387250.721389954
171,-3026190.902721327
172,-1364744.6689159996
173,-1319926.4970249382
174,-4444552.674705697
175,2135234.5320420857
176,449405.9794575777
177,1976578.0796799553
178,4525398.723722336
179,-2812597.19463749
180,4135821.697085903
181,-1198421.0111093214
182,-1628809.0821976317
183,4607142.180617453
184,-1612309.8593776978
185,-986097.1574008378
186,-11239590.914308319
187,-11392161.225108843
188,2021579.9910412547
189,-6042565.209965531
190,-105928.86053776373
191,-819418.0557648669
192,6692205.444625871
193,3676474.7134124725
194,3133202.6568787056
195,-11127128.337130446
196,133578.20281888015
197,6709495.1414359985
198,-1446967.8419493926
199,-720309.2596565702
200,-6883729.628917309
201,2555401.3531591184
202,3068186.6969891256
203,2206562.3965194845
204,-13393140.064094935
205,11401340.519342642
206,-7008587.88314064
207,3048538.3341918574
208,2658233.7948555714
209,7282563.586262303
210,3769218.8794423454
211,-342352.3260521337
212,896280.9535196649
213,10478030.732329939
214,891343.9011097329
215,-3235073.721428412
216,-14497478.722876564
217,-611692.948007226
218,5313816.692859492
219,-10548030.719071668
220,-6325852.574322961
221,8836346.26369172
222,1632314.2441972275
223,-3435841.1062762206
224,-953477.1283245154
225,3249786.9219157696
226,8200260.780708866
227,-5249346.101781534
228,-3810118.102414275
229,-7306044.220873127
230,-13558300.814850843
231,-10798098.16719941
232,-1985685.4318620656
233,-311680.539365341
234,-10943736.306495858
235,1568310.090872669
236,-6620201.908009669
237,5834611.529680185
238,2857582.5505606327
239,-7722285.941687685
240,-5466579.702026459
241,2859326.601810091
242,8327727.546685492
243,4047169.4086479223
244,-10068298.541736137
245,-6668975.544869626
246,5867665.57414418
247,-11268604.07099327
248,3953039.8689870513
249,-12676078.785537723
250,2425066.984403136
251,-10056659.670129985
252,3722083.0118879504
253,1838322.7893449976
254,-11106500.947596954
255,6659849.711960015
256,-8277069.890132728
257,335637.8826476595
258,3636649.0655676797
259,-11801696.391243
260,-363438.25375815696
261,-4648475.761903775
262,2687072.42092598
263,4747579.771361254
264,-2393495.4592032502
265,-14153407.587586235
266,-12814575.496150773
267,3620024.010978239
268,-428941.64400903805
269,3698983.4410472303
270,2473885.5634722896
271,-6732435.048623855
272,-6862474.862459901
273,4538636.446083377
274,3807939.109444482
275,-6131404.89974668
276,-15350841.379401615
277,-306276.4250817735
278,6195931.117384053
279,-2267226.6273939377
280,-5822492.764782602
281,3548044.491021069
282,-5919965.576806063
283,-2023176.4232583907
284,301295.795418901
285,2920308.5822829776
286,389373.3146544035
287,-7934210.839112853
288,-2555335.928106388
289,-2850447.830772669
290,4027830.206019928
291,2965560.704959442
292,16629961.718809873
293,-2823124.1893373053
294,-11490054.998363348
295,1674251.3851434248
296,-8878606.471760998
297,648554.9246566148
298,-10518626.94814547
299,751708.3975108073
300,-5908583.445177083
301,2138311.9467859357
302,87122.3476918769
303,1674514.8416725602
304,-2803969.646018718
305,-312091.21991038474
306,-7675591.037151766
307,-478726.5258736896
308,4018681.439136962
309,-1503201.2365209837
310,-9486211.49761749
311,2372034.8909276375
312,3279022.589650346
313,-2974065.797311662
314,-5307928.674181402
315,-971739.3010841213
316,-11125365.797321752
317,-1654613.8914616236
318,-1754823.7602989469
319,-586524.1674315961
320,-5205391.406336387
321,-2546077.5368092
322,9555961.514774075
323,6109577.808016004
324,-10474102.142164344
325,-1566547.38717477
326,-2206411.7502146047
327,2197800.177730676
328,-3817362.8951648683
329,-2191912.6373334713
330,-10256328.98137666
331,-3914165.0079027354
332,-1016931.3959382263
333,3580075.7688381383
334,2279821.014208337
335,-3376685.9772667894
336,-12550154.090450725
337,-7274489.104034893
338,1259053.2679147997
339,1917306.887468294
340,-3007561.8637842224
341,14865985.971134389
342,2867284.2144971737
343,-9331278.804796284
344,1778628.4347919815
345,3535962.030118839
346,9162472.80734263
347,-11065138.286227193
348,3054942.3865300673
349,385748.6681421377
350,2759147.175609036
351,-1027079.0121086959
352,-2262137.1945232144
353,-321562.2728493841
354,-1805079.7641652343
355,-7328046.477281997
356,6689254.950242305
357,-5409349.469729891
358,-1907241.4437197126
359,1534577.705284952
360,-2635205.021262056
361,4606502.050466427
362,5031073.6915267985
363,701899.6793306374
364,-84666.0364219206
365,2952870.2093780367
366,-483398.6060215315
367,3036251.9868514715
368,-1677345.68337096
369,-8445534.043513615
370,-13347861.515267778
371,846405.509252352
372,-12710383.009488273
373,-2424571.419030557
374,-4801595.438278405
375,3027179.635665473
376,-10527127.283239387
377,2386807.707864133
378,-12106540.668006483
379,2064777.700903111
380,-12924106.236011593
381,3498367.943727137
382,-2079962.9863444772
383,-894219.1861982057
384,-15316304.893820575
385,-3363947.352138302
386,542332.8008812958
387,-9574877.353720117
388,660710.4362784909
389,-15525308.273043621
390,-313372.468652012
391,-15802549.883773291
392,1913174.001338629
393,2586937.284690318
394,-8315077.0825917255
395,2445291.1521651736
396,-2879610.710846225
397,6550737.854915169
398,-7084049.453532668
399,-259022.72563399974
400,-2254070.692839876
401,2544907.903316696
402,2594789.815305475
403,663579.2600484865
404,-5265336.67973958
405,-4220077.2043697685
406,1825067.3334938684
407,2533859.9225031
408,-4089826.2015730045
409,1828327.614465157
410,-278223.1083586664
411,2320881.466411096
412,3616026.5796795688
413,-6127578.830199102
414,-4032445.1239757044
415,-773300.9399582185
416,1181015.3031245363
417,6038776.075016499
418,-402020.70365172205
419,793051.4193273839
420,-600997.448846509
421,371114.6741873685
422,1246911.939047395
423,3046857.4503251472
424,847673.7987769835
425,-7159406.002999805
426,2055932.4292318958
427,602292.1974563869
428,777097.241712109
429,-125893.38789387551
430,-13129.591357915011
431,-6500401.212403042
432,358784.9713035147
433,2332206.944906687
434,9021556.68707016
435,-5359642.47754195
436,-4461386.188783173
437,3222894.9706374537
438,3600553.0198175297
439,6284132.711797738
440,-2825638.382159249
441,2823514.067797053
442,-10372728.513860961
443,13023811.809307525
444,762962.583265966
445,-2937610.5819133827
446,-6198192.819964127
447,6776785.884572068
448,1483117.93709953
449,400986.8853194838
450,-3153381.046525048
451,307587.2424570762
452,-1425877.1248707874
453,5404560.577059866
454,-734430.8768194426
455,-5648083.416022035
456,-1836839.4353383551
457,-698778.059434022
458,-875507.5792016363
459,1566438.1288522289
460,-817189.224603585
461,904338.020122276
462,736536.6913191732
463,6108642.050736192
464,-10270739.164613014
465,-1555187.7031517734
466,-4485142.815531454
467,2028505.8463998386
468,7264790.826978743
469,1736293.5664860446
470,4780802.911051715
471,-4946763.457467078
472,7597238.670487282
473,4875281.655794452
474,-10037595.27283429
475,5579757.549601706
476,5189423.2805447895
477,6475147.394771734
478,4922219.572337128
479,-1723214.953608192
480,9810969.757271178
481,-1047083.2501831658
482,57270.50210859715
483,-2798600.265923363
484,3254164.912061365
485,-2808975.7117429613
486,9400166.676102955
487,-1985212.784071649
488,5872011.610645587
489,2903557.2872219314
490,-3694499.7071927236
491,892740.9549985938
492,-2081197.388222748
493,4573266.990860455
494,-5064702.228266409
495,-1387831.6672211925
496,-870515.7691045303
497,2021212.297271638
498,-6709498.03750588
499,-656648.8058835128
500,716760.0172279755
501,-603204.1266910535
502,1521323.432776753
503,-1395960.512590061
504,34551.334310605984
505,3326066.949228056
506,7257371.357749457
507,-1323618.6447925004
508,-1278852.5320375015
509,1582202.8355216663
510,6232372.8375381995
511,6830381.490375628
512,1751134.7036355822
513,-78302.13520154692
514,1686288.502951502
515,8862360.358942177
516,2398180.172825505
517,-11382998.616817292
518,6351831.757387845
519,-358967.3754580562
520,4539857.817265181
521,-14583387.387340918
522,1087907.6680236177
523,-4336502.684272569
524,11461654.139840998
525,4926355.061673196
526,3933132.6034889794
527,-4861703.133570196
528,6965581.47913938
529,7725152.036186531
530,13410193.886177395
531,-6736131.162748935
532,1523624.5964526455
533,126548.71349420468
534,10982133.798568156
535,-186284.10319165234
536,4705314.186164389
537,10535804.126273038
538,5485787.662773258
539,-160350.08274585404
540,7440386.136237755
541,-5861156.781298114
542,1055864.3528709547
543,-9863917.745970229
544,6603071.511373927
545,2743111.130162732
546,-13981815.735244935
547,-1501822.5694642486
548,4839073.650524151
549,-7991664.358016206
550,10746091.276783364
551,-1602825.5307422257
552,-3090756.994650194
553,1268463.1913841325
554,8061166.532945027
555,-2868111.3072172287
556,6179701.157474594
557,-3543651.9351654886
558,-422264.57717342407
559,-1650755.3920552046
560,-1139840.4142868002
561,2419639.071575298
562,-2215194.9167542243
563,2763913.312201121
564,-4233339.123277393
565,3850195.0854641036
566,4614802.337535638
567,3057540.345793023
568,1620775.5575720223
569,13884545.929165866
570,2027185.3537518897
571,2980662.138040324
572,-4136255.7707196674
573,854908.4649855165
574,-4796450.5294450205
575,264987.1010980892
576,-1369315.4209613907
577,-5118028.159604771
578,5445386.7668160405
579,3351400.524208455
580,3520987.310997343
581,1030275.0136779544
582,3238368.2157304855
583,2388737.373661867
584,10475549.956484588
585,-1747521.4691425108
586,3441330.0293282075
587,1159128.3973930008
588,7963968.573977438
589,5689509.994369536
590,4577586.359491823
591,59888.351678470804
592,55634.47965524918
593,578585.414945611
594,-364553.15948721755
595,1675241.1908547026
596,-7577332.158391108
597,4627435.085454936
598,2204546.7277195333
599,6465360.099215099
600,3181870.0708599547
601,-959441.5055077557
602,839163.7809420585
603,1660402.963465402
604,1295902.2273426396
605,-2170739.7111153835
606,3385933.555881175
607,5600621.0502828555
608,5891151.75540143
609,995545.0588975782
610,-2333579.542656149
611,-629145.9360347751
612,6723332.302975962
613,6663214.451267246
614,-8605217.756047737
615,-6223217.141934282
616,-1678181.123139305
617,6884974.946891409
618,-4703651.565768347
619,655423.137768458
620,-635186.9629918673
621,1036221.5300210004
622,-5118364.945851639
623,2800470.9724676097
624,6848178.794284361
625,638957.6449225472
626,3323293.446570115
627,3460376.6642826847
628,3363254.4382472546
629,-5488292.406589542
630,2262113.54977524
631,-12564214.245477317
632,317616.1879021897
633,3188984.575690644
634,-3357267.597896464
635,-4891486.783462976
636,275254.1970814489
637,1073672.2864294972
638,6149268.16125731
639,-14008717.442103017
640,4154154.5619419836
641,-11911776.057069607
642,4097702.243580094
643,-4502428.435676995
644,2747123.4290921204
645,-5684923.888561838
646,3373045.6819376587
647,-10200470.436451618
648,180152.103192646
649,-10185934.457504133
650,-7715617.782837142
651,-8070340.269450286
652,-2750657.4486548784
653,5790943.57860036
654,-3750979.267727916
655,-4262939.991062052
656,5765700.828313278
657,4836319.898123721
658,-1483413.6512966126
659,-2659164.4412686597
660,-3134716.048495793
661,-13712272.009946022
662,2666455.0084924707
663,691969.9490721775
664,-7393967.835364336
665,-2914597.1327198716
666,-2971817.3672106885
667,9181451.987584477
668,-1320559.9169526845
669,-9399614.566628434
670,5065622.70899304
671,3232121.9253713777
672,1589964.209559027
673,-6555284.005050693
674,318177.03883893543
675,-3644228.228616731
676,-6255258.581049099
677,-2598933.5315321907
678,1428770.4829381406
679,6342255.262233274
680,3409388.4972208454
681,8335693.971851878
682,2743368.6027467954
683,-8345598.013329027
684,14094741.824484397
685,-302268.2280312392
686,3368302.348831733
687,-14161922.093371173
688,3445820.6640830548
689,-2225208.453273894
690,5091140.062764327
691,-3565971.202163089
692,-4789930.201992037
693,754013.8610272569
694,339201.0210342832
695,2024956.5927587643
696,-5473406.950244929
697,5333560.48198884
698,-2913148.8429871416
699,6010502.036136939
700,-246644.66652561133
701,770345.1870413503
702,-2517358.03587597
703,2256784.2051514117
704,-2681653.221463657
705,-2142917.6434708727
706,221842.94276388013
707,5006556.279331604
708,-6399608.272026443
709,846826.0772725666
710,2848581.1862220066
711,2696153.9527228484
712,-340775.02598352445
713,-3570914.8597149053
714,9843242.4942513
715,-874115.4969463848
716,-8187752.558968311
717,-1446448.2986262958
718,519217.48427173554
719,2927359.6655502697
720,-15199673.039412424
721,1931881.0911991573
722,3742927.5006480524
723,285691.5129753776
724,613407.8380759401
725,11476717.985087741
726,132876.5371778273
727,-6910289.014159324
728,-1300621.921730937
729,5403442.51587401
730,-81448.58501434396
731,2564997.6697574058
732,4310356.062349473
733,-2423437.8438420985
734,-12487250.426015226
735,2689091.543886585
736,-1402404.681638327
737,1677966.0707579155
738,-6356368.002377243
739,-2446750.804781989
740,1585371.0278053607
741,810992.3291715318
742,3448575.845846668
743,6884909.084896689
744,-6692168.727014049
745,-1018775.8240628967
746,5598384.935058726
747,2369792.3749633795
748,-5451889.8150585275
749,-950387.2166548418
750,322669.9905659847
751,-4919795.4277344365
752,-9520198.620780334
753,1299266.056436528
754,-7117162.573037954
755,-5718281.214342377
756,631146.2811266314
757,-2484685.3141423254
758,-2294668.408564848
759,2380773.6284952713
760,-1034252.0134756916
761,-395305.45806768455
762,-2482768.837405743
763,2282721.437603279
764,4866828.476234403
765,3417823.454924236
766,-11681918.791901572
767,799086.4301687386
768,577363.9018509117
769,3646117.573698917
770,-11871770.584683936
771,-4807184.81420498
772,4875181.886301918
773,-3424962.194486973
774,-4862416.032715386
775,-5963445.898257798
776,-13800181.486046797
777,-3331976.4775454244
778,-11003601.505349673
779,6708953.735749604
780,1577406.7655395379
781,-6325663.120099028
782,-2225997.1361519285
783,-7315072.256534182
784,-4949666.697000623
785,2572819.8421260905
786,-12201460.486137398
787,15806303.244193565
788,-1299475.446385444
789,-222193.40884503917
790,-3159365.757986473
791,-11727597.748351015
792,4938062.882213723
793,-2412942.566850923
794,2382922.818156597
795,42459.30494356547
796,4202109.034961179
797,1245704.7154436728
798,-9038632.376019064
799,3569972.8767200536
800,1234150.4970070012
801,-2604591.458106567
802,3104533.331058534
803,-994757.3905350144
804,2637105.782442133
805,-11805199.950964661
806,3875755.3606791184
807,-2955953.9578929683
808,-126507.65163175478
809,-10303190.394421322
810,2245311.9818504653
811,-155892.03489576484
812,10250964.584975626
813,-3295887.2047407376
814,-141709.41267062916
815,-3386368.8020725334
816,93026.33726634253
817,-1794358.223548546
818,-5111895.7979256455
819,155781.82846863838
820,-4333107.26486544
821,2755300.6502210246
822,3051505.215869702
823,2239198.7336525973
824,-10747326.848568369
825,17731039.72498087
826,-162218.1856016168
827,-7593247.173855228
828,-2185202.8349605417
829,1582837.4023033443
830,4887407.544735567
831,1595068.9727994655
832,-14424536.142742056
833,-489354.39306638873
834,-8879668.856414692
835,2564075.005843484
836,-1445997.2066756357
837,-4324007.818084919
838,-8346477.753783787
839,2584659.0945267444
840,2209311.850142259
841,17455826.53259836
842,5848830.866340183
843,-297333.75955600786
844,17304490.139883216
845,9797595.30214437
846,2437656.2809473737
847,598876.9846642816
848,1800656.8977002637
849,-4160964.1990121393
850,12936983.761446081
851,-1812244.608503834
852,-3873367.942212832
853,1479638.5925110504
854,1601875.2830231949
855,760583.3831157313
856,-12155917.425964005
857,-6161070.032835178
858,3903792.4586650333
859,-847953.2202450015
860,-5499790.860856111
861,-13197625.564176451
862,-2442215.897832995
863,-11323882.353996236
864,-1255072.608341486
865,-2843846.55051366
866,-7251376.592563717
867,158363.1218965947
868,-662607.9301212977
869,-8153817.304435007
870,6509021.277965982
871,4777505.652610208
872,671038.3609426043
873,-4696932.71142035
874,-7741393.5043924395
875,6217617.682483992
876,16187497.126382444
877,-4237842.402898943
878,-15971622.824259471
879,-4855271.691541677
880,14700267.746053195
881,-1523044.2450526948
882,-825355.6434533407
883,6456902.29646001
884,-13656351.460128289
885,-162743.29611366428
886,1958942.1430237722
887,8946615.786062289
888,870652.1277881556
889,4809098.036981606
890,1013618.7763860809
891,37943.38868292598
892,3817831.1311335685
893,-3046459.85785823
894,1338282.11359698
895,-10510482.215570189
896,3796437.352051413
897,-6528918.1023354735
898,4056459.566631654
899,3802603.6002363414
900,5146406.230035244
901,-1135640.4726400063
902,-2886118.488270827
903,675265.8174994362
904,2123872.1182461167
905,-13263078.266705345
906,300815.93209733476
907,951032.3190258797
908,-235147.42099737795
909,-1196715.340961044
910,-5489172.778840525
911,-5677088.191866758
912,7100056.284094328
913,27253.978031709044
914,-5978143.476825256
915,-767275.6523926959
916,1464165.43313383
917,3585094.9360422664
918,-1569824.0076892008
919,-2537254.679152806
920,11881845.802701466
921,-6225.17707699514
922,-15655512.762638355
923,1600950.6621983033
924,-3549898.816838719
925,-881150.6800290834
926,6564857.233552932
927,5475586.845384975
928,-321550.5416887002
929,-6614041.564458245
930,5897540.19561481
931,305636.8740072623
932,4781296.179076092
933,3359236.3667626977
934,-8124399.103158446
935,6371185.294878962
936,9732850.367253441
937,-1495794.2314788902
938,-12349789.315099096
939,2117240.324405805
940,6230115.146848071
941,3144801.1998751354
942,-5832925.039354937
943,-2429394.319218938
944,1985547.8497032286
945,-3562485.4754222496
946,-10835406.550895844
947,-2214067.134438065
948,-8581853.788181765
949,2402319.2945331885
950,-10908289.946860544
951,-3809472.1631119214
952,-5535715.217542294
953,-912705.8963876659
954,-751661.5805081447
955,-4879720.576112725
956,-3965508.6196366725
957,-1804215.3881768282
958,1308354.5827648998
959,-5437303.187861013
960,751363.7895261813
961,1000531.1424676075
962,-1536496.1835096008
963,3501946.3034486957
964,438297.43714337924
965,5929704.408315589
966,-12983042.1179239
967,-3098171.280288541
968,12438866.449176665
969,-10699556.35994621
970,1736541.0830072742
971,3083815.4072781876
972,1509593.0561768818
973,8696802.784501221
974,-10055712.414743893
975,-1149403.126440219
976,2513517.9634112855
977,4037408.1896178266
978,-12572183.932939129
979,3117275.2329193167
980,2949227.913906214
981,12271627.582013587
982,-9307926.672034357
983,-2882412.7437129067
984,5952069.030572106
985,9484845.274689239
986,-1420635.5671051454
987,-10392082.95342299
988,1054756.9866089004
989,2788714.701324156
990,1501249.912262783
991,-11898808.972770995
992,-4280828.665782602
993,-6819640.327872328
994,3780591.068047111
995,6287443.909865953
996,9481628.142631782
997,-13062128.318909803
998,-599929.9196722253
999,1341934.819272662
1000,11918441.069465216
1001,-201688.00791626546
1002,-6736521.334827515
1003,3027253.7469486864
1004,259299.67471328634
1005,10562497.859857827
1006,441789.69556982757
1007,-6507062.56753552
1008,-7449260.21901906
1009,3455778.935573019
1010,3771679.3057689494
1011,3775776.907324261
1012,-6070607.085974427
1013,4769550.145791345
1014,-580168.922099152
1015,5347268.03990368
1016,3473077.6360743707
1017,16888167.19304357
1018,-15834456.77782906
1019,4934365.758368074
1020,-10203425.800496614
1021,5822838.385289851
1022,-1092692.5617405465
1023,-5349495.318170626
1024,4364185.100127567
1025,-939029.625931792
1026,7173043.467832039
1027,-13297554.592722211
1028,571348.5602433899
1029,-5957415.415487762
1030,3994141.7847393304
1031,-9821798.178589562
1032,6760765.769791049
1033,-8340108.091771327
1034,756583.937935537
1035,-6806300.044799849
1036,8372084.672267738
1037,2003544.4675046168
1038,982152.4743372593
1039,-3902242.9083194537
1040,-2671624.1686757645
1041,2919703.377329403
1042,4384185.937793357
1043,371929.9309076102
1044,1544184.4940873901
1045,1212581.98220446
1046,195155.38489721826
1047,5932329.624775917
1048,-8663035.01633433
1049,2911285.264368488
1050,7362504.182749242
1051,10309899.43712021
1052,-799334.4191716744
1053,456926.2831110483
1054,-866576.088021686
1055,-5523826.530303549
1056,16855554.31226057
1057,3831746.7760563805
1058,-1547803.178210508
1059,1169869.2726615425
1060,8478732.866142755
1061,9051799.166286245
1062,2250160.224790038
1063,-4568912.697881921
1064,2687522.6307865093
1065,6190412.34382677
1066,5536164.439304738
1067,-3401302.7733766427
1068,151657.02890120898
1069,8382856.645357074
1070,3785409.6282257736
1071,6072219.980610883
1072,3541179.5360672944
1073,1738996.2297596864
1074,-2575304.441200066
1075,-1966130.0015016901
1076,-12800475.808824006
1077,4199345.424342585
1078,10762568.423683755
1079,-10943107.904432036
1080,-1637161.5061865635
1081,-2320607.076269154
1082,7741207.805483794
1083,1651484.1633894462
1084,-1238058.8748032628
1085,-3526662.962901348
1086,6866259.288440754
1087,1018099.3679538381
1088,-4516056.178567174
1089,-12939587.229696967
1090,2153547.957618138
1091,1676269.8006994082
1092,8165983.126850876
1093,-1271508.8953065048
1094,-3964565.2893811474
1095,446101.84990650305
1096,5483473.226712496
1097,-2593107.6497593382
1098,7945624.4933915185
1099,14616268.418883035
1100,-440057.0584003329
1101,-2186850.180423456
1102,4607759.739230362
1103,6911769.155259414
1104,11994371.541612629
1105,-5908829.482959224
1106,3803759.2235327275
1107,1136038.163648711
1108,1526860.29057744
1109,4167351.2469784007
1110,-1717632.302570767
1111,-414126.2764598858
1112,87914.4549382891
1113,133360.78594346304
1114,4533082.29667121
1115,2103289.019264938
1116,2205631.605804402
1117,-2756523.8204353335
1118,4376193.428452656
1119,-7003990.549861833
1120,339307.4695771843
1121,2973440.6767433584
1122,6139037.69247487
1123,5048188.863194209
1124,-1665604.015076033
1125,-6573633.809044163
1126,8248615.200953367
1127,3308047.0412110053
1128,-1564732.6332777645
1129,-1266578.1458173185
1130,5937579.8896959135
1131,-2444220.723756597
1132,11094782.96559405
1133,5341361.728576044
1134,4694645.382850164
1135,-4352311.180648961
1136,4555398.476787957
1137,2729921.6465469063
1138,9683677.061337477
1139,-2467591.9122840804
1140,840313.0984990012
1141,-3461193.148391776
1142,8746794.70556779
1143,622749.4427021099
1144,-1833968.0788078934
1145,-2838720.8949945397
1146,4457196.202675439
1147,-2243681.0191263175
1148,4884397.142259476
1149,-873212.3559754113
1150,-11168601.782844426
1151,725758.6420151896
1152,4531707.577167784
1153,3979556.4229959734
1154,1458792.5330898038
1155,-226967.04282355477
1156,1865340.4507120885
1157,-1838070.0035922
1158,-2114995.5693853362
1159,-2174537.6971527026
1160,-1986090.8550160236
1161,-1633592.3662698371
1162,860748.4664355491
1163,-5977860.510336239
1164,3165214.2709357496
1165,9193969.347339323
1166,-1221025.267735126
1167,2289507.681705215
1168,961773.6680699931
1169,2185961.2484377534
1170,1742225.4258855167
1171,-12504521.750183271
1172,4836211.758892419
1173,-658283.7980919415
1174,1193906.0926444002
1175,-12763842.417881217
1176,9577106.100417292
1177,2480484.02765542
1178,2856541.7489055838
1179,903237.1148704648
1180,-7038828.428666879
1181,2473157.236377307
1182,-2776697.782942083
1183,12669359.184151687
1184,-3258348.93769807
1185,-4137457.1882418706
1186,-10605796.862527283
1187,3177913.0850772513
1188,3505426.131454008
1189,-1673448.3144184514
1190,2352402.8459543413
1191,-2006094.8074887923
1192,4840132.219185658
1193,2630714.810444177
1194,6829604.206395659
1195,1808805.9904777452
1196,5341169.04840138
1197,3654030.0271974117
1198,-8956864.466848155
1199,-9674625.746160183
1200,-1840442.7663818966
1201,-2280898.5566731505
1202,3033405.490239133
1203,-2525047.1797812097
1204,4631137.474879887
1205,3689192.266457447
1206,814149.1117522125
1207,-2343774.7486416935
1208,-2225095.601636356
1209,3380364.6384240896
1210,11984816.736774974
1211,-1270299.2658596148
1212,1832089.0312073804
1213,5210297.399137385
1214,10219413.178129423
1215,5248230.552956663
1216,4528005.231164291
1217,-7493693.2437489685
1218,-4177546.3433474144
1219,-13121506.549600495
1220,-290231.0552497356
1221,4888040.106515067
1222,-4210941.44727089
1223,-10771945.532713804
1224,-395254.5851743773
1225,2463358.5645755576
1226,2004992.19128433
1227,7028914.756138724
1228,-13258414.209278408
1229,9608429.163529338
1230,-4156840.948114107
1231,1454619.0219585379
1232,-5139796.062625675
1233,4209066.768949864
1234,903078.0444069462
1235,-5890929.121882726
1236,151932.73473951058
1237,211001.87597079523
1238,7080725.828780441
1239,3693629.593607205
1240,89834.01787244696
1241,-15085623.253519079
1242,-8284018.032137151
1243,1729630.584488279
1244,3922841.3109428375
1245,-4480656.54494644
1246,-110678.51443198249
1247,-3865988.8511900776
1248,-4523257.906735036
1249,-12862942.71800876
1250,-767428.029850641
1251,1256147.1684920504
1252,5843271.856461694
1253,413167.21899333183
1254,-585759.023474955
1255,3600071.583203301
1256,-13141879.994507408
1257,-395026.18841868214
1258,655619.6087579799
1259,-14767236.565232445
1260,2865029.3698506127
1261,12933166.575684795
1262,-1435454.7494310676
1263,7054194.00119704
1264,-866809.7220820211
1265,2980037.777463088
1266,1803607.3975720543
1267,6417857.4379729815
1268,2410636.8993390277
1269,2680795.050147908
1270,-661818.1963443449
1271,-528549.2285558605
1272,1413592.0317152073
1273,-2024011.8874423306
1274,3021947.4453948117
1275,-15537218.8984465
1276,-2025164.204706141
1277,-2857955.2341396166
1278,343349.4150420636
1279,17759473.853500895
1280,4212883.853407459
1281,-6933478.201187229
1282,7074926.289894434
1283,3095369.463221963
1284,-3803844.1756259287
1285,-1081781.2586133485
1286,-4531026.072597009
1287,-5124489.558724988
1288,-5034360.146230776
1289,-2855252.4557039365
1290,-1440658.3773865104
1291,-1523221.6867199321
1292,-6463245.202063899
1293,-4296037.396330649
1294,-4259632.783168452
1295,-5174498.731444806
1296,13933.81935675065
1297,-4164205.6826299047
1298,-3360104.039758405
1299,1887805.6734302652
1300,-3407701.929420767
1301,8635065.653658798
1302,2025763.9612892703
1303,244353.12983822246
1304,1590193.4465731592
1305,-2697262.604578664
1306,-4221143.993864758
1307,1037519.4291491231
1308,-827013.5594388567
1309,3458316.2551589226
1310,3139306.9766564257
1311,13511004.712212319
1312,-1919042.0498558306
1313,-11683321.658328658
1314,-2038806.4840467866
1315,-7205523.0391784515
1316,1512197.4821966358
1317,1025294.7018497791
1318,2257038.7752658306
1319,1893043.8990701265
1320,-1992660.9320175885
1321,-4793427.802627651
1322,-8258898.040279286
1323,10370625.04010786
1324,1181190.851682127
1325,-11489885.01488073
1326,-13084046.98569921
1327,-2524860.6099900817
1328,1505410.9336440843
1329,4611691.531493949
1330,-12779538.685721334
1331,-4159568.061213939
1332,-9389101.602706496
1333,1552061.842469712
1334,-2713252.5435157553
1335,-1616670.5894674752
1336,-3774920.2493705386
1337,2055574.42789843
1338,-433252.1705365175
1339,287752.4859803455
1340,-636177.9906973783
1341,-14974559.105759764
1342,4046730.564857775
1343,-1359200.894159721
1344,-6576884.779596401
1345,-435968.3055531202
1346,-1888207.7047735397
1347,770502.4723836074
1348,-533367.1381103258
1349,876981.2713558845
1350,-2039546.254199443
1351,11013200.114865208
1352,-4688787.420793274
1353,13514315.541018387
1354,1738833.4063819814
1355,16844498.654983923
1356,3571353.8479538895
1357,-13163113.406519968
1358,-883797.3609848485
1359,-1740006.922233489
1360,6672195.343710085
1361,389363.22180387453
1362,-12245599.479437033
1363,-2000063.0761252504
1364,-6317056.937731227
1365,-1418365.0266679372
1366,-2465956.312918082
1367,4911917.878204918
1368,-12803462.31862668
1369,-937055.1128638923
1370,3279154.3240096355
1371,6419411.243180715
1372,-8888920.1278073
1373,-7534705.8783371495
1374,-63486.11514427769
1375,461089.8696524485
1376,7472538.762294704
1377,-877640.9443646006
1378,-6644706.568793278
1379,1723864.4032677033
1380,14142862.492747258
1381,-4814842.405919782
1382,-4845609.566518538
1383,1632830.628039326
1384,-7722594.868015481
1385,-10124110.91140243
1386,-9846549.551247578
1387,7315794.181915109
1388,4435192.5456746025
1389,3042976.4936497705
1390,-933353.820927551
1391,4233829.550078024
1392,1153222.1677219009
1393,7713548.174082632
1394,167225.76023550372
1395,404667.6186472669
1396,-9710525.645683296
1397,163389.70290086622
1398,-2611871.3425233085
1399,218008.64549744883
1400,4468708.342148966
1401,867553.0983551868
1402,-1248983.5363973815
1403,-1118198.8650365395
1404,4556375.417477297
1405,-3645201.196368707
1406,8263957.006966452
1407,5867551.857353909
1408,-4963513.641402693
1409,-2422388.547928932
1410,-2120944.4379335227
1411,6324489.392517002
1412,-3296800.158152014
1413,-109405.84269968714
1414,-3011195.212245391
1415,-12842456.411035929
1416,14609001.850000888
1417,-5635739.901593563
1418,-1448762.8057764927
1419,-1065813.9363680193
1420,-7180804.247329028
1421,7288038.491523035
1422,415155.2574760684
1423,8091.529843552737
1424,-321583.768591305
1425,-2846378.493981822
1426,2077710.773289983
1427,-1042333.7587428873
1428,-4531544.9798497055
1429,1114381.6291637612
1430,-33300.722220330455
1431,3760926.9909578636
1432,-11010658.742740363
1433,-6305957.041825273
1434,-10517385.598083824
1435,4290238.365059709
1436,3788912.39063388
1437,862141.6555608108
1438,1518849.5485697573
1439,12682238.044794867
1440,4652498.715515753
1441,-15720086.244738668
1442,-541297.9506923265
1443,-1276764.2580952274
1444,-1798539.4702116803
1445,-12818487.562819583
1446,4232750.446252414
1447,1675975.4254074104
1448,-10320504.702051444
1449,2240221.2225001142
1450,-11384801.600449763
1451,-3254428.0427841195
1452,943734.9434091372
1453,7909959.5917692855
1454,-3331965.734712833
1455,-5872838.326999789
1456,-805740.1456437956
1457,608087.1202288012
1458,-6683075.556240739
1459,-5471991.226780685
1460,5294700.818671636
1461,-3695861.917322894
1462,-3236817.332547384
1463,1544224.9314714402
1464,2194167.3321415535
1465,3230086.03990398
1466,562191.3238461202
1467,-2110974.459633461
1468,-7693538.325208344
1469,-3026006.4507244434
1470,1904477.0377649397
1471,4395386.23492577
1472,-10981028.581021411
1473,1848033.8378644604
1474,605539.5837575218
1475,-1142960.5609960346
1476,1868947.344470026
1477,7250632.83335532
1478,-3168207.7504363204
1479,1867982.5771392882
1480,-5990021.656622429
1481,-2418909.78832866
1482,910249.9275322121
1483,-13381976.375269234
1484,2899475.69727303
1485,-5292981.560535148
1486,6843471.582085322
1487,316351.62941743544
1488,4978180.691930617
1489,4934930.086361319
1490,6652877.603794755
1491,1952468.3958799255
1492,-10555539.703113077
1493,4164451.685136722
1494,3963409.040207862
1495,-7880243.105273245
1496,2068446.755403338
1497,3589184.6259574415
1498,3279150.209335572
1499,6633603.750228212
1500,134269.6899116099
1501,989194.1865013614
1502,1924635.180385185
1503,-572549.8460948828
1504,-725701.6054006296
1505,2780645.506388129
1506,5341566.948869306
1507,-10328357.03554058
1508,-7433243.177811315
1509,5449149.486530861
1510,-137433.5486160359
1511,-4796968.388672113
1512,-7170190.436737098
1513,1088701.724578016
1514,2664131.35925645
1515,8033105.948377463
1516,244042.13993235078
1517,-2020131.426770543
1518,2337097.7666438017
1519,3179243.061676595
1520,6441607.306245919
1521,1206964.3503349773
1522,-310307.1588548502
1523,3179310.704524874
1524,-9163927.548574718
1525,5426361.382758131
1526,3144647.1542797964
1527,916681.6657332005
1528,13794204.85644623
1529,-6015496.705578707
1530,2729454.026666994
1531,2820489.152905596
1532,7558172.958576711
1533,2715799.9291151827
1534,-7635262.544432824
1535,4318683.536194696
1536,-3094790.304248045
1537,7996320.109871974
1538,5440627.489754891
1539,-538733.4748323157
1540,-523642.18818582536
1541,3186242.430892261
1542,6728248.177120963
1543,9790088.081290506
1544,-12151925.555345438
1545,5126230.065112302
1546,-9637029.446218658
1547,2686391.798824723
1548,-5008256.622838842
1549,-449490.4968745561
1550,-4470825.275254837
1551,9010743.798785433
1552,-3194654.3062146297
1553,8854159.183323871
1554,8733560.50365599
1555,-4102062.4552032948
1556,-3992597.963071841
1557,14862082.17538768
1558,2308094.1814064123
1559,-10061333.983939288
1560,-6990176.075003512
1561,351604.3417255056
1562,2431929.8480959265
1563,3083468.8589975093
1564,-277564.56142502284
1565,-1184738.0938560604
1566,-9107779.998196859
1567,5570312.355546284
1568,3335346.42325409
1569,-6352457.236895572
1570,-12098316.319094671
1571,651901.0933407977
1572,4764945.099089412
1573,-3070744.11372308
1574,2848647.4490916645
1575,-5688310.877606873
1576,2686578.79700149
1577,9185479.448076628
1578,16219573.066466853
1579,-6611620.867885328
1580,1924328.0081201917
1581,-2159246.6732548024
1582,2291087.6084097624
1583,5648534.0107346345
1584,5273297.187428394
1585,-4903153.62378547
1586,6124273.213398574
1587,894268.0618753431
1588,-8329439.905190067
1589,162022.46492540394
1590,-8706600.555837173
1591,-1384744.3162261047
1592,854326.7509569653
1593,1780075.0935062214
1594,-14273845.86470012
1595,5315967.932732136
1596,3611336.4100340055
1597,1091160.987731104
1598,564759.8468859267
1599,-7017684.97795652
1600,6667787.722520346
1601,4250531.296717709
1602,2409079.208332028
1603,6570071.473499535
1604,-846358.6019175667
1605,6099204.569990719
1606,10301046.058749571
1607,-2620726.6747961408
1608,411695.38495523395
1609,2229193.874908583
1610,6262892.601604645
1611,5608270.854111259
1612,7885488.32474831
1613,2006375.384336499
1614,5913959.216494861
1615,4280780.502418286
1616,-6927294.43911113
1617,1882781.4463764937
1618,5400603.1941036675
1619,-133238.0654525084
1620,5176795.049730833
1621,2683318.58814938
1622,-1502673.5833521932
1623,2601280.0026497715
1624,-1347677.0033934626
1625,2598511.594449778
1626,1907626.0647682492
1627,41166.67519794884
1628,869433.8424787518
1629,12800515.750866404
1630,-3786755.3390382095
1631,1036885.0839329198
1632,-11740195.235413538
1633,5818161.142697597
1634,13946236.887579083
1635,3040549.0119052636
1636,-4597087.090120576
1637,1763935.853028392
1638,788213.810264534
1639,-6427106.488156105
1640,-4310161.642597458
1641,5414655.29489364
1642,-4744581.889264882
1643,1295607.621922963
1644,1885916.4562792808
1645,-2175595.6357776183
1646,844227.6672610178
1647,-6326912.210973394
1648,8309585.4378941115
1649,-548622.3730067931
1650,4667941.281209773
1651,-7759644.161785769
1652,4345391.050124645
1653,-8822107.815305704
1654,11264315.494939663
1655,-10894021.109986585
1656,-1435080.8254486178
1657,-2128327.409851985
1658,11573814.067559432
1659,7642966.716914736
1660,-711069.490525176
1661,-8385656.0544171315
1662,-1837068.0906738143
1663,7807421.975292978
1664,-7130572.975667144
1665,-2429880.4518521554
1666,-483323.6039625371
1667,-1387647.273361586
1668,3750316.5470560133
1669,-2388022.8768652948
1670,-12463063.761960525
1671,-1467390.7309523528
1672,5817438.926804298
1673,-53902.98195193745
1674,-1932480.9541974538
1675,1419788.5148600973
1676,-7613389.788961475
1677,-1278302.1249715958
1678,-1746620.8761608563
1679,2001390.956847297
1680,6728058.778352566
1681,5745720.774811218
1682,5677316.001767004
1683,-7280616.631357086
1684,3710933.8548019775
1685,-3671311.703855877
1686,-6725434.238609041
1687,-9065169.068898644
1688,5396604.24233096
1689,5352961.528618218
1690,-13081978.726534767
1691,345649.23230913805
1692,232120.63593489333
1693,-5231694.28953218
1694,-971044.6442338644
1695,3231940.283035927
1696,-4405476.677187521
1697,6110036.979470993
1698,-12979429.414730182
1699,7436594.458981166
1700,-6488146.145060662
1701,726701.3147201119
1702,-615026.7800486129
1703,6570421.071730955
1704,1628133.049477493
1705,-7674782.318745626
1706,-7935390.086488682
1707,2136841.1046298733
1708,1024559.5326409934
1709,-2951251.279744194
1710,147148.5780421847
1711,-1306582.853940462
1712,-8198764.915504413
1713,-2915501.7453805357
1714,246858.43170672827
1715,-3322301.1169997435
1716,4466689.294108065
1717,5200410.067874996
1718,4389924.447058237
1719,-2203158.2189384657
1720,-13092564.016902637
1721,-15184937.757362807
1722,3375349.2203230374
1723,3952865.411015416
1724,-1923996.8283050985
1725,-1600370.3264114952
1726,8410647.055535857
1727,7500192.399450941
1728,308410.04492230626
1729,-4074421.9034185773
1730,7187630.126520912
1731,-12841189.32606123
1732,-1936493.5993454624
1733,-10453912.4532375
1734,3460325.7750294805
1735,2506258.0379911126
1736,-1666953.3084791205
1737,-873745.6442714811
1738,-4797352.646492577
1739,-12255364.079154514
1740,2608246.4728308413
1741,11338684.698487304
1742,909548.5835608104
1743,1024743.1554626597
1744,11123511.8366244
1745,-5655760.127455374
1746,-5471304.398660263
1747,-3158693.399405724
1748,7742172.611705592
1749,2824179.4371935315
1750,16978228.049713302
1751,4178962.010955325
1752,-14816045.232241962
1753,14683452.697133794
1754,1508527.020654544
1755,-76380.55377419107
1756,-9199950.080043823
1757,5620936.589955067
1758,-7258365.333988336
1759,4252992.935359559
1760,-9945293.339532945
1761,1462845.5992122146
1762,681521.5371743575
1763,-68245.28773952313
1764,-5625761.824428355
1765,-686159.8979018523
1766,-7416060.080931263
1767,-5137532.903783143
1768,4202200.635054535
1769,3692454.7636935497
1770,-2970390.197448474
1771,-1730073.6163128845
1772,4281320.090685222
1773,-2050269.7690158612
1774,-44279.91724626338
1775,1238523.1134209048
1776,1327296.150609762
1777,9588158.7641093
1778,17014111.999773093
1779,1255011.2288124145
1780,-13452439.278143054
1781,-4447328.1541509265
1782,-7164954.705595501
1783,4572441.336751299
1784,-735272.3022613777
1785,3416525.2983800857
1786,-1564100.6642203995
1787,226635.95946170902
1788,-464514.3059511223
1789,-12568728.33326915
1790,11001275.645137083
1791,-12249237.522635076
1792,242125.83983015176
1793,1685598.4505770076
1794,460349.34347056935
1795,3389431.0601378875
1796,-4266979.754360846
1797,-1808029.278804692
1798,-11726434.307442803
1799,3581007.6558990395
1800,4325078.60238905
1801,-2418559.331090208
1802,-12725243.18310642
1803,-1968613.379538613
1804,2713462.195275221
1805,-6136958.073412351
1806,-4156909.0393723967
1807,-6567762.591071261
1808,2513276.13715214
1809,168661.75189048983
1810,-6885719.976946851
1811,-6414528.94437455
1812,2187714.4417955894
1813,14500594.872887367
1814,-6862099.388033968
1815,-2399654.850068165
1816,-3260530.7657523383
1817,1589448.578924518
1818,-2968153.6326726703
1819,1096989.9332352853
1820,916644.0271277104
1821,6072038.787017826
1822,4239563.448449977
1823,8019484.0465064915
1824,-5691384.236059638
1825,11620.194418675126
1826,12576073.957576226
1827,-279036.4362694342
1828,8272918.593537761
1829,2310153.3708826667
1830,14216478.511500027
1831,-11028025.731064724
1832,-5384147.894990454
1833,-1386681.1666781735
1834,1573999.627166721
1835,-8144360.141239228
1836,-1427423.5213896437
1837,-11937982.357184544
1838,1302335.9846903882
1839,2452862.4323931434
1840,-2188679.6040860564
1841,7851427.533468476
1842,2885416.610251219
1843,9806081.220191184
1844,7447905.42996902
1845,5032224.555026514
1846,-9513944.435393462
1847,359658.645816983
1848,-1003487.7834693646
1849,205622.82759232383
1850,-2020111.6681587466
1851,-3442683.9092603596
1852,-5445346.692979742
1853,5059370.41796708
1854,-1728359.6636577703
1855,-171746.15394825558
1856,5120460.429617915
1857,-6983497.290219398
1858,-11005301.721492732
1859,-5186823.056034261
1860,2972529.4690537537
1861,10483798.305125734
1862,-3767805.370957213
1863,-455976.06156360393
1864,-503054.6607534643
1865,1050102.418764248
1866,7587741.410159549
1867,-2784366.8036785806
1868,2447078.9715020065
1869,-2286169.1384206535
1870,-1081794.2180878478
1871,2186499.535710345
1872,-1110254.8445508177
1873,7606390.402495469
1874,-1390545.1728351153
1875,7679451.758084692
1876,8155144.876064094
1877,2021819.3547846973
1878,-13763508.613093186
1879,2411904.097780332
1880,-8934553.64447311
1881,9397737.175368808
1882,-7487957.643003395
1883,-2604143.897365804
1884,-4864163.095946134
1885,3761725.625681346
1886,787203.8239531618
1887,-7654253.214116998
1888,1840269.5054458394
1889,3744083.7580611557
1890,-504589.5713382686
1891,1260468.0749167905
1892,-7773483.387498796
1893,2804666.444774683
1894,6719692.7452402115
1895,-4012611.8023732277
1896,3075784.883846116
1897,-9802141.901839754
1898,1677331.2698596972
1899,1070178.4938633852
1900,-7872629.849131395
1901,-6584417.955713863
1902,-6584327.474628797
1903,-8693486.964443304
1904,-3351300.089460371
1905,-13140105.021057216
1906,-2118292.565027255
1907,2373862.972736762
1908,5203677.252649226
1909,-2432703.3336966224
1910,-7041762.137952432
1911,54161.62661603964
1912,-7838395.8433544915
1913,-2515857.1393363103
1914,2848900.620399689
1915,-181470.84026932414
1916,8627870.428118791
1917,-14816162.055948421
1918,-5523713.339537855
1919,6845909.60714978
1920,-10750230.549439183
1921,-48772.99744708128
1922,3924818.77183054
1923,4971386.198110179
1924,4098882.655528725
1925,-1366303.99743628
1926,-9496486.958335413
1927,-3340522.309401896
1928,2541992.0374621814
1929,4465935.412550015
1930,2958500.433193513
1931,4489202.02149909
1932,-7375218.473470176
1933,-1052225.5164696772
1934,-6059191.701044766
1935,492255.8784527124
1936,1672754.1990966299
1937,-5046196.805664691
1938,1440474.3739842577
1939,4463500.707842838
1940,7202196.668601322
1941,-12849111.142184732
1942,-5777954.293919454
1943,-1204274.03581366
1944,1310187.7879612367
1945,1508662.7816720784
1946,-7303916.5481074555
1947,482681.29954877833
1948,-1192337.2929029614
1949,3482710.2440116243
1950,-930372.349840357
1951,-2337055.568071241
1952,1347881.3058065705
1953,-9123178.349938706
1954,-6437762.591855806
1955,-4977226.040137697
1956,2697632.058736836
1957,-1352173.5178847655
1958,-2661384.729936148
1959,9091561.269775318
1960,-1070143.003492685
1961,1540187.1210229388
1962,4807264.679847656
1963,1032433.331445843
1964,-11974726.34745105
1965,3041216.9836728806
1966,12101993.246415326
1967,-2715135.949238122
1968,3021992.5387804136
1969,5601962.704593562
1970,8517173.199275192
1971,4945203.937011895
1972,4938678.654801559
1973,-9874314.71733659
1974,1221173.5600000229
1975,1569905.9382400226
1976,1617794.6519802818
1977,-8824577.832799556
1978,3949798.98168348
1979,138699.08456451242
1980,9886810.146989767
1981,245626.55039005395
1982,1103001.4087882445
1983,8460524.420904955
1984,-2710538.3149178107
1985,133074.7244267167
1986,-3490470.4567701034
1987,-9050365.701139065
1988,-2740445.244882417
1989,7395057.609659174
1990,-3072047.102643716
1991,-4776604.6856904775
1992,919403.3596881262
1993,1281778.4673776964
1994,-602209.633025226
1995,-2519572.76380527
1996,-946408.3330811088
1997,-4083117.963747385
1998,-7438735.659909402
1999,-14935545.687188908
2000,-2273323.920024347
2001,-3149410.4932983145
2002,-5007848.323254847
2003,6368261.695782436
2004,3111678.1454802444
2005,-3306160.6863658177
2006,-13482880.11263306
2007,-871715.074133177
2008,13337054.27668688
2009,-893285.4356483683
2010,-634082.3221289557
2011,10047847.865003776
2012,1887591.4544103101
2013,2171085.1708524292
2014,-7081658.057688435
2015,8107132.73133217
2016,-11164268.095660867
2017,5907505.006342231
2018,-6793322.720235741
2019,3350272.836068521
2020,-4304007.902579126
2021,2441694.903972431
2022,8822130.085990245
2023,3790449.815169682
2024,-8824048.77094594
2025,4303913.228374574
2026,-886694.606437473
2027,2591538.099584239
2028,9111036.298707828
2029,-4238480.327956563
2030,5282920.22103844
2031,-11446155.64905471
2032,8290207.330461803
2033,-7910539.366184595
2034,-683056.5382988087
2035,-1891604.5796334248
2036,10105733.34772884
2037,4805236.064674815
2038,4974988.242999289
2039,-293874.77786116727
2040,-745236.1491172913
2041,8864657.889443692
2042,2020133.8527376852
2043,1393911.3124977064
2044,-8235542.5046359915
2045,7256776.392101655
2046,2291002.1995198163
2047,-7973831.263256574
2048,-317677.50797809614
2049,-496449.12330306135
2050,1140436.397155061
2051,1887370.8711197178
2052,3011656.3437477387
2053,-5825285.480619564
2054,-6241013.323806788
2055,-15994723.08598424
2056,15795403.833028296
2057,-308359.76517696027
2058,-2546368.665344109
2059,-10697954.216709927
2060,225554.81792559763
2061,5342477.928969459
2062,7961282.977610001
2063,1504779.762053437
2064,2334800.7564396085
2065,-6528129.432143068
2066,2767936.651830476
2067,-847401.7977342348
2068,-10898411.622992244
2069,5353145.755549088
2070,823950.8038222151
2071,16561980.229601841
2072,-5744518.85600769
2073,4804263.503353353
2074,5959351.3583811745
2075,7729098.932325545
2076,7737275.564681625
2077,-12839906.17903951
2078,2869820.264871323
2079,148819.33523099087
2080,12967739.624544753
2081,2848405.612631698
2082,2476672.43598554
2083,-5119880.468937898
2084,6229787.101857679
2085,2875853.2788885543
2086,10603423.374712132
2087,-5816082.560080448
2088,1658199.8251480593
2089,-7447073.407205151
2090,-2819014.3077882333
2091,567112.9532293876
2092,-1092579.6496516275
2093,2637045.805461991
2094,3550869.1585858995
2095,7414734.2162768515
2096,887697.2666171383
2097,-1898667.990654848
2098,822551.3871915262
2099,5681520.756712196
2100,2639288.557114682
2101,-4819951.948849984
2102,-2539495.0930647184
2103,4152534.2837782376
2104,-2417030.164269384
2105,8328234.461801833
2106,7538041.397165279
2107,-3362825.4466715106
2108,-6722678.847953275
2109,-663726.4444362983
2110,-2991235.079736029
2111,2539290.0675709425
2112,-3734562.5983437314
2113,-3166801.796103525
2114,3897856.078139115
2115,4343718.07536828
2116,7584099.474069481
2117,-13497824.082075203
2118,3851064.267738064
2119,-2242279.2160053356
2120,8120544.04960954
2121,13273390.41741142
2122,4056773.948752071
2123,-3251093.190771065
2124,4101709.7052933215
2125,-466042.1382661866
2126,10926048.384916348
2127,-2587973.394923681
2128,5879950.8036036
2129,-7293505.149534462
2130,4174021.49656023
2131,4983767.958558476
2132,4760749.0685858745
2133,17048109.240998928
2134,750875.1632206842
2135,10575636.840627244
2136,-3481249.572864201
2137,2809962.8990504104
2138,4412181.672442124
2139,-2007388.1300648036
2140,4459794.996402778
2141,-9351064.286715463
2142,13616934.546415422
2143,-4343696.319179465
2144,-667868.1117746212
2145,-161574.26839094577
2146,594869.5758022277
2147,2961110.9451619
2148,-4455585.490862066
2149,-2421824.4078419665
2150,-888466.4439300823
2151,9359062.959383361
2152,-4168429.615557843
2153,-75813.06155803162
2154,1962938.8171253316
2155,2701972.365343007
2156,4762659.583258542
2157,287392.49505500105
2158,-4799400.985998695
2159,-10985675.03532583
2160,-15075509.10399716
2161,-682036.9856328091
2162,2741176.0325197857
2163,6919163.6896756515
2164,769270.0347990736
2165,5280808.9083014345
2166,-4665121.231201155
2167,4714699.001941017
2168,-256761.8791469698
2169,3442586.407345061
2170,6035385.863377553
2171,6091250.543550271
2172,-873468.0751735915
2173,6268566.35823372
2174,-3257946.387831252
2175,15798345.408951825
2176,-4346875.5680149635
2177,3020452.3081333362
2178,2322571.2055517263
2179,-1373303.5672544062
2180,5293276.986548221
2181,4566371.521813326
2182,-6483494.0845808
2183,1596169.2667867516
2184,3240175.823917155
2185,-332813.3330844608
2186,-3498056.983864841
2187,3971666.4254077957
2188,1893809.6374922288
2189,7974414.240373579
2190,-1354073.8248787292
2191,1155795.9758146768
2192,-5112677.125893632
2193,-10954878.52833388
2194,3878335.5523142517
2195,3796287.815133717
2196,-10201834.669531297
2197,-549660.5189994809
2198,1803047.8670157406
2199,6250525.11005684
2200,-1768059.1659510224
2201,1506083.7914985786
2202,257561.3588816328
2203,-3422634.3647327996
2204,-7444619.665807573
2205,1025044.9947164754
2206,-6103749.15672556
2207,3987072.0063032783
2208,-714359.4970828012
2209,-1781004.291129734
2210,2521931.648469021
2211,5161591.338829903
2212,1541212.0090827793
2213,2792972.180448323
2214,-7930901.137976113
2215,2094510.0757176534
2216,306512.99950629834
2217,5941248.099759141
2218,-2128327.0114564924
2219,4858081.050199938
2220,954847.6315828407
2221,1299214.3447005905
2222,2129141.66273744
2223,390075.95145468565
2224,-3217143.9683449725
2225,3158910.1368548013
2226,-2922364.2034905427
2227,7360763.174145182
2228,2114971.320802507
2229,-4188416.462093614
2230,9682501.269693527
2231,10169487.594574194
2232,1373624.6277567588
2233,9480645.198366681
2234,5614003.325390769
2235,418853.36035818805
2236,2125406.9673220743
2237,-9794709.381124388
2238,5760382.904603167
2239,2924829.816536841
2240,5698755.237468726
2241,5273897.926079382
2242,-9122760.246608544
2243,3858108.377876083
2244,273589.0628143398
2245,2397160.9411922456
2246,-7493859.076069164
2247,1145067.20281812
2248,-1690774.062175414
2249,6196763.382411375
2250,-1262458.2621718189
2251,-5623283.0190456305
2252,-4102929.5923135085
2253,-7492417.645724339
2254,780590.4591386465
2255,-446014.95081251656
2256,-301844.2592126067
2257,-5380013.206516485
2258,2538555.5830800743
2259,-8698460.538815862
2260,162882.57282752087
2261,233775.7518503699
2262,3725247.15268745
2263,4555828.379709811
2264,-680187.882945133
2265,-8645530.644341497
2266,-9029081.206803635
2267,-332213.18167475867
2268,8820998.15512761
2269,-6228521.93255905
2270,409770.9483699178
2271,-14066508.214051683
2272,-2258102.305897287
2273,972375.516380017
2274,1299404.9962455698
2275,-2983717.719432891
2276,12495627.455607595
2277,8911388.280010452
2278,-14322756.04076102
2279,-5621887.507915551
2280,5849876.980916538
2281,639799.4477652585
2282,2121236.593879697
2283,932038.9185254596
2284,-7704585.107318968
2285,11327836.213848984
2286,1828836.1772250563
2287,259372.64893838606
2288,2321473.9345194316
2289,14164434.214593142
2290,3816013.1102948533
2291,864382.8926634295
2292,16617781.31245761
2293,-2060463.29559248
2294,-4679586.430914891
2295,-7640712.604275447
2296,-2898131.045122768
2297,-1648353.7780655925
2298,8400105.628429692
2299,-12988783.577962067
2300,2860963.4338293257
2301,2000843.026861665
2302,-12172077.247661758
2303,-1738654.323209826
2304,-13227.139428846956
2305,369642.86831100995
2306,-3245978.974359906
2307,3356097.481691108
2308,2218643.4087473373
2309,-123308.40382888968
2310,-87168.62479346641
2311,2215720.049144263
2312,839386.7564211746
2313,3565395.8592036725
2314,1325934.1475633825
2315,-2412844.8263991475
2316,-3781720.4962832034
2317,2080801.1599161364
2318,3455949.2479204265
2319,-4308790.78709971
2320,1677217.6471644146
2321,-5992287.852267956
2322,1088395.483746245
2323,-4777579.751387831
2324,-6694680.15501035
2325,8952099.123841373
2326,-4117217.233102315
2327,3366995.4325889414
2328,2622298.892916035
2329,11735697.818441618
2330,2871591.749461612
2331,1516682.3744424384
2332,8473080.550962647
2333,2787240.557118226
2334,4383442.841911565
2335,-5546446.955489734
2336,-5058936.608639954
2337,-2644108.377123563
2338,-5944928.685261945
2339,5303692.365019289
2340,-1932423.0924911364
2341,-5844659.09516516
2342,-993270.9790808538
2343,1621325.2114533219
2344,14135874.541102216
2345,-6436172.022493725
2346,-12488966.369132923
2347,4423807.192468027
2348,-10273718.063793616
2349,-4843490.174352733
2350,-3197220.6035567233
2351,-15384.531456317705
2352,1246549.4365006913
2353,7906194.698895687
2354,3419530.2733336114
2355,-2761052.832562752
2356,467944.53708823456
2357,6247924.131810989
2358,5206902.977008575
2359,-4193448.5720152417
2360,67326.76774177355
2361,5456526.654360189
2362,1317524.9720738875
2363,-817604.2500843387
2364,289954.41721163184
2365,5903930.654256248
2366,-12422131.495687084
2367,-5732651.521686785
2368,5089.7912684063895
2369,2185997.4174833447
2370,239052.56915416158
2371,-8947792.559716228
2372,2862274.8782185987
2373,11618320.962104972
2374,-512527.5321653299
2375,3237050.0583592826
2376,1100230.0513968612
2377,-14339521.417380061
2378,2954529.748244293
2379,3342212.803424644
2380,3562593.6640228145
2381,6074691.361092247
2382,927036.9992291279
2383,-2662249.3874515286
2384,3511193.2196527533
2385,-7704571.316024768
2386,565337.2662708721
2387,-3953939.525444115
2388,14204028.96423402
2389,-6722147.44166097
2390,-13729109.769373666
2391,-5315746.660413919
2392,-3990883.56847269
2393,-1176942.709361684
2394,14374.032114360482
2395,-3754379.506474388
2396,12897103.206824208
2397,4454613.531014506
2398,5409699.014313867
2399,-8930091.081460295
2400,-6876888.8972029295
2401,3249259.1677461215
2402,-1551364.3131039455
2403,12234336.439541731
2404,1055359.4185009273
2405,4731139.488637559
2406,-8580280.43861683
2407,-3589854.7909329063
2408,3506259.5383068197
2409,1452113.8024509796
2410,-894204.9158867685
2411,-2735779.252922236
2412,6432040.6824605735
2413,-6901375.958877524
2414,-2337992.769574878
2415,-5915542.447709043
2416,2866196.3301698626
2417,-640025.1647459747
2418,-5206858.807024997
2419,11069437.961124878
2420,-1512.9597696548328
2421,1570293.810239191
2422,2271316.3678889154
2423,3374510.0957528786
2424,6943228.090731157
2425,1776316.787491227
2426,-5555729.638453595
2427,-1890222.5531537053
2428,6362615.443720691
2429,4802811.486079114
2430,-2713348.8331599724
2431,5590574.788360451
2432,-6487857.605274387
2433,13829154.209558543
2434,2468945.57435315
2435,-158733.81708177613
2436,1640196.769270687
2437,3784452.1902575763
2438,-849513.8591400755
2439,-14997737.837001631
2440,2921669.786449353
2441,-4433584.872705968
2442,2218654.861397558
2443,2527610.91706162
2444,-5894205.725033864
2445,-2322517.787537273
2446,6739070.822346156
2447,316786.41971164185
2448,-1127111.2825617068
2449,1260898.3353128596
2450,426934.60478519276
2451,2502401.863998738
2452,-7782013.976546439
2453,3397.2168800882064
2454,-6265830.312842521
2455,-5125985.605972858
2456,4602211.510915124
2457,413109.85110773816
2458,-5943329.010209634
2459,-1250357.6145616204
2460,4941842.717156133
2461,3155699.6409059013
2462,-6905973.977981676
2463,-42616.362915897786
2464,-6339532.011813076
2465,16383370.858356178
2466,1824043.9567927737
2467,3101403.5880548335
2468,2318141.8785475735
2469,697442.0774501028
2470,-10867188.351217743
2471,-1304682.0858141114
2472,10326238.43094275
2473,8438467.380785935
2474,15980530.512672316
2475,-4433368.961565448
2476,-9952827.684133347
2477,-5639784.199809755
2478,1450681.2621683558
2479,17606971.87044429
2480,-13733821.439285884
2481,-1304797.7681428923
2482,331444.0153434664
2483,4845583.231347424
2484,-1739004.0702536993
2485,-4145257.036532381
2486,-1198426.0092188332
2487,6422676.193149483
2488,-1404577.4536639887
2489,-9618610.337817773
2490,-5900702.603865212
2491,2338459.3826725716
2492,-2951017.0660405094
2493,-2375780.9922305653
2494,3698601.498585974
2495,4870802.926279688
2496,483773.43076075113
2497,1187321.0703633253
2498,827834.1192529509
2499,-641852.7869313117
2500,1558367.731627794
2501,-497593.90334166866
2502,221164.72721899737
2503,5284393.0929314345
2504,3544040.9666720615
2505,5541441.778072206
2506,3398982.134418356
2507,-1914919.347165137
2508,2636356.876128095
2509,5183297.522639885
2510,6774758.343420724
2511,-7689295.990303543
2512,6092275.123467064
2513,1373923.13907602
2514,-7600662.394112374
2515,1072986.514320719
2516,-3202631.504257652
2517,3129889.052681575
2518,-3048563.2209828324
2519,5526517.42468704
2520,-7178232.263019512
2521,1433611.4439721447
2522,12326169.8067055
2523,4339262.031085219
2524,3912215.177831658
2525,1160216.3695753845
2526,-12848411.401111532
2527,1469006.1438961087
2528,4870443.945422108
2529,-2719834.0453402116
2530,4590824.074323482
2531,-8974715.385174142
2532,2059046.1303537325
2533,5059983.90490963
2534,8404369.885503802
2535,-1723506.6555617456
2536,1422981.697777662
2537,-2638726.9289549403
2538,9190629.204329986
2539,3960092.80420333
2540,2685143.0829238486
2541,-7820365.694523966
2542,-813979.47084033
2543,-6741128.31717166
2544,11137207.693646904
2545,-569484.0180801806
2546,-9316771.55888654
2547,71407.46507295938
2548,5247731.104895306
2549,5887512.082620709
2550,1443884.985805009
2551,-14686833.80443791
2552,1996811.3348493814
2553,5537445.110647241
2554,267473.90098729305
2555,-2334974.354459662
2556,9729922.868378604
2557,8495991.277222838
2558,797745.088935122
2559,-14939538.281720694
2560,-1128605.3764511568
2561,4830514.934771902
2562,10248249.516076809
2563,591309.5732669659
2564,-14684475.850108564
2565,2209801.7243230967
2566,690082.1600021396
2567,-4464020.259407503
2568,5320321.778812403
2569,1611776.155310984
2570,7274056.168657715
2571,-291632.1592488532
2572,3668542.1232515774
2573,-123444.86749457926
2574,4138385.9994158745
2575,12287261.511823658
2576,9948452.881009862
2577,-4027547.3487095432
2578,8383434.5567165585
2579,-4930549.689980758
2580,-2737596.020294189
2581,-4325173.074352532
2582,-5435556.876006945
2583,5165194.1129092
2584,3180332.5875016847
2585,1368463.042230678
2586,-541216.8221780054
2587,1640828.6527500355
2588,778124.2754832167
2589,6459589.193142163
2590,-1502031.3716219887
2591,-491204.4725706402
2592,1586778.5237443617
2593,7050495.610064998
2594,2319596.9937167806
2595,99035.31568548056
2596,-267778.7120635612
2597,-4507946.468168075
2598,4411741.090248444
2599,-14198557.03077654
2600,-1120837.7147691702
2601,1760644.3766099163
2602,2068490.903502866
2603,1454723.6045683497
2604,1727233.3427384149
2605,-2560781.3387768595
2606,4310329.215646525
2607,4835282.767444734
2608,-3128324.7332038004
2609,3881978.149457113
2610,10517667.15293728
2611,-5465999.768720871
2612,1375201.1960876035
2613,-1466549.1625356986
2614,12283694.845379822
2615,3645624.0136631653
2616,3752079.788195523
2617,-4232516.115138673
2618,4116133.749325412
2619,6840583.598315122
2620,12936272.438771954
2621,-14053201.440955827
2622,3123942.7864589044
2623,-8982222.796088837
2624,7406075.347132857
2625,11416714.976119574
2626,3344247.947766126
2627,-2946388.3756151143
2628,5806395.192799072
2629,2357928.6946500684
2630,-8763096.73333519
2631,923986.2132648494
2632,-4526123.468782982
2633,6227519.419515427
2634,2657716.955249627
2635,126921.614143852
2636,-6394402.612108862
2637,6296754.700126859
2638,142048.36658777934
2639,6372939.023233649
2640,-4533128.766851045
2641,-6983033.958397491
2642,1908562.8875735435
2643,3293022.228179828
2644,-3071324.121515152
2645,3991836.845956485
2646,5868571.06532648
2647,926869.394632216
2648,8913786.349352632
2649,1643596.3959126123
2650,4362530.706015587
2651,5546543.680262178
2652,1624934.784270125
2653,6113861.197050958
2654,1917442.9654133157
2655,4664987.383678088
2656,6076638.582102813
2657,4491412.011259594
2658,5817123.3721691705
2659,8379288.418603463
2660,474946.6845615761
2661,6198117.707777871
2662,5104405.502887746
2663,10436283.036751727
2664,8126091.207945958
2665,-8412330.476855453
2666,7370407.4657948855
2667,10351623.93986525
2668,6342000.342649487
2669,-6586234.433691182
2670,-713798.2420105562
2671,5310564.845236994
2672,794483.7230332459
2673,2159094.886734121
2674,-1146814.0008865395
2675,4834883.072514808
2676,9434662.765760502
2677,2108840.318132453
2678,-14061503.056182206
2679,168885.45724577937
2680,331835.2203069697
2681,-2826680.182922165
2682,5435648.124607162
2683,-1317353.4425187143
2684,7143912.032466444
2685,10228850.626208486
2686,7822250.543822157
2687,-1186912.02503733
2688,2530938.8220919375
2689,392154.1915566033
2690,7789983.723728532
2691,1257581.4557555523
2692,-6886799.534904274
2693,3398617.6374571333
2694,-2098281.6363126813
2695,4236670.685288882
2696,-8327880.273040218
2697,3422596.2437527576
2698,14508717.756877381
2699,9661411.264910718
2700,7953303.015817334
2701,-2486884.6351455227
2702,-8930926.648808423
2703,-325408.5184253828
2704,6331612.228823362
2705,4677711.4701269325
2706,1136579.1671986668
2707,1373839.3015561537
2708,3576713.1608964754
2709,2864618.100211358
2710,4419086.1679148255
2711,-1153292.5438245046
2712,-10699565.91533896
2713,7965.986842241837
2714,3211443.9055104447
2715,3165782.4669627678
2716,-1885637.9024292447
2717,6306919.210741429
2718,2553639.2420542813
2719,6587685.422394572
2720,16043410.803729018
2721,610063.2722288568
2722,-8892151.380746359
2723,4524821.144964399
2724,2619513.1540603824
2725,9242433.123561073
2726,-8383153.3957711365
2727,8173870.358735693
2728,-1458825.5117363464
2729,1555149.429976676
2730,10241149.35312492
2731,4857577.031970839
2732,-8000667.46419278
2733,3938985.6065928442
2734,-5989354.184717146
2735,-2713005.9323536493
2736,876433.8963115693
2737,-5757902.01589882
2738,5930693.959488661
2739,-693328.639606765
2740,6303058.313213699
2741,-3326718.703324382
2742,2971254.221011031
2743,-8924309.465983251
2744,9185740.905740842
2745,7330280.820955572
2746,3240076.738527994
2747,-11997278.116197187
2748,-4491178.363009552
2749,16871693.863136582
2750,-1750762.6396436952
2751,2827712.116108959
2752,-146363.77544607286
2753,-456505.9791439581
2754,8894935.36333434
2755,1930189.774410128
2756,-4369237.852087619
2757,-598172.6079486844
2758,-993272.2540290303
2759,2005415.1007240608
2760,2796519.81303893
2761,455305.52331040066
2762,-1257021.5154593312
2763,2534593.9668265553
2764,3262489.525127736
2765,2040672.3286983087
2766,-2413573.045351971
2767,1830986.5118891653
2768,5725612.3282469725
2769,3142979.5123508302
2770,-5397700.575826047
2771,1975999.0228653904
2772,-7356001.248989148
2773,13390549.953301026
2774,616988.2954320142
2775,233876.77256169548
2776,-328314.4088255972
2777,-2003644.1873039529
2778,1826889.9987196964
2779,8213005.780093839
2780,-4296782.494906577
2781,-2689649.012889092
2782,1897371.802125739
2783,-671833.4819174022
2784,17549448.620415475
2785,-11536838.265162196
2786,2710202.3406374333
2787,-8091700.402813246
2788,4587652.902479637
2789,-4053737.6122258804
2790,453250.5471190029
2791,-5683641.241064625
2792,3559585.5630538524
2793,-4008924.9360775715
2794,7833860.567959177
2795,1897664.6387049288
2796,2622349.968883225
2797,-1979503.2920944747
2798,2781624.891193855
2799,8784759.555116234
2800,-2342836.9539657785
2801,1864194.5215869367
2802,-3641652.0235442175
2803,4707627.341777923
2804,3072966.063442072
2805,-1847992.5467527532
2806,-2976479.4181073504
2807,1119913.866487932
2808,2089679.5541302431
2809,311547.2066392208
2810,-1840026.3725065063
2811,-10794621.272868523
2812,-915792.3617604414
2813,-2371502.4680089066
2814,-7890407.579268731
2815,-2868432.253786252
2816,-728347.406678143
2817,1734677.662685914
2818,1236994.0721719973
2819,-8269225.367443653
2820,-21250.19440505742
2821,-1604567.8460659448
2822,6469320.393822155
2823,-236952.82040377855
2824,2013591.8349979282
2825,225540.49404489453
2826,8201259.247756867
2827,-14533663.241888642
2828,216849.99855514997
2829,10806805.829320163
2830,2470159.7680128748
2831,3987562.7646084307
2832,889932.2051966244
2833,-9576546.611223917
2834,12014891.853669386
2835,2466699.9017132814
2836,-14940201.14259648
2837,4663648.225700444
2838,14490008.440439338
2839,3386475.274832383
2840,-12150112.877845999
2841,3662498.6481473437
2842,-6120238.261355137
2843,1398114.6366003132
2844,-2089497.515503242
2845,6686140.296546837
2846,-6530182.954152521
2847,4612179.671838268
2848,993687.8467574343
2849,15146771.689672828
2850,1800249.8814543537
2851,-298800.0286143316
2852,-5562970.855452957
2853,3895084.5871414244
2854,-2091199.9512768574
2855,9327286.396892222
2856,-1490257.8991533436
2857,-2630634.551929387
2858,-1942713.6795705513
2859,1400912.23404602
2860,5038952.539113906
2861,-1395481.6889422121
2862,-2017965.7316111897
2863,2197945.5691696424
2864,-4445981.572932111
2865,1954627.242513369
2866,6117399.322977187
2867,-2313586.4971150416
2868,-4491680.598380619
2869,2915036.3080003103
2870,17529258.404217076
2871,4059658.5545747904
2872,-14824378.745961767
2873,-4497816.31255501
2874,3553701.9498726577
2875,-1657022.8543896321
2876,1957983.1569720097
2877,8424459.032479942
2878,-849418.2735318199
2879,1613467.9433232145
2880,-5173748.873285614
2881,-2369882.7631126
2882,14200445.093992278
2883,4171401.938237101
2884,1333266.3191655872
2885,-14751927.660013124
2886,-11754001.989916323
2887,1996141.2465932071
2888,2973909.32203425
2889,3488226.3812954486
2890,4019131.4331437526
2891,10167621.536799368
2892,-1137605.9647361676
2893,-5704720.343045497
2894,3861786.4324998907
2895,-913646.0663787356
2896,-5153783.323744525
2897,1587554.2096567121
2898,2872713.4548834204
2899,-1868565.5745918069
2900,-913868.1107617998
2901,-15657619.941017415
2902,217512.545063822
2903,1087384.9498642085
2904,-2615135.6271263463
2905,-2584640.6721374565
2906,-6148757.091464161
2907,-2751836.5258073667
2908,-8218015.497936127
2909,-10094107.21477567
2910,9546715.026213652
2911,2161479.489859024
2912,-3645393.6351573803
2913,-10321380.158278977
2914,185756.56620869524
2915,11226625.77766651
2916,401478.31955158815
2917,17033539.90843727
2918,1728982.561221683
2919,3125070.770098969
2920,-8772036.923199032
2921,-2931953.582036853
2922,-568432.4073730067
2923,-6435793.877564499
2924,8201324.703425355
2925,2881321.4733230947
2926,-15773264.357873758
2927,1793344.6772514724
2928,4798626.609509138
2929,1384158.727141666
2930,1315033.4129500934
2931,-12442856.01617976
2932,-9839503.123001557
2933,-1238578.4847814215
2934,1347163.1218711392
2935,-11896486.028475102
2936,615091.3187063681
2937,2093410.2661890252
2938,6852507.514669034
2939,-15912213.469620068
2940,-576935.1886986238
2941,1935779.047462336
2942,-3273004.1449533487
2943,-1759503.9485485193
2944,-7888000.015926875
2945,2971897.3140402883
2946,12458435.139131706
2947,-5682337.206268449
2948,-12332742.601988094
2949,-3103883.0072777756
2950,5445192.968343096
2951,-5057131.373220751
2952,-2564233.7306891335
2953,-7663374.856589057
2954,-6532542.09693966
2955,-371502.71640924265
2956,531221.0258973751
2957,-6367686.580583112
2958,-3614552.405013062
2959,-499024.4865767371
2960,-4638625.131537674
2961,-8837215.775343914
2962,-3816205.6756155104
2963,403998.47031989787
2964,-2336083.3792793704
2965,-2910721.835267591
2966,4406981.16803111
2967,1875239.469328951
2968,2683079.3172186464
2969,-7000664.329145597
2970,4855966.212178603
2971,677052.686210864
2972,4341503.636133215
2973,612215.7187577061
2974,2759519.4066721927
2975,2836828.1367302653
2976,-5263838.0472144885
2977,12904601.134116555
2978,-13468557.955771085
2979,1684428.953893605
2980,-5999947.3241056185
2981,2906564.9760962725
2982,1614198.2092636493
2983,6069871.026260411
2984,666395.508920609
2985,-10574503.618217748
2986,3782061.180581516
2987,-2228306.805740907
2988,-1239850.0462761833
2989,-1516256.324192565
2990,-178931.80336420736
2991,-3720754.0095417285
2992,10365211.457675453
2993,-4789434.30568436
2994,-4685619.799847356
2995,-12014804.59825665
2996,433818.31824163895
2997,-5569584.553574686
2998,-10373278.144752102
2999,-9836836.229164988
3000,31207.403187879594
3001,1420952.1292933556
3002,242247.32604129278
3003,-15052869.61623708
3004,-7651696.831624968
3005,1809572.2242786586
3006,-5825699.083547707
3007,4037175.5503381575
3008,34635.43926900644
3009,-5532762.207222366
3010,1225899.3331347648
3011,6095852.686356755
3012,-2632103.0847199066
3013,521813.67192232906
3014,-4480613.269024419
3015,4280752.167862951
3016,3418409.929692108
3017,-1177023.726331358
3018,-6670850.732244532
3019,1950277.9076976373
3020,-4855785.908575082
3021,5046093.103679202
3022,-9752718.84801301
3023,-3134673.156357712
3024,2036204.8266118064
3025,-3681470.3956976654
3026,990104.1861942802
3027,-690372.8272001616
3028,-10666656.037986327
3029,13203391.515740545
3030,-2072533.4757106383
3031,244658.02315278538
3032,5082698.819710056
3033,152395.1015922708
3034,1933292.4903398796
3035,-4293392.974008823
3036,-12440802.10691215
3037,15498234.43404136
3038,-13254926.520472229
3039,-4352329.25991652
3040,-8696467.120109405
3041,9200748.599983243
3042,131189.49785551988
3043,-2573271.347734167
3044,4884707.197172841
3045,5242008.556700164
3046,-1997833.4260984738
3047,-1916281.3022273544
3048,2606931.438925555
3049,-1048161.954468069
3050,6223301.035236441
3051,-5711662.418278884
3052,-2917339.6335550984
3053,104384.17205722653
3054,1105313.2379965442
3055,2232350.7233333485
3056,916582.5996754883
3057,1976733.5959358797
3058,2056338.5872347192
3059,-788625.3001567513
3060,2667925.593226265
3061,4975836.929788565
3062,-1973229.9576718442
3063,1954016.7523826216
3064,6712420.827432955
3065,-3373888.736745063
3066,5433853.675823952
3067,-3740983.165110983
3068,2242236.109038565
3069,4797532.15434828
3070,-4146184.3812596994
3071,3654272.7044424163
3072,-9747873.900451431
3073,3399904.7945657433
3074,-182597.1415015234
3075,1584254.663659248
3076,4090762.777984552
3077,8151396.035730034
3078,3818089.5204107305
3079,2874351.107162123
3080,-1726506.8814461182
3081,14847312.058040893
3082,-7215176.870834795
3083,-7650611.233350644
3084,10181000.168819288
3085,3711619.2131551444
3086,2458121.4809968346
3087,-5013813.117023552
3088,1934835.2061878487
3089,-1232939.0162209917
3090,-12813646.006996915
3091,-632739.0328014182
3092,-672310.6882580097
3093,-3302220.438055709
3094,5514149.595602624
3095,4208011.256665569
3096,6582040.821159125
3097,-1223129.9840170736
3098,98469.31038464858
3099,2546314.908192542
3100,1842215.266093032
3101,435869.59334041754
3102,-3952276.2832962694
3103,3751749.0945631503
3104,11553928.436305715
3105,-747273.4382169334
3106,4855850.973218349
3107,2243017.7211129377
3108,1883808.9869016632
3109,8431965.437714789
3110,6724097.7781362105
3111,-3493026.0913342363
3112,366209.6234858165
3113,-644066.5966961073
3114,8121400.567187404
3115,-967610.0206729338
3116,-14510123.07851251
3117,4018677.755041849
3118,-336965.65218250366
3119,5021634.335967989
3120,-2156924.4862126303
3121,946853.21165956
3122,3438080.527588705
3123,570869.9280026731
3124,-5079894.013812177
3125,6275109.030628357
3126,1030850.7812714142
3127,5128561.158063478
3128,-535129.4980839908
3129,8237888.28395167
3130,-1333113.8243217354
3131,3818110.08319121
3132,3088648.0076342714
3133,6387878.9483997915
3134,-2629386.4252531207
3135,14835470.062213
3136,-5779864.778480442
3137,9180922.601149846
3138,1130188.1423731127
3139,4883829.506078075
3140,-3459937.3789736354
3141,2664378.5040534474
3142,3606905.3571110005
3143,-572731.8222368185
3144,5887313.056848974
3145,-2395893.7443361967
3146,4912256.827952162
3147,1168698.8193032101
3148,2845022.9286027625
3149,1404644.1317275572
3150,593863.2587620415
3151,-9782123.22516745
3152,7229757.509875769
3153,9036488.370886981
3154,-3617902.593872229
3155,-484731.9442013893
3156,1890526.5030025684
3157,3960534.595159528
3158,4028324.0594607787
3159,1948026.751307708
3160,-9574271.21154729
3161,-10129329.590611633
3162,-2119629.1697838134
3163,7911667.077340511
3164,-1083560.7437653316
3165,-4707953.319955093
3166,12019575.053103996
3167,5745757.782755603
3168,6102069.622393878
3169,-1112298.360055887
3170,1702099.3325585914
3171,670491.2821353849
3172,387489.88296102075
3173,-3093343.834100549
3174,5552889.358931269
3175,5812797.565001832
3176,6715633.940800987
3177,6406715.227660392
3178,-227872.23027179664
3179,820161.3263859062
3180,-10165061.277911108
3181,2046034.9921991993
3182,-9073857.306279074
3183,4608954.8648225125
3184,7585556.203313972
3185,8007394.1426413255
3186,-4055412.9445611774
3187,6849648.513820712
3188,-3225794.7100049574
3189,5589609.354504489
3190,1020331.8152723185
3191,-630338.1933925548
3192,-1630937.487923074
3193,5811347.833465622
3194,6096654.18380945
3195,762570.5244780745
3196,-6664291.667194303
3197,4672267.655830968
3198,5639943.351868151
3199,1248965.650733399
3200,1186625.3746406268
3201,-3523340.899476131
3202,2293452.233458802
3203,5676752.845538141
3204,-1173043.3290464259
3205,-4532443.827963254
3206,3265893.277913749
3207,-1754485.1805012985
3208,-10393208.054522479
3209,2181563.4640475297
3210,4703791.89852183
3211,3049752.5988575425
3212,3638627.971714885
3213,11983113.08549094
3214,10990691.672659524
3215,377017.4185988308
3216,1151372.1050701768
3217,1461626.9023338691
3218,7026419.675636455
3219,3580054.829517546
3220,6116762.829873838
3221,635568.4321197781
3222,956181.9376495596
3223,-10464034.235649422
3224,7173488.315136838
3225,-1385122.5657766934
3226,6781246.48860612
3227,-8577064.359713629
3228,2115723.8816948887
3229,6612054.596254852
3230,4231170.866108013
3231,4678671.935164431
3232,867795.3568383189
3233,-2816143.1811364517
3234,2278555.775961931
3235,5766487.28762825
3236,1217481.2775508233
3237,10818863.845330937
3238,13319878.596272718
3239,-10934923.784732688
3240,4818631.36010507
3241,11028752.925536634
3242,4900619.241338579
3243,7192944.487652205
3244,-830275.7448088943
3245,-7789797.272928837
3246,14761632.896601465
3247,-1430967.797717048
3248,3909971.8356462354
3249,-10057425.08119197
3250,5038640.549455424
3251,5556273.235998576
3252,778499.5298509907
3253,-4619461.702591137
3254,3177707.5842792755
3255,6751178.425204557
3256,-2398358.290440716
3257,-452804.0835610706
3258,-1215066.9977746885
3259,7346348.96838283
3260,7444027.766073453
3261,2407489.2833097507
3262,-3340138.441665942
3263,-183862.93040160564
3264,4826444.492271836
3265,15489491.110371206
3266,6206421.86108394
3267,-1672765.2392579527
3268,3984160.61847269
3269,2342622.009183851
3270,4241845.744547491
3271,-192722.90523734438
3272,1390012.9970537168
3273,-4231949.1894449
3274,4365796.6396924425
3275,4256520.369477517
3276,17172524.53402849
3277,2703229.3555842964
3278,4166346.3874681047
3279,3058090.9373252722
3280,1594286.6947983326
3281,-3605839.086163445
3282,3717358.5308185136
3283,-6223596.289552619
3284,3768846.5482816426
3285,12425510.883373257
3286,2495542.7349237436
3287,-6629203.358255667
3288,2560844.2144231563
3289,4245901.051769015
3290,3231623.252770285
3291,4371706.3380830735
3292,10589521.629415492
3293,2093331.5998495847
3294,4427374.067508846
3295,-8679638.5821953
3296,6554095.614189728
3297,-2033734.8425481156
3298,10023849.027029764
3299,655502.1586903268
3300,7397299.814660365
3301,-5432562.281073777
3302,3514584.643871057
3303,-1500281.1844222948
3304,-3850043.931083291
3305,-2866149.307954988
3306,-1511342.8710126095
3307,825211.0925064834
3308,9544608.757092642
3309,3189116.552861576
3310,4476636.742186345
3311,-6599173.706918216
3312,-3827693.6697258637
3313,2153566.1848019445
3314,3215894.9258703077
3315,-824808.5863543149
3316,-7708620.851235422
3317,-6239549.122414915
3318,-5169806.232976206
3319,7232337.457826726
3320,-9444055.774514737
3321,1349223.2492268342
3322,-8238499.30162775
3323,7370041.798537584
3324,922750.3888081659
3325,13104276.65455505
3326,-4079469.8000994003
3327,-13023657.173699532
3328,9064079.277271701
3329,-761999.5892324972
3330,2231590.67740836
3331,-1633182.062046853
3332,3430475.5586221786
3333,2122620.608215815
3334,1918392.4427482046
3335,297299.1383413259
3336,2787167.725928628
3337,-5799241.232528436
3338,7480628.243720355
3339,4121454.8298217515
3340,5746212.68187956
3341,3776504.5370685942
3342,-1440687.0941109085
3343,2897173.865117685
3344,-2176093.184401854
3345,-3555770.7861955077
3346,5985327.214954301
3347,1408369.3056817544
3348,2931137.8497276288
3349,1968882.17606138
3350,-125250.81508858013
3351,8657943.319918253
3352,-5805296.622484883
3353,-3282873.0786286807
3354,4792748.023931638
3355,-12185459.444153063
3356,2980352.538389705
3357,1395418.375432544
3358,86381.16525608665
3359,-2703829.695111122
3360,-7130062.826700737
3361,915779.3766372763
3362,-14911800.170325402
3363,-5349345.303938469
3364,3846014.2048328305
3365,6433316.690458833
3366,-740771.6026988795
3367,-2834.0152835194485
3368,-6771930.215475677
3369,-4757629.229000863
3370,6268045.023393562
3371,-1948370.9731064178
3372,-8382717.187999964
3373,754134.9607841357
3374,11163210.445052085
3375,-4792812.298989994
3376,3452971.4273033813
3377,-12511101.813694779
3378,4588179.852728203
3379,3662552.588930001
3380,4370190.410086023
3381,-4876602.6382904295
3382,-9286021.868673895
3383,-6082314.521997839
3384,1754261.422544293
3385,1203055.9951664165
3386,-784428.341155861
3387,857124.7240578204
3388,4347135.260549192
3389,-9191001.751075145
3390,7889608.9419463
3391,11822370.281490456
3392,-1878794.3782849528
3393,1836258.8569561471
3394,-1770528.6340232417
3395,-15667587.319816738
3396,2789879.6963730655
3397,-7551662.926606415
3398,5047474.254835749
3399,1359616.8566107326
3400,1197579.115023782
3401,1952033.0920015227
3402,-615736.7549525776
3403,9508147.927418325
3404,-8071723.936813794
3405,-552607.5274040012
3406,-7044553.440087442
3407,3738624.9293505563
3408,2155421.7352347756
3409,115069.08043927299
3410,-1863805.5590207218
3411,1278461.791524279
3412,10543874.228107322
3413,-2040282.0682919293
3414,-706822.0817070354
3415,335209.48915564665
3416,4099620.6382537126
3417,-8841318.78169377
3418,2461519.379330137
3419,-2225650.308640826
3420,248474.88389596264
3421,-11607819.21921092
3422,3001480.8008089676
3423,-7067194.989701411
3424,622278.2432726168
3425,-886841.8273580733
3426,-6867567.588831705
3427,-3611151.9046840505
3428,-11613334.663736973
3429,-2283987.254815073
3430,17574277.779926993
3431,2624507.409328347
3432,-10618661.961406041
3433,3254648.5051756166
3434,6569470.0256881565
3435,-9084532.11570714
3436,4616544.311996823
3437,6175393.109297403
3438,1279474.694494453
3439,1167578.9080947593
3440,-5089285.625132808
3441,2632025.389627816
3442,5954910.568763899
3443,6347855.3158003
3444,-8082491.634146607
3445,2006002.9405004755
3446,7403162.3205459695
3447,740447.5959235699
3448,-1810521.2173177344
3449,5439399.221350485
3450,950992.4581974021
3451,6914176.408507246
3452,-2817755.8219751813
3453,3986575.6473914534
3454,5934731.246358152
3455,2726973.3730458277
3456,-318572.4176141002
3457,-15060244.60359864
3458,-14692522.465382531
3459,-13069948.85191501
3460,95834.68909214828
3461,-3846736.9853064604
3462,15213812.839301756
3463,-1830251.8485884871
3464,-2557424.3304233802
3465,-3997064.5291807363
3466,-1434077.8058251522
3467,882682.4427280299
3468,2755430.0029157223
3469,-4619885.952086802
3470,9208891.797491936
3471,-1016855.9097037371
3472,-1136925.3413197002
3473,-3646308.141936384
3474,-6352236.914616234
3475,3567866.540019911
3476,1217550.0198338924
3477,1319467.7315138718
3478,2924008.6586384876
3479,1496628.947305219
3480,4240839.988042151
3481,-3705361.521381926
3482,-8139249.720796898
3483,-1316926.9583435918
3484,-8395973.084168654
3485,1797721.2824953957
3486,-3311663.6968825515
3487,4409208.786544141
3488,1894357.2314202387
3489,8166093.687465998
3490,-1705583.5779309943
3491,1214559.6844706608
3492,-2078811.3566061524
3493,2372221.718085625
3494,714825.4282761423
3495,14953339.28016151
3496,3359101.128255642
3497,-6323005.661380435
3498,2426239.572745563
3499,-4700713.408200441
3500,4172843.8824594244
3501,4109624.6181089156
3502,-1433630.3303533935
3503,-647244.561167207
3504,-1255457.3405086421
3505,2478860.8961563953
3506,-2962181.30369692
3507,-411596.862360897
3508,-2286977.121621234
3509,-1144641.9517756738
3510,645119.1777960396
3511,-1766767.3162098147
3512,-4976425.533145057
3513,2755569.847750271
3514,1031631.9602375403
3515,1420588.4686828526
3516,-3431732.565674766
3517,-4493705.19974702
3518,7965475.394490768
3519,476629.99095734674
3520,549775.2312707247
3521,-6952774.536396489
3522,4602079.126121275
3523,441351.76668514067
3524,-15538707.397392744
3525,1483493.6063404826
3526,5791331.111736614
3527,7819423.057786031
3528,-415929.0160644644
3529,8411577.42606498
3530,-436958.2748647481
3531,3833743.064650965
3532,-16032041.537205422
3533,4033190.663279304
3534,-4772451.507235081
3535,10002432.734724082
3536,-6380082.142798269
3537,2240685.703550796
3538,-3402542.427475039
3539,-1713553.2559904852
3540,17652648.955925535
3541,-3880879.775869166
3542,-9021349.90018476
3543,1884183.3376250216
3544,-6511637.847179861
3545,5901156.355112666
3546,169884.00628127088
3547,2651134.8841096084
3548,-24980.039946583285
3549,3627682.9762711846
3550,-10826794.583375825
3551,-1583264.9819329113
3552,-4646317.1681605065
3553,15491515.73765871
3554,-706154.1837842801
3555,-11940179.583316501
3556,-10967906.036125084
3557,3772854.1875615185
3558,-728758.0504188363
3559,-3385082.9977656556
3560,-6557551.277679508
3561,966023.8188249795
3562,-6263724.385690356
3563,6248594.988565749
3564,-4461457.296096377
3565,1451642.8193865654
3566,313133.57394908613
3567,3502633.268469534
3568,2788022.8820300493
3569,3727105.049934746
3570,-9084323.34634481
3571,2100415.898993178
3572,-9298579.104841318
3573,5378200.8425778095
3574,-1230854.2192942803
3575,6834364.553973081
3576,2113272.1751343636
3577,-439726.80788743065
3578,6751939.507060711
3579,1715216.4652757389
3580,3659794.742373272
3581,3176184.1077183145
3582,6248349.506208966
3583,-15637220.009661222
3584,-4311115.673777387
3585,-4422752.790367885
3586,9803574.189832179
3587,-389230.8640067212
3588,3664603.8265783265
3589,-1075428.283291935
3590,3656067.120173973
3591,-728134.6239966673
3592,3055629.8758997745
3593,-2187033.867561537
3594,169935.47092870195
3595,3329147.218532762
3596,26706.68295706329
3597,-4287826.785234466
3598,5288570.284565802
3599,3944655.6174361706
3600,5353958.745498464
3601,-2137209.171911186
3602,-2806389.893771139
3603,-3315715.6241549836
3604,1367156.531268494
3605,-2949224.9796914114
3606,-299609.36563146056
3607,-888702.0035942184
3608,892876.3998299319
3609,-284009.66081866086
3610,-989028.6240065179
3611,-99876.21449395828
3612,-12786002.493983582
3613,7230162.832154328
3614,-1521222.1960621355
3615,-3317813.491600325
3616,-10164886.011638198
3617,2047456.5460392237
3618,2457582.9057161594
3619,-1058858.589473858
3620,4754404.656719842
3621,-88784.02586707109
3622,3311380.2813796657
3623,3312408.907868445
3624,2051653.4015734799
3625,-1462002.4532117886
3626,5117214.348847602
3627,2196349.503648312
3628,8365966.142924162
3629,4638948.739853005
3630,492668.76811587
3631,4104050.0116167897
3632,-1261001.702209181
3633,10069527.478138147
3634,-8354393.259162146
3635,3228467.1001078673
3636,3655533.9403524557
3637,1869063.1356484958
3638,-782195.908333711
3639,4190858.966146865
3640,207781.87637664122
3641,6571027.655049999
3642,-2657268.221418611
3643,6318855.466003789
3644,13690098.608030388
3645,2790205.660675633
3646,-1782561.9738561932
3647,-10093775.770803947
3648,1096248.817394883
3649,910883.3507494638
3650,9004498.93653027
3651,1542851.612283112
3652,238377.02509280984
3653,74219.7706618513
3654,10627761.370033318
3655,6211303.912171565
3656,1618765.007521358
3657,-3433752.746528239
3658,-3034526.027254104
3659,6360606.060823951
3660,-13866951.054426229
3661,2999424.9806069937
3662,3611188.096285343
3663,3503756.4124911963
3664,2651457.508232735
3665,8141785.653480333
3666,-231563.63403498038
3667,357648.1861888502
3668,255807.70449245448
3669,-2230518.371761387
3670,3285589.469816019
3671,-2399543.6890910207
3672,-2250981.1030628914
3673,3117332.734684913
3674,-2033733.7950884823
3675,6828815.189619161
3676,3644332.9446629398
3677,1274169.3432582857
3678,-8304890.928438602
3679,4592291.170855272
3680,6588055.0985815395
3681,2218885.8317096015
3682,-13834398.74101102
3683,2975830.262226198
3684,1202200.7927768491
3685,3756132.847290814
3686,-548738.7660380562
3687,6885720.546133553
3688,-397508.6268145981
3689,8360209.245016882
3690,-3199568.957845585
3691,7068557.918111068
3692,3485681.061675816
3693,3059805.7581935986
3694,-7178133.821336602
3695,9569395.94510814
3696,1083896.0727352712
3697,17639844.058650058
3698,-1601551.1152323664
3699,4710060.41408995
3700,2709726.226399811
3701,4390144.230671166
3702,3545368.504929997
3703,-433425.2465109426
3704,497418.0479045946
3705,-1827482.662715807
3706,1185848.1600193772
3707,4634308.364379515
3708,3012761.3270128835
3709,-127540.40402185409
3710,-3610832.1943982304
3711,5258644.135214831
3712,1879446.7105920315
3713,342058.81285850005
3714,-3995512.017533213
3715,-1957612.5222042114
3716,2708242.6111506345
3717,-2499397.3344964385
3718,-2629943.126545946
3719,-718753.2677966753
3720,5500708.047077989
3721,2938354.840131677
3722,4722316.186157245
3723,2250360.1826375644
3724,1811128.8376087225
3725,1894965.4517273195
3726,448645.82007817354
3727,12907279.314308668
3728,2084054.8466921349
3729,-4670856.432312314
3730,6964422.151234938
3731,8701089.858337855
3732,10621847.099420572
3733,-832683.7566371033
3734,3738034.128057795
3735,-1262410.6204092763
3736,4476609.9771366045
3737,416070.29088601173
3738,-12066755.999917334
3739,4693555.181370562
3740,1965683.2544435873
3741,7619846.265153741
3742,1803863.2052997653
3743,3772525.42948618
3744,-2258217.19609257
3745,5444224.590783061
3746,3488596.8656207337
3747,7456425.218477359
3748,884597.0921175119
3749,-734519.8895506233
3750,-11131829.805879213
3751,-12388520.494179465
3752,2848967.8248703755
3753,-5768220.612145559
3754,4632535.467097218
3755,7696919.92092411
3756,-10224698.624558952
3757,-1021163.6819435036
3758,-4109498.51526412
3759,3686018.719017647
3760,406377.81110521883
3761,1777550.5167231392
3762,3288277.8320840774
3763,3062405.7040545586
3764,4824761.588207925
3765,2686040.193428234
3766,4921349.556143635
3767,2274901.45178188
3768,7093884.20365496
3769,3814858.45432751
3770,2273857.4204071397
3771,837804.2671729937
3772,4601485.548716854
3773,6539948.421390112
3774,-189550.3352764592
3775,2166394.733762416
3776,223828.39562721504
3777,5194397.98309037
3778,-722153.5099534662
3779,9416251.095399836
3780,8125641.374032756
3781,664678.2514078652
3782,829509.3417026589
3783,-109063.2237983793
3784,6698907.248953294
3785,-17682.65929452004
3786,3133074.4842299405
3787,-4109148.946544548
3788,5201887.193889455
3789,8097177.588759324
3790,900702.4980802502
3791,2462489.514034894
3792,-3393813.880342341
3793,4082731.69907256
3794,-7200921.714136252
3795,3577637.2978555216
3796,7851420.856552015
3797,5225524.233745707
3798,-13088525.993793065
3799,3374893.012101162
3800,-3438322.661384429
3801,5596655.648925809
3802,-2020844.569396437
3803,4527990.942246382
3804,-3831086.603029892
3805,6568735.761737681
3806,-1442396.65456145
3807,5266646.907018842
3808,-2689444.2559387316
3809,-2614323.5476898802
3810,679441.9416057414
3811,6042152.379750439
3812,1767055.1385288634
3813,1307470.5822955233
3814,-3854250.5018549985
3815,6763084.04276347
3816,5142402.510525674
3817,1491296.00089152
3818,-2228358.090777919
3819,7045445.170653345
3820,518295.2523238864
3821,5838304.561098383
3822,1460879.2232065562
3823,-854289.19843935
3824,-667951.6660445516
3825,2260013.5429525347
3826,2275470.46461157
3827,6256270.542110589
3828,697027.8255734777
3829,-413894.99936696194
3830,125644.8463264613
3831,-899074.6648766054
3832,2693833.637933901
3833,-972266.7938014606
3834,-2048591.9924504522
3835,3153391.834974636
3836,2663111.749192604
3837,1836190.0557254925
3838,-8035220.958479276
3839,3168242.1236838526
3840,-4824697.983060686
3841,766937.8042755423
3842,11131681.700960848
3843,2192509.4087248826
3844,-1535081.3622378493
3845,4293418.533060063
3846,2088556.5414771475
3847,12261910.973358016
3848,-5463028.032273375
3849,2538458.4254684867
3850,-6292642.865811838
3851,5598608.344247447
3852,1214570.433052632
3853,8451025.462315932
3854,-5917534.819226733
3855,8483107.46718568
3856,-6058991.219643297
3857,9534930.692663569
3858,-5584279.217897076
3859,6593019.162557287
3860,-7170785.357666907
3861,1696023.5475970116
3862,-9135417.836443178
3863,8297343.043401232
3864,-4126682.0867521716
3865,1312677.3033682685
3866,7705506.515620892
3867,5665733.091476867
3868,3883433.108935109
3869,-6279246.030667579
3870,537056.2789021491
3871,-13957555.242347533
3872,8470827.987907488
3873,-2940175.0848101946
3874,-1516709.7956730607
3875,-3566497.9160140418
3876,3265410.2162180627
3877,3880629.6769954353
3878,-9877046.156088077
3879,-9677156.857868971
3880,-10676902.439528592
3881,-15997334.64255694
3882,376099.0889091966
3883,-3729173.493938259
3884,3599374.176519423
3885,3651331.5772813098
3886,-7126138.588038152
3887,-85784.32094345102
3888,-9975636.718992915
3889,1782186.5170318007
3890,-2223498.414330173
3891,5179149.071590113
3892,-5039791.23364594
3893,335412.32413851493
3894,-2851305.324281453
3895,10003289.320072507
3896,-14736529.919294065
3897,-2774853.4894847763
3898,682273.9779126963
3899,1863959.183434616
3900,-5517373.99466343
3901,5590547.856309173
3902,-561968.6180336233
3903,1432444.2969081798
3904,-4746434.646372693
3905,-8506725.627472918
3906,1068744.8481894932
3907,-3944471.783515754
3908,4917249.1315789865
3909,915439.3744919228
3910,1203932.98000914
3911,625280.0202310057
3912,7725567.056405932
3913,2384020.32294551
3914,-8716572.548179092
3915,2965389.301430197
3916,-2110994.7694409746
3917,-8997921.935751557
3918,-10676691.80947962
3919,-1202964.7119028154
3920,4587605.877809057
3921,-2015208.2756095454
3922,398821.81464688096
3923,374069.7056246396
3924,11061879.32968286
3925,-1128093.1623547212
3926,-1670990.0293390087
3927,862782.2691546015
3928,-6838522.626714502
3929,13699322.27848509
3930,1861254.4039337612
3931,68234.78952352102
3932,-2414546.0084194723
3933,-3488441.7551776185
3934,-4166058.9905105485
3935,-794554.8220997514
3936,-3413574.9038328775
3937,21019.83906121822
3938,-595925.7141416628
3939,9500840.468500536
3940,-10014538.639397565
3941,4637241.942426756
3942,1113354.3368007895
3943,-4584782.289693689
3944,-6132450.168166393
3945,-793410.7015055835
3946,-13480776.78545535
3947,5822767.386830465
3948,-15274501.968637269
3949,-442920.1318125222
3950,17324873.85735982
3951,2508093.606986254
3952,-5261193.937594233
3953,3710757.225878841
3954,612801.9896846556
3955,-9368775.771855047
3956,3089321.8764996985
3957,16480517.584883207
3958,2501097.8607402453
3959,-3538233.784268512
3960,-13534740.907444844
3961,-1528246.7280091185
3962,-4057863.03136779
3963,12666133.194142161
3964,-8050562.105193188
3965,-399610.5236708735
3966,-6603676.0121723
3967,3794299.1044389047
3968,-947997.1725887969
3969,6173538.473290661
3970,-15058701.891369756
3971,-711659.3257481378
3972,-4599705.654135026
3973,1598628.7999380908
3974,1722730.7548881061
3975,-1530758.170040391
3976,-391593.9623648465
3977,1493592.785083499
3978,3115965.1231416813
3979,7369362.789318621
3980,-2387106.291395615
3981,-6048348.476114841
3982,483729.72031269677
3983,-3551560.1833914756
3984,2838568.4054919994
3985,-13968141.707534973
3986,-6643242.1649640715
3987,4344887.001247371
3988,503146.96040182357
3989,38760.953183227495
3990,-8575519.207846193
3991,16013.651368590397
3992,4428344.619485479
3993,-7430478.265684362
3994,831803.0149567391
3995,-7762141.498022364
3996,3234947.8246872723
3997,16647990.808784176
3998,5378265.24320788
3999,-4906498.427273892
4000,-10672787.606232176
4001,-3647861.480516697
4002,590313.2661118841
4003,1260185.3952658842
4004,4706065.736019816
4005,-2533903.7290950073
4006,2458584.71116897
4007,3645338.662694119
4008,-4140712.6152876234
4009,5940242.294152592
4010,1266816.8112411336
4011,-14351008.941748217
4012,10656781.288727337
4013,1350386.1784329643
4014,18641.801721168544
4015,-10542434.407155039
4016,2662606.0671400917
4017,1608135.1776951202
4018,6391126.230288727
4019,-2981780.329642033
4020,-2950442.7140493738
4021,5520058.212434138
4022,2362103.8517643856
4023,-1652056.4114545912
4024,-10931859.872561224
4025,-127812.00405409824
4026,10188623.71446429
4027,-3376163.6369556645
4028,-3261446.773396101
4029,1575758.860879154
4030,-9121811.153895896
4031,-14859553.408026302
4032,-1639997.3598789684
4033,555267.432705288
4034,-608771.6370217936
4035,-3128066.1241404433
4036,-2745999.32406624
4037,4337006.3461154
4038,-9767312.633693028
4039,-13759826.171818972
4040,-4848449.059369294
4041,-622678.1291632957
4042,-9433566.88722178
4043,3535409.241607395
4044,16365643.515789907
4045,-2810415.548577076
4046,5443829.314494228
4047,14665383.969003836
4048,52934.95926843397
4049,-5486138.603491893
4050,3116496.266499191
4051,-12373520.748039937
4052,4426979.626481989
4053,3586517.4868274815
4054,37838.64706230266
4055,5242010.311705641
4056,-2672386.916637302
4057,-12083520.124433476
4058,3319303.2595918793
4059,-7892758.636316448
4060,897408.1637468716
4061,4040687.5781802945
4062,-8211283.871605094
4063,3605679.056444732
4064,-1368702.9075157982
4065,5040027.5208301535
4066,-10164580.052701492
4067,2721020.470296606
4068,-5664579.555625685
4069,-485606.4253266514
4070,1541375.5827849319
4071,301653.6772798733
4072,425634.31156900025
4073,-3924574.5332053057
4074,-3807262.78816825
4075,1602649.7887844208
4076,2259628.9997104653
4077,-990797.177734176
4078,-9470298.004572297
4079,-3398724.167280984
4080,-471552.6118994543
4081,-182951.61439426872
4082,1332123.2740706496
4083,-616480.229656787
4084,7535260.280433854
4085,5835637.30988931
4086,-8579274.483979197
4087,-1560357.89101853
4088,-3955535.4868775406
4089,8857616.954572653
4090,5202156.152501939
4091,1150374.0390806198
4092,3430419.113210319
4093,3321911.9455691283
4094,9026164.513224924
4095,-10248009.382512178
4096,-7290263.6012938665
4097,-2973419.459504924
4098,3192687.7786212354
4099,1961316.206511673
4100,3693279.8640599167
4101,3183745.275426947
4102,13978965.472155904
4103,-85596.33850299954
4104,-9436706.57717101
4105,7543254.579300253
4106,4179646.5182925193
4107,-2227541.6901709847
4108,6377855.66170574
4109,-722008.3322710551
4110,-2461307.6882324973
4111,-9573246.37633549
4112,1067069.8369021544
4113,-6682970.669817382
4114,6450021.1408809265
4115,-3649777.9546085494
4116,-2111386.9568187306
4117,7285495.508510962
4118,-1320998.1110668299
4119,-6290814.669440984
4120,-5949984.510810456
4121,-316810.5406229141
4122,-2593654.568054107
4123,-6499070.986129384
4124,-943281.1647625531
4125,-5812891.966130177
4126,-404914.2227685706
4127,1274356.8303285197
4128,-954932.2660894074
4129,2595474.673448695
4130,-3579545.8376654885
4131,3386800.1463213987
4132,-1680580.828265038
4133,1626361.1708035995
4134,-1434143.9690063675
4135,5464304.187685348
4136,3223302.125987975
4137,4320747.084061651
4138,-3661079.291236008
4139,3386089.637524148
4140,9167325.763202714
4141,6165364.537084537
4142,-4911700.902739804
4143,4051325.9217380276
4144,2712458.4485298726
4145,-3956877.5908834836
4146,-2805500.0761868465
4147,1381912.4757842757
4148,-1838495.9090612263
4149,9163183.069536958
4150,3494113.5266751186
4151,7578210.204953653
4152,-4357103.007349448
4153,1507982.801751676
4154,2202599.83801701
4155,12857563.407259045
4156,-4973345.791659558
4157,2746233.538981417
4158,-1634851.4113110264
4159,3574730.5127204964
4160,1123215.7166973343
4161,996034.9909979735
4162,-5607856.5626479965
4163,1380024.8063597153
4164,5446763.099518554
4165,8366839.911868602
4166,-823331.217932392
4167,-1004653.9413313216
4168,269678.7370569444
4169,-876824.1954274826
4170,5230742.934708121
4171,-3340294.9098661956
4172,-1883022.9633728801
4173,-582804.9524079285
4174,4079328.974459338
4175,1502779.0938947108
4176,-5595595.557622282
4177,-2403306.018140804
4178,2742946.119379234
4179,12566381.780503687
4180,762589.0379129058
4181,-7672228.815305486
4182,-218791.8175092403
4183,10119806.218136553
4184,6246424.016560291
4185,16716208.557836404
4186,5402233.682506033
4187,2698059.23133485
4188,4955110.787822796
4189,4223558.1902231155
4190,179468.79806931564
4191,-2026054.2389921844
4192,4978338.69371729
4193,2047992.614711611
4194,-4703827.853212779
4195,1655980.527502445
4196,-2557046.6807863177
4197,-4547604.123330394
4198,-4613677.994913503
4199,-3659861.3774814866
4200,7387169.914590885
4201,-5142733.670552977
4202,4117995.1491631567
4203,-3189147.41660906
4204,4561441.650396204
4205,-4273357.788449968
4206,5027001.802917324
4207,463825.5024024546
4208,3741938.0368330544
4209,-4688567.380169619
4210,9454501.298798833
4211,-1839450.6976508226
4212,7252762.577837186
4213,-3107494.5157572962
4214,802260.0616501594
4215,-2514948.1819867734
4216,4150887.850695128
4217,-2849697.272097585
4218,3538797.5840572612
4219,-2205323.3738283515
4220,3520382.2292243848
4221,1604202.1995847956
4222,4647713.058279688
4223,-212248.82398040383
4224,-4612555.996947245
4225,3786597.8057334907
4226,5922257.853612227
4227,3963747.9931704914
4228,-3246860.964291268
4229,1955873.1422277528
4230,402287.57934412605
4231,8175691.264976924
4232,1023421.345588369
4233,4820594.9433811875
4234,-1848353.6604532853
4235,7741691.9000686435
4236,-5110013.519353038
4237,9320092.946114317
4238,-3794253.408102706
4239,3379415.6652062014
4240,-2723738.3869212205
4241,4438594.554016325
4242,5769747.387043899
4243,-2886320.372505168
4244,5018746.140042188
4245,-3536584.626048355
4246,4677437.588369237
4247,705962.4612328883
4248,6552498.936604071
4249,-52780.766678231346
4250,-7218200.337580724
4251,7727796.302158107
4252,2391237.3401055834
4253,-1822923.5969312873
4254,2757153.9052990573
4255,5104739.332260558
4256,-2195760.2565007126
4257,10914383.045259554
4258,5688426.703401944
4259,-2825252.599125012
4260,10003459.076710863
4261,5583621.019581457
4262,2175291.12607351
4263,4392473.391063399
4264,237636.78976384053
4265,6156247.895352946
4266,12826972.78023968
4267,12112315.989021838
4268,-2702313.8740131045
4269,-90597.3693591841
4270,3615729.5797914625
4271,-1291734.8627878171
4272,2551334.4884440247
4273,-201293.9252977334
4274,3853373.3171060295
4275,-236913.61198303982
4276,8921643.99185698
4277,2829527.355603039
4278,3259938.232392884
4279,4849973.195465234
4280,8249065.109781611
4281,13097138.46089288
4282,2525632.148115548
4283,5938908.947247497
4284,-3204879.2355830977
4285,1987700.2107158527
4286,3939155.743783217
4287,8514009.984345986
4288,-1449561.7529150154
4289,7083276.565586068
4290,-2222793.941323522
4291,5294714.581322063
4292,7419221.299261382
4293,-899911.6333135454
4294,5853990.88827836
4295,2087330.9555625333
4296,894391.9469254029
4297,7462600.466699493
4298,-2046396.3693443388
4299,17659775.684672546
4300,4812042.454507703
4301,4425161.942649251
4302,113895.96019549915
4303,4645268.265005504
4304,-2980163.7751133144
4305,-10759331.031489583
4306,2798824.3083580383
4307,2529714.809002369
4308,200117.57527343524
4309,7914079.4163131835
4310,-3807462.7323357435
4311,-2806111.6169328936
4312,3761500.0261943685
4313,-5447043.83365654
4314,5431254.611896861
4315,1552579.69130427
4316,984790.4444169579
4317,-4635642.567402817
4318,427823.7205059243
4319,12275823.856964298
4320,9833790.62119848
4321,-5949922.876122421
4322,-8966185.54314014
4323,-258195.05427631392
4324,3581206.5668504885
4325,5885142.547377953
4326,-10618265.801995147
4327,-589680.181920693
4328,-7492037.127214964
4329,11214628.376323592
4330,5566178.064398351
4331,4654298.857995257
4332,-5080796.57994612
4333,5545809.298712386
4334,7510508.196736379
4335,11497102.354750028
4336,-4223080.098397164
4337,6120064.0170233
4338,744793.6565745961
4339,5906055.514799136
4340,5960872.197137253
4341,6292818.628036045
4342,-6224905.002342127
4343,5198766.900169423
4344,2295453.130200982
4345,-272577.13724457077
4346,-3055744.1073261136
4347,-3906313.475202811
4348,-2181789.170702137
4349,8873814.065312784
4350,6805607.261621851
4351,9835265.942255031
4352,-916895.5110485455
4353,7597129.039845687
4354,2928576.0563524133
4355,2107717.466270263
4356,2843743.8625784777
4357,-915015.6153865488
4358,-587612.7018653823
4359,5642968.815678961
4360,3879600.1433223085
4361,7275377.703869323
4362,1739034.7163638794
4363,6242345.81563482
4364,-339765.0182860506
4365,6034905.4190526735
4366,1350218.7531275111
4367,422631.60743578913
4368,2530637.580000582
4369,-3769663.844726462
4370,3500071.555694385
4371,-1972396.0950782741
4372,3101739.086744736
4373,-822975.1052691737
4374,-5375522.979385081
4375,-1684731.4891131166
4376,-7997447.030955173
4377,2116332.3986557224
4378,3178814.9191626124
4379,-5578294.392942455
4380,7310661.5943970885
4381,8685847.893287355
4382,-3879623.147523721
4383,3179158.112521741
4384,-8007682.213498704
4385,12564435.292248772
4386,-315588.8631290151
4387,-2544400.7348660342
4388,3542277.471541965
4389,-411684.5128824733
4390,1768876.0761810741
4391,-4356822.252083619
4392,2637333.592342941
4393,4700411.679224778
4394,-6164939.154016624
4395,7435230.139687194
4396,2442724.033258426
4397,1158248.2228517681
4398,10754036.521569284
4399,-12620761.86722863
4400,1034510.1658773482
4401,3969144.543607276
4402,11908939.723948902
4403,8656401.02674685
4404,-14334097.364133466
4405,-1062004.7671229723
4406,-1244379.1001864732
4407,10560862.461286249
4408,212890.40236880668
4409,-5785935.988149965
4410,-15158667.14111949
4411,719364.7132582557
4412,873422.6286486362
4413,4480229.12842101
4414,-7559862.50045297
4415,-11162863.598336667
4416,489563.2174979026
4417,4854322.569843427
4418,4927934.232501619
4419,1546319.779697402
4420,1426484.8986304863
4421,3538033.6788782463
4422,1455756.3505164478
4423,722777.9913641795
4424,-1258563.405609921
4425,-1291016.0755362771
4426,1687325.8505670386
4427,5324594.3008900415
4428,-6731142.6380903
4429,705618.1710342149
4430,1117681.6544350646
4431,3470125.2099893107
4432,4729705.654118641
4433,9218502.842352133
4434,2082019.98133507
4435,5376646.126560202
4436,-5850195.302064823
4437,6605329.718612144
4438,-1424007.4801378853
4439,3925240.678727696
4440,-1821533.361588901
4441,2020698.310332466
4442,6873597.325977239
4443,-9485626.136055676
4444,2855719.0597349694
4445,5769106.227829037
4446,151009.22426997946
4447,1868612.610032887
4448,5665342.397075287
4449,13015446.492857818
4450,5072443.488699315
4451,-5587846.800164459
4452,7624854.4563999055
4453,-12596199.058766523
4454,1544718.2291420656
4455,161971.5020434299
4456,-2384171.5696398555
4457,5538760.37009334
4458,-8045538.64363046
4459,5840502.92908342
4460,4657719.754841244
4461,3835003.628273071
4462,-4596407.891543872
4463,-7124640.6149839265
4464,6497540.343345219
4465,82360.29356780094
4466,-872363.215499012
4467,13240159.295759091
4468,6213762.951692513
4469,3846045.4292170703
4470,-1045624.761114165
4471,-5768424.202121461
4472,-6148814.280024873
4473,7026691.810520749
4474,3274938.495804659
4475,-4638081.446188138
4476,-6449760.132745918
4477,-8599231.252697129
4478,4778633.073597571
4479,-3314381.9547740254
4480,2611548.87834466
4481,2069258.0328438722
4482,-8138373.412124889
4483,7820559.005142173
4484,-1727005.068571052
4485,-5271093.426648537
4486,2360457.5688761254
4487,4571283.471443974
4488,-12758577.933321152
4489,3546960.1604952887
4490,5366919.037152813
4491,288636.6935043813
4492,-19348.94283617963
4493,4509153.340492239
4494,986367.0378560812
4495,3267639.0893132496
4496,-10620470.219523396
4497,4667572.732426583
4498,-3104767.242699026
4499,1710492.997508121
4500,4727855.448833025
4501,-5816593.287946793
4502,3524585.6729264
4503,-3933975.0818967046
4504,-307684.27781073714
4505,-3448384.8012767537
4506,1992431.6353186425
4507,-753585.2871470778
4508,2491089.2661350863
4509,-795416.6132730824
4510,6911671.465489814
4511,-3698392.430717635
4512,-7252971.978629453
4513,3086905.763097639
4514,-770415.7809512572
4515,5111652.950055137
4516,-7562156.004276305
4517,791717.8129041893
4518,-40945.19694265756
4519,-1400802.2118849112
4520,209992.09289695034
4521,-14641306.769219205
4522,-1080675.6244955612
4523,-4424456.161565358
4524,8220732.636432382
4525,-3325611.633688012
4526,212973.61600752678
4527,-1372333.3208040323
4528,-3491046.8824295355
4529,4455364.131170228
4530,-6344165.197828412
4531,-354858.9498885916
4532,-7243914.237072584
4533,6088368.600048781
4534,-9417351.485116744
4535,-4213770.0425278805
4536,2458106.3100820845
4537,-2240263.3749671048
4538,3263136.6727814972
4539,-7889575.823946181
4540,68970.9444290828
4541,1915223.2453435897
4542,6901231.174899938
4543,754344.5456190432
4544,2237409.6178989727
4545,16222031.189320391
4546,-11684982.770705841
4547,2171450.4629496867
4548,644740.911644717
4549,9852766.417467378
4550,-6181052.951872528
4551,-9557412.659642408
4552,2376860.185027907
4553,-2327493.1804904034
4554,-4028251.829843074
4555,-1155308.8812231482
4556,2319600.0732268626
4557,811812.8961579134
4558,6586911.890217131
4559,-6642316.022728836
4560,-3893790.6289958344
4561,-82758.87214065106
4562,6047117.382314355
4563,1388661.7719651847
4564,-14125253.673553089
4565,-2223266.6751609487
4566,-3198454.4891892085
4567,-180986.62744973804
4568,2787532.569237193
4569,992007.5276358925
4570,-4606398.607003698
4571,1202005.9896903285
4572,-11621621.873317173
4573,7010192.2416387
4574,560716.1779556118
4575,-8564648.561987208
4576,1734220.34099169
4577,3575755.5046295337
4578,4452624.629957133
4579,-3532055.9645424276
4580,-9731779.193790859
4581,-1589165.4014484987
4582,-2676976.3689666935
4583,4076488.0679134643
4584,-2029787.7804671265
4585,7435275.942407367
4586,3730144.459281306
4587,-10815096.608282648
4588,6891833.646018162
4589,889292.5550975567
4590,1638576.1957009034
4591,2729562.043618293
4592,-13391943.351326723
4593,1137119.6908743102
4594,-3090990.176682687
4595,4186725.50832759
4596,2210733.3031057017
4597,2091053.997248808
4598,8620698.895689446
4599,1865396.3021593213
4600,-6272127.265333181
4601,8535991.051960878
4602,-4236628.269601311
4603,1504791.2891476287
4604,-2816502.388951822
4605,-3005482.6668083854
4606,-2311527.6184272836
4607,7069540.856755167
4608,-9461089.887766808
4609,4255669.341165635
4610,1333074.8980793492
4611,-3899307.0386647684
4612,-13758038.898602942
4613,-1483776.777295938
4614,-3207916.7764382428
4615,-4695114.35300539
4616,7607233.197022689
4617,263586.5727845943
4618,-7068320.748714198
4619,6654964.578501441
4620,2480517.629668528
4621,1215297.3545924681
4622,4088878.914959304
4623,-3220778.7838982553
4624,6828718.827715973
4625,-6839658.788334603
4626,2666055.7674759757
4627,-2281647.466262804
4628,3749980.696369151
4629,1333184.227391341
4630,7470207.0847212225
4631,-9061897.570300829
4632,5294375.080593276
4633,8518885.127271196
4634,971417.6238329813
4635,3706960.195064198
4636,-15041676.335950013
4637,6678967.244548287
4638,7171978.243597589
4639,-6057903.981404249
4640,35257.16950699743
4641,-8954767.367217649
4642,2079264.8992075701
4643,-467971.8527096797
4644,2633614.0710098655
4645,-9546978.538728137
4646,6246742.045937775
4647,7365487.844693074
4648,-10402172.655588035
4649,517308.5732120536
4650,-9091485.089369027
4651,-47626.88320726352
4652,-697224.264146182
4653,5558928.939059434
4654,-5981960.129503273
4655,-328380.04586825497
4656,7053946.093499231
4657,2952231.302059994
4658,-1275039.7484785132
4659,-3391440.307294622
4660,15904025.409683455
4661,1769860.6686882067
4662,-13784904.281354357
4663,2956046.897334446
4664,-689505.8983893434
4665,1149158.884343616
4666,463788.9826473536
4667,357609.82481701317
4668,1440540.2297963053
4669,-2183728.0759723117
4670,738648.268532749
4671,-8605783.0382304
4672,4258256.407576108
4673,-15302131.58525676
4674,6478058.563154137
4675,-10172598.692683864
4676,2772754.4195232745
4677,-1272133.6335037672
4678,-362707.79877251235
4679,-602782.8518429599
4680,-10387915.36052218
4681,5193539.318606882
4682,200787.2485922884
4683,5010521.21175539
4684,7912144.556260565
4685,4637723.691387783
4686,2243236.067185747
4687,-8677553.902297672
4688,6232914.2647287
4689,1814568.5408364101
4690,-4793160.791840421
4691,-5482493.308329241
4692,2305276.144133619
4693,1613497.9070158945
4694,1715888.3078878094
4695,6624639.013927541
4696,4344193.939164139
4697,-2344824.8223800934
4698,-7213060.565083405
4699,-2044541.8968309767
4700,-6755512.6401914265
4701,2174071.450207885
4702,-309979.8507860885
4703,1816251.3087024156
4704,377050.7028094924
4705,1883324.9911419344
4706,16509335.166769827
4707,3941474.295352637
4708,1404763.9401060208
4709,2275813.937424868
4710,-14612414.778992817
4711,5558680.423108093
4712,2999897.1677014874
4713,-5083676.960430407
4714,1461673.4533303813
4715,-4673086.911020081
4716,6374006.170523463
4717,-11141709.318821292
4718,365262.8530546082
4719,-7746750.374336412
4720,1466022.9935987114
4721,-518871.1346641321
4722,-11166605.110158276
4723,1703789.6193886208
4724,1186091.9377105045
4725,11140310.285029138
4726,169514.50355681326
4727,2179253.098045024
4728,-3119146.604553334
4729,1911959.7706907778
4730,2485273.39844373
4731,-3308152.483394648
4732,5648730.609446632
4733,-6758117.863497617
4734,-2576407.590308084
4735,204462.9723454859
4736,5538262.491144954
4737,4636480.721599062
4738,2504044.977203939
4739,-2612570.4509911835
4740,2068894.2329120685
4741,4594130.29332546
4742,3835634.1044875807
4743,-1529838.548970875
4744,873299.8692847252
4745,-3435701.296371671
4746,6518801.818739258
4747,4146767.383283916
4748,-199212.32144756903
4749,-198393.43812456983
4750,-12387185.573724188
4751,3058630.789480395
4752,7159766.697488928
4753,-8942111.46509268
4754,2497785.4550333666
4755,-2341732.6379032233
4756,6872583.467834154
4757,-242550.60000887924
4758,182468.00198106497
4759,6371191.655448873
4760,2465304.4462482976
4761,1052533.9891749423
4762,-379053.055110159
4763,6165737.301860629
4764,2873773.6452903077
4765,-880717.8414875541
4766,-6293319.529834385
4767,7284147.484020149
4768,-130757.18613203662
4769,-4187506.9928797907
4770,2652348.1796284625
4771,-5239317.964016669
4772,6865920.667679897
4773,1636739.06171642
4774,10810873.536280511
4775,-1961860.1421925682
4776,95515.49945909549
4777,-5546786.120205412
4778,6363598.493578614
4779,-785327.9437642302
4780,2494074.64129423
4781,-3331648.575865004
4782,3612460.5225263746
4783,-3041569.2524845577
4784,5416674.559708593
4785,281056.6843847045
4786,6603934.340022389
4787,-1990322.4651460839
4788,4132531.211266704
4789,2920655.4692573114
4790,10098070.985819984
4791,2056477.9719849662
4792,4783402.213855873
4793,-2528636.8401981005
4794,12478967.728875833
4795,9353468.97649494
4796,3594250.746414469
4797,-125140.30960792564
4798,4802590.72067833
4799,-5675637.66231451
4800,10065708.662083156
4801,3513063.4173715687
4802,2028416.6043103766
4803,7830501.378414328
4804,16653309.716498058
4805,4846889.392651065
4806,768059.2002688204
4807,2002212.1805302151
4808,8971940.986645855
4809,4998737.470824149
4810,-1281506.0423935845
4811,4210628.6703081485
4812,-1470704.2975298723
4813,-313409.9359484487
4814,5120616.090550093
4815,-3268048.3208288066
4816,10046287.522395585
4817,1820727.4906362891
4818,-10549393.057538752
4819,3516573.012317552
4820,-1984763.2148943215
4821,-8861842.18528235
4822,1604342.8041151843
4823,3558302.7626078515
4824,6172544.5439133365
4825,8345099.595785782
4826,7101687.819354402
4827,-6000782.760710364
4828,9087992.837462492
4829,1361558.3207826926
4830,3026695.3740871185
4831,3724004.781594799
4832,802188.9738571618
4833,1386805.1267333452
4834,10842096.691370003
4835,4152662.622812406
4836,8972251.198457755
4837,3836238.672779596
4838,6174814.274643977
4839,3708059.2980888127
4840,7109566.496743222
4841,13400245.79451676
4842,4860842.379311515
4843,-193472.1179029233
4844,9222643.352498602
4845,-980829.5885863036
4846,8505975.478717234
4847,2090287.9373987871
4848,3906562.0383894206
4849,-1184217.7239856063
4850,2346894.1773223677
4851,10842296.77306403
4852,-5037787.188306762
4853,-2974176.4984731777
4854,-4447929.513807662
4855,-439095.7471722102
4856,1193651.4886922792
4857,6223503.786489042
4858,-9070314.535593979
4859,3420431.0868773805
4860,-587367.3412116992
4861,6578975.29632734
4862,4586870.567504713
4863,1229907.1153294076
4864,6149507.542261867
4865,1901299.4776900678
4866,6082989.950276266
4867,306533.0959885286
4868,4784874.158583315
4869,-2250574.6060410286
4870,6010956.26051853
4871,187411.20672494237
4872,11187615.55705561
4873,-4974119.420116745
4874,4792895.632271961
4875,2667041.8747745715
4876,-5365583.043002705
4877,4945330.420899048
4878,326901.80932531983
4879,7045295.956195372
4880,6188304.059401272
4881,8697349.496188156
4882,-1716307.984357216
4883,7961545.009049011
4884,-683362.9981540231
4885,6895164.827671638
4886,8004968.695770909
4887,5266441.902901993
4888,-1849348.0998884502
4889,8360550.82391412
4890,5402954.591078839
4891,13184220.28587066
4892,706025.9672943208
4893,974039.8195645241
4894,1959770.3734502816
4895,14222021.992864788
4896,9351224.59252145
4897,-1206579.481120742
4898,2806490.4872906017
4899,6448127.990862149
4900,6672609.881277846
4901,2996298.111990755
4902,954659.6411025993
4903,2144575.2803093093
4904,4701590.132373223
4905,5004015.006928118
4906,11667343.994781915
4907,412026.14185830136
4908,-862719.6536149213
4909,4319975.807483321
4910,4099626.057089829
4911,-8781868.926691731
4912,-278922.26195828343
4913,2473292.187942822
4914,-4665055.262344848
4915,7585719.863730542
4916,2285064.3467250057
4917,2954542.9136622236
4918,7742191.174011293
4919,6768313.808722185
4920,6076006.475135428
4921,-4217391.423581305
4922,7122969.450795308
4923,-1044429.4869993264
4924,8945221.921294667
4925,882813.9701311786
4926,8715408.582567569
4927,-1906505.1701652233
4928,4419838.018712064
4929,-7083774.503144382
4930,8529314.438809324
4931,-4335800.887502235
4932,3149991.879496365
4933,-926429.5536689039
4934,1264640.947221605
4935,712696.5351805475
4936,4320845.752850874
4937,-5868887.042884882
4938,-513389.68159945606
4939,-6003026.3705219235
4940,10032979.114156792
4941,4168124.893566468
4942,5948136.6663137255
4943,-475211.10967859643
4944,1378422.0230580685
4945,6562637.052976767
4946,4517708.286607828
4947,2313799.0137900272
4948,-2907768.0135110035
4949,6941594.820575016
4950,6119107.938247477
4951,4968207.407442102
4952,-124041.76867928817
4953,924513.050394747
4954,2576964.3364420915
4955,13892709.701233927
4956,4616410.906467049
4957,2070019.2253105112
4958,406695.0876254909
4959,2704439.001127432
4960,13251522.856813408
4961,-229895.76213756116
4962,2352995.988890415
4963,-30798.50946676163
4964,2040930.426004776
4965,15181460.367815012
4966,8001431.365191157
4967,-3767319.448990904
4968,-1666066.8154375635
4969,3672269.1074288534
4970,14995095.215556214
4971,7612793.5843376275
4972,2973080.3122990555
4973,-2867553.5320328083
4974,8066304.587460349
4975,6883699.542585838
4976,14023401.59080192
4977,-3737473.6198309273
4978,1608893.8151850463
4979,-4778229.824555749
4980,1656810.0177271108
4981,5475984.9732636595
4982,-3429208.9987098076
4983,6657468.014932095
4984,7170467.945137603
4985,12690389.854978237
4986,-9968185.703233693
4987,2593764.42906551
4988,-1047485.2691438494
4989,8431909.339283463
4990,3363197.373992309
4991,4163553.381063289
4992,-2186647.017062936
4993,6579080.311995183
4994,3298837.8804556024
4995,15870.958076685667
4996,-1319096.1372274403
4997,-7789025.753489937
4998,9585421.298610246
4999,-181728.0596900844
5000,3235007.0989197926
5001,-3454051.3879097863
5002,1449285.077856378
5003,3545324.1141621307
5004,3623279.065980637
5005,4078240.707600972
5006,10049106.902592503
5007,7407957.226855954
5008,-11645208.218426779
5009,5052903.137040364
5010,4458047.036502597
5011,3671492.6125064148
5012,3618683.2012810744
5013,1355074.719247886
5014,833250.5262673787
5015,6173113.8961521555
5016,5507116.553325005
5017,3211793.138159444
5018,4980188.573223634
5019,6540867.484844038
5020,5078031.916737663
5021,3512137.532989934
5022,-2651669.4552127295
5023,11373624.914578099
5024,6451455.40725589
5025,6595395.809708426
5026,1382605.2996019598
5027,2443815.5638320646
5028,3559514.1596692144
5029,8144597.117629605
5030,-690986.6613214487
5031,5472191.965889446
5032,12281132.414679429
5033,4126118.328571269
5034,4008066.358013467
5035,1597389.067859097
5036,5377914.326539902
5037,-3720872.8288942687
5038,12642463.052071149
5039,438059.743754747
5040,4626930.780251618
5041,-6851414.7364754435
5042,1753167.449404349
5043,3534911.2745944634
5044,10159260.374264538
5045,-10605310.333483418
5046,-190065.3857111352
5047,-3620662.300289315
5048,10531182.451754648
5049,-4770539.79162758
5050,2455181.759282342
5051,-10341632.516533801
5052,4868733.388791999
5053,-74045.99904554756
5054,-231962.5693286426
5055,2170070.102527206
5056,6193295.171898434
5057,799148.5679263026
5058,3105916.1729074405
5059,5553974.846770572
5060,5433981.021650805
5061,4394918.38600185
5062,4780109.328910761
5063,4137279.288024777
5064,6893750.72209008
5065,4324804.634330603
5066,-4745519.636482418
5067,1512785.6690900768
5068,4780748.4049109565
5069,14402277.554890435
5070,583367.6683230794
5071,3881356.6306135915
5072,-13668159.190625008
5073,1236847.7374903788
5074,4747084.16916476
5075,-3693566.4097352773
5076,-1146850.2211583343
5077,3287350.492700749
5078,13450172.660006976
5079,5051278.930875593
5080,5527664.305661731
5081,-2910946.0592888077
5082,5950503.732560436
5083,5152119.4504690645
5084,3643865.192801299
5085,2256554.88444126
5086,-4435602.048514243
5087,10176666.77508299
5088,13400935.93394854
5089,332360.25514498685
5090,7768143.129995404
5091,4604138.553609803
5092,4360000.683693976
5093,9284768.905187083
5094,299655.280972873
5095,7808161.074913435
5096,-3592087.1425703317
5097,13860648.842442561
5098,216893.47939408105
5099,11621325.555447796
5100,503192.5302291826
5101,5408991.299613936
5102,10653498.566280674
5103,1767594.8891828642
5104,2188563.5139392335
5105,-333736.8809449493
5106,9736024.222521607
5107,5774255.216900526
5108,-299446.87384734524
5109,2562257.329153544
5110,185275.3941975104
5111,-5806795.133559993
5112,4265391.099797002
5113,-1660944.6007544305
5114,-1224674.8046118028
5115,4502030.164487453
5116,682384.2199948633
5117,-4236941.286164818
5118,-2961745.146887305
5119,2880219.685701067
5120,5276203.979282589
5121,5434010.951154528
5122,-949244.9364410851
5123,1104958.4362478536
5124,6533799.518338103
5125,1406982.4952859664
5126,1860802.8481919698
5127,3670721.2787466994
5128,-3548144.74278524
5129,-1982263.7245046054
5130,-827572.7200382765
5131,11150562.982164571
5132,-3344213.3051900826
5133,4371123.179790491
5134,3332994.4512545904
5135,3877984.030128392
5136,3364348.782352601
5137,-6908224.678845711
5138,3969359.919685141
5139,2561826.7918450627
5140,-6000029.539352716
5141,5155619.452066477
5142,-2747037.511702549
5143,332727.2878384419
5144,4030538.0829549497
5145,-3300269.9499760373
5146,14532810.449014718
5147,8067251.038542168
5148,-5505814.1530735735
5149,3921739.6047223927
5150,-2371549.258252675
5151,817365.8443103584
5152,1730493.8763608902
5153,2483101.5916876914
5154,-1689683.8321060396
5155,4083731.668334854
5156,3873349.1162595684
5157,4331046.863082725
5158,4688185.109124584
5159,1518144.5272132582
5160,4477451.235487966
5161,-8043924.161596293
5162,5741963.05628601
5163,-878778.0037523725
5164,7007037.177892382
5165,6206071.92573614
5166,5927170.76068723
5167,6015548.275356321
5168,5147343.314396504
5169,5689906.36117831
5170,914582.9517204534
5171,2707756.250062642
5172,8855426.500581931
5173,4023978.2048708135
5174,1716293.3901051842
5175,2369401.3813644936
5176,-174450.36844457482
5177,5865570.336974726
5178,-7511871.286873055
5179,14216167.761583034
5180,2868633.630571141
5181,-954207.4684624048
5182,-15394025.400272205
5183,14302554.758235175
5184,-4188517.5419171536
5185,3907428.7269352763
5186,-4802473.993973785
5187,8509847.286427146
5188,1783580.3780387721
5189,2305986.189830766
5190,-2319751.6053983285
5191,4440473.763770889
5192,-9476112.261237793
5193,10197660.965843692
5194,-1351431.4428799762
5195,2441554.628393438
5196,-6076519.228940983
5197,5545713.257691662
5198,7758135.059674686
5199,6062416.064353688
5200,-4753302.802289593
5201,8180374.023575607
5202,1895396.5810690536
5203,-398927.7299465477
5204,8662580.642885463
5205,-3080899.583777956
5206,13189969.826669836
5207,10637057.78285424
5208,-5643105.798594855
5209,5032360.072895315
5210,4006723.306479553
5211,7722607.907200208
5212,2257266.6836576643
5213,-61093.513040757505
5214,3002299.8141781166
5215,60990.20172595233
5216,-6462718.912099598
5217,2064068.7814720261
5218,3297948.010595555
5219,14631859.861408021
5220,3947895.4381841132
5221,1155691.1097840532
5222,3022767.528653638
5223,1305886.0705847081
5224,1060667.4225244883
5225,-5359549.672320374
5226,2214237.830986806
5227,4260691.454578586
5228,4698744.081422367
5229,904080.1524737354
5230,-5289021.279530821
5231,2074544.2716641761
5232,12822.625417293795
5233,337623.0809658182
5234,3394129.706184826
5235,1092865.0145495208
5236,5115551.976666666
5237,2027325.4240854431
5238,-305927.96005707013
5239,6391691.207718691
5240,-2107118.872926642
5241,10311749.098654138
5242,-438845.0685420525
5243,7991079.332519268
5244,-2178119.4183254056
5245,5491774.300623038
5246,7142380.537337609
5247,4073130.162692354
5248,-3264396.3482918898
5249,8640059.645520534
5250,4817778.153284811
5251,-1765247.4959449791
5252,4326291.9767157575
5253,-494639.79781875777
5254,3308868.192587902
5255,3929703.7436585324
5256,4947516.372342871
5257,-7091492.205501047
5258,4667217.834961524
5259,1530001.7486306548
5260,13841478.421014775
5261,6646219.2661859915
5262,6873798.29160958
5263,-1837932.6896983117
5264,2460486.8476004614
5265,6648803.873625409
5266,7555442.384037425
5267,-3894728.687702825
5268,128739.58503121832
5269,110769.29880095436
5270,3208727.7636244604
5271,4196469.472135504
5272,-205990.96770006797
5273,281056.6804623531
5274,4216366.01268507
5275,2059442.420357413
5276,2716196.716479003
5277,3802816.7510657283
5278,2482740.9111020127
5279,3847355.087996912
5280,5272429.959679608
5281,10605602.599741979
5282,1258704.2211854744
5283,-657086.2744315646
5284,907108.3318698723
5285,5738794.229042946
5286,-1033541.5398509508
5287,3892576.2806764008
5288,-2858417.808381289
5289,1853364.359437776
5290,1890491.6510263863
5291,14836948.618956203
5292,-899942.2215627108
5293,1691038.6005025234
5294,-3872428.6047090963
5295,4760423.795682417
5296,-3403211.8494203105
5297,10294430.020592047
5298,-3202180.015557579
5299,5128893.697524972
5300,1902391.2216372981
5301,6009273.759305037
5302,127639.64932302064
5303,6420069.155146999
5304,-9116681.459707875
5305,17582360.336534485
5306,-6481955.10414705
5307,4832629.859008009
5308,-2248963.17586544
5309,1469877.4110922122
5310,2883661.251910997
5311,8308073.040291558
5312,-4388623.290386907
5313,4776145.646345588
5314,-14791911.494323831
5315,6333372.344426502
5316,-1911950.026776952
5317,4062101.3561898754
5318,1363277.0440358266
5319,5927338.649817149
5320,7863165.302076824
5321,-4849598.214911404
5322,8902780.756220637
5323,-503375.24512202817
5324,10949361.258115064
5325,5771113.442368401
5326,2694527.8015681393
5327,3855338.161511214
5328,1485090.1178884543
5329,944244.6621421741
5330,2063387.690823113
5331,2408802.4858515584
5332,6292389.948931029
5333,3177753.105252755
5334,8719133.04488816
5335,3259156.254247189
5336,3775533.7365494715
5337,-2030657.7816215926
5338,3481361.6524300827
5339,1937237.6068403397
5340,2490164.748849243
5341,-2779003.6473910226
5342,5481703.052480994
5343,1503762.067027588
5344,9458932.236928318
5345,4893906.468307229
5346,6578309.337071582
5347,-8171779.629532513
5348,6058063.653867558
5349,9389954.780551756
5350,-6579414.847557782
5351,2712921.8772743163
5352,424508.7961337244
5353,12740703.441710051
5354,-452597.3027462756
5355,-5158690.312606908
5356,-161348.76004978703
5357,2267794.278317461
5358,6406314.037571845
5359,-1753131.3483256064
5360,2812424.6383531163
5361,-1340321.1548373285
5362,3307754.0352667337
5363,8298042.329804462
5364,4190380.487581175
5365,-1549840.351147086
5366,8117974.391603956
5367,-3085573.2399857827
5368,321993.2564027291
5369,4064173.8639764735
5370,-6763160.161822371
5371,16417777.135368174
5372,17698068.46297725
5373,151923.24754555724
5374,4742456.80917116
5375,3373171.4491917184
5376,13008533.008118028
5377,4810405.721737268
5378,3283495.6567413956
5379,2709783.93448583
5380,4976578.254330484
5381,17132831.84236034
5382,5989549.820227014
5383,-3207873.8353548693
5384,3255021.9763216306
5385,4994109.766540078
5386,2272141.001770447
5387,5059717.311128577
5388,425259.7230734738
5389,5516063.05214815
5390,-4485389.872706709
5391,2639736.180041317
5392,16598633.403432673
5393,1591328.4495288837
5394,-3802656.084702381
5395,3808133.0756935524
5396,4911688.564139847
5397,7662460.01648766
5398,-5470054.975846947
5399,4402449.468898732
5400,-357278.72311391996
5401,1674386.5004458032
5402,-15035702.205269655
5403,8547569.893049508
5404,-9055095.420487938
5405,5065190.545233301
5406,688832.7393117173
5407,14950113.600758392
5408,765547.108464516
5409,1460137.0976789151
5410,4266638.670206429
5411,5266277.665931429
5412,-10537108.355823323
5413,1373157.4532507467
5414,1335562.5311968948
5415,3092506.607648444
5416,5933086.985188205
5417,-3131750.4145347606
5418,5669048.090297951
5419,6036040.626415778
5420,1771290.1143721999
5421,634549.6073589169
5422,3419412.8954883316
5423,-1750824.2021952174
5424,8910115.435652107
5425,7334743.779041819
5426,-1757526.3087968514
5427,5570512.981320873
5428,2779239.5869580247
5429,3745144.557752377
5430,10508045.005426891
5431,3283041.2433120986
5432,1968247.1863726943
5433,4848054.651043307
5434,9322720.32236269
5435,-4525996.52338631
5436,-1815117.6884395953
5437,1148549.0896648248
5438,7460072.682149744
5439,-12804410.210450483
5440,2072676.7549595325
5441,1139476.050651529
5442,2150958.6231902936
5443,1023355.0180726455
5444,15896818.346743625
5445,-98675.12920485772
5446,-625116.3679639606
5447,7050700.712237922
5448,2435646.4619761603
5449,-10059905.318677612
5450,10485661.737233672
5451,-205314.40021769557
5452,4898977.796985181
5453,-12080162.946455326
5454,8713147.909956235
5455,-10102155.429180104
5456,10406485.296315309
5457,-31378.220603584174
5458,4006794.0495762704
5459,4530664.23067629
5460,1218246.7747010146
5461,954344.7791290146
5462,2779219.220824788
5463,15180198.921991441
5464,-2383548.9265811713
5465,5738753.199266044
5466,7654375.245728212
5467,527943.7092184211
5468,3730378.147369934
5469,-2205790.7599094342
5470,5689445.483119424
5471,-9938026.46075091
5472,2984851.8739792975
5473,2885075.757888315
5474,4434410.972819296
5475,-961101.210831478
5476,4552480.059524693
5477,278450.3049333024
5478,-475920.1300051749
5479,1553556.7645691899
5480,-592894.3280823182
5481,10238533.63979664
5482,10064577.703654189
5483,3252008.3623028845
5484,1045238.9782405678
5485,6535087.521428348
5486,17786289.841351233
5487,8022933.102460584
5488,1832983.7383164
5489,346190.0806936977
5490,6386747.7319305
5491,6969665.767110886
5492,13426457.707336297
5493,1787444.484299542
5494,2483562.1569958655
5495,718030.3471060374
5496,-3161452.960197597
5497,4892908.562342913
5498,7252140.7270863475
5499,-8436483.544794414
5500,3338085.0848368285
5501,3235095.616819957
5502,9148863.722311433
5503,-7605444.500858466
5504,5910045.805003548
5505,-2376881.2337994147
5506,8379727.178868246
5507,-7025843.784269908
5508,5099501.091924471
5509,-9127410.602538882
5510,5067820.111812817
5511,3241310.9357948904
5512,-230516.44408381134
5513,6544504.0677641425
5514,-148068.54793973468
5515,9051717.472875759
5516,13521180.905656448
5517,6836720.105207647
5518,-1585504.1642093777
5519,4504176.241087368
5520,-3259371.6561486437
5521,7849375.771781171
5522,2570215.697851396
5523,-339360.752032154
5524,967208.4017309897
5525,6316415.91820316
5526,-15707502.642389242
5527,-12658092.32073057
5528,6452488.655723659
5529,2330048.7532487926
5530,12024758.95186093
5531,6692858.5617726715
5532,514293.3418792112
5533,935820.3976322461
5534,7349797.017164794
5535,-1685180.4943619221
5536,-8440992.768960552
5537,8828719.50367093
5538,-1105819.7046242054
5539,4686585.731863822
5540,2452578.5031425063
5541,4833816.5114279175
5542,4147045.827490259
5543,112850.62194497092
5544,700406.5384411784
5545,3604663.774376015
5546,-3339188.16557455
5547,361882.61873235286
5548,-680744.6686227135
5549,-9449388.74903733
5550,4060142.6606120444
5551,3381295.661435487
5552,4873358.451257765
5553,-1169269.876881653
5554,3169075.4455135996
5555,-448399.85244109685
5556,16426760.070742661
5557,-9058935.052038848
5558,5817864.575370962
5559,125093.92617888706
5560,2356282.972704008
5561,7203434.292030988
5562,8586308.656193633
5563,-4261519.020898627
5564,4654622.452149899
5565,-12800.99614126063
5566,6623971.847815517
5567,10502800.772252701
5568,-638187.5376290799
5569,5680757.398164721
5570,-4947891.28280334
5571,4543079.339841886
5572,-3054520.377411096
5573,2344644.2996265567
5574,-2244177.5104713673
5575,2240396.9900178732
5576,2893649.6539367014
5577,-312559.28640732425
5578,5880370.025648085
5579,2151956.4153244714
5580,11100549.255926125
5581,515905.2636521988
5582,5230409.0003894735
5583,853134.6029190675
5584,9506495.469268966
5585,15279360.388914585
5586,-1375483.4621221568
5587,728426.0012118632
5588,8170345.92688919
5589,55957.32099195793
5590,3110933.477853195
5591,-166843.1794832008
5592,-5431409.678682283
5593,481139.21068979055
5594,740754.0714828863
5595,9054772.18100122
